{
"type": "FeatureCollection",
"name": "edaww",
"crs": { "type": "name", "properties": { "name": "urn:ogc:def:crs:OGC:1.3:CRS84" } },
"features": [
{ "type": "Feature", "properties": { "Coord_X": 292956.0, "Coord_Y": 8891880.0, "Departamen": "Ancash", "Provincia": "Bolognesi", "Distrito": "Huallanca", "Perim_km": 121.801663121, "Area_SIG": 16612.326992800001, "AreaL_Ha": 16612.33, "Dpto": null, "Provincia_2": null, "Distrito_2": null, "Nombre": null, "Perim_km_2": null, "Coord_X_2": null, "Coord_Y_2": null, "AreaL_Ha_2": null, "Area_SIG_2": null, "OBJECTID": 2, "Area": 10370.322951, "Descrip": "Huasta-Pacllon-Mangas", "Perim_Km_3": 69.190986740100001, "Shape_Leng": 69190.986740099994, "Shape_Area": 103703229.51000001 }, "geometry": { "type": "MultiPolygon", "coordinates": [ [ [ [ -76.888983660682214, -10.093661961148495, 0.0 ], [ -76.891045435624605, -10.093650154969948, 0.0 ], [ -76.891150923303655, -10.111729368791485, 0.0 ], [ -76.891150923303655, -10.111729368791503, 0.0 ], [ -76.89115092330367, -10.111729368791503, 0.0 ], [ -76.891155714686278, -10.112549077039699, 0.0 ], [ -76.891208470141223, -10.11295535187827, 0.0 ], [ -76.89150386098693, -10.113165977609709, 0.0 ], [ -76.894046860909967, -10.11384185293648, 0.0 ], [ -76.895820361304402, -10.113589852646186, 0.0 ], [ -76.897589861310564, -10.113306602990626, 0.0 ], [ -76.898369111041674, -10.113271477535257, 0.0 ], [ -76.899712861086911, -10.113271477786025, 0.0 ], [ -76.900880860712434, -10.113306602845247, 0.0 ], [ -76.901943360719329, -10.113341852385288, 0.0 ], [ -76.902828111526688, -10.113624977676363, 0.0 ], [ -76.903429735920426, -10.114296852588787, 0.0 ], [ -76.90368928464946, -10.114852843082028, 0.0 ], [ -76.90392573561931, -10.115359352608509, 0.0 ], [ -76.904371111033825, -10.115124977379223, 0.0 ], [ -76.905919860925053, -10.115080103353646, 0.0 ], [ -76.908209182576115, -10.115568936526888, 0.0 ], [ -76.908462861058496, -10.11562310275036, 0.0 ], [ -76.91063286090251, -10.116212852572136, 0.0 ], [ -76.912613236226903, -10.117498102629336, 0.0 ], [ -76.913562485671022, -10.118244102788685, 0.0 ], [ -76.913791894906424, -10.118434937175824, 0.0 ], [ -76.914642611193301, -10.11914260292979, 0.0 ], [ -76.915267905657728, -10.119729304475182, 0.0 ], [ -76.915464860897643, -10.119914102943943, 0.0 ], [ -76.916521610991552, -10.118446977561607, 0.0 ], [ -76.917224323851656, -10.117847995211461, 0.0 ], [ -76.917373339595642, -10.117692094649287, 0.0 ], [ -76.917446236018691, -10.117596727409719, 0.0 ], [ -76.917981986229933, -10.116896227240995, 0.0 ], [ -76.918227611255688, -10.116185352563793, 0.0 ], [ -76.918114361068135, -10.115558727251067, 0.0 ], [ -76.918059610885976, -10.115254852387846, 0.0 ], [ -76.918072485738747, -10.114880102458402, 0.0 ], [ -76.918343860781206, -10.114319977975281, 0.0 ], [ -76.918855529698632, -10.113875792778249, 0.0 ], [ -76.918867679522648, -10.113835544906429, 0.0 ], [ -76.919348869060485, -10.113573635686462, 0.0 ], [ -76.920132471552733, -10.113429549268579, 0.0 ], [ -76.921117446003436, -10.113324149219283, 0.0 ], [ -76.921270208451418, -10.113223531540134, 0.0 ], [ -76.9213324859154, -10.113140477297689, 0.0 ], [ -76.921430985885394, -10.113009477433282, 0.0 ], [ -76.921751111921679, -10.111844602382076, 0.0 ], [ -76.921896735878235, -10.111072978020042, 0.0 ], [ -76.922246360787597, -10.110373977403855, 0.0 ], [ -76.922653860857949, -10.109456727618387, 0.0 ], [ -76.923512985617606, -10.108466602525668, 0.0 ], [ -76.924109985994662, -10.107680227409976, 0.0 ], [ -76.924837985936534, -10.106355227919581, 0.0 ], [ -76.925274861823226, -10.105947602375515, 0.0 ], [ -76.926556360828442, -10.105088478094308, 0.0 ], [ -76.927342485624862, -10.104462352643209, 0.0 ], [ -76.928594735888453, -10.103079103028543, 0.0 ], [ -76.9292353615552, -10.101754102859539, 0.0 ], [ -76.929715861204059, -10.100618352583357, 0.0 ], [ -76.93009448600742, -10.099977602794356, 0.0 ], [ -76.930851611162169, -10.09906035230601, 0.0 ], [ -76.931378861061631, -10.098753602813135, 0.0 ], [ -76.931652485552803, -10.098594353096566, 0.0 ], [ -76.931789533779821, -10.098569113022222, 0.0 ], [ -76.932271519170513, -10.098290712079603, 0.0 ], [ -76.933055550424456, -10.098226324262699, 0.0 ], [ -76.933531883631346, -10.097878750010304, 0.0 ], [ -76.933865737189095, -10.097254727846551, 0.0 ], [ -76.934244486405163, -10.096439352941882, 0.0 ], [ -76.934458610671271, -10.096074228065456, 0.0 ], [ -76.934637610538076, -10.095769602795935, 0.0 ], [ -76.934914110807668, -10.095463853014786, 0.0 ], [ -76.934944301472001, -10.095462591991453, 0.0 ], [ -76.935327175565135, -10.094665287993386, 0.0 ], [ -76.93578439815748, -10.09376571220437, 0.0 ], [ -76.936120350255806, -10.092767192379874, 0.0 ], [ -76.93613557907797, -10.091949933522379, 0.0 ], [ -76.936315635161961, -10.091789428957814, 0.0 ], [ -76.937609958907885, -10.092977688078095, 0.0 ], [ -76.93888429950691, -10.094185987484909, 0.0 ], [ -76.940520192322111, -10.095312430292886, 0.0 ], [ -76.941449416916655, -10.095984612436585, 0.0 ], [ -76.941441323758866, -10.096041060972306, 0.0 ], [ -76.941877235972186, -10.096109727811969, 0.0 ], [ -76.943188235934329, -10.096524977769423, 0.0 ], [ -76.943735681760643, -10.096733478026403, 0.0 ], [ -76.943695464403618, -10.090032750747346, 0.0 ], [ -76.907208255659597, -10.090245713184997, 0.0 ], [ -76.907121557527859, -10.075507972422965, 0.0 ], [ -76.888878405855948, -10.075600150567265, 0.0 ], [ -76.888983660682214, -10.093661961148495, 0.0 ] ] ] ] } },
{ "type": "Feature", "properties": { "Coord_X": 292956.0, "Coord_Y": 8891880.0, "Departamen": "Ancash", "Provincia": "Bolognesi", "Distrito": "Huallanca", "Perim_km": 121.801663121, "Area_SIG": 16612.326992800001, "AreaL_Ha": 16612.33, "Dpto": null, "Provincia_2": null, "Distrito_2": null, "Nombre": null, "Perim_km_2": null, "Coord_X_2": null, "Coord_Y_2": null, "AreaL_Ha_2": null, "Area_SIG_2": null, "OBJECTID": null, "Area": null, "Descrip": null, "Perim_Km_3": null, "Shape_Leng": null, "Shape_Area": null }, "geometry": { "type": "MultiPolygon", "coordinates": [ [ [ [ -76.875109782443801, -9.920594324475406, 0.0 ], [ -76.874793290117296, -9.921167508374767, 0.0 ], [ -76.874552345566158, -9.921670119095507, 0.0 ], [ -76.874511423639831, -9.921801244868545, 0.0 ], [ -76.874477273580467, -9.921904672084635, 0.0 ], [ -76.874403324221248, -9.922352652182347, 0.0 ], [ -76.87423923059373, -9.92282174756888, 0.0 ], [ -76.874142797376749, -9.922987535827348, 0.0 ], [ -76.873866258773404, -9.923243826362464, 0.0 ], [ -76.873692756528769, -9.923292978695329, 0.0 ], [ -76.873275496221751, -9.923253996857103, 0.0 ], [ -76.873032089894664, -9.923227875273803, 0.0 ], [ -76.872920662488596, -9.923194056211891, 0.0 ], [ -76.87257829006009, -9.923240986542847, 0.0 ], [ -76.872412121248189, -9.923345241540714, 0.0 ], [ -76.872129420609838, -9.923752983375168, 0.0 ], [ -76.871971744040124, -9.924132546936406, 0.0 ], [ -76.871834815965244, -9.924505124173148, 0.0 ], [ -76.871745284443534, -9.924650263084972, 0.0 ], [ -76.871697614849836, -9.924829520387348, 0.0 ], [ -76.871587515980593, -9.925029826211416, 0.0 ], [ -76.871327256740202, -9.92571289087293, 0.0 ], [ -76.871257834534219, -9.925883319083313, 0.0 ], [ -76.871231356013013, -9.926117601443698, 0.0 ], [ -76.871169670826944, -9.926269364859987, 0.0 ], [ -76.871100769083171, -9.926386817290082, 0.0 ], [ -76.871138088050827, -9.926841045776632, 0.0 ], [ -76.871098218734005, -9.927157937646033, 0.0 ], [ -76.871078395804687, -9.927343999399099, 0.0 ], [ -76.871065241134431, -9.927468011000373, 0.0 ], [ -76.871023952077678, -9.927550866685788, 0.0 ], [ -76.870996574750194, -9.92762677425244, 0.0 ], [ -76.870976099436831, -9.927681942473807, 0.0 ], [ -76.870810265646028, -9.927861857763375, 0.0 ], [ -76.870651609720284, -9.928069306884961, 0.0 ], [ -76.870533656510801, -9.928315579937459, 0.0 ], [ -76.870409502684922, -9.928481522450527, 0.0 ], [ -76.87016740805818, -9.928703177207726, 0.0 ], [ -76.869898611851326, -9.929103971199787, 0.0 ], [ -76.869732830400963, -9.929277106745522, 0.0 ], [ -76.869588187056422, -9.929511958242269, 0.0 ], [ -76.869415617767956, -9.929726353317665, 0.0 ], [ -76.86923662829301, -9.93003037111162, 0.0 ], [ -76.869099383620579, -9.930347806429005, 0.0 ], [ -76.869085318482476, -9.930504456863304, 0.0 ], [ -76.869205630944961, -9.93088246801269, 0.0 ], [ -76.869347330917392, -9.931349947540374, 0.0 ], [ -76.869340974431864, -9.931466959505437, 0.0 ], [ -76.869154702738626, -9.931709003275461, 0.0 ], [ -76.868927766336398, -9.932144096477812, 0.0 ], [ -76.868769849989761, -9.932482348915306, 0.0 ], [ -76.868639728285842, -9.932834185325749, 0.0 ], [ -76.868585516263934, -9.933082363451311, 0.0 ], [ -76.8685107654928, -9.933486775248687, 0.0 ], [ -76.868380578500648, -9.933811132056706, 0.0 ], [ -76.868319243097318, -9.934024907314601, 0.0 ], [ -76.868250651576048, -9.934197409991796, 0.0 ], [ -76.868259039229841, -9.93443836932874, 0.0 ], [ -76.868033272141176, -9.935079927202795, 0.0 ], [ -76.867950298285976, -9.935304942455909, 0.0 ], [ -76.867432619910147, -9.935954999067482, 0.0 ], [ -76.867164949197999, -9.936555570539785, 0.0 ], [ -76.867117275548537, -9.936734826039206, 0.0 ], [ -76.867049911802567, -9.937172103428916, 0.0 ], [ -76.866995348908233, -9.937358359107423, 0.0 ], [ -76.867002980751479, -9.937482253991558, 0.0 ], [ -76.867066830496839, -9.93769533103378, 0.0 ], [ -76.867021343549595, -9.938260130284741, 0.0 ], [ -76.867043466385525, -9.938414770939442, 0.0 ], [ -76.867092858228574, -9.938538432870489, 0.0 ], [ -76.867155914359159, -9.938627668139143, 0.0 ], [ -76.867220337768529, -9.938957808859584, 0.0 ], [ -76.867262564301896, -9.939040108136542, 0.0 ], [ -76.867479150826625, -9.939238592865944, 0.0 ], [ -76.867688339853132, -9.939354493459589, 0.0 ], [ -76.867905395036701, -9.939635599524811, 0.0 ], [ -76.867948862541581, -9.939775657702597, 0.0 ], [ -76.867922382339017, -9.94000994025367, 0.0 ], [ -76.867986532505483, -9.940291899547063, 0.0 ], [ -76.867975136244624, -9.94072569963055, 0.0 ], [ -76.867637346682031, -9.941230205838174, 0.0 ], [ -76.867506493358334, -9.941437498739475, 0.0 ], [ -76.867128597000658, -9.942217675509127, 0.0 ], [ -76.866984534162626, -9.942555849895262, 0.0 ], [ -76.866646878895381, -9.943389770221591, 0.0 ], [ -76.866509275958407, -9.943645283255899, 0.0 ], [ -76.866322488219794, -9.943797744548133, 0.0 ], [ -76.866059162432279, -9.943943851742734, 0.0 ], [ -76.86578173026389, -9.944062467052687, 0.0 ], [ -76.865192879244816, -9.944416861441802, 0.0 ], [ -76.864985249512912, -9.944576398320942, 0.0 ], [ -76.864612530929151, -9.945032914040537, 0.0 ], [ -76.864287901865509, -9.945399575289249, 0.0 ], [ -76.864077593275056, -9.945681709195718, 0.0 ], [ -76.863969084790739, -9.94616423475718, 0.0 ], [ -76.863914674921332, -9.946378061786419, 0.0 ], [ -76.863867675482908, -9.946660552077267, 0.0 ], [ -76.863883642203561, -9.947032275879264, 0.0 ], [ -76.863892133768076, -9.947307676863923, 0.0 ], [ -76.864019262749949, -9.947664950658773, 0.0 ], [ -76.86415290510557, -9.947932783545275, 0.0 ], [ -76.864257943605182, -9.948076747836422, 0.0 ], [ -76.864446739397323, -9.948261646821713, 0.0 ], [ -76.864643993979911, -9.948458974692839, 0.0 ], [ -76.864679045604589, -9.94851383235307, 0.0 ], [ -76.864644930540933, -9.948624219211684, 0.0 ], [ -76.864548578019395, -9.948790008032137, 0.0 ], [ -76.864521977451744, -9.949003588767734, 0.0 ], [ -76.864488644273862, -9.949251650612965, 0.0 ], [ -76.8644785204595, -9.949926449667336, 0.0 ], [ -76.864472918050538, -9.950160615070905, 0.0 ], [ -76.864432263304337, -9.950339833332409, 0.0 ], [ -76.864370363251155, -9.950470986499889, 0.0 ], [ -76.864232692623062, -9.950699019710967, 0.0 ], [ -76.864199084506694, -9.950898808231379, 0.0 ], [ -76.864102551886035, -9.951193868353041, 0.0 ], [ -76.864006588796741, -9.951428448131173, 0.0 ], [ -76.863682931659525, -9.951967316039333, 0.0 ], [ -76.863538628261665, -9.952264178357085, 0.0 ], [ -76.863305291215354, -9.952795673952275, 0.0 ], [ -76.863084954141328, -9.953175585402573, 0.0 ], [ -76.862924538412969, -9.953429236383029, 0.0 ], [ -76.862751773365034, -9.953595449127512, 0.0 ], [ -76.862523998272209, -9.953885816505904, 0.0 ], [ -76.86231036871034, -9.954210637165236, 0.0 ], [ -76.862069540103107, -9.954659547868403, 0.0 ], [ -76.862049608223828, -9.954811168824536, 0.0 ], [ -76.862072388527565, -9.955162154909713, 0.0 ], [ -76.861948590595688, -9.955538002514915, 0.0 ], [ -76.861886819513145, -9.955676115675089, 0.0 ], [ -76.861764643288268, -9.956193159365673, 0.0 ], [ -76.861710074658333, -9.956379325614307, 0.0 ], [ -76.861641374293072, -9.95651747647171, 0.0 ], [ -76.861621429876635, -9.956682838432453, 0.0 ], [ -76.861498510738556, -9.957069078131589, 0.0 ], [ -76.861416522971965, -9.957324280738996, 0.0 ], [ -76.861333987062153, -9.957483120046904, 0.0 ], [ -76.861111865967857, -9.957597357526177, 0.0 ], [ -76.860602725216452, -9.957765804884207, 0.0 ], [ -76.860207757926503, -9.957871510482581, 0.0 ], [ -76.859843858170763, -9.957956341815715, 0.0 ], [ -76.85952080798593, -9.957896035510219, 0.0 ], [ -76.859280774008852, -9.957793863278591, 0.0 ], [ -76.858914737946435, -9.957469012162022, 0.0 ], [ -76.858690627177182, -9.957167329077693, 0.0 ], [ -76.858244069618436, -9.956873752530267, 0.0 ], [ -76.857995043444561, -9.956680777105554, 0.0 ], [ -76.857530046677539, -9.956367595385609, 0.0 ], [ -76.857070044673932, -9.956018223787208, 0.0 ], [ -76.856798093424345, -9.95580232326769, 0.0 ], [ -76.856599908497628, -9.955731013195431, 0.0 ], [ -76.856276743589603, -9.955650001142093, 0.0 ], [ -76.85607844132916, -9.955557900937725, 0.0 ], [ -76.855837474974734, -9.955290117934803, 0.0 ], [ -76.855606994264392, -9.95502227646306, 0.0 ], [ -76.855251093159822, -9.954682630249209, 0.0 ], [ -76.854853089024914, -9.95425010402483, 0.0 ], [ -76.854152595807747, -9.953715838211346, 0.0 ], [ -76.853515089400858, -9.95327424317045, 0.0 ], [ -76.852751906460256, -9.952698827083452, 0.0 ], [ -76.852072067630772, -9.952122947917671, 0.0 ], [ -76.851716288935805, -9.951803997002006, 0.0 ], [ -76.851109890276675, -9.951331215229949, 0.0 ], [ -76.850413411413129, -9.950584567002769, 0.0 ], [ -76.850130699746458, -9.95028591222175, 0.0 ], [ -76.849837851747253, -9.950049508442715, 0.0 ], [ -76.849597010117236, -9.949802419580706, 0.0 ], [ -76.849408499883069, -9.949586049624168, 0.0 ], [ -76.849053194153569, -9.949349899087444, 0.0 ], [ -76.84879092376039, -9.948989114318179, 0.0 ], [ -76.848561004033797, -9.948835077542313, 0.0 ], [ -76.848425107845728, -9.948732319990436, 0.0 ], [ -76.847762241866747, -9.948399510865077, 0.0 ], [ -76.847605758282086, -9.948348667626448, 0.0 ], [ -76.847459352301456, -9.948225265709565, 0.0 ], [ -76.84731248054274, -9.948018968985384, 0.0 ], [ -76.847102943868094, -9.947792407634697, 0.0 ], [ -76.846957002680867, -9.947751809761966, 0.0 ], [ -76.846769567704627, -9.947742538188921, 0.0 ], [ -76.846561283825324, -9.947722986352399, 0.0 ], [ -76.846164518968521, -9.9475077637853, 0.0 ], [ -76.845746234770502, -9.947178843795024, 0.0 ], [ -76.845411755848971, -9.946932267712672, 0.0 ], [ -76.845181954181228, -9.946798929386658, 0.0 ], [ -76.844890306192923, -9.946759134312581, 0.0 ], [ -76.844609286233165, -9.946760684317534, 0.0 ], [ -76.844187577793292, -9.946747459873054, 0.0 ], [ -76.844100479738813, -9.946874591072085, 0.0 ], [ -76.843855455853443, -9.947506576089051, 0.0 ], [ -76.843205197613599, -9.94906378469326, 0.0 ], [ -76.842531548690573, -9.95058098351147, 0.0 ], [ -76.841989772984334, -9.95189107169881, 0.0 ], [ -76.841703615457803, -9.952408654444357, 0.0 ], [ -76.841405068082111, -9.952765754479353, 0.0 ], [ -76.840773075626487, -9.953468664327032, 0.0 ], [ -76.840129573046298, -9.954217380127249, 0.0 ], [ -76.839619962546593, -9.95508586294571, 0.0 ], [ -76.838784047206929, -9.95651797987057, 0.0 ], [ -76.8382449789937, -9.95728917147734, 0.0 ], [ -76.837683495777711, -9.95822682277463, 0.0 ], [ -76.836606951583221, -9.960055856926989, 0.0 ], [ -76.83662995234441, -9.961070480022316, 0.0 ], [ -76.836750834116458, -9.962009984004238, 0.0 ], [ -76.836806108420603, -9.962583002921029, 0.0 ], [ -76.83679568761994, -9.96280662157551, 0.0 ], [ -76.836597285374992, -9.963495663638888, 0.0 ], [ -76.836210017914283, -9.964541199551052, 0.0 ], [ -76.835982617177194, -9.965230400163065, 0.0 ], [ -76.835869781586581, -9.965729762108763, 0.0 ], [ -76.835802440651591, -9.966097069586745, 0.0 ], [ -76.835614017916569, -9.966516661525947, 0.0 ], [ -76.835264128933503, -9.967023112613491, 0.0 ], [ -76.834873007730792, -9.967380718123209, 0.0 ], [ -76.834417879232163, -9.967658398976795, 0.0 ], [ -76.834159387086032, -9.967957960973878, 0.0 ], [ -76.833884274579219, -9.968383724156389, 0.0 ], [ -76.833728706903258, -9.968482031434503, 0.0 ], [ -76.833220894203137, -9.968633891402671, 0.0 ], [ -76.832944594260724, -9.968847488670285, 0.0 ], [ -76.832795694196136, -9.969094830269142, 0.0 ], [ -76.83259052145732, -9.969634836811657, 0.0 ], [ -76.832340135720102, -9.970341429716356, 0.0 ], [ -76.832097586446366, -9.971454966403522, 0.0 ], [ -76.831992949883215, -9.97237853418296, 0.0 ], [ -76.831853955931805, -9.973371087583496, 0.0 ], [ -76.831639595978999, -9.974324006708233, 0.0 ], [ -76.831339250490288, -9.97540911212263, 0.0 ], [ -76.831181259070661, -9.976086630732787, 0.0 ], [ -76.832066479119106, -9.976219361267589, 0.0 ], [ -76.832882779911046, -9.976421264079439, 0.0 ], [ -76.833670658775901, -9.976726466101114, 0.0 ], [ -76.834051778109725, -9.977676112907263, 0.0 ], [ -76.834326191040844, -9.97816756024144, 0.0 ], [ -76.834856184734889, -9.978864077159356, 0.0 ], [ -76.835200602647717, -9.979446985579363, 0.0 ], [ -76.835556549544421, -9.980052791124729, 0.0 ], [ -76.836219728694047, -9.980788708997801, 0.0 ], [ -76.83540288047503, -9.982558916213234, 0.0 ], [ -76.835089772023792, -9.983414926854424, 0.0 ], [ -76.834780720314313, -9.984018607778227, 0.0 ], [ -76.834217252451097, -9.984560588452212, 0.0 ], [ -76.833947201322076, -9.984866001706203, 0.0 ], [ -76.833996709353016, -9.985450442954471, 0.0 ], [ -76.833990998039184, -9.986482399457557, 0.0 ], [ -76.83382091916252, -9.987085316104453, 0.0 ], [ -76.833444664440648, -9.988033431175328, 0.0 ], [ -76.833142685032655, -9.988826280571558, 0.0 ], [ -76.83311159794934, -9.989479960536865, 0.0 ], [ -76.833273725464153, -9.990551132872628, 0.0 ], [ -76.833215620215199, -9.991526063954048, 0.0 ], [ -76.833059149911634, -9.992507413564921, 0.0 ], [ -76.832802952502917, -9.993219645719741, 0.0 ], [ -76.83251896472153, -9.994115635482352, 0.0 ], [ -76.832357965511903, -9.995314694568762, 0.0 ], [ -76.832102992017852, -9.997288193606444, 0.0 ], [ -76.831965445078509, -9.998538743275441, 0.0 ], [ -76.831814489497205, -9.999674828344375, 0.0 ], [ -76.83115432100081, -9.999483556817808, 0.0 ], [ -76.830383550433467, -9.999149515403548, 0.0 ], [ -76.829351796831389, -9.998673620162688, 0.0 ], [ -76.82886996657902, -9.998326596444027, 0.0 ], [ -76.828562072517101, -9.998064586917215, 0.0 ], [ -76.828709735650691, -9.997593601097998, 0.0 ], [ -76.828748656614422, -9.997312510395719, 0.0 ], [ -76.828757930618522, -9.996899688519859, 0.0 ], [ -76.828594003293645, -9.996516473852457, 0.0 ], [ -76.828280179180226, -9.996237230365935, 0.0 ], [ -76.827967086992317, -9.996072702885677, 0.0 ], [ -76.827556647056909, -9.996080740460181, 0.0 ], [ -76.825723542555508, -9.992874500453686, 0.0 ], [ -76.825541262970319, -9.992898924896268, 0.0 ], [ -76.825263056324914, -9.992843331106103, 0.0 ], [ -76.825216735864032, -9.993074227666467, 0.0 ], [ -76.82477923593575, -9.994150352761578, 0.0 ], [ -76.824261735657856, -9.994548852888855, 0.0 ], [ -76.823583860446064, -9.995224602926486, 0.0 ], [ -76.823265610923883, -9.995623102530027, 0.0 ], [ -76.823027360597749, -9.996298853067161, 0.0 ], [ -76.823066361262988, -9.997572227373603, 0.0 ], [ -76.823185485761698, -9.998488227555834, 0.0 ], [ -76.823505860882761, -9.999365228101258, 0.0 ], [ -76.824419861110144, -10.001037102776323, 0.0 ], [ -76.824341735830416, -10.001632852442848, 0.0 ], [ -76.824261735731042, -10.002468727414961, 0.0 ], [ -76.824021485784243, -10.004062352398334, 0.0 ], [ -76.824021485488359, -10.00561310283029, 0.0 ], [ -76.824400361287488, -10.007855477860138, 0.0 ], [ -76.824843736004226, -10.00840035306752, 0.0 ], [ -76.824976610451927, -10.008765477356569, 0.0 ], [ -76.825027361267246, -10.009232477405437, 0.0 ], [ -76.824747985775474, -10.009910102658463, 0.0 ], [ -76.824046860984183, -10.010998103135949, 0.0 ], [ -76.823736360868352, -10.011833977332083, 0.0 ], [ -76.823835986012341, -10.012874977709529, 0.0 ], [ -76.823935486285791, -10.013568352700879, 0.0 ], [ -76.823984486199038, -10.014261728132682, 0.0 ], [ -76.823835985953053, -10.015353477805157, 0.0 ], [ -76.823242235619077, -10.017037102729207, 0.0 ], [ -76.821556610742107, -10.019367227286354, 0.0 ], [ -76.820218736014297, -10.019962978119349, 0.0 ], [ -76.818333986563815, -10.020507852745578, 0.0 ], [ -76.816896485468902, -10.021249977663722, 0.0 ], [ -76.815806735446088, -10.021994227933522, 0.0 ], [ -76.815212862167911, -10.022539102822815, 0.0 ], [ -76.814964861145114, -10.023431602304033, 0.0 ], [ -76.814964860511367, -10.024124977476948, 0.0 ], [ -76.815113110723743, -10.024769477653265, 0.0 ], [ -76.81541011046572, -10.025214852336838, 0.0 ], [ -76.815261735910127, -10.025958978087189, 0.0 ], [ -76.814816361068196, -10.027199227978535, 0.0 ], [ -76.813972611109008, -10.028982477271509, 0.0 ], [ -76.813715018883741, -10.02971273837052, 0.0 ], [ -76.813675735762047, -10.029946164124123, 0.0 ], [ -76.813675735740929, -10.031113228119843, 0.0 ], [ -76.81357611110522, -10.032095602426391, 0.0 ], [ -76.813279235801716, -10.033433602876638, 0.0 ], [ -76.813626986210224, -10.034027352472538, 0.0 ], [ -76.813527361221986, -10.034820477742075, 0.0 ], [ -76.813279235984538, -10.035564477487434, 0.0 ], [ -76.812416734146481, -10.037427257542271, 0.0 ], [ -76.811762448839929, -10.039347944590004, 0.0 ], [ -76.811493305603037, -10.040942800594157, 0.0 ], [ -76.811364877166866, -10.041758165565167, 0.0 ], [ -76.811304712916282, -10.044034841798149, 0.0 ], [ -76.811445360981011, -10.044833977421598, 0.0 ], [ -76.811693360548659, -10.045378727324637, 0.0 ], [ -76.811990235669413, -10.04582422761392, 0.0 ], [ -76.812040986224886, -10.04651760296294, 0.0 ], [ -76.811990235549317, -10.047609352486203, 0.0 ], [ -76.811941360447051, -10.048103602947744, 0.0 ], [ -76.812040985610153, -10.048499977419105, 0.0 ], [ -76.812326110749453, -10.049212852806637, 0.0 ], [ -76.812290985913194, -10.049929727807452, 0.0 ], [ -76.812156236177785, -10.050535227645279, 0.0 ], [ -76.812007236075772, -10.050893102955193, 0.0 ], [ -76.812005861101639, -10.050896477980011, 0.0 ], [ -76.811644485540398, -10.051455102792435, 0.0 ], [ -76.810986360983648, -10.051986353029292, 0.0 ], [ -76.810455110641115, -10.052431602690225, 0.0 ], [ -76.809966735782922, -10.052941227314333, 0.0 ], [ -76.809804987079843, -10.052988255934293, 0.0 ], [ -76.809561670843493, -10.053036010805791, 0.0 ], [ -76.809259435467808, -10.053158367319048, 0.0 ], [ -76.809060508994179, -10.053326583981608, 0.0 ], [ -76.809024860988345, -10.053654848003646, 0.0 ], [ -76.809026014593854, -10.053862206209333, 0.0 ], [ -76.809046128642208, -10.054109695702747, 0.0 ], [ -76.809228850400842, -10.054396531402084, 0.0 ], [ -76.809519952422477, -10.054639547668252, 0.0 ], [ -76.810058610440905, -10.055058602858534, 0.0 ], [ -76.810615235459821, -10.055312477791182, 0.0 ], [ -76.811289235883223, -10.055568352717826, 0.0 ], [ -76.811915985657791, -10.056126977577497, 0.0 ], [ -76.812728485606826, -10.056824227584745, 0.0 ], [ -76.812915985868869, -10.057380852813136, 0.0 ], [ -76.813031235645425, -10.05821685255218, 0.0 ], [ -76.813031235615725, -10.058937478083056, 0.0 ], [ -76.812845735903196, -10.060261852403817, 0.0 ], [ -76.812683610566665, -10.06163285312881, 0.0 ], [ -76.812404236239161, -10.062607477867902, 0.0 ], [ -76.811734360706552, -10.064189477790952, 0.0 ], [ -76.811646486201042, -10.065554727418755, 0.0 ], [ -76.810978485792845, -10.067414103089048, 0.0 ], [ -76.810339861235619, -10.068285103115977, 0.0 ], [ -76.810185486087846, -10.069212852837964, 0.0 ], [ -76.810140736137797, -10.070119102957316, 0.0 ], [ -76.8104589863093, -10.070708977718619, 0.0 ], [ -76.811456985689048, -10.071027352526164, 0.0 ], [ -76.812410110578625, -10.071572227863445, 0.0 ], [ -76.812455110737773, -10.072206977879294, 0.0 ], [ -76.811865235655645, -10.07325010289618, 0.0 ], [ -76.811183485805614, -10.075519477758846, 0.0 ], [ -76.810867236243894, -10.07647072751824, 0.0 ], [ -76.810232360765497, -10.077650352248487, 0.0 ], [ -76.808871111084684, -10.07955660247875, 0.0 ], [ -76.807736235925631, -10.081007852583532, 0.0 ], [ -76.80750973605312, -10.081734352402622, 0.0 ], [ -76.807249985684095, -10.083796852760145, 0.0 ], [ -76.807261735993876, -10.084001977407697, 0.0 ], [ -76.807236360491501, -10.084169978009898, 0.0 ], [ -76.807171860526523, -10.084363228054878, 0.0 ], [ -76.807189485554645, -10.084478477361278, 0.0 ], [ -76.807337860469175, -10.084601602652956, 0.0 ], [ -76.80842186074554, -10.084845727509812, 0.0 ], [ -76.810435611003129, -10.085021477263195, 0.0 ], [ -76.812306485890133, -10.08502147799665, 0.0 ], [ -76.813617235427643, -10.084648477476323, 0.0 ], [ -76.815523611677278, -10.085001103010759, 0.0 ], [ -76.816137792321271, -10.08511239966974, 0.0 ], [ -76.8180138592829, -10.084491508006781, 0.0 ], [ -76.817915694056737, -10.066940340066369, 0.0 ], [ -76.827037292039421, -10.066890061082864, 0.0 ], [ -76.872644831380839, -10.066635075820399, 0.0 ], [ -76.87267787582735, -10.0723636085773, 0.0 ], [ -76.879737510072914, -10.072323526522434, 0.0 ], [ -76.879685178400621, -10.063283886771456, 0.0 ], [ -76.888806444702183, -10.063231922431109, 0.0 ], [ -76.888878405855948, -10.075600150567265, 0.0 ], [ -76.907121557527859, -10.075507972422965, 0.0 ], [ -76.907208255659597, -10.090245713184997, 0.0 ], [ -76.943695464403618, -10.090032750747346, 0.0 ], [ -76.943735681760643, -10.096733478026403, 0.0 ], [ -76.944334986145293, -10.09696172769676, 0.0 ], [ -76.945645361133572, -10.097562352534567, 0.0 ], [ -76.945718235686641, -10.098290477538145, 0.0 ], [ -76.945991236240033, -10.099073103051305, 0.0 ], [ -76.94670098622376, -10.099728352644126, 0.0 ], [ -76.947319860512678, -10.100401727260261, 0.0 ], [ -76.948539360748725, -10.101293603007049, 0.0 ], [ -76.949958985818071, -10.102094352249177, 0.0 ], [ -76.950668860982049, -10.102658602918623, 0.0 ], [ -76.951032861725736, -10.103277477617707, 0.0 ], [ -76.951269486043955, -10.104005477779339, 0.0 ], [ -76.951634235949854, -10.105127977833728, 0.0 ], [ -76.952306985950386, -10.106244227577518, 0.0 ], [ -76.952700360976024, -10.106897102542517, 0.0 ], [ -76.953131985915363, -10.107613477826403, 0.0 ], [ -76.953347736621623, -10.107971352261101, 0.0 ], [ -76.954108861195863, -10.108246352371047, 0.0 ], [ -76.955237235885704, -10.108482977684924, 0.0 ], [ -76.956128610788269, -10.108760102715465, 0.0 ], [ -76.956689111638553, -10.10893447732856, 0.0 ], [ -76.957585235450551, -10.108610352500776, 0.0 ], [ -76.959314236105072, -10.10766385312448, 0.0 ], [ -76.960442735805984, -10.107154227695727, 0.0 ], [ -76.96115261141783, -10.106590102288665, 0.0 ], [ -76.96158936109795, -10.10591660267273, 0.0 ], [ -76.961643986469312, -10.105024727726361, 0.0 ], [ -76.961698611231569, -10.102440228006428, 0.0 ], [ -76.961718235561804, -10.101510602690569, 0.0 ], [ -76.961625860467649, -10.100092352408806, 0.0 ], [ -76.961716861756244, -10.099091228090993, 0.0 ], [ -76.962044486156799, -10.09787185296892, 0.0 ], [ -76.962572236147111, -10.096215477427188, 0.0 ], [ -76.962335610791058, -10.09492322796603, 0.0 ], [ -76.962608611570317, -10.093412602513613, 0.0 ], [ -76.963081861262268, -10.092338727894035, 0.0 ], [ -76.963591486534526, -10.091046478023236, 0.0 ], [ -76.963895706489751, -10.089921493929687, 0.0 ], [ -76.961941021255043, -10.089933124648914, 0.0 ], [ -76.961940972332954, -10.089924745309093, 0.0 ], [ -76.961938763081932, -10.089924758447962, 0.0 ], [ -76.961774767548789, -10.062807165363431, 0.0 ], [ -76.943532991449331, -10.062914861595063, 0.0 ], [ -76.943498730571278, -10.057186653466934, 0.0 ], [ -76.93643959736184, -10.057228036111699, 0.0 ], [ -76.936173499756592, -10.01239676310723, 0.0 ], [ -76.936148780044917, -10.012357804159318, 0.0 ], [ -76.933770931305418, -10.012438172369222, 0.0 ], [ -76.933536057879905, -10.00560707450701, 0.0 ], [ -76.933494398785143, -10.005610108173826, 0.0 ], [ -76.933361275862026, -10.003812673082624, 0.0 ], [ -76.933344617907096, -10.003779221766033, 0.0 ], [ -76.933290563455529, -10.003713473809537, 0.0 ], [ -76.933206294657495, -10.003604394262544, 0.0 ], [ -76.93317600965571, -10.003527843991252, 0.0 ], [ -76.93314406454229, -10.003422710781555, 0.0 ], [ -76.933132313925142, -10.003344856831056, 0.0 ], [ -76.933131979480891, -10.003288313623223, 0.0 ], [ -76.933123054254878, -10.003220500824451, 0.0 ], [ -76.93311985894249, -10.003160558137919, 0.0 ], [ -76.933113821651361, -10.003008976605999, 0.0 ], [ -76.926998523057904, -10.003044458725205, 0.0 ], [ -76.924936741782517, -10.003058890301778, 0.0 ], [ -76.924970476675881, -10.00878504773242, 0.0 ], [ -76.925023772602685, -10.017824478299149, 0.0 ], [ -76.915903970493162, -10.017877204722588, 0.0 ], [ -76.915850926678459, -10.008837725634791, 0.0 ], [ -76.908793214923108, -10.008878321934226, 0.0 ], [ -76.908865308119488, -10.021228741537685, 0.0 ], [ -76.908912914510154, -10.030237425903314, 0.0 ], [ -76.899797989242714, -10.030320599575889, 0.0 ], [ -76.899673825644399, -10.00897037862674, 0.0 ], [ -76.897611675935607, -10.008942332058979, 0.0 ], [ -76.888491975668586, -10.008994260567698, 0.0 ], [ -76.888387549620489, -9.990914998510569, 0.0 ], [ -76.888283321965076, -9.972835715795588, 0.0 ], [ -76.89740201609456, -9.972783978584934, 0.0 ], [ -76.897193153436689, -9.936625542583121, 0.0 ], [ -76.906310795456449, -9.936573748665863, 0.0 ], [ -76.906278084484086, -9.930925414050689, 0.0 ], [ -76.906229913063768, -9.930948327649343, 0.0 ], [ -76.905822427813419, -9.931081967715022, 0.0 ], [ -76.905234158929787, -9.931079528786954, 0.0 ], [ -76.904857220329603, -9.931047869782137, 0.0 ], [ -76.904691551024243, -9.930911794415589, 0.0 ], [ -76.904701835830068, -9.930871122463463, 0.0 ], [ -76.904615277161895, -9.930800024220165, 0.0 ], [ -76.904676062487866, -9.930559633605517, 0.0 ], [ -76.905312262156514, -9.926962534706462, 0.0 ], [ -76.905269400356545, -9.926905838927521, 0.0 ], [ -76.905317773942741, -9.926612462977605, 0.0 ], [ -76.905423084310712, -9.926335937258443, 0.0 ], [ -76.905514133809703, -9.926050453648447, 0.0 ], [ -76.905589864426915, -9.925885351706377, 0.0 ], [ -76.905907809982736, -9.925209767286518, 0.0 ], [ -76.906029326444425, -9.924758988012645, 0.0 ], [ -76.906165736881192, -9.924413594986792, 0.0 ], [ -76.906239576324339, -9.924271726302521, 0.0 ], [ -76.906153922152697, -9.909455011786036, 0.0 ], [ -76.895677769285129, -9.909514340988769, 0.0 ], [ -76.895676771776465, -9.909520674576934, 0.0 ], [ -76.895716316548274, -9.910004984512661, 0.0 ], [ -76.895836604365755, -9.910554272986557, 0.0 ], [ -76.89592504592143, -9.910820940488366, 0.0 ], [ -76.895997507295007, -9.911014849918807, 0.0 ], [ -76.896073916163829, -9.911150468321837, 0.0 ], [ -76.896219231777494, -9.911337358763216, 0.0 ], [ -76.896606138282436, -9.911553169411157, 0.0 ], [ -76.896866650006231, -9.911673890630247, 0.0 ], [ -76.897060675453659, -9.91176344444929, 0.0 ], [ -76.897088541020111, -9.911852785817292, 0.0 ], [ -76.897136641067149, -9.91187498625116, 0.0 ], [ -76.897188111595881, -9.912040002076132, 0.0 ], [ -76.897138114317002, -9.912209658607928, 0.0 ], [ -76.89700997141604, -9.912400182637386, 0.0 ], [ -76.896796516945088, -9.912724862308949, 0.0 ], [ -76.896618473228415, -9.913049612054765, 0.0 ], [ -76.896362206074869, -9.913473139330106, 0.0 ], [ -76.895934859912558, -9.914334805297925, 0.0 ], [ -76.895528810064775, -9.915161101342385, 0.0 ], [ -76.895364266610414, -9.915846847591597, 0.0 ], [ -76.895406181096106, -9.916193764092474, 0.0 ], [ -76.895448035489352, -9.916569059966708, 0.0 ], [ -76.895497205638776, -9.916831068522276, 0.0 ], [ -76.895546372337733, -9.917078975682328, 0.0 ], [ -76.895645012951221, -9.917419154926606, 0.0 ], [ -76.895786311463922, -9.917738214354408, 0.0 ], [ -76.896097637129259, -9.91822071711516, 0.0 ], [ -76.896245654669627, -9.918492287624073, 0.0 ], [ -76.896408865790065, -9.918738647432473, 0.0 ], [ -76.896507758684805, -9.918965487541941, 0.0 ], [ -76.896542694277414, -9.919248724200212, 0.0 ], [ -76.896385253149788, -9.919927469876436, 0.0 ], [ -76.896242545524458, -9.920344391102944, 0.0 ], [ -76.896121179447647, -9.920733173284411, 0.0 ], [ -76.896020895937994, -9.921192693910021, 0.0 ], [ -76.895906723004799, -9.92152485631769, 0.0 ], [ -76.895885046595083, -9.921730053284403, 0.0 ], [ -76.895884647669163, -9.92193522032669, 0.0 ], [ -76.89591962317715, -9.922225506155211, 0.0 ], [ -76.89599714218204, -9.922487715608796, 0.0 ], [ -76.896081861726913, -9.922707495170872, 0.0 ], [ -76.896124114878887, -9.922877441838207, 0.0 ], [ -76.896173436874307, -9.923047532016209, 0.0 ], [ -76.896222862819059, -9.923196380474405, 0.0 ], [ -76.896279191295335, -9.923342930790987, 0.0 ], [ -76.896463247458826, -9.92365740911359, 0.0 ], [ -76.896646890200955, -9.924082787769642, 0.0 ], [ -76.896728046390024, -9.924271314452087, 0.0 ], [ -76.896762476899141, -9.924375148330697, 0.0 ], [ -76.896838560748719, -9.924479198470868, 0.0 ], [ -76.89688686564601, -9.92459000403991, 0.0 ], [ -76.896949072236595, -9.924673254073898, 0.0 ], [ -76.896962720400623, -9.924797720730629, 0.0 ], [ -76.896893172361899, -9.924914977943706, 0.0 ], [ -76.896809852952828, -9.924990736680519, 0.0 ], [ -76.896698784302473, -9.925052461572687, 0.0 ], [ -76.896573942494385, -9.925072690673097, 0.0 ], [ -76.896435397213324, -9.925023765012874, 0.0 ], [ -76.896199908479389, -9.924891332744107, 0.0 ], [ -76.896033980532081, -9.924683220459906, 0.0 ], [ -76.896014275556098, -9.924642037547834, 0.0 ], [ -76.895958056163025, -9.924571523228602, 0.0 ], [ -76.895792317621002, -9.924225130442466, 0.0 ], [ -76.895762978104969, -9.924168098956519, 0.0 ], [ -76.895571654332002, -9.92403997241108, 0.0 ], [ -76.89542512400071, -9.924053906235709, 0.0 ], [ -76.895264048853306, -9.924009445644144, 0.0 ], [ -76.895088368813163, -9.92393560278912, 0.0 ], [ -76.895099764145087, -9.923877603251809, 0.0 ], [ -76.89498604560012, -9.923818324082061, 0.0 ], [ -76.894971614475622, -9.923701362958107, 0.0 ], [ -76.89492786050468, -9.923584294591741, 0.0 ], [ -76.894854867412022, -9.923481673687792, 0.0 ], [ -76.894693849408156, -9.92340792847309, 0.0 ], [ -76.894445102626705, -9.923231554119482, 0.0 ], [ -76.894303895276678, -9.923085754200468, 0.0 ], [ -76.894276265147852, -9.923023871066867, 0.0 ], [ -76.894228041296955, -9.922974075885243, 0.0 ], [ -76.894138322448683, -9.922773126961788, 0.0 ], [ -76.894097154891725, -9.922517130700754, 0.0 ], [ -76.89410790637892, -9.922320586026018, 0.0 ], [ -76.894014780260036, -9.922115768190828, 0.0 ], [ -76.893922462989806, -9.921964256962744, 0.0 ], [ -76.893597104652926, -9.921688388791026, 0.0 ], [ -76.893336201570278, -9.921581223904473, 0.0 ], [ -76.893094094143322, -9.921303674495222, 0.0 ], [ -76.892935017776452, -9.921109439166413, 0.0 ], [ -76.892717656939098, -9.920886340058555, 0.0 ], [ -76.892456417987958, -9.920785955267036, 0.0 ], [ -76.891996020068078, -9.920659849986569, 0.0 ], [ -76.891610446970859, -9.920484424799955, 0.0 ], [ -76.891311853176873, -9.920346560363221, 0.0 ], [ -76.891000671786074, -9.920308004495611, 0.0 ], [ -76.890676908567244, -9.920343903632684, 0.0 ], [ -76.890290794549486, -9.920453995055798, 0.0 ], [ -76.889867232107875, -9.92057640889055, 0.0 ], [ -76.889593143799175, -9.920686951148667, 0.0 ], [ -76.889431268868464, -9.920686327484189, 0.0 ], [ -76.889232291640283, -9.920561275230707, 0.0 ], [ -76.88907067442841, -9.920461320628942, 0.0 ], [ -76.888883908623427, -9.920472946847108, 0.0 ], [ -76.8886846540167, -9.920509317893174, 0.0 ], [ -76.888410846816072, -9.920446056184618, 0.0 ], [ -76.888236931375047, -9.920246660241707, 0.0 ], [ -76.888037860529153, -9.920183790899337, 0.0 ], [ -76.887838696846941, -9.920170451031963, 0.0 ], [ -76.887564979046758, -9.920070041002221, 0.0 ], [ -76.887378575409599, -9.919895388476194, 0.0 ], [ -76.887204486366485, -9.919770466805433, 0.0 ], [ -76.886993104909408, -9.919645393277715, 0.0 ], [ -76.886694412863733, -9.919582089207877, 0.0 ], [ -76.886246229904401, -9.919580180957022, 0.0 ], [ -76.886009962656999, -9.919454975501118, 0.0 ], [ -76.885836053909287, -9.919243194944919, 0.0 ], [ -76.885829930372125, -9.919216065148253, 0.0 ], [ -76.885760539363787, -9.919131560920187, 0.0 ], [ -76.885706455629588, -9.918891928615796, 0.0 ], [ -76.885513473847496, -9.918670634695349, 0.0 ], [ -76.885508374615384, -9.918639742110262, 0.0 ], [ -76.885437972370838, -9.918559007709895, 0.0 ], [ -76.885401057443701, -9.918335341007101, 0.0 ], [ -76.885301896066693, -9.918099012960342, 0.0 ], [ -76.885265158170952, -9.917800872936496, 0.0 ], [ -76.885134346051615, -9.917507989567287, 0.0 ], [ -76.88483158316923, -9.917214985817845, 0.0 ], [ -76.884533257940362, -9.916965310728138, 0.0 ], [ -76.884284604235816, -9.916790463187676, 0.0 ], [ -76.883973693751685, -9.916627714366671, 0.0 ], [ -76.883550862388958, -9.916377562248528, 0.0 ], [ -76.883414311433242, -9.91620316919121, 0.0 ], [ -76.883363341631878, -9.916122795130887, 0.0 ], [ -76.88333889352117, -9.916091569947831, 0.0 ], [ -76.883316752022594, -9.916056653438911, 0.0 ], [ -76.883215527848378, -9.91596640053479, 0.0 ], [ -76.883086845444367, -9.91593232618926, 0.0 ], [ -76.882791586044419, -9.915784853434813, 0.0 ], [ -76.88258331576985, -9.915598118754662, 0.0 ], [ -76.882253480917996, -9.915373201240858, 0.0 ], [ -76.88222301511604, -9.915292234573899, 0.0 ], [ -76.882178110152097, -9.915261612210283, 0.0 ], [ -76.882060016899729, -9.914947750571622, 0.0 ], [ -76.882041776448972, -9.91462338742002, 0.0 ], [ -76.882034047199085, -9.914375336116455, 0.0 ], [ -76.881839724288383, -9.913983088460066, 0.0 ], [ -76.881722028641164, -9.913765919787183, 0.0 ], [ -76.881440146191792, -9.913460857327497, 0.0 ], [ -76.881373017185908, -9.913358174982434, 0.0 ], [ -76.881364809186607, -9.913349292193681, 0.0 ], [ -76.881126550070206, -9.912984835992187, 0.0 ], [ -76.880674139108621, -9.912344869714211, 0.0 ], [ -76.880463039250202, -9.912083220822765, 0.0 ], [ -76.880415660122665, -9.912006153559869, 0.0 ], [ -76.880387812140782, -9.911971619473718, 0.0 ], [ -76.880325673774522, -9.91187070146731, 0.0 ], [ -76.880298448495665, -9.911824643292205, 0.0 ], [ -76.880200867277679, -9.911791221289187, 0.0 ], [ -76.880109952535065, -9.911761452037876, 0.0 ], [ -76.880005913260774, -9.911723984586926, 0.0 ], [ -76.879873836563107, -9.911674562350489, 0.0 ], [ -76.879764366172836, -9.911607660221428, 0.0 ], [ -76.879643458404374, -9.911526088695473, 0.0 ], [ -76.879593493485046, -9.911491843827582, 0.0 ], [ -76.879542204445116, -9.911396731818257, 0.0 ], [ -76.87951822975036, -9.911380299360175, 0.0 ], [ -76.879340054466908, -9.911049873065901, 0.0 ], [ -76.879291775667738, -9.910730897086546, 0.0 ], [ -76.879169334385054, -9.910570967804466, 0.0 ], [ -76.878840002848747, -9.91045956275569, 0.0 ], [ -76.87843742180371, -9.910212000634747, 0.0 ], [ -76.878139339447401, -9.909990062030085, 0.0 ], [ -76.877861407752746, -9.909635964546158, 0.0 ], [ -76.877855585056182, -9.909612826639409, 0.0 ], [ -76.877786214500716, -9.909524443511954, 0.0 ], [ -76.877742449189682, -9.909350525967042, 0.0 ], [ -76.877703369143489, -9.909168084575404, 0.0 ], [ -76.877585177780219, -9.908650772190251, 0.0 ], [ -76.877438994800642, -9.908282785689149, 0.0 ], [ -76.877368726106553, -9.908142859386441, 0.0 ], [ -76.877276724601742, -9.908027289994326, 0.0 ], [ -76.877097089762657, -9.907885423159925, 0.0 ], [ -76.876790813987753, -9.907776026338645, 0.0 ], [ -76.876552095148568, -9.907619265127819, 0.0 ], [ -76.876368671670647, -9.907447246973408, 0.0 ], [ -76.876487066772214, -9.907251310640797, 0.0 ], [ -76.87646094374, -9.907204112198061, 0.0 ], [ -76.876427881719749, -9.907164797472694, 0.0 ], [ -76.876415263300188, -9.907141998526324, 0.0 ], [ -76.876345950021857, -9.907107144249144, 0.0 ], [ -76.876147804878286, -9.907007385599645, 0.0 ], [ -76.876034619002354, -9.906907965699022, 0.0 ], [ -76.876022086997793, -9.906849031427766, 0.0 ], [ -76.875961029424062, -9.906795398165107, 0.0 ], [ -76.875918932368606, -9.906597428829521, 0.0 ], [ -76.87589084992868, -9.906484247208974, 0.0 ], [ -76.875834488576629, -9.906342664295561, 0.0 ], [ -76.875828630940944, -9.90632697368922, 0.0 ], [ -76.875724188226698, -9.906284888204867, 0.0 ], [ -76.875596991285704, -9.906114686037943, 0.0 ], [ -76.875583822608291, -9.906082956752048, 0.0 ], [ -76.875523420361972, -9.906002129088799, 0.0 ], [ -76.87545291632415, -9.905832244769604, 0.0 ], [ -76.875453425250015, -9.905577910446183, 0.0 ], [ -76.875439677414519, -9.905394152662518, 0.0 ], [ -76.875400133527691, -9.9053280603262, 0.0 ], [ -76.875287128353307, -9.905180691557149, 0.0 ], [ -76.875277414487883, -9.905151409074504, 0.0 ], [ -76.875213568797605, -9.905068146166947, 0.0 ], [ -76.875100904022659, -9.904728490164965, 0.0 ], [ -76.875087280252743, -9.904474053889189, 0.0 ], [ -76.875022833313238, -9.904326141715197, 0.0 ], [ -76.874920589063464, -9.904274669048776, 0.0 ], [ -76.874880632144752, -9.904182996501579, 0.0 ], [ -76.874841380811631, -9.904163236237816, 0.0 ], [ -76.874753205039468, -9.90396093324868, 0.0 ], [ -76.874609834393354, -9.903778760401636, 0.0 ], [ -76.874298702880722, -9.903494797202157, 0.0 ], [ -76.87425465278919, -9.903417444199903, 0.0 ], [ -76.874204029860024, -9.90336943297587, 0.0 ], [ -76.874006678947353, -9.903087656736213, 0.0 ], [ -76.873745894812402, -9.90278914489034, 0.0 ], [ -76.873662754815783, -9.902700633837355, 0.0 ], [ -76.87364425869626, -9.90267280417418, 0.0 ], [ -76.873563288663988, -9.902580119847601, 0.0 ], [ -76.873452846960262, -9.9023960522157, 0.0 ], [ -76.873366015972394, -9.902289602682234, 0.0 ], [ -76.873153922814609, -9.902062570366903, 0.0 ], [ -76.873139239222979, -9.90201828549441, 0.0 ], [ -76.873076201794461, -9.901950806805429, 0.0 ], [ -76.873049637777214, -9.901870688326447, 0.0 ], [ -76.872984513014458, -9.901779172908409, 0.0 ], [ -76.872617076154455, -9.901283034132989, 0.0 ], [ -76.87260984148692, -9.901266429013706, 0.0 ], [ -76.872539376545774, -9.901171279297955, 0.0 ], [ -76.872425062363419, -9.900949784291607, 0.0 ], [ -76.87250697044206, -9.900914415968607, 0.0 ], [ -76.872528557704072, -9.900905214004618, 0.0 ], [ -76.872468683442875, -9.90080799923442, 0.0 ], [ -76.87199287369863, -9.900855392896123, 0.0 ], [ -76.871993654006417, -9.900993066787256, 0.0 ], [ -76.871931971339421, -9.901144920033349, 0.0 ], [ -76.871884276305082, -9.901303565776754, 0.0 ], [ -76.871753150783221, -9.901476417289981, 0.0 ], [ -76.871663661999577, -9.901628334150745, 0.0 ], [ -76.871561005098314, -9.901918093937867, 0.0 ], [ -76.871486791316286, -9.902304151758223, 0.0 ], [ -76.871446518661458, -9.902565991791178, 0.0 ], [ -76.87146922940137, -9.902889495690115, 0.0 ], [ -76.871477358335497, -9.903197893529894, 0.0 ], [ -76.871590767679024, -9.903582815468733, 0.0 ], [ -76.871626477711033, -9.903754737327814, 0.0 ], [ -76.871634966943731, -9.904030136907643, 0.0 ], [ -76.871712705651518, -9.904250008002995, 0.0 ], [ -76.871741760680067, -9.904470238997479, 0.0 ], [ -76.871764536816016, -9.90482122417116, 0.0 ], [ -76.87171770043301, -9.90513137469676, 0.0 ], [ -76.871621905889086, -9.905393524214865, 0.0 ], [ -76.871470291669041, -9.905635373512002, 0.0 ], [ -76.871276406241151, -9.905834791095009, 0.0 ], [ -76.870958278358628, -9.906118880346849, 0.0 ], [ -76.870682059556316, -9.906430217678526, 0.0 ], [ -76.87056464665703, -9.906561680584348, 0.0 ], [ -76.870502962721275, -9.906713533832455, 0.0 ], [ -76.87042047961117, -9.906879242937391, 0.0 ], [ -76.870401240360664, -9.907168538940313, 0.0 ], [ -76.870443531666965, -9.907343405680654, 0.0 ], [ -76.870513782496488, -9.907480693493829, 0.0 ], [ -76.870849255582442, -9.90779558514483, 0.0 ], [ -76.871039105465485, -9.908186951462998, 0.0 ], [ -76.871278616316204, -9.908750252005882, 0.0 ], [ -76.871462587950887, -9.90911787530246, 0.0 ], [ -76.871671990195267, -9.90927508769156, 0.0 ], [ -76.872175972041575, -9.90989883670829, 0.0 ], [ -76.87232310635936, -9.910104579317156, 0.0 ], [ -76.872379461772994, -9.910235073551775, 0.0 ], [ -76.87251935408581, -9.910385802526841, 0.0 ], [ -76.872875579608831, -9.910693613709364, 0.0 ], [ -76.873002462167264, -9.911009665234506, 0.0 ], [ -76.873019794217683, -9.911364748285717, 0.0 ], [ -76.873118413676551, -9.911584501051891, 0.0 ], [ -76.873259545563073, -9.911969266658589, 0.0 ], [ -76.87339301828068, -9.912209526413479, 0.0 ], [ -76.873442901651572, -9.912436422401724, 0.0 ], [ -76.873395480381262, -9.912643249424352, 0.0 ], [ -76.87332008261231, -9.912836491771088, 0.0 ], [ -76.873106641066755, -9.913188794108963, 0.0 ], [ -76.872927309400168, -9.913430799140876, 0.0 ], [ -76.872631579279229, -9.91411198100551, 0.0 ], [ -76.872529286158695, -9.914449921951778, 0.0 ], [ -76.872517329804907, -9.914801190874366, 0.0 ], [ -76.872581710280258, -9.915124461562526, 0.0 ], [ -76.872807606733787, -9.915729057134104, 0.0 ], [ -76.872919930022064, -9.915921252362811, 0.0 ], [ -76.873038791304509, -9.916044525892534, 0.0 ], [ -76.87333079923232, -9.916056637050401, 0.0 ], [ -76.873610942645385, -9.916114827120092, 0.0 ], [ -76.873855283077475, -9.916306284511, 0.0 ], [ -76.874009272404095, -9.916498155155477, 0.0 ], [ -76.874135806801334, -9.91675219465753, 0.0 ], [ -76.874255411906944, -9.917006361385798, 0.0 ], [ -76.874349022235592, -9.917563511802774, 0.0 ], [ -76.874357633415116, -9.91785952214765, 0.0 ], [ -76.874268495445108, -9.918073451935117, 0.0 ], [ -76.874007389996692, -9.918638189414814, 0.0 ], [ -76.874016444238208, -9.918996119771444, 0.0 ], [ -76.874240690478885, -9.919325366659177, 0.0 ], [ -76.874533836660902, -9.919537161524575, 0.0 ], [ -76.874736200671023, -9.919673708138957, 0.0 ], [ -76.875189132253126, -9.919877739423519, 0.0 ], [ -76.875335764685886, -9.919993985979094, 0.0 ], [ -76.875384999020227, -9.920090166838389, 0.0 ], [ -76.875296135549988, -9.920352278688375, 0.0 ], [ -76.875109782443801, -9.920594324475406, 0.0 ] ], [ [ -76.879424261089028, -10.018085610136829, 0.0 ], [ -76.870304209692591, -10.01813708638789, 0.0 ], [ -76.870356041985616, -10.027176799456958, 0.0 ], [ -76.870459854017156, -10.045256210058239, 0.0 ], [ -76.852218088240221, -10.045358694575286, 0.0 ], [ -76.852115287223512, -10.027279095846897, 0.0 ], [ -76.851961450689927, -10.000159658972127, 0.0 ], [ -76.861081096048082, -10.000108776653834, 0.0 ], [ -76.870200692518949, -10.000057644735374, 0.0 ], [ -76.879320239863375, -10.00000626322316, 0.0 ], [ -76.879424261089028, -10.018085610136829, 0.0 ] ] ], [ [ [ -76.891155714516387, -10.112549075731366, 0.0 ], [ -76.891155714686278, -10.112549077039699, 0.0 ], [ -76.89115092330367, -10.111729368791503, 0.0 ], [ -76.891150923303655, -10.111729368791503, 0.0 ], [ -76.891155714516387, -10.112549075731366, 0.0 ] ] ], [ [ [ -76.891212623176941, -10.112987334730676, 0.0 ], [ -76.89150386098693, -10.113165977609709, 0.0 ], [ -76.891208470141223, -10.11295535187827, 0.0 ], [ -76.891212623176941, -10.112987334730676, 0.0 ] ] ], [ [ [ -76.900880860712419, -10.113306602845247, 0.0 ], [ -76.901943360719329, -10.113341852385288, 0.0 ], [ -76.900880860712434, -10.113306602845247, 0.0 ], [ -76.899712861086911, -10.113271477786025, 0.0 ], [ -76.900880860712419, -10.113306602845247, 0.0 ] ] ], [ [ [ -76.903429735920412, -10.114296852588787, 0.0 ], [ -76.90368928464946, -10.114852843082028, 0.0 ], [ -76.903429735920426, -10.114296852588787, 0.0 ], [ -76.902828111526688, -10.113624977676363, 0.0 ], [ -76.903429735920412, -10.114296852588787, 0.0 ] ] ], [ [ [ -76.908462861058496, -10.11562310275036, 0.0 ], [ -76.91063286090251, -10.116212852572136, 0.0 ], [ -76.908462861058496, -10.11562310275036, 0.0 ], [ -76.908209182576115, -10.115568936526888, 0.0 ], [ -76.908462861058496, -10.11562310275036, 0.0 ] ] ], [ [ [ -76.912613236226889, -10.117498102629336, 0.0 ], [ -76.913562485671022, -10.118244102788685, 0.0 ], [ -76.913791894906424, -10.118434937175824, 0.0 ], [ -76.913562485671022, -10.118244102788685, 0.0 ], [ -76.912613236226903, -10.117498102629336, 0.0 ], [ -76.91063286090251, -10.116212852572136, 0.0 ], [ -76.912613236226889, -10.117498102629336, 0.0 ] ] ], [ [ [ -76.915464860897643, -10.119914102943943, 0.0 ], [ -76.915464860897643, -10.119914102943943, 0.0 ], [ -76.915267905657728, -10.119729304475182, 0.0 ], [ -76.915464860897643, -10.119914102943943, 0.0 ] ] ] ] } },
{ "type": "Feature", "properties": { "Coord_X": null, "Coord_Y": null, "Departamen": null, "Provincia": null, "Distrito": null, "Perim_km": null, "Area_SIG": null, "AreaL_Ha": null, "Dpto": "Ancash", "Provincia_2": "Corongo y Huaylas", "Distrito_2": "Yánac, La Pampa y Yuracmarca", "Nombre": "Área de Conservación Regional Champará - Coyllorcocha", "Perim_km_2": 85.891414540699998, "Coord_X_2": 190379.26715699999, "Coord_Y_2": 9037385.9950900003, "AreaL_Ha_2": 20708.67, "Area_SIG_2": 20708.670267599999, "OBJECTID": null, "Area": null, "Descrip": null, "Perim_Km_3": null, "Shape_Leng": null, "Shape_Area": null }, "geometry": { "type": "MultiPolygon", "coordinates": [ [ [ [ -77.839144596644516, -8.608450311162875, 0.0 ], [ -77.838951234068816, -8.609060139789049, 0.0 ], [ -77.838848331290535, -8.609348329614791, 0.0 ], [ -77.83861684425041, -8.609841922527947, 0.0 ], [ -77.838503107578504, -8.610122786773374, 0.0 ], [ -77.838256343088645, -8.610437853123651, 0.0 ], [ -77.837982169612204, -8.610547200564843, 0.0 ], [ -77.837568593956107, -8.610656226794511, 0.0 ], [ -77.837173291204053, -8.610851289876308, 0.0 ], [ -77.836718708750936, -8.611192094170841, 0.0 ], [ -77.836232512378515, -8.611606649018411, 0.0 ], [ -77.835976215644791, -8.612052479131229, 0.0 ], [ -77.835793171619187, -8.612584584892184, 0.0 ], [ -77.835487309672487, -8.612854893032347, 0.0 ], [ -77.834801644346882, -8.613187457713936, 0.0 ], [ -77.834056742130045, -8.613250310317893, 0.0 ], [ -77.833658847736913, -8.613498738043461, 0.0 ], [ -77.833177877498713, -8.61439234333919, 0.0 ], [ -77.832508007677916, -8.615561884360275, 0.0 ], [ -77.832027952282616, -8.616780398979751, 0.0 ], [ -77.831469272996983, -8.61768136552875, 0.0 ], [ -77.831014611361425, -8.618531016009426, 0.0 ], [ -77.830309880925157, -8.620028696038041, 0.0 ], [ -77.829500488920914, -8.621194396787434, 0.0 ], [ -77.828806926860764, -8.622334472116856, 0.0 ], [ -77.827973364323853, -8.623330162667727, 0.0 ], [ -77.827198141969248, -8.624091554510144, 0.0 ], [ -77.825767354580705, -8.624877280655346, 0.0 ], [ -77.824794431619324, -8.625447361104676, 0.0 ], [ -77.823824899501176, -8.62581971206073, 0.0 ], [ -77.823479444329323, -8.625755237599442, 0.0 ], [ -77.82321524395546, -8.625562711072629, 0.0 ], [ -77.82290602920564, -8.624717391312698, 0.0 ], [ -77.822961714665055, -8.624199884879669, 0.0 ], [ -77.823115939872906, -8.623685573516674, 0.0 ], [ -77.823238315460102, -8.62278521730644, 0.0 ], [ -77.82328628652283, -8.622010010047207, 0.0 ], [ -77.823423734212355, -8.621361063272815, 0.0 ], [ -77.823601906654559, -8.62060229543113, 0.0 ], [ -77.823576875097501, -8.619875189611978, 0.0 ], [ -77.82365147290264, -8.619017085614257, 0.0 ], [ -77.824250952019369, -8.616935167066401, 0.0 ], [ -77.82437909050725, -8.616153499032276, 0.0 ], [ -77.824555618692244, -8.615057096204422, 0.0 ], [ -77.82446394340279, -8.614437127509603, 0.0 ], [ -77.824075969081747, -8.614166758378259, 0.0 ], [ -77.823037263124448, -8.614412647846471, 0.0 ], [ -77.822340173109083, -8.614316312412758, 0.0 ], [ -77.821375296260584, -8.614179562846196, 0.0 ], [ -77.820407668717834, -8.613881314065035, 0.0 ], [ -77.819974918219799, -8.613747938863774, 0.0 ], [ -77.819531541661092, -8.61386706468477, 0.0 ], [ -77.818808915946448, -8.614423689500502, 0.0 ], [ -77.817314788672206, -8.616187316053212, 0.0 ], [ -77.816394777059969, -8.616957948031379, 0.0 ], [ -77.816552432370329, -8.638217482634445, 0.0 ], [ -77.809522279199911, -8.638269115560739, 0.0 ], [ -77.807474273886541, -8.638284132871517, 0.0 ], [ -77.807582429705107, -8.652884364669546, 0.0 ], [ -77.80760815110952, -8.65635279905467, 0.0 ], [ -77.789450753559294, -8.656485737610845, 0.0 ], [ -77.782093656613242, -8.656537207449931, 0.0 ], [ -77.781779732097036, -8.656855211656266, 0.0 ], [ -77.781401356957161, -8.658395837561482, 0.0 ], [ -77.780752731791097, -8.659774337758924, 0.0 ], [ -77.780413069569946, -8.660003793642247, 0.0 ], [ -77.780438345611557, -8.665586421232833, 0.0 ], [ -77.777738589754151, -8.665606070003127, 0.0 ], [ -77.777682736839054, -8.666425476315634, 0.0 ], [ -77.777435236579933, -8.667695475623486, 0.0 ], [ -77.77672224484887, -8.668953730737616, 0.0 ], [ -77.776439487295917, -8.669452726843589, 0.0 ], [ -77.775628611534884, -8.670371726657084, 0.0 ], [ -77.774979861386655, -8.670939226248572, 0.0 ], [ -77.774555486798576, -8.671588727000234, 0.0 ], [ -77.773665986749009, -8.672505226974197, 0.0 ], [ -77.772470611887513, -8.673824476597678, 0.0 ], [ -77.772335611553103, -8.673932976857987, 0.0 ], [ -77.772010361656896, -8.673843726447341, 0.0 ], [ -77.772001611985644, -8.673838726766066, 0.0 ], [ -77.771543612126635, -8.673580476124188, 0.0 ], [ -77.770776861800968, -8.6731481013557, 0.0 ], [ -77.769825861424593, -8.672611852044769, 0.0 ], [ -77.769058237152223, -8.672303975371749, 0.0 ], [ -77.767811486715658, -8.671803226888363, 0.0 ], [ -77.766387487112411, -8.671327725725908, 0.0 ], [ -77.764830737201947, -8.670807850649282, 0.0 ], [ -77.764054861507049, -8.670367601393792, 0.0 ], [ -77.763175987167671, -8.669869101627837, 0.0 ], [ -77.762304228751617, -8.669022620255074, 0.0 ], [ -77.762436430969586, -8.687092216022979, 0.0 ], [ -77.762544757296283, -8.701856865952715, 0.0 ], [ -77.762583542391383, -8.705161656620831, 0.0 ], [ -77.764617853124804, -8.705146938950696, 0.0 ], [ -77.764684253130241, -8.714181664223952, 0.0 ], [ -77.764817359237156, -8.732251190085478, 0.0 ], [ -77.755736537069723, -8.732317231037943, 0.0 ], [ -77.755803024413197, -8.741352010723787, 0.0 ], [ -77.720057306499697, -8.741610075767769, 0.0 ], [ -77.720062497723475, -8.741620218694441, 0.0 ], [ -77.720065220964869, -8.741626045054565, 0.0 ], [ -77.720148642740654, -8.741822461493072, 0.0 ], [ -77.720205195089122, -8.741958816363924, 0.0 ], [ -77.720206647222383, -8.741962562862522, 0.0 ], [ -77.720271548290071, -8.74214655033262, 0.0 ], [ -77.720273425298515, -8.74215252733576, 0.0 ], [ -77.720314352995899, -8.742300716079766, 0.0 ], [ -77.720338872094388, -8.742348625553527, 0.0 ], [ -77.720349871013667, -8.742361748189138, 0.0 ], [ -77.720381474878792, -8.742391142857294, 0.0 ], [ -77.720431828452845, -8.742435207346221, 0.0 ], [ -77.720440993909961, -8.742444473278152, 0.0 ], [ -77.720447033454874, -8.742452371118411, 0.0 ], [ -77.720476479188619, -8.74249561090474, 0.0 ], [ -77.720479990846442, -8.742501200285753, 0.0 ], [ -77.720541357715348, -8.742609275699049, 0.0 ], [ -77.720543490927042, -8.742613263064026, 0.0 ], [ -77.720576889920309, -8.742679632223901, 0.0 ], [ -77.720616391119947, -8.742744013102829, 0.0 ], [ -77.720636559551281, -8.742767080178345, 0.0 ], [ -77.720677648250756, -8.742806313988194, 0.0 ], [ -77.720684324128001, -8.742813417552297, 0.0 ], [ -77.720710807428489, -8.742845274982576, 0.0 ], [ -77.720765979626748, -8.742914188326036, 0.0 ], [ -77.720772649535931, -8.742923721555941, 0.0 ], [ -77.720778036334167, -8.742934026596664, 0.0 ], [ -77.720782050698787, -8.742944934224248, 0.0 ], [ -77.720791876552042, -8.742978107644845, 0.0 ], [ -77.720793791487921, -8.742985803810081, 0.0 ], [ -77.720799574175217, -8.743014359368381, 0.0 ], [ -77.720801101510034, -8.743018204710761, 0.0 ], [ -77.720805831440572, -8.743023471801079, 0.0 ], [ -77.720852432595436, -8.743055662604002, 0.0 ], [ -77.720856367769429, -8.743058540114392, 0.0 ], [ -77.720895068509463, -8.743088463778433, 0.0 ], [ -77.720922565729182, -8.743109362058949, 0.0 ], [ -77.720925307850123, -8.743111530730358, 0.0 ], [ -77.720932870110104, -8.743118506841707, 0.0 ], [ -77.720951356035798, -8.743137615815922, 0.0 ], [ -77.7209550674403, -8.743141694837238, 0.0 ], [ -77.720959657061186, -8.74314752493623, 0.0 ], [ -77.720972063105862, -8.743164690716974, 0.0 ], [ -77.720976647640668, -8.743171696360641, 0.0 ], [ -77.720979296402177, -8.743176516695414, 0.0 ], [ -77.72099790826644, -8.74321296825401, 0.0 ], [ -77.721002052499756, -8.743222373255685, 0.0 ], [ -77.72100327292155, -8.743225850349933, 0.0 ], [ -77.721016904974135, -8.743267397534893, 0.0 ], [ -77.721018329244671, -8.743272182396518, 0.0 ], [ -77.721025642351364, -8.743299500837816, 0.0 ], [ -77.721027318332943, -8.743307056861225, 0.0 ], [ -77.721040766384561, -8.743386171940505, 0.0 ], [ -77.721077489324443, -8.743449886904138, 0.0 ], [ -77.721120454995955, -8.743524710311906, 0.0 ], [ -77.721121544477356, -8.743526664070705, 0.0 ], [ -77.721194381228898, -8.743661122472444, 0.0 ], [ -77.721267335710181, -8.743793525342914, 0.0 ], [ -77.721269212720145, -8.743797122403763, 0.0 ], [ -77.721290941959893, -8.743841132237126, 0.0 ], [ -77.721324112906373, -8.743881939884819, 0.0 ], [ -77.721345225791168, -8.743899355673857, 0.0 ], [ -77.721385751971994, -8.743925382702756, 0.0 ], [ -77.721394369044717, -8.743931660908046, 0.0 ], [ -77.721401262481024, -8.7439379533115, 0.0 ], [ -77.721441321952142, -8.743978497280711, 0.0 ], [ -77.721445702222653, -8.743983259983276, 0.0 ], [ -77.72145089559514, -8.743989935963148, 0.0 ], [ -77.721486210860576, -8.744040003931865, 0.0 ], [ -77.721538043653467, -8.74410161696238, 0.0 ], [ -77.721544575651805, -8.74411041206031, 0.0 ], [ -77.721595286725744, -8.744188136063388, 0.0 ], [ -77.721649948877143, -8.744273421395501, 0.0 ], [ -77.72165169412979, -8.744276257714231, 0.0 ], [ -77.721653830771643, -8.744280088728914, 0.0 ], [ -77.721694609132967, -8.744357575110088, 0.0 ], [ -77.721696340824508, -8.744361044908604, 0.0 ], [ -77.72173294317453, -8.744438506190651, 0.0 ], [ -77.72175824364723, -8.744485284040801, 0.0 ], [ -77.721787244726841, -8.744525274075805, 0.0 ], [ -77.721835277551136, -8.744576728729134, 0.0 ], [ -77.721837858710515, -8.744579615958465, 0.0 ], [ -77.721871931450693, -8.744619399647048, 0.0 ], [ -77.72187955790136, -8.74462970391018, 0.0 ], [ -77.721908874268649, -8.744675835743616, 0.0 ], [ -77.721910432124957, -8.744678378852981, 0.0 ], [ -77.72191551884157, -8.744688372488831, 0.0 ], [ -77.721933494723203, -8.744729887451772, 0.0 ], [ -77.721937496920319, -8.744741111377508, 0.0 ], [ -77.721939978282222, -8.744752762772301, 0.0 ], [ -77.721949679021904, -8.744819815303924, 0.0 ], [ -77.721960750753809, -8.744870190344903, 0.0 ], [ -77.721990752780854, -8.744946063624358, 0.0 ], [ -77.722033177467637, -8.745050869309685, 0.0 ], [ -77.72203404832949, -8.745053106540132, 0.0 ], [ -77.722036918185694, -8.745062227933349, 0.0 ], [ -77.722079441447974, -8.745227591854723, 0.0 ], [ -77.722099692119741, -8.745303939122914, 0.0 ], [ -77.722100795807009, -8.745308596169302, 0.0 ], [ -77.722114993017115, -8.745376516270477, 0.0 ], [ -77.722115399441051, -8.745378579746516, 0.0 ], [ -77.722116892912979, -8.745394259001035, 0.0 ], [ -77.722117338592383, -8.745455593604376, 0.0 ], [ -77.72211729806827, -8.745459015606968, 0.0 ], [ -77.722115470216877, -8.745518304680488, 0.0 ], [ -77.722114007909184, -8.74555765809907, 0.0 ], [ -77.722124539233448, -8.745598269725441, 0.0 ], [ -77.722148771850314, -8.745683543339538, 0.0 ], [ -77.722166685334301, -8.745728830097951, 0.0 ], [ -77.722176968366014, -8.745743894971371, 0.0 ], [ -77.722247837082961, -8.745828478944677, 0.0 ], [ -77.722250365737366, -8.745831637607521, 0.0 ], [ -77.722315538684526, -8.74591689771642, 0.0 ], [ -77.722321570562499, -8.745925849984765, 0.0 ], [ -77.722324154866399, -8.745930542459391, 0.0 ], [ -77.722385838282065, -8.74605087691095, 0.0 ], [ -77.722388124622697, -8.746055683567077, 0.0 ], [ -77.722419039551582, -8.746125922933638, 0.0 ], [ -77.722420962031407, -8.74613064908093, 0.0 ], [ -77.722424365471895, -8.746141956810822, 0.0 ], [ -77.722441068525967, -8.746214376549926, 0.0 ], [ -77.722441873192864, -8.746218251470458, 0.0 ], [ -77.722442546739586, -8.746222454416072, 0.0 ], [ -77.722452131139818, -8.746292839988978, 0.0 ], [ -77.72247205687114, -8.746353942276, 0.0 ], [ -77.722492928831826, -8.746393036528119, 0.0 ], [ -77.722498127676374, -8.746404705405828, 0.0 ], [ -77.722525334603048, -8.746481828396142, 0.0 ], [ -77.722527000067899, -8.746487054241969, 0.0 ], [ -77.722549324173215, -8.746565247812427, 0.0 ], [ -77.722592815138299, -8.746622518496684, 0.0 ], [ -77.722634254499269, -8.746679288010286, 0.0 ], [ -77.72263908406002, -8.746686630675608, 0.0 ], [ -77.722642269201359, -8.74669251782122, 0.0 ], [ -77.722676611995709, -8.74676203674626, 0.0 ], [ -77.722723292432534, -8.746836777909744, 0.0 ], [ -77.722787239514304, -8.746908152018555, 0.0 ], [ -77.722788590313527, -8.74690969458254, 0.0 ], [ -77.722792272852729, -8.7469142915046, 0.0 ], [ -77.722827663611, -8.746961552265052, 0.0 ], [ -77.722832399738309, -8.746968534181567, 0.0 ], [ -77.722852103663072, -8.747000731937169, 0.0 ], [ -77.72285927467145, -8.74701558605118, 0.0 ], [ -77.722860531364077, -8.747019174908115, 0.0 ], [ -77.722870335529521, -8.747049186849154, 0.0 ], [ -77.72287328698188, -8.747060780628553, 0.0 ], [ -77.722874470140653, -8.747069620489782, 0.0 ], [ -77.722876191864529, -8.747090204312611, 0.0 ], [ -77.722876502237142, -8.747097043689887, 0.0 ], [ -77.722875675540294, -8.747109878109978, 0.0 ], [ -77.72287112490892, -8.747143153925464, 0.0 ], [ -77.72287068618833, -8.747146018595858, 0.0 ], [ -77.722866718798414, -8.747161204943003, 0.0 ], [ -77.722848632695943, -8.747211880959192, 0.0 ], [ -77.722835132036636, -8.747255307401081, 0.0 ], [ -77.722834313748677, -8.747318144611022, 0.0 ], [ -77.722836584129041, -8.747425690285311, 0.0 ], [ -77.722852564136119, -8.747555778231659, 0.0 ], [ -77.722868195192575, -8.747639614626962, 0.0 ], [ -77.722869663108739, -8.74765326831052, 0.0 ], [ -77.722873395175696, -8.747775103800301, 0.0 ], [ -77.722873434954877, -8.747777202439162, 0.0 ], [ -77.722873372699226, -8.747781256170864, 0.0 ], [ -77.722870984969603, -8.747844327846344, 0.0 ], [ -77.722869781814481, -8.747855973205391, 0.0 ], [ -77.722865644365612, -8.747871627908658, 0.0 ], [ -77.722850849232344, -8.747911765747942, 0.0 ], [ -77.722845296942054, -8.747935682670303, 0.0 ], [ -77.72284237137373, -8.747945639056942, 0.0 ], [ -77.722836444700334, -8.747958784853676, 0.0 ], [ -77.722811072954045, -8.748004827545012, 0.0 ], [ -77.722790704598424, -8.748046267736807, 0.0 ], [ -77.722774959994055, -8.748087725254486, 0.0 ], [ -77.722769453231678, -8.748102290202976, 0.0 ], [ -77.722761131726259, -8.748150924437786, 0.0 ], [ -77.722764991240396, -8.748202970431036, 0.0 ], [ -77.722782848169217, -8.748309017910803, 0.0 ], [ -77.722783430444295, -8.748313031766456, 0.0 ], [ -77.722811985988074, -8.748546491849963, 0.0 ], [ -77.722839639320938, -8.748694329857646, 0.0 ], [ -77.722871889930673, -8.748783080253848, 0.0 ], [ -77.722872875238266, -8.748785941000916, 0.0 ], [ -77.722907726891336, -8.748892918769686, 0.0 ], [ -77.722909874868634, -8.748900674663881, 0.0 ], [ -77.722937407893411, -8.749020712466963, 0.0 ], [ -77.72293818819297, -8.749024480940228, 0.0 ], [ -77.722939347580862, -8.749033046292984, 0.0 ], [ -77.722949808838109, -8.749153656018754, 0.0 ], [ -77.722972130762088, -8.749282948332857, 0.0 ], [ -77.722995228445825, -8.749433864011097, 0.0 ], [ -77.722995677915648, -8.749437223754002, 0.0 ], [ -77.723006312914606, -8.749530012202799, 0.0 ], [ -77.723006894824422, -8.749539594579769, 0.0 ], [ -77.723007484073648, -8.749620621663484, 0.0 ], [ -77.723006327434859, -8.749635664000246, 0.0 ], [ -77.72299666779341, -8.749695230771925, 0.0 ], [ -77.722994503232201, -8.749704927789397, 0.0 ], [ -77.722976398169919, -8.749769106484882, 0.0 ], [ -77.72297452185235, -8.749774979451075, 0.0 ], [ -77.722968478639544, -8.749788335716412, 0.0 ], [ -77.722945667727757, -8.749829472761723, 0.0 ], [ -77.722921188710757, -8.749875891262679, 0.0 ], [ -77.722908693978937, -8.749911774055755, 0.0 ], [ -77.722905336099686, -8.749919980689086, 0.0 ], [ -77.722901194581908, -8.749928830862597, 0.0 ], [ -77.722899881954035, -8.749944653175216, 0.0 ], [ -77.722902798850754, -8.749970470731194, 0.0 ], [ -77.722925404495726, -8.75002649017342, 0.0 ], [ -77.722957550041798, -8.750096516298395, 0.0 ], [ -77.722962790471371, -8.750111142137259, 0.0 ], [ -77.722965434745518, -8.750126446248045, 0.0 ], [ -77.722970922664999, -8.750191086696912, 0.0 ], [ -77.722971242949129, -8.750198037136121, 0.0 ], [ -77.722970186165512, -8.750212448083284, 0.0 ], [ -77.722958915241009, -8.750285232606254, 0.0 ], [ -77.722955102212538, -8.750353735779491, 0.0 ], [ -77.722961790670212, -8.750423479818048, 0.0 ], [ -77.722983364283962, -8.750500427251847, 0.0 ], [ -77.723036089867591, -8.750612672220841, 0.0 ], [ -77.723038927050098, -8.750619409376197, 0.0 ], [ -77.723041444945906, -8.750627200551087, 0.0 ], [ -77.723077046833339, -8.750757359485448, 0.0 ], [ -77.723106957974721, -8.750853682934881, 0.0 ], [ -77.723109629267654, -8.750864707678812, 0.0 ], [ -77.723130647516783, -8.75098927837537, 0.0 ], [ -77.723131897680588, -8.751003577841265, 0.0 ], [ -77.723131860808138, -8.751006874222174, 0.0 ], [ -77.723131059885247, -8.751034109082465, 0.0 ], [ -77.723129868653004, -8.751074608919033, 0.0 ], [ -77.723130090413164, -8.751105221079072, 0.0 ], [ -77.723130040315795, -8.751108946736901, 0.0 ], [ -77.723128278661832, -8.751160424178552, 0.0 ], [ -77.72313412271356, -8.75120047038598, 0.0 ], [ -77.723140889591193, -8.751209064935681, 0.0 ], [ -77.723152453692336, -8.751220418694469, 0.0 ], [ -77.723200516677579, -8.75124587867769, 0.0 ], [ -77.723261668548588, -8.751277809539097, 0.0 ], [ -77.723292353383002, -8.751286084601114, 0.0 ], [ -77.72332510895518, -8.751291242897116, 0.0 ], [ -77.723409897151669, -8.751290631506786, 0.0 ], [ -77.723554650912135, -8.751289590119244, 0.0 ], [ -77.72356463553227, -8.751290065768819, 0.0 ], [ -77.723632011031583, -8.751296986932568, 0.0 ], [ -77.72364673484509, -8.751299735191388, 0.0 ], [ -77.723660804746757, -8.75130485452968, 0.0 ], [ -77.723703334800405, -8.751324422537344, 0.0 ], [ -77.723709388471775, -8.751327486218514, 0.0 ], [ -77.723784911164998, -8.75136931658268, 0.0 ], [ -77.723798955335553, -8.751379012529478, 0.0 ], [ -77.72385926868256, -8.751430623891528, 0.0 ], [ -77.723913599083573, -8.751475409616605, 0.0 ], [ -77.723967777513835, -8.75150292797165, 0.0 ], [ -77.724038415085801, -8.751539898069419, 0.0 ], [ -77.72404096633737, -8.751541285602855, 0.0 ], [ -77.724050017351303, -8.751547131373229, 0.0 ], [ -77.724090147084297, -8.751576562482512, 0.0 ], [ -77.724100770510361, -8.751585695749688, 0.0 ], [ -77.724109852877049, -8.751596349026945, 0.0 ], [ -77.72411717618246, -8.751608268182789, 0.0 ], [ -77.724134877918857, -8.751642829383123, 0.0 ], [ -77.724139073057643, -8.751652334222012, 0.0 ], [ -77.724141394205503, -8.75165941751874, 0.0 ], [ -77.724156767656609, -8.751713869744448, 0.0 ], [ -77.724158654811689, -8.751721969034671, 0.0 ], [ -77.724159672591298, -8.75172903913016, 0.0 ], [ -77.724162252368203, -8.751753940172748, 0.0 ], [ -77.724177477516932, -8.751772287115877, 0.0 ], [ -77.724179332537261, -8.751774597658741, 0.0 ], [ -77.724270259218443, -8.751891776942474, 0.0 ], [ -77.72432449535701, -8.751941190277723, 0.0 ], [ -77.724330440131368, -8.751947134309223, 0.0 ], [ -77.724393174030993, -8.75201596943989, 0.0 ], [ -77.724395039413395, -8.75201808112757, 0.0 ], [ -77.724401631032279, -8.752026797978065, 0.0 ], [ -77.724434341035078, -8.752075976020139, 0.0 ], [ -77.724440517662302, -8.752086821887097, 0.0 ], [ -77.724445136670724, -8.75209840993776, 0.0 ], [ -77.724480721572377, -8.752209536512593, 0.0 ], [ -77.724515703664281, -8.752319568716029, 0.0 ], [ -77.724604859509711, -8.752419640339888, 0.0 ], [ -77.724666949721723, -8.752485368233078, 0.0 ], [ -77.724714938094976, -8.752537351874192, 0.0 ], [ -77.724721708069183, -8.752545614755798, 0.0 ], [ -77.724727451683265, -8.752554614187993, 0.0 ], [ -77.724732089921432, -8.752564225148211, 0.0 ], [ -77.724752369153904, -8.752613492695719, 0.0 ], [ -77.72475633505033, -8.752625436919821, 0.0 ], [ -77.724758594850968, -8.752637813581782, 0.0 ], [ -77.724759104122754, -8.752650382660374, 0.0 ], [ -77.724757227550469, -8.752713980944391, 0.0 ], [ -77.724760693135664, -8.752750268311367, 0.0 ], [ -77.724773402380166, -8.752778187359175, 0.0 ], [ -77.724776522588897, -8.752780130075607, 0.0 ], [ -77.724903918857052, -8.752861763101315, 0.0 ], [ -77.724910381174539, -8.752866312840563, 0.0 ], [ -77.724982679838448, -8.752922070622065, 0.0 ], [ -77.724985653537829, -8.752924472486052, 0.0 ], [ -77.725057613031964, -8.752986283690765, 0.0 ], [ -77.725061992610193, -8.752990303600347, 0.0 ], [ -77.725154993712763, -8.753081461889398, 0.0 ], [ -77.725216133074767, -8.753126584952769, 0.0 ], [ -77.725318420582767, -8.753182683103473, 0.0 ], [ -77.725321787105557, -8.753184651144533, 0.0 ], [ -77.72541235896108, -8.753240277113294, 0.0 ], [ -77.725416035468996, -8.753242658546908, 0.0 ], [ -77.725469324226836, -8.753279035858505, 0.0 ], [ -77.725538860139892, -8.753299854583595, 0.0 ], [ -77.725540777171645, -8.753300451558687, 0.0 ], [ -77.725617794797884, -8.753325371715988, 0.0 ], [ -77.72562014831864, -8.753326168840688, 0.0 ], [ -77.725622107105977, -8.75332688749204, 0.0 ], [ -77.7256722726909, -8.753345947468819, 0.0 ], [ -77.72568470947526, -8.753351780520619, 0.0 ], [ -77.725692082521306, -8.753356424872855, 0.0 ], [ -77.725795055235082, -8.753428403023527, 0.0 ], [ -77.725800715593437, -8.753432699206465, 0.0 ], [ -77.725805770636995, -8.753437183170863, 0.0 ], [ -77.725857353594449, -8.753486496012968, 0.0 ], [ -77.725861104950056, -8.753490299974043, 0.0 ], [ -77.72589922319878, -8.753531307863538, 0.0 ], [ -77.725901690970503, -8.753534074779425, 0.0 ], [ -77.72590964305688, -8.753544898767723, 0.0 ], [ -77.725923206054006, -8.753566571752133, 0.0 ], [ -77.725928668079348, -8.753576680920215, 0.0 ], [ -77.725932799459613, -8.75358739691927, 0.0 ], [ -77.725950280371308, -8.753643097823867, 0.0 ], [ -77.725951442236067, -8.753647124650168, 0.0 ], [ -77.72597667903635, -8.753742946373091, 0.0 ], [ -77.72598874961092, -8.753763088674285, 0.0 ], [ -77.726007576564825, -8.753783385563331, 0.0 ], [ -77.72601764676098, -8.753792735062756, 0.0 ], [ -77.726040205867747, -8.753799360712753, 0.0 ], [ -77.726044999803293, -8.753800913668856, 0.0 ], [ -77.726086138328014, -8.753815547154597, 0.0 ], [ -77.726098158780289, -8.753820827511557, 0.0 ], [ -77.726109287729059, -8.75382777770902, 0.0 ], [ -77.726119291625878, -8.753836253961174, 0.0 ], [ -77.726131737541706, -8.753848449641023, 0.0 ], [ -77.726137153609088, -8.753854242932643, 0.0 ], [ -77.726141928811586, -8.753860330880212, 0.0 ], [ -77.726168148897486, -8.753896877897986, 0.0 ], [ -77.726196785863365, -8.753936933996519, 0.0 ], [ -77.726282028285766, -8.754052603853827, 0.0 ], [ -77.72628714618773, -8.754060353644228, 0.0 ], [ -77.726310887707371, -8.754100752225884, 0.0 ], [ -77.726334099566273, -8.754119932322874, 0.0 ], [ -77.726438034170897, -8.754170062941739, 0.0 ], [ -77.726443252632734, -8.754172791043215, 0.0 ], [ -77.726451870042879, -8.754178320902721, 0.0 ], [ -77.726501635484027, -8.754214367408492, 0.0 ], [ -77.726504821830503, -8.754216783984727, 0.0 ], [ -77.72651858266812, -8.754227707016526, 0.0 ], [ -77.726551534509667, -8.754245312470395, 0.0 ], [ -77.726580449296662, -8.754260664695197, 0.0 ], [ -77.726632266339791, -8.754283738747118, 0.0 ], [ -77.726635925383945, -8.75428546612793, 0.0 ], [ -77.726712638626779, -8.754323798479929, 0.0 ], [ -77.72673832665113, -8.754335050212264, 0.0 ], [ -77.726746569599484, -8.754339169630061, 0.0 ], [ -77.726760306680063, -8.754348700469263, 0.0 ], [ -77.726807206053024, -8.754388886815832, 0.0 ], [ -77.726812484858797, -8.754393788386841, 0.0 ], [ -77.726844763862914, -8.754426242878392, 0.0 ], [ -77.726874460086051, -8.754448872853727, 0.0 ], [ -77.726876750112297, -8.754450676966442, 0.0 ], [ -77.726941686299526, -8.754503542658757, 0.0 ], [ -77.726975321574841, -8.754518713520698, 0.0 ], [ -77.727007714062651, -8.754526855688683, 0.0 ], [ -77.727042133081369, -8.754529432806464, 0.0 ], [ -77.727075455414678, -8.754529825849, 0.0 ], [ -77.727098152659195, -8.754524368317677, 0.0 ], [ -77.727156611316545, -8.754506541833598, 0.0 ], [ -77.727197084771333, -8.754489846186143, 0.0 ], [ -77.727238190854493, -8.754471477138859, 0.0 ], [ -77.727243724462554, -8.754469219041159, 0.0 ], [ -77.727259615857562, -8.754464921039373, 0.0 ], [ -77.727296673406272, -8.754458676843084, 0.0 ], [ -77.727307055900653, -8.754457534875753, 0.0 ], [ -77.727362580757017, -8.754454627049638, 0.0 ], [ -77.72743723856, -8.754449935860528, 0.0 ], [ -77.727517485595129, -8.754442769305934, 0.0 ], [ -77.727522404041721, -8.75444246366837, 0.0 ], [ -77.727587241728017, -8.754440188871918, 0.0 ], [ -77.727589784321438, -8.754440135292132, 0.0 ], [ -77.727597549690088, -8.754440409968566, 0.0 ], [ -77.727653673503198, -8.754444792938234, 0.0 ], [ -77.727661688349528, -8.754445776897205, 0.0 ], [ -77.727663636277185, -8.754446126066689, 0.0 ], [ -77.727684386757488, -8.754450076622462, 0.0 ], [ -77.727699599980056, -8.754451921223126, 0.0 ], [ -77.727719903216951, -8.754449337009545, 0.0 ], [ -77.72774508715689, -8.754441269256434, 0.0 ], [ -77.727750883135286, -8.754439620954059, 0.0 ], [ -77.727786017917794, -8.754430876040837, 0.0 ], [ -77.727791640880213, -8.754429663587386, 0.0 ], [ -77.727807401085556, -8.754428177414702, 0.0 ], [ -77.727827395149234, -8.75442803316902, 0.0 ], [ -77.727832411019605, -8.75442813522338, 0.0 ], [ -77.727850466132566, -8.754428997952012, 0.0 ], [ -77.727854997770251, -8.754429327576723, 0.0 ], [ -77.727873058567269, -8.754431094703641, 0.0 ], [ -77.727879291271435, -8.754431921650365, 0.0 ], [ -77.727895452197245, -8.754436194437611, 0.0 ], [ -77.727913490476411, -8.754442970933203, 0.0 ], [ -77.727926205087456, -8.754448909405875, 0.0 ], [ -77.727939302519147, -8.754457901781123, 0.0 ], [ -77.727969954666122, -8.754483209160639, 0.0 ], [ -77.727980772178341, -8.754493777487612, 0.0 ], [ -77.72799995982291, -8.754515943759101, 0.0 ], [ -77.728006805454271, -8.754520617154709, 0.0 ], [ -77.728037559326864, -8.754538698208339, 0.0 ], [ -77.728048442678698, -8.754546213006584, 0.0 ], [ -77.728088618468945, -8.754578518218009, 0.0 ], [ -77.728110353757813, -8.754593224570328, 0.0 ], [ -77.728117151485435, -8.75459830309315, 0.0 ], [ -77.728120095258674, -8.754600831633338, 0.0 ], [ -77.728153563632361, -8.754630852299044, 0.0 ], [ -77.728157360827637, -8.754634461635534, 0.0 ], [ -77.728190934058844, -8.754668275489868, 0.0 ], [ -77.728195467354226, -8.754673192353064, 0.0 ], [ -77.72820230429997, -8.754682279582637, 0.0 ], [ -77.728229605061216, -8.754723763636473, 0.0 ], [ -77.728254310167017, -8.754759517212989, 0.0 ], [ -77.728257790139381, -8.754764959401921, 0.0 ], [ -77.728259228111355, -8.754767488867076, 0.0 ], [ -77.728278951941633, -8.75480352505002, 0.0 ], [ -77.728319198057548, -8.754878853414402, 0.0 ], [ -77.728354347230805, -8.754929007170993, 0.0 ], [ -77.728389695246236, -8.754965325439311, 0.0 ], [ -77.728429774341834, -8.754991832392344, 0.0 ], [ -77.728431833490191, -8.754993235181216, 0.0 ], [ -77.728490065120155, -8.755034086684239, 0.0 ], [ -77.728545242572181, -8.755061253569272, 0.0 ], [ -77.728550045589216, -8.755063800309943, 0.0 ], [ -77.728597277317036, -8.755090869119828, 0.0 ], [ -77.728640743981501, -8.755112881799564, 0.0 ], [ -77.72864438193514, -8.755114828867148, 0.0 ], [ -77.728647012477552, -8.755116373903416, 0.0 ], [ -77.728687558178876, -8.755141103809301, 0.0 ], [ -77.728690731707587, -8.75514313012523, 0.0 ], [ -77.72872813970406, -8.755168130239767, 0.0 ], [ -77.72876707072362, -8.755194493635138, 0.0 ], [ -77.728776786075272, -8.755199258336161, 0.0 ], [ -77.728785268615056, -8.755201481252142, 0.0 ], [ -77.728798674737035, -8.755201735967358, 0.0 ], [ -77.72882606117966, -8.755198164496795, 0.0 ], [ -77.728836311708491, -8.755195365446241, 0.0 ], [ -77.72884005789534, -8.755193099444639, 0.0 ], [ -77.728866448850312, -8.755175069543062, 0.0 ], [ -77.728871881219362, -8.755171633037406, 0.0 ], [ -77.728873583401906, -8.755170663906599, 0.0 ], [ -77.728914606320757, -8.755147875180777, 0.0 ], [ -77.728927209985201, -8.755142082895755, 0.0 ], [ -77.728954852105744, -8.755131852318209, 0.0 ], [ -77.728965306990176, -8.755128681340151, 0.0 ], [ -77.728998050812251, -8.755120857097305, 0.0 ], [ -77.729002842420712, -8.755119846692006, 0.0 ], [ -77.729012326089233, -8.755118621711542, 0.0 ], [ -77.729032187578611, -8.755117108587354, 0.0 ], [ -77.72905168599884, -8.755114006052462, 0.0 ], [ -77.729065365366495, -8.755112874569582, 0.0 ], [ -77.729087233883973, -8.755112715812384, 0.0 ], [ -77.729098480171587, -8.7551133294519, 0.0 ], [ -77.729119616754957, -8.755115797133996, 0.0 ], [ -77.729124152513592, -8.755116442044899, 0.0 ], [ -77.729128465307241, -8.755117273790077, 0.0 ], [ -77.729145716913706, -8.755121033560846, 0.0 ], [ -77.729151128817875, -8.755122387747408, 0.0 ], [ -77.729174515331692, -8.755129005389104, 0.0 ], [ -77.72919914428239, -8.755134876775081, 0.0 ], [ -77.729206391284762, -8.755136924278858, 0.0 ], [ -77.729222306632209, -8.755142139349033, 0.0 ], [ -77.729224336984927, -8.755142831257558, 0.0 ], [ -77.729228350605624, -8.755144359076629, 0.0 ], [ -77.72924096957064, -8.755149506684422, 0.0 ], [ -77.729251351621471, -8.755154530391462, 0.0 ], [ -77.729255655449791, -8.755157121384007, 0.0 ], [ -77.729272960428531, -8.755168198499526, 0.0 ], [ -77.729278443760109, -8.755171998943322, 0.0 ], [ -77.729295763473743, -8.755184971569168, 0.0 ], [ -77.729299315939414, -8.755187773991231, 0.0 ], [ -77.729327132623169, -8.755211066017164, 0.0 ], [ -77.729330064305131, -8.755213553972109, 0.0 ], [ -77.729339296092377, -8.755218512793274, 0.0 ], [ -77.729347416260438, -8.755222479424907, 0.0 ], [ -77.729353736930619, -8.75522490586912, 0.0 ], [ -77.729356457542025, -8.755225226861659, 0.0 ], [ -77.729367920354633, -8.755225144109852, 0.0 ], [ -77.729375597957244, -8.755225089587398, 0.0 ], [ -77.729383848495232, -8.755224143656523, 0.0 ], [ -77.72939307441159, -8.755223192491083, 0.0 ], [ -77.729410410622933, -8.755219624865349, 0.0 ], [ -77.729412389528918, -8.755219240129406, 0.0 ], [ -77.729422797275177, -8.755217949737263, 0.0 ], [ -77.729451990318822, -8.755216023168215, 0.0 ], [ -77.729457342782737, -8.755215827311467, 0.0 ], [ -77.729460986859522, -8.75521587418981, 0.0 ], [ -77.729483609389419, -8.755216614403547, 0.0 ], [ -77.729487781577035, -8.755216846307887, 0.0 ], [ -77.729512276405458, -8.755218772898225, 0.0 ], [ -77.729521768506544, -8.755218704369442, 0.0 ], [ -77.729528959580108, -8.755218936163089, 0.0 ], [ -77.729547096015565, -8.755220237329018, 0.0 ], [ -77.729561020851193, -8.755220136796467, 0.0 ], [ -77.729577638624676, -8.755221543796353, 0.0 ], [ -77.729595200070207, -8.755224824239981, 0.0 ], [ -77.729608845423442, -8.755228492563321, 0.0 ], [ -77.72962408110908, -8.755235530434302, 0.0 ], [ -77.729644885500463, -8.755247862572954, 0.0 ], [ -77.729648245433722, -8.75524904724508, 0.0 ], [ -77.729661445293317, -8.755236963832965, 0.0 ], [ -77.729663069484246, -8.755235512774219, 0.0 ], [ -77.729675992849664, -8.755224246347231, 0.0 ], [ -77.729689508557499, -8.755214624595643, 0.0 ], [ -77.729711885688388, -8.755201645476859, 0.0 ], [ -77.729721641338116, -8.755195624355428, 0.0 ], [ -77.729723541158933, -8.755194483026235, 0.0 ], [ -77.729729340081576, -8.755191371847326, 0.0 ], [ -77.729756801358818, -8.755177894312041, 0.0 ], [ -77.729761470361836, -8.755175764398713, 0.0 ], [ -77.729765208828368, -8.755174184228812, 0.0 ], [ -77.729800094598005, -8.755152848345618, 0.0 ], [ -77.72981519344809, -8.755145611336578, 0.0 ], [ -77.729817176350139, -8.755144903104219, 0.0 ], [ -77.729876414436035, -8.755124510864736, 0.0 ], [ -77.729879622824598, -8.755123472124952, 0.0 ], [ -77.729935442209708, -8.755106538900604, 0.0 ], [ -77.729945511880345, -8.755104098928985, 0.0 ], [ -77.729947837648979, -8.755103704457747, 0.0 ], [ -77.730001173136003, -8.755095369132045, 0.0 ], [ -77.730009304124422, -8.755094470132338, 0.0 ], [ -77.730065144079276, -8.755090815097653, 0.0 ], [ -77.730070447517534, -8.755090622297434, 0.0 ], [ -77.730129532437445, -8.755090195645193, 0.0 ], [ -77.730133240095498, -8.755090243865313, 0.0 ], [ -77.73017139596142, -8.755091518802912, 0.0 ], [ -77.730228692708707, -8.755091105047837, 0.0 ], [ -77.730231310303765, -8.755091124093742, 0.0 ], [ -77.73028801135483, -8.755092340994629, 0.0 ], [ -77.730292292234552, -8.755092533253393, 0.0 ], [ -77.730334066168098, -8.755095394856445, 0.0 ], [ -77.730356432596608, -8.755095766419526, 0.0 ], [ -77.730378357014786, -8.755091571996614, 0.0 ], [ -77.730415297951112, -8.755080435690701, 0.0 ], [ -77.730435119854619, -8.755073999418467, 0.0 ], [ -77.730446879451662, -8.755071028601158, 0.0 ], [ -77.730453340821825, -8.755070084727466, 0.0 ], [ -77.730469204502555, -8.755068343797909, 0.0 ], [ -77.730478503319006, -8.755067801382705, 0.0 ], [ -77.730498498280269, -8.755067656978863, 0.0 ], [ -77.730503734917676, -8.755067769146446, 0.0 ], [ -77.730517894526272, -8.755068480066203, 0.0 ], [ -77.730528637247502, -8.755069660201791, 0.0 ], [ -77.730539163027203, -8.755072101431528, 0.0 ], [ -77.730549323578273, -8.755075769588487, 0.0 ], [ -77.730570208814754, -8.755084742646511, 0.0 ], [ -77.730577898664791, -8.755088483762158, 0.0 ], [ -77.730599369827516, -8.755100212885502, 0.0 ], [ -77.730612974217735, -8.75510946982997, 0.0 ], [ -77.730618861680867, -8.755114759971296, 0.0 ], [ -77.730648636950789, -8.755143962209067, 0.0 ], [ -77.730655993012775, -8.755150998214253, 0.0 ], [ -77.73067514649108, -8.75516136618038, 0.0 ], [ -77.730679376893548, -8.755163851066897, 0.0 ], [ -77.730710565432176, -8.755183358100071, 0.0 ], [ -77.7307763225093, -8.755215976015222, 0.0 ], [ -77.730820722467584, -8.755237931965096, 0.0 ], [ -77.730859179925417, -8.755253652169174, 0.0 ], [ -77.730878211242498, -8.75525922684905, 0.0 ], [ -77.730897666489966, -8.755262284832186, 0.0 ], [ -77.730933314419545, -8.755265251148156, 0.0 ], [ -77.730940197477608, -8.755266087796841, 0.0 ], [ -77.731011684472023, -8.75527755228191, 0.0 ], [ -77.731023768014438, -8.755280391543941, 0.0 ], [ -77.731054991589588, -8.755290012715607, 0.0 ], [ -77.731058563118594, -8.755291194941664, 0.0 ], [ -77.731063932285466, -8.755293288497899, 0.0 ], [ -77.731136652942666, -8.755324331769167, 0.0 ], [ -77.731164939999772, -8.75533665131559, 0.0 ], [ -77.731192420738097, -8.755348620691677, 0.0 ], [ -77.731242676314551, -8.755371623036934, 0.0 ], [ -77.731281117947532, -8.755390024992822, 0.0 ], [ -77.731286564295075, -8.755392862499821, 0.0 ], [ -77.731291780659689, -8.755396045011278, 0.0 ], [ -77.731347291408085, -8.755432521729208, 0.0 ], [ -77.731359349119003, -8.755439162333738, 0.0 ], [ -77.731382680807315, -8.755447100280371, 0.0 ], [ -77.731418926847084, -8.755449637561668, 0.0 ], [ -77.731446205648624, -8.755451608959538, 0.0 ], [ -77.731464470887502, -8.755452889219429, 0.0 ], [ -77.73147923783462, -8.755453440302272, 0.0 ], [ -77.731491348035632, -8.755454705397302, 0.0 ], [ -77.73150351374737, -8.755456856457918, 0.0 ], [ -77.731517125246043, -8.755460365023012, 0.0 ], [ -77.731530029676364, -8.755465922490531, 0.0 ], [ -77.731541917274768, -8.755473395568456, 0.0 ], [ -77.731552503363105, -8.755482603799777, 0.0 ], [ -77.731561532948859, -8.755493327661082, 0.0 ], [ -77.731566753785671, -8.75550060585571, 0.0 ], [ -77.731572654889163, -8.75551000153688, 0.0 ], [ -77.731577355540509, -8.755520046497155, 0.0 ], [ -77.731580785598155, -8.755530587642594, 0.0 ], [ -77.731583956163249, -8.755595156584423, 0.0 ], [ -77.731596240841995, -8.75587373311372, 0.0 ], [ -77.731695007998411, -8.756236391032887, 0.0 ], [ -77.731831871614148, -8.756550962148035, 0.0 ], [ -77.732093892842371, -8.756893315755867, 0.0 ], [ -77.732460402281404, -8.75720529226458, 0.0 ], [ -77.733170543920991, -8.757440262869697, 0.0 ], [ -77.733588251308092, -8.75766260853033, 0.0 ], [ -77.734089448921097, -8.758054898576891, 0.0 ], [ -77.734247459022995, -8.758307025505749, 0.0 ], [ -77.734574270505249, -8.758575502843959, 0.0 ], [ -77.735069570593652, -8.758866950661776, 0.0 ], [ -77.735418707235354, -8.759080574613975, 0.0 ], [ -77.735948937404345, -8.759134751100044, 0.0 ], [ -77.736730396033039, -8.759654165821882, 0.0 ], [ -77.73694753221649, -8.760130752195396, 0.0 ], [ -77.737212597068975, -8.760872805042984, 0.0 ], [ -77.737408072345929, -8.761599892257564, 0.0 ], [ -77.738094832853903, -8.762822344729052, 0.0 ], [ -77.738270072887659, -8.76345492540838, 0.0 ], [ -77.738343379257799, -8.764636715834332, 0.0 ], [ -77.738313074472742, -8.76559361097625, 0.0 ], [ -77.738077301968161, -8.766621124196437, 0.0 ], [ -77.738089369614428, -8.767193530758895, 0.0 ], [ -77.738310153542713, -8.768048783959751, 0.0 ], [ -77.73850722274949, -8.768529280477161, 0.0 ], [ -77.73894875273399, -8.769249024705978, 0.0 ], [ -77.73919943305377, -8.770062283891052, 0.0 ], [ -77.739382547319678, -8.770577951869097, 0.0 ], [ -77.739319821405559, -8.771019173388192, 0.0 ], [ -77.739696171151095, -8.771705415797387, 0.0 ], [ -77.739943156819251, -8.771894115178959, 0.0 ], [ -77.740704119295174, -8.771993525031938, 0.0 ], [ -77.741589736593284, -8.772356158173338, 0.0 ], [ -77.742013335835011, -8.772737351776916, 0.0 ], [ -77.742210184669119, -8.77300672423733, 0.0 ], [ -77.742392198768542, -8.773370729378222, 0.0 ], [ -77.742606897373761, -8.773548262957737, 0.0 ], [ -77.743029272648343, -8.773662995021631, 0.0 ], [ -77.743426678338466, -8.773712917547277, 0.0 ], [ -77.743787114394564, -8.773885632742861, 0.0 ], [ -77.744170724547601, -8.774216151135676, 0.0 ], [ -77.744678641653465, -8.774369286474469, 0.0 ], [ -77.745211982557464, -8.774614689957438, 0.0 ], [ -77.746164474555414, -8.775095562527534, 0.0 ], [ -77.746918650150292, -8.775291045743774, 0.0 ], [ -77.747314886014379, -8.775308361176734, 0.0 ], [ -77.748160842907012, -8.775080908781055, 0.0 ], [ -77.748689574102329, -8.774573995096654, 0.0 ], [ -77.749026446278378, -8.774065123422913, 0.0 ], [ -77.749686687586063, -8.773700858232091, 0.0 ], [ -77.750111572539623, -8.773379584188014, 0.0 ], [ -77.750558385943961, -8.773413638974864, 0.0 ], [ -77.751315710080689, -8.773115957204148, 0.0 ], [ -77.751821992074795, -8.772743137997287, 0.0 ], [ -77.752073826914341, -8.772450719797297, 0.0 ], [ -77.752146602639073, -8.772092922393343, 0.0 ], [ -77.752341115233762, -8.771888080166804, 0.0 ], [ -77.75251611242831, -8.771473739580006, 0.0 ], [ -77.752546632131555, -8.771041228609349, 0.0 ], [ -77.752989843901489, -8.770408802140032, 0.0 ], [ -77.754020153870144, -8.769187972989211, 0.0 ], [ -77.755527828387542, -8.767977583215302, 0.0 ], [ -77.75622079361284, -8.767724313640393, 0.0 ], [ -77.757015216753388, -8.767601304693814, 0.0 ], [ -77.757625935953214, -8.76758642425272, 0.0 ], [ -77.759635979776832, -8.768590838246269, 0.0 ], [ -77.760332331720321, -8.768960854064847, 0.0 ], [ -77.760898545696904, -8.768972125434139, 0.0 ], [ -77.761223420630714, -8.768850384426983, 0.0 ], [ -77.762186028487164, -8.769123011460847, 0.0 ], [ -77.762654767209042, -8.769237919518801, 0.0 ], [ -77.763035204517777, -8.769303226315317, 0.0 ], [ -77.763514803451372, -8.769185539758878, 0.0 ], [ -77.764183294878748, -8.768701454221841, 0.0 ], [ -77.764667171329648, -8.768551057077882, 0.0 ], [ -77.765188398063501, -8.768605407461724, 0.0 ], [ -77.767061296036601, -8.768809304771009, 0.0 ], [ -77.768018780405583, -8.769242523566792, 0.0 ], [ -77.768804290435028, -8.769292461145209, 0.0 ], [ -77.769690261837994, -8.769141806196382, 0.0 ], [ -77.770838779105603, -8.768440250810679, 0.0 ], [ -77.771398518381034, -8.768124952436693, 0.0 ], [ -77.771892283154301, -8.768131958935838, 0.0 ], [ -77.772280412846911, -8.768006136648269, 0.0 ], [ -77.772664674772543, -8.767677117330066, 0.0 ], [ -77.773115451161132, -8.767202706294938, 0.0 ], [ -77.773943081939336, -8.766300385155345, 0.0 ], [ -77.774506395199282, -8.765957145736614, 0.0 ], [ -77.775592471100751, -8.765622070443909, 0.0 ], [ -77.776170849010981, -8.765287609927716, 0.0 ], [ -77.777249048321821, -8.764882309093577, 0.0 ], [ -77.778509948894083, -8.764730754089905, 0.0 ], [ -77.779965352045053, -8.764553852432323, 0.0 ], [ -77.780443457469474, -8.764408070771761, 0.0 ], [ -77.780890228574492, -8.764253229567043, 0.0 ], [ -77.781364987132648, -8.764050324478323, 0.0 ], [ -77.781887700534867, -8.764090056796601, 0.0 ], [ -77.782489716950991, -8.764239077460623, 0.0 ], [ -77.78292207046529, -8.764475669068279, 0.0 ], [ -77.783601180969711, -8.764839044053948, 0.0 ], [ -77.784266066109865, -8.764950968387915, 0.0 ], [ -77.784559762889756, -8.764876732982374, 0.0 ], [ -77.78474212118104, -8.764669096953716, 0.0 ], [ -77.78477725527209, -8.764258146086142, 0.0 ], [ -77.785404669618927, -8.763884243129127, 0.0 ], [ -77.78605961363202, -8.763660143572068, 0.0 ], [ -77.78669601920123, -8.763713033832936, 0.0 ], [ -77.787454737098045, -8.76392480758582, 0.0 ], [ -77.788229173973718, -8.764438960020239, 0.0 ], [ -77.788739171595864, -8.764688609640757, 0.0 ], [ -77.789240476897447, -8.765018015950552, 0.0 ], [ -77.790216813026376, -8.765457605290047, 0.0 ], [ -77.79078364624759, -8.765630132219785, 0.0 ], [ -77.791152807197946, -8.766165799992647, 0.0 ], [ -77.791624968257494, -8.766448602955622, 0.0 ], [ -77.792284699527286, -8.766329951095715, 0.0 ], [ -77.792949462120788, -8.765927283570209, 0.0 ], [ -77.793378659606148, -8.765788936989422, 0.0 ], [ -77.79404611590752, -8.766177905349794, 0.0 ], [ -77.794554433735982, -8.765972216919549, 0.0 ], [ -77.795038954167978, -8.76556295866513, 0.0 ], [ -77.795959932200319, -8.765128167285743, 0.0 ], [ -77.796753464023794, -8.76495431433688, 0.0 ], [ -77.797474929585562, -8.764956179639505, 0.0 ], [ -77.797673050596373, -8.76532525669475, 0.0 ], [ -77.798053702167479, -8.765536097186606, 0.0 ], [ -77.798450685478414, -8.765553059273543, 0.0 ], [ -77.799438627312071, -8.765110284426617, 0.0 ], [ -77.800005057985899, -8.763955372006228, 0.0 ], [ -77.801166011356401, -8.762783049462445, 0.0 ], [ -77.801921796720052, -8.76182181898413, 0.0 ], [ -77.802407970592185, -8.761456439607676, 0.0 ], [ -77.803022190261743, -8.761512944772001, 0.0 ], [ -77.803672858999533, -8.761504019318501, 0.0 ], [ -77.804271466968785, -8.761129209897105, 0.0 ], [ -77.805031325542416, -8.760550234134005, 0.0 ], [ -77.806509057458058, -8.760319070971082, 0.0 ], [ -77.808231313987278, -8.760495072571903, 0.0 ], [ -77.809424735947175, -8.76103015522486, 0.0 ], [ -77.810346444218652, -8.761788814764188, 0.0 ], [ -77.811264439454618, -8.762409864852049, 0.0 ], [ -77.811670115623997, -8.76240988215487, 0.0 ], [ -77.812091274029271, -8.762129655046492, 0.0 ], [ -77.812232583073694, -8.762178241827844, 0.0 ], [ -77.812418414186965, -8.762363029270979, 0.0 ], [ -77.812487507174666, -8.762687856069212, 0.0 ], [ -77.812751580454133, -8.762869689937354, 0.0 ], [ -77.813022349098077, -8.762732914096887, 0.0 ], [ -77.813560616367667, -8.762731011250576, 0.0 ], [ -77.813988893244527, -8.762997616282345, 0.0 ], [ -77.814507201221559, -8.764090027076135, 0.0 ], [ -77.814900706620932, -8.765534137039911, 0.0 ], [ -77.814930336486114, -8.766466347844478, 0.0 ], [ -77.815100977028166, -8.767764643152331, 0.0 ], [ -77.815284341644102, -8.768601811979439, 0.0 ], [ -77.815504712066797, -8.76889849945357, 0.0 ], [ -77.815527352893781, -8.768928976357481, 0.0 ], [ -77.815815603601493, -8.769115029401604, 0.0 ], [ -77.816618196450719, -8.76988933350728, 0.0 ], [ -77.817671369423465, -8.770556660716069, 0.0 ], [ -77.818620900985962, -8.77145513273198, 0.0 ], [ -77.819572482423439, -8.771843249389988, 0.0 ], [ -77.820371203926967, -8.772143891588096, 0.0 ], [ -77.820825654945637, -8.772512606030508, 0.0 ], [ -77.821637236370208, -8.772494874228391, 0.0 ], [ -77.82199616559916, -8.772847321288017, 0.0 ], [ -77.822179349496437, -8.773047578826656, 0.0 ], [ -77.82224726965471, -8.773316580406544, 0.0 ], [ -77.822424903303173, -8.773661152034224, 0.0 ], [ -77.823161301199249, -8.773799458846415, 0.0 ], [ -77.823707541352348, -8.774102006340133, 0.0 ], [ -77.823886306379606, -8.775045080847455, 0.0 ], [ -77.823546768980449, -8.77547920179444, 0.0 ], [ -77.822968459764837, -8.775841918155981, 0.0 ], [ -77.822807585091994, -8.776003374494119, 0.0 ], [ -77.822704375360729, -8.776334454242773, 0.0 ], [ -77.82287439370252, -8.776659562646929, 0.0 ], [ -77.823451892929143, -8.776974554529007, 0.0 ], [ -77.825804378218947, -8.776956959068002, 0.0 ], [ -77.825986888987572, -8.776459507569742, 0.0 ], [ -77.826188172778899, -8.776076389758666, 0.0 ], [ -77.826602042192931, -8.776027309374639, 0.0 ], [ -77.827130175886182, -8.775983383780789, 0.0 ], [ -77.82748407802481, -8.776443838870518, 0.0 ], [ -77.82789117520197, -8.776532894796352, 0.0 ], [ -77.828508154915482, -8.77653700477221, 0.0 ], [ -77.829262018427968, -8.77638203987294, 0.0 ], [ -77.829851192769567, -8.776828357492978, 0.0 ], [ -77.830329126557487, -8.777924849346421, 0.0 ], [ -77.830958587299421, -8.779166010581994, 0.0 ], [ -77.83134462147882, -8.780183021566131, 0.0 ], [ -77.831547763112283, -8.780935720366713, 0.0 ], [ -77.831552888496986, -8.781477676383432, 0.0 ], [ -77.831420161165312, -8.782031694647998, 0.0 ], [ -77.831293776035565, -8.782615793912706, 0.0 ], [ -77.831417968634753, -8.783573413689044, 0.0 ], [ -77.831535300743056, -8.783834122565855, 0.0 ], [ -77.83168317611964, -8.783957183848781, 0.0 ], [ -77.831809451517373, -8.78393238275798, 0.0 ], [ -77.831979893747913, -8.784100132865872, 0.0 ], [ -77.832179450135115, -8.784239981147113, 0.0 ], [ -77.832365708549517, -8.784413166578309, 0.0 ], [ -77.832470673853308, -8.784617334500705, 0.0 ], [ -77.832672538732169, -8.784754950644672, 0.0 ], [ -77.832996744037288, -8.78486705562441, 0.0 ], [ -77.833285976692267, -8.784880362642886, 0.0 ], [ -77.833413692673744, -8.785016935756301, 0.0 ], [ -77.833517413346414, -8.785243420697631, 0.0 ], [ -77.833654626315834, -8.785397873954301, 0.0 ], [ -77.834029393268608, -8.785433900412862, 0.0 ], [ -77.834258563896043, -8.785289504431049, 0.0 ], [ -77.834475149560205, -8.78528277158447, 0.0 ], [ -77.834949164393237, -8.785437118026254, 0.0 ], [ -77.835259547790756, -8.785444986232946, 0.0 ], [ -77.835486684700498, -8.785531742578554, 0.0 ], [ -77.835634506550875, -8.785632020528952, 0.0 ], [ -77.836043038745188, -8.786050623055205, 0.0 ], [ -77.83661817863414, -8.786591570425063, 0.0 ], [ -77.836842369784776, -8.787110801262433, 0.0 ], [ -77.837041925186568, -8.787633546535481, 0.0 ], [ -77.83723099626306, -8.788071959765791, 0.0 ], [ -77.83750773824886, -8.788231903519604, 0.0 ], [ -77.837833802075465, -8.787986548791444, 0.0 ], [ -77.838222587045152, -8.787925461517117, 0.0 ], [ -77.838718051125554, -8.787568535280188, 0.0 ], [ -77.839354046171692, -8.787268110343181, 0.0 ], [ -77.840066881513138, -8.787585094394865, 0.0 ], [ -77.840771165453376, -8.787636004857475, 0.0 ], [ -77.841614019992605, -8.787077682873376, 0.0 ], [ -77.84279307574748, -8.787208778031388, 0.0 ], [ -77.844290216995319, -8.787302333437886, 0.0 ], [ -77.845544201073011, -8.787885038034023, 0.0 ], [ -77.845920627754509, -8.788012235764837, 0.0 ], [ -77.846243263918169, -8.787859736146357, 0.0 ], [ -77.846170467598427, -8.78749905314271, 0.0 ], [ -77.846292079987165, -8.787226506188208, 0.0 ], [ -77.846756104895519, -8.787067120796985, 0.0 ], [ -77.847118329268454, -8.787186958689155, 0.0 ], [ -77.847512770956286, -8.787289873184788, 0.0 ], [ -77.847702062643236, -8.78729452792486, 0.0 ], [ -77.84778679231087, -8.787139631010421, 0.0 ], [ -77.847868114612069, -8.786570561810274, 0.0 ], [ -77.848158383284428, -8.785705149115026, 0.0 ], [ -77.848405983188385, -8.784900111246214, 0.0 ], [ -77.849391339274945, -8.782862124450542, 0.0 ], [ -77.849894330279298, -8.781983442473974, 0.0 ], [ -77.850532852416748, -8.78132136396616, 0.0 ], [ -77.85112136107621, -8.780400285146344, 0.0 ], [ -77.851436742709808, -8.780028558076999, 0.0 ], [ -77.851627778237258, -8.779687661004209, 0.0 ], [ -77.852100373033778, -8.778778016489978, 0.0 ], [ -77.852517061907591, -8.778314894864133, 0.0 ], [ -77.852742185535533, -8.77781664277256, 0.0 ], [ -77.853063559783067, -8.776914631819318, 0.0 ], [ -77.853685840853217, -8.77565517749718, 0.0 ], [ -77.854171960840844, -8.774971399312994, 0.0 ], [ -77.856547830457572, -8.772317292234506, 0.0 ], [ -77.857235246778501, -8.771506151604942, 0.0 ], [ -77.858952703641251, -8.77012377358176, 0.0 ], [ -77.861717243089956, -8.767650237980311, 0.0 ], [ -77.862417586158074, -8.766793444644779, 0.0 ], [ -77.862518623216445, -8.766564452397308, 0.0 ], [ -77.862827212465604, -8.766175110252751, 0.0 ], [ -77.863292885389185, -8.765655921279999, 0.0 ], [ -77.863847188289299, -8.765186286510001, 0.0 ], [ -77.864258609303889, -8.764824436239438, 0.0 ], [ -77.864362308049735, -8.764669685314553, 0.0 ], [ -77.864493244839366, -8.76458882485864, 0.0 ], [ -77.864825185382614, -8.764596570866651, 0.0 ], [ -77.865299974702737, -8.764432767269939, 0.0 ], [ -77.86624156378906, -8.763285272347856, 0.0 ], [ -77.86650443739326, -8.763027207178776, 0.0 ], [ -77.86661971743402, -8.762764982404793, 0.0 ], [ -77.866803371733823, -8.762482486956714, 0.0 ], [ -77.866961642297653, -8.762318343347651, 0.0 ], [ -77.867193371432577, -8.762228876493101, 0.0 ], [ -77.867678137741564, -8.761953607530657, 0.0 ], [ -77.867911920296791, -8.76183060559743, 0.0 ], [ -77.868017411988873, -8.76159841204969, 0.0 ], [ -77.868045907205087, -8.761330763309678, 0.0 ], [ -77.868173950495802, -8.761185159755172, 0.0 ], [ -77.868392397954338, -8.761154028571855, 0.0 ], [ -77.868697218182007, -8.761116353763082, 0.0 ], [ -77.868943165117813, -8.760967929558102, 0.0 ], [ -77.869760326755497, -8.759976547366746, 0.0 ], [ -77.870002437596924, -8.759651830142907, 0.0 ], [ -77.870171665319191, -8.759463398024963, 0.0 ], [ -77.870391962526043, -8.759188360800536, 0.0 ], [ -77.870708741984146, -8.758971779793214, 0.0 ], [ -77.870823223217315, -8.758903157285744, 0.0 ], [ -77.870918817376719, -8.75880920511036, 0.0 ], [ -77.870919869886635, -8.758806721713722, 0.0 ], [ -77.870952770148577, -8.758732224204136, 0.0 ], [ -77.870954032335959, -8.758729491674528, 0.0 ], [ -77.870980346412381, -8.75867491606671, 0.0 ], [ -77.870983235576702, -8.758669415712635, 0.0 ], [ -77.870991253613397, -8.758657626458945, 0.0 ], [ -77.871040135521483, -8.758596708061068, 0.0 ], [ -77.871069562883818, -8.758550688682693, 0.0 ], [ -77.871076175304978, -8.758541639372023, 0.0 ], [ -77.871086881075854, -8.758530761135326, 0.0 ], [ -77.87111587144409, -8.758505893485951, 0.0 ], [ -77.871129431467367, -8.758496324317024, 0.0 ], [ -77.87116545782925, -8.758475827309617, 0.0 ], [ -77.871174799470012, -8.758471200334849, 0.0 ], [ -77.871243689714476, -8.758441862912365, 0.0 ], [ -77.871247715783568, -8.758440260354005, 0.0 ], [ -77.871258916118165, -8.75843690754785, 0.0 ], [ -77.871304142664684, -8.758426481638125, 0.0 ], [ -77.871417329198735, -8.758402173102715, 0.0 ], [ -77.871420250704006, -8.758401596198258, 0.0 ], [ -77.87150215735447, -8.758386990551056, 0.0 ], [ -77.871596185517475, -8.758363758074879, 0.0 ], [ -77.871598871487919, -8.758363137787434, 0.0 ], [ -77.871734318506896, -8.758333983864336, 0.0 ], [ -77.871840778567048, -8.758301514152999, 0.0 ], [ -77.871925988731462, -8.758273291215703, 0.0 ], [ -77.872004977467739, -8.758248268514407, 0.0 ], [ -77.872063477804971, -8.758223652660579, 0.0 ], [ -77.872150331342112, -8.75818179618107, 0.0 ], [ -77.872156587230009, -8.75817906544976, 0.0 ], [ -77.872225026765491, -8.758152197677353, 0.0 ], [ -77.872332459448927, -8.758108516128072, 0.0 ], [ -77.872392572008749, -8.758078510769304, 0.0 ], [ -77.872424489396607, -8.758057824468739, 0.0 ], [ -77.872459406134993, -8.758024586606542, 0.0 ], [ -77.87246090380232, -8.758023192975896, 0.0 ], [ -77.87249414447561, -8.757992951879791, 0.0 ], [ -77.872496525822569, -8.757990860408784, 0.0 ], [ -77.872498940733678, -8.757988882514809, 0.0 ], [ -77.872534016065288, -8.757961161592567, 0.0 ], [ -77.872589068418378, -8.757916707278991, 0.0 ], [ -77.872592240713431, -8.757914259265112, 0.0 ], [ -77.87264994679262, -8.757871728956717, 0.0 ], [ -77.872653024047835, -8.757869558114409, 0.0 ], [ -77.872680137682849, -8.757851259942493, 0.0 ], [ -77.872714407680988, -8.757818833748034, 0.0 ], [ -77.872732055817806, -8.757792459492023, 0.0 ], [ -77.872761085997837, -8.757740047707022, 0.0 ], [ -77.872803880865433, -8.757663342873492, 0.0 ], [ -77.872837132852993, -8.757602776263907, 0.0 ], [ -77.872845245609341, -8.757590679109791, 0.0 ], [ -77.872867958706365, -8.757562117998191, 0.0 ], [ -77.872879677604956, -8.757550145208619, 0.0 ], [ -77.87288226311361, -8.757548033212778, 0.0 ], [ -77.872912184347271, -8.757524501809224, 0.0 ], [ -77.872914761088069, -8.757522548883507, 0.0 ], [ -77.872947004220393, -8.75749900073218, 0.0 ], [ -77.872954915905055, -8.75749383079525, 0.0 ], [ -77.873031684036377, -8.757449418266553, 0.0 ], [ -77.87314742569167, -8.757378088107638, 0.0 ], [ -77.873161503552836, -8.757369506922981, 0.0 ], [ -77.873240280794732, -8.75732148615656, 0.0 ], [ -77.873340046878596, -8.757262561334603, 0.0 ], [ -77.873411874982708, -8.757216399330174, 0.0 ], [ -77.873478417010233, -8.75717366988127, 0.0 ], [ -77.873540496356014, -8.75712559082112, 0.0 ], [ -77.873584600214969, -8.757088806670433, 0.0 ], [ -77.873621949278075, -8.757045600805604, 0.0 ], [ -77.873665478751093, -8.756982751675814, 0.0 ], [ -77.87366824755874, -8.756978967843677, 0.0 ], [ -77.873703614314195, -8.756933175173453, 0.0 ], [ -77.873705614753433, -8.756930677341769, 0.0 ], [ -77.873707075434908, -8.756928962369489, 0.0 ], [ -77.873747975492293, -8.756882134760168, 0.0 ], [ -77.873753323754897, -8.756876516327706, 0.0 ], [ -77.873778817966567, -8.756851935336648, 0.0 ], [ -77.87378311523878, -8.756848049540309, 0.0 ], [ -77.873794641519453, -8.756839735282146, 0.0 ], [ -77.87385626728009, -8.756802250542577, 0.0 ], [ -77.873909369446523, -8.756771017284594, 0.0 ], [ -77.873969187662567, -8.756734072975943, 0.0 ], [ -77.87403777500198, -8.756674022749023, 0.0 ], [ -77.874060073399122, -8.756653203532634, 0.0 ], [ -77.874102245755793, -8.756598472075321, 0.0 ], [ -77.87415123170058, -8.756536187640924, 0.0 ], [ -77.874162971978905, -8.756510814117055, 0.0 ], [ -77.874183701776701, -8.756456034302698, 0.0 ], [ -77.87418757541765, -8.75644724430239, 0.0 ], [ -77.87420844997888, -8.756405988614988, 0.0 ], [ -77.87421057455154, -8.756402037125717, 0.0 ], [ -77.874212243868925, -8.756399229224842, 0.0 ], [ -77.874240304910586, -8.756353922124887, 0.0 ], [ -77.874259501054411, -8.75632421959477, 0.0 ], [ -77.874265865672029, -8.756315554298403, 0.0 ], [ -77.87427267279358, -8.756308222711226, 0.0 ], [ -77.874298167827192, -8.756283639894267, 0.0 ], [ -77.874302466889688, -8.756279752275194, 0.0 ], [ -77.874307128841579, -8.756276055230334, 0.0 ], [ -77.874357015784966, -8.756239094264444, 0.0 ], [ -77.874364954874991, -8.756233833760895, 0.0 ], [ -77.874395284356368, -8.756215951043648, 0.0 ], [ -77.8744480657504, -8.756173479734199, 0.0 ], [ -77.874493536719427, -8.756132639591542, 0.0 ], [ -77.874527846435143, -8.756094196194958, 0.0 ], [ -77.874571822443926, -8.756032646388499, 0.0 ], [ -77.87461132244924, -8.755968620896207, 0.0 ], [ -77.874637589028254, -8.755911379600494, 0.0 ], [ -77.874640207629241, -8.755906131548493, 0.0 ], [ -77.874671290292241, -8.755848590731155, 0.0 ], [ -77.874688092308247, -8.755814474185813, 0.0 ], [ -77.874689183719539, -8.755812330181987, 0.0 ], [ -77.874716712168237, -8.755760003877919, 0.0 ], [ -77.874718179963523, -8.755757324892702, 0.0 ], [ -77.874725437852263, -8.755746495415485, 0.0 ], [ -77.87474975891304, -8.75571532920212, 0.0 ], [ -77.874751481494229, -8.75571319033612, 0.0 ], [ -77.874758216479904, -8.755705927955542, 0.0 ], [ -77.874782980927691, -8.755682002055657, 0.0 ], [ -77.874808344477543, -8.755658162845243, 0.0 ], [ -77.874811798815188, -8.755655079375117, 0.0 ], [ -77.874813671250976, -8.755653533825024, 0.0 ], [ -77.874907105195945, -8.755578521733868, 0.0 ], [ -77.874912290831148, -8.755573252352532, 0.0 ], [ -77.874923956533209, -8.755553664045806, 0.0 ], [ -77.87494298506769, -8.755511378033946, 0.0 ], [ -77.874963263387386, -8.755450214426233, 0.0 ], [ -77.874963934919805, -8.755448263335502, 0.0 ], [ -77.874966219915379, -8.755442500156523, 0.0 ], [ -77.874995875452342, -8.755374622329855, 0.0 ], [ -77.874998750918834, -8.755368649582232, 0.0 ], [ -77.875015209363838, -8.755337452819248, 0.0 ], [ -77.875020918207113, -8.755328066151842, 0.0 ], [ -77.875027728035349, -8.75531943631465, 0.0 ], [ -77.875040144813951, -8.755305532084982, 0.0 ], [ -77.875851666206771, -8.753492869932998, 0.0 ], [ -77.875855979423548, -8.753484448805196, 0.0 ], [ -77.875862294308021, -8.753474993387115, 0.0 ], [ -77.876160537060571, -8.753084067859824, 0.0 ], [ -77.876834556303024, -8.752200584905825, 0.0 ], [ -77.87688619414098, -8.752132900350606, 0.0 ], [ -77.877205252039417, -8.751714688220996, 0.0 ], [ -77.877201431667018, -8.749252919298183, 0.0 ], [ -77.877201005438891, -8.748978121908149, 0.0 ], [ -77.877201350276366, -8.748970173650138, 0.0 ], [ -77.877202385329596, -8.748962352946323, 0.0 ], [ -77.877204101455774, -8.748954651735421, 0.0 ], [ -77.877206485485601, -8.748947128840294, 0.0 ], [ -77.877209519702674, -8.748939842214995, 0.0 ], [ -77.877213180907731, -8.748932845338103, 0.0 ], [ -77.877217440460257, -8.748926192633041, 0.0 ], [ -77.877222266967877, -8.748919934930415, 0.0 ], [ -77.877224640806801, -8.748917230989282, 0.0 ], [ -77.877253645385551, -8.74888549255509, 0.0 ], [ -77.87779134975834, -8.748297084730305, 0.0 ], [ -77.878495518124595, -8.747526514652275, 0.0 ], [ -77.878652879791943, -8.747092320120601, 0.0 ], [ -77.879163144368434, -8.745960208091782, 0.0 ], [ -77.879466582578544, -8.745249732637905, 0.0 ], [ -77.879591415335227, -8.744776026994018, 0.0 ], [ -77.879758472915384, -8.744142090363507, 0.0 ], [ -77.880087472454179, -8.742893622998288, 0.0 ], [ -77.880089982656372, -8.742885629372953, 0.0 ], [ -77.880091517208555, -8.742881720324933, 0.0 ], [ -77.880293708406597, -8.742399877362148, 0.0 ], [ -77.880377506080677, -8.742200176595036, 0.0 ], [ -77.880689220598768, -8.7414573251069, 0.0 ], [ -77.880703467999012, -8.741434039362456, 0.0 ], [ -77.880846231753182, -8.741206873090754, 0.0 ], [ -77.881028991334148, -8.740911128950158, 0.0 ], [ -77.881085954734758, -8.740821093948961, 0.0 ], [ -77.881092798156772, -8.740811679697117, 0.0 ], [ -77.881096140547953, -8.740807876146766, 0.0 ], [ -77.881123041883654, -8.740778939868752, 0.0 ], [ -77.881153509345069, -8.740746364567135, 0.0 ], [ -77.881161087922237, -8.740739146364653, 0.0 ], [ -77.881170282980051, -8.740732299817157, 0.0 ], [ -77.881220959009696, -8.740699329528599, 0.0 ], [ -77.881303506240386, -8.740647237872739, 0.0 ], [ -77.88135221413485, -8.74060878973488, 0.0 ], [ -77.881405565247263, -8.740553374297217, 0.0 ], [ -77.881444508869933, -8.740497697186331, 0.0 ], [ -77.88149454789064, -8.740427233328647, 0.0 ], [ -77.881497132856509, -8.74042377161437, 0.0 ], [ -77.881562015449262, -8.740341082601041, 0.0 ], [ -77.881563587760638, -8.740339134599637, 0.0 ], [ -77.881565587577768, -8.740336807520851, 0.0 ], [ -77.881644263671674, -8.740248345458767, 0.0 ], [ -77.881724767415307, -8.740158199053418, 0.0 ], [ -77.881819150048273, -8.740039964389904, 0.0 ], [ -77.881897800064237, -8.739938677515791, 0.0 ], [ -77.882005397320953, -8.739689083028598, 0.0 ], [ -77.881995543064136, -8.739618927719386, 0.0 ], [ -77.881979309408862, -8.739540583545709, 0.0 ], [ -77.881977940441999, -8.739530830670331, 0.0 ], [ -77.881968143227866, -8.739414707850944, 0.0 ], [ -77.881958859030831, -8.739343459572453, 0.0 ], [ -77.881958150464129, -8.739334682788396, 0.0 ], [ -77.881955781392321, -8.739259689593945, 0.0 ], [ -77.881953526735344, -8.739199105127408, 0.0 ], [ -77.881953467299894, -8.739196453129351, 0.0 ], [ -77.881953516516703, -8.739192697224809, 0.0 ], [ -77.881954983838639, -8.739149692151209, 0.0 ], [ -77.881956321215611, -8.739137029532788, 0.0 ], [ -77.881966803737157, -8.739080680051895, 0.0 ], [ -77.881968394499594, -8.739073691712962, 0.0 ], [ -77.881982446099471, -8.739021648793358, 0.0 ], [ -77.881983796105516, -8.739017125018067, 0.0 ], [ -77.882006694902415, -8.738947130609349, 0.0 ], [ -77.882007477316066, -8.73894484351195, 0.0 ], [ -77.882008359019679, -8.738942478868001, 0.0 ], [ -77.882038389797131, -8.738865294951529, 0.0 ], [ -77.88203942359857, -8.738862752982669, 0.0 ], [ -77.882067664901115, -8.73879623946376, 0.0 ], [ -77.882072438225094, -8.738786630468478, 0.0 ], [ -77.88209745129123, -8.738743254692462, 0.0 ], [ -77.882099388065811, -8.738740051773826, 0.0 ], [ -77.882156350782836, -8.738650107136387, 0.0 ], [ -77.882162895512963, -8.73864106194813, 0.0 ], [ -77.882202945847069, -8.738592358083855, 0.0 ], [ -77.882214416368484, -8.738580780155521, 0.0 ], [ -77.882277285170673, -8.738528176017549, 0.0 ], [ -77.882280060286121, -8.738525945125867, 0.0 ], [ -77.882371392350237, -8.738455430830005, 0.0 ], [ -77.882374217545362, -8.738453335973704, 0.0 ], [ -77.882446227036937, -8.738402065272735, 0.0 ], [ -77.882499701743114, -8.738346599197085, 0.0 ], [ -77.882584253743303, -8.738238590229022, 0.0 ], [ -77.882585889899488, -8.738236562240569, 0.0 ], [ -77.8825888882415, -8.738233130806998, 0.0 ], [ -77.882704949204395, -8.738106878615479, 0.0 ], [ -77.882708333027566, -8.73810339004239, 0.0 ], [ -77.882763775415981, -8.738049224361747, 0.0 ], [ -77.882768498739381, -8.738044925160978, 0.0 ], [ -77.882772799247221, -8.738041496463943, 0.0 ], [ -77.88282118959367, -8.738005269509772, 0.0 ], [ -77.882829981124374, -8.737999452311184, 0.0 ], [ -77.882930590310764, -8.737941310179259, 0.0 ], [ -77.882934126783553, -8.73793936981286, 0.0 ], [ -77.883063297232908, -8.737872178406459, 0.0 ], [ -77.883070827203568, -8.737868688085346, 0.0 ], [ -77.88320150055813, -8.737815211804779, 0.0 ], [ -77.883275239240362, -8.737768023068975, 0.0 ], [ -77.883307217687715, -8.737737860105836, 0.0 ], [ -77.883333006338518, -8.737703852317674, 0.0 ], [ -77.883346566897472, -8.737653397760983, 0.0 ], [ -77.883354458064275, -8.737605603575807, 0.0 ], [ -77.883355764699019, -8.737599220889628, 0.0 ], [ -77.883373183162149, -8.737527460472281, 0.0 ], [ -77.883375886825959, -8.737518420124825, 0.0 ], [ -77.883376755156533, -8.737516089009759, 0.0 ], [ -77.883407058392464, -8.737438127895105, 0.0 ], [ -77.883428571880614, -8.737385341598365, 0.0 ], [ -77.883431233331819, -8.737379431930059, 0.0 ], [ -77.883450771144709, -8.737339902130662, 0.0 ], [ -77.883453272046836, -8.737335196139332, 0.0 ], [ -77.883458093781627, -8.737327637542631, 0.0 ], [ -77.883516908713702, -8.737244814896801, 0.0 ], [ -77.883521066842746, -8.737239405172136, 0.0 ], [ -77.883522763251236, -8.737237420088112, 0.0 ], [ -77.883565593226535, -8.737188770004137, 0.0 ], [ -77.883568325440748, -8.737185804049519, 0.0 ], [ -77.883627343972748, -8.737124501168354, 0.0 ], [ -77.883696442008102, -8.73703441170724, 0.0 ], [ -77.883775171959556, -8.736923695167437, 0.0 ], [ -77.883841746590704, -8.736822878709814, 0.0 ], [ -77.883881057074944, -8.736736944995432, 0.0 ], [ -77.883885322366424, -8.736718433031934, 0.0 ], [ -77.883885248815815, -8.736708869969119, 0.0 ], [ -77.883883064621074, -8.73665156448644, 0.0 ], [ -77.883878789000406, -8.736560702868683, 0.0 ], [ -77.883878692971635, -8.736556363561554, 0.0 ], [ -77.883879719922362, -8.73645529085352, 0.0 ], [ -77.883879950319951, -8.73644970956671, 0.0 ], [ -77.883884891798786, -8.736381568402001, 0.0 ], [ -77.883885689077076, -8.736374485829876, 0.0 ], [ -77.883892646398266, -8.736329010626603, 0.0 ], [ -77.88389674068786, -8.736313058456536, 0.0 ], [ -77.883898825645971, -8.736307755760366, 0.0 ], [ -77.883911184812817, -8.736279029528808, 0.0 ], [ -77.883913483322559, -8.736274101933857, 0.0 ], [ -77.883957880087834, -8.736185969432029, 0.0 ], [ -77.883959157092661, -8.736183527699335, 0.0 ], [ -77.884002815650504, -8.736103076289073, 0.0 ], [ -77.884031973539805, -8.736042217557829, 0.0 ], [ -77.884034958046982, -8.736036518639157, 0.0 ], [ -77.884038315994033, -8.736031086097235, 0.0 ], [ -77.884089983745355, -8.735953736594908, 0.0 ], [ -77.884095605620701, -8.735946200817519, 0.0 ], [ -77.884102368987115, -8.735938911114999, 0.0 ], [ -77.884141686905039, -8.735900946338475, 0.0 ], [ -77.884146028927532, -8.735897016825639, 0.0 ], [ -77.884151184461274, -8.735892956447397, 0.0 ], [ -77.884235395727202, -8.735831437379852, 0.0 ], [ -77.884241846087605, -8.735827134963969, 0.0 ], [ -77.884351727007385, -8.735760438084602, 0.0 ], [ -77.884406364051443, -8.735712967405719, 0.0 ], [ -77.884418618776692, -8.735682356530097, 0.0 ], [ -77.88442400258829, -8.735658746180048, 0.0 ], [ -77.884424562325535, -8.735656434580291, 0.0 ], [ -77.884442008392426, -8.735588287676782, 0.0 ], [ -77.884443331977451, -8.735583638530979, 0.0 ], [ -77.884456734359929, -8.735540971794755, 0.0 ], [ -77.884471848515773, -8.73548226352476, 0.0 ], [ -77.884474249986553, -8.735474431549997, 0.0 ], [ -77.884476723996002, -8.735468238732746, 0.0 ], [ -77.8845202938856, -8.735369905675272, 0.0 ], [ -77.884524401958686, -8.735361769805873, 0.0 ], [ -77.884577747506626, -8.735268233570709, 0.0 ], [ -77.884586898267116, -8.735255062485548, 0.0 ], [ -77.884617425357092, -8.735218759164251, 0.0 ], [ -77.884622416614306, -8.735213294311302, 0.0 ], [ -77.8846670709694, -8.735168244011616, 0.0 ], [ -77.884672919883215, -8.735162839481655, 0.0 ], [ -77.884703420323817, -8.735137121747286, 0.0 ], [ -77.884776852405309, -8.735068344412189, 0.0 ], [ -77.884780195605501, -8.735065364770275, 0.0 ], [ -77.884790884138255, -8.735057566365366, 0.0 ], [ -77.884941683667648, -8.734963569967288, 0.0 ], [ -77.885026661562463, -8.734899648214977, 0.0 ], [ -77.885105925868544, -8.734828270662303, 0.0 ], [ -77.885107689189297, -8.734826723226695, 0.0 ], [ -77.885230029063138, -8.734722158434238, 0.0 ], [ -77.885264302159669, -8.734679183715288, 0.0 ], [ -77.885474808054639, -8.734303823826673, 0.0 ], [ -77.885466325543135, -8.734268822149653, 0.0 ], [ -77.885335651969243, -8.733895576975558, 0.0 ], [ -77.885299654733544, -8.733724558876611, 0.0 ], [ -77.885254592732423, -8.733510470532963, 0.0 ], [ -77.885119170078667, -8.73298128655647, 0.0 ], [ -77.884933030706321, -8.73251270328752, 0.0 ], [ -77.884804396935749, -8.732159953290541, 0.0 ], [ -77.884636509537359, -8.731925123767937, 0.0 ], [ -77.884409572653681, -8.731582914696496, 0.0 ], [ -77.884210231627421, -8.731259394050905, 0.0 ], [ -77.884076644120839, -8.730999377628525, 0.0 ], [ -77.883772003469474, -8.730695569029965, 0.0 ], [ -77.883484905922771, -8.730458208806379, 0.0 ], [ -77.883095701678059, -8.730133920554444, 0.0 ], [ -77.882773356076711, -8.729418784081426, 0.0 ], [ -77.882493404066906, -8.728774899228135, 0.0 ], [ -77.882168972242937, -8.728364628508851, 0.0 ], [ -77.881487100749425, -8.727985679719923, 0.0 ], [ -77.880816640101187, -8.727373340438039, 0.0 ], [ -77.88053835624946, -8.726807080181205, 0.0 ], [ -77.880433404908388, -8.726114090502199, 0.0 ], [ -77.880236167335397, -8.725301313485842, 0.0 ], [ -77.880355179334998, -8.723732626064717, 0.0 ], [ -77.880269355527915, -8.72262828863642, 0.0 ], [ -77.880401650208469, -8.721837381940407, 0.0 ], [ -77.880391287718766, -8.721347720257794, 0.0 ], [ -77.880426557774527, -8.720704718075909, 0.0 ], [ -77.88031862434589, -8.72016766422839, 0.0 ], [ -77.880267501245058, -8.719678240426651, 0.0 ], [ -77.880041979462234, -8.71922465350049, 0.0 ], [ -77.879822602380855, -8.718828345600075, 0.0 ], [ -77.879676974108804, -8.718552280398226, 0.0 ], [ -77.879622097184367, -8.718153616563837, 0.0 ], [ -77.8796908135851, -8.717970702676002, 0.0 ], [ -77.879802528466612, -8.71786573990955, 0.0 ], [ -77.879996312464954, -8.717880912668763, 0.0 ], [ -77.880202178675106, -8.717924557247732, 0.0 ], [ -77.880467596854658, -8.717967304429697, 0.0 ], [ -77.880869842634141, -8.717880148517949, 0.0 ], [ -77.881295419512611, -8.717850459049187, 0.0 ], [ -77.881706843272255, -8.7180803390563, 0.0 ], [ -77.882040748947148, -8.718019894611871, 0.0 ], [ -77.882540853576884, -8.717999440023469, 0.0 ], [ -77.882943226973779, -8.718141752362429, 0.0 ], [ -77.883688032045171, -8.718076217967315, 0.0 ], [ -77.884411702786124, -8.718027621131313, 0.0 ], [ -77.885007352190271, -8.717980018548985, 0.0 ], [ -77.885581012581028, -8.717828661694421, 0.0 ], [ -77.886814937067172, -8.717879236437982, 0.0 ], [ -77.887419494294321, -8.717861448512446, 0.0 ], [ -77.888159525666424, -8.717632896563124, 0.0 ], [ -77.888566662818022, -8.717472523515674, 0.0 ], [ -77.888738487009803, -8.717391964553542, 0.0 ], [ -77.888811285474361, -8.717313257648236, 0.0 ], [ -77.888815461652825, -8.717279512994375, 0.0 ], [ -77.888791519263393, -8.717250769524149, 0.0 ], [ -77.888788284878146, -8.717249693772034, 0.0 ], [ -77.888785615921947, -8.717248703155757, 0.0 ], [ -77.88871389931829, -8.717220797504638, 0.0 ], [ -77.888702173416434, -8.717215243072376, 0.0 ], [ -77.888694813910632, -8.717210612135514, 0.0 ], [ -77.888650023534936, -8.71717933961558, 0.0 ], [ -77.888644904620122, -8.717175490250874, 0.0 ], [ -77.888607785521558, -8.717145464792841, 0.0 ], [ -77.888601640648801, -8.717139971783977, 0.0 ], [ -77.888566411170373, -8.717105466342296, 0.0 ], [ -77.888558897003094, -8.717097133464332, 0.0 ], [ -77.888552476717393, -8.717087940339097, 0.0 ], [ -77.888547248546445, -8.717078027152599, 0.0 ], [ -77.888535898264252, -8.717052823204064, 0.0 ], [ -77.888533676706871, -8.717047429531171, 0.0 ], [ -77.888529855279884, -8.717034241588209, 0.0 ], [ -77.88852161579193, -8.716994741757681, 0.0 ], [ -77.888521223671589, -8.71699275089559, 0.0 ], [ -77.888520554286913, -8.716988591227404, 0.0 ], [ -77.888505403815998, -8.71687806026593, 0.0 ], [ -77.888504716441858, -8.716870969139991, 0.0 ], [ -77.888497619982161, -8.716746504899564, 0.0 ], [ -77.888486459901543, -8.716676577549354, 0.0 ], [ -77.888485515632055, -8.716668077237188, 0.0 ], [ -77.888477673544784, -8.716543942088908, 0.0 ], [ -77.888477497276455, -8.716538964688043, 0.0 ], [ -77.888476653213928, -8.716429017793656, 0.0 ], [ -77.888473404558283, -8.716286313151802, 0.0 ], [ -77.888450322347467, -8.716131762893985, 0.0 ], [ -77.888449875464659, -8.716128317039937, 0.0 ], [ -77.888435227122187, -8.715995201275977, 0.0 ], [ -77.88843469842179, -8.715986780012269, 0.0 ], [ -77.888432378720609, -8.715838994693209, 0.0 ], [ -77.888429256067027, -8.71578427938573, 0.0 ], [ -77.888416431961659, -8.715733760179692, 0.0 ], [ -77.888391761290023, -8.715673791887964, 0.0 ], [ -77.888350963087447, -8.715602985089022, 0.0 ], [ -77.888346834090967, -8.71559490469774, 0.0 ], [ -77.888301280469946, -8.715493456657684, 0.0 ], [ -77.888299446177101, -8.715489065538806, 0.0 ], [ -77.888284530339931, -8.715450513561944, 0.0 ], [ -77.888280143536576, -8.715434878028674, 0.0 ], [ -77.888278785723045, -8.715423604651679, 0.0 ], [ -77.88827618763294, -8.715377831000293, 0.0 ], [ -77.888276045749535, -8.715373427911105, 0.0 ], [ -77.888276169908281, -8.715367961280771, 0.0 ], [ -77.888280096598834, -8.715294172658389, 0.0 ], [ -77.888281798327696, -8.715229670040781, 0.0 ], [ -77.888278652797297, -8.715116191996355, 0.0 ], [ -77.888276548317023, -8.715036574313816, 0.0 ], [ -77.888257374635472, -8.714881223641317, 0.0 ], [ -77.888251657584689, -8.714858017632292, 0.0 ], [ -77.888243001632333, -8.714840519193185, 0.0 ], [ -77.888241936936325, -8.714838441296271, 0.0 ], [ -77.888223207313686, -8.714821481123304, 0.0 ], [ -77.888199750147692, -8.714805632878047, 0.0 ], [ -77.888097295802694, -8.714759642998999, 0.0 ], [ -77.888089046914985, -8.714755417204383, 0.0 ], [ -77.88803506867167, -8.71472351693768, 0.0 ], [ -77.888020970619507, -8.714715997491181, 0.0 ], [ -77.888009824595201, -8.714708969638746, 0.0 ], [ -77.887999819953151, -8.714700409940288, 0.0 ], [ -77.8879911678154, -8.714690497474164, 0.0 ], [ -77.887984051393772, -8.714679442247231, 0.0 ], [ -77.887972431477152, -8.71465812319166, 0.0 ], [ -77.887969895012006, -8.714653101401341, 0.0 ], [ -77.887962587039993, -8.714637441094673, 0.0 ], [ -77.887959858541706, -8.714630942770432, 0.0 ], [ -77.887955492157786, -8.714614887883659, 0.0 ], [ -77.887952277284484, -8.714595428285806, 0.0 ], [ -77.887951083448897, -8.714581503926903, 0.0 ], [ -77.887951658281281, -8.714570639550248, 0.0 ], [ -77.887955725971949, -8.714534929871757, 0.0 ], [ -77.887956409789197, -8.714530096797898, 0.0 ], [ -77.887958656666981, -8.714520234245496, 0.0 ], [ -77.88797704676432, -8.714456360859376, 0.0 ], [ -77.888006790255702, -8.714359612428369, 0.0 ], [ -77.888008022007241, -8.714355897234583, 0.0 ], [ -77.888015008856371, -8.714336257967421, 0.0 ], [ -77.888016684712184, -8.714309861762528, 0.0 ], [ -77.888014843361773, -8.71430041335106, 0.0 ], [ -77.888014061794323, -8.714295595035205, 0.0 ], [ -77.888009696239692, -8.714263099715696, 0.0 ], [ -77.888002826368009, -8.714242295619545, 0.0 ], [ -77.887998229687113, -8.714231129079145, 0.0 ], [ -77.8879558402718, -8.714155145923096, 0.0 ], [ -77.887916275851595, -8.714095975592725, 0.0 ], [ -77.887913588058936, -8.714091702079145, 0.0 ], [ -77.887907025037819, -8.714078100415433, 0.0 ], [ -77.887885973184581, -8.714023123906342, 0.0 ], [ -77.887885023200951, -8.714020494048789, 0.0 ], [ -77.887873228967962, -8.713986169776097, 0.0 ], [ -77.88786945610542, -8.71397101830769, 0.0 ], [ -77.887868358598794, -8.713955448087134, 0.0 ], [ -77.887869211827478, -8.713904227649561, 0.0 ], [ -77.887868934960721, -8.713868301663766, 0.0 ], [ -77.887868720086061, -8.713840209660658, 0.0 ], [ -77.887869978767711, -8.713824514919629, 0.0 ], [ -77.887873132707725, -8.713811693999084, 0.0 ], [ -77.887879350053936, -8.713792588183363, 0.0 ], [ -77.887883254252955, -8.713782638045613, 0.0 ], [ -77.887888312929832, -8.713773215760279, 0.0 ], [ -77.8878944535616, -8.713764454681474, 0.0 ], [ -77.887903512008279, -8.713753032526787, 0.0 ], [ -77.887915616521596, -8.713736378092433, 0.0 ], [ -77.887935240479862, -8.713707834393722, 0.0 ], [ -77.887940720513527, -8.713700664742758, 0.0 ], [ -77.887972136547006, -8.713664203244464, 0.0 ], [ -77.888011630049348, -8.713618639803595, 0.0 ], [ -77.888021961820741, -8.713601468541915, 0.0 ], [ -77.888020648133491, -8.713586479058993, 0.0 ], [ -77.888014952369389, -8.713565327248205, 0.0 ], [ -77.888002847268737, -8.713535921750678, 0.0 ], [ -77.887983719598864, -8.713498572583887, 0.0 ], [ -77.887981574021381, -8.713494080836096, 0.0 ], [ -77.887960697966236, -8.713447090117739, 0.0 ], [ -77.887958414525258, -8.713441435813653, 0.0 ], [ -77.887933222536176, -8.7133707676655, 0.0 ], [ -77.887930255020152, -8.713360574362529, 0.0 ], [ -77.887922670399007, -8.71332733199214, 0.0 ], [ -77.887906034765763, -8.713287446036031, 0.0 ], [ -77.887904816192034, -8.713284365607015, 0.0 ], [ -77.88790240684736, -8.713276977693834, 0.0 ], [ -77.887883928917233, -8.71321073041015, 0.0 ], [ -77.887882124830881, -8.713202939486376, 0.0 ], [ -77.887881602304475, -8.713199809497077, 0.0 ], [ -77.887871971995537, -8.713135121091815, 0.0 ], [ -77.88787111241291, -8.713126527976982, 0.0 ], [ -77.88786504514573, -8.713009243397931, 0.0 ], [ -77.887864929035359, -8.713004410986118, 0.0 ], [ -77.887865703927702, -8.712938493409947, 0.0 ], [ -77.887865978122761, -8.712932461902977, 0.0 ], [ -77.887869093782939, -8.71289314036602, 0.0 ], [ -77.887856465860807, -8.712884440687167, 0.0 ], [ -77.887845493330914, -8.712873748125629, 0.0 ], [ -77.887836488165121, -8.7128613683756, 0.0 ], [ -77.887829710042624, -8.712847655410176, 0.0 ], [ -77.887825350845716, -8.712833002565006, 0.0 ], [ -77.88782353727261, -8.712817828063615, 0.0 ], [ -77.887822472380023, -8.71278640348201, 0.0 ], [ -77.887822423429697, -8.7127840495427, 0.0 ], [ -77.887823727290197, -8.712768087949417, 0.0 ], [ -77.887827073812545, -8.712749012096351, 0.0 ], [ -77.887830273085456, -8.712736300147149, 0.0 ], [ -77.887835287449064, -8.712724182399029, 0.0 ], [ -77.887842011723393, -8.712712914416031, 0.0 ], [ -77.887856378271351, -8.712692391516539, 0.0 ], [ -77.887860886465234, -8.712686485012888, 0.0 ], [ -77.887871394077976, -8.712675776390718, 0.0 ], [ -77.887900625508621, -8.712650553809409, 0.0 ], [ -77.88791290710634, -8.712641708101151, 0.0 ], [ -77.887940639927734, -8.712625060426275, 0.0 ], [ -77.887949814938736, -8.712620305532269, 0.0 ], [ -77.887986524752847, -8.712603858819152, 0.0 ], [ -77.887992098638904, -8.712601580475424, 0.0 ], [ -77.888003137905613, -8.712598265007738, 0.0 ], [ -77.888048504346827, -8.712587714134758, 0.0 ], [ -77.888052720660596, -8.712586837378625, 0.0 ], [ -77.888057552637861, -8.712586085130186, 0.0 ], [ -77.88809943945779, -8.71258070839327, 0.0 ], [ -77.888110990631787, -8.712579968292898, 0.0 ], [ -77.888167418303652, -8.712580311652786, 0.0 ], [ -77.888223270369409, -8.712576643682345, 0.0 ], [ -77.888228556996665, -8.712576449901508, 0.0 ], [ -77.888230787090407, -8.712576460046423, 0.0 ], [ -77.888299179148675, -8.712577611311323, 0.0 ], [ -77.888336461566325, -8.712576727936135, 0.0 ], [ -77.888344047179629, -8.712574401767155, 0.0 ], [ -77.88834562984924, -8.712572398596095, 0.0 ], [ -77.888355587747554, -8.712515187932354, 0.0 ], [ -77.888364945881534, -8.712423042092446, 0.0 ], [ -77.888365837094497, -8.712416602970741, 0.0 ], [ -77.888380671382137, -8.712334752412449, 0.0 ], [ -77.888400192359725, -8.71219280871671, 0.0 ], [ -77.888400615168123, -8.712190049169683, 0.0 ], [ -77.888401086736437, -8.712187490714385, 0.0 ], [ -77.888409634550257, -8.712144585578281, 0.0 ], [ -77.88841043093079, -8.712117525731903, 0.0 ], [ -77.888405841005422, -8.712101323481253, 0.0 ], [ -77.888402814556372, -8.712095395672446, 0.0 ], [ -77.888391392038614, -8.712080138858324, 0.0 ], [ -77.888368891909749, -8.712056700894996, 0.0 ], [ -77.88836544414437, -8.712052899324386, 0.0 ], [ -77.888364082369804, -8.712051270876783, 0.0 ], [ -77.888302060182511, -8.711975322248575, 0.0 ], [ -77.888243031791674, -8.711909086085241, 0.0 ], [ -77.888233266208687, -8.711895582848683, 0.0 ], [ -77.888229691935635, -8.711888904847271, 0.0 ], [ -77.888215540840932, -8.711859567297628, 0.0 ], [ -77.888212095101764, -8.711851418455288, 0.0 ], [ -77.888197641662586, -8.711811087686, 0.0 ], [ -77.888194636316641, -8.71180081336272, 0.0 ], [ -77.888185184824877, -8.71175951765238, 0.0 ], [ -77.888184265246792, -8.711754934370362, 0.0 ], [ -77.888167617297299, -8.711653728010079, 0.0 ], [ -77.888166659676742, -8.71164560993706, 0.0 ], [ -77.88816084608797, -8.711565010406796, 0.0 ], [ -77.888151646839233, -8.711461264812137, 0.0 ], [ -77.888141411631949, -8.711393466018777, 0.0 ], [ -77.888127222838918, -8.711322326623826, 0.0 ], [ -77.888126451603057, -8.711317669036236, 0.0 ], [ -77.888113530209409, -8.711224281430445, 0.0 ], [ -77.888112922192732, -8.711218531271136, 0.0 ], [ -77.888108991967528, -8.711164909780726, 0.0 ], [ -77.888108754316718, -8.711159029423492, 0.0 ], [ -77.888110052963114, -8.71114309768635, 0.0 ], [ -77.888116543984736, -8.711105952129541, 0.0 ], [ -77.888124680759901, -8.711050070693494, 0.0 ], [ -77.88812500366312, -8.711048016573114, 0.0 ], [ -77.888128188643748, -8.711035099660775, 0.0 ], [ -77.888141794519669, -8.710993447963505, 0.0 ], [ -77.888142589315848, -8.710991123746879, 0.0 ], [ -77.888147147893534, -8.710980547992762, 0.0 ], [ -77.888172816204658, -8.710930131765529, 0.0 ], [ -77.888174937980551, -8.710926206539053, 0.0 ], [ -77.888237118624161, -8.710818280205951, 0.0 ], [ -77.888303919001501, -8.710703371456946, 0.0 ], [ -77.888332214427635, -8.710642951571652, 0.0 ], [ -77.888339774267735, -8.710618829717324, 0.0 ], [ -77.888339529914461, -8.710587011341085, 0.0 ], [ -77.888332170563018, -8.710546318564349, 0.0 ], [ -77.888312747909737, -8.710460005384601, 0.0 ], [ -77.888312056473183, -8.710456634563267, 0.0 ], [ -77.888311360198756, -8.710452279051632, 0.0 ], [ -77.888292941441478, -8.710315669398661, 0.0 ], [ -77.888292138107786, -8.710304348434262, 0.0 ], [ -77.888292156857517, -8.710301705790178, 0.0 ], [ -77.888295124883697, -8.710165117843493, 0.0 ], [ -77.888291402912245, -8.710097227072776, 0.0 ], [ -77.888283451725613, -8.710035977867868, 0.0 ], [ -77.888271531339242, -8.709993829114623, 0.0 ], [ -77.888261069304164, -8.709973454328461, 0.0 ], [ -77.888255232204699, -8.709965453751954, 0.0 ], [ -77.88824252708585, -8.709955672346997, 0.0 ], [ -77.888217538793612, -8.709938203164063, 0.0 ], [ -77.88815731742136, -8.709916856919023, 0.0 ], [ -77.888146839506888, -8.70991238694719, 0.0 ], [ -77.888088965687288, -8.70988329047618, 0.0 ], [ -77.888085118258957, -8.709881239146767, 0.0 ], [ -77.88807842072913, -8.709877065667413, 0.0 ], [ -77.888043347072838, -8.70985303570745, 0.0 ], [ -77.888038653621436, -8.709849593218168, 0.0 ], [ -77.88801228973071, -8.709828928236515, 0.0 ], [ -77.888003353597938, -8.709820914169587, 0.0 ], [ -77.887995561218915, -8.709811796464049, 0.0 ], [ -77.887989048187634, -8.709801733091197, 0.0 ], [ -77.887965968578968, -8.709760269006782, 0.0 ], [ -77.887962222482997, -8.709752730438039, 0.0 ], [ -77.887946220667473, -8.709716362044675, 0.0 ], [ -77.887944315172035, -8.709711677842627, 0.0 ], [ -77.88794036467506, -8.709697857543526, 0.0 ], [ -77.887922424495514, -8.709608647508132, 0.0 ], [ -77.887918066477738, -8.709589171284943, 0.0 ], [ -77.887897625312903, -8.709524859527608, 0.0 ], [ -77.887877363570468, -8.7094584893165, 0.0 ], [ -77.887840791960897, -8.709396870377802, 0.0 ], [ -77.887775222694401, -8.709321474231439, 0.0 ], [ -77.887772529027188, -8.709318202641878, 0.0 ], [ -77.887696464090709, -8.709221232170094, 0.0 ], [ -77.887689493686452, -8.709210961765153, 0.0 ], [ -77.887648328405433, -8.709139372325314, 0.0 ], [ -77.887642288119054, -8.709126662843781, 0.0 ], [ -77.887616543569791, -8.709059397416615, 0.0 ], [ -77.887560083790547, -8.70896538114761, 0.0 ], [ -77.887558160048798, -8.70896198535624, 0.0 ], [ -77.88754583833267, -8.708939097794483, 0.0 ], [ -77.887507503605633, -8.708897713436468, 0.0 ], [ -77.887487042570015, -8.708881896453869, 0.0 ], [ -77.887422838456402, -8.70884983320374, 0.0 ], [ -77.887418772286935, -8.708847672404447, 0.0 ], [ -77.887408890222616, -8.708841214864989, 0.0 ], [ -77.887346462091287, -8.708794359956359, 0.0 ], [ -77.887343310556076, -8.708791883236389, 0.0 ], [ -77.887334299895087, -8.708783380956987, 0.0 ], [ -77.8872970045133, -8.70874301856653, 0.0 ], [ -77.887294739536571, -8.708740471870158, 0.0 ], [ -77.887287207107065, -8.708730318649241, 0.0 ], [ -77.88727940182288, -8.708718094151996, 0.0 ], [ -77.887273477494347, -8.708707240305625, 0.0 ], [ -77.887269095881692, -8.708695684524166, 0.0 ], [ -77.887266339454229, -8.708683643001935, 0.0 ], [ -77.887262245723363, -8.708657661026354, 0.0 ], [ -77.887261305392457, -8.708648950166442, 0.0 ], [ -77.887259498997082, -8.708618253929599, 0.0 ], [ -77.887259346632689, -8.708613663002511, 0.0 ], [ -77.887259810498804, -8.708603829363055, 0.0 ], [ -77.887263625486568, -8.708566519839398, 0.0 ], [ -77.887263463871463, -8.708545343994988, 0.0 ], [ -77.887264869764053, -8.70852882601945, 0.0 ], [ -77.887276296195623, -8.708468192884339, 0.0 ], [ -77.887282202546402, -8.708439202425533, 0.0 ], [ -77.887281587923212, -8.70842927489414, 0.0 ], [ -77.887281000841057, -8.708426248380134, 0.0 ], [ -77.887278052262374, -8.708418746196836, 0.0 ], [ -77.887225931044114, -8.708326153167476, 0.0 ], [ -77.887224250897788, -8.7083230265476, 0.0 ], [ -77.887184573389163, -8.708245557977587, 0.0 ], [ -77.887180390275759, -8.708236084874709, 0.0 ], [ -77.887177421902834, -8.708226594411881, 0.0 ], [ -77.887137117377492, -8.708067299687661, 0.0 ], [ -77.887135872470438, -8.708061611273846, 0.0 ], [ -77.887135001316139, -8.708055879366587, 0.0 ], [ -77.887125798175759, -8.707978632769354, 0.0 ], [ -77.887125171132837, -8.707967795586072, 0.0 ], [ -77.887125892213916, -8.707907827392031, 0.0 ], [ -77.887119231280892, -8.707872092614227, 0.0 ], [ -77.887114867823485, -8.707865502789543, 0.0 ], [ -77.887080139046489, -8.707817636003623, 0.0 ], [ -77.88701406081843, -8.707740809723052, 0.0 ], [ -77.886989711699513, -8.707722242398251, 0.0 ], [ -77.886962679613021, -8.707707947852429, 0.0 ], [ -77.886951566257551, -8.707701001857636, 0.0 ], [ -77.886941575301492, -8.707692535913681, 0.0 ], [ -77.886914870660121, -8.707666364317028, 0.0 ], [ -77.886909480258922, -8.707660598981217, 0.0 ], [ -77.88690036091333, -8.707647866786825, 0.0 ], [ -77.886884781585309, -8.707621560986311, 0.0 ], [ -77.8868789134455, -8.70760974184425, 0.0 ], [ -77.886874836637489, -8.707597199006093, 0.0 ], [ -77.886872638557591, -8.707584199220515, 0.0 ], [ -77.886872364920919, -8.707571020393868, 0.0 ], [ -77.886873606764482, -8.707547437105768, 0.0 ], [ -77.88687474365473, -8.707537155675119, 0.0 ], [ -77.886875551542872, -8.707532986576545, 0.0 ], [ -77.886884953688877, -8.707489920470849, 0.0 ], [ -77.886888282130101, -8.707478416326525, 0.0 ], [ -77.886890385663975, -8.707472704281463, 0.0 ], [ -77.886889490961309, -8.707452542215085, 0.0 ], [ -77.88688238579094, -8.707423160939987, 0.0 ], [ -77.886870154153982, -8.707386556007776, 0.0 ], [ -77.886856995901866, -8.707354029829228, 0.0 ], [ -77.886841252056527, -8.707332668788657, 0.0 ], [ -77.886838860497349, -8.707330071552276, 0.0 ], [ -77.886813398797472, -8.707314180456605, 0.0 ], [ -77.88679681506413, -8.70730334973878, 0.0 ], [ -77.886783441928515, -8.707300329096418, 0.0 ], [ -77.886780500038142, -8.707299612444203, 0.0 ], [ -77.886744190017239, -8.707290133107954, 0.0 ], [ -77.886730645090068, -8.70728543159909, 0.0 ], [ -77.886718014093788, -8.707278666059036, 0.0 ], [ -77.886706611571782, -8.707270004845199, 0.0 ], [ -77.886691156437735, -8.707256213170124, 0.0 ], [ -77.886682673087989, -8.70724755598188, 0.0 ], [ -77.886674363054439, -8.707236162822548, 0.0 ], [ -77.886661193058814, -8.707214765958543, 0.0 ], [ -77.886655791378786, -8.707204333630111, 0.0 ], [ -77.886651796015116, -8.707193291652178, 0.0 ], [ -77.886649273786617, -8.707181828332246, 0.0 ], [ -77.886643360331973, -8.707143034287306, 0.0 ], [ -77.886642336467062, -8.707130177353013, 0.0 ], [ -77.886642027423747, -8.707089895267703, 0.0 ], [ -77.886642377030086, -8.707081260427563, 0.0 ], [ -77.886648785332255, -8.707009042896052, 0.0 ], [ -77.886649694509558, -8.707001980275054, 0.0 ], [ -77.886650293842351, -8.706998793875334, 0.0 ], [ -77.886680521272609, -8.706852519112353, 0.0 ], [ -77.886702206578335, -8.706746378648344, 0.0 ], [ -77.886715062826298, -8.70667705639598, 0.0 ], [ -77.886733005378147, -8.706518829638011, 0.0 ], [ -77.886745640799802, -8.706340596285667, 0.0 ], [ -77.886745967396322, -8.706337009935494, 0.0 ], [ -77.886775104287764, -8.70607521133109, 0.0 ], [ -77.88677581451266, -8.706070146781581, 0.0 ], [ -77.886777138290896, -8.706063749544015, 0.0 ], [ -77.88681169553999, -8.705922763069125, 0.0 ], [ -77.886814235182158, -8.705914247110538, 0.0 ], [ -77.886837521314391, -8.705848240711068, 0.0 ], [ -77.886839674679578, -8.705842751435021, 0.0 ], [ -77.886853711519421, -8.705810150598081, 0.0 ], [ -77.886865347768719, -8.705783124029608, 0.0 ], [ -77.886866410062737, -8.705780752613602, 0.0 ], [ -77.886916861196781, -8.705672298671221, 0.0 ], [ -77.886929301989539, -8.705641259323105, 0.0 ], [ -77.886937333593394, -8.705606422055309, 0.0 ], [ -77.886942316791604, -8.705557218257356, 0.0 ], [ -77.886945218922847, -8.705501149813898, 0.0 ], [ -77.886933316227854, -8.705354961066986, 0.0 ], [ -77.886925410409461, -8.705262149475073, 0.0 ], [ -77.886914296571732, -8.7051951187643, 0.0 ], [ -77.886913090582368, -8.705180178119473, 0.0 ], [ -77.886913843940135, -8.705121080562543, 0.0 ], [ -77.886913953053352, -8.705117668417861, 0.0 ], [ -77.886916166513458, -8.705074206113348, 0.0 ], [ -77.886917311311464, -8.705063770139365, 0.0 ], [ -77.886920128389747, -8.705052006085394, 0.0 ], [ -77.886936005915345, -8.705001090687359, 0.0 ], [ -77.886943676062685, -8.704966241713342, 0.0 ], [ -77.886942128864817, -8.704905754099073, 0.0 ], [ -77.886942219143819, -8.704899886600424, 0.0 ], [ -77.886947377600421, -8.704793866258294, 0.0 ], [ -77.886940138499341, -8.704640358709081, 0.0 ], [ -77.886933818523417, -8.704462852037162, 0.0 ], [ -77.886933763879327, -8.704460344556603, 0.0 ], [ -77.886933776150343, -8.704458038030698, 0.0 ], [ -77.886934672587572, -8.704408238295031, 0.0 ], [ -77.886935626517527, -8.704365933803288, 0.0 ], [ -77.886935816223428, -8.704361782952017, 0.0 ], [ -77.8869380393471, -8.704329521183224, 0.0 ], [ -77.886939088426999, -8.70432069221841, 0.0 ], [ -77.886940867088242, -8.704312518113859, 0.0 ], [ -77.886950140543277, -8.704277765378963, 0.0 ], [ -77.886959937129816, -8.704196036223172, 0.0 ], [ -77.886960559627397, -8.704191726697193, 0.0 ], [ -77.886962092207227, -8.704184496729145, 0.0 ], [ -77.8869812555631, -8.704109419703022, 0.0 ], [ -77.886999736293262, -8.70403211550957, 0.0 ], [ -77.887008852659037, -8.703979605432229, 0.0 ], [ -77.887009498407807, -8.703949798492157, 0.0 ], [ -77.887002635275095, -8.703896908356883, 0.0 ], [ -77.886998719035034, -8.703878417973456, 0.0 ], [ -77.886998185090022, -8.703875687373937, 0.0 ], [ -77.886993480937178, -8.703848699979034, 0.0 ], [ -77.886992149410801, -8.703833962652743, 0.0 ], [ -77.886992004390677, -8.703815173509881, 0.0 ], [ -77.886992535985172, -8.703804694312009, 0.0 ], [ -77.886996647220158, -8.70376716301039, 0.0 ], [ -77.886998717220763, -8.703747490667915, 0.0 ], [ -77.886999485084715, -8.703741890857247, 0.0 ], [ -77.887001261098419, -8.703733726711242, 0.0 ], [ -77.887010707416025, -8.703698309557119, 0.0 ], [ -77.88702339129901, -8.703645103861531, 0.0 ], [ -77.887028871673451, -8.703604721810496, 0.0 ], [ -77.88703234395615, -8.703568999492555, 0.0 ], [ -77.887032239554657, -8.703555387544759, 0.0 ], [ -77.887031577899236, -8.703549738059758, 0.0 ], [ -77.887029331105424, -8.703546596761985, 0.0 ], [ -77.887021906887014, -8.703539640785413, 0.0 ], [ -77.88698339272301, -8.703509917984023, 0.0 ], [ -77.886967244217217, -8.703500285464949, 0.0 ], [ -77.886912042756052, -8.703474613818946, 0.0 ], [ -77.886905983741002, -8.70347151501687, 0.0 ], [ -77.886833051675467, -8.703430708364907, 0.0 ], [ -77.886819872409333, -8.703421692011387, 0.0 ], [ -77.886815939146359, -8.703418264483894, 0.0 ], [ -77.886784796924218, -8.703389507450153, 0.0 ], [ -77.886779859771138, -8.703384582445111, 0.0 ], [ -77.886744227345631, -8.703346193798943, 0.0 ], [ -77.886741822348512, -8.703343497279011, 0.0 ], [ -77.886734925927271, -8.703334325712577, 0.0 ], [ -77.886726896565733, -8.703322101957882, 0.0 ], [ -77.886721309246539, -8.703312314256594, 0.0 ], [ -77.886716989278796, -8.703301912544672, 0.0 ], [ -77.886714002350416, -8.703291056228929, 0.0 ], [ -77.886710348911308, -8.703273561216893, 0.0 ], [ -77.886709952132335, -8.703271548697515, 0.0 ], [ -77.886708452713989, -8.703255872179346, 0.0 ], [ -77.886708331514612, -8.703240067752803, 0.0 ], [ -77.886708653566885, -8.703231743898865, 0.0 ], [ -77.886710232973215, -8.703213214491951, 0.0 ], [ -77.886711901365345, -8.703202026510217, 0.0 ], [ -77.886714960297169, -8.703191133327612, 0.0 ], [ -77.886719363873354, -8.703180706942559, 0.0 ], [ -77.886726369108544, -8.703166654349729, 0.0 ], [ -77.886732792929408, -8.703155757302742, 0.0 ], [ -77.886740680772604, -8.703145857358313, 0.0 ], [ -77.886752040798825, -8.703133487299377, 0.0 ], [ -77.886760229340553, -8.703125621382281, 0.0 ], [ -77.886769344135999, -8.703118837958241, 0.0 ], [ -77.886779239814913, -8.703113242927694, 0.0 ], [ -77.886799454815787, -8.703103424656026, 0.0 ], [ -77.886805638045729, -8.703100699972406, 0.0 ], [ -77.886839972635258, -8.703087070474519, 0.0 ], [ -77.886841913601103, -8.70308632577413, 0.0 ], [ -77.886858091942102, -8.70308197403018, 0.0 ], [ -77.886945818419704, -8.703067743107153, 0.0 ], [ -77.886998368885727, -8.703056046834851, 0.0 ], [ -77.887003603350564, -8.703053685300095, 0.0 ], [ -77.887009563055187, -8.703049281948781, 0.0 ], [ -77.887011628118856, -8.703041158973134, 0.0 ], [ -77.88701436678204, -8.703018104568494, 0.0 ], [ -77.88701837316988, -8.702973530094871, 0.0 ], [ -77.887016940707426, -8.702932725333518, 0.0 ], [ -77.887016888221652, -8.702930262104141, 0.0 ], [ -77.887017106950552, -8.702923265257981, 0.0 ], [ -77.887019401776641, -8.702890641579174, 0.0 ], [ -77.887019903990534, -8.702885565059583, 0.0 ], [ -77.887025837057806, -8.702839093229352, 0.0 ], [ -77.887026374925725, -8.702835469139353, 0.0 ], [ -77.887028905900976, -8.702824639592238, 0.0 ], [ -77.887042484208024, -8.702779375407401, 0.0 ], [ -77.887043933080321, -8.702774963845178, 0.0 ], [ -77.887044678529548, -8.702772952591664, 0.0 ], [ -77.887066920073948, -8.702715066892161, 0.0 ], [ -77.887072144661843, -8.702703841070841, 0.0 ], [ -77.887096078402337, -8.702660485787428, 0.0 ], [ -77.887101359784296, -8.702652166742174, 0.0 ], [ -77.887123878026529, -8.702620653401143, 0.0 ], [ -77.887127880464647, -8.702615461770602, 0.0 ], [ -77.8871301807919, -8.70261279818631, 0.0 ], [ -77.887178953320969, -8.702558504508215, 0.0 ], [ -77.887185356782382, -8.70255205876791, 0.0 ], [ -77.887231677241957, -8.702509886829167, 0.0 ], [ -77.887234078060374, -8.702507777181786, 0.0 ], [ -77.887236805782223, -8.702505553931537, 0.0 ], [ -77.887326128443405, -8.702435584267254, 0.0 ], [ -77.887435278716822, -8.702350167324056, 0.0 ], [ -77.887518020574007, -8.702273948057901, 0.0 ], [ -77.887520811797899, -8.702271481304454, 0.0 ], [ -77.887522367229764, -8.702270191153778, 0.0 ], [ -77.887605405449577, -8.702202902647461, 0.0 ], [ -77.887614315461505, -8.702196533632844, 0.0 ], [ -77.887672116028668, -8.702160271396099, 0.0 ], [ -77.887753593782591, -8.702092440023026, 0.0 ], [ -77.887786049818544, -8.702052198246667, 0.0 ], [ -77.887813107884284, -8.701999510390758, 0.0 ], [ -77.887828528318423, -8.701960279720106, 0.0 ], [ -77.887843898787651, -8.701916310991479, 0.0 ], [ -77.887850773945019, -8.701884952569571, 0.0 ], [ -77.887849209476286, -8.701863875917855, 0.0 ], [ -77.887847157707, -8.701831471369927, 0.0 ], [ -77.887844245708777, -8.701820204347444, 0.0 ], [ -77.887839836304693, -8.701810334542257, 0.0 ], [ -77.88783688024489, -8.701806343998692, 0.0 ], [ -77.887819001255792, -8.701791031287261, 0.0 ], [ -77.88779792287076, -8.701774686771936, 0.0 ], [ -77.887791319530194, -8.70177045922221, 0.0 ], [ -77.887770845429472, -8.701756072344157, 0.0 ], [ -77.887765392180214, -8.701751924595539, 0.0 ], [ -77.887754706771801, -8.701741557683761, 0.0 ], [ -77.887733866818607, -8.701717707545511, 0.0 ], [ -77.887724394729204, -8.70170453623723, 0.0 ], [ -77.887722877918051, -8.701701864597517, 0.0 ], [ -77.887704576679852, -8.701668314129, 0.0 ], [ -77.887702059788836, -8.70166333913455, 0.0 ], [ -77.887690566307057, -8.701638767557487, 0.0 ], [ -77.887685365687616, -8.701624703756417, 0.0 ], [ -77.887682573361559, -8.701609979336531, 0.0 ], [ -77.887678937626077, -8.70157514125162, 0.0 ], [ -77.887678454596369, -8.701566500092403, 0.0 ], [ -77.887678722709225, -8.70155883976431, 0.0 ], [ -77.887681394659992, -8.701524485897822, 0.0 ], [ -77.887682186159637, -8.701490952160801, 0.0 ], [ -77.887682654247314, -8.701483676074663, 0.0 ], [ -77.88768984028151, -8.701415307591756, 0.0 ], [ -77.887692441480652, -8.701380725697586, 0.0 ], [ -77.887690466747301, -8.701342142971429, 0.0 ], [ -77.887687444398409, -8.701328324620938, 0.0 ], [ -77.887675738863209, -8.701296227353271, 0.0 ], [ -77.887640155722835, -8.701255714439455, 0.0 ], [ -77.887582253578699, -8.701199041662086, 0.0 ], [ -77.887576819390588, -8.701193234179813, 0.0 ], [ -77.887567988151858, -8.701180984904756, 0.0 ], [ -77.887517156199451, -8.701096356294714, 0.0 ], [ -77.887510186188109, -8.701081845176118, 0.0 ], [ -77.887507518236191, -8.701073509698332, 0.0 ], [ -77.887485241227651, -8.700990129623108, 0.0 ], [ -77.887483696062006, -8.700983286201351, 0.0 ], [ -77.887482953617493, -8.700978585018536, 0.0 ], [ -77.88747484138419, -8.700916594282869, 0.0 ], [ -77.887474084420532, -8.700905618956277, 0.0 ], [ -77.887474483479139, -8.700896444403815, 0.0 ], [ -77.88748037115954, -8.700834346474636, 0.0 ], [ -77.887481230913025, -8.700827823576779, 0.0 ], [ -77.887482998113668, -8.7008196947356, 0.0 ], [ -77.887494132273147, -8.700777881221192, 0.0 ], [ -77.887495884120909, -8.70077224955028, 0.0 ], [ -77.8874963449055, -8.700770768959812, 0.0 ], [ -77.887499375035389, -8.700763345135872, 0.0 ], [ -77.887526918424143, -8.700703613275836, 0.0 ], [ -77.887528666023044, -8.70070003240127, 0.0 ], [ -77.887551106755367, -8.700656531282922, 0.0 ], [ -77.887553689903697, -8.700632260258482, 0.0 ], [ -77.887550613161366, -8.700618568794887, 0.0 ], [ -77.887481690813601, -8.700498135822528, 0.0 ], [ -77.887475919754138, -8.700486048507628, 0.0 ], [ -77.887446387398725, -8.700410136059302, 0.0 ], [ -77.887444202525316, -8.700403699514746, 0.0 ], [ -77.887410312062627, -8.700289787050643, 0.0 ], [ -77.887407975626402, -8.700279924982585, 0.0 ], [ -77.887395881332679, -8.700209431658825, 0.0 ], [ -77.887394764940353, -8.700199891883855, 0.0 ], [ -77.887391525514531, -8.700148522697155, 0.0 ], [ -77.887391350316676, -8.700143554311659, 0.0 ], [ -77.887391131472157, -8.700115013309571, 0.0 ], [ -77.887392390295929, -8.70009931585866, 0.0 ], [ -77.887393540745677, -8.700093640872694, 0.0 ], [ -77.887409913111313, -8.700024379631733, 0.0 ], [ -77.887433156529852, -8.699918718017582, 0.0 ], [ -77.88744139860961, -8.699877463999353, 0.0 ], [ -77.88745401928783, -8.699818267337854, 0.0 ], [ -77.887457283313466, -8.699806770928566, 0.0 ], [ -77.887461836509658, -8.699796205193538, 0.0 ], [ -77.887481898825513, -8.699756787538801, 0.0 ], [ -77.887496635354083, -8.69970485548145, 0.0 ], [ -77.887498460208917, -8.699699153694329, 0.0 ], [ -77.887501161735344, -8.699692450586459, 0.0 ], [ -77.887526191189579, -8.699636891759178, 0.0 ], [ -77.88753006785096, -8.699629272696699, 0.0 ], [ -77.887531506465109, -8.699626839706067, 0.0 ], [ -77.887563646062858, -8.699574352738631, 0.0 ], [ -77.887567643670607, -8.699567824089748, 0.0 ], [ -77.887583628793067, -8.699539714782608, 0.0 ], [ -77.887592799416225, -8.699511686115883, 0.0 ], [ -77.887596729723896, -8.699456712067434, 0.0 ], [ -77.887597061925163, -8.699367887073953, 0.0 ], [ -77.887597470073274, -8.699359660141125, 0.0 ], [ -77.887611835947752, -8.699209536349562, 0.0 ], [ -77.887608649005628, -8.699140615122529, 0.0 ], [ -77.887595453774267, -8.69900728553597, 0.0 ], [ -77.887579791909133, -8.698833962184716, 0.0 ], [ -77.887579430101226, -8.698826562305326, 0.0 ], [ -77.887579473559143, -8.698822993465352, 0.0 ], [ -77.887580130701863, -8.698802478126593, 0.0 ], [ -77.887579552792374, -8.69879661660543, 0.0 ], [ -77.887568366777927, -8.698764165736145, 0.0 ], [ -77.887564927754966, -8.698751060626407, 0.0 ], [ -77.887559582706885, -8.698721582843568, 0.0 ], [ -77.887558143012015, -8.698706229302593, 0.0 ], [ -77.887558052655763, -8.698694325619147, 0.0 ], [ -77.887557066351093, -8.698677474379458, 0.0 ], [ -77.887557106978662, -8.698666312313263, 0.0 ], [ -77.887558531115047, -8.698655240928623, 0.0 ], [ -77.887561316449833, -8.698644429334538, 0.0 ], [ -77.887566289120343, -8.698629127400242, 0.0 ], [ -77.887570801658569, -8.698617878088385, 0.0 ], [ -77.887576786842629, -8.698607332203903, 0.0 ], [ -77.887586852612998, -8.698592081049203, 0.0 ], [ -77.887592749647666, -8.698584130456865, 0.0 ], [ -77.887596532100829, -8.698579856574224, 0.0 ], [ -77.887615421030617, -8.698559825303414, 0.0 ], [ -77.887616430586718, -8.698558747990758, 0.0 ], [ -77.887621201322361, -8.69855405645364, 0.0 ], [ -77.887622411420566, -8.698552964067416, 0.0 ], [ -77.887622525948231, -8.698552862015022, 0.0 ], [ -77.887622662126958, -8.698552741729877, 0.0 ], [ -77.88762269729267, -8.698552709843243, 0.0 ], [ -77.887622925509334, -8.698552514779006, 0.0 ], [ -77.887623507261225, -8.698552008964954, 0.0 ], [ -77.887624290297509, -8.69855134804158, 0.0 ], [ -77.887625455083196, -8.698550385188399, 0.0 ], [ -77.8876256761544, -8.698550205536556, 0.0 ], [ -77.887662532666994, -8.698522963196288, 0.0 ], [ -77.88770379493802, -8.698485348670514, 0.0 ], [ -77.887727448286583, -8.698433869312431, 0.0 ], [ -77.887714410463147, -8.698365944352192, 0.0 ], [ -77.887663768054921, -8.698294951331675, 0.0 ], [ -77.887522894840401, -8.698085941940231, 0.0 ], [ -77.887328386579838, -8.697959991631608, 0.0 ], [ -77.88708235523616, -8.697867492849351, 0.0 ], [ -77.886698007140225, -8.697440260755744, 0.0 ], [ -77.886239842217265, -8.696973036066113, 0.0 ], [ -77.886127312243289, -8.696538052039633, 0.0 ], [ -77.885915263904778, -8.69618172650482, 0.0 ], [ -77.885611906054109, -8.695738817151256, 0.0 ], [ -77.885203293888821, -8.695082189514187, 0.0 ], [ -77.884788743272765, -8.694561785184408, 0.0 ], [ -77.884619740688876, -8.694000626787712, 0.0 ], [ -77.884533170817065, -8.693457943632811, 0.0 ], [ -77.884473963763185, -8.692697407617509, 0.0 ], [ -77.88429632840429, -8.692086833550556, 0.0 ], [ -77.884039412019234, -8.691161339207616, 0.0 ], [ -77.88364805231582, -8.690246423360289, 0.0 ], [ -77.883766745731791, -8.689432817327594, 0.0 ], [ -77.883594659307505, -8.688902243319282, 0.0 ], [ -77.883521182824225, -8.688717839011321, 0.0 ], [ -77.883364381189438, -8.688367234751952, 0.0 ], [ -77.883068588461924, -8.687429498265793, 0.0 ], [ -77.882756822253526, -8.686696227490184, 0.0 ], [ -77.882537856241683, -8.685949926657209, 0.0 ], [ -77.882555110452287, -8.685554175639409, 0.0 ], [ -77.882801591731862, -8.684989425722076, 0.0 ], [ -77.882897356812833, -8.684734226348391, 0.0 ], [ -77.883000876991645, -8.684523896503167, 0.0 ], [ -77.883205582582221, -8.684329759191614, 0.0 ], [ -77.883398290085253, -8.684051318372671, 0.0 ], [ -77.883518403433669, -8.683754082777664, 0.0 ], [ -77.883711490090022, -8.683100385762817, 0.0 ], [ -77.884010528671979, -8.682622872271333, 0.0 ], [ -77.884252965669347, -8.682281534629544, 0.0 ], [ -77.88449320121002, -8.681957145587653, 0.0 ], [ -77.884509795546592, -8.681940088941751, 0.0 ], [ -77.884853863099352, -8.681538812345392, 0.0 ], [ -77.885307410531126, -8.681194403127646, 0.0 ], [ -77.885686067230623, -8.680993699736993, 0.0 ], [ -77.886019491802912, -8.680592524995744, 0.0 ], [ -77.886025057939335, -8.680287813683096, 0.0 ], [ -77.885937288555752, -8.679922337414737, 0.0 ], [ -77.88578954907932, -8.679497565383631, 0.0 ], [ -77.885668800838644, -8.679128796217478, 0.0 ], [ -77.885628930458282, -8.678701977918829, 0.0 ], [ -77.885747861946626, -8.678416358775063, 0.0 ], [ -77.885957951452625, -8.67792584644976, 0.0 ], [ -77.886140783126677, -8.677189898197833, 0.0 ], [ -77.886353701823353, -8.676834786652316, 0.0 ], [ -77.886685017543044, -8.676619078520641, 0.0 ], [ -77.886971216713988, -8.67640861824183, 0.0 ], [ -77.887356177885152, -8.676339472224349, 0.0 ], [ -77.887393193690727, -8.676328881226608, 0.0 ], [ -77.887400894524731, -8.676318198688797, 0.0 ], [ -77.887401522123298, -8.676304931713794, 0.0 ], [ -77.887395186938619, -8.676263392489762, 0.0 ], [ -77.887394360273149, -8.676255849760864, 0.0 ], [ -77.887391743902299, -8.676216811056729, 0.0 ], [ -77.88739154521754, -8.676211486892891, 0.0 ], [ -77.887391590985246, -8.676207854793089, 0.0 ], [ -77.887392757055665, -8.676172276464447, 0.0 ], [ -77.8873931914504, -8.676165919414197, 0.0 ], [ -77.887396961741672, -8.676129676326257, 0.0 ], [ -77.887397740651451, -8.676123968034391, 0.0 ], [ -77.887399205412024, -8.676117004214991, 0.0 ], [ -77.887404972629597, -8.676094119352781, 0.0 ], [ -77.887407487773871, -8.676085842137327, 0.0 ], [ -77.887411470380357, -8.676076416404406, 0.0 ], [ -77.887422525405, -8.676053914309522, 0.0 ], [ -77.887425120874013, -8.676049017991552, 0.0 ], [ -77.887429493070044, -8.676042099013202, 0.0 ], [ -77.887447048139137, -8.676016917847251, 0.0 ], [ -77.887451654869636, -8.676010868894656, 0.0 ], [ -77.887453846169521, -8.676008327242002, 0.0 ], [ -77.887468985873213, -8.675991411694685, 0.0 ], [ -77.887474836204618, -8.675985452702941, 0.0 ], [ -77.887499749968768, -8.675962313566927, 0.0 ], [ -77.887503259862527, -8.675959220781671, 0.0 ], [ -77.887546341973206, -8.675931857914726, 0.0 ], [ -77.887563191472523, -8.675915091133048, 0.0 ], [ -77.887569441462446, -8.675907137974653, 0.0 ], [ -77.887575830829761, -8.675895327959784, 0.0 ], [ -77.887580407151106, -8.675882452987238, 0.0 ], [ -77.887582209218408, -8.675871871123409, 0.0 ], [ -77.887583554657084, -8.675841941437223, 0.0 ], [ -77.887583717917138, -8.675811643071587, 0.0 ], [ -77.887582088334668, -8.675787196186986, 0.0 ], [ -77.887577994638463, -8.675760245606838, 0.0 ], [ -77.887571571949209, -8.675733145526669, 0.0 ], [ -77.887563122309473, -8.675707283121026, 0.0 ], [ -77.887551578749694, -8.675679427703093, 0.0 ], [ -77.887536093190377, -8.675648497070577, 0.0 ], [ -77.887526586416499, -8.675632207185759, 0.0 ], [ -77.887524579552704, -8.675629422677467, 0.0 ], [ -77.887518691389545, -8.675621052791728, 0.0 ], [ -77.887517522778765, -8.675619371338199, 0.0 ], [ -77.887505662530216, -8.67560507324542, 0.0 ], [ -77.887478935843006, -8.675576695859434, 0.0 ], [ -77.887421665560737, -8.675524794243342, 0.0 ], [ -77.887359935700772, -8.675472417747939, 0.0 ], [ -77.887298996710584, -8.675421001007283, 0.0 ], [ -77.887294218003674, -8.67541666823729, 0.0 ], [ -77.887264632733206, -8.675387862562646, 0.0 ], [ -77.887259877094081, -8.675382865602637, 0.0 ], [ -77.887239445564305, -8.675359682185029, 0.0 ], [ -77.887234551270765, -8.675353530798152, 0.0 ], [ -77.887213763228999, -8.675324922321201, 0.0 ], [ -77.887208855805127, -8.675317409577072, 0.0 ], [ -77.887193203875498, -8.675290362177613, 0.0 ], [ -77.887188076045803, -8.675280027006011, 0.0 ], [ -77.887175880921859, -8.675250899057458, 0.0 ], [ -77.88717461264379, -8.675247699705045, 0.0 ], [ -77.88717267659942, -8.675241946014495, 0.0 ], [ -77.887161983575567, -8.675206224365766, 0.0 ], [ -77.887160043522641, -8.675198521121915, 0.0 ], [ -77.887153426118203, -8.675147844099227, 0.0 ], [ -77.887152494379194, -8.675142112619085, 0.0 ], [ -77.887147354058143, -8.675102233852357, 0.0 ], [ -77.887146733962865, -8.675095345440527, 0.0 ], [ -77.887143014678742, -8.675022829754552, 0.0 ], [ -77.887135841039594, -8.674945706566369, 0.0 ], [ -77.88712988102246, -8.674908931834411, 0.0 ], [ -77.88712256917043, -8.674874297602114, 0.0 ], [ -77.887095223687538, -8.674821611967145, 0.0 ], [ -77.88707835348086, -8.674778897604483, 0.0 ], [ -77.886990872078343, -8.674599055209017, 0.0 ], [ -77.886989424598141, -8.674595928581322, 0.0 ], [ -77.886968591432208, -8.67454857893128, 0.0 ], [ -77.886943900577634, -8.674493502600452, 0.0 ], [ -77.88694214346377, -8.674489301437172, 0.0 ], [ -77.886915239290701, -8.674420106014606, 0.0 ], [ -77.886913345288633, -8.674414624835105, 0.0 ], [ -77.886883660249211, -8.674259667854669, 0.0 ], [ -77.886866324148286, -8.674178795556235, 0.0 ], [ -77.886865689970804, -8.674175527258868, 0.0 ], [ -77.886852200425125, -8.674094627653558, 0.0 ], [ -77.886851765172892, -8.674091728253543, 0.0 ], [ -77.88684032156327, -8.674005896741438, 0.0 ], [ -77.886839886680136, -8.674001976472004, 0.0 ], [ -77.886832256246521, -8.673916145913628, 0.0 ], [ -77.886832093948726, -8.673914035845266, 0.0 ], [ -77.886826371869788, -8.673826298175193, 0.0 ], [ -77.886826265292399, -8.673824351204459, 0.0 ], [ -77.886822451609433, -8.673736612642704, 0.0 ], [ -77.886822387369406, -8.67373462198732, 0.0 ], [ -77.886820479163688, -8.673644956461311, 0.0 ], [ -77.886818571825017, -8.673553383804805, 0.0 ], [ -77.88681666373175, -8.67346183012525, 0.0 ], [ -77.886814779544039, -8.673371383859234, 0.0 ], [ -77.88681098286186, -8.673287646419842, 0.0 ], [ -77.88680903045217, -8.673209655241243, 0.0 ], [ -77.8868092600746, -8.673201566975417, 0.0 ], [ -77.886811902784984, -8.673165785930744, 0.0 ], [ -77.886812476444121, -8.673160304143694, 0.0 ], [ -77.886817462677101, -8.673123605557759, 0.0 ], [ -77.886817906210979, -8.67312069860399, 0.0 ], [ -77.886818360348883, -8.673118228826132, 0.0 ], [ -77.886825795299217, -8.67308071579656, 0.0 ], [ -77.886827057246052, -8.673075247773214, 0.0 ], [ -77.886836789510468, -8.673038374147973, 0.0 ], [ -77.886838500824155, -8.673032663317587, 0.0 ], [ -77.886848937849678, -8.673001642146428, 0.0 ], [ -77.886850164334888, -8.672998305563427, 0.0 ], [ -77.886866706430993, -8.672956051124501, 0.0 ], [ -77.886868011469986, -8.67295289553487, 0.0 ], [ -77.886875314531494, -8.672936141425765, 0.0 ], [ -77.886900649969519, -8.672878021409652, 0.0 ], [ -77.886935089723693, -8.672801484910911, 0.0 ], [ -77.886970327469172, -8.672721736131399, 0.0 ], [ -77.887001546975441, -8.672640930942991, 0.0 ], [ -77.887030672573133, -8.672559016840795, 0.0 ], [ -77.887041745065119, -8.672520030816564, 0.0 ], [ -77.887051105314328, -8.672480693670337, 0.0 ], [ -77.887065404505321, -8.672396689220841, 0.0 ], [ -77.887074238318363, -8.672313651232479, 0.0 ], [ -77.887076024327428, -8.672229681845232, 0.0 ], [ -77.887074148144904, -8.672139446030695, 0.0 ], [ -77.887074208968272, -8.672134574321158, 0.0 ], [ -77.887077880674482, -8.672042763420263, 0.0 ], [ -77.887074206601611, -8.67194904496726, 0.0 ], [ -77.887074138732942, -8.67194586634014, 0.0 ], [ -77.88707413836039, -8.671847206378796, 0.0 ], [ -77.887072245544886, -8.671746948128549, 0.0 ], [ -77.887070388540323, -8.671648523552532, 0.0 ], [ -77.887063122000399, -8.671555875729773, 0.0 ], [ -77.887057152153517, -8.671507099090348, 0.0 ], [ -77.887050845327693, -8.671468044913389, 0.0 ], [ -77.887042372322867, -8.671428164232973, 0.0 ], [ -77.887029450124047, -8.671377281015472, 0.0 ], [ -77.887014710961296, -8.671323984049303, 0.0 ], [ -77.887004011987088, -8.671291966424421, 0.0 ], [ -77.886964067203863, -8.671204812900426, 0.0 ], [ -77.886962890981167, -8.671202132312921, 0.0 ], [ -77.886940102931931, -8.671147821161501, 0.0 ], [ -77.886938626145437, -8.671144064162167, 0.0 ], [ -77.88692499279729, -8.671106330196345, 0.0 ], [ -77.886922326665797, -8.671097580852001, 0.0 ], [ -77.886899925354214, -8.671007972789639, 0.0 ], [ -77.886873794319214, -8.670920247663451, 0.0 ], [ -77.886871718897879, -8.670911811853511, 0.0 ], [ -77.886864612658073, -8.670875422481366, 0.0 ], [ -77.88686399845831, -8.670871796275627, 0.0 ], [ -77.886855762207389, -8.670816196055693, 0.0 ], [ -77.886855458139323, -8.670813947932249, 0.0 ], [ -77.88684401469088, -8.670720486979253, 0.0 ], [ -77.88684364664627, -8.670716876076176, 0.0 ], [ -77.886836005258644, -8.670623272527335, 0.0 ], [ -77.886828305367814, -8.670524980659957, 0.0 ], [ -77.886822523126867, -8.670426831479752, 0.0 ], [ -77.886816796214333, -8.670329505800344, 0.0 ], [ -77.886811032075087, -8.670229444839689, 0.0 ], [ -77.886807177666896, -8.670131342505043, 0.0 ], [ -77.886807109798951, -8.670128162973404, 0.0 ], [ -77.886807109489141, -8.670032452654757, 0.0 ], [ -77.88680710938641, -8.669941759939356, 0.0 ], [ -77.886798055693276, -8.669854847866834, 0.0 ], [ -77.886797574816129, -8.669845498377354, 0.0 ], [ -77.886797856339555, -8.66981139929862, 0.0 ], [ -77.886798007913299, -8.669806877428927, 0.0 ], [ -77.886801548253757, -8.669746686364819, 0.0 ], [ -77.886807276747334, -8.669653118089336, 0.0 ], [ -77.886807802772978, -8.669647460496254, 0.0 ], [ -77.886819247278993, -8.669555908787713, 0.0 ], [ -77.886819887369413, -8.669551634374251, 0.0 ], [ -77.886828396898935, -8.669504085250946, 0.0 ], [ -77.886829193839446, -8.669500139400107, 0.0 ], [ -77.886837923510782, -8.669461442146538, 0.0 ], [ -77.886839741763936, -8.669454636467767, 0.0 ], [ -77.886864537858628, -8.669374527696732, 0.0 ], [ -77.886865689779953, -8.66937105707113, 0.0 ], [ -77.886880562851019, -8.669329118850957, 0.0 ], [ -77.886882167858047, -8.669324941936113, 0.0 ], [ -77.886894030519827, -8.669296213735473, 0.0 ], [ -77.886896511639449, -8.66929073016977, 0.0 ], [ -77.88691168087081, -8.669259989430659, 0.0 ], [ -77.886914191362649, -8.669255260903485, 0.0 ], [ -77.886931453847509, -8.66922495333192, 0.0 ], [ -77.88693557366274, -8.669218395850649, 0.0 ], [ -77.886973720723162, -8.669163082595368, 0.0 ], [ -77.886978494270906, -8.669156770417047, 0.0 ], [ -77.887024165924089, -8.669101585446169, 0.0 ], [ -77.887066660028239, -8.669049853898294, 0.0 ], [ -77.887103067526724, -8.669001311393737, 0.0 ], [ -77.887116835855437, -8.668979006562493, 0.0 ], [ -77.887126198848506, -8.668960942289006, 0.0 ], [ -77.887135030906038, -8.668939216849987, 0.0 ], [ -77.887141579967562, -8.668917653227666, 0.0 ], [ -77.887144864706855, -8.668901136418597, 0.0 ], [ -77.88714904464149, -8.668868697258693, 0.0 ], [ -77.887154493532677, -8.66880877002704, 0.0 ], [ -77.887158146674537, -8.668748491396691, 0.0 ], [ -77.887159245633597, -8.668713248735843, 0.0 ], [ -77.887158458925242, -8.668697854057525, 0.0 ], [ -77.887155573954914, -8.668681370365917, 0.0 ], [ -77.887148273740394, -8.668653805274515, 0.0 ], [ -77.887139707293969, -8.668626868604209, 0.0 ], [ -77.887132210659274, -8.668608056443306, 0.0 ], [ -77.887104195012469, -8.668557274713129, 0.0 ], [ -77.88707722515646, -8.668507193350921, 0.0 ], [ -77.887048570574592, -8.66845370346887, 0.0 ], [ -77.887045945253718, -8.668448390427114, 0.0 ], [ -77.887031163114756, -8.668415820950457, 0.0 ], [ -77.887028903556711, -8.668410374145822, 0.0 ], [ -77.887018852169263, -8.668383718822501, 0.0 ], [ -77.887016497789858, -8.668376555330029, 0.0 ], [ -77.887008250307488, -8.668347396531665, 0.0 ], [ -77.887006730302161, -8.668341187969057, 0.0 ], [ -77.886999533308241, -8.668306451629359, 0.0 ], [ -77.886998394699489, -8.668299065733651, 0.0 ], [ -77.886990764246491, -8.668230401052, 0.0 ], [ -77.886990524814067, -8.668227937424779, 0.0 ], [ -77.886984917676372, -8.668160652322454, 0.0 ], [ -77.886978186132396, -8.668101746829823, 0.0 ], [ -77.88696253744142, -8.668042609744417, 0.0 ], [ -77.886947123892853, -8.667980975627152, 0.0 ], [ -77.886946444249872, -8.667978050970204, 0.0 ], [ -77.886938477624255, -8.667940967031591, 0.0 ], [ -77.88693797355289, -8.667938444876313, 0.0 ], [ -77.886937405236949, -8.667934999909765, 0.0 ], [ -77.886933927607402, -8.667911048491018, 0.0 ], [ -77.886932995400272, -8.667898472681467, 0.0 ], [ -77.886932994810365, -8.667836464519493, 0.0 ], [ -77.886931257572769, -8.667775661104614, 0.0 ], [ -77.886927970250369, -8.667750950274892, 0.0 ], [ -77.886921993399014, -8.667720482402078, 0.0 ], [ -77.886904136530262, -8.667656199852411, 0.0 ], [ -77.886885361377509, -8.6675942388112, 0.0 ], [ -77.886882997492137, -8.667584521413456, 0.0 ], [ -77.886882658454226, -8.667582567165541, 0.0 ], [ -77.886877422453523, -8.667550317559712, 0.0 ], [ -77.886876501103032, -8.667542490955872, 0.0 ], [ -77.886874107721525, -8.667509891007098, 0.0 ], [ -77.886873869316702, -8.667503995271703, 0.0 ], [ -77.886873882203574, -8.667501640856713, 0.0 ], [ -77.886874409594611, -8.667473217925021, 0.0 ], [ -77.886874758259381, -8.667466803702931, 0.0 ], [ -77.886878046214818, -8.667430377258933, 0.0 ], [ -77.886878905669761, -8.667423680016748, 0.0 ], [ -77.886890368013496, -8.667354898939612, 0.0 ], [ -77.886890871853481, -8.66735216047131, 0.0 ], [ -77.886903119027977, -8.667290924260245, 0.0 ], [ -77.886904874253887, -8.667266711927638, 0.0 ], [ -77.886904475687885, -8.667244123973481, 0.0 ], [ -77.88690198776878, -8.667222444400215, 0.0 ], [ -77.886897680903559, -8.667201892501184, 0.0 ], [ -77.886891693141564, -8.667182950563035, 0.0 ], [ -77.886882376927772, -8.667160300855208, 0.0 ], [ -77.886855928358941, -8.667110930098104, 0.0 ], [ -77.886853214400702, -8.667105420775192, 0.0 ], [ -77.88683910398845, -8.667074131757177, 0.0 ], [ -77.886837122106897, -8.6670693784828, 0.0 ], [ -77.886826304667608, -8.667041193112714, 0.0 ], [ -77.886824470886026, -8.667035860528197, 0.0 ], [ -77.886814658486898, -8.667004110784855, 0.0 ], [ -77.886813047164267, -8.666998187486858, 0.0 ], [ -77.886805693928864, -8.666966995530325, 0.0 ], [ -77.886804796120472, -8.666962726422994, 0.0 ], [ -77.886804083709848, -8.66695824451299, 0.0 ], [ -77.886796454538327, -8.666901023440742, 0.0 ], [ -77.886795727377532, -8.666892469919214, 0.0 ], [ -77.886793819781914, -8.666840972124435, 0.0 ], [ -77.886793760574406, -8.666838330966186, 0.0 ], [ -77.886794044671987, -8.666830475370462, 0.0 ], [ -77.886797847885788, -8.666782934745592, 0.0 ], [ -77.886801387667276, -8.666736920185757, 0.0 ], [ -77.886801388359117, -8.666685055626681, 0.0 ], [ -77.886801429313437, -8.66668233420992, 0.0 ], [ -77.88680329586515, -8.666620742852194, 0.0 ], [ -77.886803294918479, -8.666551542540422, 0.0 ], [ -77.886803324527975, -8.666549237686983, 0.0 ], [ -77.886805202070434, -8.666476006556961, 0.0 ], [ -77.886805201837547, -8.666405471885209, 0.0 ], [ -77.88680326920003, -8.666373400562071, 0.0 ], [ -77.886800664288799, -8.666352922516179, 0.0 ], [ -77.88679547644449, -8.666328398600998, 0.0 ], [ -77.886789940993197, -8.666310784878638, 0.0 ], [ -77.88678147245875, -8.666291897826085, 0.0 ], [ -77.886770773405146, -8.666273741341525, 0.0 ], [ -77.886763378877433, -8.666264007770405, 0.0 ], [ -77.886738138606205, -8.666235418294569, 0.0 ], [ -77.886737069691591, -8.666234184171183, 0.0 ], [ -77.886694934454084, -8.666184389925604, 0.0 ], [ -77.886688162071763, -8.666175283139964, 0.0 ], [ -77.886669424121578, -8.666146469229638, 0.0 ], [ -77.886667366967615, -8.666143152058858, 0.0 ], [ -77.886664898853539, -8.666138686131946, 0.0 ], [ -77.886651211848104, -8.666112187445909, 0.0 ], [ -77.88664694977561, -8.666102609064877, 0.0 ], [ -77.886635374971931, -8.666071892591599, 0.0 ], [ -77.886632267133422, -8.666061880875095, 0.0 ], [ -77.886624735640609, -8.666031472614634, 0.0 ], [ -77.88662359879919, -8.666026216968715, 0.0 ], [ -77.886622794786703, -8.666021032887064, 0.0 ], [ -77.886618908330988, -8.665990018877762, 0.0 ], [ -77.886618211913415, -8.665979069245717, 0.0 ], [ -77.886618282487433, -8.665950499792848, 0.0 ], [ -77.886619360282367, -8.665936844549018, 0.0 ], [ -77.886623711775229, -8.665909025997975, 0.0 ], [ -77.886625992394272, -8.665898804602342, 0.0 ], [ -77.88663508471079, -8.665866929980664, 0.0 ], [ -77.886636875991073, -8.665861346840373, 0.0 ], [ -77.88663794108713, -8.6658585137868, 0.0 ], [ -77.886646977047619, -8.66583566748908, 0.0 ], [ -77.886649706851543, -8.665829461119348, 0.0 ], [ -77.886665465714998, -8.665796994946941, 0.0 ], [ -77.886666422531874, -8.665795081492341, 0.0 ], [ -77.886683228741802, -8.665762452013173, 0.0 ], [ -77.886685055083078, -8.665759082895566, 0.0 ], [ -77.886686224658717, -8.665757091944991, 0.0 ], [ -77.886699936503547, -8.665734408145696, 0.0 ], [ -77.886704686013388, -8.665727328255299, 0.0 ], [ -77.886722190305804, -8.665703726816163, 0.0 ], [ -77.886725250049253, -8.66569982980924, 0.0 ], [ -77.886726520541302, -8.665698333170983, 0.0 ], [ -77.886749070723496, -8.665672343781589, 0.0 ], [ -77.886752740810039, -8.665668360852141, 0.0 ], [ -77.886775273647515, -8.665645332107525, 0.0 ], [ -77.886779548450761, -8.665641239809057, 0.0 ], [ -77.886802791608119, -8.665620399202176, 0.0 ], [ -77.886804680123745, -8.665618752440295, 0.0 ], [ -77.886809826780379, -8.665614698721084, 0.0 ], [ -77.886858189949464, -8.665579357081723, 0.0 ], [ -77.886896439817974, -8.665549422092942, 0.0 ], [ -77.886909093607755, -8.665536678513089, 0.0 ], [ -77.886916227167333, -8.665527693348311, 0.0 ], [ -77.886923294237064, -8.665515707518507, 0.0 ], [ -77.886927379789611, -8.665505735373319, 0.0 ], [ -77.886929667696506, -8.665495756041079, 0.0 ], [ -77.886930903289453, -8.665481603628423, 0.0 ], [ -77.886930393337821, -8.665470700470863, 0.0 ], [ -77.88692678188805, -8.665446216131768, 0.0 ], [ -77.886914435093786, -8.665389775142874, 0.0 ], [ -77.886897868334003, -8.665325344573896, 0.0 ], [ -77.886878073651346, -8.665253365020229, 0.0 ], [ -77.886851667253126, -8.665181188815465, 0.0 ], [ -77.886820896107224, -8.665110596779389, 0.0 ], [ -77.886786974987857, -8.665038977870998, 0.0 ], [ -77.886752453155793, -8.664964185257629, 0.0 ], [ -77.886749641158758, -8.664957365803801, 0.0 ], [ -77.886736403631616, -8.664920285540276, 0.0 ], [ -77.886734978741984, -8.664915947238081, 0.0 ], [ -77.886721273145497, -8.664870355757989, 0.0 ], [ -77.8867199305312, -8.664865378114175, 0.0 ], [ -77.886698949786123, -8.664777640070781, 0.0 ], [ -77.88669787156411, -8.66477245083404, 0.0 ], [ -77.886682682703778, -8.66468323888507, 0.0 ], [ -77.886666195207624, -8.664598970338242, 0.0 ], [ -77.886655891574307, -8.664558034666198, 0.0 ], [ -77.886645790780463, -8.664524046583347, 0.0 ], [ -77.88661828151389, -8.664450688859558, 0.0 ], [ -77.886617185698043, -8.664447594791014, 0.0 ], [ -77.886601696212821, -8.664401174790767, 0.0 ], [ -77.886599708325605, -8.664394322904773, 0.0 ], [ -77.886592309912416, -8.66436444935367, 0.0 ], [ -77.88659117400573, -8.664359195505345, 0.0 ], [ -77.886590331243923, -8.66435369100002, 0.0 ], [ -77.886586020769954, -8.664318262452337, 0.0 ], [ -77.886585403045714, -8.66431012638372, 0.0 ], [ -77.886583991562901, -8.664263538533001, 0.0 ], [ -77.886583953324163, -8.664261502508268, 0.0 ], [ -77.886583998304204, -8.664257880348453, 0.0 ], [ -77.886585112534462, -8.664223782190723, 0.0 ], [ -77.886585372367932, -8.664219286604396, 0.0 ], [ -77.886590057731951, -8.66416289119123, 0.0 ], [ -77.886599673956681, -8.664068583432769, 0.0 ], [ -77.886600077895764, -8.664065244944567, 0.0 ], [ -77.886613429190092, -8.663969878150152, 0.0 ], [ -77.886613856737682, -8.663967134838785, 0.0 ], [ -77.886628445902872, -8.663883243896022, 0.0 ], [ -77.886633651817732, -8.66381904259593, 0.0 ], [ -77.886635488612114, -8.663758407273585, 0.0 ], [ -77.886637395234246, -8.663693598516195, 0.0 ], [ -77.886637502458214, -8.663691113294592, 0.0 ], [ -77.886641313908228, -8.663624416441957, 0.0 ], [ -77.886645110166782, -8.663554182806303, 0.0 ], [ -77.886648905768567, -8.663480175581178, 0.0 ], [ -77.886652710156596, -8.663400301465877, 0.0 ], [ -77.886656471711021, -8.663315647667501, 0.0 ], [ -77.886658385107637, -8.663226151040101, 0.0 ], [ -77.886662226197728, -8.663131814664814, 0.0 ], [ -77.886662449820292, -8.663128164955653, 0.0 ], [ -77.886669861440339, -8.663037380953343, 0.0 ], [ -77.88667164213777, -8.662955474979503, 0.0 ], [ -77.886669890107896, -8.662919097470143, 0.0 ], [ -77.886666609660878, -8.662885155394093, 0.0 ], [ -77.886661541561224, -8.662851205146476, 0.0 ], [ -77.886654829214407, -8.662817836481373, 0.0 ], [ -77.886646237979164, -8.662784043856123, 0.0 ], [ -77.886636820599847, -8.662753821474752, 0.0 ], [ -77.886610565578806, -8.662689059321789, 0.0 ], [ -77.886579219601103, -8.662622677858687, 0.0 ], [ -77.886547649432643, -8.662555825593699, 0.0 ], [ -77.886512784310227, -8.662489764325032, 0.0 ], [ -77.886475857981253, -8.662423298534229, 0.0 ], [ -77.886436709415051, -8.662358049273621, 0.0 ], [ -77.886394635421908, -8.662289192159554, 0.0 ], [ -77.886390595366635, -8.662281690855773, 0.0 ], [ -77.886372605159082, -8.662244107105517, 0.0 ], [ -77.886369994623337, -8.662238103714488, 0.0 ], [ -77.886355310036635, -8.662200648564799, 0.0 ], [ -77.886353132412282, -8.66219426969209, 0.0 ], [ -77.886343887310147, -8.662163417206717, 0.0 ], [ -77.886342551110957, -8.66215844402503, 0.0 ], [ -77.886330815108266, -8.662109187768829, 0.0 ], [ -77.88633027369832, -8.66210676617043, 0.0 ], [ -77.886313466403308, -8.662026463270024, 0.0 ], [ -77.886293131427749, -8.661945125500425, 0.0 ], [ -77.886271080659029, -8.661864271374382, 0.0 ], [ -77.886242984710861, -8.661778100203755, 0.0 ], [ -77.886214206354992, -8.661686017667924, 0.0 ], [ -77.886212898330157, -8.661681404737367, 0.0 ], [ -77.886187957959109, -8.661583546524675, 0.0 ], [ -77.886162802468661, -8.661479028092353, 0.0 ], [ -77.886139698649032, -8.661373184189721, 0.0 ], [ -77.88613913252604, -8.661370378822332, 0.0 ], [ -77.886138770638354, -8.661368282905546, 0.0 ], [ -77.886121626024121, -8.661261600769226, 0.0 ], [ -77.886104846210756, -8.661159059872626, 0.0 ], [ -77.886085016086099, -8.661067122000368, 0.0 ], [ -77.886059771697873, -8.660980567869061, 0.0 ], [ -77.886029997416102, -8.660893104779996, 0.0 ], [ -77.885999335324101, -8.660804935590154, 0.0 ], [ -77.885982708742276, -8.660754481258975, 0.0 ], [ -77.885981453332406, -8.660750337707924, 0.0 ], [ -77.88597304732906, -8.660719978444856, 0.0 ], [ -77.885971804972257, -8.66071492775856, 0.0 ], [ -77.885962051595271, -8.660669678519861, 0.0 ], [ -77.885961533463046, -8.660667094127435, 0.0 ], [ -77.885960563432761, -8.660660492013575, 0.0 ], [ -77.885956964769278, -8.660627540650268, 0.0 ], [ -77.885956436165188, -8.660618466147039, 0.0 ], [ -77.885956484262977, -8.660614774397892, 0.0 ], [ -77.885957761750078, -8.660576588807645, 0.0 ], [ -77.885958822877427, -8.660565499406941, 0.0 ], [ -77.885965249555881, -8.660525025396533, 0.0 ], [ -77.885967639348095, -8.660514472529934, 0.0 ], [ -77.885975389773165, -8.660487814503595, 0.0 ], [ -77.885977055484418, -8.660482668672067, 0.0 ], [ -77.885977733280939, -8.66048083412069, 0.0 ], [ -77.885996476576949, -8.660431745082864, 0.0 ], [ -77.886021803534049, -8.660362999326569, 0.0 ], [ -77.886040998631827, -8.660294947646012, 0.0 ], [ -77.886049238001917, -8.660255742805289, 0.0 ], [ -77.886054200291539, -8.660222528020844, 0.0 ], [ -77.886056331342814, -8.66019376681607, 0.0 ], [ -77.886057523719117, -8.660141805577148, 0.0 ], [ -77.886057523765061, -8.660046364377946, 0.0 ], [ -77.886055621075144, -8.659937611161412, 0.0 ], [ -77.886055622534798, -8.659823548599535, 0.0 ], [ -77.886057537774434, -8.659712104155314, 0.0 ], [ -77.886059430712947, -8.659607970376866, 0.0 ], [ -77.886059431476482, -8.659512498454045, 0.0 ], [ -77.886058266988741, -8.659458026336411, 0.0 ], [ -77.886056184971991, -8.659429184930707, 0.0 ], [ -77.886041807674246, -8.659348313414233, 0.0 ], [ -77.886026607916293, -8.659266615151294, 0.0 ], [ -77.88602537941405, -8.659257309237271, 0.0 ], [ -77.886022306327646, -8.65921850965807, 0.0 ], [ -77.886022039716153, -8.659212954717782, 0.0 ], [ -77.886021291917146, -8.659169308779996, 0.0 ], [ -77.886021352102759, -8.65916470177222, 0.0 ], [ -77.886022941399077, -8.659123827951978, 0.0 ], [ -77.886023251174976, -8.659119092579834, 0.0 ], [ -77.886027383112577, -8.659074135959035, 0.0 ], [ -77.886028229190686, -8.659067583366536, 0.0 ], [ -77.88604350741204, -8.658975914194492, 0.0 ], [ -77.886044080365821, -8.658972831905325, 0.0 ], [ -77.886062831342883, -8.658880950400196, 0.0 ], [ -77.886077575673994, -8.658792486090713, 0.0 ], [ -77.886088603569831, -8.658709779359818, 0.0 ], [ -77.886092733955223, -8.658666166142984, 0.0 ], [ -77.886093696635371, -8.65864002555986, 0.0 ], [ -77.88609243097109, -8.658608706222273, 0.0 ], [ -77.886089046909021, -8.658579362408403, 0.0 ], [ -77.886083488058915, -8.65855126638516, 0.0 ], [ -77.886074824628551, -8.658519518685255, 0.0 ], [ -77.886066056905051, -8.658494093925473, 0.0 ], [ -77.886051505075841, -8.658458056073723, 0.0 ], [ -77.886019967326391, -8.658389414590925, 0.0 ], [ -77.886017418481885, -8.658383279724045, 0.0 ], [ -77.885993695669001, -8.658319410719603, 0.0 ], [ -77.885968631345619, -8.658264269873614, 0.0 ], [ -77.885938875673617, -8.658215258944059, 0.0 ], [ -77.885920220881943, -8.658184170299881, 0.0 ], [ -77.885796105076182, -8.658098584963296, 0.0 ], [ -77.885789986356514, -8.658093973119772, 0.0 ], [ -77.88578346093729, -8.658088054383834, 0.0 ], [ -77.885660663803947, -8.657965257865072, 0.0 ], [ -77.885656795796308, -8.657961139456907, 0.0 ], [ -77.88558191870402, -8.657876278054275, 0.0 ], [ -77.885532751039747, -8.657827110091363, 0.0 ], [ -77.885523592622476, -8.657816399596484, 0.0 ], [ -77.885516215605264, -8.657804403630623, 0.0 ], [ -77.885510798340803, -8.657791414459783, 0.0 ], [ -77.885507473048875, -8.657777746380528, 0.0 ], [ -77.885506319420614, -8.657763730347606, 0.0 ], [ -77.885506318079891, -8.657691757332937, 0.0 ], [ -77.885507541728487, -8.657676974412421, 0.0 ], [ -77.885517794484855, -8.657615460600978, 0.0 ], [ -77.885521793620569, -8.657600104732872, 0.0 ], [ -77.885524479960793, -8.657593436157784, 0.0 ], [ -77.885569658320534, -8.657493038201997, 0.0 ], [ -77.885617459743258, -8.6573719600567, 0.0 ], [ -77.885633273024183, -8.65731222195291, 0.0 ], [ -77.885635164722927, -8.657305994828144, 0.0 ], [ -77.885656322408821, -8.657244452890346, 0.0 ], [ -77.885657876154369, -8.65724033871402, 0.0 ], [ -77.885682672748828, -8.657179303224721, 0.0 ], [ -77.885685042449879, -8.657173971397093, 0.0 ], [ -77.885712600086038, -8.65711701840943, 0.0 ], [ -77.885736462224813, -8.657060115910884, 0.0 ], [ -77.885737905378832, -8.657056857208051, 0.0 ], [ -77.885764258334532, -8.657000387614749, 0.0 ], [ -77.885784104897724, -8.656955732428315, 0.0 ], [ -77.885788519191948, -8.65693981782281, 0.0 ], [ -77.885790664320766, -8.656926465293767, 0.0 ], [ -77.885790977987327, -8.656913189832919, 0.0 ], [ -77.885789267745309, -8.65689308803036, 0.0 ], [ -77.88578683427005, -8.65687957764308, 0.0 ], [ -77.885777847775529, -8.656843665765939, 0.0 ], [ -77.885763051993365, -8.656782639222637, 0.0 ], [ -77.885742841383632, -8.656714654741254, 0.0 ], [ -77.885733414885493, -8.656684020366844, 0.0 ], [ -77.88571354091404, -8.656680905447537, 0.0 ], [ -77.885665031319036, -8.656425693267638, 0.0 ], [ -77.885652936119627, -8.656366408898013, 0.0 ], [ -77.8856356326651, -8.656274150954296, 0.0 ], [ -77.885618466236025, -8.656182597545849, 0.0 ], [ -77.885601403881367, -8.656091594436184, 0.0 ], [ -77.885582433855873, -8.655996742686165, 0.0 ], [ -77.885582149244897, -8.655995254186283, 0.0 ], [ -77.88556494305665, -8.655899669991515, 0.0 ], [ -77.88556438918711, -8.655896205930571, 0.0 ], [ -77.885551038497923, -8.655800838357832, 0.0 ], [ -77.885550615846668, -8.655797319100797, 0.0 ], [ -77.885541079057674, -8.655701951643884, 0.0 ], [ -77.885540710754626, -8.655696748898798, 0.0 ], [ -77.885536896191539, -8.655605195861652, 0.0 ], [ -77.885536821136668, -8.655602138340145, 0.0 ], [ -77.885536838558139, -8.655599540866472, 0.0 ], [ -77.885538746210301, -8.65550989602753, 0.0 ], [ -77.885538924916631, -8.655505828369966, 0.0 ], [ -77.885544581329171, -8.6554209786103, 0.0 ], [ -77.885548217380588, -8.655339173280483, 0.0 ], [ -77.885546400819536, -8.655259264741607, 0.0 ], [ -77.885542633322828, -8.655176382404228, 0.0 ], [ -77.885542564579055, -8.655174390874601, 0.0 ], [ -77.885540645815269, -8.655091672555887, 0.0 ], [ -77.885540839310437, -8.655084185329221, 0.0 ], [ -77.885543504654478, -8.655044987352195, 0.0 ], [ -77.885544017482275, -8.655039732784548, 0.0 ], [ -77.885548982982002, -8.655000728846458, 0.0 ], [ -77.885549653190466, -8.654996350314969, 0.0 ], [ -77.885557532654047, -8.654953980811795, 0.0 ], [ -77.885558857025387, -8.654948001896866, 0.0 ], [ -77.885568271526466, -8.654911450598153, 0.0 ], [ -77.885570382473759, -8.654904449394705, 0.0 ], [ -77.885580880386414, -8.654874137090939, 0.0 ], [ -77.885582520693745, -8.654869826221146, 0.0 ], [ -77.885600776174769, -8.654825340274993, 0.0 ], [ -77.885601967054427, -8.654822572231007, 0.0 ], [ -77.885635914814273, -8.65474713399724, 0.0 ], [ -77.885667291108106, -8.654673307006677, 0.0 ], [ -77.885696747879152, -8.654595983803612, 0.0 ], [ -77.885712687589361, -8.654550209893687, 0.0 ], [ -77.885720021091046, -8.654525066473893, 0.0 ], [ -77.885742811829331, -8.654324274854512, 0.0 ], [ -77.88574281199061, -8.654288326738792, 0.0 ], [ -77.885740974413636, -8.654207442670623, 0.0 ], [ -77.885738002171664, -8.654163856864878, 0.0 ], [ -77.88573446820466, -8.65413638062522, 0.0 ], [ -77.885727723035643, -8.654104359108683, 0.0 ], [ -77.885718719978314, -8.654073399894799, 0.0 ], [ -77.885707748170688, -8.654044037434305, 0.0 ], [ -77.885696134565819, -8.654018969270933, 0.0 ], [ -77.88566240985773, -8.653963940635395, 0.0 ], [ -77.885627692194106, -8.653906081835295, 0.0 ], [ -77.885623913641837, -8.653899041969879, 0.0 ], [ -77.885608572095407, -8.653867140436803, 0.0 ], [ -77.885605376543836, -8.653859645362505, 0.0 ], [ -77.885595908710656, -8.653834287259489, 0.0 ], [ -77.885592716098344, -8.653823842485384, 0.0 ], [ -77.885585435866062, -8.653793559571533, 0.0 ], [ -77.885584445311878, -8.653788901769238, 0.0 ], [ -77.885583666484237, -8.653783912619426, 0.0 ], [ -77.885579502032883, -8.653751253674567, 0.0 ], [ -77.885578801389613, -8.653741871490057, 0.0 ], [ -77.885578083134703, -8.6537092136381, 0.0 ], [ -77.885578355318316, -8.653700733858702, 0.0 ], [ -77.885580972884426, -8.653667889117587, 0.0 ], [ -77.885582092478984, -8.653659222257906, 0.0 ], [ -77.885586532176731, -8.653635560614957, 0.0 ], [ -77.885587901855928, -8.653629451266349, 0.0 ], [ -77.8855988213176, -8.653587625273492, 0.0 ], [ -77.88561594776894, -8.653521028447935, 0.0 ], [ -77.88561657383157, -8.65351871908987, 0.0 ], [ -77.88563587914274, -8.653451173488104, 0.0 ], [ -77.885657218597387, -8.653381320550244, 0.0 ], [ -77.885680153698544, -8.653308682964624, 0.0 ], [ -77.885703135027185, -8.653234011425447, 0.0 ], [ -77.885728250701916, -8.65315672011327, 0.0 ], [ -77.885755059199525, -8.653076291988667, 0.0 ], [ -77.885755887258568, -8.653073923287234, 0.0 ], [ -77.885786607643823, -8.652991349823029, 0.0 ], [ -77.885787533634087, -8.652988965927769, 0.0 ], [ -77.885819880240248, -8.652909049807342, 0.0 ], [ -77.885849219294983, -8.652835704398544, 0.0 ], [ -77.885870124101217, -8.65277124457401, 0.0 ], [ -77.885877487625763, -8.65274086921348, 0.0 ], [ -77.885880475928943, -8.65272176816887, 0.0 ], [ -77.885881488756766, -8.652700641200703, 0.0 ], [ -77.885880423657099, -8.652677982351131, 0.0 ], [ -77.885877726982301, -8.652657920509094, 0.0 ], [ -77.885877220642712, -8.652655688358097, 0.0 ], [ -77.885873803051837, -8.65264061794946, 0.0 ], [ -77.885868123853257, -8.652623500287314, 0.0 ], [ -77.885860909441163, -8.652607090750607, 0.0 ], [ -77.885854331503054, -8.652594979414854, 0.0 ], [ -77.88584993098668, -8.652587925270613, 0.0 ], [ -77.885841070445423, -8.652575419200305, 0.0 ], [ -77.88582949293405, -8.652561391491036, 0.0 ], [ -77.885818468841734, -8.652550174671367, 0.0 ], [ -77.885786213323556, -8.652524703963566, 0.0 ], [ -77.885754993579724, -8.652499341976524, 0.0 ], [ -77.885748264561542, -8.652493255804002, 0.0 ], [ -77.885712837426496, -8.652457828001005, 0.0 ], [ -77.885694726683752, -8.652442556789518, 0.0 ], [ -77.885674112135021, -8.652428837581002, 0.0 ], [ -77.885648881175413, -8.652415472116559, 0.0 ], [ -77.885618882329624, -8.652402716303587, 0.0 ], [ -77.885550917298943, -8.652380645401543, 0.0 ], [ -77.885417117258129, -8.652346300467681, 0.0 ], [ -77.885414963972963, -8.652345720456191, 0.0 ], [ -77.885365398708103, -8.652331696595885, 0.0 ], [ -77.885360595649345, -8.652330192500377, 0.0 ], [ -77.885312898846152, -8.652313801114774, 0.0 ], [ -77.885306279915682, -8.652311200412287, 0.0 ], [ -77.885266539618002, -8.652293757928616, 0.0 ], [ -77.885257742313769, -8.652289309898411, 0.0 ], [ -77.885217825987155, -8.652265921498023, 0.0 ], [ -77.885206232182426, -8.652257853768505, 0.0 ], [ -77.885174035377005, -8.652231502609672, 0.0 ], [ -77.885165302188753, -8.652223315725212, 0.0 ], [ -77.885151724540989, -8.652208786316184, 0.0 ], [ -77.885149104892079, -8.652205858209392, 0.0 ], [ -77.885146205309525, -8.652202292590578, 0.0 ], [ -77.885134237081857, -8.652186785277552, 0.0 ], [ -77.88512928062292, -8.652179683818376, 0.0 ], [ -77.885118887917343, -8.652163158203273, 0.0 ], [ -77.885117568677558, -8.652160994518976, 0.0 ], [ -77.885114654670545, -8.652155654684192, 0.0 ], [ -77.885105933418316, -8.652138309700153, 0.0 ], [ -77.885103497873388, -8.652133092734644, 0.0 ], [ -77.885098821034489, -8.652122178523349, 0.0 ], [ -77.885090468722424, -8.652105475799514, 0.0 ], [ -77.885086675700663, -8.652096770114973, 0.0 ], [ -77.885084941068101, -8.652091679760916, 0.0 ], [ -77.885077311477701, -8.65206688413355, 0.0 ], [ -77.885074834278171, -8.652056795317073, 0.0 ], [ -77.885074237281501, -8.652053149085434, 0.0 ], [ -77.885070422439881, -8.652026445555242, 0.0 ], [ -77.885069774456568, -8.652020515852751, 0.0 ], [ -77.885067663718672, -8.651992631338636, 0.0 ], [ -77.885067408915759, -8.651986116864805, 0.0 ], [ -77.885067452497978, -8.651957160898284, 0.0 ], [ -77.885067707941801, -8.651950532357175, 0.0 ], [ -77.885069908950186, -8.651921389366928, 0.0 ], [ -77.885070605561737, -8.651915112543042, 0.0 ], [ -77.885074957749268, -8.651885439275317, 0.0 ], [ -77.885075267783122, -8.651883473796282, 0.0 ], [ -77.88507602404006, -8.651879544521005, 0.0 ], [ -77.885082519690215, -8.651849400660081, 0.0 ], [ -77.885083890306092, -8.651843889371817, 0.0 ], [ -77.885092509371844, -8.651813384383312, 0.0 ], [ -77.885094124405427, -8.651808257916501, 0.0 ], [ -77.885104955889517, -8.651777158045594, 0.0 ], [ -77.885106649773903, -8.65177272933057, 0.0 ], [ -77.885119412856568, -8.651741829901999, 0.0 ], [ -77.885121395239082, -8.651737375521432, 0.0 ], [ -77.885136296865653, -8.651706194352389, 0.0 ], [ -77.885138427535566, -8.651702018914495, 0.0 ], [ -77.885155730082175, -8.651670199883279, 0.0 ], [ -77.885158701745937, -8.651665233928716, 0.0 ], [ -77.885197862109109, -8.651604419932166, 0.0 ], [ -77.885202847396357, -8.651597432281616, 0.0 ], [ -77.885248377380407, -8.651539625607811, 0.0 ], [ -77.885249844247895, -8.651537811307145, 0.0 ], [ -77.885253969574606, -8.651533176335958, 0.0 ], [ -77.885304250757912, -8.651480437255003, 0.0 ], [ -77.885309632790708, -8.651475239906857, 0.0 ], [ -77.885343966344934, -8.651444721597301, 0.0 ], [ -77.885345562663531, -8.65144333544608, 0.0 ], [ -77.885354078465937, -8.651436933679403, 0.0 ], [ -77.885372602829079, -8.651424641965468, 0.0 ], [ -77.885376980529898, -8.651421913120366, 0.0 ], [ -77.885379668037629, -8.651420403098024, 0.0 ], [ -77.88539929018755, -8.651409806957622, 0.0 ], [ -77.885411298815981, -8.651404406029899, 0.0 ], [ -77.885459389600328, -8.651387090443439, 0.0 ], [ -77.885507072995438, -8.651369925184129, 0.0 ], [ -77.885549011888941, -8.651354827835851, 0.0 ], [ -77.885586096425541, -8.651335543606919, 0.0 ], [ -77.88562388654546, -8.651309255230236, 0.0 ], [ -77.885648461440752, -8.651290859496571, 0.0 ], [ -77.885660060128473, -8.651280865941571, 0.0 ], [ -77.885672038927495, -8.651268215260316, 0.0 ], [ -77.885688344423656, -8.651248168127754, 0.0 ], [ -77.885717765096416, -8.65120566953278, 0.0 ], [ -77.885741338702672, -8.651161666589386, 0.0 ], [ -77.885761011121588, -8.65111084694081, 0.0 ], [ -77.885779103355375, -8.651051139592928, 0.0 ], [ -77.885797192085889, -8.650991449437351, 0.0 ], [ -77.885811664295332, -8.650926319956799, 0.0 ], [ -77.88582632670817, -8.650858511295249, 0.0 ], [ -77.885837123709194, -8.650790129217768, 0.0 ], [ -77.885846191123051, -8.650715769591708, 0.0 ], [ -77.885851448845386, -8.650640404292391, 0.0 ], [ -77.885849700467645, -8.650573934564168, 0.0 ], [ -77.885846202586478, -8.650519723938926, 0.0 ], [ -77.885841416860757, -8.650484626819608, 0.0 ], [ -77.885834979252053, -8.650455656532666, 0.0 ], [ -77.885825883549145, -8.65042109333193, 0.0 ], [ -77.885824510098857, -8.650415030883247, 0.0 ], [ -77.885817175521183, -8.65037652450224, 0.0 ], [ -77.88580781954407, -8.650335324005512, 0.0 ], [ -77.885798036869033, -8.650288401733507, 0.0 ], [ -77.885786813348773, -8.650232289867944, 0.0 ], [ -77.885772179040416, -8.65017009478577, 0.0 ], [ -77.885753404289645, -8.650098750351308, 0.0 ], [ -77.885752780495523, -8.650096233602955, 0.0 ], [ -77.885733706573234, -8.650014217474556, 0.0 ], [ -77.885732973014655, -8.650010758380168, 0.0 ], [ -77.885715755346197, -8.649920839550013, 0.0 ], [ -77.885714927334192, -8.64991558787257, 0.0 ], [ -77.885703483787779, -8.649825941674866, 0.0 ], [ -77.885702942290607, -8.649820284908833, 0.0 ], [ -77.885699946585902, -8.64977335388294, 0.0 ], [ -77.885697219954622, -8.649730639814234, 0.0 ], [ -77.885697039918, -8.649725597359383, 0.0 ], [ -77.885697058857318, -8.649722959220048, 0.0 ], [ -77.8856971010932, -8.649720995762268, 0.0 ], [ -77.885698965990485, -8.649635220608834, 0.0 ], [ -77.885699153075322, -8.649631058932465, 0.0 ], [ -77.885704801487975, -8.649548216657891, 0.0 ], [ -77.885708436134621, -8.649466422188672, 0.0 ], [ -77.885707580185809, -8.649428067479604, 0.0 ], [ -77.885705995114009, -8.649405545346305, 0.0 ], [ -77.885638222441401, -8.649043130614562, 0.0 ], [ -77.885607623976014, -8.648935645340865, 0.0 ], [ -77.885600489040314, -8.648918091437045, 0.0 ], [ -77.885579237980252, -8.648882157257818, 0.0 ], [ -77.885567535201517, -8.648867990413574, 0.0 ], [ -77.885552574552165, -8.648852915810053, 0.0 ], [ -77.885538272870917, -8.648840924136756, 0.0 ], [ -77.885513560884661, -8.648823070977349, 0.0 ], [ -77.885459062107671, -8.648788554794951, 0.0 ], [ -77.88540408152798, -8.648754428900938, 0.0 ], [ -77.885400280501557, -8.648751936115145, 0.0 ], [ -77.885350689993174, -8.648717604228233, 0.0 ], [ -77.885344705618976, -8.648713084364948, 0.0 ], [ -77.88532230154604, -8.648694659077961, 0.0 ], [ -77.885315411295537, -8.648688369915311, 0.0 ], [ -77.885301572747338, -8.648674368231337, 0.0 ], [ -77.885297197081314, -8.64866961308786, 0.0 ], [ -77.885293751013904, -8.648665331554453, 0.0 ], [ -77.885280889974226, -8.648648319515845, 0.0 ], [ -77.885274966794071, -8.648639437459169, 0.0 ], [ -77.885264745400235, -8.648621784858555, 0.0 ], [ -77.885259190036834, -8.648610418322001, 0.0 ], [ -77.885251948041216, -8.648592511973037, 0.0 ], [ -77.885251096156011, -8.648590322174723, 0.0 ], [ -77.885248622335112, -8.648582696963537, 0.0 ], [ -77.885242512793056, -8.648560549532322, 0.0 ], [ -77.885240667713518, -8.648552396496552, 0.0 ], [ -77.885236884482367, -8.648530306504004, 0.0 ], [ -77.885235869982864, -8.648522141783321, 0.0 ], [ -77.885233824875229, -8.648495948881889, 0.0 ], [ -77.885233554371226, -8.648489635085951, 0.0 ], [ -77.885233609163279, -8.648485743626219, 0.0 ], [ -77.885235508942316, -8.648432536605753, 0.0 ], [ -77.885237450448969, -8.648370742227018, 0.0 ], [ -77.885241237620605, -8.648298581594794, 0.0 ], [ -77.885243114081788, -8.648219781656339, 0.0 ], [ -77.885243185715098, -8.648217743895323, 0.0 ], [ -77.885247000423007, -8.648135727605062, 0.0 ], [ -77.885247307763734, -8.648131381625351, 0.0 ], [ -77.885254937191007, -8.648051272603359, 0.0 ], [ -77.885255436349226, -8.648047080565949, 0.0 ], [ -77.885182579745418, -8.647955133865981, 0.0 ], [ -77.885006218324122, -8.647884754552182, 0.0 ], [ -77.884829945209219, -8.647825847956728, 0.0 ], [ -77.884682777153458, -8.647804010650805, 0.0 ], [ -77.884504902434358, -8.647817335700998, 0.0 ], [ -77.884502693816586, -8.647817711915767, 0.0 ], [ -77.884482166064657, -8.647820954588747, 0.0 ], [ -77.884468621507949, -8.647822069445674, 0.0 ], [ -77.884459314947918, -8.64782166441022, 0.0 ], [ -77.884436165719734, -8.647819467451111, 0.0 ], [ -77.884429698211008, -8.647818619111145, 0.0 ], [ -77.884414363748078, -8.647814651243255, 0.0 ], [ -77.884393625571889, -8.647807306459445, 0.0 ], [ -77.884379271106923, -8.647800773606649, 0.0 ], [ -77.884370047463477, -8.647794803752053, 0.0 ], [ -77.884354194017888, -8.647783123644919, 0.0 ], [ -77.884350386686691, -8.6477801583997, 0.0 ], [ -77.884339905746145, -8.647770021491191, 0.0 ], [ -77.884322937615792, -8.647750726689264, 0.0 ], [ -77.884315239198116, -8.647740472135812, 0.0 ], [ -77.884301886219674, -8.647719766934728, 0.0 ], [ -77.884300013880065, -8.647716734702369, 0.0 ], [ -77.884293777005539, -8.647703966643574, 0.0 ], [ -77.884285869464719, -8.64768389072988, 0.0 ], [ -77.884281378984028, -8.647667985462554, 0.0 ], [ -77.884280425629484, -8.647661528646687, 0.0 ], [ -77.884278167060785, -8.647641151766571, 0.0 ], [ -77.884277622077903, -8.64763193190988, 0.0 ], [ -77.884277925402387, -8.647623836745604, 0.0 ], [ -77.884280184105478, -8.647596529067474, 0.0 ], [ -77.88428114028261, -8.647588926768496, 0.0 ], [ -77.884282041311309, -8.647584335999467, 0.0 ], [ -77.884286775909587, -8.647563141199152, 0.0 ], [ -77.884289592852241, -8.647553234691099, 0.0 ], [ -77.884300247888447, -8.647522559892057, 0.0 ], [ -77.884303113973971, -8.647515412072304, 0.0 ], [ -77.884330110929668, -8.647455642153641, 0.0 ], [ -77.884361188057554, -8.647389601522878, 0.0 ], [ -77.884397478918018, -8.647315101671097, 0.0 ], [ -77.884430988632275, -8.647244359350498, 0.0 ], [ -77.8844621486666, -8.647172874964653, 0.0 ], [ -77.884490818846345, -8.647099407361877, 0.0 ], [ -77.884502042161941, -8.647062888546134, 0.0 ], [ -77.884510774901131, -8.647027868316012, 0.0 ], [ -77.884516742330476, -8.646995822227886, 0.0 ], [ -77.884522657213481, -8.646952938153078, 0.0 ], [ -77.88452973996209, -8.64687325602438, 0.0 ], [ -77.884529739790764, -8.646791423840083, 0.0 ], [ -77.88452600700721, -8.646703678875118, 0.0 ], [ -77.884525928657482, -8.646700541872677, 0.0 ], [ -77.884525944895316, -8.646698023906323, 0.0 ], [ -77.884527851634218, -8.646604563824631, 0.0 ], [ -77.884528000793523, -8.64660090292776, 0.0 ], [ -77.884533723150639, -8.646507442991707, 0.0 ], [ -77.884534249300444, -8.646501786298595, 0.0 ], [ -77.884545692793623, -8.646410232824769, 0.0 ], [ -77.884546266814084, -8.646406332931384, 0.0 ], [ -77.884561532904186, -8.646316651447567, 0.0 ], [ -77.884562724111447, -8.64631082531789, 0.0 ], [ -77.88458370525646, -8.646223087383804, 0.0 ], [ -77.884584699508935, -8.646219294540467, 0.0 ], [ -77.884607587967551, -8.646139185200576, 0.0 ], [ -77.884609612342118, -8.646132972448738, 0.0 ], [ -77.884638599988733, -8.646055658402345, 0.0 ], [ -77.884666777819831, -8.645982395996267, 0.0 ], [ -77.884680336974682, -8.645943016504924, 0.0 ], [ -77.884686278826393, -8.645921206413554, 0.0 ], [ -77.884690775307817, -8.645895208101653, 0.0 ], [ -77.884693903217567, -8.645862588068516, 0.0 ], [ -77.884694748224987, -8.645834895356044, 0.0 ], [ -77.88469386096142, -8.64579859793708, 0.0 ], [ -77.884688620075167, -8.645733957681127, 0.0 ], [ -77.88467770657526, -8.645664837642961, 0.0 ], [ -77.884677181437212, -8.645660966814411, 0.0 ], [ -77.884667789975836, -8.645578317362263, 0.0 ], [ -77.884654642242126, -8.645486286154366, 0.0 ], [ -77.884639395451828, -8.645381470145544, 0.0 ], [ -77.88463902985572, -8.645378641569236, 0.0 ], [ -77.88462766795594, -8.645278275451831, 0.0 ], [ -77.884614311714316, -8.645175184277935, 0.0 ], [ -77.884602849127475, -8.645072081537812, 0.0 ], [ -77.884589588050687, -8.644967891979723, 0.0 ], [ -77.884589251539921, -8.64496482919693, 0.0 ], [ -77.884579715288268, -8.644861832087281, 0.0 ], [ -77.884579460884154, -8.644858344979479, 0.0 ], [ -77.884576317366552, -8.64479957651835, 0.0 ], [ -77.884576198179772, -8.644796082970808, 0.0 ], [ -77.884575523305486, -8.644749634874337, 0.0 ], [ -77.884575566570078, -8.644745657673697, 0.0 ], [ -77.884577286436382, -8.644693827896679, 0.0 ], [ -77.884577532410404, -8.644689527549103, 0.0 ], [ -77.884581535055759, -8.644640268877946, 0.0 ], [ -77.884582027559759, -8.644635677576453, 0.0 ], [ -77.88458810675796, -8.644590044055192, 0.0 ], [ -77.884588643871325, -8.644586542850845, 0.0 ], [ -77.884597885572745, -8.644534539840755, 0.0 ], [ -77.88459850168914, -8.644531399410777, 0.0 ], [ -77.884609290060098, -8.644481150938867, 0.0 ], [ -77.884610123781513, -8.644477616782641, 0.0 ], [ -77.884622223973082, -8.644430590876851, 0.0 ], [ -77.884623227056082, -8.644427003949003, 0.0 ], [ -77.884638219546972, -8.644377349865161, 0.0 ], [ -77.884639547744143, -8.644373300643943, 0.0 ], [ -77.884655108665271, -8.644329389862715, 0.0 ], [ -77.884656891073021, -8.644324783419009, 0.0 ], [ -77.884672342913561, -8.644287892164725, 0.0 ], [ -77.884673792296368, -8.644284617168362, 0.0 ], [ -77.884698395030412, -8.644231864182405, 0.0 ], [ -77.884699463950867, -8.644229651770436, 0.0 ], [ -77.884743333165986, -8.644141913012385, 0.0 ], [ -77.884744421039031, -8.644139805254833, 0.0 ], [ -77.884789451086533, -8.6440553724126, 0.0 ], [ -77.88482956166483, -8.6439733309735, 0.0 ], [ -77.88486221430847, -8.643895325330826, 0.0 ], [ -77.884877598563691, -8.643854209273664, 0.0 ], [ -77.88488580332718, -8.643828186633414, 0.0 ], [ -77.884893142566824, -8.643797463676453, 0.0 ], [ -77.88489877133506, -8.643764814863236, 0.0 ], [ -77.884902861386124, -8.643730621047638, 0.0 ], [ -77.884903461174915, -8.643710067238731, 0.0 ], [ -77.884901616259796, -8.643690118178007, 0.0 ], [ -77.884895924523875, -8.643658907114258, 0.0 ], [ -77.884889109170558, -8.643630116661571, 0.0 ], [ -77.884882312825312, -8.643608595016897, 0.0 ], [ -77.884874092872138, -8.643589082475945, 0.0 ], [ -77.884859118516403, -8.643559404015981, 0.0 ], [ -77.884826114169286, -8.643502563572437, 0.0 ], [ -77.884824460156423, -8.643499586607122, 0.0 ], [ -77.884792036681645, -8.643438551697187, 0.0 ], [ -77.884790023318814, -8.643434520433278, 0.0 ], [ -77.88477301050122, -8.643398226193675, 0.0 ], [ -77.884771114647833, -8.64339388958992, 0.0 ], [ -77.884759515962685, -8.643365333029195, 0.0 ], [ -77.884758613225671, -8.643363018935341, 0.0 ], [ -77.884757441337484, -8.643359693227756, 0.0 ], [ -77.884744813132741, -8.643321466942581, 0.0 ], [ -77.884742833249916, -8.643314558019027, 0.0 ], [ -77.884734480264342, -8.643280305297036, 0.0 ], [ -77.884733420429157, -8.643275360711632, 0.0 ], [ -77.884732849369016, -8.643271895865567, 0.0 ], [ -77.884727940870775, -8.643238028242447, 0.0 ], [ -77.884727213147812, -8.64323115505324, 0.0 ], [ -77.88472449272696, -8.643190636191031, 0.0 ], [ -77.884724292132745, -8.643185153013118, 0.0 ], [ -77.88472414717971, -8.643152027338946, 0.0 ], [ -77.88472422750786, -8.643148267584573, 0.0 ], [ -77.884724246161042, -8.643147378474364, 0.0 ], [ -77.884726297781143, -8.643104065494443, 0.0 ], [ -77.884726622301628, -8.643099588387694, 0.0 ], [ -77.884734252995287, -8.643021387380475, 0.0 ], [ -77.884734731965906, -8.643017403282954, 0.0 ], [ -77.88474617551897, -8.642937294419914, 0.0 ], [ -77.884746533868011, -8.642934996117967, 0.0 ], [ -77.884747477928514, -8.642930214405526, 0.0 ], [ -77.884757047756594, -8.642887806916281, 0.0 ], [ -77.884758357043822, -8.64288270444615, 0.0 ], [ -77.884769768347695, -8.642843095440128, 0.0 ], [ -77.884771533329115, -8.64283763087645, 0.0 ], [ -77.884785872503599, -8.642797802859944, 0.0 ], [ -77.884787829180638, -8.642792834638549, 0.0 ], [ -77.884805954251945, -8.64275053884613, 0.0 ], [ -77.884807985982903, -8.642746128375435, 0.0 ], [ -77.884825392159101, -8.642710884711008, 0.0 ], [ -77.884827290018961, -8.642707254000987, 0.0 ], [ -77.884850245463298, -8.642665656291388, 0.0 ], [ -77.884852426154765, -8.642661971954766, 0.0 ], [ -77.884900109867914, -8.642585677985506, 0.0 ], [ -77.884902439624724, -8.642582137073411, 0.0 ], [ -77.884953937963445, -8.642507749491179, 0.0 ], [ -77.884955308650802, -8.64250582480541, 0.0 ], [ -77.885012528994011, -8.642427624110624, 0.0 ], [ -77.885014030791609, -8.642425630679924, 0.0 ], [ -77.885072884235981, -8.642349690691455, 0.0 ], [ -77.885133740334823, -8.642269817457827, 0.0 ], [ -77.885135224725246, -8.642267922631467, 0.0 ], [ -77.885197080608634, -8.642191071042106, 0.0 ], [ -77.885257410151524, -8.64211000835, 0.0 ], [ -77.885318036039692, -8.64203043226566, 0.0 ], [ -77.885376457500357, -8.641949395695789, 0.0 ], [ -77.885377678635706, -8.641947741357283, 0.0 ], [ -77.885435996359661, -8.64187061197306, 0.0 ], [ -77.885487055340704, -8.641798756376113, 0.0 ], [ -77.88553742947893, -8.641729720105307, 0.0 ], [ -77.885579354439713, -8.641665083950304, 0.0 ], [ -77.885614581517743, -8.641596393120384, 0.0 ], [ -77.885648596212789, -8.641522992846699, 0.0 ], [ -77.885677970613671, -8.641444048907129, 0.0 ], [ -77.885680819167334, -8.641436510951468, 0.0 ], [ -77.885710789900202, -8.641357196632166, 0.0 ], [ -77.885745241343528, -8.641271048472015, 0.0 ], [ -77.885777256674842, -8.641188183648184, 0.0 ], [ -77.885807591833384, -8.641106657715682, 0.0 ], [ -77.885808380615472, -8.64110461545352, 0.0 ], [ -77.885838298580623, -8.641029823173181, 0.0 ], [ -77.885863390588895, -8.640959921363701, 0.0 ], [ -77.885872615413248, -8.640927185842514, 0.0 ], [ -77.885879749083387, -8.640896179877732, 0.0 ], [ -77.885890509056608, -8.64082444373355, 0.0 ], [ -77.885895621995289, -8.640783546056772, 0.0 ], [ -77.8858996164563, -8.640751588056139, 0.0 ], [ -77.885905094339421, -8.640674905730481, 0.0 ], [ -77.88590875594376, -8.640598018466143, 0.0 ], [ -77.885908755557878, -8.640526158348699, 0.0 ], [ -77.885905802302347, -8.640494649316613, 0.0 ], [ -77.885903241436523, -8.64047831755385, 0.0 ], [ -77.885900680571154, -8.640461985790965, 0.0 ], [ -77.885893625645991, -8.64042878484336, 0.0 ], [ -77.885887111035345, -8.640407056916679, 0.0 ], [ -77.885877936250438, -8.640384695863558, 0.0 ], [ -77.885868222418424, -8.640366416023422, 0.0 ], [ -77.88585947710169, -8.640353607244322, 0.0 ], [ -77.885841782765141, -8.640331521799824, 0.0 ], [ -77.885821938219863, -8.640308415428702, 0.0 ], [ -77.885808721436064, -8.640295185021484, 0.0 ], [ -77.885791833932714, -8.64028142125178, 0.0 ], [ -77.885770171569845, -8.640266734933764, 0.0 ], [ -77.88574742944121, -8.640253788614775, 0.0 ], [ -77.885724454033095, -8.640243112549047, 0.0 ], [ -77.885700367072317, -8.640234413418804, 0.0 ], [ -77.885671760540816, -8.640226606599413, 0.0 ], [ -77.885646865200329, -8.640221788341874, 0.0 ], [ -77.885610839815769, -8.640217057572007, 0.0 ], [ -77.885534779068237, -8.640211750369557, 0.0 ], [ -77.885447416404475, -8.640211741977096, 0.0 ], [ -77.885349259835507, -8.640209826463524, 0.0 ], [ -77.885250099287703, -8.640207920296209, 0.0 ], [ -77.885246389744808, -8.640207772983389, 0.0 ], [ -77.885151325408458, -8.640202069549566, 0.0 ], [ -77.885049510051402, -8.640196299511507, 0.0 ], [ -77.884943875534461, -8.640188623084601, 0.0 ], [ -77.88493917950899, -8.640188158871695, 0.0 ], [ -77.884832367049995, -8.640174807844138, 0.0 ], [ -77.884829454371939, -8.640174396144202, 0.0 ], [ -77.884720110175579, -8.640157127935842, 0.0 ], [ -77.884606584072287, -8.640137882883479, 0.0 ], [ -77.884492375156938, -8.640116949015875, 0.0 ], [ -77.884377000545726, -8.640098035817797, 0.0 ], [ -77.884260285759922, -8.640079210370272, 0.0 ], [ -77.884143562392183, -8.640064150423207, 0.0 ], [ -77.884023132460825, -8.640049096671875, 0.0 ], [ -77.883903229913955, -8.640037855878793, 0.0 ], [ -77.883779382285056, -8.640028324223771, 0.0 ], [ -77.883652112103675, -8.640016752166892, 0.0 ], [ -77.883528095623674, -8.640003402014802, 0.0 ], [ -77.88340471954136, -8.639992013754766, 0.0 ], [ -77.883282517646009, -8.639980556985105, 0.0 ], [ -77.883162074076338, -8.639969086031428, 0.0 ], [ -77.883047098071543, -8.639957588326713, 0.0 ], [ -77.882950338269168, -8.639946923719179, 0.0 ], [ -77.882939878523842, -8.63994610175253, 0.0 ], [ -77.882934588256475, -8.639945448653933, 0.0 ], [ -77.882834887002673, -8.639934648060926, 0.0 ], [ -77.882831166731179, -8.639934164729754, 0.0 ], [ -77.882729339996374, -8.639918788897599, 0.0 ], [ -77.882726141098431, -8.639918223945676, 0.0 ], [ -77.882628867094567, -8.639899150417284, 0.0 ], [ -77.882621828795138, -8.639897477856897, 0.0 ], [ -77.882526460408897, -8.639870774974225, 0.0 ], [ -77.882523257595849, -8.63986981434916, 0.0 ], [ -77.882427891083935, -8.639839296254021, 0.0 ], [ -77.882425278963055, -8.639838416103697, 0.0 ], [ -77.882422872849631, -8.639837527175274, 0.0 ], [ -77.88237616223384, -8.639819509410044, 0.0 ], [ -77.882372923995305, -8.639818187679563, 0.0 ], [ -77.882326173734967, -8.639798058897652, 0.0 ], [ -77.882321464599997, -8.639795870107658, 0.0 ], [ -77.882272241850188, -8.63977125454025, 0.0 ], [ -77.882229187547594, -8.639749722908912, 0.0 ], [ -77.882173929099082, -8.639720854250607, 0.0 ], [ -77.882170946325402, -8.639719222526709, 0.0 ], [ -77.882137348528829, -8.639699812322579, 0.0 ], [ -77.882130702907588, -8.639695577388423, 0.0 ], [ -77.882054340664268, -8.639642124495632, 0.0 ], [ -77.881983621845407, -8.639592430727751, 0.0 ], [ -77.881920827304853, -8.639548105092242, 0.0 ], [ -77.881892816630753, -8.639530659320959, 0.0 ], [ -77.88188026094933, -8.639524607798606, 0.0 ], [ -77.881863699716874, -8.639519357042797, 0.0 ], [ -77.881853548316698, -8.639517776553156, 0.0 ], [ -77.881842576366552, -8.639518242175876, 0.0 ], [ -77.881823451814682, -8.639522117250088, 0.0 ], [ -77.881804888005675, -8.639528463493015, 0.0 ], [ -77.881786873486774, -8.639537446318105, 0.0 ], [ -77.881779685904547, -8.639542410532018, 0.0 ], [ -77.881744965440262, -8.639571063809589, 0.0 ], [ -77.88173640058919, -8.639577327577497, 0.0 ], [ -77.881677273002254, -8.639615474335343, 0.0 ], [ -77.88167387367254, -8.639617563342844, 0.0 ], [ -77.881670641925496, -8.639619365606325, 0.0 ], [ -77.881610411807898, -8.639651362896849, 0.0 ], [ -77.881577812348766, -8.639669551169682, 0.0 ], [ -77.881565619467878, -8.639677794541743, 0.0 ], [ -77.88154977342613, -8.639691878052318, 0.0 ], [ -77.881532851558973, -8.639710732525085, 0.0 ], [ -77.881521762049971, -8.639726074853796, 0.0 ], [ -77.881504702329863, -8.639754027873382, 0.0 ], [ -77.88147354056008, -8.639812683370813, 0.0 ], [ -77.881471885504368, -8.639815656355118, 0.0 ], [ -77.881450174519969, -8.639852383224245, 0.0 ], [ -77.881447335428149, -8.639856877455003, 0.0 ], [ -77.881430539585807, -8.639881805622249, 0.0 ], [ -77.881424502285299, -8.639889768686043, 0.0 ], [ -77.881377235529854, -8.639944322750909, 0.0 ], [ -77.881335260519066, -8.640003787776539, 0.0 ], [ -77.881294320961871, -8.640067866040164, 0.0 ], [ -77.881257118829609, -8.64013695640158, 0.0 ], [ -77.881220084770206, -8.640216579459979, 0.0 ], [ -77.881217780325429, -8.640221186209882, 0.0 ], [ -77.881175818709195, -8.640299387311629, 0.0 ], [ -77.881174699307678, -8.640301410377202, 0.0 ], [ -77.881173156727385, -8.640304013013539, 0.0 ], [ -77.881127380521193, -8.640378400542277, 0.0 ], [ -77.881123989636308, -8.640383514158904, 0.0 ], [ -77.881095553715554, -8.640423378640323, 0.0 ], [ -77.881092095801407, -8.640427914567798, 0.0 ], [ -77.881066831205487, -8.640458979294115, 0.0 ], [ -77.881062223526143, -8.640464170726638, 0.0 ], [ -77.881034095155201, -8.640493495316903, 0.0 ], [ -77.881029889576794, -8.640497603224738, 0.0 ], [ -77.880993168631079, -8.640531220506102, 0.0 ], [ -77.880990585031284, -8.640533497610464, 0.0 ], [ -77.880988128316488, -8.640535508152471, 0.0 ], [ -77.880915197630102, -8.640593080321512, 0.0 ], [ -77.880840359591488, -8.640650652379358, 0.0 ], [ -77.880837070749124, -8.640653066689772, 0.0 ], [ -77.880760776663635, -8.640706472245698, 0.0 ], [ -77.880758645203926, -8.640707919311355, 0.0 ], [ -77.880681337170628, -8.640758829992583, 0.0 ], [ -77.880610144569445, -8.640808118174769, 0.0 ], [ -77.880543022593386, -8.640861108688384, 0.0 ], [ -77.880480586929409, -8.640919976874899, 0.0 ], [ -77.880415659479596, -8.640986758858398, 0.0 ], [ -77.88034931045587, -8.641056899635906, 0.0 ], [ -77.880347556624955, -8.641058702520354, 0.0 ], [ -77.880280798771906, -8.641125459418289, 0.0 ], [ -77.880275653104007, -8.641130221249011, 0.0 ], [ -77.880242652348571, -8.641158470349643, 0.0 ], [ -77.880239722836521, -8.641160863885782, 0.0 ], [ -77.880200081508818, -8.641191880450855, 0.0 ], [ -77.880196202420905, -8.641194752719532, 0.0 ], [ -77.880119909033439, -8.641248159108049, 0.0 ], [ -77.88011481774204, -8.641251475043912, 0.0 ], [ -77.88003474167779, -8.641299893141765, 0.0 ], [ -77.879961695229653, -8.641349197916785, 0.0 ], [ -77.879893538851533, -8.641398935683327, 0.0 ], [ -77.879835412399927, -8.641443936309818, 0.0 ], [ -77.879831467155512, -8.641446824432359, 0.0 ], [ -77.879799778103475, -8.641468734228981, 0.0 ], [ -77.87979359199727, -8.641472651046302, 0.0 ], [ -77.879771502630433, -8.641485288121292, 0.0 ], [ -77.879761268834301, -8.641490318594492, 0.0 ], [ -77.879734956123144, -8.64150126188691, 0.0 ], [ -77.87973164428773, -8.641502563341628, 0.0 ], [ -77.87972662511595, -8.641504259788507, 0.0 ], [ -77.879693810062491, -8.641514297966824, 0.0 ], [ -77.879683945029711, -8.641516723791282, 0.0 ], [ -77.879624271721383, -8.641527912579329, 0.0 ], [ -77.879565970211488, -8.641540666620644, 0.0 ], [ -77.879532809357258, -8.641549043273145, 0.0 ], [ -77.879516877643098, -8.641554257531293, 0.0 ], [ -77.879498446871807, -8.641562483643082, 0.0 ], [ -77.879473602695825, -8.641576016847031, 0.0 ], [ -77.879471316353062, -8.641577512051748, 0.0 ], [ -77.879430884807846, -8.641603947807136, 0.0 ], [ -77.879384520719114, -8.64164139218677, 0.0 ], [ -77.879328893970765, -8.64168551299932, 0.0 ], [ -77.879322293097445, -8.641690282153881, 0.0 ], [ -77.879261258426951, -8.641730337549792, 0.0 ], [ -77.879257743655899, -8.641732531308369, 0.0 ], [ -77.879222478268289, -8.641753438062665, 0.0 ], [ -77.879218397555306, -8.641755702930958, 0.0 ], [ -77.87919238705237, -8.641769269287716, 0.0 ], [ -77.879186863993837, -8.641771917215546, 0.0 ], [ -77.879152967148343, -8.64178678780414, 0.0 ], [ -77.879148040988454, -8.641788778967102, 0.0 ], [ -77.879145829162084, -8.641789567129015, 0.0 ], [ -77.879116783383282, -8.641799492001656, 0.0 ], [ -77.879108990696579, -8.64180177213631, 0.0 ], [ -77.87907492714433, -8.641810112183425, 0.0 ], [ -77.87906967846618, -8.641811234865681, 0.0 ], [ -77.879063670029169, -8.641812130176767, 0.0 ], [ -77.879036698577266, -8.641815234819417, 0.0 ], [ -77.879026953986667, -8.64181583028161, 0.0 ], [ -77.879021184622403, -8.641815691175102, 0.0 ], [ -77.878996879158692, -8.641814334510531, 0.0 ], [ -77.878986740119558, -8.64181319654773, 0.0 ], [ -77.878949876452154, -8.64180690041168, 0.0 ], [ -77.878946363528286, -8.641806229381354, 0.0 ], [ -77.878914234007453, -8.641799435085657, 0.0 ], [ -77.878908947083744, -8.641798151318788, 0.0 ], [ -77.878878133933, -8.641789686618445, 0.0 ], [ -77.878872513996981, -8.641787945509813, 0.0 ], [ -77.878839730001545, -8.641776616397824, 0.0 ], [ -77.878834574883641, -8.641774637805192, 0.0 ], [ -77.878802195064154, -8.641761062435856, 0.0 ], [ -77.878796495791804, -8.641758437465429, 0.0 ], [ -77.878767854453685, -8.641744033542929, 0.0 ], [ -77.878763755312335, -8.64174183922013, 0.0 ], [ -77.878725390874337, -8.641719860877808, 0.0 ], [ -77.878721639755128, -8.641717589856363, 0.0 ], [ -77.878652974839525, -8.641673720684381, 0.0 ], [ -77.878647032578414, -8.641669581583953, 0.0 ], [ -77.878584428538787, -8.641622156096895, 0.0 ], [ -77.878529082739405, -8.641581092177017, 0.0 ], [ -77.878505163997943, -8.641566579542131, 0.0 ], [ -77.878490630379503, -8.641559606831368, 0.0 ], [ -77.878475019823952, -8.641554513218709, 0.0 ], [ -77.878451373647238, -8.641549356250248, 0.0 ], [ -77.878427118195276, -8.641545976389068, 0.0 ], [ -77.878407700717119, -8.641545132216407, 0.0 ], [ -77.878393023839877, -8.641546194774943, 0.0 ], [ -77.878357921124774, -8.641551466391538, 0.0 ], [ -77.878294922113326, -8.641562265314739, 0.0 ], [ -77.878264034515141, -8.641569583122113, 0.0 ], [ -77.878240726584352, -8.64157657562621, 0.0 ], [ -77.878213132486906, -8.641586753320325, 0.0 ], [ -77.878198488482866, -8.641593940876614, 0.0 ], [ -77.878185817619979, -8.641602502170102, 0.0 ], [ -77.878166388214893, -8.641618624481085, 0.0 ], [ -77.878129309111145, -8.641655702621819, 0.0 ], [ -77.87812652870754, -8.641658367861954, 0.0 ], [ -77.878104590665302, -8.641678514836938, 0.0 ], [ -77.87810190154687, -8.64168088758303, 0.0 ], [ -77.878096489568179, -8.641685134635711, 0.0 ], [ -77.878082188371096, -8.641695506008345, 0.0 ], [ -77.878074706844515, -8.641700389274822, 0.0 ], [ -77.87806881273147, -8.641703549512281, 0.0 ], [ -77.878046884984343, -8.641714289899742, 0.0 ], [ -77.878038488629755, -8.641717891752373, 0.0 ], [ -77.878032426005149, -8.641719901383524, 0.0 ], [ -77.878010485476295, -8.641726327085875, 0.0 ], [ -77.878001294886204, -8.641728508393117, 0.0 ], [ -77.877992743761226, -8.641729660403914, 0.0 ], [ -77.877970852398022, -8.641731560455831, 0.0 ], [ -77.877963650480154, -8.641731899174752, 0.0 ], [ -77.877956262571274, -8.641731654772725, 0.0 ], [ -77.877930469584939, -8.641729754513465, 0.0 ], [ -77.877922083618444, -8.641728745180925, 0.0 ], [ -77.877917217707733, -8.641727791599655, 0.0 ], [ -77.877898681079458, -8.641723635133056, 0.0 ], [ -77.877889532584746, -8.641721076729235, 0.0 ], [ -77.877856570572703, -8.641709974717017, 0.0 ], [ -77.87785507963099, -8.641709457417956, 0.0 ], [ -77.877828452388201, -8.641699906855226, 0.0 ], [ -77.877822646565534, -8.641697596158851, 0.0 ], [ -77.877795742675801, -8.641685804456733, 0.0 ], [ -77.877788390837708, -8.641682179145818, 0.0 ], [ -77.877731381865871, -8.641650793382533, 0.0 ], [ -77.877725310387547, -8.641647091592271, 0.0 ], [ -77.877673197909687, -8.6416124347334, 0.0 ], [ -77.877670370603369, -8.641610475666253, 0.0 ], [ -77.87755153064353, -8.641524776939436, 0.0 ], [ -77.8774949766144, -8.641489455076677, 0.0 ], [ -77.877469807246996, -8.641476540895127, 0.0 ], [ -77.877445843501363, -8.641466382146195, 0.0 ], [ -77.877423336651361, -8.641458953452677, 0.0 ], [ -77.877399762299206, -8.64145345166585, 0.0 ], [ -77.877374799571385, -8.641448865548567, 0.0 ], [ -77.877364740951734, -8.641447797401078, 0.0 ], [ -77.877355820944047, -8.64144795207141, 0.0 ], [ -77.877321998667597, -8.641451128854607, 0.0 ], [ -77.877318826749686, -8.641451370419242, 0.0 ], [ -77.87725369406391, -8.641455201694578, 0.0 ], [ -77.877180932927288, -8.641459032467271, 0.0 ], [ -77.877176825050938, -8.641459155487658, 0.0 ], [ -77.877174140467829, -8.641459135911225, 0.0 ], [ -77.877136760056828, -8.641458316443, 0.0 ], [ -77.877132652586653, -8.641458134100441, 0.0 ], [ -77.877088017590992, -8.641455139478323, 0.0 ], [ -77.877083340809605, -8.641454703935771, 0.0 ], [ -77.877002441407981, -8.641445066058312, 0.0 ], [ -77.876901410198499, -8.641431252909118, 0.0 ], [ -77.876855262866101, -8.641428750247165, 0.0 ], [ -77.876825224982653, -8.641430091689818, 0.0 ], [ -77.876789673112327, -8.641433604851009, 0.0 ], [ -77.876714474684334, -8.641446442079371, 0.0 ], [ -77.876634189304255, -8.641459824340116, 0.0 ], [ -77.876629176114619, -8.641460517897487, 0.0 ], [ -77.876569056653139, -8.641467136419397, 0.0 ], [ -77.876565493157429, -8.64146745771164, 0.0 ], [ -77.876505445487396, -8.641471693337948, 0.0 ], [ -77.876499949388062, -8.641471915317371, 0.0 ], [ -77.876382209070727, -8.641473105264264, 0.0 ], [ -77.876373321500225, -8.641472750133229, 0.0 ], [ -77.87625533090997, -8.641462251525109, 0.0 ], [ -77.876248326589277, -8.641461353735949, 0.0 ], [ -77.876236971307534, -8.641458692612504, 0.0 ], [ -77.876167885938173, -8.641437757833433, 0.0 ], [ -77.876118260932856, -8.641425351595684, 0.0 ], [ -77.876104189812182, -8.641420585096155, 0.0 ], [ -77.876091089559964, -8.641413597896662, 0.0 ], [ -77.876079311107873, -8.64140457708154, 0.0 ], [ -77.876033647339895, -8.641363259284446, 0.0 ], [ -77.87601831032346, -8.641349105702817, 0.0 ], [ -77.87598301175386, -8.641335868175982, 0.0 ], [ -77.875922112181811, -8.641312768663443, 0.0 ], [ -77.875824866926806, -8.641280687392836, 0.0 ], [ -77.875812330074268, -8.641275327545575, 0.0 ], [ -77.875800742692817, -8.641268157317297, 0.0 ], [ -77.875790367468127, -8.641259339159447, 0.0 ], [ -77.875772516520854, -8.641241691001756, 0.0 ], [ -77.875767397349549, -8.641236191418312, 0.0 ], [ -77.875765731733495, -8.641234188373614, 0.0 ], [ -77.875756879916295, -8.641223225770526, 0.0 ], [ -77.875749021332709, -8.64121179405346, 0.0 ], [ -77.875739236434171, -8.641194628270965, 0.0 ], [ -77.875733041486399, -8.641181347381782, 0.0 ], [ -77.87572711908939, -8.641165220443371, 0.0 ], [ -77.875723105262452, -8.641150572541656, 0.0 ], [ -77.87572253811976, -8.641147133824509, 0.0 ], [ -77.87571991742854, -8.641129084881102, 0.0 ], [ -77.875718986692291, -8.641116846763127, 0.0 ], [ -77.875719040842711, -8.641112974249618, 0.0 ], [ -77.875719754484948, -8.641092876576195, 0.0 ], [ -77.875720960268097, -8.641081051541052, 0.0 ], [ -77.875721938718883, -8.641076119587762, 0.0 ], [ -77.875725399270408, -8.641060907818547, 0.0 ], [ -77.875728572963169, -8.641050126824403, 0.0 ], [ -77.875738636721579, -8.6410229049322, 0.0 ], [ -77.875740011009, -8.641019412785761, 0.0 ], [ -77.875760081899614, -8.640971388306793, 0.0 ], [ -77.875764728662091, -8.640961880928254, 0.0 ], [ -77.875791333987394, -8.640914684602452, 0.0 ], [ -77.875796403849449, -8.640906740596012, 0.0 ], [ -77.875829606211639, -8.640860248182324, 0.0 ], [ -77.875834206779032, -8.640854345841637, 0.0 ], [ -77.875875359575957, -8.640806740311076, 0.0 ], [ -77.875879444864182, -8.640802322564348, 0.0 ], [ -77.87591336497988, -8.640767997590606, 0.0 ], [ -77.875916309237141, -8.640765149543231, 0.0 ], [ -77.875955687783303, -8.640728749945682, 0.0 ], [ -77.875958753835448, -8.640726041015203, 0.0 ], [ -77.876146130298807, -8.640568652573366, 0.0 ], [ -77.876186503076738, -8.640532280730932, 0.0 ], [ -77.876220815981952, -8.640498521957145, 0.0 ], [ -77.876276433990057, -8.640441110325458, 0.0 ], [ -77.876323841820721, -8.640382764783444, 0.0 ], [ -77.876328986434373, -8.640377018261505, 0.0 ], [ -77.876355902821871, -8.640349421334387, 0.0 ], [ -77.876360067476895, -8.640345414954075, 0.0 ], [ -77.876386557072351, -8.640321513554191, 0.0 ], [ -77.8763886574541, -8.640319676459633, 0.0 ], [ -77.876393680327737, -8.640315713320991, 0.0 ], [ -77.87645090067258, -8.640273751862464, 0.0 ], [ -77.876453669243944, -8.640271799529696, 0.0 ], [ -77.876512796841865, -8.640231744432546, 0.0 ], [ -77.876517898922842, -8.640228529642162, 0.0 ], [ -77.876520249194229, -8.640227202915261, 0.0 ], [ -77.876583191280588, -8.640192871300005, 0.0 ], [ -77.876585146134431, -8.64019183573777, 0.0 ], [ -77.876651728337293, -8.640157593311789, 0.0 ], [ -77.876663702520958, -8.640151373578687, 0.0 ], [ -77.876707068478041, -8.640127592923015, 0.0 ], [ -77.876727959024507, -8.640112963021565, 0.0 ], [ -77.876742924739887, -8.640100435645735, 0.0 ], [ -77.876761021243297, -8.640081288802154, 0.0 ], [ -77.87676548443315, -8.640070443917578, 0.0 ], [ -77.876764461149989, -8.640063001916497, 0.0 ], [ -77.876757122163994, -8.640056278612175, 0.0 ], [ -77.876728051755009, -8.640036389352014, 0.0 ], [ -77.876685722204343, -8.640013452145087, 0.0 ], [ -77.876682075713674, -8.640011327567303, 0.0 ], [ -77.876632485117881, -8.639980810911178, 0.0 ], [ -77.876629086821879, -8.639978614000571, 0.0 ], [ -77.876575680824928, -8.63994237385293, 0.0 ], [ -77.876572970087665, -8.639940460874454, 0.0 ], [ -77.876515749614583, -8.639898499032501, 0.0 ], [ -77.876512726252116, -8.639896182761376, 0.0 ], [ -77.876455981776814, -8.639850787907012, 0.0 ], [ -77.876423619328222, -8.63982559129321, 0.0 ], [ -77.876409381681896, -8.639816215830017, 0.0 ], [ -77.87638742888565, -8.639805099587516, 0.0 ], [ -77.876371047368039, -8.639799128091898, 0.0 ], [ -77.876320192611161, -8.639790925680288, 0.0 ], [ -77.876308316293517, -8.639788144686579, 0.0 ], [ -77.876274184736701, -8.639777699916428, 0.0 ], [ -77.87627046335416, -8.639776473002726, 0.0 ], [ -77.876267644783539, -8.63977542360772, 0.0 ], [ -77.876235573440511, -8.639762872819455, 0.0 ], [ -77.876228485969278, -8.639759745073194, 0.0 ], [ -77.876199938999662, -8.639745666307018, 0.0 ], [ -77.876195453645977, -8.639743296869698, 0.0 ], [ -77.876191909867657, -8.639741188679208, 0.0 ], [ -77.876167415874136, -8.639725854415619, 0.0 ], [ -77.876158295430002, -8.639719326967533, 0.0 ], [ -77.876138203030237, -8.639702978515446, 0.0 ], [ -77.876128340080257, -8.63969359005622, 0.0 ], [ -77.876112911074685, -8.639676512741435, 0.0 ], [ -77.876111318639843, -8.639674701577702, 0.0 ], [ -77.876102749949993, -8.639662880394352, 0.0 ], [ -77.876091595286027, -8.639644528757184, 0.0 ], [ -77.876084497933007, -8.639629802832506, 0.0 ], [ -77.87608346918519, -8.639626905124455, 0.0 ], [ -77.876077241646996, -8.639608364704419, 0.0 ], [ -77.876074059194991, -8.639596082970709, 0.0 ], [ -77.876073203242498, -8.639590472767935, 0.0 ], [ -77.87606991014934, -8.639563122633572, 0.0 ], [ -77.87606926823625, -8.639553056004223, 0.0 ], [ -77.87606941286397, -8.639547227787123, 0.0 ], [ -77.876070797538546, -8.639523079514284, 0.0 ], [ -77.876071912845632, -8.639513210186925, 0.0 ], [ -77.876074454965774, -8.639502346307088, 0.0 ], [ -77.876078197847661, -8.639489888790854, 0.0 ], [ -77.876079636229591, -8.639485511705304, 0.0 ], [ -77.876085749728887, -8.639472016411016, 0.0 ], [ -77.876092654006555, -8.63945960742593, 0.0 ], [ -77.876101866758518, -8.639446226176492, 0.0 ], [ -77.876111503317205, -8.639434621503362, 0.0 ], [ -77.876120871018074, -8.639424913344447, 0.0 ], [ -77.876133581613246, -8.639413569261009, 0.0 ], [ -77.876135315912521, -8.639412061057087, 0.0 ], [ -77.87614461943771, -8.639405143175171, 0.0 ], [ -77.876176906074932, -8.639384199464907, 0.0 ], [ -77.876180496063569, -8.639381987102231, 0.0 ], [ -77.87618527594725, -8.639379381844487, 0.0 ], [ -77.876246112905122, -8.639348544339153, 0.0 ], [ -77.876248763038319, -8.639347255114119, 0.0 ], [ -77.876273580292576, -8.639335670128434, 0.0 ], [ -77.876278529872522, -8.639333535186339, 0.0 ], [ -77.87631665619385, -8.639318417198796, 0.0 ], [ -77.876319301270456, -8.639317418916152, 0.0 ], [ -77.876390963240581, -8.639292234164813, 0.0 ], [ -77.876464136061188, -8.639267202479072, 0.0 ], [ -77.876539188158333, -8.639242184672712, 0.0 ], [ -77.876615537241776, -8.639217370321941, 0.0 ], [ -77.87668105047203, -8.639195532850712, 0.0 ], [ -77.876710466650692, -8.639183581738932, 0.0 ], [ -77.876724532862454, -8.639176223334601, 0.0 ], [ -77.876740691471326, -8.63916501866615, 0.0 ], [ -77.876750098894348, -8.639156361793836, 0.0 ], [ -77.876757203750458, -8.639147061810307, 0.0 ], [ -77.876769418858942, -8.639125931862397, 0.0 ], [ -77.876778592888684, -8.639106492491795, 0.0 ], [ -77.876788258690027, -8.639080914229829, 0.0 ], [ -77.876806240843834, -8.639014381516686, 0.0 ], [ -77.876827060242761, -8.638938674836099, 0.0 ], [ -77.876847840432916, -8.638857440359649, 0.0 ], [ -77.876850429446563, -8.638849051530391, 0.0 ], [ -77.876864186445715, -8.638811700650239, 0.0 ], [ -77.876866136831183, -8.638806845418175, 0.0 ], [ -77.876884957016372, -8.638763668224607, 0.0 ], [ -77.876887403489917, -8.638758509327072, 0.0 ], [ -77.876923642969146, -8.638687937554669, 0.0 ], [ -77.876925520350497, -8.638684468733542, 0.0 ], [ -77.876926915898153, -8.638682105717177, 0.0 ], [ -77.876968877273441, -8.638613440565614, 0.0 ], [ -77.876970794507372, -8.63861043851869, 0.0 ], [ -77.877016900881571, -8.638541284190431, 0.0 ], [ -77.87706114590182, -8.638476755856866, 0.0 ], [ -77.877098164606977, -8.638413293650272, 0.0 ], [ -77.87711576146954, -8.638378433594998, 0.0 ], [ -77.877127794155371, -8.638350851816449, 0.0 ], [ -77.877137553389986, -8.638323113658084, 0.0 ], [ -77.877149363576365, -8.638282595525041, 0.0 ], [ -77.877167804786623, -8.63820514051738, 0.0 ], [ -77.877186674906255, -8.63812211625461, 0.0 ], [ -77.8772054348469, -8.638035816982587, 0.0 ], [ -77.877221860230662, -8.637950042073925, 0.0 ], [ -77.877232699992888, -8.637865126730711, 0.0 ], [ -77.87724000899297, -8.637777422822735, 0.0 ], [ -77.877243670571971, -8.637687707272431, 0.0 ], [ -77.877243680367854, -8.637595165217695, 0.0 ], [ -77.877245540349563, -8.637503587679442, 0.0 ], [ -77.877241811771995, -8.637413916801036, 0.0 ], [ -77.877239927867635, -8.637327595536318, 0.0 ], [ -77.877234546943782, -8.637254064202891, 0.0 ], [ -77.877229701808091, -8.637215864714985, 0.0 ], [ -77.87722501353926, -8.637191405223954, 0.0 ], [ -77.877216961679579, -8.637162737523393, 0.0 ], [ -77.877206627134214, -8.637134729307384, 0.0 ], [ -77.877193790488846, -8.637107057892162, 0.0 ], [ -77.87717917092813, -8.637081305202511, 0.0 ], [ -77.877163953119137, -8.637059262876718, 0.0 ], [ -77.877140773033204, -8.637030297741788, 0.0 ], [ -77.877117449854396, -8.637003771134394, 0.0 ], [ -77.877096758019832, -8.636982936247897, 0.0 ], [ -77.877074157035693, -8.636963295579143, 0.0 ], [ -77.877044169107506, -8.636940293616069, 0.0 ], [ -77.877013502776677, -8.63691893195397, 0.0 ], [ -77.876985902738681, -8.63690195961334, 0.0 ], [ -77.876952714703535, -8.636884334500552, 0.0 ], [ -77.876923752417085, -8.636871601343454, 0.0 ], [ -77.876900271356163, -8.636863636882222, 0.0 ], [ -77.876857612367516, -8.636851910919793, 0.0 ], [ -77.876788374675286, -8.636835068773625, 0.0 ], [ -77.876781258295281, -8.636833028968914, 0.0 ], [ -77.876747731084834, -8.636821912888545, 0.0 ], [ -77.876742417909185, -8.636819911036584, 0.0 ], [ -77.876717858050085, -8.636809749389053, 0.0 ], [ -77.876711947712323, -8.636807052765759, 0.0 ], [ -77.876685494500663, -8.636793823731951, 0.0 ], [ -77.876681460254872, -8.636791678566739, 0.0 ], [ -77.876675862979411, -8.636788246005892, 0.0 ], [ -77.876658446940709, -8.636776679172861, 0.0 ], [ -77.876651013801634, -8.636771176183338, 0.0 ], [ -77.876647256106025, -8.636767909590059, 0.0 ], [ -77.876630136212952, -8.636752178425443, 0.0 ], [ -77.876622621327613, -8.636744394886136, 0.0 ], [ -77.876620785275691, -8.636742179910168, 0.0 ], [ -77.876607388285322, -8.636725485735692, 0.0 ], [ -77.876600049825498, -8.636714869518494, 0.0 ], [ -77.876598250822084, -8.636711674041651, 0.0 ], [ -77.876587888824972, -8.63669236874537, 0.0 ], [ -77.876582625122509, -8.636680608562152, 0.0 ], [ -77.876573644768612, -8.63665531037053, 0.0 ], [ -77.876570367919456, -8.636643623803117, 0.0 ], [ -77.876565776538555, -8.636621638057177, 0.0 ], [ -77.876565378092792, -8.636619613750341, 0.0 ], [ -77.876564294727743, -8.63661190568255, 0.0 ], [ -77.87656125771268, -8.63658048638357, 0.0 ], [ -77.876560841570239, -8.636572177041002, 0.0 ], [ -77.876560840100836, -8.636510801572021, 0.0 ], [ -77.87656098639205, -8.636505670792969, 0.0 ], [ -77.876564801416549, -8.636438913837395, 0.0 ], [ -77.876565175551463, -8.6364343794187, 0.0 ], [ -77.87657280532909, -8.636363807539299, 0.0 ], [ -77.876573508207869, -8.63635868974602, 0.0 ], [ -77.876584859603497, -8.636290577970071, 0.0 ], [ -77.876596160519753, -8.636217125490711, 0.0 ], [ -77.876607563695615, -8.636139200261603, 0.0 ], [ -77.876607920733477, -8.636136960685812, 0.0 ], [ -77.87662101157963, -8.636062154979777, 0.0 ], [ -77.876630068106167, -8.635995131004725, 0.0 ], [ -77.876635104930997, -8.63594140861281, 0.0 ], [ -77.876634540735765, -8.635921952948967, 0.0 ], [ -77.876632387873073, -8.635902736878702, 0.0 ], [ -77.876628210294328, -8.635881565628903, 0.0 ], [ -77.876624152256838, -8.635868737568625, 0.0 ], [ -77.876617709062202, -8.635855266106409, 0.0 ], [ -77.876608888598724, -8.635841592960514, 0.0 ], [ -77.876598958754741, -8.635829830769618, 0.0 ], [ -77.876585207105265, -8.635816881256899, 0.0 ], [ -77.876573470120903, -8.635808033550644, 0.0 ], [ -77.876549908399681, -8.635793132203784, 0.0 ], [ -77.876501340734478, -8.635766336124698, 0.0 ], [ -77.876437657290623, -8.635739801692425, 0.0 ], [ -77.876358017624156, -8.635707566239448, 0.0 ], [ -77.876353898052059, -8.635705779465709, 0.0 ], [ -77.876276540477448, -8.635669931201479, 0.0 ], [ -77.876198713576059, -8.635635759594841, 0.0 ], [ -77.876118142390737, -8.635599314757892, 0.0 ], [ -77.876114952638247, -8.635597796546994, 0.0 ], [ -77.876035261674446, -8.635557949984465, 0.0 ], [ -77.875953591398599, -8.63551806405218, 0.0 ], [ -77.875950704279973, -8.635516589642668, 0.0 ], [ -77.875864873363909, -8.635470813828633, 0.0 ], [ -77.875862296127011, -8.635469381360263, 0.0 ], [ -77.87577389706648, -8.635417501337621, 0.0 ], [ -77.875770672926294, -8.635415518113778, 0.0 ], [ -77.875684841486049, -8.635360205624927, 0.0 ], [ -77.875681405946807, -8.63535787887591, 0.0 ], [ -77.875595184052628, -8.635296561468627, 0.0 ], [ -77.875510331790579, -8.635234847987876, 0.0 ], [ -77.875434885248666, -8.635178269462504, 0.0 ], [ -77.875363868727746, -8.635129103753387, 0.0 ], [ -77.875328723672155, -8.635107405985819, 0.0 ], [ -77.87530484729993, -8.635094578462805, 0.0 ], [ -77.875275304945092, -8.635081346259977, 0.0 ], [ -77.875253398856714, -8.635073834194788, 0.0 ], [ -77.875228725827611, -8.635068247327029, 0.0 ], [ -77.875206817947031, -8.635065770098381, 0.0 ], [ -77.875187658052383, -8.635065934660556, 0.0 ], [ -77.875163000730595, -8.635068530957197, 0.0 ], [ -77.875114331273892, -8.635078960417044, 0.0 ], [ -77.875111659076708, -8.635079491812203, 0.0 ], [ -77.875103501785787, -8.635080608234468, 0.0 ], [ -77.875077450200308, -8.635082982806791, 0.0 ], [ -77.875069854665654, -8.635083356908922, 0.0 ], [ -77.875066775152376, -8.63508332761873, 0.0 ], [ -77.875048957651757, -8.635082859636128, 0.0 ], [ -77.875036263544018, -8.635081634978382, 0.0 ], [ -77.875029280542705, -8.63508018045386, 0.0 ], [ -77.875018898268422, -8.635077590526885, 0.0 ], [ -77.875010566458656, -8.6350750836872, 0.0 ], [ -77.874997831672943, -8.635069448777683, 0.0 ], [ -77.874987671765069, -8.635063977039467, 0.0 ], [ -77.8749738137017, -8.635054585956105, 0.0 ], [ -77.874970718761432, -8.635051921469254, 0.0 ], [ -77.874962479527028, -8.635044499262694, 0.0 ], [ -77.874954301986278, -8.635036113534234, 0.0 ], [ -77.874949806917598, -8.635030415890386, 0.0 ], [ -77.874942702666004, -8.635020626305147, 0.0 ], [ -77.874938023326251, -8.635013492683157, 0.0 ], [ -77.874934680970838, -8.635007288598269, 0.0 ], [ -77.874928744579989, -8.634995157587412, 0.0 ], [ -77.874925292258894, -8.634987140235651, 0.0 ], [ -77.87492405638362, -8.634983619799664, 0.0 ], [ -77.874919352320617, -8.634969268843005, 0.0 ], [ -77.874916377151138, -8.634957609789277, 0.0 ], [ -77.874915993490603, -8.634955378480296, 0.0 ], [ -77.874910463946364, -8.634920620667014, 0.0 ], [ -77.874909348067149, -8.634906817368698, 0.0 ], [ -77.874909363746539, -8.63486299536914, 0.0 ], [ -77.874910096093487, -8.634851578621982, 0.0 ], [ -77.874916072711372, -8.63480503502533, 0.0 ], [ -77.874916603094434, -8.634801469715956, 0.0 ], [ -77.874918123724143, -8.634794286861306, 0.0 ], [ -77.874929343706427, -8.634750240759479, 0.0 ], [ -77.874931803642085, -8.634742182658563, 0.0 ], [ -77.874933617496282, -8.634737516372743, 0.0 ], [ -77.874948559075122, -8.634702042117596, 0.0 ], [ -77.874953323636802, -8.634692386621325, 0.0 ], [ -77.874956322293912, -8.634687495525155, 0.0 ], [ -77.874967992986129, -8.634669748566358, 0.0 ], [ -77.874972793218404, -8.634663123817335, 0.0 ], [ -77.874999944261333, -8.634629013378293, 0.0 ], [ -77.875044374372393, -8.634567922378746, 0.0 ], [ -77.875091137060636, -8.63450245481595, 0.0 ], [ -77.875134670955944, -8.634438104633052, 0.0 ], [ -77.875182667786873, -8.634368983363522, 0.0 ], [ -77.875230212949717, -8.634300518663931, 0.0 ], [ -77.87527972662285, -8.63422815262804, 0.0 ], [ -77.875331365847984, -8.634153561750511, 0.0 ], [ -77.87533314811526, -8.63415107749019, 0.0 ], [ -77.875388905849576, -8.63407610156114, 0.0 ], [ -77.875446572696973, -8.634001127566282, 0.0 ], [ -77.87544782611576, -8.633999535347913, 0.0 ], [ -77.875503139597853, -8.633930870510428, 0.0 ], [ -77.875504218112212, -8.63392955786154, 0.0 ], [ -77.875555181329887, -8.63386915502765, 0.0 ], [ -77.87559868264583, -8.633814779872568, 0.0 ], [ -77.875632572849227, -8.633767332985407, 0.0 ], [ -77.875644987909567, -8.633745275586444, 0.0 ], [ -77.875656267366324, -8.633721309627639, 0.0 ], [ -77.875664990173718, -8.633698506599664, 0.0 ], [ -77.875673419698003, -8.633671262695877, 0.0 ], [ -77.875680300795352, -8.633643937358904, 0.0 ], [ -77.87568429826942, -8.633621826587177, 0.0 ], [ -77.875686571864392, -8.633600081090622, 0.0 ], [ -77.875687166253059, -8.633581241887123, 0.0 ], [ -77.875684170371741, -8.633542288521276, 0.0 ], [ -77.875676175045271, -8.633503912924754, 0.0 ], [ -77.875665475425166, -8.633461111833995, 0.0 ], [ -77.875652518107927, -8.633414837727713, 0.0 ], [ -77.875638370618788, -8.633365322907292, 0.0 ], [ -77.875620133435064, -8.633317240900228, 0.0 ], [ -77.875596432684688, -8.63326814739095, 0.0 ], [ -77.875566739891951, -8.633215748012903, 0.0 ], [ -77.875531234447877, -8.633160714474212, 0.0 ], [ -77.875490660902884, -8.633104264432101, 0.0 ], [ -77.875444310003672, -8.633048999669017, 0.0 ], [ -77.87539453150039, -8.632993887997625, 0.0 ], [ -77.875337727969352, -8.632940634080578, 0.0 ], [ -77.875304892808089, -8.632912490994281, 0.0 ], [ -77.875280495394065, -8.632893415584212, 0.0 ], [ -77.875217928514118, -8.63285230093145, 0.0 ], [ -77.875155147865556, -8.632813524143137, 0.0 ], [ -77.875086664516132, -8.632773564165586, 0.0 ], [ -77.875017202865962, -8.632731127071725, 0.0 ], [ -77.87501418160825, -8.632729198323508, 0.0 ], [ -77.874945516231548, -8.632683420669377, 0.0 ], [ -77.874943107937995, -8.632681757448303, 0.0 ], [ -77.874876350868121, -8.632634073673429, 0.0 ], [ -77.874874647463329, -8.632632827066896, 0.0 ], [ -77.874805984179019, -8.632581328827179, 0.0 ], [ -77.874802299084877, -8.63257841037715, 0.0 ], [ -77.8747678805764, -8.632549281709222, 0.0 ], [ -77.874765012699456, -8.632546748314804, 0.0 ], [ -77.874734086714525, -8.632518244818911, 0.0 ], [ -77.874731011261659, -8.63251527300951, 0.0 ], [ -77.874699829518264, -8.632483684398991, 0.0 ], [ -77.874697070360625, -8.632480762615725, 0.0 ], [ -77.874665308646613, -8.632445592627379, 0.0 ], [ -77.874663728161934, -8.632443794907022, 0.0 ], [ -77.874661630039924, -8.632441253027267, 0.0 ], [ -77.874602502441192, -8.632366867017369, 0.0 ], [ -77.874600536667174, -8.632364299751629, 0.0 ], [ -77.874541409333091, -8.632284191380558, 0.0 ], [ -77.874540243272577, -8.632282574851194, 0.0 ], [ -77.874481115216668, -8.63219865127188, 0.0 ], [ -77.874478546012455, -8.632194799332401, 0.0 ], [ -77.874423233652195, -8.632107061734434, 0.0 ], [ -77.874421740787568, -8.632104606559558, 0.0 ], [ -77.874368334090519, -8.632013053008041, 0.0 ], [ -77.87436655610783, -8.632009629684266, 0.0 ], [ -77.874361321784832, -8.63199920899585, 0.0 ], [ -77.874316860107967, -8.631916220643596, 0.0 ], [ -77.874314049297141, -8.63191043265048, 0.0 ], [ -77.874270179466549, -8.631811250331888, 0.0 ], [ -77.874268280646177, -8.631806614602986, 0.0 ], [ -77.874230092017683, -8.631705412956601, 0.0 ], [ -77.874229440256826, -8.631703620012866, 0.0 ], [ -77.874193200739128, -8.631600623976761, 0.0 ], [ -77.874192226292323, -8.631597696934078, 0.0 ], [ -77.874173841785293, -8.631539107142471, 0.0 ], [ -77.874172895023833, -8.631535879952322, 0.0 ], [ -77.874160762815762, -8.631491472341843, 0.0 ], [ -77.874159697046608, -8.631487154697046, 0.0 ], [ -77.87414814859045, -8.631434837669945, 0.0 ], [ -77.8741474427745, -8.631431300602184, 0.0 ], [ -77.874137919246763, -8.631376295131611, 0.0 ], [ -77.874137315937688, -8.631372268537932, 0.0 ], [ -77.874130852239745, -8.631321290211813, 0.0 ], [ -77.874130471070714, -8.631317707344788, 0.0 ], [ -77.874125490362346, -8.631259966543663, 0.0 ], [ -77.874125278364232, -8.631256905495722, 0.0 ], [ -77.874122449680868, -8.63120247228704, 0.0 ], [ -77.874122342783579, -8.631199384251435, 0.0 ], [ -77.87412135020783, -8.631142742836131, 0.0 ], [ -77.874121392513416, -8.631138618347622, 0.0 ], [ -77.874125207620139, -8.631024177188772, 0.0 ], [ -77.874125448837589, -8.631019946410559, 0.0 ], [ -77.874134985089256, -8.630901691425205, 0.0 ], [ -77.874135366974556, -8.630897934798002, 0.0 ], [ -77.874150626254533, -8.630773957019615, 0.0 ], [ -77.874151288835122, -8.63076950535476, 0.0 ], [ -77.874174249623522, -8.630641295069259, 0.0 ], [ -77.874175077529344, -8.630637217089552, 0.0 ], [ -77.874203831277597, -8.630510724162479, 0.0 ], [ -77.874232583765831, -8.630391859835315, 0.0 ], [ -77.874233197489332, -8.630389468364029, 0.0 ], [ -77.874263714545606, -8.630276934714839, 0.0 ], [ -77.874264621412394, -8.630273813782225, 0.0 ], [ -77.874298953854208, -8.630163187585115, 0.0 ], [ -77.874300306915856, -8.630159168908563, 0.0 ], [ -77.87434051407628, -8.630050029984856, 0.0 ], [ -77.874342163838847, -8.630045871761965, 0.0 ], [ -77.874386033236718, -8.629942874020731, 0.0 ], [ -77.874388646198071, -8.62993728024872, 0.0 ], [ -77.874440303869676, -8.629835880105535, 0.0 ], [ -77.874491776252526, -8.629736748065719, 0.0 ], [ -77.874538090236967, -8.629645973513258, 0.0 ], [ -77.87457391895876, -8.629563567479664, 0.0 ], [ -77.874600565318715, -8.629488957357157, 0.0 ], [ -77.874610499445282, -8.629454437694566, 0.0 ], [ -77.874617262282968, -8.62942550695581, 0.0 ], [ -77.874623349684938, -8.62939321418839, 0.0 ], [ -77.874624699536724, -8.629377500601574, 0.0 ], [ -77.874623922053942, -8.629361138942754, 0.0 ], [ -77.874620797259723, -8.629341332930434, 0.0 ], [ -77.874616883277696, -8.629324843012407, 0.0 ], [ -77.874616145136812, -8.629323030840609, 0.0 ], [ -77.874614928007546, -8.629321262011292, 0.0 ], [ -77.87460778851738, -8.629313751102011, 0.0 ], [ -77.874600428645607, -8.629307707212622, 0.0 ], [ -77.874591271128267, -8.629301875556861, 0.0 ], [ -77.87458156615692, -8.629297236019458, 0.0 ], [ -77.874567629820646, -8.629292340012999, 0.0 ], [ -77.874553512988541, -8.62928890349955, 0.0 ], [ -77.874535639079767, -8.629286225128908, 0.0 ], [ -77.874487113769234, -8.629284551717591, 0.0 ], [ -77.874426987684274, -8.629284551704897, 0.0 ], [ -77.874358778910576, -8.629286394754311, 0.0 ], [ -77.874288707684443, -8.629290083013226, 0.0 ], [ -77.874217449190851, -8.629295708086467, 0.0 ], [ -77.87415052415038, -8.629301285301727, 0.0 ], [ -77.874088694047629, -8.629308352919685, 0.0 ], [ -77.87402620521911, -8.629320502760271, 0.0 ], [ -77.873962078883935, -8.629336992311787, 0.0 ], [ -77.873898418245901, -8.629353362723924, 0.0 ], [ -77.873833848858183, -8.629374885894718, 0.0 ], [ -77.873766245675284, -8.629399297488147, 0.0 ], [ -77.873762621021342, -8.629400520803699, 0.0 ], [ -77.873695863349255, -8.629421502037491, 0.0 ], [ -77.873629104758578, -8.629442483268821, 0.0 ], [ -77.873626172784114, -8.62944335085921, 0.0 ], [ -77.873556660816135, -8.629462650649881, 0.0 ], [ -77.873489906072578, -8.629479824764175, 0.0 ], [ -77.87342208727037, -8.629498663740954, 0.0 ], [ -77.873353423253121, -8.629517736707898, 0.0 ], [ -77.873351134729305, -8.629518341091947, 0.0 ], [ -77.873282468978346, -8.629535506913012, 0.0 ], [ -77.873279626224374, -8.629536168753082, 0.0 ], [ -77.873209053277932, -8.629551428156923, 0.0 ], [ -77.873138482130386, -8.629566686632604, 0.0 ], [ -77.873135732947276, -8.629567237551607, 0.0 ], [ -77.873063210179922, -8.629580597168674, 0.0 ], [ -77.87306026083418, -8.629581089057181, 0.0 ], [ -77.872983967097156, -8.62959253363505, 0.0 ], [ -77.87297951130131, -8.629593091018357, 0.0 ], [ -77.872903216821967, -8.629600719482374, 0.0 ], [ -77.872896367069913, -8.629601144834547, 0.0 ], [ -77.87281739586615, -8.629603064666437, 0.0 ], [ -77.872811704243006, -8.629602980836189, 0.0 ], [ -77.872729687560877, -8.629599166789962, 0.0 ], [ -77.872723389919415, -8.62959865475456, 0.0 ], [ -77.872641444379553, -8.629589125935013, 0.0 ], [ -77.872557444360183, -8.629579579966848, 0.0 ], [ -77.87247767687856, -8.629570084478489, 0.0 ], [ -77.872409202463942, -8.629562875874427, 0.0 ], [ -77.872379930906376, -8.629561970413727, 0.0 ], [ -77.872359963741616, -8.629562793073527, 0.0 ], [ -77.872337461475496, -8.629565586144169, 0.0 ], [ -77.872323559567093, -8.62956884238336, 0.0 ], [ -77.872311451870758, -8.629573351794445, 0.0 ], [ -77.872299942534653, -8.629579077262035, 0.0 ], [ -77.872269485572176, -8.629600397029469, 0.0 ], [ -77.872235302287507, -8.629627383047556, 0.0 ], [ -77.872224865618762, -8.629634502607484, 0.0 ], [ -77.872221393358956, -8.629636432158115, 0.0 ], [ -77.872201383594387, -8.629646985119031, 0.0 ], [ -77.872191864555973, -8.629651324259781, 0.0 ], [ -77.872169263132392, -8.629660091574108, 0.0 ], [ -77.872159647225061, -8.629663145852778, 0.0 ], [ -77.872138425149572, -8.629668606199374, 0.0 ], [ -77.872132139118051, -8.6296699894729, 0.0 ], [ -77.872129590541547, -8.629670418725668, 0.0 ], [ -77.872103129074731, -8.629674495413784, 0.0 ], [ -77.872092617070336, -8.629675496573693, 0.0 ], [ -77.872044129665611, -8.629677292672531, 0.0 ], [ -77.87199576274449, -8.629682295958991, 0.0 ], [ -77.87195547057668, -8.629690043913218, 0.0 ], [ -77.871939599043472, -8.629695141640962, 0.0 ], [ -77.871929384324389, -8.629699681129976, 0.0 ], [ -77.871918569451083, -8.629706247904926, 0.0 ], [ -77.871912520868449, -8.62971117989469, 0.0 ], [ -77.871909830029892, -8.629714284378462, 0.0 ], [ -77.871895231685812, -8.629735404918618, 0.0 ], [ -77.871866811475059, -8.629777087279962, 0.0 ], [ -77.871862087853401, -8.629783403343625, 0.0 ], [ -77.871827546734266, -8.629825617605396, 0.0 ], [ -77.871821254165269, -8.629832498324246, 0.0 ], [ -77.871799768820921, -8.629853683103438, 0.0 ], [ -77.87179465059252, -8.629858356968297, 0.0 ], [ -77.871772168852715, -8.629877310499635, 0.0 ], [ -77.87176334025483, -8.629883879558545, 0.0 ], [ -77.871713749099158, -8.629916304911706, 0.0 ], [ -77.871709974904277, -8.629918643266757, 0.0 ], [ -77.871654614871559, -8.629951095567685, 0.0 ], [ -77.871649372938805, -8.629953937288921, 0.0 ], [ -77.871617140033962, -8.629970068350586, 0.0 ], [ -77.871612591662625, -8.629972190259215, 0.0 ], [ -77.871583788943965, -8.62998466923673, 0.0 ], [ -77.871578919678043, -8.62998661286181, 0.0 ], [ -77.871544176203884, -8.629999197770758, 0.0 ], [ -77.87153770565547, -8.630001271739914, 0.0 ], [ -77.871507277038617, -8.630009786874821, 0.0 ], [ -77.871499666804894, -8.630011568536416, 0.0 ], [ -77.871466878592841, -8.6300177740946, 0.0 ], [ -77.871459664957257, -8.630018821002492, 0.0 ], [ -77.87142733922947, -8.630022200762511, 0.0 ], [ -77.871419238957017, -8.630022685146814, 0.0 ], [ -77.871385665070832, -8.630023193198225, 0.0 ], [ -77.871378439255636, -8.630022989841812, 0.0 ], [ -77.87134299773065, -8.630020578424716, 0.0 ], [ -77.871335492160043, -8.630019754696081, 0.0 ], [ -77.871308214051794, -8.630015605355601, 0.0 ], [ -77.871303717779156, -8.630014773541678, 0.0 ], [ -77.871258920466389, -8.630005280598128, 0.0 ], [ -77.871183725993475, -8.629987936795677, 0.0 ], [ -77.871180440795129, -8.629987113978341, 0.0 ], [ -77.871109868476822, -8.629968040696397, 0.0 ], [ -77.871107674155809, -8.629967418401845, 0.0 ], [ -77.871037103752798, -8.629946437034363, 0.0 ], [ -77.870966532452755, -8.629925456561502, 0.0 ], [ -77.87096126761827, -8.629923709898099, 0.0 ], [ -77.870923176986707, -8.629909393833488, 0.0 ], [ -77.870917185661625, -8.629906893724192, 0.0 ], [ -77.870889584222098, -8.629894199368536, 0.0 ], [ -77.870882380894372, -8.629890486890254, 0.0 ], [ -77.870859353239425, -8.629877109613096, 0.0 ], [ -77.870854574747071, -8.629874130633569, 0.0 ], [ -77.870819891534524, -8.629850987770331, 0.0 ], [ -77.870818035445851, -8.629849715177619, 0.0 ], [ -77.870769354344773, -8.629815458269414, 0.0 ], [ -77.870744722771789, -8.62980078120493, 0.0 ], [ -77.870727044981592, -8.629791991251894, 0.0 ], [ -77.870708296685166, -8.629784854470113, 0.0 ], [ -77.870685130000354, -8.629778061554584, 0.0 ], [ -77.87063112009541, -8.629767934635515, 0.0 ], [ -77.870577166801951, -8.629760972922554, 0.0 ], [ -77.870531124616292, -8.629757684058168, 0.0 ], [ -77.87051437813966, -8.629758247617085, 0.0 ], [ -77.87050789495153, -8.62975925109261, 0.0 ], [ -77.870500490445494, -8.629761588613635, 0.0 ], [ -77.870497952814858, -8.629762866100471, 0.0 ], [ -77.870495294170922, -8.629764947647763, 0.0 ], [ -77.870491019650913, -8.629769672098963, 0.0 ], [ -77.870487238276922, -8.629775625144013, 0.0 ], [ -77.870483913762499, -8.629783410549701, 0.0 ], [ -77.870482414607991, -8.629789604888987, 0.0 ], [ -77.870480571057428, -8.629805840784933, 0.0 ], [ -77.870480570245462, -8.629847760209254, 0.0 ], [ -77.870485846730588, -8.629900519291738, 0.0 ], [ -77.870486291264996, -8.629909126609137, 0.0 ], [ -77.870486293100342, -8.629972408654533, 0.0 ], [ -77.870485970301772, -8.629980023421025, 0.0 ], [ -77.870483154252085, -8.630013157233396, 0.0 ], [ -77.870482570261231, -8.630018284086795, 0.0 ], [ -77.870477757123638, -8.630051908060317, 0.0 ], [ -77.870477401229309, -8.630054184672941, 0.0 ], [ -77.870476862969184, -8.630057075180499, 0.0 ], [ -77.870469242256021, -8.630094575137212, 0.0 ], [ -77.870467870600805, -8.630100343003905, 0.0 ], [ -77.870458325354747, -8.630135322330856, 0.0 ], [ -77.870456419821252, -8.630141438404225, 0.0 ], [ -77.870444517079534, -8.630175345840559, 0.0 ], [ -77.870442496529648, -8.630180537657004, 0.0 ], [ -77.870427613483628, -8.63021552713983, 0.0 ], [ -77.870424269463271, -8.630222533930892, 0.0 ], [ -77.870391844884992, -8.630283569817164, 0.0 ], [ -77.870390368991906, -8.630286236969576, 0.0 ], [ -77.870355857989637, -8.630345674039141, 0.0 ], [ -77.870351847681405, -8.630351965781008, 0.0 ], [ -77.870330472012512, -8.630382631250486, 0.0 ], [ -77.870326169322738, -8.630388313555525, 0.0 ], [ -77.870307336002938, -8.630411241032643, 0.0 ], [ -77.870302099251049, -8.630417052295419, 0.0 ], [ -77.870277872967463, -8.630441699640096, 0.0 ], [ -77.870271852039494, -8.630447292722272, 0.0 ], [ -77.870270002589578, -8.63044881982535, 0.0 ], [ -77.870248452438645, -8.630466133817952, 0.0 ], [ -77.870237698517826, -8.630473566500006, 0.0 ], [ -77.870211077841446, -8.630489260652388, 0.0 ], [ -77.870199675066104, -8.630494922037059, 0.0 ], [ -77.870172744547631, -8.630506016404947, 0.0 ], [ -77.87016971237037, -8.630507201830181, 0.0 ], [ -77.870158694878356, -8.630510511395714, 0.0 ], [ -77.870133766899556, -8.630516312894811, 0.0 ], [ -77.870129531397112, -8.63051719383718, 0.0 ], [ -77.870122996076049, -8.630518148011962, 0.0 ], [ -77.870088796510515, -8.63052188230132, 0.0 ], [ -77.870079237774164, -8.630522419139007, 0.0 ], [ -77.870022319456268, -8.630522420677792, 0.0 ], [ -77.869993494373659, -8.630524032299864, 0.0 ], [ -77.869981844175769, -8.630525905617441, 0.0 ], [ -77.86996725643732, -8.630530555504434, 0.0 ], [ -77.869953195141008, -8.630537115830718, 0.0 ], [ -77.86991409843624, -8.630564809758789, 0.0 ], [ -77.869909686010899, -8.630567745533996, 0.0 ], [ -77.869883358644643, -8.63058417558131, 0.0 ], [ -77.869881110299289, -8.630585534016744, 0.0 ], [ -77.86987768774172, -8.630587436980809, 0.0 ], [ -77.869858237645587, -8.630597710117229, 0.0 ], [ -77.869850201108804, -8.63060146533806, 0.0 ], [ -77.869827699090223, -8.630610672681435, 0.0 ], [ -77.869824867823397, -8.630611776194581, 0.0 ], [ -77.869820658365327, -8.630613220683291, 0.0 ], [ -77.869795477966719, -8.630621179652694, 0.0 ], [ -77.869785883891723, -8.630623647391753, 0.0 ], [ -77.86973747398109, -8.630633323334205, 0.0 ], [ -77.869726590135556, -8.630634739190082, 0.0 ], [ -77.86967127746054, -8.630638553810883, 0.0 ], [ -77.869667849987323, -8.630638725826344, 0.0 ], [ -77.869606731121323, -8.630640635192226, 0.0 ], [ -77.86954179766532, -8.630642545097578, 0.0 ], [ -77.869539798958982, -8.630642581742121, 0.0 ], [ -77.869534193193061, -8.630642451149781, 0.0 ], [ -77.869467222582742, -8.630638830999395, 0.0 ], [ -77.869436115288124, -8.63063960591939, 0.0 ], [ -77.869408955354515, -8.630641972957376, 0.0 ], [ -77.869378490812508, -8.630646715471922, 0.0 ], [ -77.869355004095439, -8.630652357974686, 0.0 ], [ -77.869336900179903, -8.630658658540529, 0.0 ], [ -77.869303529302101, -8.630672830290145, 0.0 ], [ -77.869249216272266, -8.63069829003631, 0.0 ], [ -77.869198068488018, -8.630730682547469, 0.0 ], [ -77.869145846174092, -8.630766120451582, 0.0 ], [ -77.86914077667582, -8.630769321328454, 0.0 ], [ -77.869085415292687, -8.630801773375628, 0.0 ], [ -77.869079011110273, -8.630805186611692, 0.0 ], [ -77.869024081465142, -8.630831704359132, 0.0 ], [ -77.868989691336722, -8.630848671724653, 0.0 ], [ -77.868983971698839, -8.630851252287956, 0.0 ], [ -77.868965273528588, -8.630858924188841, 0.0 ], [ -77.868962360803522, -8.63086006083037, 0.0 ], [ -77.868955443128314, -8.630862316088489, 0.0 ], [ -77.868911054485324, -8.630874845615709, 0.0 ], [ -77.868902719123369, -8.630876780825727, 0.0 ], [ -77.868899191199503, -8.63087735561634, 0.0 ], [ -77.868858444834785, -8.630883180575891, 0.0 ], [ -77.868846219993188, -8.630884096004538, 0.0 ], [ -77.868843002485491, -8.630884063168679, 0.0 ], [ -77.868806825225008, -8.63088305737049, 0.0 ], [ -77.868793391101676, -8.630881678987064, 0.0 ], [ -77.868776246530444, -8.630878465485376, 0.0 ], [ -77.868765560433857, -8.630875779136712, 0.0 ], [ -77.868750551176262, -8.630871024651213, 0.0 ], [ -77.868747678872751, -8.630870062304631, 0.0 ], [ -77.868742504635037, -8.630868052936844, 0.0 ], [ -77.868719664626965, -8.630858369179135, 0.0 ], [ -77.868710447894486, -8.630853831530757, 0.0 ], [ -77.86870298010912, -8.630849121788287, 0.0 ], [ -77.868689579856877, -8.630839731467354, 0.0 ], [ -77.86867938598219, -8.630831423860323, 0.0 ], [ -77.868670501564353, -8.630821727808227, 0.0 ], [ -77.868663168129189, -8.630812451991593, 0.0 ], [ -77.868655798157334, -8.630801584591962, 0.0 ], [ -77.868645525995703, -8.630783396677771, 0.0 ], [ -77.868642040987595, -8.630776555732956, 0.0 ], [ -77.868631464438735, -8.630753405708942, 0.0 ], [ -77.868629034480264, -8.630747549745655, 0.0 ], [ -77.868626739407475, -8.63074056257307, 0.0 ], [ -77.86861894158487, -8.630713078744495, 0.0 ], [ -77.868617025945511, -8.6307048862574, 0.0 ], [ -77.868616439752245, -8.630701314840051, 0.0 ], [ -77.868604007020252, -8.630614764645388, 0.0 ], [ -77.868599346858076, -8.630590562107651, 0.0 ], [ -77.868576072405091, -8.630474958095977, 0.0 ], [ -77.868568913869751, -8.630452544085845, 0.0 ], [ -77.868559919984691, -8.630433284157091, 0.0 ], [ -77.868553041146868, -8.63042121511911, 0.0 ], [ -77.868549880078476, -8.630418078550452, 0.0 ], [ -77.868546256514023, -8.630415606758678, 0.0 ], [ -77.868543530055234, -8.630414362348933, 0.0 ], [ -77.868527692254233, -8.630416611169066, 0.0 ], [ -77.8685207854666, -8.630417183232602, 0.0 ], [ -77.868433166754684, -8.630448274773753, 0.0 ], [ -77.868427083556966, -8.630450196732397, 0.0 ], [ -77.868358010279508, -8.630469383120541, 0.0 ], [ -77.86835004090031, -8.630471216199956, 0.0 ], [ -77.868346503906793, -8.630471791955822, 0.0 ], [ -77.868319641927414, -8.630475629288082, 0.0 ], [ -77.868313740654202, -8.630476277844183, 0.0 ], [ -77.868263853135502, -8.630480115808316, 0.0 ], [ -77.868250912054862, -8.630480191859446, 0.0 ], [ -77.868238090552296, -8.630478432134021, 0.0 ], [ -77.868225647630993, -8.630474873541846, 0.0 ], [ -77.868163447573494, -8.630451555944779, 0.0 ], [ -77.868157265894425, -8.630448974097158, 0.0 ], [ -77.86810738060727, -8.630425950115749, 0.0 ], [ -77.868094992046082, -8.630419012255294, 0.0 ], [ -77.868083837750589, -8.630410225760849, 0.0 ], [ -77.868074191691449, -8.630399806311125, 0.0 ], [ -77.868017595971011, -8.630328118262145, 0.0 ], [ -77.867976843052119, -8.630279956440218, 0.0 ], [ -77.867945878340421, -8.630244567361444, 0.0 ], [ -77.867932563024098, -8.630229350999461, 0.0 ], [ -77.867893790972104, -8.630205347624498, 0.0 ], [ -77.867883808258753, -8.630198190288349, 0.0 ], [ -77.867880889585848, -8.630195775551959, 0.0 ], [ -77.867832341455141, -8.630163967327642, 0.0 ], [ -77.867806393965864, -8.630149339640381, 0.0 ], [ -77.8677921280417, -8.630142877466501, 0.0 ], [ -77.867778289262517, -8.630138641780965, 0.0 ], [ -77.867745821383551, -8.630131633675077, 0.0 ], [ -77.867682675728844, -8.630120490546792, 0.0 ], [ -77.867678482583514, -8.630119649192975, 0.0 ], [ -77.867638333827912, -8.630110604365054, 0.0 ], [ -77.867631760885516, -8.630108862919723, 0.0 ], [ -77.86760515264767, -8.630100742200423, 0.0 ], [ -77.867601362217854, -8.630099493996424, 0.0 ], [ -77.8675963355265, -8.630097546744718, 0.0 ], [ -77.867562746879386, -8.630083375514364, 0.0 ], [ -77.867553850322921, -8.630079037802606, 0.0 ], [ -77.867524262196312, -8.630062559979407, 0.0 ], [ -77.867514761996702, -8.630056425326439, 0.0 ], [ -77.867489327951546, -8.630037659638404, 0.0 ], [ -77.867485564745849, -8.630034727220869, 0.0 ], [ -77.867482354722654, -8.630031958704935, 0.0 ], [ -77.867452475535927, -8.630004948060201, 0.0 ], [ -77.867445776895835, -8.629998222379923, 0.0 ], [ -77.867396791325035, -8.629943584761778, 0.0 ], [ -77.867343449215298, -8.629886422084173, 0.0 ], [ -77.867291396650799, -8.629828597466615, 0.0 ], [ -77.867289917819306, -8.629826911870383, 0.0 ], [ -77.867285645827039, -8.629821519579185, 0.0 ], [ -77.867265056887604, -8.629793395050871, 0.0 ], [ -77.867262275856845, -8.629789371158054, 0.0 ], [ -77.867237088526707, -8.629750738798869, 0.0 ], [ -77.86723484981205, -8.629747122817424, 0.0 ], [ -77.867195562589771, -8.629679771710469, 0.0 ], [ -77.867158960495388, -8.62962225612141, 0.0 ], [ -77.867118980573622, -8.629571846032732, 0.0 ], [ -77.867075718788712, -8.629521053029103, 0.0 ], [ -77.867033269851703, -8.629469705550925, 0.0 ], [ -77.866968595823209, -8.629420364571081, 0.0 ], [ -77.866965771942205, -8.629418118961416, 0.0 ], [ -77.866913740677433, -8.629374760853308, 0.0 ], [ -77.866909646341, -8.629371134351613, 0.0 ], [ -77.866860719432978, -8.629325086067546, 0.0 ], [ -77.866853606393931, -8.629317577476808, 0.0 ], [ -77.866810047608979, -8.62926531313461, 0.0 ], [ -77.866804805266568, -8.629258367851209, 0.0 ], [ -77.866762520954879, -8.629196351287572, 0.0 ], [ -77.866733553431359, -8.629156850016852, 0.0 ], [ -77.866698345304954, -8.62911501393981, 0.0 ], [ -77.866659400309359, -8.629091647691189, 0.0 ], [ -77.86659818341208, -8.629065409697336, 0.0 ], [ -77.866527476307112, -8.629034835671796, 0.0 ], [ -77.866520180750186, -8.629031287304244, 0.0 ], [ -77.866453804416551, -8.628995253924447, 0.0 ], [ -77.866392751316226, -8.628962931809525, 0.0 ], [ -77.866356844461166, -8.628947583411334, 0.0 ], [ -77.866317823746613, -8.628934867419744, 0.0 ], [ -77.866274403416483, -8.628924502538812, 0.0 ], [ -77.866225079177752, -8.628916359979867, 0.0 ], [ -77.866181128485678, -8.628911500091997, 0.0 ], [ -77.866129913397202, -8.628907821092335, 0.0 ], [ -77.865898737778735, -8.628898292324912, 0.0 ], [ -77.865894737909741, -8.628898039447018, 0.0 ], [ -77.865842127756864, -8.628893549608916, 0.0 ], [ -77.865838291932576, -8.628893141016087, 0.0 ], [ -77.865791028717027, -8.628887085294526, 0.0 ], [ -77.865788601380288, -8.62888674115872, 0.0 ], [ -77.865705898833383, -8.628873876388619, 0.0 ], [ -77.865621362648881, -8.628866681738154, 0.0 ], [ -77.86553276959566, -8.628862989306734, 0.0 ], [ -77.865444029772164, -8.628861140967919, 0.0 ], [ -77.865354471894705, -8.628863006438262, 0.0 ], [ -77.865269939074182, -8.628864921968164, 0.0 ], [ -77.865263769704328, -8.628864809067819, 0.0 ], [ -77.865191290115519, -8.628860995232911, 0.0 ], [ -77.865183472814365, -8.628860245073032, 0.0 ], [ -77.865147403229017, -8.62885520962055, 0.0 ], [ -77.865144922054938, -8.628854828841707, 0.0 ], [ -77.865141372044064, -8.628854160625306, 0.0 ], [ -77.865110684448013, -8.628847752376243, 0.0 ], [ -77.865100495383146, -8.628844999846702, 0.0 ], [ -77.865094231223679, -8.628842911828865, 0.0 ], [ -77.865037551639887, -8.628824018928295, 0.0 ], [ -77.864972656658296, -8.628802386742448, 0.0 ], [ -77.864945764448706, -8.628795960055088, 0.0 ], [ -77.864911192001387, -8.6287895031204, 0.0 ], [ -77.864841050754478, -8.628780735344183, 0.0 ], [ -77.864767435362566, -8.62877714402439, 0.0 ], [ -77.864690320586874, -8.628775263752008, 0.0 ], [ -77.864688304724169, -8.628775192083552, 0.0 ], [ -77.864605563920335, -8.628771337350747, 0.0 ], [ -77.864513284965284, -8.628765575326454, 0.0 ], [ -77.86450748177711, -8.628765026026141, 0.0 ], [ -77.864461916344936, -8.628759238413735, 0.0 ], [ -77.86445815201472, -8.628758680204346, 0.0 ], [ -77.864413906542723, -8.628751089395125, 0.0 ], [ -77.864409882693778, -8.62875030545707, 0.0 ], [ -77.864360382224817, -8.628739501514909, 0.0 ], [ -77.864355659227456, -8.62873833793374, 0.0 ], [ -77.864311700319092, -8.628726253967903, 0.0 ], [ -77.864306161594243, -8.628724539960674, 0.0 ], [ -77.864268796407273, -8.628711659584621, 0.0 ], [ -77.864265321570329, -8.628710366520188, 0.0 ], [ -77.864210784166161, -8.628688791421238, 0.0 ], [ -77.864208411970779, -8.628687814454238, 0.0 ], [ -77.864114852768026, -8.628647717594221, 0.0 ], [ -77.864016732238269, -8.628605382623512, 0.0 ], [ -77.863914896701814, -8.628559277304575, 0.0 ], [ -77.863912355805169, -8.628558079348894, 0.0 ], [ -77.863811580893383, -8.628508642313154, 0.0 ], [ -77.863712733171866, -8.628461118791458, 0.0 ], [ -77.863710181705031, -8.628459843217041, 0.0 ], [ -77.863668032368167, -8.628437926145047, 0.0 ], [ -77.863262639719167, -8.628482397240894, 0.0 ], [ -77.862751634709241, -8.628510239943184, 0.0 ], [ -77.86224570523008, -8.628357216559063, 0.0 ], [ -77.8621147534827, -8.628314073577899, 0.0 ], [ -77.861627234808452, -8.628277100813509, 0.0 ], [ -77.860797108958778, -8.628419209309426, 0.0 ], [ -77.860005120614971, -8.628750550728091, 0.0 ], [ -77.859541329308527, -8.628892524279136, 0.0 ], [ -77.859170941268246, -8.628723242747256, 0.0 ], [ -77.858781494405036, -8.628535556037841, 0.0 ], [ -77.858313718408624, -8.628094792470314, 0.0 ], [ -77.857673513973367, -8.627748245035875, 0.0 ], [ -77.857295864560996, -8.627346015591428, 0.0 ], [ -77.856931727031807, -8.626762658643123, 0.0 ], [ -77.856550939561032, -8.626354775811166, 0.0 ], [ -77.856268472827878, -8.625802907816842, 0.0 ], [ -77.855838166101208, -8.625019035435317, 0.0 ], [ -77.855284466132289, -8.624320188696421, 0.0 ], [ -77.855145018077351, -8.623993764833118, 0.0 ], [ -77.855243733011292, -8.623412453066189, 0.0 ], [ -77.855169862975785, -8.62288233037475, 0.0 ], [ -77.854770649410085, -8.622544424736006, 0.0 ], [ -77.854082832963186, -8.621923770977109, 0.0 ], [ -77.853615646426078, -8.621470015697239, 0.0 ], [ -77.853019859828166, -8.621180786901384, 0.0 ], [ -77.852471198519723, -8.62101387067568, 0.0 ], [ -77.851150812167262, -8.620937733354182, 0.0 ], [ -77.849955188474468, -8.620901652561498, 0.0 ], [ -77.849142281856658, -8.621034691598931, 0.0 ], [ -77.848321146522366, -8.620956677633323, 0.0 ], [ -77.847401697500061, -8.62122280751894, 0.0 ], [ -77.846416153497358, -8.621358050988368, 0.0 ], [ -77.84567401950811, -8.621266986726347, 0.0 ], [ -77.844925254786091, -8.621556118792789, 0.0 ], [ -77.844497622066527, -8.621914945186525, 0.0 ], [ -77.843840794188864, -8.622468662511904, 0.0 ], [ -77.843285124328204, -8.622609093308522, 0.0 ], [ -77.842746503518285, -8.622797123123098, 0.0 ], [ -77.842333622533516, -8.623087029754485, 0.0 ], [ -77.841747344708565, -8.623378698489676, 0.0 ], [ -77.841037362131232, -8.62357357192028, 0.0 ], [ -77.840677176247084, -8.623232320468421, 0.0 ], [ -77.840942420229112, -8.622292563984843, 0.0 ], [ -77.841606860871238, -8.621429809623821, 0.0 ], [ -77.842206636361553, -8.620642474844738, 0.0 ], [ -77.843379808848596, -8.619312583935116, 0.0 ], [ -77.844052012235622, -8.618500938361326, 0.0 ], [ -77.844474404558269, -8.617750018169929, 0.0 ], [ -77.845121653797023, -8.616903330536697, 0.0 ], [ -77.84563969500428, -8.615933361692324, 0.0 ], [ -77.846374391579971, -8.61545495490593, 0.0 ], [ -77.847271167275139, -8.61513967929978, 0.0 ], [ -77.848360696361382, -8.615028030025265, 0.0 ], [ -77.849142313643711, -8.615120352840268, 0.0 ], [ -77.850129602004813, -8.615047763632512, 0.0 ], [ -77.851216458449258, -8.614917213568475, 0.0 ], [ -77.852204144790221, -8.614802895920437, 0.0 ], [ -77.85370207307831, -8.614497251141836, 0.0 ], [ -77.854649911573091, -8.614227270620441, 0.0 ], [ -77.85658601204463, -8.613548062959772, 0.0 ], [ -77.857313455384798, -8.613209191529831, 0.0 ], [ -77.857587761188782, -8.612452402862274, 0.0 ], [ -77.857212387798853, -8.611201349814856, 0.0 ], [ -77.856545155077086, -8.610038008399606, 0.0 ], [ -77.856468050030429, -8.606474097878326, 0.0 ], [ -77.856457331857001, -8.606482042941424, 0.0 ], [ -77.856405926563852, -8.606524269920136, 0.0 ], [ -77.856349537108883, -8.606571260770247, 0.0 ], [ -77.856294791291234, -8.606618454422748, 0.0 ], [ -77.856240746273485, -8.606665046588725, 0.0 ], [ -77.85618860938159, -8.606713458570201, 0.0 ], [ -77.85613333996028, -8.606764915857744, 0.0 ], [ -77.856131108338758, -8.606766925445632, 0.0 ], [ -77.856071315607906, -8.606818995451119, 0.0 ], [ -77.856009865482449, -8.606870848292209, 0.0 ], [ -77.856007507938756, -8.606872771181042, 0.0 ], [ -77.855944565721416, -8.606922362030232, 0.0 ], [ -77.855942519580154, -8.606923927550094, 0.0 ], [ -77.855875761136019, -8.606973518742985, 0.0 ], [ -77.855869552903499, -8.606977743317602, 0.0 ], [ -77.855800457087341, -8.607020695268439, 0.0 ], [ -77.855731308745476, -8.607067417689322, 0.0 ], [ -77.855728408938745, -8.607069296723573, 0.0 ], [ -77.85565783759607, -8.607113165780316, 0.0 ], [ -77.855655723014522, -8.607114441801109, 0.0 ], [ -77.855648661340894, -8.607118163170064, 0.0 ], [ -77.855579995754127, -8.607150587636569, 0.0 ], [ -77.855574122440672, -8.607153113044937, 0.0 ], [ -77.855504780420461, -8.607180073054145, 0.0 ], [ -77.855495753663419, -8.607182976041894, 0.0 ], [ -77.85543090419695, -8.607200142715305, 0.0 ], [ -77.855426492205709, -8.60720119367952, 0.0 ], [ -77.855365508904939, -8.60721412878045, 0.0 ], [ -77.855308284749682, -8.607228896145445, 0.0 ], [ -77.855306386503543, -8.607229363778618, 0.0 ], [ -77.855241252685147, -8.607244688600028, 0.0 ], [ -77.855174305000375, -8.607259992555806, 0.0 ], [ -77.855101113836312, -8.607276882357635, 0.0 ], [ -77.855029538545978, -8.607295234571664, 0.0 ], [ -77.854957355307079, -8.607316889780231, 0.0 ], [ -77.854920175641297, -8.607330246986843, 0.0 ], [ -77.854892015122218, -8.607341985071324, 0.0 ], [ -77.854860326991954, -8.607357467950994, 0.0 ], [ -77.854834189636975, -8.607372444321914, 0.0 ], [ -77.854810571862117, -8.607388583686953, 0.0 ], [ -77.854779015034865, -8.607413103684944, 0.0 ], [ -77.854717921312684, -8.607467010005447, 0.0 ], [ -77.854653216446039, -8.60752986650493, 0.0 ], [ -77.85458392839422, -8.607599154361145, 0.0 ], [ -77.854514176430953, -8.607672676508221, 0.0 ], [ -77.854511654767421, -8.607675231217897, 0.0 ], [ -77.854439175522657, -8.607745802174023, 0.0 ], [ -77.854366696264293, -8.607816374931804, 0.0 ], [ -77.854363152395592, -8.607819647343868, 0.0 ], [ -77.85428632337684, -8.607886864468719, 0.0 ], [ -77.854282353472357, -8.607890097582516, 0.0 ], [ -77.854200337200325, -8.607953040160053, 0.0 ], [ -77.854196713254126, -8.607955681655392, 0.0 ], [ -77.854153025095627, -8.607985902143492, 0.0 ], [ -77.854150352375413, -8.607987681911458, 0.0 ], [ -77.854108209580914, -8.608014681869179, 0.0 ], [ -77.854104393429225, -8.608016992322257, 0.0 ], [ -77.854012187997185, -8.608068865601988, 0.0 ], [ -77.854008273879359, -8.608070943692173, 0.0 ], [ -77.853912906138532, -8.608118627657994, 0.0 ], [ -77.853910239648485, -8.608119906867879, 0.0 ], [ -77.853815896376631, -8.60816330447423, 0.0 ], [ -77.853719622586667, -8.608210498238039, 0.0 ], [ -77.853716378681924, -8.608212009403948, 0.0 ], [ -77.853617560599275, -8.608255717563539, 0.0 ], [ -77.85352052119535, -8.608299479352747, 0.0 ], [ -77.853515778452646, -8.608301458792168, 0.0 ], [ -77.853416075878428, -8.608339802475143, 0.0 ], [ -77.853412702554706, -8.608341002910077, 0.0 ], [ -77.853309705570396, -8.608375335324329, 0.0 ], [ -77.853304867286084, -8.608376800504939, 0.0 ], [ -77.853199963741446, -8.608405410146867, 0.0 ], [ -77.853197723194853, -8.608405990534541, 0.0 ], [ -77.853089003622046, -8.608432693294423, 0.0 ], [ -77.853086361141209, -8.608433301058774, 0.0 ], [ -77.852980331358253, -8.608456022195654, 0.0 ], [ -77.852874419928938, -8.608480608955894, 0.0 ], [ -77.852771277414462, -8.608504988121833, 0.0 ], [ -77.852679584073343, -8.608530158619798, 0.0 ], [ -77.852593509481281, -8.608562437294543, 0.0 ], [ -77.852512213672966, -8.608596456664811, 0.0 ], [ -77.852437979394509, -8.608625759093036, 0.0 ], [ -77.852432325998791, -8.608627718178182, 0.0 ], [ -77.85239194053311, -8.608640200070511, 0.0 ], [ -77.85238447527999, -8.608642164472865, 0.0 ], [ -77.852354287976425, -8.608648756962337, 0.0 ], [ -77.852351261508304, -8.608649364862291, 0.0 ], [ -77.852344649299823, -8.608650326426593, 0.0 ], [ -77.852310265682604, -8.608654049081656, 0.0 ], [ -77.852300915134819, -8.608654577438484, 0.0 ], [ -77.852268332551887, -8.608654670210457, 0.0 ], [ -77.852257694566788, -8.608654077905785, 0.0 ], [ -77.852224532711674, -8.608650278392354, 0.0 ], [ -77.852219818247875, -8.608649613210263, 0.0 ], [ -77.852214680865885, -8.608648597917998, 0.0 ], [ -77.852181085332916, -8.608640952920888, 0.0 ], [ -77.852170826174429, -8.608637976306785, 0.0 ], [ -77.852142729453888, -8.608627973142765, 0.0 ], [ -77.852135326795619, -8.608624965388554, 0.0 ], [ -77.852094676378115, -8.608606329869472, 0.0 ], [ -77.852090125297991, -8.608604087855374, 0.0 ], [ -77.852021573104366, -8.608567906606959, 0.0 ], [ -77.851946147152773, -8.608528308912062, 0.0 ], [ -77.851877020498819, -8.608493356971236, 0.0 ], [ -77.851867211843825, -8.608488838427322, 0.0 ], [ -77.851862751361168, -8.608486572247591, 0.0 ], [ -77.851815765761756, -8.608463706768836, 0.0 ], [ -77.851788941172103, -8.608452173623762, 0.0 ], [ -77.851753539272494, -8.608440054546239, 0.0 ], [ -77.851705850608127, -8.608426820534737, 0.0 ], [ -77.851664854171801, -8.608417368390629, 0.0 ], [ -77.851612144552746, -8.608407390619096, 0.0 ], [ -77.851508746508074, -8.608392350185403, 0.0 ], [ -77.851396902504533, -8.608374990892422, 0.0 ], [ -77.851283904038581, -8.608355842261529, 0.0 ], [ -77.851280356896041, -8.608355168405176, 0.0 ], [ -77.851171311350754, -8.608332210368962, 0.0 ], [ -77.851066082053336, -8.60830925289542, 0.0 ], [ -77.851063797789905, -8.608308724157714, 0.0 ], [ -77.850963740864998, -8.608284181569847, 0.0 ], [ -77.850872800999824, -8.608264174402432, 0.0 ], [ -77.850785504156633, -8.608251703881125, 0.0 ], [ -77.85069569880325, -8.608244519068165, 0.0 ], [ -77.850601207553268, -8.608242665928005, 0.0 ], [ -77.85050016638337, -8.608240760161159, 0.0 ], [ -77.850398019650768, -8.608238867988158, 0.0 ], [ -77.850295048252761, -8.608238861083716, 0.0 ], [ -77.850190130042932, -8.608236961403421, 0.0 ], [ -77.850087097789995, -8.608236952183853, 0.0 ], [ -77.8499870396208, -8.60823503718307, 0.0 ], [ -77.849985072963847, -8.608234978588317, 0.0 ], [ -77.849891613627292, -8.608231163451515, 0.0 ], [ -77.849885636320522, -8.608230721720862, 0.0 ], [ -77.849837789677267, -8.608225605233006, 0.0 ], [ -77.849832502893577, -8.608224882827876, 0.0 ], [ -77.849794462775776, -8.608218546227958, 0.0 ], [ -77.849787800412898, -8.608217175406189, 0.0 ], [ -77.849751412169525, -8.608208258037385, 0.0 ], [ -77.849746423699713, -8.608206883836667, 0.0 ], [ -77.8497007956163, -8.6081929133088, 0.0 ], [ -77.849696387346697, -8.60819143632868, 0.0 ], [ -77.849613682952537, -8.608160668179908, 0.0 ], [ -77.849610278749239, -8.608159322885019, 0.0 ], [ -77.849531128724891, -8.608126191127013, 0.0 ], [ -77.849447397362624, -8.608097686468918, 0.0 ], [ -77.849357650903116, -8.608073877359713, 0.0 ], [ -77.849259051982727, -8.608049226791886, 0.0 ], [ -77.849255897497201, -8.608048377444092, 0.0 ], [ -77.84915671611374, -8.608019766813797, 0.0 ], [ -77.849152167400888, -8.60801832429504, 0.0 ], [ -77.849052689168474, -8.607983889466869, 0.0 ], [ -77.849047748573639, -8.607981998125418, 0.0 ], [ -77.848934832716523, -8.607934949490405, 0.0 ], [ -77.848828883315861, -8.607895212313705, 0.0 ], [ -77.848721411221248, -8.607852997374486, 0.0 ], [ -77.848719025566339, -8.607852020356278, 0.0 ], [ -77.84861725758789, -8.60780867443777, 0.0 ], [ -77.848521710031818, -8.607771205418713, 0.0 ], [ -77.848437064983614, -8.607739228064142, 0.0 ], [ -77.848369011168202, -8.607714652584416, 0.0 ], [ -77.848366758106422, -8.607713804678012, 0.0 ], [ -77.848323913256323, -8.607697038818122, 0.0 ], [ -77.848305549147724, -8.607690361977943, 0.0 ], [ -77.848252895233443, -8.60767338512103, 0.0 ], [ -77.848107249081124, -8.607633365487587, 0.0 ], [ -77.848102058357682, -8.607631771413885, 0.0 ], [ -77.848061665340481, -8.607618031986544, 0.0 ], [ -77.848056622891733, -8.60761611518385, 0.0 ], [ -77.848022436589758, -8.607601934043702, 0.0 ], [ -77.848014706063083, -8.607598293494785, 0.0 ], [ -77.847977582954712, -8.60757862665958, 0.0 ], [ -77.847975435472136, -8.607577451821221, 0.0 ], [ -77.847967627061024, -8.607572500937076, 0.0 ], [ -77.847936390694272, -8.6075503918048, 0.0 ], [ -77.847931170275572, -8.607546405603088, 0.0 ], [ -77.847925879081316, -8.607541695355959, 0.0 ], [ -77.84789995355996, -8.60751672989678, 0.0 ], [ -77.84789397388019, -8.607510388596133, 0.0 ], [ -77.847890098621747, -8.607505533241506, 0.0 ], [ -77.84786923336037, -8.607477463057135, 0.0 ], [ -77.847864273266566, -8.60747005173911, 0.0 ], [ -77.847859659680736, -8.607462363203458, 0.0 ], [ -77.847853216679752, -8.607452697011551, 0.0 ], [ -77.847850585487038, -8.607448505510778, 0.0 ], [ -77.847845364097893, -8.607438200559431, 0.0 ], [ -77.847840690138909, -8.607427295272153, 0.0 ], [ -77.847839116123609, -8.607424146654354, 0.0 ], [ -77.847829581655773, -8.607410526365671, 0.0 ], [ -77.847825789432832, -8.607404635940041, 0.0 ], [ -77.847821047386802, -8.60739542874617, 0.0 ], [ -77.847813418118903, -8.60737826273918, 0.0 ], [ -77.847811367181038, -8.607373247505826, 0.0 ], [ -77.847808829257929, -8.607365384581, 0.0 ], [ -77.847803106806978, -8.607344403614828, 0.0 ], [ -77.847801435341651, -8.607337086279896, 0.0 ], [ -77.847799937553674, -8.607321071012731, 0.0 ], [ -77.847799937459683, -8.607295938738318, 0.0 ], [ -77.847800726386708, -8.60728405699377, 0.0 ], [ -77.847804541028509, -8.607255447067592, 0.0 ], [ -77.847805015893286, -8.607252305854344, 0.0 ], [ -77.847806788620403, -8.607244157118645, 0.0 ], [ -77.847814417684177, -8.607215546936528, 0.0 ], [ -77.847816626778922, -8.607208454718787, 0.0 ], [ -77.847820886680097, -8.607198472515828, 0.0 ], [ -77.847838052572328, -8.607164140567503, 0.0 ], [ -77.847840372128161, -8.607159801258168, 0.0 ], [ -77.84784138495705, -8.607158070867367, 0.0 ], [ -77.847864272989298, -8.607119923697965, 0.0 ], [ -77.847867095818714, -8.607115512900574, 0.0 ], [ -77.847895706896225, -8.607073550503047, 0.0 ], [ -77.84789807679735, -8.607070238047484, 0.0 ], [ -77.847931155290397, -8.607026133886817, 0.0 ], [ -77.847961507409678, -8.606981497013789, 0.0 ], [ -77.847993310699763, -8.606930990491264, 0.0 ], [ -77.8480278709999, -8.606877226465661, 0.0 ], [ -77.848029981676234, -8.606874088490455, 0.0 ], [ -77.848066406082154, -8.606822329870509, 0.0 ], [ -77.848104737053632, -8.606768666194464, 0.0 ], [ -77.848106276407393, -8.606766575038003, 0.0 ], [ -77.848148236965258, -8.60671126096029, 0.0 ], [ -77.84818976696225, -8.606656517440985, 0.0 ], [ -77.848231047530575, -8.606600225443124, 0.0 ], [ -77.848275189282518, -8.606538827607059, 0.0 ], [ -77.848320000464668, -8.606479063673984, 0.0 ], [ -77.848360575073855, -8.606418202721191, 0.0 ], [ -77.848362680256656, -8.606415180428513, 0.0 ], [ -77.848408218084671, -8.606352566134808, 0.0 ], [ -77.848455485771908, -8.606286390256916, 0.0 ], [ -77.848504088195341, -8.606217226705379, 0.0 ], [ -77.848551003327884, -8.606145912789996, 0.0 ], [ -77.848552670731323, -8.606143465627248, 0.0 ], [ -77.848596044976432, -8.606082020170323, 0.0 ], [ -77.848628684219747, -8.606025331443426, 0.0 ], [ -77.848643164002567, -8.605995739042259, 0.0 ], [ -77.848652211338688, -8.605973736153654, 0.0 ], [ -77.848659952331559, -8.605949660486665, 0.0 ], [ -77.848665577034652, -8.605926272672123, 0.0 ], [ -77.84866913521833, -8.605903066407389, 0.0 ], [ -77.848671700629993, -8.605871894526276, 0.0 ], [ -77.848672530835799, -8.605842600231444, 0.0 ], [ -77.848671720748314, -8.605812217686326, 0.0 ], [ -77.848664617339907, -8.605744729979726, 0.0 ], [ -77.848653484995424, -8.605664946317432, 0.0 ], [ -77.848640239200023, -8.605579797347659, 0.0 ], [ -77.84863967500398, -8.605575486636386, 0.0 ], [ -77.848630109845345, -8.605485560032855, 0.0 ], [ -77.848620527838264, -8.605389739423821, 0.0 ], [ -77.848610973888526, -8.605290387006347, 0.0 ], [ -77.848610704238709, -8.605286861923316, 0.0 ], [ -77.848604941519795, -8.605184895727861, 0.0 ], [ -77.848601114912157, -8.605081817489092, 0.0 ], [ -77.848595478087503, -8.6049784753023, 0.0 ], [ -77.848587909592197, -8.60487440840226, 0.0 ], [ -77.848580410972872, -8.604771307677522, 0.0 ], [ -77.848569169064376, -8.604672007507098, 0.0 ], [ -77.84855783285164, -8.604571869628217, 0.0 ], [ -77.848544614868175, -8.604473672754832, 0.0 ], [ -77.848531384097541, -8.60437728378316, 0.0 ], [ -77.848516239827305, -8.60427883646374, 0.0 ], [ -77.848515744343501, -8.604275094417492, 0.0 ], [ -77.84850429966464, -8.604172097901218, 0.0 ], [ -77.848492763881495, -8.604068205831524, 0.0 ], [ -77.848483137385756, -8.603962406879271, 0.0 ], [ -77.848473601103009, -8.60385750167508, 0.0 ], [ -77.848464064855193, -8.603752599178652, 0.0 ], [ -77.848454533701101, -8.603647768918421, 0.0 ], [ -77.848445088969356, -8.603545753176265, 0.0 ], [ -77.848433655081479, -8.60344467097965, 0.0 ], [ -77.848423959951319, -8.603340000031336, 0.0 ], [ -77.848416265738038, -8.603238149294993, 0.0 ], [ -77.848416074353722, -8.603234770893632, 0.0 ], [ -77.848412261044245, -8.603133681025035, 0.0 ], [ -77.84841219987554, -8.603130963890372, 0.0 ], [ -77.848412213694473, -8.603128563312357, 0.0 ], [ -77.848414120804094, -8.603029381623848, 0.0 ], [ -77.84841455065029, -8.603022162557487, 0.0 ], [ -77.848424086912715, -8.602926795653335, 0.0 ], [ -77.84842462210284, -8.602922495768022, 0.0 ], [ -77.84843811508226, -8.602831960134598, 0.0 ], [ -77.848438738859031, -8.602828460052832, 0.0 ], [ -77.848455904389226, -8.602742629505087, 0.0 ], [ -77.848457378405428, -8.602736415475499, 0.0 ], [ -77.848478359728631, -8.602660121524552, 0.0 ], [ -77.848480110385665, -8.602654484559453, 0.0 ], [ -77.848494172504175, -8.602613958084779, 0.0 ], [ -77.848496082577682, -8.602609002949595, 0.0 ], [ -77.84850886035133, -8.60257856852831, 0.0 ], [ -77.848512040403548, -8.602571797079138, 0.0 ], [ -77.848529369509095, -8.602538552631986, 0.0 ], [ -77.848530996576727, -8.60253556821803, 0.0 ], [ -77.848532735778093, -8.602532648022095, 0.0 ], [ -77.848553554084432, -8.602499134699753, 0.0 ], [ -77.848557208904467, -8.602493700458485, 0.0 ], [ -77.848579101878542, -8.602463571642534, 0.0 ], [ -77.848582755870353, -8.602458876432161, 0.0 ], [ -77.848608615634973, -8.602427887054489, 0.0 ], [ -77.848614107977866, -8.602421877253525, 0.0 ], [ -77.848667513758059, -8.602368471521318, 0.0 ], [ -77.848670023782589, -8.602366056066323, 0.0 ], [ -77.848721522496731, -8.602318373379097, 0.0 ], [ -77.848724486632662, -8.60231574676574, 0.0 ], [ -77.848728322468446, -8.602312669195994, 0.0 ], [ -77.848784226021451, -8.602270265275628, 0.0 ], [ -77.848842038570638, -8.602227862567721, 0.0 ], [ -77.84884536713416, -8.602225535007548, 0.0 ], [ -77.848908582730644, -8.602183392214224, 0.0 ], [ -77.848968506989607, -8.60214406546795, 0.0 ], [ -77.849025331958316, -8.602103738968344, 0.0 ], [ -77.849055855752042, -8.602080890371727, 0.0 ], [ -77.849070785134501, -8.602068215447153, 0.0 ], [ -77.849089654184965, -8.602049476269563, 0.0 ], [ -77.849099714636282, -8.602037076831344, 0.0 ], [ -77.84910903190908, -8.602021557855382, 0.0 ], [ -77.849117877252965, -8.602001683215535, 0.0 ], [ -77.849123450737721, -8.601983949605799, 0.0 ], [ -77.849128675323129, -8.601959254766124, 0.0 ], [ -77.849132179279408, -8.601932558877509, 0.0 ], [ -77.84913305954278, -8.601909100525974, 0.0 ], [ -77.849131761922024, -8.601890349940239, 0.0 ], [ -77.849126782488824, -8.601855945399349, 0.0 ], [ -77.849123681237288, -8.601839995327758, 0.0 ], [ -77.849114075413794, -8.60179059521802, 0.0 ], [ -77.849099224070955, -8.601723765705565, 0.0 ], [ -77.849082190543697, -8.601651843330455, 0.0 ], [ -77.8490816993381, -8.601649643447692, 0.0 ], [ -77.849066258875538, -8.601576258322462, 0.0 ], [ -77.849052664767214, -8.601504448690449, 0.0 ], [ -77.84904192082962, -8.601445361146446, 0.0 ], [ -77.849034770702886, -8.601419899698506, 0.0 ], [ -77.84902805795852, -8.601402064670502, 0.0 ], [ -77.849017835412852, -8.60138162117325, 0.0 ], [ -77.849008359005524, -8.601367242448829, 0.0 ], [ -77.848996180744521, -8.60135329661661, 0.0 ], [ -77.848985047104989, -8.601343694075226, 0.0 ], [ -77.848973046081653, -8.601336333101406, 0.0 ], [ -77.848956323176637, -8.601329002587708, 0.0 ], [ -77.848941085364373, -8.601324587356592, 0.0 ], [ -77.84891757627318, -8.601320432154097, 0.0 ], [ -77.848859847232447, -8.601316933370953, 0.0 ], [ -77.848852096309244, -8.601316129793897, 0.0 ], [ -77.848786332844497, -8.601306448554876, 0.0 ], [ -77.848780199461217, -8.601305271613615, 0.0 ], [ -77.848713442066042, -8.601290013478694, 0.0 ], [ -77.848709356725678, -8.601288979470683, 0.0 ], [ -77.848640967381655, -8.601269982271003, 0.0 ], [ -77.848571589531517, -8.601251231793503, 0.0 ], [ -77.848496275323541, -8.601232402398303, 0.0 ], [ -77.848418422776547, -8.601213414708281, 0.0 ], [ -77.848413644624713, -8.601212111177803, 0.0 ], [ -77.848331628383164, -8.601187315284085, 0.0 ], [ -77.84832760081072, -8.601185994448745, 0.0 ], [ -77.848325161295392, -8.601185091896308, 0.0 ], [ -77.848241238030624, -8.601152666885287, 0.0 ], [ -77.848234838653369, -8.60114990814966, 0.0 ], [ -77.848150915554712, -8.601109854349987, 0.0 ], [ -77.84814719424233, -8.601107972909956, 0.0 ], [ -77.848065177958858, -8.601064104135222, 0.0 ], [ -77.848063149853559, -8.601062985319071, 0.0 ], [ -77.847982842285703, -8.601017094586149, 0.0 ], [ -77.847978789874304, -8.601014636481777, 0.0 ], [ -77.847898680052651, -8.600963138329245, 0.0 ], [ -77.847821321232161, -8.600913407718989, 0.0 ], [ -77.847742399303215, -8.600870358860634, 0.0 ], [ -77.847659688227196, -8.600830802780697, 0.0 ], [ -77.847573394680936, -8.600796644235109, 0.0 ], [ -77.847485301502999, -8.600767279164364, 0.0 ], [ -77.84739317118057, -8.600739075984384, 0.0 ], [ -77.847298031874118, -8.60071053457448, 0.0 ], [ -77.847294884448473, -8.600709527936251, 0.0 ], [ -77.847198984004422, -8.600676917552232, 0.0 ], [ -77.84719531561656, -8.60067555790495, 0.0 ], [ -77.847103762499188, -8.600639317755014, 0.0 ], [ -77.847099289363157, -8.600637407535558, 0.0 ], [ -77.847049751516977, -8.600614666565766, 0.0 ], [ -77.847045132190431, -8.600612386107796, 0.0 ], [ -77.847008838388717, -8.600593166336541, 0.0 ], [ -77.847006676369944, -8.600591983455477, 0.0 ], [ -77.847003031868311, -8.600589811423438, 0.0 ], [ -77.846965410668417, -8.600566181772187, 0.0 ], [ -77.846960618145872, -8.600562953967517, 0.0 ], [ -77.846921946772497, -8.600535084039894, 0.0 ], [ -77.846917747092405, -8.600531867205147, 0.0 ], [ -77.846880965815544, -8.600501953219004, 0.0 ], [ -77.846876970327301, -8.600498486422223, 0.0 ], [ -77.846842982878613, -8.600467205604412, 0.0 ], [ -77.846838622646871, -8.600462911231768, 0.0 ], [ -77.846811627906433, -8.600434466998186, 0.0 ], [ -77.846808644877811, -8.600431164363163, 0.0 ], [ -77.846770725443179, -8.60038705466914, 0.0 ], [ -77.846768918206479, -8.600384879877403, 0.0 ], [ -77.846705644450694, -8.600306263352612, 0.0 ], [ -77.846642055685649, -8.6002253317785, 0.0 ], [ -77.846579179377144, -8.600143407436311, 0.0 ], [ -77.846514665277837, -8.600061815017984, 0.0 ], [ -77.846451958235178, -8.599982005276059, 0.0 ], [ -77.846389559686074, -8.599904481684099, 0.0 ], [ -77.846330851832363, -8.599832516827012, 0.0 ], [ -77.846276899116845, -8.599767402000298, 0.0 ], [ -77.846228121335841, -8.599713204167085, 0.0 ], [ -77.846204095721475, -8.599688984128822, 0.0 ], [ -77.846188644267386, -8.599675159045006, 0.0 ], [ -77.846170038109108, -8.599661052837369, 0.0 ], [ -77.846148494246975, -8.599646915060326, 0.0 ], [ -77.846103115033685, -8.599622604554689, 0.0 ], [ -77.846050602025954, -8.599601600164517, 0.0 ], [ -77.845996663223517, -8.599580024488739, 0.0 ], [ -77.845940255794247, -8.599562397097925, 0.0 ], [ -77.845882368809569, -8.59954611595017, 0.0 ], [ -77.845818515439234, -8.599531081430364, 0.0 ], [ -77.845750307104964, -8.599513548536363, 0.0 ], [ -77.84567919503462, -8.599494333191542, 0.0 ], [ -77.845673474965906, -8.599492583953589, 0.0 ], [ -77.845600543588517, -8.599467630651457, 0.0 ], [ -77.845598498367167, -8.599466892298617, 0.0 ], [ -77.845522204626434, -8.599438282268849, 0.0 ], [ -77.845519302179525, -8.599437137377203, 0.0 ], [ -77.845440957963916, -8.599404653117874, 0.0 ], [ -77.845359142069071, -8.599370404770958, 0.0 ], [ -77.845279723965533, -8.599337914861149, 0.0 ], [ -77.845195262701012, -8.599312755830328, 0.0 ], [ -77.845109314015161, -8.599288983741642, 0.0 ], [ -77.845019939786397, -8.59927035684998, 0.0 ], [ -77.844925793920041, -8.599249228317944, 0.0 ], [ -77.844921930672058, -8.59924827212093, 0.0 ], [ -77.844830377188458, -8.599223476234107, 0.0 ], [ -77.844828185778368, -8.599222853696288, 0.0 ], [ -77.844738539765544, -8.599196150936752, 0.0 ], [ -77.844736303311961, -8.599195452841062, 0.0 ], [ -77.844648565672387, -8.599166842299734, 0.0 ], [ -77.844646046585311, -8.599165979153941, 0.0 ], [ -77.8445632085878, -8.599135857917059, 0.0 ], [ -77.844485465371889, -8.599110546030758, 0.0 ], [ -77.844409393439733, -8.599091087007977, 0.0 ], [ -77.8443286368678, -8.599076403041202, 0.0 ], [ -77.84424506700978, -8.599061208622828, 0.0 ], [ -77.844157662777619, -8.599046007297655, 0.0 ], [ -77.844150732841825, -8.599044521752187, 0.0 ], [ -77.844060448714359, -8.599021466260977, 0.0 ], [ -77.84396825588702, -8.598996503202615, 0.0 ], [ -77.843964372163569, -8.598995357419769, 0.0 ], [ -77.843874727395999, -8.598966746311358, 0.0 ], [ -77.843872023690679, -8.598965836641048, 0.0 ], [ -77.843780460513955, -8.598933408126507, 0.0 ], [ -77.843777347311317, -8.598932241286803, 0.0 ], [ -77.843685345883515, -8.598895822703586, 0.0 ], [ -77.843592464637808, -8.5988579144708, 0.0 ], [ -77.843497398086967, -8.598821781393086, 0.0 ], [ -77.84340086795045, -8.598783173692345, 0.0 ], [ -77.843302470840101, -8.598742652684704, 0.0 ], [ -77.843203814367627, -8.598700095361831, 0.0 ], [ -77.843105187150982, -8.598655617039553, 0.0 ], [ -77.843007245126174, -8.598609533597571, 0.0 ], [ -77.843004608458799, -8.598608240358223, 0.0 ], [ -77.842914288463049, -8.598562111400737, 0.0 ], [ -77.842865045721382, -8.598535922657854, 0.0 ], [ -77.842823970609871, -8.598514077006653, 0.0 ], [ -77.842821666362681, -8.598512808413036, 0.0 ], [ -77.842732441024779, -8.598461552317481, 0.0 ], [ -77.842639265448838, -8.598410208834643, 0.0 ], [ -77.842635820000226, -8.598408187959961, 0.0 ], [ -77.842546197818805, -8.598352889052443, 0.0 ], [ -77.842452983196253, -8.598295817872128, 0.0 ], [ -77.842358956960538, -8.598238244912789, 0.0 ], [ -77.84226524844992, -8.598178966555292, 0.0 ], [ -77.842174213791168, -8.598122069805061, 0.0 ], [ -77.842086972770346, -8.598068965726149, 0.0 ], [ -77.842085083103811, -8.598067783506288, 0.0 ], [ -77.842005024600866, -8.598016316714315, 0.0 ], [ -77.841930687050947, -8.597968666311818, 0.0 ], [ -77.84192881060325, -8.597967430689193, 0.0 ], [ -77.841863961795752, -8.597923561622759, 0.0 ], [ -77.841859962674562, -8.597920694673492, 0.0 ], [ -77.841804648542904, -8.597878732836943, 0.0 ], [ -77.84180184433626, -8.597876517489205, 0.0 ], [ -77.841800116008812, -8.597875059424295, 0.0 ], [ -77.841771759330683, -8.597850521331228, 0.0 ], [ -77.841766970426193, -8.59784606560947, 0.0 ], [ -77.841747644706672, -8.597826734298556, 0.0 ], [ -77.841742411653357, -8.597821026049287, 0.0 ], [ -77.841723204180369, -8.597797830673924, 0.0 ], [ -77.841718744321497, -8.597791973063485, 0.0 ], [ -77.841701232247999, -8.597766914880882, 0.0 ], [ -77.841697478779381, -8.597761079156522, 0.0 ], [ -77.84169565361465, -8.597757833861399, 0.0 ], [ -77.841667043602456, -8.597704429411987, 0.0 ], [ -77.841664815499527, -8.597699980071727, 0.0 ], [ -77.841638373415662, -8.597643317996171, 0.0 ], [ -77.841610547074779, -8.59758580966057, 0.0 ], [ -77.841580054861339, -8.597526618892017, 0.0 ], [ -77.841544697127347, -8.59746827806663, 0.0 ], [ -77.841503930344857, -8.597408014867455, 0.0 ], [ -77.841458334964329, -8.597350144441936, 0.0 ], [ -77.841404261962438, -8.597290663404468, 0.0 ], [ -77.841344254385419, -8.597228779610301, 0.0 ], [ -77.841279016096635, -8.597161618472239, 0.0 ], [ -77.841212691978853, -8.597091509215335, 0.0 ], [ -77.841149257974209, -8.597028075037997, 0.0 ], [ -77.841085354311531, -8.596966051900306, 0.0 ], [ -77.841023261081745, -8.596907610242353, 0.0 ], [ -77.840993153206639, -8.596882912420845, 0.0 ], [ -77.84096042313557, -8.596858373088274, 0.0 ], [ -77.84089277220157, -8.596813866730118, 0.0 ], [ -77.840826864403056, -8.596776458614343, 0.0 ], [ -77.840756995495809, -8.596741523583358, 0.0 ], [ -77.840686848515674, -8.596707399184524, 0.0 ], [ -77.840684115858195, -8.59670601267128, 0.0 ], [ -77.84064801328897, -8.59668691985744, 0.0 ], [ -77.840645804830245, -8.596685712876404, 0.0 ], [ -77.8406419825412, -8.596683428236698, 0.0 ], [ -77.840620865275611, -8.596670095475666, 0.0 ], [ -77.840613051050852, -8.596664565263469, 0.0 ], [ -77.840591182642257, -8.596647275471675, 0.0 ], [ -77.840586043295616, -8.596642808760819, 0.0 ], [ -77.840565253988828, -8.596623298428526, 0.0 ], [ -77.840559074494436, -8.596616899667683, 0.0 ], [ -77.8405320476855, -8.596586007516768, 0.0 ], [ -77.840526668142175, -8.596579152023695, 0.0 ], [ -77.840506136210038, -8.596550204054395, 0.0 ], [ -77.840502020377457, -8.596543853300924, 0.0 ], [ -77.840500348028101, -8.596540891456623, 0.0 ], [ -77.840482834857056, -8.596508479020439, 0.0 ], [ -77.840478603199813, -8.596499497343583, 0.0 ], [ -77.840475373094847, -8.596491531893395, 0.0 ], [ -77.840463923886318, -8.596463292043328, 0.0 ], [ -77.840463036383113, -8.596461013745019, 0.0 ], [ -77.840461076646065, -8.596455177406241, 0.0 ], [ -77.840448947290753, -8.596414478446473, 0.0 ], [ -77.840447353923835, -8.596408350296077, 0.0 ], [ -77.840439552453333, -8.596373344613143, 0.0 ], [ -77.840438795322285, -8.596369558381674, 0.0 ], [ -77.840431883273439, -8.596329291611681, 0.0 ], [ -77.840431264713644, -8.596325097800475, 0.0 ], [ -77.840412541141887, -8.596173366241853, 0.0 ], [ -77.840402779208645, -8.596114028594393, 0.0 ], [ -77.840399525358805, -8.596097758715846, 0.0 ], [ -77.840394281750747, -8.596075033848736, 0.0 ], [ -77.84038698762393, -8.596045861668916, 0.0 ], [ -77.840377593331468, -8.596010157617178, 0.0 ], [ -77.840377078773273, -8.596008104237344, 0.0 ], [ -77.840367653771139, -8.595968521858895, 0.0 ], [ -77.840358476213069, -8.59593181336548, 0.0 ], [ -77.840347783160325, -8.595892604438584, 0.0 ], [ -77.840336392950562, -8.595856804892335, 0.0 ], [ -77.840320141836472, -8.595819428545491, 0.0 ], [ -77.840310143429249, -8.595799497933211, 0.0 ], [ -77.840305101454362, -8.595791284750973, 0.0 ], [ -77.840298057395074, -8.595782515358328, 0.0 ], [ -77.840283703023076, -8.595767740413903, 0.0 ], [ -77.840268565542715, -8.595753854831859, 0.0 ], [ -77.840256893361371, -8.59574478079762, 0.0 ], [ -77.840245898753537, -8.59573795318401, 0.0 ], [ -77.840220409809447, -8.59572461198783, 0.0 ], [ -77.840175503389858, -8.595702990232564, 0.0 ], [ -77.84012297892555, -8.595685473998222, 0.0 ], [ -77.840117087253105, -8.595683223593518, 0.0 ], [ -77.840066899729138, -8.5956619850142, 0.0 ], [ -77.840018620278911, -8.595640745897587, 0.0 ], [ -77.840010522055096, -8.595636690398971, 0.0 ], [ -77.840007358236718, -8.595634817384109, 0.0 ], [ -77.839986487335452, -8.595621888397574, 0.0 ], [ -77.839980129089042, -8.595617567089111, 0.0 ], [ -77.839959037984073, -8.595601885979335, 0.0 ], [ -77.839955531818944, -8.595599142747794, 0.0 ], [ -77.839950687967047, -8.59559485905012, 0.0 ], [ -77.83994510579133, -8.595589556277048, 0.0 ], [ -77.839912540649777, -8.595558619082798, 0.0 ], [ -77.839906158210496, -8.595551902878407, 0.0 ], [ -77.839871803892308, -8.595511823216789, 0.0 ], [ -77.839867763855594, -8.59550674847914, 0.0 ], [ -77.839835339314462, -8.59546287901181, 0.0 ], [ -77.839833347712357, -8.595460074008772, 0.0 ], [ -77.839804736291455, -8.595418112514567, 0.0 ], [ -77.839776094567199, -8.595376103356365, 0.0 ], [ -77.839743638579705, -8.595328374524264, 0.0 ], [ -77.839742351420441, -8.595326427126961, 0.0 ], [ -77.839708823102356, -8.595274271115201, 0.0 ], [ -77.839673206266994, -8.595222627410456, 0.0 ], [ -77.83963285675749, -8.595171752227696, 0.0 ], [ -77.839586926790417, -8.59512031108475, 0.0 ], [ -77.839538619477452, -8.595066190642886, 0.0 ], [ -77.839535847007298, -8.595062869197942, 0.0 ], [ -77.839491978756499, -8.59500755595168, 0.0 ], [ -77.839488432872898, -8.595002769378622, 0.0 ], [ -77.839466872169012, -8.594971562107668, 0.0 ], [ -77.839464421538452, -8.594967819985204, 0.0 ], [ -77.83944592656897, -8.594937992264654, 0.0 ], [ -77.83944489998872, -8.594936295911907, 0.0 ], [ -77.839442399001342, -8.594931764536256, 0.0 ], [ -77.839409974130774, -8.594868822049568, 0.0 ], [ -77.839407954128205, -8.594864640378049, 0.0 ], [ -77.839381251937141, -8.594805512539885, 0.0 ], [ -77.839379926324028, -8.594802423449798, 0.0 ], [ -77.839360251784598, -8.59475413226882, 0.0 ], [ -77.839341567222945, -8.594716761136992, 0.0 ], [ -77.83933301939588, -8.594704133284855, 0.0 ], [ -77.839325953894573, -8.594695769672459, 0.0 ], [ -77.839316672135894, -8.594687343808053, 0.0 ], [ -77.839307811448236, -8.594681095790834, 0.0 ], [ -77.839270043990823, -8.59466378492399, 0.0 ], [ -77.839034551317056, -8.594558660706911, 0.0 ], [ -77.839032129265476, -8.594557536597915, 0.0 ], [ -77.838930736540846, -8.594508656464107, 0.0 ], [ -77.838927191076039, -8.59450685039628, 0.0 ], [ -77.838875815355394, -8.594479250954567, 0.0 ], [ -77.838873320473283, -8.594477854536233, 0.0 ], [ -77.838826800700389, -8.594450314133136, 0.0 ], [ -77.838822960295744, -8.594447908534354, 0.0 ], [ -77.838782261857602, -8.59442097658367, 0.0 ], [ -77.83877788171867, -8.594417889238134, 0.0 ], [ -77.838743161901164, -8.594391842848207, 0.0 ], [ -77.838383889477726, -8.595508992237335, 0.0 ], [ -77.838407333896527, -8.597621511740956, 0.0 ], [ -77.838732738874896, -8.599225631593233, 0.0 ], [ -77.838852680317956, -8.600237923474111, 0.0 ], [ -77.839111743418556, -8.600809275145966, 0.0 ], [ -77.839334344326247, -8.601464607490753, 0.0 ], [ -77.839608607463546, -8.601882558723124, 0.0 ], [ -77.840217087433786, -8.602722302300343, 0.0 ], [ -77.840319449631977, -8.603288316189685, 0.0 ], [ -77.840186300242749, -8.603801406793249, 0.0 ], [ -77.840068305588332, -8.60447307457701, 0.0 ], [ -77.83987766524784, -8.605007690301509, 0.0 ], [ -77.839634720055457, -8.605557527272893, 0.0 ], [ -77.839400288354909, -8.606025323254064, 0.0 ], [ -77.839228124094419, -8.606562923233044, 0.0 ], [ -77.83915810946732, -8.607034958099556, 0.0 ], [ -77.839159177025309, -8.607045794446689, 0.0 ], [ -77.839153947193466, -8.607614700415745, 0.0 ], [ -77.83915647524951, -8.608158628921226, 0.0 ], [ -77.839144596644516, -8.608450311162875, 0.0 ] ] ] ] } },
{ "type": "Feature", "properties": { "Coord_X": null, "Coord_Y": null, "Departamen": null, "Provincia": null, "Distrito": null, "Perim_km": null, "Area_SIG": null, "AreaL_Ha": null, "Dpto": null, "Provincia_2": null, "Distrito_2": null, "Nombre": null, "Perim_km_2": null, "Coord_X_2": null, "Coord_Y_2": null, "AreaL_Ha_2": null, "Area_SIG_2": null, "OBJECTID": 1, "Area": 4284.3094813899997, "Descrip": "Huasta-Pacllon-Mangas", "Perim_Km_3": 31.8554218574, "Shape_Leng": 31855.421857400001, "Shape_Area": 42843094.813900001 }, "geometry": { "type": "MultiPolygon", "coordinates": [ [ [ [ -77.020428119476861, -10.272822268415633, 0.0 ], [ -77.019842733791137, -10.273214062691773, 0.0 ], [ -77.018907098693504, -10.273996186574932, 0.0 ], [ -77.017546273406651, -10.275712513944827, 0.0 ], [ -77.015680875864973, -10.278208276383019, 0.0 ], [ -77.013482080865757, -10.28066728726251, 0.0 ], [ -77.012591743130614, -10.282419495377606, 0.0 ], [ -77.011741570731232, -10.284326712621501, 0.0 ], [ -77.011157380519236, -10.284912565712281, 0.0 ], [ -77.009594352149222, -10.285244689087422, 0.0 ], [ -77.008529292954478, -10.286075174369319, 0.0 ], [ -77.008252013319805, -10.286751160743629, 0.0 ], [ -77.008275285067725, -10.287227497854136, 0.0 ], [ -77.008200717783055, -10.287571064994061, 0.0 ], [ -77.008221849766443, -10.287867324152703, 0.0 ], [ -77.008194518248104, -10.288106396489567, 0.0 ], [ -77.008120054720649, -10.288527445958318, 0.0 ], [ -77.008026303801486, -10.288929543287191, 0.0 ], [ -77.007922877526369, -10.289331609332521, 0.0 ], [ -77.007829761245546, -10.289848408147051, 0.0 ], [ -77.007803276943207, -10.290221343727598, 0.0 ], [ -77.007781750218228, -10.29062769353407, 0.0 ], [ -77.007755023262504, -10.290962393980795, 0.0 ], [ -77.007776879240851, -10.291373354963538, 0.0 ], [ -77.007808319163672, -10.291784166989876, 0.0 ], [ -77.007916338959731, -10.292108451851588, 0.0 ], [ -77.008062421097776, -10.292346538804702, 0.0 ], [ -77.008276706924576, -10.292717980493734, 0.0 ], [ -77.008404106226578, -10.293061308738709, 0.0 ], [ -77.00842481412667, -10.293290590026146, 0.0 ], [ -77.008398542312776, -10.293711341437088, 0.0 ], [ -77.008352317090541, -10.294007927996995, 0.0 ], [ -77.008257568188796, -10.294266582679896, 0.0 ], [ -77.008124545021005, -10.294563798271103, 0.0 ], [ -77.007999725551201, -10.294886416364839, 0.0 ], [ -77.007638487187648, -10.298209977620974, 0.0 ], [ -77.00811461098661, -10.301576977906789, 0.0 ], [ -77.008757860485389, -10.30432222773333, 0.0 ], [ -77.008925034527664, -10.306829238225765, 0.0 ], [ -77.008960032582294, -10.307056648639865, 0.0 ], [ -77.009048924075216, -10.307400213610677, 0.0 ], [ -77.00918494667286, -10.307590543755779, 0.0 ], [ -77.009340077443724, -10.307742520256555, 0.0 ], [ -77.009464652822757, -10.307829579334033, 0.0 ], [ -77.011073486054656, -10.308106977341932, 0.0 ], [ -77.011481610802704, -10.308889102992728, 0.0 ], [ -77.011634826367342, -10.309583348724587, 0.0 ], [ -77.011737229729789, -10.309730123543444, 0.0 ], [ -77.011951385999083, -10.310063415098524, 0.0 ], [ -77.012098057330121, -10.31040652736419, 0.0 ], [ -77.012187012719608, -10.310759671713262, 0.0 ], [ -77.012198357155825, -10.311036829040688, 0.0 ], [ -77.012142339804626, -10.311314404960084, 0.0 ], [ -77.012081571861117, -10.311607595768196, 0.0 ], [ -77.012569985706392, -10.313820602508223, 0.0 ], [ -77.01362423605417, -10.315589227239522, 0.0 ], [ -77.014882611004381, -10.315317102235966, 0.0 ], [ -77.016004986160667, -10.315317102964585, 0.0 ], [ -77.017501486253735, -10.318003853646017, 0.0 ], [ -77.01835161123249, -10.319466227975104, 0.0 ], [ -77.018419736176753, -10.320724727953658, 0.0 ], [ -77.019065861159802, -10.321166852395946, 0.0 ], [ -77.020562361631676, -10.32147297778533, 0.0 ], [ -77.02222886187819, -10.321540977843558, 0.0 ], [ -77.023045111129576, -10.322051103834266, 0.0 ], [ -77.023793235584051, -10.325588229010279, 0.0 ], [ -77.024711612166954, -10.327526727642583, 0.0 ], [ -77.026037986131428, -10.327662852294658, 0.0 ], [ -77.028860860805494, -10.32773085384475, 0.0 ], [ -77.029753860597708, -10.329394477613022, 0.0 ], [ -77.032159862093707, -10.33085972811603, 0.0 ], [ -77.033988237030698, -10.332540978462667, 0.0 ], [ -77.035593735874571, -10.332539102987376, 0.0 ], [ -77.03714848582139, -10.333632852580589, 0.0 ], [ -77.038429737240449, -10.33406635356523, 0.0 ], [ -77.039233986081996, -10.333614602331258, 0.0 ], [ -77.040322236291871, -10.333444477331939, 0.0 ], [ -77.041546612078974, -10.334022727422058, 0.0 ], [ -77.043179111687479, -10.334396852891624, 0.0 ], [ -77.045423736584709, -10.333784603616808, 0.0 ], [ -77.04617198570763, -10.334634852872094, 0.0 ], [ -77.046591737082139, -10.336499977539129, 0.0 ], [ -77.046920236210042, -10.338103978045011, 0.0 ], [ -77.04739636091314, -10.338784102283219, 0.0 ], [ -77.048178610463438, -10.339022228820804, 0.0 ], [ -77.050185237250986, -10.33922622776562, 0.0 ], [ -77.051715611235082, -10.3399404772856, 0.0 ], [ -77.053280111791466, -10.339838478121685, 0.0 ], [ -77.05685123655249, -10.338477977685756, 0.0 ], [ -77.059469986485851, -10.336369353080068, 0.0 ], [ -77.0606943605612, -10.335281102840906, 0.0 ], [ -77.062326986271358, -10.33463485411421, 0.0 ], [ -77.064571486024775, -10.334532852473783, 0.0 ], [ -77.066884235768285, -10.334736852810572, 0.0 ], [ -77.067802485913816, -10.335349103026914, 0.0 ], [ -77.067938485820534, -10.337015603995363, 0.0 ], [ -77.070128860815785, -10.337841852238173, 0.0 ], [ -77.07161161129693, -10.338103977979962, 0.0 ], [ -77.072393986638602, -10.33943035311871, 0.0 ], [ -77.072495736988841, -10.340994852677394, 0.0 ], [ -77.072904860600886, -10.344867852503867, 0.0 ], [ -77.073906236087396, -10.347714852916418, 0.0 ], [ -77.075478486151951, -10.349910102972697, 0.0 ], [ -77.07721237382664, -10.35249301077336, 0.0 ], [ -77.077829315296185, -10.353312037592394, 0.0 ], [ -77.08038004045369, -10.35051001725307, 0.0 ], [ -77.082910040906413, -10.350140017372087, 0.0 ], [ -77.085110041154394, -10.349090016588164, 0.0 ], [ -77.087180040483588, -10.348450016854704, 0.0 ], [ -77.08916004125318, -10.348100016347397, 0.0 ], [ -77.090207734618119, -10.347323715958815, 0.0 ], [ -77.090484361055189, -10.345384727602825, 0.0 ], [ -77.091499987070435, -10.342910102390718, 0.0 ], [ -77.095540986820978, -10.336828103549044, 0.0 ], [ -77.095603487203491, -10.33322072752811, 0.0 ], [ -77.097412110541995, -10.33007222897168, 0.0 ], [ -77.097076110399144, -10.328205103930067, 0.0 ], [ -77.096262335667205, -10.326801474262048, 0.0 ], [ -77.096232503327627, -10.326813278294791, 0.0 ], [ -77.096016287860991, -10.32682868940657, 0.0 ], [ -77.095761604464698, -10.326593219149334, 0.0 ], [ -77.095340510524096, -10.326540106789507, 0.0 ], [ -77.09484662226599, -10.326428184376649, 0.0 ], [ -77.09442218027786, -10.326039738525434, 0.0 ], [ -77.094157093960121, -10.3259721467573, 0.0 ], [ -77.093741283998483, -10.325932551341326, 0.0 ], [ -77.093140169893459, -10.326098388985057, 0.0 ], [ -77.092693094969491, -10.325997456780444, 0.0 ], [ -77.092222090769567, -10.325908876812704, 0.0 ], [ -77.091864853777693, -10.325735065528251, 0.0 ], [ -77.091566962788789, -10.325486858252326, 0.0 ], [ -77.091145057737663, -10.325481549234004, 0.0 ], [ -77.090819796759021, -10.325510766847158, 0.0 ], [ -77.09060701532006, -10.325578835966876, 0.0 ], [ -77.090168334992981, -10.325461126639018, 0.0 ], [ -77.089903197255239, -10.325465373051426, 0.0 ], [ -77.089327020510041, -10.325714904522426, 0.0 ], [ -77.088784473791904, -10.325711548659344, 0.0 ], [ -77.08821574010031, -10.325492380739011, 0.0 ], [ -77.08783003694478, -10.325498581631809, 0.0 ], [ -77.087287176485873, -10.325459167852685, 0.0 ], [ -77.086959266232242, -10.325212143119151, 0.0 ], [ -77.086535649008908, -10.325038664137484, 0.0 ], [ -77.085857767893089, -10.324749168045075, 0.0 ], [ -77.084888336237768, -10.324235996422848, 0.0 ], [ -77.084682468946326, -10.324291184718783, 0.0 ], [ -77.084261143623209, -10.324214110230448, 0.0 ], [ -77.084019135680023, -10.324050299118733, 0.0 ], [ -77.083979826014726, -10.323715558421522, 0.0 ], [ -77.083925446085004, -10.323069597472404, 0.0 ], [ -77.083561387557808, -10.322716077383932, 0.0 ], [ -77.0834871950413, -10.322501750105102, 0.0 ], [ -77.083445868079494, -10.321963423120552, 0.0 ], [ -77.083318772514616, -10.321258739811338, 0.0 ], [ -77.082976626890556, -10.320677348949731, 0.0 ], [ -77.082876875726527, -10.320307663399637, 0.0 ], [ -77.082835862613308, -10.319805210679265, 0.0 ], [ -77.08255222498596, -10.319067195403976, 0.0 ], [ -77.082100930735379, -10.318391709962013, 0.0 ], [ -77.081266289252341, -10.317517897214964, 0.0 ], [ -77.080499095312533, -10.316725158617759, 0.0 ], [ -77.080255948631418, -10.316512822168109, 0.0 ], [ -77.080035099901934, -10.316119876170916, 0.0 ], [ -77.079706419038743, -10.315627225973133, 0.0 ], [ -77.079159652939197, -10.31501316734877, 0.0 ], [ -77.078518415155273, -10.314580181176535, 0.0 ], [ -77.077805079922186, -10.314136451771487, 0.0 ], [ -77.077493433283024, -10.313841685385141, 0.0 ], [ -77.07705585661607, -10.313476156375252, 0.0 ], [ -77.076135255989669, -10.313022277486631, 0.0 ], [ -77.075361549239034, -10.312794367607214, 0.0 ], [ -77.07478142309111, -10.312635428715124, 0.0 ], [ -77.074261733659327, -10.312499506651941, 0.0 ], [ -77.073821848663187, -10.312355480592306, 0.0 ], [ -77.073434347340623, -10.312050171475006, 0.0 ], [ -77.072784635093555, -10.311976712404279, 0.0 ], [ -77.072246236026572, -10.31195672760955, 0.0 ], [ -77.071525522917824, -10.311771962456692, 0.0 ], [ -77.071208865053308, -10.311822162392568, 0.0 ], [ -77.071041361921175, -10.311896706549998, 0.0 ], [ -77.070910447749796, -10.312030567576381, 0.0 ], [ -77.070766952032088, -10.312104686569917, 0.0 ], [ -77.070682118596608, -10.312034199501255, 0.0 ], [ -77.07063847254804, -10.31196616008252, 0.0 ], [ -77.070733064997796, -10.311606609809241, 0.0 ], [ -77.070516666961225, -10.311470716590657, 0.0 ], [ -77.069425735973212, -10.31116410227745, 0.0 ], [ -77.068966736052047, -10.31093160240226, 0.0 ], [ -77.068214985475365, -10.310267602542645, 0.0 ], [ -77.067912110906349, -10.310107477943982, 0.0 ], [ -77.067363236197167, -10.309939477726466, 0.0 ], [ -77.066539111785659, -10.309537102903878, 0.0 ], [ -77.065980486143218, -10.309170103059213, 0.0 ], [ -77.064658235492374, -10.308021602311259, 0.0 ], [ -77.063165860660959, -10.307498102513856, 0.0 ], [ -77.06287298549735, -10.307337854119934, 0.0 ], [ -77.061454985488197, -10.306904352561071, 0.0 ], [ -77.060347611563884, -10.306439477899469, 0.0 ], [ -77.059415986594445, -10.306111352275911, 0.0 ], [ -77.058872986547641, -10.305564478420481, 0.0 ], [ -77.058503860821901, -10.304943352463136, 0.0 ], [ -77.057548860438828, -10.303972602986821, 0.0 ], [ -77.057218735717981, -10.303820352469481, 0.0 ], [ -77.056695362168043, -10.303380852926276, 0.0 ], [ -77.05641011093573, -10.303048852737323, 0.0 ], [ -77.056197235986247, -10.302552727838506, 0.0 ], [ -77.055962861093064, -10.301542977880166, 0.0 ], [ -77.055628987291541, -10.300685602583593, 0.0 ], [ -77.055287111085974, -10.300154353068539, 0.0 ], [ -77.0547986108988, -10.299611602319292, 0.0 ], [ -77.054478487279766, -10.299255977984178, 0.0 ], [ -77.054173860463777, -10.298769477691092, 0.0 ], [ -77.053931610599207, -10.298056602997702, 0.0 ], [ -77.054096610452305, -10.297487852453127, 0.0 ], [ -77.054281236610336, -10.296851602898869, 0.0 ], [ -77.054410111830023, -10.295794977563206, 0.0 ], [ -77.054357360548209, -10.294601602891365, 0.0 ], [ -77.054240236110502, -10.293408228106982, 0.0 ], [ -77.053820861939272, -10.292722227567685, 0.0 ], [ -77.053585986993198, -10.292337852843046, 0.0 ], [ -77.053419860812269, -10.292212853381026, 0.0 ], [ -77.053333986413506, -10.291679727357961, 0.0 ], [ -77.053212862267102, -10.291380852971987, 0.0 ], [ -77.053030041298925, -10.28892001684159, 0.0 ], [ -77.052437230902711, -10.286439158434755, 0.0 ], [ -77.052373663647131, -10.285847857257725, 0.0 ], [ -77.052302368828705, -10.285855783362488, 0.0 ], [ -77.052036630356682, -10.285273224696814, 0.0 ], [ -77.052135455213289, -10.284494060184004, 0.0 ], [ -77.052058049572054, -10.283823644370532, 0.0 ], [ -77.05208177081397, -10.283423353275319, 0.0 ], [ -77.052064462049287, -10.283336386182148, 0.0 ], [ -77.051429647705802, -10.282137164693639, 0.0 ], [ -77.050267023114429, -10.28113535320802, 0.0 ], [ -77.049321702067189, -10.280403860601123, 0.0 ], [ -77.04766671284429, -10.27901700602443, 0.0 ], [ -77.046993735934805, -10.277973269996295, 0.0 ], [ -77.046087121688132, -10.277163891565966, 0.0 ], [ -77.044788365209953, -10.276318169275648, 0.0 ], [ -77.043686810117123, -10.2756652691518, 0.0 ], [ -77.041956229889678, -10.274705809905305, 0.0 ], [ -77.041053123240133, -10.274439793961628, 0.0 ], [ -77.040385653623574, -10.274249922171963, 0.0 ], [ -77.039207723480587, -10.273908000119702, 0.0 ], [ -77.037733883823435, -10.273257416162584, 0.0 ], [ -77.036398455564864, -10.272800028759818, 0.0 ], [ -77.035772414990376, -10.272959217099956, 0.0 ], [ -77.03538002203878, -10.272884050394117, 0.0 ], [ -77.034553316718117, -10.272307017147901, 0.0 ], [ -77.033764812001877, -10.271574484135639, 0.0 ], [ -77.032581688773973, -10.270417460041243, 0.0 ], [ -77.03167686272117, -10.269879722340146, 0.0 ], [ -77.030617017173654, -10.269614653880966, 0.0 ], [ -77.029598341002568, -10.26965984163837, 0.0 ], [ -77.027680285764859, -10.270021166959268, 0.0 ], [ -77.024724441470454, -10.270505403713404, 0.0 ], [ -77.023395943244651, -10.271134730143748, 0.0 ], [ -77.02148279664577, -10.272272288646604, 0.0 ], [ -77.020428119476861, -10.272822268415633, 0.0 ] ] ] ] } },
{ "type": "Feature", "properties": { "Coord_X": null, "Coord_Y": null, "Departamen": null, "Provincia": null, "Distrito": null, "Perim_km": null, "Area_SIG": null, "AreaL_Ha": null, "Dpto": null, "Provincia_2": null, "Distrito_2": null, "Nombre": null, "Perim_km_2": null, "Coord_X_2": null, "Coord_Y_2": null, "AreaL_Ha_2": null, "Area_SIG_2": null, "OBJECTID": 2, "Area": 10370.322951, "Descrip": "Huasta-Pacllon-Mangas", "Perim_Km_3": 69.190986740100001, "Shape_Leng": 69190.986740099994, "Shape_Area": 103703229.51000001 }, "geometry": { "type": "MultiPolygon", "coordinates": [ [ [ [ -76.864986373449312, -10.094594639226674, 0.0 ], [ -76.866417985855136, -10.094300727580508, 0.0 ], [ -76.868175736283504, -10.094068477662866, 0.0 ], [ -76.869404235850425, -10.093892603096304, 0.0 ], [ -76.871337861120722, -10.094300727410442, 0.0 ], [ -76.872683610808664, -10.094886727531961, 0.0 ], [ -76.873968735852216, -10.096828103046088, 0.0 ], [ -76.87473423629865, -10.099044978061002, 0.0 ], [ -76.874851610942144, -10.101152352482965, 0.0 ], [ -76.874895294738309, -10.102418027922685, 0.0 ], [ -76.879850809458659, -10.106331626512869, 0.0 ], [ -76.877406495397651, -10.109376794708789, 0.0 ], [ -76.878552038152733, -10.111801458311792, 0.0 ], [ -76.891150923303655, -10.111729368791503, 0.0 ], [ -76.891150923303655, -10.111729368791485, 0.0 ], [ -76.891045435624605, -10.093650154969948, 0.0 ], [ -76.888983660682214, -10.093661961148495, 0.0 ], [ -76.888878405855948, -10.075600150567265, 0.0 ], [ -76.86357528450236, -10.075726333584349, 0.0 ], [ -76.863679049118275, -10.093805852908154, 0.0 ], [ -76.864986373449312, -10.094594639226674, 0.0 ] ] ], [ [ [ -76.891157878730354, -10.112919278077339, 0.0 ], [ -76.891208470141223, -10.11295535187827, 0.0 ], [ -76.891155714686278, -10.112549077039699, 0.0 ], [ -76.891157878730354, -10.112919278077339, 0.0 ] ] ], [ [ [ -76.894046860909981, -10.113841852936496, 0.0 ], [ -76.895820361304402, -10.113589852646186, 0.0 ], [ -76.897589861310564, -10.113306602990626, 0.0 ], [ -76.895820361304402, -10.113589852646186, 0.0 ], [ -76.894046860909967, -10.11384185293648, 0.0 ], [ -76.89150386098693, -10.113165977609709, 0.0 ], [ -76.894046860909981, -10.113841852936496, 0.0 ] ] ], [ [ [ -76.898369111041674, -10.113271477535273, 0.0 ], [ -76.899712861086911, -10.113271477786025, 0.0 ], [ -76.898369111041674, -10.113271477535257, 0.0 ], [ -76.897589861310564, -10.113306602990626, 0.0 ], [ -76.898369111041674, -10.113271477535273, 0.0 ] ] ], [ [ [ -76.90392573561931, -10.115359352608541, 0.0 ], [ -76.904371111033825, -10.11512497737924, 0.0 ], [ -76.905919860925053, -10.115080103353662, 0.0 ], [ -76.908209182576115, -10.115568936526888, 0.0 ], [ -76.905919860925053, -10.115080103353646, 0.0 ], [ -76.904371111033825, -10.115124977379223, 0.0 ], [ -76.90392573561931, -10.115359352608509, 0.0 ], [ -76.90368928464946, -10.114852843082028, 0.0 ], [ -76.90392573561931, -10.115359352608541, 0.0 ] ] ], [ [ [ -76.914642611193315, -10.119142602929823, 0.0 ], [ -76.915267905657728, -10.119729304475182, 0.0 ], [ -76.914642611193301, -10.11914260292979, 0.0 ], [ -76.913791894906424, -10.118434937175824, 0.0 ], [ -76.914642611193315, -10.119142602929823, 0.0 ] ] ], [ [ [ -76.915464860897657, -10.119914102943943, 0.0 ], [ -76.915697237066695, -10.120427728077068, 0.0 ], [ -76.915697235751253, -10.120890603135688, 0.0 ], [ -76.915490235465043, -10.122072228011989, 0.0 ], [ -76.915310486100466, -10.123152352489106, 0.0 ], [ -76.914976610629012, -10.124667852344919, 0.0 ], [ -76.915080110636282, -10.125335852749709, 0.0 ], [ -76.915156236207906, -10.125902352539216, 0.0 ], [ -76.915027360576147, -10.126749978090638, 0.0 ], [ -76.914566361636275, -10.12744335235929, 0.0 ], [ -76.913804735677587, -10.129109352906553, 0.0 ], [ -76.913603486147807, -10.13015435247689, 0.0 ], [ -76.913523486222417, -10.130876977790246, 0.0 ], [ -76.913564486851811, -10.131398477546606, 0.0 ], [ -76.914126986097727, -10.132242227467458, 0.0 ], [ -76.914568361181409, -10.132923853509487, 0.0 ], [ -76.914892611105572, -10.133095727419228, 0.0 ], [ -76.915011735550578, -10.133449227852955, 0.0 ], [ -76.915040986218642, -10.133771477432907, 0.0 ], [ -76.914804736254283, -10.134388727777591, 0.0 ], [ -76.914482361081127, -10.135417977723543, 0.0 ], [ -76.913923862040193, -10.136564477711721, 0.0 ], [ -76.913660111002713, -10.137240227888814, 0.0 ], [ -76.913540985585115, -10.137828102580615, 0.0 ], [ -76.913482361203549, -10.138208977292928, 0.0 ], [ -76.913599610672577, -10.138474602889524, 0.0 ], [ -76.913982360728724, -10.138796852606479, 0.0 ], [ -76.914187485471203, -10.13917972896154, 0.0 ], [ -76.914246110580535, -10.139619102363598, 0.0 ], [ -76.91433598657035, -10.140294978080188, 0.0 ], [ -76.914128861098163, -10.141441352450304, 0.0 ], [ -76.913835985601992, -10.142382852251338, 0.0 ], [ -76.913511735935757, -10.143380852490225, 0.0 ], [ -76.913353485574603, -10.144054728080869, 0.0 ], [ -76.913179735880377, -10.144781227554693, 0.0 ], [ -76.913033235439855, -10.145349602446702, 0.0 ], [ -76.912785110425588, -10.145960977836056, 0.0 ], [ -76.912581986311181, -10.146849477924198, 0.0 ], [ -76.912494236085791, -10.147257852376033, 0.0 ], [ -76.91249423565813, -10.148015602877573, 0.0 ], [ -76.912349611150248, -10.148671853033772, 0.0 ], [ -76.912261735800499, -10.149195352919968, 0.0 ], [ -76.912320360681875, -10.149720727914051, 0.0 ], [ -76.91268361075258, -10.151001977591109, 0.0 ], [ -76.912509736000686, -10.151890603025006, 0.0 ], [ -76.912290985777616, -10.152894477411676, 0.0 ], [ -76.911941361678487, -10.153871102618581, 0.0 ], [ -76.911460986036218, -10.155089852870972, 0.0 ], [ -76.911314485668541, -10.156341852838761, 0.0 ], [ -76.911343735921974, -10.157753852960459, 0.0 ], [ -76.911169861980639, -10.158306602671928, 0.0 ], [ -76.910878860456222, -10.15893360248312, 0.0 ], [ -76.910777360722975, -10.159587852373209, 0.0 ], [ -76.910689486552144, -10.15995310372521, 0.0 ], [ -76.910703110799545, -10.160433603054239, 0.0 ], [ -76.910732235487401, -10.161146352253988, 0.0 ], [ -76.910821860592293, -10.161544727974825, 0.0 ], [ -76.910837986278437, -10.161556477802346, 0.0 ], [ -76.91117373570053, -10.162302603060045, 0.0 ], [ -76.912031735413535, -10.162713103076801, 0.0 ], [ -76.912613235774586, -10.163290978029078, 0.0 ], [ -76.912479485736768, -10.163981603135435, 0.0 ], [ -76.911853610451345, -10.16500972730638, 0.0 ], [ -76.911689486266965, -10.165660102242226, 0.0 ], [ -76.911494111216356, -10.166246102327463, 0.0 ], [ -76.911203110511721, -10.167025477965229, 0.0 ], [ -76.910779235439321, -10.167773352508711, 0.0 ], [ -76.910226610478659, -10.168652352622356, 0.0 ], [ -76.910162111645079, -10.169171852995152, 0.0 ], [ -76.910290985590876, -10.17001772765979, 0.0 ], [ -76.910583985626232, -10.17066797726118, 0.0 ], [ -76.910746110751006, -10.171513852570273, 0.0 ], [ -76.910648485973653, -10.172035102909236, 0.0 ], [ -76.910162111264697, -10.172294977245715, 0.0 ], [ -76.909576111253074, -10.172587852316148, 0.0 ], [ -76.909347610552501, -10.173107477838929, 0.0 ], [ -76.90934761075836, -10.173693352405412, 0.0 ], [ -76.908925735570122, -10.174539102664392, 0.0 ], [ -76.908730485889748, -10.175384727832512, 0.0 ], [ -76.908599610751608, -10.176294977815754, 0.0 ], [ -76.90853511040784, -10.176783228007837, 0.0 ], [ -76.908632860704856, -10.177074102709573, 0.0 ], [ -76.908958985791813, -10.177205102405127, 0.0 ], [ -76.909515611246789, -10.177367102554321, 0.0 ], [ -76.910128861070262, -10.178115353064372, 0.0 ], [ -76.910617235638057, -10.178831978035559, 0.0 ], [ -76.910876985727086, -10.179513727927747, 0.0 ], [ -76.911234361029599, -10.180326228000755, 0.0 ], [ -76.911462861214218, -10.181074227270067, 0.0 ], [ -76.911560360694182, -10.181595727772393, 0.0 ], [ -76.911853611098977, -10.182206977392699, 0.0 ], [ -76.911884735820934, -10.182597602533834, 0.0 ], [ -76.91185361126449, -10.183052727519783, 0.0 ], [ -76.911853611291534, -10.18399610299123, 0.0 ], [ -76.911787111113554, -10.184548852285147, 0.0 ], [ -76.911917985573723, -10.185068352817218, 0.0 ], [ -76.912113235891425, -10.185394477775315, 0.0 ], [ -76.912892611243564, -10.185880852954396, 0.0 ], [ -76.913185485900769, -10.186335977391451, 0.0 ], [ -76.913738236193822, -10.186921853698198, 0.0 ], [ -76.914035111028326, -10.187550602751253, 0.0 ], [ -76.914199235604016, -10.18813685298622, 0.0 ], [ -76.914222611066236, -10.188581978662963, 0.0 ], [ -76.914175737191414, -10.188980477643353, 0.0 ], [ -76.913917985452329, -10.189941352493593, 0.0 ], [ -76.913261736060164, -10.191162103134541, 0.0 ], [ -76.912863235654072, -10.191771603016818, 0.0 ], [ -76.91234573619856, -10.192802728116995, 0.0 ], [ -76.911830111035087, -10.193248103519091, 0.0 ], [ -76.911337860917698, -10.193601602894223, 0.0 ], [ -76.91110348561044, -10.193789102825761, 0.0 ], [ -76.910986361489833, -10.194164102966877, 0.0 ], [ -76.911220736931327, -10.194679727859938, 0.0 ], [ -76.911173861090489, -10.195054727447721, 0.0 ], [ -76.911103486248948, -10.195359353811957, 0.0 ], [ -76.910986360739827, -10.195687477655182, 0.0 ], [ -76.91056448598772, -10.196156228118896, 0.0 ], [ -76.910376985719054, -10.196624977797873, 0.0 ], [ -76.910142486916953, -10.196835977885687, 0.0 ], [ -76.909978486010075, -10.197423852943999, 0.0 ], [ -76.909650360886999, -10.198197227515795, 0.0 ], [ -76.909533235941254, -10.198478477534053, 0.0 ], [ -76.909437485861403, -10.199017602677763, 0.0 ], [ -76.909603485775762, -10.199790977506607, 0.0 ], [ -76.909767736199555, -10.200589852525923, 0.0 ], [ -76.909837861055777, -10.201363227290868, 0.0 ], [ -76.909744110672406, -10.202417977484048, 0.0 ], [ -76.909837861304439, -10.20300385296699, 0.0 ], [ -76.910189485846516, -10.203873102379701, 0.0 ], [ -76.910705111055066, -10.205255852946769, 0.0 ], [ -76.910845736085577, -10.205654352685611, 0.0 ], [ -76.911173860606155, -10.206474603075673, 0.0 ], [ -76.911290986089284, -10.206898478022593, 0.0 ], [ -76.911501985789755, -10.207531227715862, 0.0 ], [ -76.911619110731607, -10.207882853389277, 0.0 ], [ -76.911759735555549, -10.20818747759194, 0.0 ], [ -76.91175973577289, -10.208914103076481, 0.0 ], [ -76.91180661127396, -10.209546853032631, 0.0 ], [ -76.911994111275348, -10.210040977328079, 0.0 ], [ -76.912275360585468, -10.210744103027471, 0.0 ], [ -76.912816236230796, -10.211283227800184, 0.0 ], [ -76.913308610930514, -10.211728477452484, 0.0 ], [ -76.913706985822429, -10.212033227687359, 0.0 ], [ -76.914128860885313, -10.212501977655956, 0.0 ], [ -76.914290985636512, -10.212865228116863, 0.0 ], [ -76.914152360682976, -10.213228477638909, 0.0 ], [ -76.914152360516269, -10.213956977707488, 0.0 ], [ -76.914105485914931, -10.214496102832655, 0.0 ], [ -76.914199236091022, -10.214894477814006, 0.0 ], [ -76.914621111618061, -10.215246102592602, 0.0 ], [ -76.915113360548247, -10.215621103016494, 0.0 ], [ -76.915535110934201, -10.216277478370056, 0.0 ], [ -76.915933610900311, -10.216982477475824, 0.0 ], [ -76.916216735650323, -10.217521477653522, 0.0 ], [ -76.916240236033744, -10.218060602729482, 0.0 ], [ -76.916216735875324, -10.218576102285372, 0.0 ], [ -76.916193360997354, -10.218880852637888, 0.0 ], [ -76.915980486088856, -10.219613227492628, 0.0 ], [ -76.915886736042779, -10.220269477583892, 0.0 ], [ -76.915792985486036, -10.220714727902825, 0.0 ], [ -76.91565236060751, -10.221113227561936, 0.0 ], [ -76.915558610482478, -10.221746102883936, 0.0 ], [ -76.91558198604767, -10.222662102249142, 0.0 ], [ -76.915605486152955, -10.223177727780987, 0.0 ], [ -76.915816360569352, -10.223412102581772, 0.0 ], [ -76.916076235588264, -10.224021477687481, 0.0 ], [ -76.916099610497042, -10.224587852493176, 0.0 ], [ -76.916003861979775, -10.225267603118375, 0.0 ], [ -76.91551173547704, -10.225947227321061, 0.0 ], [ -76.915042985818104, -10.226837852685255, 0.0 ], [ -76.914714860859434, -10.227470727719645, 0.0 ], [ -76.914410111064726, -10.228128852264952, 0.0 ], [ -76.914222610627917, -10.228550727634422, 0.0 ], [ -76.914009736127312, -10.229455103614326, 0.0 ], [ -76.913894485979029, -10.229933727562582, 0.0 ], [ -76.913730485629415, -10.230191352805335, 0.0 ], [ -76.913449236291214, -10.230449227820788, 0.0 ], [ -76.912486361237683, -10.231013727747985, 0.0 ], [ -76.911267610501312, -10.231646477892403, 0.0 ], [ -76.910259736707403, -10.232021477906873, 0.0 ], [ -76.909437485436868, -10.232607477855254, 0.0 ], [ -76.908570361744054, -10.233216853009338, 0.0 ], [ -76.908007860694653, -10.233498102396902, 0.0 ], [ -76.907703111849486, -10.23363872802531, 0.0 ], [ -76.907304736257828, -10.234201228096349, 0.0 ], [ -76.906999986880464, -10.234484352690023, 0.0 ], [ -76.906601610453961, -10.234789102655226, 0.0 ], [ -76.905872986036925, -10.236054727983174, 0.0 ], [ -76.905497987281564, -10.236617227329045, 0.0 ], [ -76.90526361099171, -10.236921852902668, 0.0 ], [ -76.904935485939333, -10.23741410269524, 0.0 ], [ -76.904841736112004, -10.237697227238915, 0.0 ], [ -76.904912111188452, -10.238048853011657, 0.0 ], [ -76.904912110580852, -10.238423852646479, 0.0 ], [ -76.904724610750151, -10.238915978721549, 0.0 ], [ -76.904654236005413, -10.239384727466025, 0.0 ], [ -76.904584111026864, -10.23997072729458, 0.0 ], [ -76.904607361212214, -10.240439477448243, 0.0 ], [ -76.904701110426117, -10.240792978520213, 0.0 ], [ -76.90481836065473, -10.241496103452475, 0.0 ], [ -76.904982360531619, -10.242363227921173, 0.0 ], [ -76.904888610917283, -10.243742227961578, 0.0 ], [ -76.904513610824893, -10.245525353321211, 0.0 ], [ -76.904115236009361, -10.246790977325757, 0.0 ], [ -76.903716736180527, -10.248244102326606, 0.0 ], [ -76.903412110477504, -10.248761727912569, 0.0 ], [ -76.903271486193432, -10.249511727428002, 0.0 ], [ -76.903130860627385, -10.250519477774752, 0.0 ], [ -76.902941360704489, -10.25101172802227, 0.0 ], [ -76.902847736076396, -10.251507852581993, 0.0 ], [ -76.902800735889016, -10.252070352248024, 0.0 ], [ -76.903154236130874, -10.252726602943206, 0.0 ], [ -76.903787110489219, -10.253429727593923, 0.0 ], [ -76.904747986217032, -10.254132852847345, 0.0 ], [ -76.905635631165097, -10.253720081171236, 0.0 ], [ -76.905946136797937, -10.253213632713353, 0.0 ], [ -76.906725763567479, -10.252510345849885, 0.0 ], [ -76.907429096430789, -10.252156862376482, 0.0 ], [ -76.908094400242291, -10.251997687108876, 0.0 ], [ -76.908366871429124, -10.25168554762533, 0.0 ], [ -76.909187072563512, -10.251214922388696, 0.0 ], [ -76.909616767527666, -10.250979493089373, 0.0 ], [ -76.910047158621026, -10.2508605122445, 0.0 ], [ -76.910733214428774, -10.250895297942618, 0.0 ], [ -76.911240357165056, -10.250504142881891, 0.0 ], [ -76.911472936708961, -10.250075784127597, 0.0 ], [ -76.911469912098397, -10.249571175599435, 0.0 ], [ -76.911660742058942, -10.248716071701017, 0.0 ], [ -76.912006468183264, -10.247549518926775, 0.0 ], [ -76.912624423187339, -10.246032007765844, 0.0 ], [ -76.913711710113759, -10.244356466804273, 0.0 ], [ -76.914452342296272, -10.243692213705767, 0.0 ], [ -76.915155878873023, -10.24337753429276, 0.0 ], [ -76.915741613474523, -10.243024730369974, 0.0 ], [ -76.91616942788643, -10.242478768112813, 0.0 ], [ -76.916714805868722, -10.241932112661351, 0.0 ], [ -76.917653000568464, -10.24153841226906, 0.0 ], [ -76.918043721219178, -10.24134202299239, 0.0 ], [ -76.918785269440164, -10.240833026120717, 0.0 ], [ -76.919369829112583, -10.240286137202322, 0.0 ], [ -76.920423478144016, -10.239542392566385, 0.0 ], [ -76.92112559700324, -10.238994808223897, 0.0 ], [ -76.92229797023532, -10.238444445269877, 0.0 ], [ -76.923625921045229, -10.237699073391378, 0.0 ], [ -76.925089325672488, -10.236671471246499, 0.0 ], [ -76.926359124291224, -10.236033180818481, 0.0 ], [ -76.92762833124074, -10.235297846793671, 0.0 ], [ -76.929287647040624, -10.234269071167075, 0.0 ], [ -76.930799707281651, -10.233192639714247, 0.0 ], [ -76.932557260958447, -10.232211789215413, 0.0 ], [ -76.933875712799733, -10.231524665292072, 0.0 ], [ -76.935145468883093, -10.230886347330788, 0.0 ], [ -76.936123670056034, -10.230637926905912, 0.0 ], [ -76.937251467231093, -10.23082530544713, 0.0 ], [ -76.938184507878049, -10.231207920744733, 0.0 ], [ -76.938895438024431, -10.231510975393373, 0.0 ], [ -76.939017025348008, -10.231479677559992, 0.0 ], [ -76.940581077187844, -10.231819392696263, 0.0 ], [ -76.942140497845216, -10.232238657268971, 0.0 ], [ -76.942802681640387, -10.232531140253084, 0.0 ], [ -76.944002705584751, -10.233209930654354, 0.0 ], [ -76.94460445670147, -10.233686413796995, 0.0 ], [ -76.945240165129334, -10.234375617750599, 0.0 ], [ -76.945654969865998, -10.234946934742318, 0.0 ], [ -76.947151646070608, -10.234279417579302, 0.0 ], [ -76.947780216740043, -10.234389711341027, 0.0 ], [ -76.948109349589316, -10.235633028493865, 0.0 ], [ -76.94925326477474, -10.236830886020282, 0.0 ], [ -76.950393665305555, -10.238413045382741, 0.0 ], [ -76.950493318798735, -10.238237856257191, 0.0 ], [ -76.950568847949185, -10.237771605133403, 0.0 ], [ -76.951113913300631, -10.237186089901543, 0.0 ], [ -76.951659925017239, -10.236755834423327, 0.0 ], [ -76.951718248115426, -10.236377990693574, 0.0 ], [ -76.951852540081305, -10.23621124801562, 0.0 ], [ -76.952084578103481, -10.235705241589597, 0.0 ], [ -76.952631298245947, -10.235391431235122, 0.0 ], [ -76.953180390909395, -10.235465768812279, 0.0 ], [ -76.954318238708552, -10.235691839342335, 0.0 ], [ -76.954827908019524, -10.235727595214788, 0.0 ], [ -76.955459820348011, -10.235940016315919, 0.0 ], [ -76.956451092143553, -10.235722806959002, 0.0 ], [ -76.957706926972619, -10.235851994657512, 0.0 ], [ -76.959797640660355, -10.23651725080026, 0.0 ], [ -76.960551819627852, -10.236120149214695, 0.0 ], [ -76.961023254440605, -10.236311389780433, 0.0 ], [ -76.961533639041562, -10.236463580268039, 0.0 ], [ -76.96227819015472, -10.236459091709808, 0.0 ], [ -76.963336607785209, -10.236552499450941, 0.0 ], [ -76.963942821032546, -10.236299471810044, 0.0 ], [ -76.964756733631518, -10.23664123647854, 0.0 ], [ -76.965195347342515, -10.236734566391839, 0.0 ], [ -76.966137156554865, -10.236362138052691, 0.0 ], [ -76.966637244492006, -10.236796982582362, 0.0 ], [ -76.966720467995572, -10.23678692124494, 0.0 ], [ -76.966981329645023, -10.236547152006215, 0.0 ], [ -76.967408558663422, -10.235923511322538, 0.0 ], [ -76.968229087135484, -10.235530389458869, 0.0 ], [ -76.96861880029067, -10.235178686774949, 0.0 ], [ -76.96932248363467, -10.234902717029357, 0.0 ], [ -76.969988654585066, -10.234898686697031, 0.0 ], [ -76.970735594180866, -10.235282325844549, 0.0 ], [ -76.971325308759063, -10.235589284250116, 0.0 ], [ -76.971833537255193, -10.235392126380793, 0.0 ], [ -76.972770417119676, -10.234804208097341, 0.0 ], [ -76.972803716446805, -10.234810183746056, 0.0 ], [ -76.972907089505895, -10.234725748351668, 0.0 ], [ -76.973278396921344, -10.234703057185023, 0.0 ], [ -76.977304246271601, -10.224045483277768, 0.0 ], [ -76.970690906416564, -10.221594208854244, 0.0 ], [ -76.961295055799965, -10.218292293207821, 0.0 ], [ -76.955665697836551, -10.215992349061741, 0.0 ], [ -76.95555609568494, -10.201748986469905, 0.0 ], [ -76.961136823656972, -10.20171547454237, 0.0 ], [ -76.960903780441015, -10.201301813872295, 0.0 ], [ -76.968425374143237, -10.196188589865672, 0.0 ], [ -76.969052406029647, -10.195888456102224, 0.0 ], [ -76.969673861436092, -10.195892603019129, 0.0 ], [ -76.970378985643677, -10.196097603424548, 0.0 ], [ -76.970570361817011, -10.196257853065969, 0.0 ], [ -76.971705112194826, -10.196658228198553, 0.0 ], [ -76.972867236920578, -10.197175727934484, 0.0 ], [ -76.9733712364051, -10.197607478154456, 0.0 ], [ -76.973800611303005, -10.197812352816172, 0.0 ], [ -76.973694391940498, -10.183560919746284, 0.0 ], [ -76.973583493236774, -10.165482668983008, 0.0 ], [ -76.973543996242654, -10.158407789075893, 0.0 ], [ -76.973229276128407, -10.158619340739676, 0.0 ], [ -76.972171558771649, -10.159229588774371, 0.0 ], [ -76.971265100176197, -10.159196269346506, 0.0 ], [ -76.97003511145023, -10.158556216111336, 0.0 ], [ -76.968395512896876, -10.157625440949838, 0.0 ], [ -76.967942467314131, -10.157060063304032, 0.0 ], [ -76.967683326681936, -10.156438302495939, 0.0 ], [ -76.967402974054664, -10.155853630004797, 0.0 ], [ -76.967119830634402, -10.155218636691902, 0.0 ], [ -76.966709956072449, -10.155019738956328, 0.0 ], [ -76.965569034909436, -10.155113971629953, 0.0 ], [ -76.964619453720914, -10.15510158683578, 0.0 ], [ -76.963730661504187, -10.155027830482814, 0.0 ], [ -76.962655254015573, -10.154651166659018, 0.0 ], [ -76.961900122633139, -10.154017273259171, 0.0 ], [ -76.961231600878406, -10.152459222706103, 0.0 ], [ -76.961329440139167, -10.151020223529558, 0.0 ], [ -76.961493778701936, -10.150346215615322, 0.0 ], [ -76.962284969188218, -10.149614957410062, 0.0 ], [ -76.962403259224317, -10.149088355186327, 0.0 ], [ -76.962154378863005, -10.148579313624518, 0.0 ], [ -76.96180754244908, -10.147562676433926, 0.0 ], [ -76.961743327134513, -10.146443218688805, 0.0 ], [ -76.961730073281686, -10.14602088349819, 0.0 ], [ -76.95968021682971, -10.146085454035054, 0.0 ], [ -76.957586868564562, -10.145864414008217, 0.0 ], [ -76.95579568252279, -10.145797910505649, 0.0 ], [ -76.955191262991363, -10.145150082686914, 0.0 ], [ -76.955040817197627, -10.144346363711096, 0.0 ], [ -76.955256974852006, -10.143531514394233, 0.0 ], [ -76.955537709956516, -10.142932639546524, 0.0 ], [ -76.955689182110831, -10.141772668811033, 0.0 ], [ -76.955646467349808, -10.140696185959246, 0.0 ], [ -76.955667938804837, -10.140056469324024, 0.0 ], [ -76.95606531811859, -10.138410259730952, 0.0 ], [ -76.956445019772431, -10.137298003426036, 0.0 ], [ -76.956525537225247, -10.136780935967627, 0.0 ], [ -76.956879716628606, -10.136211358338578, 0.0 ], [ -76.956844490023869, -10.135674827782129, 0.0 ], [ -76.957132799459458, -10.134997815573831, 0.0 ], [ -76.957113003558604, -10.134968447512694, 0.0 ], [ -76.943967274925015, -10.135229128016158, 0.0 ], [ -76.943858397335234, -10.117150592833486, 0.0 ], [ -76.943735681760643, -10.096733478026403, 0.0 ], [ -76.943188235934329, -10.096524977769423, 0.0 ], [ -76.941877235972186, -10.096109727811969, 0.0 ], [ -76.941441323758866, -10.096041060972306, 0.0 ], [ -76.941449416916655, -10.095984612436585, 0.0 ], [ -76.940520192322111, -10.095312430292886, 0.0 ], [ -76.93888429950691, -10.094185987484909, 0.0 ], [ -76.937609958907885, -10.092977688078095, 0.0 ], [ -76.936315635161961, -10.091789428957814, 0.0 ], [ -76.93613557907797, -10.091949933522379, 0.0 ], [ -76.936120350255806, -10.092767192379874, 0.0 ], [ -76.93578439815748, -10.09376571220437, 0.0 ], [ -76.935327175565135, -10.094665287993386, 0.0 ], [ -76.934944301472001, -10.095462591991453, 0.0 ], [ -76.934914110807668, -10.095463853014786, 0.0 ], [ -76.934637610538076, -10.095769602795935, 0.0 ], [ -76.934458610671271, -10.096074228065456, 0.0 ], [ -76.934244486405163, -10.096439352941882, 0.0 ], [ -76.933865737189095, -10.097254727846551, 0.0 ], [ -76.933531883631346, -10.097878750010304, 0.0 ], [ -76.933055550424456, -10.098226324262699, 0.0 ], [ -76.932271519170513, -10.098290712079603, 0.0 ], [ -76.931789533779821, -10.098569113022222, 0.0 ], [ -76.931652485552803, -10.098594353096566, 0.0 ], [ -76.931378861061631, -10.098753602813135, 0.0 ], [ -76.930851611162169, -10.09906035230601, 0.0 ], [ -76.93009448600742, -10.099977602794356, 0.0 ], [ -76.929715861204059, -10.100618352583357, 0.0 ], [ -76.9292353615552, -10.101754102859539, 0.0 ], [ -76.928594735888453, -10.103079103028543, 0.0 ], [ -76.927342485624862, -10.104462352643209, 0.0 ], [ -76.926556360828442, -10.105088478094308, 0.0 ], [ -76.925274861823226, -10.105947602375515, 0.0 ], [ -76.924837985936534, -10.106355227919581, 0.0 ], [ -76.924109985994662, -10.107680227409976, 0.0 ], [ -76.923512985617606, -10.108466602525668, 0.0 ], [ -76.922653860857949, -10.109456727618387, 0.0 ], [ -76.922246360787597, -10.110373977403855, 0.0 ], [ -76.921896735878235, -10.111072978020042, 0.0 ], [ -76.921751111921679, -10.111844602382076, 0.0 ], [ -76.921430985885394, -10.113009477433282, 0.0 ], [ -76.9213324859154, -10.113140477297689, 0.0 ], [ -76.921270208451418, -10.113223531540134, 0.0 ], [ -76.921117446003436, -10.113324149219283, 0.0 ], [ -76.920132471552733, -10.113429549268579, 0.0 ], [ -76.919348869060485, -10.113573635686462, 0.0 ], [ -76.918867679522648, -10.113835544906429, 0.0 ], [ -76.918855529698632, -10.113875792778249, 0.0 ], [ -76.918343860781206, -10.114319977975281, 0.0 ], [ -76.918072485738747, -10.114880102458402, 0.0 ], [ -76.918059610885976, -10.115254852387846, 0.0 ], [ -76.918114361068135, -10.115558727251067, 0.0 ], [ -76.918227611255688, -10.116185352563793, 0.0 ], [ -76.917981986229933, -10.116896227240995, 0.0 ], [ -76.917446236018691, -10.117596727409719, 0.0 ], [ -76.917373339595642, -10.117692094649287, 0.0 ], [ -76.917224323851656, -10.117847995211461, 0.0 ], [ -76.916521610991552, -10.118446977561607, 0.0 ], [ -76.915464860897643, -10.119914102943943, 0.0 ], [ -76.915464860897657, -10.119914102943943, 0.0 ] ] ] ] } },
{ "type": "Feature", "properties": { "Coord_X": null, "Coord_Y": null, "Departamen": null, "Provincia": null, "Distrito": null, "Perim_km": null, "Area_SIG": null, "AreaL_Ha": null, "Dpto": null, "Provincia_2": null, "Distrito_2": null, "Nombre": null, "Perim_km_2": null, "Coord_X_2": null, "Coord_Y_2": null, "AreaL_Ha_2": null, "Area_SIG_2": null, "OBJECTID": 3, "Area": 20285.129276700001, "Descrip": "Conococha", "Perim_Km_3": 72.173279043299999, "Shape_Leng": 72173.279043300005, "Shape_Area": 202851292.76699999 }, "geometry": { "type": "MultiPolygon", "coordinates": [ [ [ [ -77.319214963005649, -9.99691761034291, 0.0 ], [ -77.289707567421019, -10.001140622541175, 0.0 ], [ -77.272358851185373, -10.01824200525091, 0.0 ], [ -77.231525123301992, -10.060313919263196, 0.0 ], [ -77.226733266203013, -10.065420683561527, 0.0 ], [ -77.225064628233767, -10.067356997805451, 0.0 ], [ -77.222990647545927, -10.069878689048506, 0.0 ], [ -77.22168241706558, -10.071704678699163, 0.0 ], [ -77.219718480150959, -10.074225620834685, 0.0 ], [ -77.218509272551401, -10.075613128999578, 0.0 ], [ -77.218300830136315, -10.075914082313973, 0.0 ], [ -77.217922306925871, -10.076406842494935, 0.0 ], [ -77.217576919882248, -10.076807570639225, 0.0 ], [ -77.216959512561345, -10.077516183082928, 0.0 ], [ -77.216573096474619, -10.077889083804497, 0.0 ], [ -77.216149121920338, -10.078422721113796, 0.0 ], [ -77.215787045021116, -10.078857988335548, 0.0 ], [ -77.215436520996434, -10.079217340591807, 0.0 ], [ -77.215499986295171, -10.079236477821253, 0.0 ], [ -77.216308612234528, -10.081662102956766, 0.0 ], [ -77.216732611042019, -10.083709977760769, 0.0 ], [ -77.216669360658074, -10.085386602906095, 0.0 ], [ -77.216241611174837, -10.086804977915287, 0.0 ], [ -77.215047986497993, -10.087815977286937, 0.0 ], [ -77.214170486229747, -10.088290727639775, 0.0 ], [ -77.210609361824368, -10.089626977594898, 0.0 ], [ -77.208511735762102, -10.091521477859766, 0.0 ], [ -77.204810486102417, -10.092394477749306, 0.0 ], [ -77.201560486889804, -10.092171727252989, 0.0 ], [ -77.201217921654248, -10.091964038048683, 0.0 ], [ -77.200995374291026, -10.092215782621606, 0.0 ], [ -77.200672306979882, -10.092527052097113, 0.0 ], [ -77.200765494890575, -10.092668769539284, 0.0 ], [ -77.200857107378937, -10.09282975789788, 0.0 ], [ -77.201172406253946, -10.093214966397452, 0.0 ], [ -77.201600491903193, -10.093709513195414, 0.0 ], [ -77.202065134171505, -10.094268471672409, 0.0 ], [ -77.202106573989738, -10.094318322643316, 0.0 ], [ -77.202535706509124, -10.094965910934281, 0.0 ], [ -77.202927012715065, -10.095728530849572, 0.0 ], [ -77.203267572976301, -10.09655600918474, 0.0 ], [ -77.203398134864059, -10.096873242424996, 0.0 ], [ -77.203598216085595, -10.097904974164592, 0.0 ], [ -77.203760028789063, -10.098604213683386, 0.0 ], [ -77.203980290692243, -10.099178076440486, 0.0 ], [ -77.204353545880025, -10.099899837000722, 0.0 ], [ -77.204483266037229, -10.100136982920551, 0.0 ], [ -77.20498075800684, -10.100620257253743, 0.0 ], [ -77.205367677474598, -10.100969269852728, 0.0 ], [ -77.205783868827965, -10.101508026086746, 0.0 ], [ -77.205994587117075, -10.102035145007337, 0.0 ], [ -77.20625319011053, -10.102635125158004, 0.0 ], [ -77.206295160333198, -10.102707906066884, 0.0 ], [ -77.206323802648555, -10.102798951105509, 0.0 ], [ -77.206373160022352, -10.102913463335392, 0.0 ], [ -77.206628735636656, -10.103820165708957, 0.0 ], [ -77.207092450531093, -10.10499628754161, 0.0 ], [ -77.207302654066211, -10.105469100379469, 0.0 ], [ -77.207446597175931, -10.106173413493329, 0.0 ], [ -77.207687743833887, -10.106881656239004, 0.0 ], [ -77.20773329285349, -10.10692618384957, 0.0 ], [ -77.207928180968523, -10.107192718124228, 0.0 ], [ -77.20792993777556, -10.107449738412138, 0.0 ], [ -77.207931567776541, -10.107688181583235, 0.0 ], [ -77.207984787112622, -10.107945786828852, 0.0 ], [ -77.207879177845982, -10.108340383012543, 0.0 ], [ -77.207598797451894, -10.108615495008046, 0.0 ], [ -77.207553041213885, -10.108802217728217, 0.0 ], [ -77.207595051805981, -10.109299341103551, 0.0 ], [ -77.207790976743752, -10.109718905246682, 0.0 ], [ -77.207915496584278, -10.109937504372535, 0.0 ], [ -77.207986386957344, -10.110061953649739, 0.0 ], [ -77.208298153705584, -10.110480736709256, 0.0 ], [ -77.20860939759396, -10.110823003877258, 0.0 ], [ -77.208843680001195, -10.111204049187641, 0.0 ], [ -77.20904065862463, -10.111776651749667, 0.0 ], [ -77.209083714288155, -10.112426805997732, 0.0 ], [ -77.20921124542059, -10.11300753232277, 0.0 ], [ -77.209243126888325, -10.113152706205238, 0.0 ], [ -77.209518116223336, -10.113839572613051, 0.0 ], [ -77.209753452760907, -10.114373657128329, 0.0 ], [ -77.209988780192532, -10.114907740457609, 0.0 ], [ -77.210050475279246, -10.115425890358825, 0.0 ], [ -77.210070718144266, -10.115595901310042, 0.0 ], [ -77.209958801364991, -10.116170567790293, 0.0 ], [ -77.209749408609156, -10.116566041388809, 0.0 ], [ -77.209653835935583, -10.116746547111891, 0.0 ], [ -77.209367254447201, -10.11718847997324, 0.0 ], [ -77.20898662736829, -10.117994528332938, 0.0 ], [ -77.208874456181846, -10.118530941724186, 0.0 ], [ -77.208763025590088, -10.118898651964605, 0.0 ], [ -77.208723415002211, -10.119029360304145, 0.0 ], [ -77.208568627633383, -10.119244782106561, 0.0 ], [ -77.20822615702815, -10.119721409653835, 0.0 ], [ -77.207843172782745, -10.120183116737138, 0.0 ], [ -77.207500114624878, -10.120835868337199, 0.0 ], [ -77.207158092276586, -10.121641658033441, 0.0 ], [ -77.206940532628366, -10.122143625804521, 0.0 ], [ -77.206891987413798, -10.12225563265919, 0.0 ], [ -77.206549445134527, -10.122984900463905, 0.0 ], [ -77.206128881354928, -10.12359991229904, 0.0 ], [ -77.206112835678496, -10.12361726841069, 0.0 ], [ -77.205630578164289, -10.124138912839802, 0.0 ], [ -77.205208446752678, -10.124524370293493, 0.0 ], [ -77.20478762911327, -10.125101110815066, 0.0 ], [ -77.204481072267697, -10.125447525877441, 0.0 ], [ -77.204406194055238, -10.125792380983153, 0.0 ], [ -77.204563000793939, -10.126135686038287, 0.0 ], [ -77.204950967591927, -10.126400916901448, 0.0 ], [ -77.205369832657055, -10.126586186988636, 0.0 ], [ -77.205377017593804, -10.126589365413846, 0.0 ], [ -77.205577392467106, -10.126767416175429, 0.0 ], [ -77.205804381039286, -10.126969115516074, 0.0 ], [ -77.20599953403341, -10.127273901703985, 0.0 ], [ -77.206232789041323, -10.127501905735537, 0.0 ], [ -77.206542472615908, -10.127614609868127, 0.0 ], [ -77.206891303600543, -10.127803581507598, 0.0 ], [ -77.207087246819398, -10.128223135297102, 0.0 ], [ -77.207207274243146, -10.128834524046866, 0.0 ], [ -77.207173110634812, -10.129485200514585, 0.0 ], [ -77.207236273512763, -10.129831140493101, 0.0 ], [ -77.207333588457203, -10.130364141682092, 0.0 ], [ -77.207339953897502, -10.130480035080689, 0.0 ], [ -77.20735564431763, -10.130765738143436, 0.0 ], [ -77.207552642675196, -10.131338340788147, 0.0 ], [ -77.207748852620327, -10.131796157467669, 0.0 ], [ -77.207905924183379, -10.132177715343017, 0.0 ], [ -77.207947676904425, -10.132636576922231, 0.0 ], [ -77.207757754971738, -10.133096990085615, 0.0 ], [ -77.207567564380327, -10.1335191501189, 0.0 ], [ -77.207223185171046, -10.133980607484542, 0.0 ], [ -77.206647111668048, -10.134443617657475, 0.0 ], [ -77.205992762722246, -10.134754100489682, 0.0 ], [ -77.20553122810459, -10.135025037133541, 0.0 ], [ -77.204992198615173, -10.135258225007528, 0.0 ], [ -77.204375150167664, -10.135377149110329, 0.0 ], [ -77.203796982881428, -10.135534078018578, 0.0 ], [ -77.202909114214975, -10.135578294840524, 0.0 ], [ -77.202215371003973, -10.135774257745645, 0.0 ], [ -77.201676074648333, -10.135969183108136, 0.0 ], [ -77.201020146162762, -10.136050101557514, 0.0 ], [ -77.20013305645746, -10.136209095708915, 0.0 ], [ -77.199362599018485, -10.136482086391451, 0.0 ], [ -77.198824862665049, -10.136906566851858, 0.0 ], [ -77.198403758682204, -10.137445054836142, 0.0 ], [ -77.198099534572449, -10.138135801534299, 0.0 ], [ -77.198104232641228, -10.13882448381316, 0.0 ], [ -77.197994904680897, -10.139781765193963, 0.0 ], [ -77.197691469397299, -10.140587290306678, 0.0 ], [ -77.197424555217111, -10.141086486300466, 0.0 ], [ -77.197005524959735, -10.141931045689178, 0.0 ], [ -77.196622759478259, -10.142431012363112, 0.0 ], [ -77.19616459206307, -10.143199322073754, 0.0 ], [ -77.195898980545223, -10.143889812017413, 0.0 ], [ -77.195728725863432, -10.144407479413966, 0.0 ], [ -77.195427364195069, -10.145519093432863, 0.0 ], [ -77.195123919710355, -10.146324628338018, 0.0 ], [ -77.194859078633556, -10.147129895942726, 0.0 ], [ -77.194553541606581, -10.147629351629712, 0.0 ], [ -77.194056227649682, -10.148321391340584, 0.0 ], [ -77.193520811649677, -10.149090204106416, 0.0 ], [ -77.193060808330856, -10.149590686684643, 0.0 ], [ -77.192717170824537, -10.1501669114127, 0.0 ], [ -77.192566346534491, -10.150703592699529, 0.0 ], [ -77.192646189885011, -10.151085674707581, 0.0 ], [ -77.193034177957628, -10.151350913267796, 0.0 ], [ -77.19350018284149, -10.151730417697889, 0.0 ], [ -77.193733189771208, -10.151920167739833, 0.0 ], [ -77.193966710345165, -10.152186445346148, 0.0 ], [ -77.194161883121339, -10.152491229995201, 0.0 ], [ -77.194319736007898, -10.152987575484186, 0.0 ], [ -77.194364350965685, -10.153867304824427, 0.0 ], [ -77.194525608891709, -10.154861038784155, 0.0 ], [ -77.194723121857251, -10.155510166964326, 0.0 ], [ -77.194689985306809, -10.156313885250619, 0.0 ], [ -77.194541263368777, -10.157156644385642, 0.0 ], [ -77.194390449719265, -10.157693325391357, 0.0 ], [ -77.194237799873505, -10.157962179887038, 0.0 ], [ -77.193932775958828, -10.158538149399677, 0.0 ], [ -77.193628532002265, -10.159228895517773, 0.0 ], [ -77.193460626159606, -10.160090915423728, 0.0 ], [ -77.193504729302774, -10.160894119759782, 0.0 ], [ -77.193587702307241, -10.161735328013322, 0.0 ], [ -77.193632060594993, -10.162576795592758, 0.0 ], [ -77.193676942512568, -10.16349477630814, 0.0 ], [ -77.193643806818415, -10.164298502981701, 0.0 ], [ -77.193725999689249, -10.1650249260259, 0.0 ], [ -77.193845256288128, -10.165521527023829, 0.0 ], [ -77.193850212049441, -10.166248473564441, 0.0 ], [ -77.193894837151333, -10.167128202182379, 0.0 ], [ -77.194018269929146, -10.168236961782032, 0.0 ], [ -77.193949648029857, -10.169500065057676, 0.0 ], [ -77.193879990783287, -10.170610127435307, 0.0 ], [ -77.193693425076475, -10.171567931839903, 0.0 ], [ -77.193504777027499, -10.172219646393533, 0.0 ], [ -77.193469292387206, -10.172679021497185, 0.0 ], [ -77.193494770899832, -10.172713859400021, 0.0 ], [ -77.193586951116345, -10.172839904167519, 0.0 ], [ -77.195095112168318, -10.173451352294164, 0.0 ], [ -77.196122987060434, -10.174522102769835, 0.0 ], [ -77.196475110554573, -10.175619852714744, 0.0 ], [ -77.196755937305753, -10.176495286923043, 0.0 ], [ -77.196758898119114, -10.176502275266431, 0.0 ], [ -77.19700776132936, -10.176933715776105, 0.0 ], [ -77.197446407008215, -10.177330607097375, 0.0 ], [ -77.197692572363522, -10.177490808659153, 0.0 ], [ -77.198234816395185, -10.177716739255283, 0.0 ], [ -77.198698767358209, -10.177790144991077, 0.0 ], [ -77.199163517343464, -10.177978326949425, 0.0 ], [ -77.199370309959662, -10.178066303579035, 0.0 ], [ -77.199499735487862, -10.178113352944983, 0.0 ], [ -77.201990610799868, -10.179019227414024, 0.0 ], [ -77.202932987234377, -10.179361852865247, 0.0 ], [ -77.204003612174418, -10.179961477860243, 0.0 ], [ -77.205417236697471, -10.180175727989257, 0.0 ], [ -77.206910237087186, -10.180109352944889, 0.0 ], [ -77.207344611707214, -10.18008997761568, 0.0 ], [ -77.20991436110036, -10.180775227340005, 0.0 ], [ -77.212184360611545, -10.181803227431152, 0.0 ], [ -77.215053986851615, -10.183687727527991, 0.0 ], [ -77.216521064233575, -10.185322717600677, 0.0 ], [ -77.216730088309362, -10.185492888300958, 0.0 ], [ -77.217273150662322, -10.185833559764706, 0.0 ], [ -77.217700873125821, -10.186251534443368, 0.0 ], [ -77.21820743354867, -10.186898540433802, 0.0 ], [ -77.218558185565271, -10.187355292166407, 0.0 ], [ -77.218793085573381, -10.187812831656144, 0.0 ], [ -77.219143314725372, -10.188193067803386, 0.0 ], [ -77.219455985696356, -10.188726600083339, 0.0 ], [ -77.219690884637672, -10.189184140240762, 0.0 ], [ -77.219867988142482, -10.189661206302132, 0.0 ], [ -77.22029969581962, -10.190653059312231, 0.0 ], [ -77.220688814479388, -10.191071291085251, 0.0 ], [ -77.221310988879551, -10.191679236284786, 0.0 ], [ -77.221777354339366, -10.192096945483618, 0.0 ], [ -77.222128116051167, -10.19255368646143, 0.0 ], [ -77.222440796323468, -10.193087219229113, 0.0 ], [ -77.222676770187391, -10.19369778954314, 0.0 ], [ -77.222992894044197, -10.194728693144697, 0.0 ], [ -77.223423033635299, -10.195490980980489, 0.0 ], [ -77.223929622378421, -10.196137978547315, 0.0 ], [ -77.224397062212446, -10.196708707480431, 0.0 ], [ -77.22482534720659, -10.197203187990391, 0.0 ], [ -77.225642238186154, -10.198039357947353, 0.0 ], [ -77.226032165464403, -10.198572356419874, 0.0 ], [ -77.226267615629894, -10.199106402159574, 0.0 ], [ -77.226580848019111, -10.199716450117601, 0.0 ], [ -77.226970517781652, -10.200211176945478, 0.0 ], [ -77.227360188895219, -10.200705914787649, 0.0 ], [ -77.227750658645505, -10.201315430137562, 0.0 ], [ -77.228453569875441, -10.202420195874495, 0.0 ], [ -77.228804360520868, -10.202876936701866, 0.0 ], [ -77.229000930983204, -10.203372987306356, 0.0 ], [ -77.229178584109306, -10.203926558211426, 0.0 ], [ -77.2292233334325, -10.204806248646664, 0.0 ], [ -77.229190311975614, -10.205609956416291, 0.0 ], [ -77.229119455435537, -10.206528709863873, 0.0 ], [ -77.229125048139068, -10.207332150171062, 0.0 ], [ -77.229320125550785, -10.208300911969921, 0.0 ], [ -77.230215986070888, -10.209728727651754, 0.0 ], [ -77.232143235982761, -10.21199860231461, 0.0 ], [ -77.233342486009832, -10.213668978838539, 0.0 ], [ -77.23355356478622, -10.214250489436672, 0.0 ], [ -77.233772371438079, -10.21464644146994, 0.0 ], [ -77.233970303438937, -10.215333774985133, 0.0 ], [ -77.234128269349739, -10.215830080818636, 0.0 ], [ -77.234129349537355, -10.215836728976463, 0.0 ], [ -77.234750610613844, -10.217548227868813, 0.0 ], [ -77.234914341997424, -10.218227260785417, 0.0 ], [ -77.234996157916655, -10.218425868400503, 0.0 ], [ -77.235061333577093, -10.218836863850207, 0.0 ], [ -77.235312736693842, -10.21987947773904, 0.0 ], [ -77.23563731299447, -10.220462934195298, 0.0 ], [ -77.236057724937154, -10.221096840173736, 0.0 ], [ -77.236067338249399, -10.221111987787136, 0.0 ], [ -77.236922662958463, -10.222042728241886, 0.0 ], [ -77.236956809799779, -10.222069406075859, 0.0 ], [ -77.237129524759851, -10.221967196557733, 0.0 ], [ -77.239446931355374, -10.220933995817999, 0.0 ], [ -77.240596791210237, -10.220428837638208, 0.0 ], [ -77.242178458178842, -10.219744140162163, 0.0 ], [ -77.244040186684117, -10.218936063616384, 0.0 ], [ -77.244981325312253, -10.218550922747923, 0.0 ], [ -77.245018237048626, -10.218261330748536, 0.0 ], [ -77.245247020688595, -10.217838885569112, 0.0 ], [ -77.245785594041578, -10.217529087144628, 0.0 ], [ -77.246210454590084, -10.217526167340514, 0.0 ], [ -77.246429085106712, -10.2175340715897, 0.0 ], [ -77.247078794571763, -10.217165578742321, 0.0 ], [ -77.24715362146614, -10.21707966919376, 0.0 ], [ -77.247576864922607, -10.216847185587669, 0.0 ], [ -77.247907565919618, -10.216695525781091, 0.0 ], [ -77.248414111223013, -10.216408227709117, 0.0 ], [ -77.249376301963878, -10.215513320577077, 0.0 ], [ -77.249421073442761, -10.215457083405548, 0.0 ], [ -77.249632561151799, -10.21527498019395, 0.0 ], [ -77.249838862275283, -10.215083102975349, 0.0 ], [ -77.249978236618716, -10.214829727533882, 0.0 ], [ -77.250598823575913, -10.213701071420276, 0.0 ], [ -77.250605730670884, -10.21365067102394, 0.0 ], [ -77.250833696591584, -10.213113448660794, 0.0 ], [ -77.251176993046244, -10.212498911788431, 0.0 ], [ -77.251180087841746, -10.212496837016733, 0.0 ], [ -77.251716736245172, -10.211141978053609, 0.0 ], [ -77.252873111156816, -10.208914727542195, 0.0 ], [ -77.254850235591078, -10.206379602834041, 0.0 ], [ -77.255828486669429, -10.204374727291571, 0.0 ], [ -77.257053652326263, -10.203202555263791, 0.0 ], [ -77.257034415632333, -10.20294394119753, 0.0 ], [ -77.256728963405223, -10.202876337426964, 0.0 ], [ -77.256380028961402, -10.20268744240177, 0.0 ], [ -77.255913605283482, -10.202269809419496, 0.0 ], [ -77.255522545202282, -10.201583826994128, 0.0 ], [ -77.255401300385117, -10.200819456010207, 0.0 ], [ -77.255166069073852, -10.200323701010261, 0.0 ], [ -77.254814982163708, -10.199828735082571, 0.0 ], [ -77.254541678240173, -10.199409762162583, 0.0 ], [ -77.254342919002866, -10.198607671662597, 0.0 ], [ -77.254333372893868, -10.198570933601308, 0.0 ], [ -77.254082111627866, -10.198230477791114, 0.0 ], [ -77.253423647542604, -10.197091568481499, 0.0 ], [ -77.252938323752204, -10.196589564006123, 0.0 ], [ -77.252354715252721, -10.195981419562223, 0.0 ], [ -77.252003097916159, -10.195409939412365, 0.0 ], [ -77.251881596160615, -10.194607306373541, 0.0 ], [ -77.251781951718044, -10.194167998776107, 0.0 ], [ -77.251778460534325, -10.193670636798162, 0.0 ], [ -77.251504091279742, -10.193098622785186, 0.0 ], [ -77.251074703222883, -10.192451159159193, 0.0 ], [ -77.250994507454607, -10.192030843761861, 0.0 ], [ -77.250759293508551, -10.191535079768693, 0.0 ], [ -77.250446841674972, -10.191039847470579, 0.0 ], [ -77.250170873372639, -10.190238279934071, 0.0 ], [ -77.250164967212655, -10.18939658493772, 0.0 ], [ -77.249968111595592, -10.188862292694198, 0.0 ], [ -77.249771787204551, -10.188404523067684, 0.0 ], [ -77.249807994528624, -10.188059925601401, 0.0 ], [ -77.249960864016813, -10.187829314363697, 0.0 ], [ -77.250383793032654, -10.187558577254078, 0.0 ], [ -77.250768110573745, -10.187288107452609, 0.0 ], [ -77.251035756198206, -10.186903657044425, 0.0 ], [ -77.251380915607868, -10.1865569381317, 0.0 ], [ -77.251726075191485, -10.186210219904941, 0.0 ], [ -77.252109573170557, -10.185824971841315, 0.0 ], [ -77.252413960001164, -10.185172447383858, 0.0 ], [ -77.252680806318409, -10.184673221735819, 0.0 ], [ -77.253025956220071, -10.184326501975447, 0.0 ], [ -77.253525848730135, -10.184016970008138, 0.0 ], [ -77.253833193850227, -10.183785284922754, 0.0 ], [ -77.25421722409807, -10.183476561749787, 0.0 ], [ -77.254330937130092, -10.183169693147303, 0.0 ], [ -77.254445180251494, -10.182939339090286, 0.0 ], [ -77.254597773654325, -10.18267046600957, 0.0 ], [ -77.254984229602854, -10.182706066443359, 0.0 ], [ -77.255217009071728, -10.182857498209945, 0.0 ], [ -77.255488420703671, -10.18300866417322, 0.0 ], [ -77.255991537758263, -10.183158242030345, 0.0 ], [ -77.256455497744511, -10.183231551273964, 0.0 ], [ -77.256881109634321, -10.183343399829706, 0.0 ], [ -77.257307263627041, -10.183531762983833, 0.0 ], [ -77.257812805524239, -10.184025652971, 0.0 ], [ -77.258162254412326, -10.184291064247555, 0.0 ], [ -77.258472556827996, -10.184480216630357, 0.0 ], [ -77.258743692545721, -10.184593130316905, 0.0 ], [ -77.25939612860104, -10.184772932217502, 0.0 ], [ -77.262923860732357, -10.1845312281235, 0.0 ], [ -77.26314594672516, -10.18453160044651, 0.0 ], [ -77.263497786417844, -10.184485551691033, 0.0 ], [ -77.263454094383974, -10.184407506299399, 0.0 ], [ -77.263489472950909, -10.183948140419888, 0.0 ], [ -77.263676362462178, -10.183066861734362, 0.0 ], [ -77.264288587799371, -10.182259157586955, 0.0 ], [ -77.264710414405087, -10.181835372690898, 0.0 ], [ -77.265169248587114, -10.18118177449419, 0.0 ], [ -77.266093916244415, -10.180869294118258, 0.0 ], [ -77.266631871732457, -10.180482962603474, 0.0 ], [ -77.26678175392712, -10.179831504314409, 0.0 ], [ -77.266813882137953, -10.178913038827858, 0.0 ], [ -77.267156853591715, -10.178260239690356, 0.0 ], [ -77.267303216043217, -10.177111419949478, 0.0 ], [ -77.267300516370327, -10.176728843511947, 0.0 ], [ -77.26745120564965, -10.176192154408657, 0.0 ], [ -77.26771828979868, -10.175731180706354, 0.0 ], [ -77.268139831298683, -10.175269140793672, 0.0 ], [ -77.268483612776379, -10.17473112033853, 0.0 ], [ -77.26871207396654, -10.174270411389225, 0.0 ], [ -77.269248659971169, -10.173692787826099, 0.0 ], [ -77.269787136586345, -10.173382978985989, 0.0 ], [ -77.270248376773225, -10.173073695327826, 0.0 ], [ -77.270709075107263, -10.172687895721506, 0.0 ], [ -77.271014763282523, -10.172226654805876, 0.0 ], [ -77.271166253312543, -10.171804743397862, 0.0 ], [ -77.271433871160653, -10.171420293879221, 0.0 ], [ -77.271932640189476, -10.170957713555834, 0.0 ], [ -77.272199715313121, -10.170496739291014, 0.0 ], [ -77.272505937173619, -10.170112014171714, 0.0 ], [ -77.272541309130474, -10.169652648254326, 0.0 ], [ -77.272688204875436, -10.168580343194746, 0.0 ], [ -77.272952017857904, -10.167660279390645, 0.0 ], [ -77.273023843738898, -10.166894575799555, 0.0 ], [ -77.273482640141097, -10.166240978217433, 0.0 ], [ -77.274098060051514, -10.165892366492226, 0.0 ], [ -77.274675951142015, -10.165697050871412, 0.0 ], [ -77.275060210655298, -10.16542656140189, 0.0 ], [ -77.275483635810929, -10.165232320333864, 0.0 ], [ -77.2757534032785, -10.165153922374122, 0.0 ], [ -77.275792025259761, -10.165153655808163, 0.0 ], [ -77.276002919829637, -10.164941763474399, 0.0 ], [ -77.2763860962704, -10.164518243319598, 0.0 ], [ -77.276807894399752, -10.164094447223921, 0.0 ], [ -77.277191609845531, -10.163747443551131, 0.0 ], [ -77.277615034774044, -10.163553202249767, 0.0 ], [ -77.277961212028458, -10.163359493194479, 0.0 ], [ -77.278383010178615, -10.162935707546641, 0.0 ], [ -77.278611984095718, -10.162551515069101, 0.0 ], [ -77.27864789912698, -10.16216866362026, 0.0 ], [ -77.278641925993298, -10.16132698841362, 0.0 ], [ -77.278812854933847, -10.16092406867751, 0.0 ], [ -77.279117983788538, -10.160386313340325, 0.0 ], [ -77.279288590403908, -10.160178102888443, 0.0 ], [ -77.279653988202597, -10.159732163571759, 0.0 ], [ -77.280036877517475, -10.159270382123104, 0.0 ], [ -77.280533994393068, -10.158578256373474, 0.0 ], [ -77.280994119488469, -10.158115931443328, 0.0 ], [ -77.281453429380988, -10.15753883999743, 0.0 ], [ -77.281613727199172, -10.157313162100865, 0.0 ], [ -77.281676361862466, -10.157151727244289, 0.0 ], [ -77.282206744843677, -10.156368787331632, 0.0 ], [ -77.282407675340608, -10.155963542499856, 0.0 ], [ -77.28267255379312, -10.155196507386215, 0.0 ], [ -77.28293878286452, -10.154620757821446, 0.0 ], [ -77.283111053125154, -10.154409129486373, 0.0 ], [ -77.283607882858945, -10.153678730984462, 0.0 ], [ -77.284144146302197, -10.153062844472121, 0.0 ], [ -77.285027382474908, -10.152368016625308, 0.0 ], [ -77.285873633733701, -10.151903000666328, 0.0 ], [ -77.286605125594562, -10.151591824805779, 0.0 ], [ -77.287335257450948, -10.151089355448232, 0.0 ], [ -77.287872051982163, -10.150549973597974, 0.0 ], [ -77.288524403957538, -10.149971530226903, 0.0 ], [ -77.289369550896453, -10.149353483915499, 0.0 ], [ -77.289751258123829, -10.149086423162629, 0.0 ], [ -77.290654028844642, -10.14822042596905, 0.0 ], [ -77.290665397319202, -10.142032140427023, 0.0 ], [ -77.295915439423439, -10.142282152185425, 0.0 ], [ -77.29683598653564, -10.140939478089193, 0.0 ], [ -77.296876592401034, -10.140893749115639, 0.0 ], [ -77.297066226677615, -10.140232191304127, 0.0 ], [ -77.297371041167196, -10.139656173986264, 0.0 ], [ -77.29779167841113, -10.139079338770093, 0.0 ], [ -77.298079772984295, -10.1388668946843, 0.0 ], [ -77.298694841839435, -10.138479990059228, 0.0 ], [ -77.299086032885398, -10.138263231071297, 0.0 ], [ -77.299657596040561, -10.123894015175338, 0.0 ], [ -77.308778108358595, -10.123830095826175, 0.0 ], [ -77.30864895701859, -10.105755848415191, 0.0 ], [ -77.317768899543182, -10.105691793485226, 0.0 ], [ -77.317704160741854, -10.096654720185525, 0.0 ], [ -77.326823788157299, -10.096590471924447, 0.0 ], [ -77.326693985702278, -10.078516426600757, 0.0 ], [ -77.317574865915077, -10.07858055753421, 0.0 ], [ -77.317326644684826, -10.07505527405317, 0.0 ], [ -77.319719079607651, -10.065277736014709, 0.0 ], [ -77.321821980786922, -10.058980799710266, 0.0 ], [ -77.323634274415028, -10.056008706195632, 0.0 ], [ -77.326238233231621, -10.053861745572041, 0.0 ], [ -77.326313285854411, -10.049707724332265, 0.0 ], [ -77.327448989188198, -10.047363404413733, 0.0 ], [ -77.327455698736259, -10.040977362337468, 0.0 ], [ -77.32763368145018, -10.040002517184321, 0.0 ], [ -77.32677029806969, -10.039245440631191, 0.0 ], [ -77.326282464594698, -10.038501621469294, 0.0 ], [ -77.325597847472878, -10.038904778270917, 0.0 ], [ -77.324895886666809, -10.039411196301229, 0.0 ], [ -77.324680993478054, -10.039049244626314, 0.0 ], [ -77.324427911330304, -10.038744948747864, 0.0 ], [ -77.323920383314785, -10.037945070266776, 0.0 ], [ -77.323606400013247, -10.037220350953563, 0.0 ], [ -77.323177986142852, -10.036687729309101, 0.0 ], [ -77.322847435818403, -10.036345715765798, 0.0 ], [ -77.322536185187531, -10.036003565630612, 0.0 ], [ -77.322339642528505, -10.0355075754756, 0.0 ], [ -77.322047966842462, -10.035203546055607, 0.0 ], [ -77.321988568129697, -10.034993538444432, 0.0 ], [ -77.322043329494903, -10.034553176210297, 0.0 ], [ -77.322234416777491, -10.034284025193527, 0.0 ], [ -77.322543754735378, -10.034358377627884, 0.0 ], [ -77.322891828795235, -10.034451586311389, 0.0 ], [ -77.323414144330258, -10.034620092631535, 0.0 ], [ -77.323663946608931, -10.034465305255589, 0.0 ], [ -77.323815341063181, -10.034043396694049, 0.0 ], [ -77.323942385736927, -10.032913868066657, 0.0 ], [ -77.32424667407949, -10.032280462998378, 0.0 ], [ -77.324744636446482, -10.031741349036658, 0.0 ], [ -77.324990069242006, -10.030974450149101, 0.0 ], [ -77.325387710834718, -10.029900414442229, 0.0 ], [ -77.325480930670224, -10.02944065433258, 0.0 ], [ -77.3254205754764, -10.029096747182214, 0.0 ], [ -77.325243199279683, -10.028581495482133, 0.0 ], [ -77.325104557248551, -10.028085101825923, 0.0 ], [ -77.324831776965951, -10.027723553201273, 0.0 ], [ -77.324847937601263, -10.027283462802158, 0.0 ], [ -77.325249534659577, -10.026764153771699, 0.0 ], [ -77.325479349925146, -10.026513860684192, 0.0 ], [ -77.32549346424328, -10.025786842731648, 0.0 ], [ -77.325604073149549, -10.025059148615405, 0.0 ], [ -77.325755736179559, -10.024675496196119, 0.0 ], [ -77.326292693582019, -10.024193497738525, 0.0 ], [ -77.326598473847014, -10.023770506520078, 0.0 ], [ -77.326747131899126, -10.022966028066898, 0.0 ], [ -77.326683914253351, -10.022220423788912, 0.0 ], [ -77.326578550877301, -10.020977747959913, 0.0 ], [ -77.326730210954935, -10.0205940966058, 0.0 ], [ -77.326901169678564, -10.020210310009706, 0.0 ], [ -77.326877779337508, -10.019636591112492, 0.0 ], [ -77.326796900216621, -10.019120663196304, 0.0 ], [ -77.326966222243129, -10.018507334522722, 0.0 ], [ -77.327154431542212, -10.017836485351269, 0.0 ], [ -77.327324162032795, -10.017280542067747, 0.0 ], [ -77.327146247216632, -10.016688776220533, 0.0 ], [ -77.32714010894361, -10.015827995450651, 0.0 ], [ -77.327367461333338, -10.015233390156665, 0.0 ], [ -77.32780927566499, -10.014943352758632, 0.0 ], [ -77.328367699275077, -10.01476727398537, 0.0 ], [ -77.328888208327598, -10.014687108578341, 0.0 ], [ -77.329346452116113, -10.013995237621897, 0.0 ], [ -77.329362065091644, -10.013478633330553, 0.0 ], [ -77.329591459997744, -10.013170954802524, 0.0 ], [ -77.32974379724314, -10.012882945275079, 0.0 ], [ -77.329934321561183, -10.012537280777105, 0.0 ], [ -77.330009193478617, -10.01221155507652, 0.0 ], [ -77.33021887910121, -10.011846626533714, 0.0 ], [ -77.330390104141571, -10.011501096422757, 0.0 ], [ -77.330657956159001, -10.011174018306015, 0.0 ], [ -77.330810156186686, -10.010866879976126, 0.0 ], [ -77.330959351941402, -10.01013891752479, 0.0 ], [ -77.33103354006748, -10.009717550228499, 0.0 ], [ -77.331011646673346, -10.009354245748726, 0.0 ], [ -77.330911198119551, -10.008800197364314, 0.0 ], [ -77.330753947718961, -10.00839958350473, 0.0 ], [ -77.330635567068541, -10.008036954479723, 0.0 ], [ -77.330591785112176, -10.007310344206365, 0.0 ], [ -77.330721819990586, -10.006601644151846, 0.0 ], [ -77.330718408044902, -10.006123433752002, 0.0 ], [ -77.330811893868145, -10.005701931280857, 0.0 ], [ -77.33090565252111, -10.005318686236004, 0.0 ], [ -77.331153384332367, -10.004876973742798, 0.0 ], [ -77.331440665958297, -10.004568889692862, 0.0 ], [ -77.331708649145128, -10.004260940824098, 0.0 ], [ -77.331938718645546, -10.004048903237084, 0.0 ], [ -77.332148125640586, -10.003645718513621, 0.0 ], [ -77.331662955475039, -10.003266532849365, 0.0 ], [ -77.331621511570376, -10.002823029362757, 0.0 ], [ -77.319214963005649, -9.99691761034291, 0.0 ] ] ] ] } },
{ "type": "Feature", "properties": { "Coord_X": null, "Coord_Y": null, "Departamen": null, "Provincia": null, "Distrito": null, "Perim_km": null, "Area_SIG": null, "AreaL_Ha": null, "Dpto": null, "Provincia_2": null, "Distrito_2": null, "Nombre": null, "Perim_km_2": null, "Coord_X_2": null, "Coord_Y_2": null, "AreaL_Ha_2": null, "Area_SIG_2": null, "OBJECTID": 4, "Area": 21433.047500299999, "Descrip": "Pacra", "Perim_Km_3": 85.61108321, "Shape_Leng": 85611.08321, "Shape_Area": 214330475.00299996 }, "geometry": { "type": "MultiPolygon", "coordinates": [ [ [ [ -77.942522870039241, -8.447320086239278, 0.0 ], [ -77.942523363164653, -8.447256858121603, 0.0 ], [ -77.942523775088773, -8.447202662672932, 0.0 ], [ -77.942533322233032, -8.447139548065257, 0.0 ], [ -77.942542861875836, -8.447085374331133, 0.0 ], [ -77.942561374094154, -8.447040436213889, 0.0 ], [ -77.942597910831438, -8.447004575318937, 0.0 ], [ -77.942625395375558, -8.446968601803281, 0.0 ], [ -77.942662089291517, -8.446923798005752, 0.0 ], [ -77.942707679322297, -8.446887959379547, 0.0 ], [ -77.942753345324675, -8.446852209614839, 0.0 ], [ -77.942798929223144, -8.44682549432822, 0.0 ], [ -77.942835547117994, -8.446780600758338, 0.0 ], [ -77.942863030718314, -8.446744627245405, 0.0 ], [ -77.9428996442943, -8.446708856101367, 0.0 ], [ -77.942927045777708, -8.446681915260598, 0.0 ], [ -77.942945314566828, -8.446663984804045, 0.0 ], [ -77.942972711740111, -8.446646166388485, 0.0 ], [ -77.943009086912951, -8.446628370804511, 0.0 ], [ -77.94303656527714, -8.446601519720975, 0.0 ], [ -77.943073101927737, -8.446565658810123, 0.0 ], [ -77.943109632677704, -8.446538829996705, 0.0 ], [ -77.943137116921662, -8.446502946812165, 0.0 ], [ -77.943164520187693, -8.446476005951491, 0.0 ], [ -77.943191997622932, -8.44644915487104, 0.0 ], [ -77.943219400659217, -8.446422304349333, 0.0 ], [ -77.943228616346246, -8.446404261284508, 0.0 ], [ -77.943246965394806, -8.446377298165944, 0.0 ], [ -77.94327444961641, -8.446341414979765, 0.0 ], [ -77.943311062437488, -8.446305554392467, 0.0 ], [ -77.943347680221237, -8.446260659907368, 0.0 ], [ -77.943393345184347, -8.446224911022536, 0.0 ], [ -77.943439016934505, -8.446180130032289, 0.0 ], [ -77.943484763291139, -8.446135258140538, 0.0 ], [ -77.943548615775981, -8.446090612347518, 0.0 ], [ -77.943612549418873, -8.446036932081306, 0.0 ], [ -77.943676401862618, -8.445992285374471, 0.0 ], [ -77.943731120042472, -8.445956558727136, 0.0 ], [ -77.943794729808275, -8.445939009982187, 0.0 ], [ -77.94386738605138, -8.445930514677368, 0.0 ], [ -77.943949008292122, -8.445940197604598, 0.0 ], [ -77.944021501269589, -8.445949769401491, 0.0 ], [ -77.944093913961964, -8.44596837202754, 0.0 ], [ -77.944157274290404, -8.445986953289523, 0.0 ], [ -77.944211660922988, -8.445996389312823, 0.0 ], [ -77.944247868414493, -8.446005781388738, 0.0 ], [ -77.944275021248671, -8.446014969648832, 0.0 ], [ -77.944293126673415, -8.446015103575933, 0.0 ], [ -77.944320362286561, -8.446015351309921, 0.0 ], [ -77.944347596077733, -8.446015598152334, 0.0 ], [ -77.944365864750523, -8.445997666758798, 0.0 ], [ -77.944393185806788, -8.445979759418018, 0.0 ], [ -77.944438770344604, -8.445953043102781, 0.0 ], [ -77.94448443513653, -8.445917294136875, 0.0 ], [ -77.944539072026728, -8.445890600059304, 0.0 ], [ -77.944602925200371, -8.445845953238802, 0.0 ], [ -77.944666776764748, -8.445801216086291, 0.0 ], [ -77.944739682947372, -8.445756680924948, 0.0 ], [ -77.944812581670618, -8.445721089321166, 0.0 ], [ -77.944876433862007, -8.445676441579497, 0.0 ], [ -77.944931151838574, -8.44564071481679, 0.0 ], [ -77.94498578864399, -8.44561402070036, 0.0 ], [ -77.945031454241445, -8.445578271694142, 0.0 ], [ -77.945076963369786, -8.445551555901766, 0.0 ], [ -77.945113656159535, -8.445506661680987, 0.0 ], [ -77.945159408742086, -8.445452847936133, 0.0 ], [ -77.945177919922756, -8.445407820392381, 0.0 ], [ -77.945205566408404, -8.445353780612427, 0.0 ], [ -77.945224158738597, -8.445299720420982, 0.0 ], [ -77.945242677349839, -8.445245750219989, 0.0 ], [ -77.945270322920706, -8.445191711352269, 0.0 ], [ -77.945288915233974, -8.445137650259799, 0.0 ], [ -77.945307514305867, -8.445074557079602, 0.0 ], [ -77.945335241703745, -8.445011575899473, 0.0 ], [ -77.945371940279344, -8.444957649599965, 0.0 ], [ -77.945399579747175, -8.444912733156734, 0.0 ], [ -77.945427063881752, -8.444876759580596, 0.0 ], [ -77.945454466635411, -8.44484990899144, 0.0 ], [ -77.945472816363946, -8.444822945837958, 0.0 ], [ -77.945491165183014, -8.444795982691284, 0.0 ], [ -77.945509433760122, -8.444778053087818, 0.0 ], [ -77.945527857876883, -8.444751089374412, 0.0 ], [ -77.945555260608373, -8.444724237880147, 0.0 ], [ -77.945591797734679, -8.444688376864493, 0.0 ], [ -77.945637463172147, -8.444652627842542, 0.0 ], [ -77.94569234323157, -8.444598835754563, 0.0 ], [ -77.945747147980683, -8.444545045133891, 0.0 ], [ -77.945783920858403, -8.444491118269616, 0.0 ], [ -77.94581156700869, -8.444437169739391, 0.0 ], [ -77.945839219907953, -8.444374189125204, 0.0 ], [ -77.945857974431405, -8.444302062756028, 0.0 ], [ -77.945867600652946, -8.444229825298816, 0.0 ], [ -77.945877147311421, -8.444166709909512, 0.0 ], [ -77.945877558904328, -8.444112513708392, 0.0 ], [ -77.945868916605903, -8.444058206760086, 0.0 ], [ -77.945869402606419, -8.44400401090194, 0.0 ], [ -77.945860761909586, -8.443949794278391, 0.0 ], [ -77.945851958213055, -8.443913550802446, 0.0 ], [ -77.94585228868219, -8.443868389050644, 0.0 ], [ -77.945843566836771, -8.443823204165636, 0.0 ], [ -77.94583476315556, -8.443786961590895, 0.0 ], [ -77.945826115718432, -8.443741777047608, 0.0 ], [ -77.94582652733861, -8.443687580843235, 0.0 ], [ -77.945836153590633, -8.443615343388062, 0.0 ], [ -77.94585483373244, -8.443543217588751, 0.0 ], [ -77.945891613991037, -8.443480348998474, 0.0 ], [ -77.945937359753685, -8.443435477020799, 0.0 ], [ -77.946001130319956, -8.443399862811003, 0.0 ], [ -77.946073948226086, -8.443373302892516, 0.0 ], [ -77.946155824948093, -8.443337823448102, 0.0 ], [ -77.946246829931553, -8.443302455983103, 0.0 ], [ -77.946328700081864, -8.443275918253935, 0.0 ], [ -77.946401356313046, -8.443267513000377, 0.0 ], [ -77.946483064834553, -8.443259130857422, 0.0 ], [ -77.946564772660992, -8.443250658365423, 0.0 ], [ -77.946646481163725, -8.44324227619075, 0.0 ], [ -77.946710003249194, -8.443242790972869, 0.0 ], [ -77.946764396155103, -8.443243194675178, 0.0 ], [ -77.946818945280668, -8.443234656409485, 0.0 ], [ -77.946873339080696, -8.443235059186829, 0.0 ], [ -77.946927888405284, -8.443226428760479, 0.0 ], [ -77.947000467695247, -8.443217935450241, 0.0 ], [ -77.947082258180188, -8.443200519644922, 0.0 ], [ -77.947155074781165, -8.443174049909841, 0.0 ], [ -77.947218845353518, -8.443138345214122, 0.0 ], [ -77.947264509534676, -8.443102596120525, 0.0 ], [ -77.947292075191939, -8.443057680213478, 0.0 ], [ -77.947310504946103, -8.443021685321407, 0.0 ], [ -77.947328934683995, -8.442985688622926, 0.0 ], [ -77.94732964888361, -8.442981168139301, 0.0 ], [ -77.947329313371284, -8.442976293300269, 0.0 ], [ -77.947329382369105, -8.442945945438208, 0.0 ], [ -77.947329509301881, -8.442913429021031, 0.0 ], [ -77.947329677371712, -8.442886330784987, 0.0 ], [ -77.947330083003237, -8.442841167619129, 0.0 ], [ -77.947330251088474, -8.442814071189698, 0.0 ], [ -77.947312475282217, -8.442768773855986, 0.0 ], [ -77.947294700395787, -8.44272347741647, 0.0 ], [ -77.947258737335773, -8.44268707797343, 0.0 ], [ -77.947161905298188, -8.442433368927007, 0.0 ], [ -77.947151846259501, -8.44243327027878, 0.0 ], [ -77.947134237699771, -8.442360875592035, 0.0 ], [ -77.947134812393429, -8.442288615976283, 0.0 ], [ -77.94712633232281, -8.442216242924616, 0.0 ], [ -77.947117852945681, -8.44214396020458, 0.0 ], [ -77.947118432578222, -8.442062667622341, 0.0 ], [ -77.947128142280945, -8.441981487911043, 0.0 ], [ -77.947137929716348, -8.441891185252956, 0.0 ], [ -77.94717495329698, -8.441801128418355, 0.0 ], [ -77.94722111002514, -8.441702150603064, 0.0 ], [ -77.947267192356406, -8.441603175156494, 0.0 ], [ -77.947286027772478, -8.441522016213161, 0.0 ], [ -77.947277634724216, -8.441431579368169, 0.0 ], [ -77.947260109207477, -8.441350152028473, 0.0 ], [ -77.947224395584939, -8.441277622563867, 0.0 ], [ -77.947197730196905, -8.441214148268545, 0.0 ], [ -77.947170908147612, -8.441159796606504, 0.0 ], [ -77.947135032286198, -8.441105333295264, 0.0 ], [ -77.947099237797104, -8.441041746098248, 0.0 ], [ -77.947063443100603, -8.440978249233753, 0.0 ], [ -77.947027723719316, -8.440914751795168, 0.0 ], [ -77.946991935814324, -8.440842223742353, 0.0 ], [ -77.946938117175847, -8.440769560330899, 0.0 ], [ -77.94690240369448, -8.440697030796009, 0.0 ], [ -77.946848428856882, -8.440633309319956, 0.0 ], [ -77.946803582035486, -8.440569791074035, 0.0 ], [ -77.94675849105721, -8.440533278593033, 0.0 ], [ -77.946722610378103, -8.440487847268027, 0.0 ], [ -77.946677762905082, -8.440424237757883, 0.0 ], [ -77.946641888108388, -8.440369774345669, 0.0 ], [ -77.946606013316412, -8.440315310023262, 0.0 ], [ -77.946579183985833, -8.440269900015693, 0.0 ], [ -77.946552280961356, -8.440224581800221, 0.0 ], [ -77.946534425198536, -8.440188316987468, 0.0 ], [ -77.946507595888576, -8.440142906968841, 0.0 ], [ -77.946489821310124, -8.440097610413925, 0.0 ], [ -77.946453865397359, -8.44005217779851, 0.0 ], [ -77.9464270419857, -8.439997736596245, 0.0 ], [ -77.946382196233444, -8.439934218244467, 0.0 ], [ -77.946337430071296, -8.439861576010738, 0.0 ], [ -77.946329118581289, -8.439762106408544, 0.0 ], [ -77.946348203643197, -8.439644816562724, 0.0 ], [ -77.946385557756045, -8.43950968840635, 0.0 ], [ -77.94643196518787, -8.439374492159686, 0.0 ], [ -77.946459859597056, -8.439284412832944, 0.0 ], [ -77.94648774904671, -8.439203367382687, 0.0 ], [ -77.946515643671759, -8.439113198623263, 0.0 ], [ -77.946561720259069, -8.439023255366342, 0.0 ], [ -77.946598661867597, -8.438942231269941, 0.0 ], [ -77.946644899859379, -8.438834221840002, 0.0 ], [ -77.946690981581483, -8.438735155278778, 0.0 ], [ -77.94671878979689, -8.43866314157618, 0.0 ], [ -77.946755569012609, -8.43860018276475, 0.0 ], [ -77.946774080836974, -8.438555155300769, 0.0 ], [ -77.946792672917539, -8.438501094302021, 0.0 ], [ -77.946820157325433, -8.438465211151186, 0.0 ], [ -77.946829371618364, -8.438447257560943, 0.0 ], [ -77.946838668226121, -8.438420182792155, 0.0 ], [ -77.946848051649368, -8.438375132749854, 0.0 ], [ -77.946857759986429, -8.438293861814637, 0.0 ], [ -77.946840558718563, -8.438176304722065, 0.0 ], [ -77.946814391672731, -8.438040570326711, 0.0 ], [ -77.946824504781091, -8.437914225641512, 0.0 ], [ -77.946816364117836, -8.437787749039106, 0.0 ], [ -77.946790271546405, -8.437652014068396, 0.0 ], [ -77.946727979875931, -8.437497945244592, 0.0 ], [ -77.9466474267916, -8.437352773836908, 0.0 ], [ -77.946548768810828, -8.437207469331744, 0.0 ], [ -77.946468048295429, -8.437089486437218, 0.0 ], [ -77.94644187476915, -8.43696278311983, 0.0 ], [ -77.94649725290023, -8.436836731311855, 0.0 ], [ -77.946607093102244, -8.436720206291312, 0.0 ], [ -77.946707560636696, -8.436630666251068, 0.0 ], [ -77.946735456127527, -8.436540496636605, 0.0 ], [ -77.946718004778546, -8.436459068587554, 0.0 ], [ -77.946673409077064, -8.436359421043131, 0.0 ], [ -77.94664708003306, -8.43624175094156, 0.0 ], [ -77.946630042423891, -8.436106127584136, 0.0 ], [ -77.946594821902949, -8.435970370827436, 0.0 ], [ -77.946577627856897, -8.435843780663264, 0.0 ], [ -77.946605766091864, -8.435726514954059, 0.0 ], [ -77.946679076429461, -8.43563681783781, 0.0 ], [ -77.946761106567678, -8.435592215301458, 0.0 ], [ -77.946816074253036, -8.435520449141094, 0.0 ], [ -77.946816810015932, -8.435430124221629, 0.0 ], [ -77.946808417690391, -8.435339686356139, 0.0 ], [ -77.946800270564054, -8.435222240895818, 0.0 ], [ -77.946783150971314, -8.435095651092107, 0.0 ], [ -77.946756985425694, -8.434959915686102, 0.0 ], [ -77.946721684817689, -8.434833192450542, 0.0 ], [ -77.946695437229224, -8.434706489673001, 0.0 ], [ -77.946687039783896, -8.434625174194935, 0.0 ], [ -77.946678398956749, -8.434570867201334, 0.0 ], [ -77.946669676698249, -8.434525682284315, 0.0 ], [ -77.946651901673874, -8.434480384747189, 0.0 ], [ -77.94664334206341, -8.434417044205063, 0.0 ], [ -77.94662597901609, -8.434317552284563, 0.0 ], [ -77.946617837983553, -8.434191074713331, 0.0 ], [ -77.946619149201041, -8.434028489200575, 0.0 ], [ -77.946584010560485, -8.433883609382448, 0.0 ], [ -77.946512586791769, -8.433738549708412, 0.0 ], [ -77.946431947906987, -8.433611443560432, 0.0 ], [ -77.94636941457405, -8.433484561741652, 0.0 ], [ -77.946325143767496, -8.433348693086701, 0.0 ], [ -77.946308192988496, -8.433195004899941, 0.0 ], [ -77.946282276668242, -8.433023140247712, 0.0 ], [ -77.946265489331125, -8.43285138674991, 0.0 ], [ -77.946257829164651, -8.432679746232187, 0.0 ], [ -77.946231994212297, -8.432498848908146, 0.0 ], [ -77.946188052737838, -8.432317816625305, 0.0 ], [ -77.946152996543418, -8.432163994336554, 0.0 ], [ -77.946135797293692, -8.4320464361045, 0.0 ], [ -77.94610922611561, -8.431955954963286, 0.0 ], [ -77.946073594702412, -8.431874302013028, 0.0 ], [ -77.946037964907703, -8.431792740283898, 0.0 ], [ -77.94600250356163, -8.4316840802671, 0.0 ], [ -77.945967197890582, -8.431566387936662, 0.0 ], [ -77.945895693790362, -8.431430360557739, 0.0 ], [ -77.945787904344996, -8.431293975195681, 0.0 ], [ -77.94567106709647, -8.431148533564631, 0.0 ], [ -77.945581538860083, -8.431003339316476, 0.0 ], [ -77.945528140653082, -8.430867446790606, 0.0 ], [ -77.945420018674568, -8.430776223030568, 0.0 ], [ -77.945293718338377, -8.430684955086338, 0.0 ], [ -77.945158363557226, -8.430593575312564, 0.0 ], [ -77.945023091909079, -8.430493160994283, 0.0 ], [ -77.944878521984464, -8.43041973279762, 0.0 ], [ -77.944724657148669, -8.430373380130682, 0.0 ], [ -77.944561494637128, -8.430354102109698, 0.0 ], [ -77.944416513250559, -8.430334869081793, 0.0 ], [ -77.94430822993418, -8.430261710186791, 0.0 ], [ -77.944245698097177, -8.430134827586393, 0.0 ], [ -77.944228748698393, -8.429981139860322, 0.0 ], [ -77.944211794238726, -8.429836484217422, 0.0 ], [ -77.94423104914047, -8.429692097855398, 0.0 ], [ -77.944286340573484, -8.429584111186605, 0.0 ], [ -77.944314399134157, -8.429475967619078, 0.0 ], [ -77.944288233640023, -8.4293402316016, 0.0 ], [ -77.944225783604068, -8.429204227744309, 0.0 ], [ -77.944154362941902, -8.429059167005077, 0.0 ], [ -77.944110174262249, -8.42891426407437, 0.0 ], [ -77.944074962989504, -8.428769474416608, 0.0 ], [ -77.944067141846801, -8.428615897888081, 0.0 ], [ -77.944022960228978, -8.428461962810994, 0.0 ], [ -77.943951620281439, -8.428307870203081, 0.0 ], [ -77.943907520103991, -8.428144902418511, 0.0 ], [ -77.943827126750193, -8.427990697021757, 0.0 ], [ -77.943701076852477, -8.427863298019519, 0.0 ], [ -77.943566131034146, -8.427726752970297, 0.0 ], [ -77.943449214588199, -8.42759034266744, 0.0 ], [ -77.943314106274542, -8.427471862805717, 0.0 ], [ -77.943160654567592, -8.427371313600657, 0.0 ], [ -77.943025303266353, -8.427279931590324, 0.0 ], [ -77.942926316907716, -8.427179786671642, 0.0 ], [ -77.942836466395818, -8.427070721790333, 0.0 ], [ -77.942755585612929, -8.426970711987829, 0.0 ], [ -77.942725914659192, -8.426925050628432, 0.0 ], [ -77.94271679507905, -8.426916087876483, 0.0 ], [ -77.942707600193884, -8.426907124785657, 0.0 ], [ -77.942698479700553, -8.426898161136446, 0.0 ], [ -77.94268929178493, -8.426880165928425, 0.0 ], [ -77.942671044738859, -8.426871270737868, 0.0 ], [ -77.94265280466999, -8.426853344332718, 0.0 ], [ -77.942643542359676, -8.426835348777177, 0.0 ], [ -77.942625302293891, -8.426817422369719, 0.0 ], [ -77.942606918590286, -8.426790463166585, 0.0 ], [ -77.942579551976138, -8.426772605212609, 0.0 ], [ -77.942561243583569, -8.426745646343996, 0.0 ], [ -77.94253380864248, -8.426718755928668, 0.0 ], [ -77.942515568573668, -8.426700827705705, 0.0 ], [ -77.94248813364571, -8.426673938188284, 0.0 ], [ -77.942469819196575, -8.426656011423015, 0.0 ], [ -77.942451510134802, -8.426628962211048, 0.0 ], [ -77.942424143531156, -8.426611103336375, 0.0 ], [ -77.942405829087903, -8.426593176566033, 0.0 ], [ -77.942387589037679, -8.426575249236311, 0.0 ], [ -77.942369273697409, -8.426557323373212, 0.0 ], [ -77.942360154120536, -8.426548358800337, 0.0 ], [ -77.942351033643718, -8.426539395137247, 0.0 ], [ -77.942341839683166, -8.426530432024942, 0.0 ], [ -77.942323667964047, -8.426521537148277, 0.0 ], [ -77.942314480070877, -8.426503541018809, 0.0 ], [ -77.942296164737314, -8.426485615149931, 0.0 ], [ -77.94226872982594, -8.426458723799771, 0.0 ], [ -77.942241294932003, -8.426431834253039, 0.0 ], [ -77.942213798703833, -8.426386880123522, 0.0 ], [ -77.942177168952725, -8.426351026554242, 0.0 ], [ -77.942131563260148, -8.426315240292229, 0.0 ], [ -77.942095076225499, -8.426288417709131, 0.0 ], [ -77.94204946964615, -8.426252632342459, 0.0 ], [ -77.942012839915023, -8.426216777844729, 0.0 ], [ -77.941967300967974, -8.426189932783757, 0.0 ], [ -77.941921695317163, -8.426154147387262, 0.0 ], [ -77.941876081766281, -8.426127393209223, 0.0 ], [ -77.941839595670402, -8.426100570583174, 0.0 ], [ -77.941803177888588, -8.426082780414555, 0.0 ], [ -77.94177574303751, -8.426055889007909, 0.0 ], [ -77.941757571341427, -8.426046993189388, 0.0 ], [ -77.941748382588344, -8.426028997943567, 0.0 ], [ -77.941739120359088, -8.426011004151523, 0.0 ], [ -77.94172986330787, -8.42598397734478, 0.0 ], [ -77.941729726707536, -8.425965914225012, 0.0 ], [ -77.941720537958744, -8.42594791897737, 0.0 ], [ -77.941720333967112, -8.425920824290635, 0.0 ], [ -77.941729248608766, -8.425902693305694, 0.0 ], [ -77.941738094950225, -8.425875530760983, 0.0 ], [ -77.941756137035512, -8.425857331339651, 0.0 ], [ -77.941792349896744, -8.425848027745909, 0.0 ], [ -77.94182863196373, -8.425847755701728, 0.0 ], [ -77.941873965267547, -8.425847415786352, 0.0 ], [ -77.941919372960726, -8.425847075307948, 0.0 ], [ -77.941964773658142, -8.425855766946935, 0.0 ], [ -77.942019234400021, -8.425855358572827, 0.0 ], [ -77.942073687240679, -8.425863982319761, 0.0 ], [ -77.942128146163938, -8.425863573943762, 0.0 ], [ -77.942191588917552, -8.42585406612195, 0.0 ], [ -77.942245981336924, -8.425844626160751, 0.0 ], [ -77.942300229233282, -8.425826155209075, 0.0 ], [ -77.942345431967155, -8.42579872001742, 0.0 ], [ -77.942381439849484, -8.425762321711904, 0.0 ], [ -77.942408326596862, -8.425716870306807, 0.0 ], [ -77.942417038065983, -8.425671643738513, 0.0 ], [ -77.942416763911751, -8.425635518430955, 0.0 ], [ -77.942398244592439, -8.425590496979803, 0.0 ], [ -77.942379799670093, -8.425545474968336, 0.0 ], [ -77.942361280369198, -8.42550045441565, 0.0 ], [ -77.942342834551212, -8.42545543240611, 0.0 ], [ -77.942324316162271, -8.425410410938417, 0.0 ], [ -77.94233302583973, -8.425365185287323, 0.0 ], [ -77.942350862037102, -8.425319891197359, 0.0 ], [ -77.942377817992764, -8.425283471350873, 0.0 ], [ -77.942422877966749, -8.42524700517648, 0.0 ], [ -77.942467937931696, -8.425210538999735, 0.0 ], [ -77.942504021061467, -8.42517414013999, 0.0 ], [ -77.942530902371857, -8.425137810286079, 0.0 ], [ -77.942548738541774, -8.425092516198154, 0.0 ], [ -77.942557449111078, -8.425047291449385, 0.0 ], [ -77.94254805633372, -8.425002200655049, 0.0 ], [ -77.942547713871733, -8.424957042893507, 0.0 ], [ -77.942529194605783, -8.424912022344643, 0.0 ], [ -77.942510749729834, -8.424867000332151, 0.0 ], [ -77.942483314292375, -8.42484002043404, 0.0 ], [ -77.942455880435475, -8.424813129052794, 0.0 ], [ -77.942419392665556, -8.424786307367533, 0.0 ], [ -77.942382975920296, -8.424768516308463, 0.0 ], [ -77.942355541167458, -8.424741624922806, 0.0 ], [ -77.942328174728956, -8.424723765992791, 0.0 ], [ -77.942309934798743, -8.424705838626618, 0.0 ], [ -77.942300746084612, -8.424687844293903, 0.0 ], [ -77.942300610386326, -8.424669781175455, 0.0 ], [ -77.942309456678288, -8.424642617736378, 0.0 ], [ -77.942336480692759, -8.42461531980242, 0.0 ], [ -77.94237242110853, -8.424569889971108, 0.0 ], [ -77.942408293212637, -8.424515428584272, 0.0 ], [ -77.942444164407846, -8.424460968107629, 0.0 ], [ -77.942470915393613, -8.424397451806467, 0.0 ], [ -77.942488608878875, -8.424343127635776, 0.0 ], [ -77.942497324641792, -8.424288869881472, 0.0 ], [ -77.942487856635267, -8.424243781446782, 0.0 ], [ -77.942478532226929, -8.424207723097664, 0.0 ], [ -77.942478327318256, -8.424180628433881, 0.0 ], [ -77.942469002914265, -8.424144570083612, 0.0 ], [ -77.942459670609566, -8.424117543858657, 0.0 ], [ -77.942450415419245, -8.424090517054783, 0.0 ], [ -77.942441158416372, -8.424063490263842, 0.0 ], [ -77.94244095260666, -8.424036395605745, 0.0 ], [ -77.94243169742137, -8.42400936880024, 0.0 ], [ -77.942431491613661, -8.423982274141839, 0.0 ], [ -77.942431286037547, -8.423955090046331, 0.0 ], [ -77.942440200627033, -8.423936959070511, 0.0 ], [ -77.942439995727725, -8.423909864405438, 0.0 ], [ -77.942439860035762, -8.423891801288546, 0.0 ], [ -77.94244870723206, -8.423864638751349, 0.0 ], [ -77.942457621819983, -8.423846507776053, 0.0 ], [ -77.942457416921698, -8.423819413111278, 0.0 ], [ -77.942466405899651, -8.423801281578468, 0.0 ], [ -77.942484305186071, -8.423774051169744, 0.0 ], [ -77.942502346253733, -8.423755851764671, 0.0 ], [ -77.942520244635688, -8.423728622265973, 0.0 ], [ -77.942547268582118, -8.423701323439969, 0.0 ], [ -77.942565173949603, -8.423665060919053, 0.0 ], [ -77.942583072310512, -8.423637829613654, 0.0 ], [ -77.942591925592936, -8.423601635869947, 0.0 ], [ -77.942609823950178, -8.423574404564896, 0.0 ], [ -77.942627729315916, -8.423538142948273, 0.0 ], [ -77.942636574907738, -8.423510890086886, 0.0 ], [ -77.94264549039022, -8.423492759106024, 0.0 ], [ -77.942663463144868, -8.423465529050299, 0.0 ], [ -77.94268142980124, -8.423447330202309, 0.0 ], [ -77.94269041875755, -8.423429197767272, 0.0 ], [ -77.94270838631833, -8.423410998912241, 0.0 ], [ -77.942726359065787, -8.423383768856326, 0.0 ], [ -77.942735273635293, -8.423365637882583, 0.0 ], [ -77.942744120809365, -8.42333847534927, 0.0 ], [ -77.942753036284799, -8.423320344368928, 0.0 ], [ -77.942762026150362, -8.423302212830833, 0.0 ], [ -77.942770940717381, -8.42328408185741, 0.0 ], [ -77.942770872415238, -8.423275050304802, 0.0 ], [ -77.942779786988424, -8.423256920234843, 0.0 ], [ -77.942788776845219, -8.423238787793686, 0.0 ], [ -77.942797624022148, -8.42321162616464, 0.0 ], [ -77.942806401982224, -8.42317543208687, 0.0 ], [ -77.942824239011983, -8.42313013801764, 0.0 ], [ -77.942832948668141, -8.423084912388408, 0.0 ], [ -77.942850709712872, -8.423039528551296, 0.0 ], [ -77.942868545835637, -8.42299423539383, 0.0 ], [ -77.942886382856159, -8.422948941326757, 0.0 ], [ -77.942895160809826, -8.422912747251457, 0.0 ], [ -77.942904007965282, -8.422885583818038, 0.0 ], [ -77.942912854226549, -8.422858422198301, 0.0 ], [ -77.942921775778132, -8.422831259110817, 0.0 ], [ -77.942930553729354, -8.422795065036563, 0.0 ], [ -77.942957441897761, -8.422749703103836, 0.0 ], [ -77.942984261758738, -8.422695309620172, 0.0 ], [ -77.943010938238061, -8.422631794810389, 0.0 ], [ -77.943046740944411, -8.422568302812058, 0.0 ], [ -77.943082550629441, -8.42249577779589, 0.0 ], [ -77.943118354217347, -8.422432284888822, 0.0 ], [ -77.943154087684945, -8.422359761349325, 0.0 ], [ -77.943189822950316, -8.422287236893995, 0.0 ], [ -77.943234676745362, -8.422223676125709, 0.0 ], [ -77.943279606056066, -8.422160025355502, 0.0 ], [ -77.943315341288582, -8.422087500902441, 0.0 ], [ -77.943351074703756, -8.422014977367393, 0.0 ], [ -77.94336863234922, -8.421942589223923, 0.0 ], [ -77.943377212342469, -8.421870268401547, 0.0 ], [ -77.943376596690001, -8.4217889835699, 0.0 ], [ -77.94338510162153, -8.421716573876131, 0.0 ], [ -77.943393538934572, -8.421635222968302, 0.0 ], [ -77.943401975335902, -8.421553871164663, 0.0 ], [ -77.94341953906796, -8.421472450921886, 0.0 ], [ -77.9434370948957, -8.421400062800009, 0.0 ], [ -77.943454657716842, -8.421318642566821, 0.0 ], [ -77.943472220767163, -8.421237132898074, 0.0 ], [ -77.943498761224376, -8.421155646254322, 0.0 ], [ -77.943516392332853, -8.421083256669954, 0.0 ], [ -77.943543007177482, -8.421001770374998, 0.0 ], [ -77.94356962200257, -8.420920282275098, 0.0 ], [ -77.943587108826534, -8.420838772282302, 0.0 ], [ -77.943613791942994, -8.420766315732736, 0.0 ], [ -77.943827522202469, -8.420231733150446, 0.0 ], [ -77.943845420386936, -8.420204502771313, 0.0 ], [ -77.943863324664221, -8.420168241192568, 0.0 ], [ -77.943899332917169, -8.420131842056408, 0.0 ], [ -77.943935340263025, -8.420095443829336, 0.0 ], [ -77.943971211002193, -8.420040983415914, 0.0 ], [ -77.944016133717511, -8.419986454222053, 0.0 ], [ -77.94406106182339, -8.419922802592277, 0.0 ], [ -77.944105985428635, -8.419868274293391, 0.0 ], [ -77.944150907200921, -8.419813745103841, 0.0 ], [ -77.944186777883885, -8.419759283785998, 0.0 ], [ -77.944222723855418, -8.419704821903549, 0.0 ], [ -77.944249537363447, -8.419659460559096, 0.0 ], [ -77.944285476329782, -8.41961403078345, 0.0 ], [ -77.944312364216302, -8.419568668881324, 0.0 ], [ -77.944339252104555, -8.41952330788277, 0.0 ], [ -77.94436620669839, -8.419486887195786, 0.0 ], [ -77.944384037419482, -8.419450625267894, 0.0 ], [ -77.944410992688589, -8.419414294914361, 0.0 ], [ -77.944428897800492, -8.419378033332356, 0.0 ], [ -77.944455922270862, -8.41935073360934, 0.0 ], [ -77.944473752073122, -8.419314471688974, 0.0 ], [ -77.944500775642865, -8.419287173778843, 0.0 ], [ -77.944536714552527, -8.41924174400134, 0.0 ], [ -77.944563603300224, -8.41919638209338, 0.0 ], [ -77.944599473885276, -8.41914192077574, 0.0 ], [ -77.944635277058126, -8.419078427911998, 0.0 ], [ -77.9446620266677, -8.419014912606659, 0.0 ], [ -77.944679719834724, -8.418960589416896, 0.0 ], [ -77.944688368010986, -8.418897300201769, 0.0 ], [ -77.944697010108484, -8.418843043084062, 0.0 ], [ -77.944705582988917, -8.41877975443477, 0.0 ], [ -77.944714300383851, -8.418725496753471, 0.0 ], [ -77.944713821310401, -8.418662275988163, 0.0 ], [ -77.944713274162851, -8.418589934246773, 0.0 ], [ -77.944712727696569, -8.418517681935223, 0.0 ], [ -77.94470305489547, -8.418445498062049, 0.0 ], [ -77.944711634785378, -8.41837317821453, 0.0 ], [ -77.944711156639883, -8.418309957441133, 0.0 ], [ -77.944719729536232, -8.418246668794881, 0.0 ], [ -77.944737422682863, -8.418192343808803, 0.0 ], [ -77.944746139405154, -8.418137995797982, 0.0 ], [ -77.94474579697075, -8.4180928381104, 0.0 ], [ -77.944754507392702, -8.418047613440589, 0.0 ], [ -77.944754097563575, -8.417993424207475, 0.0 ], [ -77.944762671370697, -8.417930135557416, 0.0 ], [ -77.944780302292742, -8.417857746940406, 0.0 ], [ -77.944807052550345, -8.417794322895547, 0.0 ], [ -77.944833728629845, -8.417730808165945, 0.0 ], [ -77.94486953079975, -8.417667315341498, 0.0 ], [ -77.944914460185899, -8.417603754074216, 0.0 ], [ -77.944950262342374, -8.417540262153953, 0.0 ], [ -77.944995184714003, -8.41748573298843, 0.0 ], [ -77.945040113156722, -8.417422171727319, 0.0 ], [ -77.945085034597071, -8.417367642567049, 0.0 ], [ -77.945139084149702, -8.417313044952746, 0.0 ], [ -77.945193056800221, -8.417258357574136, 0.0 ], [ -77.945247173731886, -8.417212792400459, 0.0 ], [ -77.945301289736079, -8.417167226327052, 0.0 ], [ -77.945355332244716, -8.417121660801531, 0.0 ], [ -77.945418500134508, -8.417076026835577, 0.0 ], [ -77.945472547790473, -8.417021430121586, 0.0 ], [ -77.945517470940544, -8.416966900933975, 0.0 ], [ -77.945562466653797, -8.416912371201118, 0.0 ], [ -77.945598337874571, -8.416857909900376, 0.0 ], [ -77.945625082109885, -8.416803426713152, 0.0 ], [ -77.945642781194394, -8.416740069658767, 0.0 ], [ -77.945651423207821, -8.416685812577162, 0.0 ], [ -77.945660071303081, -8.416622524309387, 0.0 ], [ -77.945659661418432, -8.416568335116711, 0.0 ], [ -77.945668234219909, -8.416505047414498, 0.0 ], [ -77.945658773351227, -8.416450926102005, 0.0 ], [ -77.945658293572407, -8.416387615049986, 0.0 ], [ -77.945648758331203, -8.416333495196723, 0.0 ], [ -77.945648347555235, -8.416279306009498, 0.0 ], [ -77.945629767411546, -8.416216221038217, 0.0 ], [ -77.945602128400523, -8.416162236044478, 0.0 ], [ -77.945565438417603, -8.416108318921225, 0.0 ], [ -77.945510637680485, -8.416063569649976, 0.0 ], [ -77.945446856093554, -8.416027919758905, 0.0 ], [ -77.94538307270146, -8.41599226986699, 0.0 ], [ -77.945310237662241, -8.415956598398644, 0.0 ], [ -77.945237471607925, -8.415930047878062, 0.0 ], [ -77.945164638169786, -8.415894465797271, 0.0 ], [ -77.945100924022938, -8.415867848276331, 0.0 ], [ -77.945028157981326, -8.415841296802865, 0.0 ], [ -77.944955317563299, -8.41581474677348, 0.0 ], [ -77.94488255154711, -8.415788197072759, 0.0 ], [ -77.944818838317161, -8.415761577679783, 0.0 ], [ -77.944746072312711, -8.415735027947026, 0.0 ], [ -77.944691415271436, -8.415699308582639, 0.0 ], [ -77.944636752145996, -8.41567262311232, 0.0 ], [ -77.944582089926413, -8.415645936721651, 0.0 ], [ -77.944527570381339, -8.41562828130491, 0.0 ], [ -77.944482027428592, -8.415610558590435, 0.0 ], [ -77.944427506981555, -8.415592903163285, 0.0 ], [ -77.944381964040886, -8.415575181337502, 0.0 ], [ -77.944336562846033, -8.415566488690905, 0.0 ], [ -77.944291095205671, -8.415548766287653, 0.0 ], [ -77.944245619630195, -8.415540075089677, 0.0 ], [ -77.944191100325, -8.415522329275417, 0.0 ], [ -77.944145624751059, -8.415513638063997, 0.0 ], [ -77.944100156197877, -8.415495913833581, 0.0 ], [ -77.944054613271859, -8.415478191960652, 0.0 ], [ -77.944009212997258, -8.41546950016626, 0.0 ], [ -77.943963745364698, -8.415451776812617, 0.0 ], [ -77.943918269788654, -8.415443084666888, 0.0 ], [ -77.943881853146408, -8.415425294372769, 0.0 ], [ -77.943836452875331, -8.415416602554888, 0.0 ], [ -77.943790984343551, -8.415398879183135, 0.0 ], [ -77.943754560664729, -8.415390120082876, 0.0 ], [ -77.943709161302962, -8.415381428241053, 0.0 ], [ -77.943672812014256, -8.415372668574552, 0.0 ], [ -77.94363646272609, -8.415363908904103, 0.0 ], [ -77.943600115252835, -8.415355149216117, 0.0 ], [ -77.943563834221038, -8.415355421087584, 0.0 ], [ -77.943536605075906, -8.415355625126651, 0.0 ], [ -77.943500324949184, -8.415355896985476, 0.0 ], [ -77.94347309580246, -8.415356101020157, 0.0 ], [ -77.943436883932876, -8.415365405327291, 0.0 ], [ -77.943391544861043, -8.415374776215286, 0.0 ], [ -77.943355332978484, -8.415384079612799, 0.0 ], [ -77.943319121093111, -8.415393383007579, 0.0 ], [ -77.943273857313869, -8.415402754223207, 0.0 ], [ -77.943237645422371, -8.415412057611718, 0.0 ], [ -77.943201365280572, -8.415412329444765, 0.0 ], [ -77.943165151569829, -8.415421632841076, 0.0 ], [ -77.943128939670615, -8.415430936221044, 0.0 ], [ -77.943101711416716, -8.415431140225012, 0.0 ], [ -77.943074549592396, -8.415440375794415, 0.0 ], [ -77.943047321336508, -8.415440579794844, 0.0 ], [ -77.943010972035452, -8.415431820063793, 0.0 ], [ -77.942974556307092, -8.41541402876063, 0.0 ], [ -77.942947122419113, -8.4153871380959, 0.0 ], [ -77.942919687634543, -8.415360248338066, 0.0 ], [ -77.942901380035835, -8.415333289295281, 0.0 ], [ -77.942873947059127, -8.415306397711511, 0.0 ], [ -77.942855633315858, -8.41528847077744, 0.0 ], [ -77.942828342078627, -8.415270612000269, 0.0 ], [ -77.942810028338968, -8.41525268506274, 0.0 ], [ -77.942782730032107, -8.415243856594383, 0.0 ], [ -77.942755432646749, -8.415235029923581, 0.0 ], [ -77.942737261535754, -8.415226133980216, 0.0 ], [ -77.942710033286517, -8.415226337952129, 0.0 ], [ -77.942682735895573, -8.415217510371923, 0.0 ], [ -77.942664633019405, -8.415217645981516, 0.0 ], [ -77.942637335629072, -8.415208818397581, 0.0 ], [ -77.942610038239408, -8.415199990811319, 0.0 ], [ -77.942591792742164, -8.415191095416745, 0.0 ], [ -77.942573485172915, -8.41516413634789, 0.0 ], [ -77.942564296820549, -8.41514614103718, 0.0 ], [ -77.942564161266958, -8.415128077914318, 0.0 ], [ -77.942554897620028, -8.415110083166944, 0.0 ], [ -77.942563886763537, -8.415091862258597, 0.0 ], [ -77.942572870416171, -8.415082761992506, 0.0 ], [ -77.942600031342025, -8.415073527372305, 0.0 ], [ -77.942627192252374, -8.415064290943995, 0.0 ], [ -77.942663472387395, -8.415064020078425, 0.0 ], [ -77.942699753421564, -8.415063748299383, 0.0 ], [ -77.942745085428086, -8.41506340781196, 0.0 ], [ -77.942781297324402, -8.415054105379232, 0.0 ], [ -77.942826567251004, -8.415035702116986, 0.0 ], [ -77.942862779126742, -8.415026397871609, 0.0 ], [ -77.942908042891673, -8.41501702671493, 0.0 ], [ -77.942944254774929, -8.415007724269959, 0.0 ], [ -77.942980534880661, -8.41500745157027, 0.0 ], [ -77.943025942179077, -8.415007112295301, 0.0 ], [ -77.94306222318923, -8.415006839581297, 0.0 ], [ -77.943098570639222, -8.415015600237963, 0.0 ], [ -77.943143902623788, -8.415015259706484, 0.0 ], [ -77.943180115400892, -8.415005957234932, 0.0 ], [ -77.943225453525542, -8.414996584584385, 0.0 ], [ -77.943261597137209, -8.414978249657617, 0.0 ], [ -77.943306792632029, -8.414959847811385, 0.0 ], [ -77.943343005388499, -8.414950544424547, 0.0 ], [ -77.94337009710803, -8.414932277312335, 0.0 ], [ -77.943397326227668, -8.414932073294986, 0.0 ], [ -77.943424487098042, -8.414922837724635, 0.0 ], [ -77.943451572670327, -8.414913602717021, 0.0 ], [ -77.943487853664678, -8.414913330870077, 0.0 ], [ -77.943524071638265, -8.414894995368559, 0.0 ], [ -77.943578387223212, -8.414885556319986, 0.0 ], [ -77.943632639779025, -8.41485805361526, 0.0 ], [ -77.943695945106796, -8.414830483070324, 0.0 ], [ -77.943750055005054, -8.414793950267006, 0.0 ], [ -77.943813360302229, -8.414766378806153, 0.0 ], [ -77.943876663786853, -8.414738809158399, 0.0 ], [ -77.943930918104755, -8.414711306412926, 0.0 ], [ -77.94398517059868, -8.414683803676164, 0.0 ], [ -77.94403029773369, -8.414656369320207, 0.0 ], [ -77.94407542417845, -8.414628844627702, 0.0 ], [ -77.944111567694733, -8.41461050964781, 0.0 ], [ -77.944156770105195, -8.414583074718934, 0.0 ], [ -77.944192845348155, -8.414555708189269, 0.0 ], [ -77.944237971541298, -8.414528273826221, 0.0 ], [ -77.944274047686235, -8.414500908189266, 0.0 ], [ -77.944319318327473, -8.414482503890547, 0.0 ], [ -77.944364445413967, -8.414455070415364, 0.0 ], [ -77.944409639839449, -8.414436666680592, 0.0 ], [ -77.944455046105588, -8.414436327270295, 0.0 ], [ -77.94450942891865, -8.414435918768316, 0.0 ], [ -77.944545846381885, -8.414453710826796, 0.0 ], [ -77.944582338229637, -8.414471501419838, 0.0 ], [ -77.94461882305643, -8.414498324114252, 0.0 ], [ -77.944646181639371, -8.414525215209281, 0.0 ], [ -77.944682810038799, -8.414561067967748, 0.0 ], [ -77.944728346740121, -8.414587822797079, 0.0 ], [ -77.944773815169299, -8.414605546078699, 0.0 ], [ -77.944819153155109, -8.414596174176326, 0.0 ], [ -77.944853678866977, -8.414578659797984, 0.0 ], [ -77.944855296610058, -8.414577839140984, 0.0 ], [ -77.94487305802528, -8.414532545743411, 0.0 ], [ -77.944872716638571, -8.414487388949288, 0.0 ], [ -77.944863324298382, -8.414442299097425, 0.0 ], [ -77.944862913725004, -8.41438810986654, 0.0 ], [ -77.944853453122235, -8.414333989376649, 0.0 ], [ -77.944843918122118, -8.414279867636413, 0.0 ], [ -77.944825473947134, -8.414234845630549, 0.0 ], [ -77.94479783368115, -8.414180771065244, 0.0 ], [ -77.944770331554523, -8.414144848999543, 0.0 ], [ -77.944724795821614, -8.41411809415092, 0.0 ], [ -77.944712748488854, -8.414115787766582, 0.0 ], [ -77.944679395728286, -8.414109402384128, 0.0 ], [ -77.944633921246421, -8.414100711168933, 0.0 ], [ -77.944588589422381, -8.414101050932222, 0.0 ], [ -77.9445431832076, -8.414101391247829, 0.0 ], [ -77.944488867795329, -8.41411083038466, 0.0 ], [ -77.944443529840825, -8.414120202232327, 0.0 ], [ -77.944407318123552, -8.414129505678693, 0.0 ], [ -77.944362122807675, -8.414147907601325, 0.0 ], [ -77.944316859236721, -8.4141572797827, 0.0 ], [ -77.944271588620964, -8.414175683165105, 0.0 ], [ -77.944235445826564, -8.414194107573771, 0.0 ], [ -77.944199303266004, -8.414212443446635, 0.0 ], [ -77.94417220982254, -8.414230709696357, 0.0 ], [ -77.944127015396873, -8.414249113399555, 0.0 ], [ -77.944090871002317, -8.41426744837616, 0.0 ], [ -77.944045464740924, -8.414267787737643, 0.0 ], [ -77.94399999636731, -8.414250065249655, 0.0 ], [ -77.943954459734385, -8.414223310304527, 0.0 ], [ -77.943917906020886, -8.414187364739048, 0.0 ], [ -77.943872225857277, -8.414151579699547, 0.0 ], [ -77.943826758400377, -8.414133856273889, 0.0 ], [ -77.943781358289115, -8.414125164396877, 0.0 ], [ -77.943736020287659, -8.414134536169183, 0.0 ], [ -77.943699807622409, -8.414143839563296, 0.0 ], [ -77.943654544909776, -8.414153210763407, 0.0 ], [ -77.943609205983137, -8.414162581626684, 0.0 ], [ -77.943563875023926, -8.414162922170853, 0.0 ], [ -77.943509416899573, -8.414163330189727, 0.0 ], [ -77.943464085022185, -8.414163669825882, 0.0 ], [ -77.943418889620574, -8.414182071656523, 0.0 ], [ -77.943382602544617, -8.414191375582782, 0.0 ], [ -77.943346459685344, -8.41420980082782, 0.0 ], [ -77.943310384386294, -8.414237168192827, 0.0 ], [ -77.943274171681679, -8.414246470651044, 0.0 ], [ -77.943228908023485, -8.414255841816422, 0.0 ], [ -77.943192696233581, -8.414265146068255, 0.0 ], [ -77.943147358172368, -8.414274516879603, 0.0 ], [ -77.943102026274062, -8.414274857381809, 0.0 ], [ -77.943056830836582, -8.414293260084298, 0.0 ], [ -77.943020687254347, -8.414311594070849, 0.0 ], [ -77.942975417423952, -8.414329998227309, 0.0 ], [ -77.94293029019552, -8.41435743157149, 0.0 ], [ -77.942894145704827, -8.414375767363909, 0.0 ], [ -77.94283982488615, -8.414394238405748, 0.0 ], [ -77.942794561177323, -8.414403608627111, 0.0 ], [ -77.942749154853729, -8.414403948747692, 0.0 ], [ -77.942712738334322, -8.414386157389028, 0.0 ], [ -77.942685303648062, -8.414359266680421, 0.0 ], [ -77.942675979784639, -8.414323209148497, 0.0 ], [ -77.942666586784298, -8.414278119161564, 0.0 ], [ -77.942657194695073, -8.414233029166777, 0.0 ], [ -77.942656852888135, -8.414187781044605, 0.0 ], [ -77.942656511765477, -8.414142623255959, 0.0 ], [ -77.942647044389886, -8.414097533823101, 0.0 ], [ -77.942646703272075, -8.414052376033849, 0.0 ], [ -77.942646293933223, -8.413998186686589, 0.0 ], [ -77.94264595282641, -8.413953029800416, 0.0 ], [ -77.942636559853113, -8.413907939807759, 0.0 ], [ -77.942627167790917, -8.413862849807231, 0.0 ], [ -77.942617774825464, -8.413817759812449, 0.0 ], [ -77.942590204664697, -8.413772805956814, 0.0 ], [ -77.942562702961908, -8.413736794218547, 0.0 ], [ -77.942526150075722, -8.4137009387963, 0.0 ], [ -77.942489665426478, -8.413674116734253, 0.0 ], [ -77.942453111652199, -8.41363826221089, 0.0 ], [ -77.942416557884627, -8.413602407681751, 0.0 ], [ -77.942388987766122, -8.413557453798303, 0.0 ], [ -77.942370470423739, -8.413512433019706, 0.0 ], [ -77.942370129362018, -8.41346727521784, 0.0 ], [ -77.942378771035521, -8.41341301807536, 0.0 ], [ -77.942387556216886, -8.413367791929817, 0.0 ], [ -77.94240524905787, -8.41331337666796, 0.0 ], [ -77.942414034244536, -8.41326815142679, 0.0 ], [ -77.942422744128109, -8.413222925846551, 0.0 ], [ -77.942431454011412, -8.413177700266745, 0.0 ], [ -77.942421993807713, -8.41312357868552, 0.0 ], [ -77.942412670029057, -8.413087520223472, 0.0 ], [ -77.942385168177069, -8.413051597886492, 0.0 ], [ -77.942339557377196, -8.413024844126429, 0.0 ], [ -77.942294020957519, -8.412998087995145, 0.0 ], [ -77.942257603697868, -8.412980297450835, 0.0 ], [ -77.942221119136477, -8.412953474430042, 0.0 ], [ -77.942193617311304, -8.412917552070086, 0.0 ], [ -77.942175167333261, -8.41288156192844, 0.0 ], [ -77.942165773797427, -8.41283638156105, 0.0 ], [ -77.942156381861651, -8.412791292422824, 0.0 ], [ -77.942156109055702, -8.412755166173039, 0.0 ], [ -77.94213765818624, -8.412719176032345, 0.0 ], [ -77.942119350816881, -8.412692216888553, 0.0 ], [ -77.942091986324044, -8.412674356727392, 0.0 ], [ -77.942073740068466, -8.412665462173052, 0.0 ], [ -77.942046518172432, -8.41265663391707, 0.0 ], [ -77.942028271904491, -8.412647737553298, 0.0 ], [ -77.942001042917525, -8.412647942324233, 0.0 ], [ -77.941955642958789, -8.412639250161684, 0.0 ], [ -77.941910168618421, -8.412630559453468, 0.0 ], [ -77.941837539657413, -8.412622070231318, 0.0 ], [ -77.941755724302624, -8.412595587422487, 0.0 ], [ -77.941673832743774, -8.412569104259884, 0.0 ], [ -77.941610051069304, -8.412533453428205, 0.0 ], [ -77.941564310190088, -8.412479603375781, 0.0 ], [ -77.941527552287724, -8.41241656274935, 0.0 ], [ -77.941508896950424, -8.412353478752644, 0.0 ], [ -77.941481196902998, -8.412281430378462, 0.0 ], [ -77.94146254338726, -8.412218344554116, 0.0 ], [ -77.941434905336337, -8.412164359864004, 0.0 ], [ -77.941398214551057, -8.412110442026735, 0.0 ], [ -77.941370645598127, -8.412065487985183, 0.0 ], [ -77.941343151048187, -8.412020534285963, 0.0 ], [ -77.94130652156629, -8.411984588889908, 0.0 ], [ -77.941279096105859, -8.411948665841358, 0.0 ], [ -77.941242542628203, -8.411912812011732, 0.0 ], [ -77.941205914761795, -8.411876957829751, 0.0 ], [ -77.941169430368916, -8.411850134649336, 0.0 ], [ -77.941132808740363, -8.411805249231447, 0.0 ], [ -77.941105308007536, -8.411769325820815, 0.0 ], [ -77.941059634571403, -8.411724508134851, 0.0 ], [ -77.941023151109007, -8.411697684925498, 0.0 ], [ -77.940977751244361, -8.411688991700451, 0.0 ], [ -77.940941538632288, -8.411698294785339, 0.0 ], [ -77.94090545703439, -8.411734694040081, 0.0 ], [ -77.94087857511262, -8.41177102264129, 0.0 ], [ -77.940860669724714, -8.411807284970036, 0.0 ], [ -77.94084290870083, -8.411852578302373, 0.0 ], [ -77.9408250042151, -8.411888840625025, 0.0 ], [ -77.940798047889572, -8.411925169783398, 0.0 ], [ -77.94078035411269, -8.411979494697841, 0.0 ], [ -77.940753465722779, -8.412024946674755, 0.0 ], [ -77.940726714792561, -8.412088372356687, 0.0 ], [ -77.940699962935753, -8.412151796239712, 0.0 ], [ -77.940691251912256, -8.412197021851203, 0.0 ], [ -77.940673415561193, -8.412242314848115, 0.0 ], [ -77.94066470454284, -8.412287541363911, 0.0 ], [ -77.940655995324946, -8.412332766059869, 0.0 ], [ -77.940638158068097, -8.412378059968582, 0.0 ], [ -77.940629447034169, -8.412423284679107, 0.0 ], [ -77.940620736688544, -8.412468600627195, 0.0 ], [ -77.940611952179296, -8.412513826791775, 0.0 ], [ -77.94060324206535, -8.41255905330342, 0.0 ], [ -77.94059446287325, -8.41259524734369, 0.0 ], [ -77.940576625600016, -8.41264054035234, 0.0 ], [ -77.940549677264144, -8.412667838275791, 0.0 ], [ -77.940522651814135, -8.412695136775699, 0.0 ], [ -77.94048650816076, -8.412713471423384, 0.0 ], [ -77.940441238262096, -8.412731874362599, 0.0 ], [ -77.940405026438754, -8.412741177428504, 0.0 ], [ -77.940368881865368, -8.412759512075453, 0.0 ], [ -77.940332670035644, -8.412768815136147, 0.0 ], [ -77.940314628256459, -8.412787014316759, 0.0 ], [ -77.940287610816867, -8.412805279757622, 0.0 ], [ -77.940269569033745, -8.412823478937439, 0.0 ], [ -77.940242477206965, -8.412841745836738, 0.0 ], [ -77.940215383562915, -8.412860012748622, 0.0 ], [ -77.9401882979693, -8.412869248414179, 0.0 ], [ -77.940161137064138, -8.412878482835039, 0.0 ], [ -77.94014302802222, -8.412887650426589, 0.0 ], [ -77.940115867802248, -8.41289697608229, 0.0 ], [ -77.940088850349539, -8.412915242418562, 0.0 ], [ -77.940070741303359, -8.41292441000793, 0.0 ], [ -77.940052698595878, -8.412942609189843, 0.0 ], [ -77.940034732997148, -8.41296080779451, 0.0 ], [ -77.94001669210067, -8.412979006962324, 0.0 ], [ -77.940009907777352, -8.41298212834635, 0.0 ], [ -77.94000161864912, -8.412984086583146, 0.0 ], [ -77.93999415234164, -8.412986039566613, 0.0 ], [ -77.939988022748736, -8.412986717802744, 0.0 ], [ -77.939978289577866, -8.41298570656128, 0.0 ], [ -77.939911001206909, -8.412970946351082, 0.0 ], [ -77.939761229293637, -8.412782121982003, 0.0 ], [ -77.939618343959239, -8.412613568647885, 0.0 ], [ -77.939522712096831, -8.412431566194117, 0.0 ], [ -77.93935353825907, -8.412239094234687, 0.0 ], [ -77.939302911112804, -8.412162248415717, 0.0 ], [ -77.939110135322849, -8.411865541655267, 0.0 ], [ -77.938917229011494, -8.411541740280871, 0.0 ], [ -77.938815259651122, -8.411253475636492, 0.0 ], [ -77.938677147075566, -8.410983455929095, 0.0 ], [ -77.938649713799236, -8.410956564749169, 0.0 ], [ -77.9384821253295, -8.410388707705831, 0.0 ], [ -77.938480285161745, -8.410144765256335, 0.0 ], [ -77.938488519842466, -8.410036319365739, 0.0 ], [ -77.938459043220817, -8.409738389993311, 0.0 ], [ -77.938431610071859, -8.409711498761329, 0.0 ], [ -77.938429771674123, -8.4094676466196, 0.0 ], [ -77.938401801072828, -8.409359471367273, 0.0 ], [ -77.9383994174176, -8.409043276122659, 0.0 ], [ -77.938399213173213, -8.40901618224167, 0.0 ], [ -77.938316504777674, -8.40888122765381, 0.0 ], [ -77.938326007117723, -8.408563861277786, 0.0 ], [ -77.938286757062286, -8.408547263935162, 0.0 ], [ -77.938259460186345, -8.408538435849094, 0.0 ], [ -77.938241222303162, -8.408520507949003, 0.0 ], [ -77.93823203438626, -8.408502513312179, 0.0 ], [ -77.938222703993503, -8.408475485827642, 0.0 ], [ -77.938213448230712, -8.408448369252325, 0.0 ], [ -77.938204192236668, -8.408421342113767, 0.0 ], [ -77.93819493715165, -8.40839431496776, 0.0 ], [ -77.938176486930686, -8.408358324436966, 0.0 ], [ -77.938158104779546, -8.408331364597776, 0.0 ], [ -77.938139729868524, -8.408295374403574, 0.0 ], [ -77.938112297777366, -8.40826848309829, 0.0 ], [ -77.93808479671965, -8.408232561102158, 0.0 ], [ -77.938066421815236, -8.408196569997097, 0.0 ], [ -77.938038988822711, -8.40816967778588, 0.0 ], [ -77.938011555847581, -8.408142787378079, 0.0 ], [ -77.937984122869395, -8.408115896063702, 0.0 ], [ -77.937956689895003, -8.408089004746058, 0.0 ], [ -77.937929400277795, -8.408071143558216, 0.0 ], [ -77.937902036288222, -8.408053284730146, 0.0 ], [ -77.937883652599041, -8.40802623634568, 0.0 ], [ -77.937856287693549, -8.408008375712681, 0.0 ], [ -77.937828930030321, -8.407981483817695, 0.0 ], [ -77.937801566043845, -8.40796362407548, 0.0 ], [ -77.937774269212738, -8.407954795937602, 0.0 ], [ -77.937746972382271, -8.407945967797396, 0.0 ], [ -77.937719675552472, -8.407937139654864, 0.0 ], [ -77.937692454018602, -8.407928310947394, 0.0 ], [ -77.937665225254563, -8.407928515304825, 0.0 ], [ -77.937646980182578, -8.407919618618104, 0.0 ], [ -77.93761975141804, -8.407919822972163, 0.0 ], [ -77.937592528978215, -8.407910994263339, 0.0 ], [ -77.937565232150902, -8.407902166108006, 0.0 ], [ -77.937528816413547, -8.407884373972566, 0.0 ], [ -77.937492399771457, -8.407866581839384, 0.0 ], [ -77.937446925932761, -8.407857888579526, 0.0 ], [ -77.937410510208665, -8.407840097333134, 0.0 ], [ -77.937365110766734, -8.407831404409679, 0.0 ], [ -77.937319636936991, -8.40782271203601, 0.0 ], [ -77.937283289252719, -8.407813950572395, 0.0 ], [ -77.937246940675436, -8.407805190918305, 0.0 ], [ -77.937210456907039, -8.407778367140136, 0.0 ], [ -77.937192218195875, -8.407760439168658, 0.0 ], [ -77.937173836146357, -8.407733480152913, 0.0 ], [ -77.937146404151605, -8.407706588742922, 0.0 ], [ -77.937128029360437, -8.407670597554773, 0.0 ], [ -77.937100528431074, -8.407634675443047, 0.0 ], [ -77.937073026593282, -8.407598752431012, 0.0 ], [ -77.937045525894845, -8.40756273906759, 0.0 ], [ -77.937018024975359, -8.40752681604134, 0.0 ], [ -77.936981473209798, -8.407490960620153, 0.0 ], [ -77.936953972302021, -8.407455037585532, 0.0 ], [ -77.936926613824326, -8.407428145599033, 0.0 ], [ -77.936899112926724, -8.40739222255719, 0.0 ], [ -77.936880731832957, -8.407365264410906, 0.0 ], [ -77.936862357089097, -8.407329273195813, 0.0 ], [ -77.936843907968253, -8.407293283437603, 0.0 ], [ -77.936825533226099, -8.407257291314979, 0.0 ], [ -77.936816134953759, -8.407221233046608, 0.0 ], [ -77.936797760226241, -8.407185241823878, 0.0 ], [ -77.936788361960311, -8.40714918355323, 0.0 ], [ -77.936769986566972, -8.40711310289622, 0.0 ], [ -77.936751468526836, -8.407068080621228, 0.0 ], [ -77.936733093816386, -8.407032089390693, 0.0 ], [ -77.936714576694172, -8.406987067104238, 0.0 ], [ -77.936696133972532, -8.40694204516311, 0.0 ], [ -77.936686735728856, -8.406905986884391, 0.0 ], [ -77.93667734475703, -8.406860896432683, 0.0 ], [ -77.936668020907447, -8.406824837596572, 0.0 ], [ -77.936658697967857, -8.406788778752812, 0.0 ], [ -77.936658425868288, -8.406752652312905, 0.0 ], [ -77.936649095662688, -8.406725625640297, 0.0 ], [ -77.93664902763841, -8.406716594030216, 0.0 ], [ -77.936648959621039, -8.406707563323486, 0.0 ], [ -77.936639704026121, -8.406680444850172, 0.0 ], [ -77.936639499962112, -8.40665335092298, 0.0 ], [ -77.936639295891993, -8.406626256092391, 0.0 ], [ -77.936629972058768, -8.406590197251861, 0.0 ], [ -77.936620717157808, -8.406563170014056, 0.0 ], [ -77.936602335223853, -8.406536210937125, 0.0 ], [ -77.936574903374606, -8.406509320346613, 0.0 ], [ -77.936556527807909, -8.406473328195686, 0.0 ], [ -77.936547129602332, -8.406437269904579, 0.0 ], [ -77.936546790412564, -8.406392111842559, 0.0 ], [ -77.936564695289078, -8.4063558496563, 0.0 ], [ -77.936600838772321, -8.406337516407397, 0.0 ], [ -77.936628068365437, -8.406337313058389, 0.0 ], [ -77.936664483014155, -8.406355105349208, 0.0 ], [ -77.936673806837121, -8.406391164190129, 0.0 ], [ -77.936692255873368, -8.406427153977837, 0.0 ], [ -77.936701647732903, -8.406472245329615, 0.0 ], [ -77.936720164801926, -8.406517266723281, 0.0 ], [ -77.936729623781147, -8.406571388785284, 0.0 ], [ -77.936757192602045, -8.40661634257147, 0.0 ], [ -77.936775636222052, -8.406661366313154, 0.0 ], [ -77.936803204837162, -8.406706411336206, 0.0 ], [ -77.936821722843945, -8.406751432709985, 0.0 ], [ -77.93684914928258, -8.406787356331838, 0.0 ], [ -77.936876717237936, -8.406832311009328, 0.0 ], [ -77.936904218076549, -8.406868234067897, 0.0 ], [ -77.936931786946261, -8.406913187827096, 0.0 ], [ -77.936968338642984, -8.40694904417736, 0.0 ], [ -77.936995840406965, -8.406984967216815, 0.0 ], [ -77.937032324067374, -8.407011790143141, 0.0 ], [ -77.937059824027827, -8.407047713188017, 0.0 ], [ -77.937096375742314, -8.40708356861442, 0.0 ], [ -77.937123876614862, -8.407119490740808, 0.0 ], [ -77.937151235759671, -8.407146473954173, 0.0 ], [ -77.937187862780434, -8.40718232790001, 0.0 ], [ -77.937215220339539, -8.407209219875099, 0.0 ], [ -77.93723353431875, -8.407227148195316, 0.0 ], [ -77.937260899129754, -8.407245007094325, 0.0 ], [ -77.937279136903399, -8.407262935077, 0.0 ], [ -77.937297450887911, -8.407280863392311, 0.0 ], [ -77.93731568865131, -8.407298789565409, 0.0 ], [ -77.937342986345882, -8.407307618651368, 0.0 ], [ -77.937352105235689, -8.407316582639801, 0.0 ], [ -77.937361299421113, -8.407325546065371, 0.0 ], [ -77.937361366559699, -8.407334577676149, 0.0 ], [ -77.937370555311091, -8.407352573254135, 0.0 ], [ -77.937388800343314, -8.407361469061888, 0.0 ], [ -77.9374159537862, -8.407361266203072, 0.0 ], [ -77.937452166220709, -8.407351962648111, 0.0 ], [ -77.937479257959026, -8.407333696926676, 0.0 ], [ -77.937488179952311, -8.40730653393622, 0.0 ], [ -77.937478781621309, -8.407270475705273, 0.0 ], [ -77.937460474886649, -8.407243516138704, 0.0 ], [ -77.937433042925306, -8.407216624743127, 0.0 ], [ -77.937405610067344, -8.407189734254418, 0.0 ], [ -77.937387235297351, -8.407153743077419, 0.0 ], [ -77.937359733716008, -8.407117729741268, 0.0 ], [ -77.937341283660075, -8.407081739121887, 0.0 ], [ -77.937322908903568, -8.407045747937918, 0.0 ], [ -77.937295408925422, -8.407009824919756, 0.0 ], [ -77.937276890842128, -8.406964802688529, 0.0 ], [ -77.937258516106581, -8.406928812400773, 0.0 ], [ -77.937249185848998, -8.406901784855052, 0.0 ], [ -77.937230812020928, -8.406865793653884, 0.0 ], [ -77.937221488131158, -8.406829735751904, 0.0 ], [ -77.937203039015813, -8.40679374510972, 0.0 ], [ -77.937193715125616, -8.406757686302136, 0.0 ], [ -77.937184392152204, -8.406721628390263, 0.0 ], [ -77.937175061235408, -8.406694511408295, 0.0 ], [ -77.937165806296065, -8.40666748419731, 0.0 ], [ -77.937147356283873, -8.406631492651281, 0.0 ], [ -77.937138033321446, -8.406595434735593, 0.0 ], [ -77.937128708540683, -8.406559375929231, 0.0 ], [ -77.937119317550383, -8.406514286405454, 0.0 ], [ -77.937100869368237, -8.406478294839472, 0.0 ], [ -77.937091544597166, -8.406442236029912, 0.0 ], [ -77.937082221650059, -8.406406178109266, 0.0 ], [ -77.937072824311102, -8.406370119840005, 0.0 ], [ -77.937063499548472, -8.406334061027826, 0.0 ], [ -77.937054176602985, -8.406298002201224, 0.0 ], [ -77.93703565883277, -8.406252889595084, 0.0 ], [ -77.937026266958199, -8.406207799165653, 0.0 ], [ -77.937007681857949, -8.406153746185511, 0.0 ], [ -77.936998289985937, -8.406108654849939, 0.0 ], [ -77.936988899038624, -8.406063565313231, 0.0 ], [ -77.936979508088399, -8.40601847487212, 0.0 ], [ -77.936979167958611, -8.405973316833514, 0.0 ], [ -77.936969632794799, -8.405919196255475, 0.0 ], [ -77.936969292670227, -8.405874038216245, 0.0 ], [ -77.936968885423624, -8.40581984765889, 0.0 ], [ -77.936959492910475, -8.405774667789972, 0.0 ], [ -77.936959152793023, -8.405729509749996, 0.0 ], [ -77.936958812677446, -8.405684351709903, 0.0 ], [ -77.93694036276591, -8.405648361033357, 0.0 ], [ -77.936921989060679, -8.405612369785629, 0.0 ], [ -77.936885436641333, -8.40557651519784, 0.0 ], [ -77.936857867910362, -8.405531559591722, 0.0 ], [ -77.936839350914042, -8.405486538191971, 0.0 ], [ -77.936829960016965, -8.405441447735408, 0.0 ], [ -77.936847864849554, -8.405405185558788, 0.0 ], [ -77.936883941119319, -8.405377819799035, 0.0 ], [ -77.936920219627396, -8.405377548876706, 0.0 ], [ -77.936956499948607, -8.405377277937497, 0.0 ], [ -77.936983932628905, -8.405404170320944, 0.0 ], [ -77.937011365299369, -8.405431060894442, 0.0 ], [ -77.937020757129261, -8.405476152236119, 0.0 ], [ -77.937039198847827, -8.405521174182628, 0.0 ], [ -77.937048665067394, -8.405566264062731, 0.0 ], [ -77.937058056896362, -8.405611353593963, 0.0 ], [ -77.937076573932146, -8.40565637587577, 0.0 ], [ -77.937094948559817, -8.405692367103796, 0.0 ], [ -77.937113397579466, -8.40572835777416, 0.0 ], [ -77.937140891961008, -8.405773312999269, 0.0 ], [ -77.937159340990576, -8.405809303664586, 0.0 ], [ -77.937186843331048, -8.405845317048184, 0.0 ], [ -77.937214275145109, -8.40587220759827, 0.0 ], [ -77.937232581776101, -8.405899168109293, 0.0 ], [ -77.937260013597296, -8.405926058653733, 0.0 ], [ -77.937287447243392, -8.405952950084727, 0.0 ], [ -77.937314948019718, -8.405988873124226, 0.0 ], [ -77.937342306379264, -8.406015765110885, 0.0 ], [ -77.937369806258602, -8.406051688149971, 0.0 ], [ -77.93739723900751, -8.406078578670918, 0.0 ], [ -77.937433654552351, -8.4060963717834, 0.0 ], [ -77.937479129072202, -8.40610506420612, 0.0 ], [ -77.937515475667709, -8.406113824808958, 0.0 ], [ -77.937551756031084, -8.406113552887984, 0.0 ], [ -77.937588103540733, -8.406122314379845, 0.0 ], [ -77.937624383909323, -8.406122043355243, 0.0 ], [ -77.937642418396592, -8.406112875617323, 0.0 ], [ -77.937660595320011, -8.406112739828622, 0.0 ], [ -77.937678773157103, -8.406112604935645, 0.0 ], [ -77.937687755921004, -8.406103504816558, 0.0 ], [ -77.937705857548309, -8.406103369588404, 0.0 ], [ -77.937715052614649, -8.406112333909773, 0.0 ], [ -77.937733155142297, -8.406112197770106, 0.0 ], [ -77.937760314832616, -8.406102962760407, 0.0 ], [ -77.937787544387717, -8.406102760240168, 0.0 ], [ -77.937823755787676, -8.406093456700443, 0.0 ], [ -77.9378600352387, -8.406093185661817, 0.0 ], [ -77.93790529836609, -8.406083816297595, 0.0 ], [ -77.937941577813575, -8.406083545251764, 0.0 ], [ -77.937995967033373, -8.406074106792692, 0.0 ], [ -77.938041298194349, -8.406073768110378, 0.0 ], [ -77.938095822603344, -8.406082392842762, 0.0 ], [ -77.938141221814789, -8.406091085746837, 0.0 ], [ -77.938177712659183, -8.406108877312272, 0.0 ], [ -77.938223247984098, -8.406135633400256, 0.0 ], [ -77.938259731596503, -8.406162457115135, 0.0 ], [ -77.938296284178634, -8.406198312415011, 0.0 ], [ -77.938323716982964, -8.406225202845508, 0.0 ], [ -77.938351080830927, -8.406243062586455, 0.0 ], [ -77.938378515236664, -8.406270044241275, 0.0 ], [ -77.938396752982584, -8.406287972170805, 0.0 ], [ -77.938415066925458, -8.406305898626117, 0.0 ], [ -77.938433304674746, -8.406323826552766, 0.0 ], [ -77.938451618634588, -8.406341754811884, 0.0 ], [ -77.93846992535785, -8.406368714324273, 0.0 ], [ -77.938479187593842, -8.406386709318218, 0.0 ], [ -77.938488374529157, -8.406404703970939, 0.0 ], [ -77.938506614101158, -8.406422631877795, 0.0 ], [ -77.938515876340688, -8.406440626869808, 0.0 ], [ -77.938534114101444, -8.40645855478788, 0.0 ], [ -77.938543301962483, -8.406476551237724, 0.0 ], [ -77.93856161501445, -8.406494477687465, 0.0 ], [ -77.938570802871155, -8.406512473232565, 0.0 ], [ -77.938589047865477, -8.406521368988962, 0.0 ], [ -77.938607286540645, -8.406539296894357, 0.0 ], [ -77.938616480720242, -8.40654826028719, 0.0 ], [ -77.938625599605302, -8.406557224242375, 0.0 ], [ -77.938634651329025, -8.406557156596433, 0.0 ], [ -77.938652897233382, -8.406566052341841, 0.0 ], [ -77.938671066936209, -8.406574948655601, 0.0 ], [ -77.938689312841788, -8.406583844398739, 0.0 ], [ -77.938716608650708, -8.406592671602832, 0.0 ], [ -77.938752957104853, -8.406601432955496, 0.0 ], [ -77.938780321894953, -8.406619291740251, 0.0 ], [ -77.938816670351187, -8.40662805308566, 0.0 ], [ -77.938844102319081, -8.40665494436665, 0.0 ], [ -77.938862409078624, -8.406681902942644, 0.0 ], [ -77.938871664810321, -8.406709021310338, 0.0 ], [ -77.938890114946432, -8.406745010912498, 0.0 ], [ -77.938908420814457, -8.406771970393812, 0.0 ], [ -77.938926802887508, -8.406798929303799, 0.0 ], [ -77.938954099626855, -8.406807757380834, 0.0 ], [ -77.93899037910731, -8.406807486215152, 0.0 ], [ -77.93901753968764, -8.406798251105553, 0.0 ], [ -77.939035506072528, -8.40678005261714, 0.0 ], [ -77.939044427945646, -8.406752889632308, 0.0 ], [ -77.939035097594015, -8.406725863073332, 0.0 ], [ -77.939016790815359, -8.406698903606925, 0.0 ], [ -77.938998477049182, -8.406680885951772, 0.0 ], [ -77.938980238360188, -8.406662958976471, 0.0 ], [ -77.938961857201136, -8.406636000061116, 0.0 ], [ -77.938943550425961, -8.406609039684648, 0.0 ], [ -77.938925168365529, -8.406582080772544, 0.0 ], [ -77.938906719146871, -8.406546091163435, 0.0 ], [ -77.938897463201357, -8.40651906403998, 0.0 ], [ -77.938879225425907, -8.406501136145542, 0.0 ], [ -77.93886989509646, -8.406474109576322, 0.0 ], [ -77.938851588344477, -8.406447150093911, 0.0 ], [ -77.938842332407063, -8.406420122966919, 0.0 ], [ -77.938833002090576, -8.406393097298521, 0.0 ], [ -77.93882381512897, -8.406375100852539, 0.0 ], [ -77.9388145591967, -8.406348073723537, 0.0 ], [ -77.938805296949496, -8.406330078742503, 0.0 ], [ -77.938796178075691, -8.406321115694334, 0.0 ], [ -77.938777939408538, -8.40630318779702, 0.0 ], [ -77.938768677164504, -8.406285192814142, 0.0 ], [ -77.938759422147086, -8.406258165674902, 0.0 ], [ -77.938750164636375, -8.406231048214552, 0.0 ], [ -77.93874090962268, -8.406204021073927, 0.0 ], [ -77.938731580229955, -8.406176995391883, 0.0 ], [ -77.938722392373606, -8.406158998946772, 0.0 ], [ -77.938713137365056, -8.406131971804175, 0.0 ], [ -77.938703875130301, -8.406113976817183, 0.0 ], [ -77.938703670936945, -8.406086882939633, 0.0 ], [ -77.93869448309205, -8.406068887395962, 0.0 ], [ -77.938694210827663, -8.406032761021038, 0.0 ], [ -77.938684886854233, -8.405996702288867, 0.0 ], [ -77.938675563797602, -8.405960644452367, 0.0 ], [ -77.938666166349293, -8.405924586267558, 0.0 ], [ -77.938656909541081, -8.405897559133658, 0.0 ], [ -77.938638603741708, -8.405870598716133, 0.0 ], [ -77.938620221750057, -8.405843639769632, 0.0 ], [ -77.938610966762852, -8.405816612619224, 0.0 ], [ -77.938592653071368, -8.405798595827063, 0.0 ], [ -77.938574346382069, -8.405771636313416, 0.0 ], [ -77.938546844642005, -8.405735714306562, 0.0 ], [ -77.938528396412948, -8.405699722839092, 0.0 ], [ -77.93850995271643, -8.405654701038513, 0.0 ], [ -77.938491435538424, -8.405609678881202, 0.0 ], [ -77.938472992753816, -8.405564656165655, 0.0 ], [ -77.938454474680213, -8.405519634010282, 0.0 ], [ -77.93844508360732, -8.405474543656947, 0.0 ], [ -77.938426633599221, -8.405438553093699, 0.0 ], [ -77.93840819175, -8.405393531265966, 0.0 ], [ -77.938389673010349, -8.405348417864458, 0.0 ], [ -77.938371231172653, -8.405303396031877, 0.0 ], [ -77.938343730394834, -8.40526747308212, 0.0 ], [ -77.938325281324879, -8.405231483403746, 0.0 ], [ -77.938297779643563, -8.405195559550908, 0.0 ], [ -77.938270286134383, -8.405150605334109, 0.0 ], [ -77.938233727345875, -8.405123782149206, 0.0 ], [ -77.938206301883696, -8.405087857714969, 0.0 ], [ -77.938178869192001, -8.405060967244603, 0.0 ], [ -77.938142384798127, -8.405034142586954, 0.0 ], [ -77.938114953021525, -8.405007252102466, 0.0 ], [ -77.938087520334733, -8.404980360718145, 0.0 ], [ -77.93806015569416, -8.404962500929992, 0.0 ], [ -77.938041917134399, -8.404944572963901, 0.0 ], [ -77.93801448378305, -8.404917592140444, 0.0 ], [ -77.937996170833159, -8.404899663823107, 0.0 ], [ -77.937977932279281, -8.404881735851973, 0.0 ], [ -77.937959687385728, -8.404872840938676, 0.0 ], [ -77.937941447927457, -8.404854912971611, 0.0 ], [ -77.937923134983691, -8.404836984648647, 0.0 ], [ -77.937904895528746, -8.404819056678683, 0.0 ], [ -77.937886582601962, -8.404801130159525, 0.0 ], [ -77.937868344964699, -8.404783202173123, 0.0 ], [ -77.937850031127283, -8.40476527475451, 0.0 ], [ -77.937831718198709, -8.404747347327655, 0.0 ], [ -77.937813547694205, -8.404738450945217, 0.0 ], [ -77.937795233868044, -8.404720524425766, 0.0 ], [ -77.937776996238597, -8.404702596432315, 0.0 ], [ -77.937758683309355, -8.404684668096499, 0.0 ], [ -77.937740511901595, -8.404675771715855, 0.0 ], [ -77.937722198988737, -8.404657845184001, 0.0 ], [ -77.937713012138218, -8.404639848678945, 0.0 ], [ -77.937694698321295, -8.40462192215154, 0.0 ], [ -77.937685578603777, -8.404612958157808, 0.0 ], [ -77.937676459793863, -8.404603994156941, 0.0 ], [ -77.93767639175644, -8.404594961650915, 0.0 ], [ -77.937658146873829, -8.404586065813174, 0.0 ], [ -77.937639976386123, -8.404577170322051, 0.0 ], [ -77.937621662568503, -8.404559242885663, 0.0 ], [ -77.937594297974357, -8.404541383047187, 0.0 ], [ -77.93756700867695, -8.404523522643579, 0.0 ], [ -77.937530518014484, -8.404505730959498, 0.0 ], [ -77.937503296747295, -8.404496902153697, 0.0 ], [ -77.937457891360012, -8.40449724126657, 0.0 ], [ -77.937421611136998, -8.404497512223838, 0.0 ], [ -77.937376212110976, -8.404488819166589, 0.0 ], [ -77.937339864091015, -8.404479968169689, 0.0 ], [ -77.937303379803041, -8.40445314429819, 0.0 ], [ -77.937275948112131, -8.404426252817089, 0.0 ], [ -77.93724844659161, -8.40439032974, 0.0 ], [ -77.937220946891003, -8.404354406645655, 0.0 ], [ -77.937193446288745, -8.404318483554363, 0.0 ], [ -77.937166020993502, -8.404282560800411, 0.0 ], [ -77.937147571177476, -8.404246570115133, 0.0 ], [ -77.937120138605891, -8.404219678620978, 0.0 ], [ -77.937101765006915, -8.404183688265295, 0.0 ], [ -77.937083383216887, -8.404156729180913, 0.0 ], [ -77.937065076717516, -8.4041297686292, 0.0 ], [ -77.937037576155731, -8.404093846419569, 0.0 ], [ -77.937028246047774, -8.404066818836647, 0.0 ], [ -77.937018921644878, -8.40403066965847, 0.0 ], [ -77.937000480058614, -8.403985647683012, 0.0 ], [ -77.936991081962262, -8.403949590295408, 0.0 ], [ -77.936981691140787, -8.403904498929393, 0.0 ], [ -77.936972299429669, -8.403859409375775, 0.0 ], [ -77.936953781654509, -8.403814387058775, 0.0 ], [ -77.936944390845738, -8.403769295688996, 0.0 ], [ -77.936934932055024, -8.403715175419054, 0.0 ], [ -77.93692546596013, -8.403670084609237, 0.0 ], [ -77.936925125932987, -8.40362492656307, 0.0 ], [ -77.936924853232455, -8.403588709791896, 0.0 ], [ -77.93691552955211, -8.403552651840757, 0.0 ], [ -77.936915325539175, -8.403525557012676, 0.0 ], [ -77.936896951096841, -8.40348956573199, 0.0 ], [ -77.936878570274231, -8.403462606614299, 0.0 ], [ -77.936860195846478, -8.403426616232952, 0.0 ], [ -77.936841679020745, -8.403381592988175, 0.0 ], [ -77.936832220257926, -8.40332747090002, 0.0 ], [ -77.936840931017684, -8.403282246180833, 0.0 ], [ -77.93686788656683, -8.403245915559273, 0.0 ], [ -77.936904098696814, -8.403236613986817, 0.0 ], [ -77.936940445914843, -8.403245374733652, 0.0 ], [ -77.936958894721613, -8.403281364556532, 0.0 ], [ -77.936977270059344, -8.403317355829278, 0.0 ], [ -77.936986660842621, -8.4033624472016, 0.0 ], [ -77.937005109662238, -8.403398437018753, 0.0 ], [ -77.937032678163476, -8.403443391761455, 0.0 ], [ -77.937051120619486, -8.403488414640586, 0.0 ], [ -77.93706963837576, -8.403533436955096, 0.0 ], [ -77.937097205983875, -8.403578390790576, 0.0 ], [ -77.937115650045513, -8.403623503989019, 0.0 ], [ -77.937143285692073, -8.403677491231209, 0.0 ], [ -77.937170854230033, -8.403722445048032, 0.0 ], [ -77.937198422782274, -8.403767399763987, 0.0 ], [ -77.937225916047495, -8.403812355037982, 0.0 ], [ -77.937253416600015, -8.403848278139053, 0.0 ], [ -77.937280985166936, -8.403893231939291, 0.0 ], [ -77.937308485731506, -8.403929155032683, 0.0 ], [ -77.937345037075389, -8.403965011436862, 0.0 ], [ -77.937372537644876, -8.40400093361853, 0.0 ], [ -77.937400038907043, -8.404036947033942, 0.0 ], [ -77.937436591163546, -8.404072801609603, 0.0 ], [ -77.937473073604167, -8.404099626395148, 0.0 ], [ -77.937500507080614, -8.404126516949223, 0.0 ], [ -77.937545974083207, -8.404144241609741, 0.0 ], [ -77.937582321393691, -8.404153003166087, 0.0 ], [ -77.937618668691115, -8.404161762911826, 0.0 ], [ -77.937654948876457, -8.404161491947137, 0.0 ], [ -77.937691296180844, -8.404170252588655, 0.0 ], [ -77.937727576364608, -8.404169981617001, 0.0 ], [ -77.937754871993477, -8.404178809857882, 0.0 ], [ -77.937791220212631, -8.404187571385364, 0.0 ], [ -77.937818447805398, -8.404187367115842, 0.0 ], [ -77.937845677218647, -8.40418716373423, 0.0 ], [ -77.937872836785132, -8.404177928763026, 0.0 ], [ -77.93789992922467, -8.404159662182529, 0.0 ], [ -77.937926947280772, -8.404141397059982, 0.0 ], [ -77.93794492000201, -8.404114165584277, 0.0 ], [ -77.937972011532707, -8.404095899911555, 0.0 ], [ -77.937989977895299, -8.404077700591545, 0.0 ], [ -77.938008019557529, -8.404059501612181, 0.0 ], [ -77.938035180015575, -8.404050266627292, 0.0 ], [ -77.938053146386451, -8.40403206911277, 0.0 ], [ -77.938071255397858, -8.404022811397891, 0.0 ], [ -77.938098414943454, -8.404013576416776, 0.0 ], [ -77.938116381302464, -8.403995377997578, 0.0 ], [ -77.938143473715058, -8.403977111408434, 0.0 ], [ -77.938161583401268, -8.403967944025034, 0.0 ], [ -77.938179548847785, -8.40394974561142, 0.0 ], [ -77.938197657624357, -8.403940578233854, 0.0 ], [ -77.938206709290895, -8.403940510618648, 0.0 ], [ -77.938215692926505, -8.403931412307989, 0.0 ], [ -77.938233869732159, -8.403931275624432, 0.0 ], [ -77.938260962132972, -8.403913009030553, 0.0 ], [ -77.938297106195662, -8.403894674818732, 0.0 ], [ -77.938333249346925, -8.403876340611529, 0.0 ], [ -77.938351078706617, -8.40384007990246, 0.0 ], [ -77.93835993259664, -8.403803885338952, 0.0 ], [ -77.938359661344791, -8.403767758942211, 0.0 ], [ -77.93835026313927, -8.403731700724903, 0.0 ], [ -77.938341007362453, -8.40370467354871, 0.0 ], [ -77.938322625547613, -8.403677715446834, 0.0 ], [ -77.938313438713038, -8.403659718956639, 0.0 ], [ -77.9382952002275, -8.403641790984329, 0.0 ], [ -77.93827688735638, -8.403623863566256, 0.0 ], [ -77.938249590871166, -8.403615036262259, 0.0 ], [ -77.93823142041883, -8.403606138980505, 0.0 ], [ -77.938213174686268, -8.40359724406672, 0.0 ], [ -77.938185879096579, -8.403588414943695, 0.0 ], [ -77.938167707979261, -8.403579429130692, 0.0 ], [ -77.938158521154477, -8.403561432633539, 0.0 ], [ -77.938140275418064, -8.40355253681172, 0.0 ], [ -77.938122029689083, -8.403543641892101, 0.0 ], [ -77.938112910906199, -8.403534677895816, 0.0 ], [ -77.938103792123727, -8.403525713899151, 0.0 ], [ -77.938094673341681, -8.403516749902128, 0.0 ], [ -77.938094605310312, -8.403507718302349, 0.0 ], [ -77.938076358663295, -8.403498821579612, 0.0 ], [ -77.938058121102145, -8.403480893583064, 0.0 ], [ -77.938039672195814, -8.403444903850271, 0.0 ], [ -77.938012170724051, -8.403408980825539, 0.0 ], [ -77.937993729086642, -8.403363958021492, 0.0 ], [ -77.937966159606262, -8.40331900429242, 0.0 ], [ -77.937938591934085, -8.403274048738906, 0.0 ], [ -77.937901971723406, -8.403229162597365, 0.0 ], [ -77.937874472104269, -8.403193240442835, 0.0 ], [ -77.937837851902898, -8.403148353386666, 0.0 ], [ -77.937810350695287, -8.403112339089514, 0.0 ], [ -77.937773798530444, -8.403076483624645, 0.0 ], [ -77.937737248193415, -8.403040629043794, 0.0 ], [ -77.937700696035137, -8.403004772664023, 0.0 ], [ -77.937664212821318, -8.402977949681938, 0.0 ], [ -77.937627728698033, -8.402951125798117, 0.0 ], [ -77.937591178385503, -8.402915271194813, 0.0 ], [ -77.937554626251753, -8.402879414792604, 0.0 ], [ -77.937527125778132, -8.402843491697139, 0.0 ], [ -77.937508676962835, -8.402807501911159, 0.0 ], [ -77.937481175592566, -8.402771578815937, 0.0 ], [ -77.937453683333146, -8.402726624439206, 0.0 ], [ -77.937426114192718, -8.402681579389803, 0.0 ], [ -77.937407597376051, -8.402636556180546, 0.0 ], [ -77.937380028029679, -8.402591602367947, 0.0 ], [ -77.937370705260335, -8.402555542618861, 0.0 ], [ -77.937352398873003, -8.4025285838663, 0.0 ], [ -77.93733401809466, -8.402501624764056, 0.0 ], [ -77.937324762432098, -8.402474596624826, 0.0 ], [ -77.937315500395727, -8.402456601550258, 0.0 ], [ -77.937297194004756, -8.402429640985416, 0.0 ], [ -77.932770449740417, -8.402463404001615, 0.0 ], [ -77.932702574373366, -8.393429951402693, 0.0 ], [ -77.932825144520024, -8.393311470676453, 0.0 ], [ -77.932796015800122, -8.393306924895496, 0.0 ], [ -77.93281934133131, -8.393275488270442, 0.0 ], [ -77.932846297895765, -8.393239158914367, 0.0 ], [ -77.932855010235926, -8.393193934175319, 0.0 ], [ -77.932872846593554, -8.393148639683002, 0.0 ], [ -77.932881491106642, -8.393094383297994, 0.0 ], [ -77.932890202531098, -8.393049157663805, 0.0 ], [ -77.932889795581247, -8.392994967782348, 0.0 ], [ -77.932898581627583, -8.392949652156979, 0.0 ], [ -77.932907226135299, -8.392895394870333, 0.0 ], [ -77.932906887014568, -8.392850236636141, 0.0 ], [ -77.932915530616498, -8.392795979356984, 0.0 ], [ -77.932915123682363, -8.392741790379414, 0.0 ], [ -77.932923836009323, -8.392696563837726, 0.0 ], [ -77.932932622728316, -8.39265133764586, 0.0 ], [ -77.932941267245567, -8.392597081264997, 0.0 ], [ -77.932949978671488, -8.392551855634693, 0.0 ], [ -77.932958690325947, -8.392506539663517, 0.0 ], [ -77.932967543959037, -8.392470345126645, 0.0 ], [ -77.932972857101959, -8.392442764635801, 0.0 ], [ -77.932976256297906, -8.392425120394115, 0.0 ], [ -77.932975985010216, -8.392388993808144, 0.0 ], [ -77.932984764257213, -8.392352799826087, 0.0 ], [ -77.932993550974714, -8.392307573637265, 0.0 ], [ -77.932993211874887, -8.392262416308583, 0.0 ], [ -77.933001924200724, -8.392217189771005, 0.0 ], [ -77.933001585103639, -8.392172032442458, 0.0 ], [ -77.933019347964816, -8.392126739413863, 0.0 ], [ -77.933028066183255, -8.392072391246201, 0.0 ], [ -77.933054811745194, -8.39201799917776, 0.0 ], [ -77.93308156477346, -8.391954574903423, 0.0 ], [ -77.933108316888848, -8.391891150636836, 0.0 ], [ -77.933144052611397, -8.391818628226948, 0.0 ], [ -77.933179857045801, -8.391755136553174, 0.0 ], [ -77.933224855101514, -8.391700608567819, 0.0 ], [ -77.933251600630598, -8.39164621740664, 0.0 ], [ -77.933278420761496, -8.391591734447536, 0.0 ], [ -77.933296190146152, -8.39153740922721, 0.0 ], [ -77.933295783221155, -8.391483220264758, 0.0 ], [ -77.933286257961512, -8.391420066150173, 0.0 ], [ -77.933276657409237, -8.391356911691442, 0.0 ], [ -77.933267132162712, -8.391293757573916, 0.0 ], [ -77.933266725253731, -8.391239568609395, 0.0 ], [ -77.933284426150607, -8.391176122317981, 0.0 ], [ -77.933302121143456, -8.391121796753733, 0.0 ], [ -77.933301714238098, -8.391067607790433, 0.0 ], [ -77.933301375146712, -8.391022449568105, 0.0 ], [ -77.933273808360369, -8.390977494089405, 0.0 ], [ -77.933237325814588, -8.390950670197386, 0.0 ], [ -77.933201047618823, -8.390950940326125, 0.0 ], [ -77.933173887729168, -8.390960173804517, 0.0 ], [ -77.933155990179472, -8.390987404423251, 0.0 ], [ -77.933147134730277, -8.391023598059311, 0.0 ], [ -77.933147405989018, -8.391059724642194, 0.0 ], [ -77.933147745064147, -8.391104882870696, 0.0 ], [ -77.933148017232739, -8.391141009446674, 0.0 ], [ -77.933139304898987, -8.391186235072201, 0.0 ], [ -77.93313059414362, -8.391231550122569, 0.0 ], [ -77.933112688193717, -8.391267812054254, 0.0 ], [ -77.933094925349423, -8.391313105071605, 0.0 ], [ -77.933077020301667, -8.391349366997204, 0.0 ], [ -77.933059188729601, -8.391385628375975, 0.0 ], [ -77.933041352392706, -8.391430921038427, 0.0 ], [ -77.933014462825696, -8.391476282014946, 0.0 ], [ -77.93298771726819, -8.391530674071104, 0.0 ], [ -77.932951634975311, -8.39156707134434, 0.0 ], [ -77.932906508730667, -8.391594503803695, 0.0 ], [ -77.932861246853022, -8.391603872964465, 0.0 ], [ -77.932815774962876, -8.391595179378285, 0.0 ], [ -77.932797469587925, -8.391568219212106, 0.0 ], [ -77.932788147828859, -8.391532160003951, 0.0 ], [ -77.932796928010134, -8.391495966018594, 0.0 ], [ -77.932805707283734, -8.391459772040314, 0.0 ], [ -77.932823544558985, -8.391414479371997, 0.0 ], [ -77.932841308346738, -8.391369186347935, 0.0 ], [ -77.932859077799719, -8.391314861129382, 0.0 ], [ -77.932867789265472, -8.391269636408259, 0.0 ], [ -77.932885627425065, -8.391224341928771, 0.0 ], [ -77.932903388711097, -8.391178958585947, 0.0 ], [ -77.932903049667942, -8.391133801251025, 0.0 ], [ -77.932893660115013, -8.391088710396712, 0.0 ], [ -77.932875211670961, -8.391052719139866, 0.0 ], [ -77.93283879783877, -8.391034925942096, 0.0 ], [ -77.932811570126574, -8.391035128655302, 0.0 ], [ -77.932775428428457, -8.391053462038281, 0.0 ], [ -77.932748403223314, -8.391080759701181, 0.0 ], [ -77.932721522019349, -8.391117088445325, 0.0 ], [ -77.932685447198779, -8.391144452576887, 0.0 ], [ -77.932658489785581, -8.39118078188744, 0.0 ], [ -77.932613357640619, -8.391217336843681, 0.0 ], [ -77.932577282808964, -8.391244701874337, 0.0 ], [ -77.932541207971767, -8.391272066903372, 0.0 ], [ -77.932496081708877, -8.391299499314195, 0.0 ], [ -77.932459939058546, -8.39131783268823, 0.0 ], [ -77.932414738390449, -8.39134526474386, 0.0 ], [ -77.932378594829856, -8.391363599023249, 0.0 ], [ -77.932342519057144, -8.391390964049249, 0.0 ], [ -77.932315426904822, -8.391409230041349, 0.0 ], [ -77.932288477840103, -8.391436527124494, 0.0 ], [ -77.932261385681514, -8.391454793114789, 0.0 ], [ -77.932243277142234, -8.391463959169121, 0.0 ], [ -77.932216184979012, -8.391482225157681, 0.0 ], [ -77.932198287329214, -8.391509454860037, 0.0 ], [ -77.932171262056158, -8.391536753410801, 0.0 ], [ -77.932144237672929, -8.391564050147512, 0.0 ], [ -77.932126406896927, -8.391600310606691, 0.0 ], [ -77.932108433951143, -8.391627541772658, 0.0 ], [ -77.932090536053153, -8.391654860912825, 0.0 ], [ -77.932072563103091, -8.391682092078813, 0.0 ], [ -77.932063782843983, -8.391718285168871, 0.0 ], [ -77.932045876771383, -8.391754547092949, 0.0 ], [ -77.932037098331364, -8.39179074107356, 0.0 ], [ -77.932028318076519, -8.391826935067966, 0.0 ], [ -77.932019463428915, -8.391863128713045, 0.0 ], [ -77.932001632648877, -8.391899390981457, 0.0 ], [ -77.931983726560247, -8.391935652003932, 0.0 ], [ -77.931965895775321, -8.391971914272888, 0.0 ], [ -77.931947922794095, -8.3919991436341, 0.0 ], [ -77.931920830581475, -8.392017409619397, 0.0 ], [ -77.93189374587152, -8.392026644291121, 0.0 ], [ -77.931866585853527, -8.39203587771517, 0.0 ], [ -77.93184834079041, -8.392026981361983, 0.0 ], [ -77.931830171934436, -8.392018085343821, 0.0 ], [ -77.931811926865748, -8.392009188085019, 0.0 ], [ -77.931784564392359, -8.391991328334548, 0.0 ], [ -77.931766393717709, -8.391982431422511, 0.0 ], [ -77.931729979799016, -8.391964638135214, 0.0 ], [ -77.931702684206073, -8.391955809137082, 0.0 ], [ -77.931675388613783, -8.391946980136643, 0.0 ], [ -77.931657212251594, -8.391947115422298, 0.0 ], [ -77.931639110274588, -8.391947250153471, 0.0 ], [ -77.931620933911802, -8.391947385437456, 0.0 ], [ -77.931593706106227, -8.391947588088424, 0.0 ], [ -77.931575536342393, -8.391938691158607, 0.0 ], [ -77.93155715570947, -8.391911730568198, 0.0 ], [ -77.931556884576537, -8.391875604838521, 0.0 ], [ -77.931574722919123, -8.39183031126124, 0.0 ], [ -77.931601611790711, -8.39178495032473, 0.0 ], [ -77.93162843196481, -8.391730557737445, 0.0 ], [ -77.931655178655134, -8.391676165697639, 0.0 ], [ -77.931682066839826, -8.391630715330894, 0.0 ], [ -77.93169990516455, -8.391585421756286, 0.0 ], [ -77.931708683640466, -8.39154922777373, 0.0 ], [ -77.931726521961238, -8.391503934200072, 0.0 ], [ -77.931744420565209, -8.39147670540455, 0.0 ], [ -77.931771377189023, -8.39144037612761, 0.0 ], [ -77.931807385229803, -8.391403978578943, 0.0 ], [ -77.931843323675992, -8.391358551193262, 0.0 ], [ -77.93188832194501, -8.391304023311443, 0.0 ], [ -77.931942363214858, -8.391258460281156, 0.0 ], [ -77.931987359874242, -8.391203842068611, 0.0 ], [ -77.932041402031885, -8.391158279929861, 0.0 ], [ -77.932095517647554, -8.39111271633767, 0.0 ], [ -77.932158684667399, -8.391067085368711, 0.0 ], [ -77.932221852577953, -8.391021454387841, 0.0 ], [ -77.932275961559284, -8.390984922990839, 0.0 ], [ -77.932330145821467, -8.390948391029347, 0.0 ], [ -77.93237513557861, -8.390902896253086, 0.0 ], [ -77.932411144418779, -8.390866498677919, 0.0 ], [ -77.932447082747672, -8.390821071277152, 0.0 ], [ -77.932483098168703, -8.390775642398564, 0.0 ], [ -77.932518901116154, -8.390712061353508, 0.0 ], [ -77.932563823021226, -8.390657534018139, 0.0 ], [ -77.932608678023101, -8.39059397502475, 0.0 ], [ -77.932653676103584, -8.390539447120563, 0.0 ], [ -77.932707580665507, -8.390475820758338, 0.0 ], [ -77.932761697918764, -8.390430257118862, 0.0 ], [ -77.932815745542769, -8.390375661840979, 0.0 ], [ -77.93286066828604, -8.390321135395036, 0.0 ], [ -77.932905590332652, -8.390266517710263, 0.0 ], [ -77.932950519627497, -8.390202958157625, 0.0 ], [ -77.932977272652934, -8.39013953392228, 0.0 ], [ -77.932994899899853, -8.390076177626776, 0.0 ], [ -77.932994425285727, -8.390012956998211, 0.0 ], [ -77.932992304200937, -8.38999699442563, 0.0 ], [ -77.932984832388811, -8.389940771195599, 0.0 ], [ -77.932957130156055, -8.389877753261521, 0.0 ], [ -77.932938477725287, -8.389814576709636, 0.0 ], [ -77.932928952661655, -8.389751423451228, 0.0 ], [ -77.932937460736753, -8.389679101989415, 0.0 ], [ -77.932964145966253, -8.389606647020608, 0.0 ], [ -77.932981779801011, -8.389534257626917, 0.0 ], [ -77.932999340169388, -8.389461870588139, 0.0 ], [ -77.932989745742034, -8.389389595355112, 0.0 ], [ -77.932962112275348, -8.38933560814459, 0.0 ], [ -77.932925425634025, -8.389281688320027, 0.0 ], [ -77.93288880861239, -8.389236800123578, 0.0 ], [ -77.932861242975022, -8.389191845449325, 0.0 ], [ -77.932842802176864, -8.389146821043278, 0.0 ], [ -77.932851378099542, -8.389083533036166, 0.0 ], [ -77.932869147557128, -8.38902920784798, 0.0 ], [ -77.93289582461334, -8.388965693863899, 0.0 ], [ -77.932931629001757, -8.388902203184214, 0.0 ], [ -77.93295831422256, -8.388829747327879, 0.0 ], [ -77.932994117680124, -8.388766255753319, 0.0 ], [ -77.933020802887299, -8.388693799899478, 0.0 ], [ -77.933056607241809, -8.388630309223243, 0.0 ], [ -77.93309234288013, -8.388557786003666, 0.0 ], [ -77.933146389595379, -8.388503100446375, 0.0 ], [ -77.933218608372627, -8.388457402106997, 0.0 ], [ -77.933290826223057, -8.388411703766831, 0.0 ], [ -77.9333631175314, -8.388366004872154, 0.0 ], [ -77.933408040035587, -8.388311477561366, 0.0 ], [ -77.933425667232896, -8.388248122197252, 0.0 ], [ -77.933416210011359, -8.388193999701761, 0.0 ], [ -77.933388575737709, -8.388140013419656, 0.0 ], [ -77.933342839011473, -8.388086069739467, 0.0 ], [ -77.93330615432825, -8.388032150815011, 0.0 ], [ -77.933296696230784, -8.387978028315384, 0.0 ], [ -77.933305339902375, -8.387923771071787, 0.0 ], [ -77.933332092833851, -8.387860346879501, 0.0 ], [ -77.933358913559374, -8.387805955237042, 0.0 ], [ -77.933376472971361, -8.387733567330134, 0.0 ], [ -77.933394174565251, -8.387670211419344, 0.0 ], [ -77.93341173420184, -8.3875977331735, 0.0 ], [ -77.9334384193169, -8.387525277341759, 0.0 ], [ -77.93345605310283, -8.387452888886118, 0.0 ], [ -77.933482662916447, -8.387380433617594, 0.0 ], [ -77.933500296703016, -8.387308046067924, 0.0 ], [ -77.933526981798394, -8.387235590241719, 0.0 ], [ -77.93354454141668, -8.387163112003767, 0.0 ], [ -77.933588385735092, -8.386955047128037, 0.0 ], [ -77.933606539871448, -8.386929022487761, 0.0 ], [ -77.933578717713061, -8.386882861902592, 0.0 ], [ -77.93356912409034, -8.386810677025114, 0.0 ], [ -77.933559597573066, -8.386747431649106, 0.0 ], [ -77.933559123965807, -8.386684211035277, 0.0 ], [ -77.933558648548001, -8.386620990434722, 0.0 ], [ -77.933558174941354, -8.386557768917109, 0.0 ], [ -77.933557768218222, -8.386503579050462, 0.0 ], [ -77.933557293718124, -8.386440358442503, 0.0 ], [ -77.93354783569626, -8.386386235040501, 0.0 ], [ -77.933538304209165, -8.386332113087466, 0.0 ], [ -77.93351979513794, -8.386277967611864, 0.0 ], [ -77.933501212374665, -8.386223913924978, 0.0 ], [ -77.933482770871706, -8.386178890430331, 0.0 ], [ -77.933464188115636, -8.386124835834726, 0.0 ], [ -77.933454731049409, -8.386070714222605, 0.0 ], [ -77.933436282960457, -8.386034722920396, 0.0 ], [ -77.933426892770186, -8.385989632054473, 0.0 ], [ -77.933426690338464, -8.385962537110446, 0.0 ], [ -77.93341736793279, -8.385926477889024, 0.0 ], [ -77.933426080332808, -8.38588125320169, 0.0 ], [ -77.933434791140726, -8.385835937283648, 0.0 ], [ -77.9334435779176, -8.385790711140217, 0.0 ], [ -77.933443171248072, -8.385736521265878, 0.0 ], [ -77.93345181495657, -8.385682264037799, 0.0 ], [ -77.933451409198355, -8.385628074156816, 0.0 ], [ -77.933459985138199, -8.385564786187199, 0.0 ], [ -77.933459577570403, -8.385510596319795, 0.0 ], [ -77.933450189225468, -8.38546550543648, 0.0 ], [ -77.933440730616965, -8.385411292585173, 0.0 ], [ -77.933422282581333, -8.38537530127009, 0.0 ], [ -77.933394852863032, -8.385348408942235, 0.0 ], [ -77.933358438739319, -8.385330615619999, 0.0 ], [ -77.933321957753421, -8.385303790639588, 0.0 ], [ -77.933294594910095, -8.385285929954438, 0.0 ], [ -77.933267165205933, -8.385259037612393, 0.0 ], [ -77.933239808982478, -8.38523214472033, 0.0 ], [ -77.933221497420547, -8.385214216675092, 0.0 ], [ -77.933212310617165, -8.385196221634036, 0.0 ], [ -77.933202981656123, -8.385169194594678, 0.0 ], [ -77.933193660227545, -8.385133136249685, 0.0 ], [ -77.933184337881102, -8.385097076103866, 0.0 ], [ -77.933184066821241, -8.385060950414649, 0.0 ], [ -77.933174676713676, -8.38501585861936, 0.0 ], [ -77.933183320716424, -8.384961511950161, 0.0 ], [ -77.93318298188899, -8.384916353709094, 0.0 ], [ -77.933191625663795, -8.384862097381928, 0.0 ], [ -77.933209395987248, -8.38480777224391, 0.0 ], [ -77.933218176191033, -8.384771578303926, 0.0 ], [ -77.933226954580064, -8.384735384377752, 0.0 ], [ -77.933235944696392, -8.384717253180682, 0.0 ], [ -77.933244928193119, -8.384708154184974, 0.0 ], [ -77.933253843917541, -8.384690022638102, 0.0 ], [ -77.933262758747773, -8.384671892904754, 0.0 ], [ -77.93328080012175, -8.384653694359686, 0.0 ], [ -77.933289647178086, -8.384626532075579, 0.0 ], [ -77.933307619876274, -8.384599301889788, 0.0 ], [ -77.933316467837727, -8.384572139599328, 0.0 ], [ -77.933316196098318, -8.384535922675553, 0.0 ], [ -77.933315992802889, -8.38450882773359, 0.0 ], [ -77.933324772091737, -8.384472633803215, 0.0 ], [ -77.933324434175134, -8.384427475560035, 0.0 ], [ -77.933342271343435, -8.384382182985417, 0.0 ], [ -77.933369158847213, -8.384336822167025, 0.0 ], [ -77.933386990290487, -8.384300560883625, 0.0 ], [ -77.93341394555091, -8.384264231712383, 0.0 ], [ -77.933440901720758, -8.384227903437557, 0.0 ], [ -77.933467994311684, -8.384209636641579, 0.0 ], [ -77.933495009808055, -8.384191372225033, 0.0 ], [ -77.933531294890912, -8.384182070079261, 0.0 ], [ -77.933567437819022, -8.384163736838786, 0.0 ], [ -77.933594665034363, -8.384163534238164, 0.0 ], [ -77.933630807048957, -8.384145201000225, 0.0 ], [ -77.933667016829332, -8.384135899404784, 0.0 ], [ -77.933694177176761, -8.384126665146781, 0.0 ], [ -77.933712143216397, -8.38410846715735, 0.0 ], [ -77.933730182967167, -8.384090179183, 0.0 ], [ -77.933748149003478, -8.384071981193054, 0.0 ], [ -77.933757063789145, -8.384053849654064, 0.0 ], [ -77.933775105120418, -8.384035652006954, 0.0 ], [ -77.933793144622214, -8.384017452566377, 0.0 ], [ -77.933802061226089, -8.383999321917313, 0.0 ], [ -77.933810976021917, -8.383981192185182, 0.0 ], [ -77.933829017334077, -8.38396299273086, 0.0 ], [ -77.933828948661386, -8.383953961997538, 0.0 ], [ -77.933837932128185, -8.383944862998785, 0.0 ], [ -77.933846914687436, -8.383935764006733, 0.0 ], [ -77.933855898153411, -8.383926665007852, 0.0 ], [ -77.933864955995986, -8.383917564552025, 0.0 ], [ -77.93388298889154, -8.383908399113778, 0.0 ], [ -77.933910149214739, -8.38389916484798, 0.0 ], [ -77.933937376403279, -8.383898962230056, 0.0 ], [ -77.93397358614574, -8.38388966061668, 0.0 ], [ -77.934000744649225, -8.383880426359305, 0.0 ], [ -77.934036886610201, -8.38386209309942, 0.0 ], [ -77.934073097257922, -8.383852792375443, 0.0 ], [ -77.934100188877096, -8.383834525561539, 0.0 ], [ -77.93413633083351, -8.383816193198898, 0.0 ], [ -77.934163490225089, -8.383806958023255, 0.0 ], [ -77.934190649621584, -8.38379772374952, 0.0 ], [ -77.934217733725333, -8.383788490034709, 0.0 ], [ -77.934244826251557, -8.383770225014585, 0.0 ], [ -77.934271916953875, -8.383751959103609, 0.0 ], [ -77.934299008560444, -8.383733693184896, 0.0 ], [ -77.934335151393825, -8.383715359900242, 0.0 ], [ -77.93437129330907, -8.383697025716835, 0.0 ], [ -77.934398384912456, -8.383678760697487, 0.0 ], [ -77.934434459042862, -8.383651395775148, 0.0 ], [ -77.934461482170335, -8.383624007877311, 0.0 ], [ -77.934479380362617, -8.383596778234432, 0.0 ], [ -77.934497285158685, -8.38356051730314, 0.0 ], [ -77.934524308947388, -8.383533218835662, 0.0 ], [ -77.934551258355441, -8.383505921824563, 0.0 ], [ -77.934587406848934, -8.383478557246903, 0.0 ], [ -77.934632599947633, -8.383460155682059, 0.0 ], [ -77.93466867494638, -8.383432790743855, 0.0 ], [ -77.934704681251276, -8.383396395077584, 0.0 ], [ -77.93473156853625, -8.383351034241976, 0.0 ], [ -77.934740280813116, -8.383305808689245, 0.0 ], [ -77.934748925308668, -8.383251552404015, 0.0 ], [ -77.93475764259604, -8.383197204334621, 0.0 ], [ -77.934784462987281, -8.383142811859088, 0.0 ], [ -77.934811343658296, -8.383106483216187, 0.0 ], [ -77.934856679786947, -8.38309711362216, 0.0 ], [ -77.934902008411029, -8.383096776219169, 0.0 ], [ -77.934956530425268, -8.38310540342105, 0.0 ], [ -77.935001859039446, -8.383105065102914, 0.0 ], [ -77.935047118957982, -8.383095696055783, 0.0 ], [ -77.935083336067279, -8.383077362180641, 0.0 ], [ -77.93511021670777, -8.383041034431706, 0.0 ], [ -77.935146223827559, -8.383004636937578, 0.0 ], [ -77.935173179741909, -8.382968307724152, 0.0 ], [ -77.935218447135995, -8.382949907374428, 0.0 ], [ -77.93525465672009, -8.382940604780259, 0.0 ], [ -77.935299986223697, -8.382940268234396, 0.0 ], [ -77.935345456994057, -8.382948961864523, 0.0 ], [ -77.93539071687384, -8.382939592786904, 0.0 ], [ -77.93543597765003, -8.382930222794712, 0.0 ], [ -77.935481380614632, -8.38292988477807, 0.0 ], [ -77.935535760402388, -8.382929480827165, 0.0 ], [ -77.935590213657008, -8.382929075418399, 0.0 ], [ -77.935635677843038, -8.382946801196216, 0.0 ], [ -77.93567209083028, -8.382964594357162, 0.0 ], [ -77.93569952223335, -8.382991485615918, 0.0 ], [ -77.935726817129904, -8.383000315428067, 0.0 ], [ -77.935754111113212, -8.383009144341308, 0.0 ], [ -77.935781338187823, -8.38300894071417, 0.0 ], [ -77.935817547752308, -8.382999638974301, 0.0 ], [ -77.93584463920962, -8.382981372991452, 0.0 ], [ -77.935880781863759, -8.382963039613214, 0.0 ], [ -77.93590779803084, -8.382944775091813, 0.0 ], [ -77.935925771375281, -8.382917544867199, 0.0 ], [ -77.935952861913464, -8.382899278887276, 0.0 ], [ -77.93598002116228, -8.382890043622661, 0.0 ], [ -77.936007038225597, -8.382871779090987, 0.0 ], [ -77.936052373345348, -8.382862409385156, 0.0 ], [ -77.936088515066928, -8.38284407600166, 0.0 ], [ -77.93613370797874, -8.382825675216946, 0.0 ], [ -77.936179043092196, -8.382816306402741, 0.0 ], [ -77.936215321343354, -8.382816036253391, 0.0 ], [ -77.936242479667456, -8.382806800981514, 0.0 ], [ -77.936269632339361, -8.382806598782794, 0.0 ], [ -77.936296859394034, -8.382806396028293, 0.0 ], [ -77.936333136733296, -8.382806125875184, 0.0 ], [ -77.936360295971866, -8.382796892396298, 0.0 ], [ -77.936405488848564, -8.382778490683293, 0.0 ], [ -77.936441638003629, -8.382751125092277, 0.0 ], [ -77.936486830197126, -8.382732633942096, 0.0 ], [ -77.936541215552836, -8.382723196789636, 0.0 ], [ -77.936586544071616, -8.382722860111434, 0.0 ], [ -77.936631940408645, -8.382731554145876, 0.0 ], [ -77.93667741112256, -8.382740246717033, 0.0 ], [ -77.936713824779702, -8.382758130106323, 0.0 ], [ -77.936750238667997, -8.382775923150058, 0.0 ], [ -77.936786651651587, -8.38279371619601, 0.0 ], [ -77.936813947431503, -8.382802545019048, 0.0 ], [ -77.936841241397843, -8.382811373853276, 0.0 ], [ -77.936868460981444, -8.382820203239215, 0.0 ], [ -77.936895688029139, -8.38282000134641, 0.0 ], [ -77.936931966250441, -8.382819730227725, 0.0 ], [ -77.936968175741541, -8.382810429300751, 0.0 ], [ -77.937004528342939, -8.382810157621652, 0.0 ], [ -77.937049855938966, -8.382809819990173, 0.0 ], [ -77.937086134161035, -8.38280954976098, 0.0 ], [ -77.937131461753665, -8.382809212120154, 0.0 ], [ -77.937158756627156, -8.382818040922977, 0.0 ], [ -77.937195034846468, -8.382817770683507, 0.0 ], [ -77.937222329727319, -8.382826600384554, 0.0 ], [ -77.937235126380628, -8.382826504156053, 0.0 ], [ -77.937367507708714, -8.382834550114309, 0.0 ], [ -77.93753267648647, -8.382749586890958, 0.0 ], [ -77.937539241675424, -8.382742950441862, 0.0 ], [ -77.937566054383552, -8.382697498850069, 0.0 ], [ -77.937593009096773, -8.382661169562031, 0.0 ], [ -77.937629014989923, -8.382624773745404, 0.0 ], [ -77.937656107206365, -8.382606507668946, 0.0 ], [ -77.937692315725172, -8.382597205791445, 0.0 ], [ -77.93772859391332, -8.382596936413334, 0.0 ], [ -77.937764872086689, -8.382596665225218, 0.0 ], [ -77.937810341863297, -8.382605358572395, 0.0 ], [ -77.937855671216909, -8.382605020843034, 0.0 ], [ -77.937910125219659, -8.382604615122984, 0.0 ], [ -77.937964503929294, -8.382604209956424, 0.0 ], [ -77.938028008193385, -8.382603736787415, 0.0 ], [ -77.938100570150539, -8.38259416400229, 0.0 ], [ -77.938163932160776, -8.382584659757443, 0.0 ], [ -77.938236426239826, -8.382566055341462, 0.0 ], [ -77.938308912881482, -8.382556483083116, 0.0 ], [ -77.938381401329252, -8.382546910799123, 0.0 ], [ -77.938453820087304, -8.382528306910094, 0.0 ], [ -77.938517257349375, -8.382518802053943, 0.0 ], [ -77.93858062492059, -8.38250026559672, 0.0 ], [ -77.93865304455565, -8.382481661670493, 0.0 ], [ -77.93872546417947, -8.38246305773332, 0.0 ], [ -77.938797958182036, -8.382444454134147, 0.0 ], [ -77.938870376876281, -8.382425850181802, 0.0 ], [ -77.938942728582035, -8.38239821370588, 0.0 ], [ -77.93900609700556, -8.38237967809035, 0.0 ], [ -77.939060347280432, -8.382352177417713, 0.0 ], [ -77.939114455281683, -8.382315645693478, 0.0 ], [ -77.939159585825294, -8.382279091444365, 0.0 ], [ -77.93919545572885, -8.382224631441924, 0.0 ], [ -77.939213149839745, -8.382170306916727, 0.0 ], [ -77.939230919238241, -8.382115981831113, 0.0 ], [ -77.939248613343977, -8.38206165730746, 0.0 ], [ -77.939284483229656, -8.382007198210873, 0.0 ], [ -77.939311369834186, -8.38196183727589, 0.0 ], [ -77.939347376364225, -8.381925439564952, 0.0 ], [ -77.939383247127395, -8.381870979558002, 0.0 ], [ -77.939409997274893, -8.381807465994539, 0.0 ], [ -77.939436748995959, -8.381744041856033, 0.0 ], [ -77.939481534208312, -8.381671452096997, 0.0 ], [ -77.939526461660847, -8.381607891575344, 0.0 ], [ -77.939580364960804, -8.381544265953444, 0.0 ], [ -77.939643529527686, -8.381498634597857, 0.0 ], [ -77.93971574611875, -8.381452935760116, 0.0 ], [ -77.939778977639619, -8.381416336899418, 0.0 ], [ -77.939851335788333, -8.381379578754434, 0.0 ], [ -77.939914560781105, -8.381352011126543, 0.0 ], [ -77.939986918670513, -8.381315343305822, 0.0 ], [ -77.940050219834418, -8.381287775094911, 0.0 ], [ -77.94012257121193, -8.381260140308944, 0.0 ], [ -77.940185871437194, -8.381232571185967, 0.0 ], [ -77.940258221880455, -8.381204936388604, 0.0 ], [ -77.940312396582712, -8.381177436190011, 0.0 ], [ -77.940375629786132, -8.381140836350829, 0.0 ], [ -77.94043480770334, -8.381100097594487, 0.0 ], [ -77.940483925104658, -8.381058740040524, 0.0 ], [ -77.940537964864461, -8.381013176636136, 0.0 ], [ -77.940582959974961, -8.380958648570646, 0.0 ], [ -77.940618896802434, -8.380913129801188, 0.0 ], [ -77.940645648287756, -8.380849705666883, 0.0 ], [ -77.940654291988508, -8.380795450450925, 0.0 ], [ -77.940659376574331, -8.380757921844646, 0.0 ], [ -77.940655788890638, -8.380737788538381, 0.0 ], [ -77.940662363594271, -8.380665223479022, 0.0 ], [ -77.940662323638961, -8.380659909132167, 0.0 ], [ -77.940661781324792, -8.38058765641096, 0.0 ], [ -77.940670220403334, -8.380506304629018, 0.0 ], [ -77.940681509797557, -8.380453915064827, 0.0 ], [ -77.940721005065171, -8.380018013962339, 0.0 ], [ -77.94068242637394, -8.379791025769048, 0.0 ], [ -77.940664514667446, -8.379747473160739, 0.0 ], [ -77.940664176097911, -8.379702315205472, 0.0 ], [ -77.940654717651199, -8.379648194048057, 0.0 ], [ -77.940656377310233, -8.379637758357999, 0.0 ], [ -77.940521666993462, -8.378845151328095, 0.0 ], [ -77.940499210393881, -8.378768508854773, 0.0 ], [ -77.94038125014346, -8.378365917646189, 0.0 ], [ -77.94035437670469, -8.378313415945046, 0.0 ], [ -77.940335934527639, -8.378268301661988, 0.0 ], [ -77.940326545009782, -8.378223212051982, 0.0 ], [ -77.940326205634747, -8.378178054086248, 0.0 ], [ -77.940306558543412, -8.376777958606299, 0.0 ], [ -77.940167039727896, -8.376318272576054, 0.0 ], [ -77.939919098763497, -8.375913586759706, 0.0 ], [ -77.939742421665684, -8.375336759762979, 0.0 ], [ -77.923496005515915, -8.375430334476553, 0.0 ], [ -77.923300041624316, -8.357730014876809, 0.0 ], [ -77.923361200878688, -8.357363249413238, 0.0 ], [ -77.914290497352496, -8.357430197186801, 0.0 ], [ -77.887077936968339, -8.357629796398328, 0.0 ], [ -77.878006934348349, -8.357695914738212, 0.0 ], [ -77.87402069482647, -8.357759167645694, 0.0 ], [ -77.872783865913419, -8.359665302284307, 0.0 ], [ -77.872043921238173, -8.360963585681324, 0.0 ], [ -77.871610593158067, -8.360787455989145, 0.0 ], [ -77.871283430559984, -8.360359566017394, 0.0 ], [ -77.871028010282942, -8.359895298652241, 0.0 ], [ -77.870593371344995, -8.359539899894282, 0.0 ], [ -77.8697277678055, -8.359331049580335, 0.0 ], [ -77.86900800693526, -8.359372128870028, 0.0 ], [ -77.86753431609101, -8.359705519975247, 0.0 ], [ -77.866559135833839, -8.359282324298702, 0.0 ], [ -77.865443881805064, -8.359397974596162, 0.0 ], [ -77.86486969527536, -8.359653125362046, 0.0 ], [ -77.864042709684995, -8.359802540332581, 0.0 ], [ -77.862385336217059, -8.359635262778735, 0.0 ], [ -77.857012750601015, -8.358526730558895, 0.0 ], [ -77.856361852397555, -8.358137018286111, 0.0 ], [ -77.855516515162805, -8.357846732649099, 0.0 ], [ -77.850793482274582, -8.357893025450899, 0.0 ], [ -77.850758200859687, -8.353037304906223, 0.0 ], [ -77.850346256633927, -8.352766142757162, 0.0 ], [ -77.84984276073962, -8.352841482402196, 0.0 ], [ -77.849409704902826, -8.352701175693873, 0.0 ], [ -77.848795602128533, -8.352418748189507, 0.0 ], [ -77.848396466834359, -8.351991345768786, 0.0 ], [ -77.848139515701931, -8.351311926737553, 0.0 ], [ -77.847668120312719, -8.350849188124736, 0.0 ], [ -77.846038193204194, -8.34949837179513, 0.0 ], [ -77.845495838936685, -8.349179565041283, 0.0 ], [ -77.844920081774902, -8.349219559002483, 0.0 ], [ -77.844559033139603, -8.349078727568028, 0.0 ], [ -77.844232946339901, -8.348794220305367, 0.0 ], [ -77.84386748305792, -8.348043862297772, 0.0 ], [ -77.842961488579135, -8.347225672243745, 0.0 ], [ -77.840647315039462, -8.345843878784173, 0.0 ], [ -77.839814628833807, -8.345204434319129, 0.0 ], [ -77.839370959070237, -8.343594071755868, 0.0 ], [ -77.839115327303858, -8.343093912910433, 0.0 ], [ -77.838752989341216, -8.342773801018051, 0.0 ], [ -77.83813916556602, -8.34252720322208, 0.0 ], [ -77.837128300263416, -8.342140021664278, 0.0 ], [ -77.836080658986205, -8.341645530044451, 0.0 ], [ -77.834489391109045, -8.340652929993576, 0.0 ], [ -77.833623309115737, -8.340372271328221, 0.0 ], [ -77.832828195225943, -8.339947675605547, 0.0 ], [ -77.83189192202434, -8.339918510156004, 0.0 ], [ -77.829944275271131, -8.339430428089704, 0.0 ], [ -77.829225036746124, -8.339543133907512, 0.0 ], [ -77.828219082382574, -8.33983716909496, 0.0 ], [ -77.826522287139113, -8.340390846280092, 0.0 ], [ -77.826161506434232, -8.340285847614275, 0.0 ], [ -77.825943439004249, -8.340000548030648, 0.0 ], [ -77.824457616759602, -8.338648576201566, 0.0 ], [ -77.822248960634951, -8.33690731520667, 0.0 ], [ -77.821055539416705, -8.336162811271111, 0.0 ], [ -77.82001049257785, -8.336026816843768, 0.0 ], [ -77.818894988242235, -8.336106463593302, 0.0 ], [ -77.817674818868284, -8.336652994741046, 0.0 ], [ -77.817454541785068, -8.336922515202451, 0.0 ], [ -77.817428166879239, -8.337635014564444, 0.0 ], [ -77.817621667320921, -8.338277014137047, 0.0 ], [ -77.817401791466125, -8.339394014419378, 0.0 ], [ -77.817217041821252, -8.339974514664538, 0.0 ], [ -77.817278666570076, -8.340915639920294, 0.0 ], [ -77.817159166298211, -8.341321764432125, 0.0 ], [ -77.816860041512911, -8.341920013955706, 0.0 ], [ -77.815420041941877, -8.344070014988052, 0.0 ], [ -77.815220042068248, -8.346240014721324, 0.0 ], [ -77.81525004130873, -8.347130015555466, 0.0 ], [ -77.815380041653469, -8.34776001437185, 0.0 ], [ -77.81520641728801, -8.348689138416471, 0.0 ], [ -77.814520041650951, -8.350050015420592, 0.0 ], [ -77.812880041630422, -8.352030014782748, 0.0 ], [ -77.812360042501055, -8.353970015220789, 0.0 ], [ -77.812220041709523, -8.355490015144387, 0.0 ], [ -77.81253404230074, -8.36060988974817, 0.0 ], [ -77.812533041828942, -8.361542014478994, 0.0 ], [ -77.812400042541839, -8.363730014407267, 0.0 ], [ -77.813250042085528, -8.365900014801895, 0.0 ], [ -77.813540041191899, -8.367480014814937, 0.0 ], [ -77.813670040902423, -8.368850014884298, 0.0 ], [ -77.81340453544604, -8.370367446480836, 0.0 ], [ -77.812860041951552, -8.371540015242878, 0.0 ], [ -77.812450041540146, -8.372110013995819, 0.0 ], [ -77.812206561281982, -8.376239083717515, 0.0 ], [ -77.814637653279206, -8.376221751846767, 0.0 ], [ -77.814767745152508, -8.39429054914978, 0.0 ], [ -77.788655537651863, -8.394476323665824, 0.0 ], [ -77.787712487029168, -8.396250101176918, 0.0 ], [ -77.786222987126891, -8.39785785085051, 0.0 ], [ -77.784110236623505, -8.401524101140115, 0.0 ], [ -77.782181611715814, -8.403240226129974, 0.0 ], [ -77.780974736534048, -8.403466850568488, 0.0 ], [ -77.780099861923134, -8.403460725677434, 0.0 ], [ -77.779130611550485, -8.402893350595221, 0.0 ], [ -77.776981862164746, -8.397840975798857, 0.0 ], [ -77.775642612328625, -8.396601600926388, 0.0 ], [ -77.774542987224478, -8.395867227400091, 0.0 ], [ -77.774017611702135, -8.395781226262049, 0.0 ], [ -77.771667987207238, -8.396484350548683, 0.0 ], [ -77.769406610405753, -8.398320232806663, 0.0 ], [ -77.769469008900003, -8.403646916403249, 0.0 ], [ -77.769597439381542, -8.421716387865359, 0.0 ], [ -77.769661761794353, -8.430751116649391, 0.0 ], [ -77.778735313301297, -8.430686929498764, 0.0 ], [ -77.787808793116071, -8.430622533061486, 0.0 ], [ -77.787938493963381, -8.448691697247298, 0.0 ], [ -77.806086079154895, -8.448561995261793, 0.0 ], [ -77.82423337471235, -8.448431454407094, 0.0 ], [ -77.824365050137942, -8.466500035542222, 0.0 ], [ -77.82443099718428, -8.475534319098013, 0.0 ], [ -77.824497017130696, -8.484568597972773, 0.0 ], [ -77.824516165953156, -8.488589889821428, 0.0 ], [ -77.824344042028201, -8.488914389569628, 0.0 ], [ -77.824185042746194, -8.489397764317497, 0.0 ], [ -77.824085166291184, -8.490227264733541, 0.0 ], [ -77.824032791228703, -8.491325015060015, 0.0 ], [ -77.824059291780088, -8.492179265061917, 0.0 ], [ -77.8242512921518, -8.492848139293175, 0.0 ], [ -77.824317541105884, -8.493232265507054, 0.0 ], [ -77.824256542043656, -8.494127265166542, 0.0 ], [ -77.824190041512551, -8.49436001485677, 0.0 ], [ -77.823170040904856, -8.496040014924841, 0.0 ], [ -77.823050041347599, -8.496520014990081, 0.0 ], [ -77.822950042443523, -8.497540015106868, 0.0 ], [ -77.823036791912727, -8.498445889516976, 0.0 ], [ -77.823290041572292, -8.499290014580355, 0.0 ], [ -77.823640041420049, -8.500000015238896, 0.0 ], [ -77.824020041757763, -8.500280015057879, 0.0 ], [ -77.824480042013505, -8.501810015405008, 0.0 ], [ -77.824900042067711, -8.502350015046622, 0.0 ], [ -77.825310042154015, -8.502560014810125, 0.0 ], [ -77.825780041249459, -8.502370014916746, 0.0 ], [ -77.826580041091958, -8.502240014957369, 0.0 ], [ -77.827590041793044, -8.501960014760634, 0.0 ], [ -77.828430042222138, -8.501940014712581, 0.0 ], [ -77.829620041701219, -8.502260015210625, 0.0 ], [ -77.830100041847373, -8.502600014313902, 0.0 ], [ -77.831030042047928, -8.503040015506773, 0.0 ], [ -77.831840042007087, -8.503520015065542, 0.0 ], [ -77.832080041518964, -8.503590015458384, 0.0 ], [ -77.832560042182848, -8.503940015280191, 0.0 ], [ -77.833680041483831, -8.50494001465982, 0.0 ], [ -77.834410041763121, -8.506000014744613, 0.0 ], [ -77.834600041218863, -8.506180015000622, 0.0 ], [ -77.835060042522031, -8.506420015006695, 0.0 ], [ -77.835720042204571, -8.506580014419121, 0.0 ], [ -77.83669004200884, -8.507130014564837, 0.0 ], [ -77.837480041507732, -8.507410014858452, 0.0 ], [ -77.838020041565457, -8.507530015396023, 0.0 ], [ -77.839350042285062, -8.50717001539579, 0.0 ], [ -77.839770041555568, -8.507160015133406, 0.0 ], [ -77.840220042148658, -8.507460014574374, 0.0 ], [ -77.840810041656894, -8.508280015102498, 0.0 ], [ -77.841270041218309, -8.509270014720675, 0.0 ], [ -77.841260042357248, -8.508790015176098, 0.0 ], [ -77.841710042363928, -8.507610015031894, 0.0 ], [ -77.842000041714101, -8.506400015475791, 0.0 ], [ -77.842020042262931, -8.505950014949867, 0.0 ], [ -77.842200041363313, -8.50549001441559, 0.0 ], [ -77.842380042480926, -8.504650014441806, 0.0 ], [ -77.843140040337673, -8.502600014812662, 0.0 ], [ -77.843510040826217, -8.502100015335438, 0.0 ], [ -77.844100041372187, -8.501570015129701, 0.0 ], [ -77.844830041783425, -8.500760015014812, 0.0 ], [ -77.846350041929128, -8.499530015089185, 0.0 ], [ -77.847080042032403, -8.499090014743203, 0.0 ], [ -77.847600042545963, -8.498680014795521, 0.0 ], [ -77.848410041808393, -8.497660015148222, 0.0 ], [ -77.848740041167005, -8.497340014587904, 0.0 ], [ -77.849390042316188, -8.49688001509524, 0.0 ], [ -77.849790040794304, -8.496530015528378, 0.0 ], [ -77.850260041662082, -8.495980015603207, 0.0 ], [ -77.850450041223993, -8.495660015156984, 0.0 ], [ -77.850510041536012, -8.495310015246456, 0.0 ], [ -77.850570040866799, -8.494330015025934, 0.0 ], [ -77.850533041786917, -8.493799640393291, 0.0 ], [ -77.85036891751642, -8.493164390000816, 0.0 ], [ -77.850152292108163, -8.492578889386545, 0.0 ], [ -77.849894541375079, -8.492090015003502, 0.0 ], [ -77.849326416445365, -8.491158390287836, 0.0 ], [ -77.849088542725923, -8.490299514832813, 0.0 ], [ -77.84902916592759, -8.4897181401157, 0.0 ], [ -77.849032916422274, -8.488905765794724, 0.0 ], [ -77.849321041606899, -8.486756514837058, 0.0 ], [ -77.849587292042671, -8.485742265370607, 0.0 ], [ -77.849720041590615, -8.485510015147854, 0.0 ], [ -77.849790040756716, -8.485390014808653, 0.0 ], [ -77.850830042178927, -8.484750015212239, 0.0 ], [ -77.851380041727751, -8.484130014831809, 0.0 ], [ -77.851930042482266, -8.483400014969474, 0.0 ], [ -77.852160041608101, -8.482970015002895, 0.0 ], [ -77.853290042024568, -8.481380014186271, 0.0 ], [ -77.853666916091072, -8.480938014725984, 0.0 ], [ -77.855120041406963, -8.478970014667603, 0.0 ], [ -77.855760041387526, -8.4779500145345, 0.0 ], [ -77.856110042099701, -8.477260015076189, 0.0 ], [ -77.856441886596343, -8.476264398887135, 0.0 ], [ -77.85694979198415, -8.474741890072213, 0.0 ], [ -77.857285166663289, -8.473980515323928, 0.0 ], [ -77.859122273381828, -8.478741525643128, 0.0 ], [ -77.862642041031521, -8.481756014622668, 0.0 ], [ -77.862530791687306, -8.482141514685615, 0.0 ], [ -77.862441791744288, -8.482682765575548, 0.0 ], [ -77.862397291895732, -8.483060889486353, 0.0 ], [ -77.862441792313632, -8.484113639434922, 0.0 ], [ -77.862464041360838, -8.484855139981626, 0.0 ], [ -77.862397291618322, -8.485381514966173, 0.0 ], [ -77.86235004247925, -8.486040014989007, 0.0 ], [ -77.862230041815835, -8.486530014545272, 0.0 ], [ -77.862040041417643, -8.486940014959638, 0.0 ], [ -77.861931762650258, -8.487339956918158, 0.0 ], [ -77.862551477192312, -8.489964816179242, 0.0 ], [ -77.863213548816262, -8.491824440210143, 0.0 ], [ -77.863962975134697, -8.492512135600636, 0.0 ], [ -77.865128899621084, -8.494320238777162, 0.0 ], [ -77.867681867143958, -8.495377104116109, 0.0 ], [ -77.86894030134782, -8.496706433110901, 0.0 ], [ -77.869555470851111, -8.49870980006383, 0.0 ], [ -77.871780710245602, -8.500892507545851, 0.0 ], [ -77.874000805439834, -8.502382033338524, 0.0 ], [ -77.876785123790924, -8.50343796969752, 0.0 ], [ -77.8769336120601, -8.503292975673288, 0.0 ], [ -77.877540041389068, -8.501860014904105, 0.0 ], [ -77.878000041820428, -8.50099001544317, 0.0 ], [ -77.878040041690326, -8.500590014788816, 0.0 ], [ -77.877621111750372, -8.499394476377722, 0.0 ], [ -77.87770629165604, -8.498469515110257, 0.0 ], [ -77.87777148683341, -8.497531226080357, 0.0 ], [ -77.877535111925937, -8.496359352330954, 0.0 ], [ -77.877580040396296, -8.49451001481407, 0.0 ], [ -77.877376416697757, -8.492828889903679, 0.0 ], [ -77.879997493703854, -8.488712746293499, 0.0 ], [ -77.894700040929067, -8.489140015762626, 0.0 ], [ -77.895536057199209, -8.488978955544649, 0.0 ], [ -77.895808195097828, -8.489023386423977, 0.0 ], [ -77.896620042080372, -8.489320014973424, 0.0 ], [ -77.897270042167747, -8.489720014939808, 0.0 ], [ -77.898710041793407, -8.491200015190344, 0.0 ], [ -77.900380041377034, -8.492530015209949, 0.0 ], [ -77.901320041404134, -8.493130015112802, 0.0 ], [ -77.902120041981675, -8.493410015601732, 0.0 ], [ -77.903080042287201, -8.493930014855243, 0.0 ], [ -77.903880041868206, -8.494760014247559, 0.0 ], [ -77.904460042048996, -8.496110014571352, 0.0 ], [ -77.904620041963454, -8.495710015526017, 0.0 ], [ -77.904690041303297, -8.495290014424047, 0.0 ], [ -77.904690041620356, -8.49484001475199, 0.0 ], [ -77.904430042060227, -8.492930014458183, 0.0 ], [ -77.904444556203785, -8.492032409931145, 0.0 ], [ -77.904700041836733, -8.490480014739845, 0.0 ], [ -77.905010041707115, -8.489720015377683, 0.0 ], [ -77.905263775665247, -8.488710720434643, 0.0 ], [ -77.905460041696514, -8.487930015116536, 0.0 ], [ -77.905610041339273, -8.48684001442219, 0.0 ], [ -77.905463667273395, -8.485999140461416, 0.0 ], [ -77.904800042464444, -8.485090014361207, 0.0 ], [ -77.903830042488636, -8.483430015079698, 0.0 ], [ -77.903540041350638, -8.483160015267874, 0.0 ], [ -77.903310041946185, -8.483020015100681, 0.0 ], [ -77.902940041711815, -8.482910014600478, 0.0 ], [ -77.902730041917778, -8.482740015250284, 0.0 ], [ -77.901950042101092, -8.481530015430163, 0.0 ], [ -77.900970041690215, -8.480630014867446, 0.0 ], [ -77.90014004150467, -8.479570015043837, 0.0 ], [ -77.900060042442789, -8.478810014879322, 0.0 ], [ -77.900100042319764, -8.477400015277558, 0.0 ], [ -77.900210042188633, -8.477180015438153, 0.0 ], [ -77.90045004174749, -8.476960014711723, 0.0 ], [ -77.901180041619483, -8.476670014672681, 0.0 ], [ -77.902240041664626, -8.476500014877475, 0.0 ], [ -77.902460042562382, -8.476360015205399, 0.0 ], [ -77.902630041885018, -8.476050014917389, 0.0 ], [ -77.902690041597509, -8.475760015368026, 0.0 ], [ -77.902640042268956, -8.475370015706799, 0.0 ], [ -77.902470042119376, -8.474910014944346, 0.0 ], [ -77.90190004161667, -8.473860015106579, 0.0 ], [ -77.901670042067622, -8.472710014826824, 0.0 ], [ -77.901720041607703, -8.47200001417678, 0.0 ], [ -77.901960041322255, -8.470750015259078, 0.0 ], [ -77.902255265075468, -8.470052216334301, 0.0 ], [ -77.902730042241558, -8.468930015217593, 0.0 ], [ -77.903610042033137, -8.467500014884928, 0.0 ], [ -77.903670040872456, -8.467120015668746, 0.0 ], [ -77.903680042110935, -8.466370014781093, 0.0 ], [ -77.904510541147317, -8.465773890646803, 0.0 ], [ -77.905104166926392, -8.465374764475326, 0.0 ], [ -77.905605791183319, -8.464895140466458, 0.0 ], [ -77.906479541017291, -8.464108139817899, 0.0 ], [ -77.907322166391523, -8.463417765087856, 0.0 ], [ -77.907958167426685, -8.462868764950251, 0.0 ], [ -77.908474666853081, -8.462390390166956, 0.0 ], [ -77.908871542178588, -8.462102265403304, 0.0 ], [ -77.909121541930659, -8.461819514351406, 0.0 ], [ -77.9093934165832, -8.461188889838478, 0.0 ], [ -77.909790041669069, -8.460190014854907, 0.0 ], [ -77.910330041918414, -8.459540014257799, 0.0 ], [ -77.910870042600052, -8.459070014463391, 0.0 ], [ -77.911550041475166, -8.458660015887364, 0.0 ], [ -77.911840041886435, -8.458540015725518, 0.0 ], [ -77.912314291533391, -8.458482640225444, 0.0 ], [ -77.912652916471117, -8.458350514908672, 0.0 ], [ -77.912814417008036, -8.458200514551773, 0.0 ], [ -77.913368291847178, -8.457358264689542, 0.0 ], [ -77.913734916082177, -8.456900015633893, 0.0 ], [ -77.913940042012598, -8.456550015064812, 0.0 ], [ -77.914728958951343, -8.455855941767883, 0.0 ], [ -77.915175737104406, -8.455931602216744, 0.0 ], [ -77.915794861609697, -8.456667977260334, 0.0 ], [ -77.91631248721545, -8.457982476642355, 0.0 ], [ -77.919830112426908, -8.456113226046, 0.0 ], [ -77.924339862077758, -8.455185477108257, 0.0 ], [ -77.926337861905353, -8.454419976009655, 0.0 ], [ -77.930039111696217, -8.452179727389106, 0.0 ], [ -77.931640612428595, -8.450730477207479, 0.0 ], [ -77.933921861621201, -8.449294977444181, 0.0 ], [ -77.935683611836978, -8.448742225609072, 0.0 ], [ -77.937714111937865, -8.447980726407838, 0.0 ], [ -77.942522870039241, -8.447320086239278, 0.0 ] ] ] ] } }
]
}
