ID_registro,Titular,Clase de derecho,Tipo de uso,Fuente de agua,Descripción,Resolución,Fecha de resolución,Autoridad Administrativa del Agua,Administración Local de Agua,Unidad hidrográfica,Provincia,Distrito
41381,Oscar Anthony Lurita Huayamares,Licencia,Agrícola,Río PATIVILCA,,,,Cañete Fortaleza,Barranca,Intercuenca 137579,Declarada: Barranca,Declarado: Pativilca
41382,Aquilina Chavez Ugarte,Licencia,Agrícola,Río PATIVILCA,JUNTA DE USUARIOS DEL VALLE DE PATIVILCA DEL DISTRITO DE RIEGO BARRANCA,,,Cañete Fortaleza,Barranca,Cuenca Pativilca,Declarada: Barranca,Declarado: Pativilca
41383,Cesar Alejandro Varamendi Mejia,Licencia,Agrícola,Río PATIVILCA,JUNTA DE USUARIOS DEL VALLE DE PATIVILCA DEL DISTRITO DE RIEGO BARRANCA,,,Cañete Fortaleza,Barranca,Cuenca Pativilca,Declarada: Barranca,Declarado: Pativilca
41384,Carmen Julia Veramendi Mejia,Licencia,Agrícola,Río PATIVILCA,JUNTA DE USUARIOS DEL VALLE DE PATIVILCA DEL DISTRITO DE RIEGO BARRANCA,,,Cañete Fortaleza,Barranca,Cuenca Pativilca,Declarada: Barranca,Declarado: Pativilca
41385,"DOROTEO REQUENA, LUIS APARICIO",Licencia,Agrícola,Quebrada GUERRO RAGRA,"JUNTA DE USUARIOS DE AGUA DEL SECTOR HIDRAULICO DE LA CUENCA DEL RIO PATIVILCA - DOROTEO REQUENA, LUIS APARICIO",,,Cañete Fortaleza,Barranca,Cuenca Pativilca,Declarada: Cajatambo,Declarado: Manas
41386,Hercilio Gil Garcia Tamayo,Licencia,Agrícola,Río PATIVILCA,JUNTA DE USUARIOS DEL VALLE DE PATIVILCA DEL DISTRITO DE RIEGO BARRANCA,,,Cañete Fortaleza,Barranca,Cuenca Pativilca,Declarada: Barranca,Declarado: Pativilca
41387,RIOS ALARCON ANTONIA,Licencia,Agrícola,Río PATIVILCA,"Administración Provisional del Sector Hidráulico Menor Pativilca Clase A, de la Junta de Usuarios del Valle de Pativilca del Distrito de Riego Barranca",,,Cañete Fortaleza,Barranca,Cuenca Pativilca,Declarada: Barranca,Declarado: Barranca
41388,Zoila Vargas Vda. de Cabello,Licencia,Agrícola,Río PATIVILCA,Junta de Usuarios del Sector Hidráulico Menor Pativilca Clase A,,,Cañete Fortaleza,Barranca,Cuenca Pativilca,Declarada: Barranca,Declarado: Supe
41389,MUNICIPALIDAD DISTRITAL DE COCHAS,Licencia,Poblacional,Quebrada HUANCHAY(RIO GRANDE OCROS),MUNICIPALIDAD DISTRITAL DE COCHAS,1077 2021-ANA-AAA.CF,2021-12-30,Cañete Fortaleza,Barranca,Cuenca Pativilca,Ocros,Cochas
41390,COMUNIDAD CAMPESINA  SANTO DOMINGO DE OCROS,Licencia,Agrícola,Manantial RACRAC TARA,COMUNIDAD CAMPESINA  SANTO DOMINGO DE OCROS,,,Cañete Fortaleza,Barranca,Cuenca Pativilca,Ocros,Ocros
41391,Eduardo Nonaka Tarazona,Licencia,Agrícola,Río PATIVILCA,,,,Cañete Fortaleza,Barranca,Cuenca Pativilca,Ocros,Cochas
41392,MUNICIPALIDAD DISTRITAL DE COCHAS,Licencia,Poblacional,Río PATIVILCA,MUNICIPALIDAD DISTRITAL DE COCHAS,1078 2021-ANA-AAA.CF,2021-12-30,Cañete Fortaleza,Barranca,Cuenca Pativilca,Ocros,Cochas
41393,JUNTA ADMINISTRADORA DE SERVICIOS DE SANEAMIENTO - JASS  DEL CENTRO POBLADO CUSPÓN,Licencia,Poblacional,Manantial CUSPÓN,JUNTA ADMINISTRADORA DE SERVICIOS DE SANEAMIENTO - JASS  DEL CENTRO POBLADO CUSPÓN,,,Cañete Fortaleza,Barranca,Cuenca Pativilca,Bolognesi,Chiquian
41394,COMUNIDAD CAMPESINA CUSPON,Licencia,Agrícola,Manantial Cachicuta / Manantial Huancacocha / Manantial SUPROPUQUIO / Manantial Yacujitana,COMUNIDAD CAMPESINA CUSPON,1640-2019 ANA-AAA-CAÑETE-FORTALEZA,2019-11-25,Cañete Fortaleza,Barranca,Cuenca Pativilca,Bolognesi,Chiquian
41395,COMUNIDAD CAMPESINA DE PACLLON,Licencia,Agrícola,Manantial YACUCANTU HUANCA 1 / Manantial YACUCANTU HUANCA 2 / Manantial PUCAYACU,COMUNIDAD CAMPESINA DE PACLLON,1410-2020 ANA-AAA CAÑETE FORTALEZA,2020-12-30,Cañete Fortaleza,Barranca,Cuenca Pativilca,Bolognesi,Pacllon
41396,COMUNIDAD CAMPESINA DE PACLLON,Licencia,Agrícola,Quebrada LLIMCA / Quebrada SACRARRAGRA 1 / Quebrada SACRARRAGRA 2,COMUNIDAD CAMPESINA DE PACLLON,1305-2020 ANA-AAA CAÑETE FORTALEZA,2020-12-28,Cañete Fortaleza,Barranca,Cuenca Pativilca,Bolognesi,Pacllon
41397,COMUNIDAD CAMPESINA DE PACLLON,Licencia,Agrícola,Quebrada LLIMCA / Quebrada LLIMCA,COMUNIDAD CAMPESINA DE PACLLON,1304-2020 ANA-AAA CAÑETE FORTALEZA,2020-12-28,Cañete Fortaleza,Barranca,Cuenca Pativilca,Bolognesi,Pacllon
41398,COMUNIDAD CAMPESINA DE PACLLON,Licencia,Agrícola,Quebrada LLIMCA,COMUNIDAD CAMPESINA DE PACLLON,1303-2020 ANA-AAA CAÑETE FORTALEZA,2020-12-28,Cañete Fortaleza,Barranca,Cuenca Pativilca,Bolognesi,Pacllon
41399,COMISIÓN DE USUARIOS DE CHIQUIAN,Licencia,Agrícola,Río PATIVILCA,COMISIÓN DE USUARIOS DE CHIQUIAN,,,Cañete Fortaleza,Barranca,Cuenca Pativilca,Bolognesi,Chiquian
41400,JUNTA ADMINISTRADORA DE SERVICIOS DE SANEAMIENTO (JASS) DEL CENTRO POBLADO DE CARCAS,Licencia,Poblacional,Manantial JEQUINAGRA,JUNTA ADMINISTRADORA DE SERVICIOS DE SANEAMIENTO (JASS) DEL CENTRO POBLADO DE CARCAS,,,Cañete Fortaleza,Barranca,Cuenca Pativilca,Bolognesi,Chiquian
41401,MUNICIPALIDAD PROVINCIAL DE BOLOGNESI,Licencia,Poblacional,Manantial CANCHAYOC,MUNICIPALIDAD PROVINCIAL DE BOLOGNESI,,,Cañete Fortaleza,Barranca,Cuenca Pativilca,Bolognesi,Chiquian
41402,JUNTA ADMINISTRADORA DE SERVICIOS DE SANEAMIENTO - JASS DEL CENTRO POBLADO DE RACRACHACA,Licencia,Poblacional,Manantial YERBABUENA / Manantial YERBABUENA,JUNTA ADMINISTRADORA DE SERVICIOS DE SANEAMIENTO - JASS DEL CENTRO POBLADO DE RACRACHACA,1098-2021 ANA-AAA.CF,2021-12-30,Cañete Fortaleza,Barranca,Cuenca Pativilca,Bolognesi,Aquia
41403,JUNTA ADMINISTRADORA DE SERVICIOS DE SANEAMIENTO - JASS DEL CENTRO POBLADO DE PACHAPAQUI,Licencia,Poblacional,Manantial BANDERA PUQUIO I / Manantial BANDERA PUQUIO II / Manantial QUIMA PUQUIO,JUNTA ADMINISTRADORA DE SERVICIOS DE SANEAMIENTO - JASS DEL CENTRO POBLADO DE PACHAPAQUI,1097-2021 ANA-AAA.CF,2021-12-30,Cañete Fortaleza,Barranca,Cuenca Pativilca,Bolognesi,Aquia
41404,JUNTA ADMINISTRADORA DE SERVICIOS DE SANEAMIENTO - JASS DEL CASERIO PACARENCA,Licencia,Poblacional,Manantial JOCHA PUQUIO,JUNTA ADMINISTRADORA DE SERVICIOS DE SANEAMIENTO - JASS DEL CASERIO PACARENCA,1096-2021 ANA-AAA.CF,2021-12-30,Cañete Fortaleza,Barranca,Cuenca Pativilca,Bolognesi,Aquia
41405,COMUNIDAD CAMPESINA DE CARCAS,Licencia,Agrícola,Quebrada RAGRA COCHA,COMUNIDAD CAMPESINA DE CARCAS,,,Cañete Fortaleza,Barranca,Cuenca Pativilca,Bolognesi,Chiquian
41406,COMUNIDAD CAMPESINA DE CARCAS,Licencia,Agrícola,Quebrada RAGRA COCHA,COMUNIDAD CAMPESINA DE CARCAS,,,Cañete Fortaleza,Barranca,Cuenca Pativilca,Bolognesi,Chiquian
41407,COMUNIDAD CAMPESINA DE CARCAS,Licencia,Agrícola,Quebrada RAGRA COCHA,COMUNIDAD CAMPESINA DE CARCAS,,,Cañete Fortaleza,Barranca,Cuenca Pativilca,Bolognesi,Chiquian
41408,COMUNIDAD CAMPESINA DE CARCAS,Licencia,Agrícola,Quebrada RAGRA COCHA,COMUNIDAD CAMPESINA DE CARCAS,,,Cañete Fortaleza,Barranca,Cuenca Pativilca,Bolognesi,Chiquian
41409,COMUNIDAD CAMPESINA DE CARCAS,Licencia,Agrícola,Quebrada RAGRA COCHA,COMUNIDAD CAMPESINA DE CARCAS,,,Cañete Fortaleza,Barranca,Cuenca Pativilca,Bolognesi,Chiquian
41410,JUNTA ADMINISTRADORA DE SERVICIOS DE SANEAMIENTO - JASS DEL CASERIO VILLANUEVA,Licencia,Poblacional,Manantial MAGASH / Manantial NAWIN YACUACHANGA,JUNTA ADMINISTRADORA DE SERVICIOS DE SANEAMIENTO - JASS DEL CASERIO VILLANUEVA,1083 2021-ANA-AAA.CF,2021-12-30,Cañete Fortaleza,Barranca,Cuenca Pativilca,Bolognesi,Aquia
41411,JUNTA ADMINISTRADORA DE SERVICIOS DE SANEAMIENTO (JASS) DEL CENTRO POBLADO DE CHINCHOPUQUIO,Licencia,Poblacional,Manantial PINUACOCHA,JUNTA ADMINISTRADORA DE SERVICIOS DE SANEAMIENTO (JASS) DEL CENTRO POBLADO DE CHINCHOPUQUIO,1062-2020 ANA-AAA-CAÑETE FORTALEZA,2020-11-13,Cañete Fortaleza,Barranca,Cuenca Pativilca,Bolognesi,Chiquian
41412,JUNTA ADMINISTRADORA DE SERVICIOS DE SANEAMIENTO  JASS COLCAN,Licencia,Poblacional,Quebrada WISHCASH / Manantial COLCAN,JUNTA ADMINISTRADORA DE SERVICIOS DE SANEAMIENTO  JASS COLCAN,1055-2020 ANA-AAA-CAÑETE FORTALEZA,2020-11-13,Cañete Fortaleza,Barranca,Cuenca Pativilca,Bolognesi,Huasta
41413,JUNTA ADMINISTRADORA DE SERVICIOS DE SANEAMIENTO  DEL CENTRO POBLADO DE OBRAJE,Licencia,Poblacional,Manantial UYU,JUNTA ADMINISTRADORA DE SERVICIOS DE SANEAMIENTO  DEL CENTRO POBLADO DE OBRAJE,1299-2020 ANA-AAA CAÑETE FORTALEZA,2020-12-28,Cañete Fortaleza,Barranca,Cuenca Pativilca,Bolognesi,Chiquian
41414,JASS DEL PARAJE DE PUCUSH,Licencia,Poblacional,Manantial BARRANCO / Manantial GARHUAPUQUIO,JASS DEL PARAJE DE PUCUSH,1294-2020 ANA-AAA CAÑETE FORTALEZA,2020-12-28,Cañete Fortaleza,Barranca,Cuenca Pativilca,Bolognesi,Huasta
41415,COMUNIDAD CAMPESINA CARCAS,Licencia,Agrícola,Quebrada RAGRA COCHA,COMUNIDAD CAMPESINA CARCAS,,,Cañete Fortaleza,Barranca,Cuenca Pativilca,Bolognesi,Chiquian
41416,JUNTA ADMINISTRADORA DE SERVICIOS DE SANEAMIENTO (JASS) DE LA LOCALIDAD DE AQUIA,Licencia,Poblacional,Manantial UPABADO,JUNTA ADMINISTRADORA DE SERVICIOS DE SANEAMIENTO (JASS) DE LA LOCALIDAD DE AQUIA,1095-2021 ANA-AAA.CF,2021-12-30,Cañete Fortaleza,Barranca,Cuenca Pativilca,Bolognesi,Aquia
41417,JUNTA ADMINISTRADORA DE SERVICIOS DE SANEAMIENTO - JASS DEL CASERIO URANYACU,Licencia,Poblacional,Manantial BADO,JUNTA ADMINISTRADORA DE SERVICIOS DE SANEAMIENTO - JASS DEL CASERIO URANYACU,1094-2021 ANA-AAA.CF,2021-12-30,Cañete Fortaleza,Barranca,Cuenca Pativilca,Bolognesi,Aquia
41418,JUNTA ADMINISTRADORA DE SERVICIOS DE SANEAMIENTO (JASS) DE LA LOCALIDAD DE SUYAN,Licencia,Poblacional,Manantial PUTGARAGRA I / Manantial PUTGARAGRA II / Manantial PUTGARAGRA III,JUNTA ADMINISTRADORA DE SERVICIOS DE SANEAMIENTO (JASS) DE LA LOCALIDAD DE SUYAN,1093-2021 ANA-AAA.CF,2021-12-30,Cañete Fortaleza,Barranca,Cuenca Pativilca,Bolognesi,Aquia
41419,JUNTA ADMINISTRADORA DE SERVICIOS DE SANEAMIENTO (JASS) DE LA LOCALIDAD DE AQUIA,Licencia,Poblacional,Manantial YANAPAMPA I / Manantial YANAPAMPA II / Manantial PUCÚN,JUNTA ADMINISTRADORA DE SERVICIOS DE SANEAMIENTO (JASS) DE LA LOCALIDAD DE AQUIA,1092-2021 ANA-AAA.CF,2021-12-30,Cañete Fortaleza,Barranca,Cuenca Pativilca,Bolognesi,Aquia
41420,JUNTA ADMINISTRADORA DE SERVICIOS DE SANEAMIENTO - JASS DEL CASERIO SANTA ROSA,Licencia,Poblacional,Manantial MONTE HUAYI / Manantial GOLUTARAGRA,JUNTA ADMINISTRADORA DE SERVICIOS DE SANEAMIENTO - JASS DEL CASERIO SANTA ROSA,1091 2021-ANA-AAA.CF,2021-12-30,Cañete Fortaleza,Barranca,Cuenca Pativilca,Bolognesi,Aquia
41421,JUNTA ADMINISTRADORA DE SERVICIOS DE SANEAMIENTO - JASS DEL CASERIO SAN MIGUEL,Licencia,Poblacional,Manantial SUPLOC PUQUIO / Manantial HUATUN PUQUIO,JUNTA ADMINISTRADORA DE SERVICIOS DE SANEAMIENTO - JASS DEL CASERIO SAN MIGUEL,1082 2021-ANA-AAA.CF,2021-12-30,Cañete Fortaleza,Barranca,Cuenca Pativilca,Bolognesi,Aquia
41422,MUNICIPALIDAD DISTRITAL DE CONGAS,Licencia,Poblacional,Quebrada YANARRAGRA,MUNICIPALIDAD DISTRITAL DE CONGAS,1412-2020 ANA-AAA CAÑETE FORTALEZA,2020-12-30,Cañete Fortaleza,Barranca,Cuenca Fortaleza,Ocros,Congas
41423,MUNICIPALIDAD DISTRITAL DE SAN PEDRO,Licencia,Poblacional,Acuífero FORTALEZA,MUNICIPALIDAD DISTRITAL DE SAN PEDRO,1089-2021 ANA-AAA.CF,2021-12-30,Cañete Fortaleza,Barranca,Cuenca Fortaleza,Ocros,San Pedro
41424,MUNICIPALIDAD DISTRITAL DE HUAYLLACAYAN,Licencia,Poblacional,Manantial MAKNA,MUNICIPALIDAD DISTRITAL DE HUAYLLACAYAN,,,Cañete Fortaleza,Barranca,Cuenca Fortaleza,Bolognesi,Huayllacayan
41425,MUNICIPALIDAD DISTRITAL DE HUAYLLACAYAN,Licencia,Poblacional,Manantial YACU PASHTAC,MUNICIPALIDAD DISTRITAL DE HUAYLLACAYAN,,,Cañete Fortaleza,Barranca,Cuenca Fortaleza,Bolognesi,Huayllacayan
41426,MUNICIPALIDAD DISTRITAL DE HUAYLLACAYAN,Licencia,Poblacional,Manantial CUNTURIOC,MUNICIPALIDAD DISTRITAL DE HUAYLLACAYAN,,,Cañete Fortaleza,Barranca,Cuenca Fortaleza,Bolognesi,Huayllacayan
41427,COMITÉ DE USUARIOS DE RECURSOS HIDRICOS HUAYLLACAYAN,Licencia,Agrícola,Manantial LEANDRO MONTE / Quebrada ICHIC TOMA,COMITÉ DE USUARIOS DE RECURSOS HIDRICOS HUAYLLACAYAN,,,Cañete Fortaleza,Barranca,Cuenca Fortaleza,Ocros,Congas
41428,MUNICIPALIDAD DISTRITAL DE HUAYLLACAYAN,Licencia,Poblacional,Manantial JATUN HUAYAL COCHA,MUNICIPALIDAD DISTRITAL DE HUAYLLACAYAN,,,Cañete Fortaleza,Barranca,Cuenca Fortaleza,Bolognesi,Huayllacayan
41429,COMITÉ DE USUARIOS DE RECURSOS HIDRICOS HUAYLLACAYAN,Licencia,Agrícola,Quebrada SANTA ROSA,COMITÉ DE USUARIOS DE RECURSOS HIDRICOS HUAYLLACAYAN,,,Cañete Fortaleza,Barranca,Cuenca Fortaleza,Ocros,Congas
41430,COMITÉ DE USUARIOS DE RECURSOS HIDRICOS HUAYLLACAYAN,Licencia,Agrícola,Quebrada SANTA ROSA,COMITÉ DE USUARIOS DE RECURSOS HIDRICOS HUAYLLACAYAN,,,Cañete Fortaleza,Barranca,Cuenca Fortaleza,Ocros,Congas
41431,COMITÉ DE USUARIOS DE RECURSOS HIDRICOS HUAYLLACAYAN,Licencia,Agrícola,Manantial COMUN CORRAL / Quebrada SANTA ROSA,COMITÉ DE USUARIOS DE RECURSOS HIDRICOS HUAYLLACAYAN,,,Cañete Fortaleza,Barranca,Cuenca Fortaleza,Bolognesi,Huayllacayan
41432,COMITÉ DE USUARIOS DE RECURSOS HIDRICOS HUAYLLACAYAN,Licencia,Agrícola,Quebrada SANTA ROSA / Quebrada SANTA ROSA / Quebrada SANTA ROSA,COMITÉ DE USUARIOS DE RECURSOS HIDRICOS HUAYLLACAYAN,0932-2022 ANA-AAA.CF,2022-08-31,Cañete Fortaleza,Barranca,Cuenca Fortaleza,Bolognesi,Colquioc
41433,COMITÉ DE USUARIOS DE RECURSOS HIDRICOS HUAYLLACAYAN,Licencia,Agrícola,Quebrada SANTA ROSA,COMITÉ DE USUARIOS DE RECURSOS HIDRICOS HUAYLLACAYAN,,,Cañete Fortaleza,Barranca,Cuenca Fortaleza,Bolognesi,Colquioc
41434,MUNICIPALIDAD DEL CENTRO POBLADO DE CHAUCAYAN,Licencia,Poblacional,Manantial POMAY,MUNICIPALIDAD DEL CENTRO POBLADO DE CHAUCAYAN,1059-2020 ANA-AAA-CAÑETE FORTALEZA,2020-11-13,Cañete Fortaleza,Barranca,Cuenca Fortaleza,Recuay,Llacllin
41435,JUNTA ADMINISTRADORA DE LOS SERVICIOS DE SANEAMIENTO - JASS DE LA LOCALIDAD DE HUERTAS,Licencia,Poblacional,Quebrada LLACLLIN,JUNTA ADMINISTRADORA DE LOS SERVICIOS DE SANEAMIENTO - JASS DE LA LOCALIDAD DE HUERTAS,1053-2020 ANA-AAA-CAÑETE FORTALEZA,2020-11-13,Cañete Fortaleza,Barranca,Cuenca Fortaleza,Recuay,Pararin
41436,MUNICIPALIDAD DISTRITAL DE PARARIN,Licencia,Poblacional,Quebrada LLACLLIN / Quebrada LLACLLIN,MUNICIPALIDAD DISTRITAL DE PARARIN,1057-2020 ANA-AAA-CAÑETE FORTALEZA,2020-11-13,Cañete Fortaleza,Barranca,Cuenca Fortaleza,Recuay,Pararin
41437,MUNICIPALIDAD DISTRITAL DE MARCA,Licencia,Poblacional,Río MARCA,MUNICIPALIDAD DISTRITAL DE MARCA,0476-2019 ANA-AAA-CAÑETE-FORTALEZA,2019-04-03,Cañete Fortaleza,Barranca,Cuenca Fortaleza,Recuay,Marca
41438,COMUNIDAD CAMPESINA SAN LORENZO DE MARCA,Licencia,Agrícola,Quebrada HUEYLLA,COMUNIDAD CAMPESINA SAN LORENZO DE MARCA,147-2021 ANA-AAA CAÑETE FORTALEZA,2021-02-16,Cañete Fortaleza,Barranca,Cuenca Fortaleza,Recuay,Marca
41439,COMUNIDADA CAMPESINA DE RAQUIA,Licencia,Agrícola,Quebrada PARAISO,COMUNIDADA CAMPESINA DE RAQUIA,,,Cañete Fortaleza,Barranca,Cuenca Fortaleza,Bolognesi,Antonio Raymondi
41440,COMUNIDADA CAMPESINA DE RAQUIA,Licencia,Agrícola,Quebrada PARAISO,COMUNIDADA CAMPESINA DE RAQUIA,,,Cañete Fortaleza,Barranca,Cuenca Fortaleza,Bolognesi,Antonio Raymondi
41441,MUNICIPALIDAD DISTRITAL DE CAJACAY,Licencia,Poblacional,Manantial COLCA BAJA III,MUNICIPALIDAD DISTRITAL DE CAJACAY,979-2020 ANA-AAA.CAÑETE FORTALEZA,2020-11-02,Cañete Fortaleza,Barranca,Cuenca Fortaleza,Bolognesi,Cajacay
41442,COMUNIDAD CAMPESINA PAMPAS CHICO,Licencia,Agrícola,Quebrada TANCARPO,COMUNIDAD CAMPESINA PAMPAS CHICO,1004-2020 ANA-AAA-CAÑETE FORTALEZA,2020-11-06,Cañete Fortaleza,Barranca,Cuenca Fortaleza,Recuay,Pampas Chico
41443,JUNTA ADMINISTRADORA DE LOS SERVICIOS DE SANEAMIENTO - JASS CASERIO DE JACAR,Licencia,Poblacional,Manantial RARAHUIN,JUNTA ADMINISTRADORA DE LOS SERVICIOS DE SANEAMIENTO - JASS CASERIO DE JACAR,1054-2020 ANA-AAA-CAÑETE FORTALEZA,2020-11-13,Cañete Fortaleza,Barranca,Cuenca Fortaleza,Recuay,Pampas Chico
41444,JUNTA ADMINISTRADORA DE LOS SERVICIOS DE SANEAMIENTO - JASS DE LA LOCALIDAD PAMPAS CHICO,Licencia,Poblacional,Manantial CAUSQUISH WACHANAN / Manantial SHEUCURPUYANCU / Manantial PACHAPUCRO,JUNTA ADMINISTRADORA DE LOS SERVICIOS DE SANEAMIENTO - JASS DE LA LOCALIDAD PAMPAS CHICO,1056-2020 ANA-AAA-CAÑETE FORTALEZA,2020-11-13,Cañete Fortaleza,Barranca,Cuenca Fortaleza,Recuay,Pampas Chico
41445,COMITE DE USUARIOS DE AGUA SUBTERRANEA DEL POZO N°03 DEL CENTRO POBLADO MENOR TAYCA,Licencia,Agrícola,Acuífero HUARMEY,COMITE DE USUARIOS DE AGUA SUBTERRANEA DEL POZO N°03 DEL CENTRO POBLADO MENOR TAYCA,1422-2024 ANA-AAA.HCH,2024-12-04,Huarmey Chicama,Casma Huarmey,Cuenca Huarmey,Huarmey,Huarmey
41446,Junta Administradora de Servicios de Saneamiento (JASS) del Centro Poblado Rural MOLINOPAMPA,Licencia,Poblacional,Manantial Chaqui Mayo,Junta Administradora de Servicios de Saneamiento (JASS) del Centro Poblado Rural MOLINOPAMPA,0667-2024 ANA-AAA.HCH,2024-06-17,Huarmey Chicama,Casma Huarmey,Cuenca Huarmey,Huarmey,Malvas
41447,COMITÉ DE USUARIOS DE AGUA SUPERFICIAL UTCU,Licencia,Agrícola,Río MALVAS / Río MALVAS / Río MALVAS / Río MALVAS,COMITÉ DE USUARIOS DE AGUA SUPERFICIAL UTCU,0086-2021 ANA-AAA.HCH,2021-02-17,Huarmey Chicama,Casma Huarmey,Cuenca Huarmey,Huarmey,Malvas
41448,COMITÉ DE USUARIOS DE AGUA SUPERFICIAL SANTA CRUZ,Licencia,Agrícola,Río COTAPARACO / Río COTAPARACO / Quebrada YUPE URAN / Quebrada JATUN JATUN URAN,COMITÉ DE USUARIOS DE AGUA SUPERFICIAL SANTA CRUZ,0441-2020 ANA-AAA.HCH,2020-08-21,Huarmey Chicama,Casma Huarmey,Cuenca Huarmey,Huarmey,Cochapeti
41449,JUNTA ADMINISTRADORA DE LOS SERVICIO DE SANEAMIENTO JASS - DE LA LOCALIDAD DE PARARIN,Licencia,Poblacional,Quebrada PALCA,JUNTA ADMINISTRADORA DE LOS SERVICIO DE SANEAMIENTO JASS - DE LA LOCALIDAD DE PARARIN,1227-2024 ANA-AAA.HCH,2024-10-18,Huarmey Chicama,Casma Huarmey,Cuenca Huarmey,Recuay,Pararin
41450,JUNTA ADMINISTRADORA DE LOS SERVICIOS DE SANEAMIENTO (JASS) DEL CENTRO POBLADO DE SAN MIGUEL,Licencia,Poblacional,Manantial Chupa Tranga,JUNTA ADMINISTRADORA DE LOS SERVICIOS DE SANEAMIENTO (JASS) DEL CENTRO POBLADO DE SAN MIGUEL,0263-2023 ANA-AAA.HCH,2023-05-11,Huarmey Chicama,Casma Huarmey,Cuenca Huarmey,Huarmey,Malvas
41451,JUNTA ADMINISTRADORA DE SERVICIOS DE SANEAMIENTO (JASS) DEL CENTRO POBLADO RURAL ERAJIRCA,Licencia,Poblacional,Manantial JAHUAC,JUNTA ADMINISTRADORA DE SERVICIOS DE SANEAMIENTO (JASS) DEL CENTRO POBLADO RURAL ERAJIRCA,0083-2021 ANA-AAA.HCH,2021-02-17,Huarmey Chicama,Casma Huarmey,Cuenca Huarmey,Huarmey,Malvas
41452,"Comité de usuarios de agua de riego de la Comunidad Campesina San Agustín de Almizcle de los canales Purcucancha, Piruru, Lapitoc, Pitianque",Licencia,Agrícola,Laguna ROCUQUITA / Laguna CONDORCOCHA / Quebrada CONDORCOCHA / Laguna YANACOCHA,"Comité de usuarios de agua de riego de la Comunidad Campesina San Agustín de Almizcle de los canales Purcucancha, Piruru, Lapitoc, Pitianque",1289-2019 ANA-AAA.HCH,2019-12-20,Huarmey Chicama,Casma Huarmey,Cuenca Huarmey,Aija,Coris
41453,JUNTA ADMINISTRADORA DE SERVICIOS DE SANEAMIENTO (JASS) DEL CENTRO POBLADO RURAL DE SUCCHAPAMPA,Licencia,Poblacional,Manantial WINGI,JUNTA ADMINISTRADORA DE SERVICIOS DE SANEAMIENTO (JASS) DEL CENTRO POBLADO RURAL DE SUCCHAPAMPA,0572-2023 ANA-AAA.HCH,2023-10-05,Huarmey Chicama,Casma Huarmey,Cuenca Huarmey,Aija,Succha
41454,JUNTA ADMINISTRADORA DE LOS SERVICIOS DE SANEAMIENTO (JASS) DEL CENTRO POBLADO DE KERUHURAN,Licencia,Poblacional,Manantial SHACSHA / Manantial CANCAR OKO,JUNTA ADMINISTRADORA DE LOS SERVICIOS DE SANEAMIENTO (JASS) DEL CENTRO POBLADO DE KERUHURAN,0085-2021 ANA-AAA.HCH,2021-02-17,Huarmey Chicama,Casma Huarmey,Cuenca Huarmey,Aija,Aija
41455,COMITE DE USUARIOS DE AGUA MALLQUI,Licencia,Agrícola,Río MALLQUI / Quebrada Shacsha / Quebrada Zuche,COMITE DE USUARIOS DE AGUA MALLQUI,0712-2023 ANA-AAA.HCH,2023-12-18,Huarmey Chicama,Casma Huarmey,Cuenca Huarmey,Aija,Aija
41456,COMITE DE USUARIOS DE AGUA SUPERFICIAL QUILLOC,Licencia,Agrícola,Quebrada Allma / Manantial Muñacancha,COMITE DE USUARIOS DE AGUA SUPERFICIAL QUILLOC,0993-2024 ANA-AAA.HCH,2024-08-15,Huarmey Chicama,Casma Huarmey,Cuenca Huarmey,Aija,Aija
41457,COMITÉ DE USUARIOS DE AGUA SUPERFICIAL PUTACA MALLQUI,Licencia,Agrícola,Manantial Ñawin Puquio 1 / Manantial Ñawin Puquio 2 / Manantial Ñawin Puquio 3,COMITÉ DE USUARIOS DE AGUA SUPERFICIAL PUTACA MALLQUI,0352-2023 ANA-AAA.HCH,2023-06-27,Huarmey Chicama,Casma Huarmey,Cuenca Huarmey,Aija,Aija
41458,Junta Administrativa de Servicios de Saneamiento (JASS) del Centro Poblado de Mallqui,Licencia,Poblacional,Manantial Shaqsha / Manantial Kankar,Junta Administrativa de Servicios de Saneamiento (JASS) del Centro Poblado de Mallqui,0181-2024 ANA-AAA.HCH,2024-03-06,Huarmey Chicama,Casma Huarmey,Cuenca Huarmey,Aija,Aija
41459,Comité de usuarios de agua Santa Cruz de Rurek,Licencia,Agrícola,Laguna YUTAN / Quebrada LLUTAY / Quebrada CUNCUSH / Quebrada ZTACAPAMPA / Laguna TUCTU / Manantial RUKIPUKRO,Comité de usuarios de agua Santa Cruz de Rurek,0438-2020 ANA-AAA.HCH,2020-08-31,Huarmey Chicama,Casma Huarmey,Cuenca Huarmey,Aija,La Merced
41460,JUNTA ADMINISTRADORA DE SERVICIOS DE SANEAMIENTO (JASS) DE LA LOCALIDAD DE CUIRAP,Licencia,Poblacional,Manantial Putzpun,JUNTA ADMINISTRADORA DE SERVICIOS DE SANEAMIENTO (JASS) DE LA LOCALIDAD DE CUIRAP,0529-2021 ANA-AAA.H.CH,2021-08-31,Huarmey Chicama,Casma Huarmey,Cuenca Huarmey,Aija,La Merced
41461,COMITE DE USUARIOS DE AGUA SUPERFICIAL CANAL HUELLAP LLACTUN,Licencia,Agrícola,Laguna Macshay / Río Llactún / Manantial Cantu,COMITE DE USUARIOS DE AGUA SUPERFICIAL CANAL HUELLAP LLACTUN,0156-2025 ANA.AAA.HCH,2025-02-18,Huarmey Chicama,Casma Huarmey,Cuenca Huarmey,Aija,Aija
41462,Comite de Usuarios de Agua Superficial Ortiz Cocha Ayapampa e Illahuain,Licencia,Agrícola,Quebrada Auquis Pactza / Quebrada Tumana,Comite de Usuarios de Agua Superficial Ortiz Cocha Ayapampa e Illahuain,0726-2025 ANA-AAA.HCH,2025-09-10,Huarmey Chicama,Casma Huarmey,Cuenca Huarmey,Aija,La Merced
41463,Comite de Usuarios de Agua Superficial Toma de Huishllac,Licencia,Agrícola,Quebrada Huishllac,Comite de Usuarios de Agua Superficial Toma de Huishllac,0728-2025 ANA-AAA.HCH,2025-09-10,Huarmey Chicama,Casma Huarmey,Cuenca Huarmey,Aija,Aija
41464,COMUNIDAD CAMPESINA DE LLACTUN,Licencia,Agrícola,Quebrada Huanucoyoc / Manantial Cara pampa,COMUNIDAD CAMPESINA DE LLACTUN,0875-2024 ANA-AAA.HCH,2024-07-22,Huarmey Chicama,Casma Huarmey,Cuenca Huarmey,Aija,Aija
41465,COMUNIDAD CAMPESINA DE LLACTUN,Licencia,Agrícola,Río Llactún,COMUNIDAD CAMPESINA DE LLACTUN,0883-2024 ANA-AAA.HCH,2024-07-22,Huarmey Chicama,Casma Huarmey,Cuenca Huarmey,Aija,Aija
41466,COMUNIDAD CAMPESINA DE LLACTUN,Licencia,Agrícola,Manantial Pachan cancha / Manantial Ura LLactun 1 / Manantial Ura LLactun 2 / Manantial Ura LLactun 3 / Manantial Ura LLactun 4 / Manantial Ura LLactun 5,COMUNIDAD CAMPESINA DE LLACTUN,0876-2024 ANA-AAA.HCH,2024-07-22,Huarmey Chicama,Casma Huarmey,Cuenca Huarmey,Aija,Aija
41467,JUNTA ADMINISTRADORA DE SERVICIOS DE SANEAMIENTO” (JASS) DEL CENTRO POBLADO DE LLANQUIQUICHAN,Licencia,Poblacional,Quebrada PACSUCUTA,JUNTA ADMINISTRADORA DE SERVICIOS DE SANEAMIENTO” (JASS) DEL CENTRO POBLADO DE LLANQUIQUICHAN,0625-2025 ANA-AAA.HCH,2025-08-13,Huarmey Chicama,Casma Huarmey,Cuenca Huarmey,Aija,Aija
41468,COMITÉ DE USUARIOS DE AGUA SUPERFICIAL HUANTALL WISHIN,Licencia,Agrícola,Quebrada Huacna,COMITÉ DE USUARIOS DE AGUA SUPERFICIAL HUANTALL WISHIN,0350-2023 ANA-AAA.HCH,2023-06-23,Huarmey Chicama,Casma Huarmey,Cuenca Huarmey,Aija,La Merced
41469,JUNTA ADMINISTRADORA DE SERVICIOS DE SANEAMIENTO (JASS) DEL CENTRO POBLADO RURAL DE ANQUILTA,Licencia,Poblacional,Quebrada PALLCA,JUNTA ADMINISTRADORA DE SERVICIOS DE SANEAMIENTO (JASS) DEL CENTRO POBLADO RURAL DE ANQUILTA,0382-2025 ANA-AAA.HCH,2025-05-26,Huarmey Chicama,Casma Huarmey,Cuenca Huarmey,Aija,Aija
41470,COMUNIDAD CAMPESINA DE LLACTUN,Licencia,Agrícola,Quebrada Huanucoyoc,COMUNIDAD CAMPESINA DE LLACTUN,0877-2024 ANA-AAA.HCH,2024-07-22,Huarmey Chicama,Casma Huarmey,Cuenca Huarmey,Aija,Aija
41471,COMUNIDAD CAMPESINA DE LLACTUN,Licencia,Agrícola,Manantial Osco,COMUNIDAD CAMPESINA DE LLACTUN,0878-2024 ANA-AAA.HCH,2024-07-22,Huarmey Chicama,Casma Huarmey,Cuenca Huarmey,Aija,Aija
41472,COMUNIDAD CAMPESINA DE LLACTUN,Licencia,Agrícola,Manantial Huellullo 1,COMUNIDAD CAMPESINA DE LLACTUN,0879-2024 ANA-AAA.HCH,2024-07-22,Huarmey Chicama,Casma Huarmey,Cuenca Huarmey,Aija,Aija
41473,COMUNIDAD CAMPESINA DE LLACTUN,Licencia,Agrícola,Manantial Huellullo 2,COMUNIDAD CAMPESINA DE LLACTUN,0880-2024 ANA-AAA.HCH,2024-07-22,Huarmey Chicama,Casma Huarmey,Cuenca Huarmey,Aija,Aija
41474,COMUNIDAD CAMPESINA DE LLACTUN,Licencia,Agrícola,Manantial Huellullo 3,COMUNIDAD CAMPESINA DE LLACTUN,0881-2024 ANA-AAA.HCH,2024-07-22,Huarmey Chicama,Casma Huarmey,Cuenca Huarmey,Aija,Aija
41475,COMUNIDAD CAMPESINA DE LLACTUN,Licencia,Agrícola,Río Llactún / Manantial Filtrana,COMUNIDAD CAMPESINA DE LLACTUN,0882-2024 ANA-AAA.HCH,2024-07-22,Huarmey Chicama,Casma Huarmey,Cuenca Huarmey,Aija,Aija
41476,MUNICIPALIDAD DISTRITAL DE CULEBRAS,Licencia,Poblacional,Acuífero CULEBRAS,MUNICIPALIDAD DISTRITAL DE CULEBRAS,1313-2024 ANA-AAA.HCH,2024-11-12,Huarmey Chicama,Casma Huarmey,Intercuenca 1375951,Huarmey,Culebras
41477,JUNTA ADMINISTRADORA DE SANEAMIENTO JASS DE NUEVO AMPANU-LA VICTORIA,Licencia,Poblacional,Acuífero CULEBRAS,JUNTA ADMINISTRADORA DE SANEAMIENTO JASS DE NUEVO AMPANU-LA VICTORIA,0777-2025 ANA-AAA.HCH,2025-09-25,Huarmey Chicama,Casma Huarmey,Cuenca Culebras,Huarmey,Culebras
41478,JUNTA ADMINISTRADORA DE SANEAMIENTO JASS DEL C.P AMPANU,Licencia,Poblacional,Acuífero CULEBRAS,JUNTA ADMINISTRADORA DE SANEAMIENTO JASS DEL C.P AMPANU,0778-2025 ANA-AAA.HCH,2025-09-25,Huarmey Chicama,Casma Huarmey,Cuenca Culebras,Huarmey,Culebras
41479,JASS QUITA SOMBRERO EL CENTRO POBLADO QUITA SOMBRERO,Licencia,Poblacional,Acuífero CULEBRAS,JASS QUITA SOMBRERO EL CENTRO POBLADO QUITA SOMBRERO,0779-2025 ANA-AAA.HCH,2025-09-25,Huarmey Chicama,Casma Huarmey,Cuenca Culebras,Huarmey,Culebras
41480,JUNTA ADMINISTRADORA DE SERVICIOS DE AGUA Y SANEAMIENTO (JASS) EL MOLINO,Licencia,Poblacional,Acuífero CULEBRAS,JUNTA ADMINISTRADORA DE SERVICIOS DE AGUA Y SANEAMIENTO (JASS) EL MOLINO,0590-2023 ANA-AAA.HCH,2023-10-18,Huarmey Chicama,Casma Huarmey,Cuenca Culebras,Huarmey,Culebras
41481,JUNTA ADMINISTRADORA DE SERVICIOS DE SANEAMIENTO (JASS) DEL CASERÍO DE PALACIO,Licencia,Poblacional,Quebrada Vinra,JUNTA ADMINISTRADORA DE SERVICIOS DE SANEAMIENTO (JASS) DEL CASERÍO DE PALACIO,0111-2024 ANA-AAA.HCH,2024-02-05,Huarmey Chicama,Casma Huarmey,Cuenca Culebras,Huaraz,Huanchay
41482,"GARCIA ILDEFONSO, SANDRO NINO",Licencia,Agrícola,Río CASMA,JUNTA DE USUARIOS DEL DISTRITO DE RIEGO CASMA - SECHIN,1270-2019 ANA-AAA.HCH,2019-12-11,Huarmey Chicama,Casma Huarmey,Cuenca Casma,Casma,Casma
41483,"GARCIA ILDEFONSO, SANDRO NINO",Licencia,Agrícola,Río CASMA,JUNTA DE USUARIOS DEL SECTOR HIDRÁULICO MENOR CASMA - SECHIN,1269-2019 ANA-AAA.HCH,2019-12-11,Huarmey Chicama,Casma Huarmey,Cuenca Casma,Casma,Casma
41484,RODRÍGUEZ ROMERO VDA DE CARBAJAL OFELIA,Licencia,Agrícola,Río CASMA,"JUNTA DE USUARIOS SECTOR HIDRÁULICO MENOR CASMA-SECHÍN, CLASE B",0026-2023 ANA-AAA.HCH,2023-01-10,Huarmey Chicama,Casma Huarmey,Cuenca Casma,Casma,Casma
41485,ARCE CHAVEZ JUANA FIDELA,Licencia,Agrícola,Río CASMA,"JUNTA DE USUARIOS SECTOR HIDRÁULICO MENOR CASMA-SECHÍN, CLASE B",0757-2021 ANA-AAA.HCH,2021-12-21,Huarmey Chicama,Casma Huarmey,Cuenca Casma,Casma,Casma
41486,"GOMEZ HERNANDEZ, JAIME JUSTO",Licencia,Agrícola,Río CASMA,JUNTA DE USUARIOS DEL SECTOR HIDRAULICO MENOR CASMA SECHIN,0248-2021 ANA-AAA.H.CH,2021-04-30,Huarmey Chicama,Casma Huarmey,Cuenca Casma,Casma,Comandante Noel
41487,"ESPINOZA LIÑAN DE ANGELES, LUZ DINA",Licencia,Agrícola,Río CASMA,JUNTA DE USUARIOS DEL SECTOR HIDRAULICO MENOR CASMA SECHIN - CLASE B,0910-2019 ANA-AAA.HCH,2019-08-07,Huarmey Chicama,Casma Huarmey,Cuenca Casma,Casma,Comandante Noel
41488,"ESPINOZA LIÑAN DE ANGELES, LUZ DINA",Licencia,Agrícola,Río CASMA,JUNTA DE USUARIOS DEL SECTOR HIDRÁULICO MENOR CASMA SECHIN - CLASE B,0911-2019 ANA-AAA.HCH,2019-08-07,Huarmey Chicama,Casma Huarmey,Cuenca Casma,Casma,Comandante Noel
41489,COMITÉ DE USUARIOS DE AGUA SUBTERRÁNEA DEL POZO TUBULAR LIMÓN - CORRALES,Licencia,Agrícola,Acuífero CASMA,COMITÉ DE USUARIOS DE AGUA SUBTERRÁNEA DEL POZO TUBULAR LIMÓN - CORRALES,1085-2019 ANA-AAA.HCH,2019-10-15,Huarmey Chicama,Casma Huarmey,Cuenca Casma,Casma,Casma
41490,"ESPINOZA LIÑAN DE ANGELES, LUZ DINA",Licencia,Agrícola,Río CASMA / Acuífero CASMA,JUNTA DE USUARIOS DEL SECTOR HIDRÁULICO MENOR CASMA - SECHIN,0967-2019 ANA-AAA.HCH,2019-08-23,Huarmey Chicama,Casma Huarmey,Cuenca Casma,Casma,Comandante Noel
41491,"ROJAS BENÍTES, JESÚS TERESA",Licencia,Agrícola,Río CASMA,JUNTA DE USUARIOS DEL SECTOR HIDRAÚLICO MENOR CASMA SECHIN - CLASE B,0592-2025 ANA-AAA.HCH,2025-07-31,Huarmey Chicama,Casma Huarmey,Cuenca Casma,Casma,Comandante Noel
41492,FABIAN RAUL CORONACION CASIMIRO,Licencia,Agrícola,Río CASMA,JUNTA DE USUARIOS DEL SECTOR HIDRAÚLICO MENOR CASMA SECHIN - CLASE B,0593-2025 ANA-AAA.HCH,2025-07-31,Huarmey Chicama,Casma Huarmey,Cuenca Casma,Casma,Comandante Noel
41493,"GARCIA GARCIA, LEONIDAS DELIA",Licencia,Agrícola,Acuífero CASMA,JUNTA DE USUARIOS DEL SECTOR HIDRÁULICO MENOR CASMA - SECHIN,0624-2020 ANA-AAA.HCH,2020-10-26,Huarmey Chicama,Casma Huarmey,Cuenca Casma,Casma,Casma
41494,RUBEN JESUS RAMIREZ RAMOS,Licencia,Agrícola,Río CASMA,Junta de Usuarios del Sector Hidráulico Menor Casma Sechin,0626-2025 ANA-AAA.HCH,2025-08-13,Huarmey Chicama,Casma Huarmey,Cuenca Casma,Casma,Comandante Noel
41495,MARUJA VICTORIA HUAYANAY SALAS,Licencia,Agrícola,Río CASMA,JUNTA DE USUARIOS DEL SECTOR HIDRAÚLICO MENOR CASMA SECHIN - CLASE B,0589-2025 ANA-AAA.HCH,2025-07-31,Huarmey Chicama,Casma Huarmey,Cuenca Casma,Casma,Comandante Noel
41496,MARUJA VICTORIA HUAYANAY SALAS,Licencia,Agrícola,Río CASMA,JUNTA DE USUARIOS DEL SECTOR HIDRAÚLICO MENOR CASMA SECHIN - CLASE B,0590-2025 ANA-AAA.HCH,2025-07-31,Huarmey Chicama,Casma Huarmey,Cuenca Casma,Casma,Comandante Noel
41497,IGNACIO EULOGIO LINO TORRES,Licencia,Agrícola,Río CASMA,JUNTA DE USUARIOS DEL SECTOR HIDRAÚLICO MENOR CASMA SECHIN - CLASE B,0586-2025 ANA-AAA.HCH,2025-07-31,Huarmey Chicama,Casma Huarmey,Cuenca Casma,Casma,Comandante Noel
41498,EMILIO ALEJANDRO REYES CORONACIÓN,Licencia,Agrícola,Río CASMA,JUNTA DE USUARIOS DEL SECTOR HIDRAÚLICO MENOR CASMA SECHIN - CLASE B,0587-2025 ANA-AAA.HCH,2025-07-31,Huarmey Chicama,Casma Huarmey,Cuenca Casma,Casma,Comandante Noel
41499,"OSWALDO SANTIAGO, MAGUIÑA JARA",Licencia,Agrícola,Río CASMA,JUNTA DE USUARIOS DEL SECTOR HIDRÁULICO MENOR CASMA SECHIN,0838-2020 ANA-AAA.HCH,2020-12-18,Huarmey Chicama,Casma Huarmey,Cuenca Casma,Casma,Casma
41500,"ROSALES SARMIENTO, MELIDA RAYMUNDA",Licencia,Agrícola,Río CASMA / Acuífero CASMA,JUNTA DE USUARIOS DEL SECTOR HIDRÁULICO MENOR CASMA - SECHIN,0065-2020 ANA-AAA.HCH,2020-01-28,Huarmey Chicama,Casma Huarmey,Cuenca Casma,Casma,Casma
41501,HONORES LOMPARTE VDA DE ALARCO LUZ DELIA,Licencia,Agrícola,Río CASMA,"JUNTA DE USUARIOS SECTOR HIDRÁULICO MENOR CASMA-SECHÍN, CLASE B",0758-2021 ANA-AAA.HCH,2021-12-21,Huarmey Chicama,Casma Huarmey,Cuenca Casma,Casma,Casma
41502,JUNTA ADMINISTRADORA DE LOS SERVICIOS DE SANEAMIENTO (JASS) DEL CENTRO POBLADO RURAL DE SAN DIEGO,Licencia,Poblacional,Acuífero CASMA,JUNTA ADMINISTRADORA DE LOS SERVICIOS DE SANEAMIENTO (JASS) DEL CENTRO POBLADO RURAL DE SAN DIEGO,0500-2025 ANA-AAA.HCH,2025-06-30,Huarmey Chicama,Casma Huarmey,Cuenca Casma,Casma,Comandante Noel
41503,CARLOS ALBERTO SILVA DEL CASTILLO,Licencia,Agrícola,Río CASMA,"JUNTA DE USUARIOS DEL SECTOR HIDRAULICO MENOR CASMA - SECHÍN, CLASE B",0613-2025 ANA-AAA.HCH,2025-08-08,Huarmey Chicama,Casma Huarmey,Cuenca Casma,Casma,Comandante Noel
41504,JUAN JOSE SALAS FERRO,Licencia,Agrícola,Río CASMA,"JUNTA DE USUARIOS DEL SECTOR HIDRAULICO MENOR CASMA - SECHÍN, CLASE B",0601-2025 ANA.AAA.HCH,2025-08-06,Huarmey Chicama,Casma Huarmey,Cuenca Casma,Casma,Comandante Noel
41505,AUGUSTO SILVA SILUPU,Licencia,Agrícola,Río CASMA / Río CASMA,"JUNTA DE USUARIOS DEL SECTOR HIDRAULICO MENOR CASMA - SECHÍN, CLASE B",0602-2025 ANA-AAA.HCH,2025-08-06,Huarmey Chicama,Casma Huarmey,Cuenca Casma,Casma,Comandante Noel
41506,CLAUDIO ALEJANDRO TITO FELIPE,Licencia,Agrícola,Río CASMA,Junta de Usuarios del Sector Hidráulico Menor Casma Sechin,0631-2025 ANA-AAA.HCH,2025-08-13,Huarmey Chicama,Casma Huarmey,Cuenca Casma,Casma,Comandante Noel
41507,JAMES MICHEL MEJIA CARRANZA,Licencia,Agrícola,Río CASMA,Junta de Usuarios del Sector Hidráulico Menor Casma Sechin,0637-2025 ANA-AAA.HCH,2025-08-13,Huarmey Chicama,Casma Huarmey,Cuenca Casma,Casma,Comandante Noel
41508,JAMES MICHEL MEJIA CARRANZA,Licencia,Agrícola,Río CASMA,Junta de Usuarios del Sector Hidráulico Menor Casma Sechin,0627-2025 ANA-AAA.HCH,2025-08-13,Huarmey Chicama,Casma Huarmey,Cuenca Casma,Casma,Comandante Noel
41509,LAZARO CHERO ANDRES,Licencia,Agrícola,Río CASMA,Junta de Usuarios del Sector Hidráulico Menor Casma Sechin,0638-2025 ANA-AAA.HCH,2025-08-13,Huarmey Chicama,Casma Huarmey,Cuenca Casma,Casma,Comandante Noel
41510,JUNTA ADMINISTRADORA DE SERVICIOS DE SANEAMIENTO (JASS) DEL SECTOR DE MOJÓN,Licencia,Poblacional,Manantial Tanque Pampa II,JUNTA ADMINISTRADORA DE SERVICIOS DE SANEAMIENTO (JASS) DEL SECTOR DE MOJÓN,0268-2023 ANA-AAA.HCH,2023-05-12,Huarmey Chicama,Casma Huarmey,Cuenca Casma,Casma,Buena Vista Alta
41511,"RIDOUTT LUNA DE AGUIRRE, JACQUELINE MARIA",Licencia,Agrícola,Río SECHIN,JUNTA DE USUSARIOS DEL SECTOR HIDRAULICO MENOR CASMA - SECHIN,0476-2020 ANA-AAA.HCH,2020-09-21,Huarmey Chicama,Casma Huarmey,Cuenca Casma,Casma,Buena Vista Alta
41512,"RIDOUTT LUNA DE AGUIRRE, JACQUELINE MARIA",Licencia,Agrícola,Río SECHIN,JUNTA DE USUARIOS DEL SECTOR HIDRÁULICO MENOR CASMA - SECHIN,0493-2020 ANA-AAA.HCH,2020-09-22,Huarmey Chicama,Casma Huarmey,Cuenca Casma,Casma,Casma
41513,JUNTA ADMINISTRADORA DE SERVICIOS DE SANEAMIENTO (JASS) DEL CENTRO POBLADO DE HUACHO,Licencia,Poblacional,Manantial 21 DE AGOSTO / Manantial PUKA CRUZ,JUNTA ADMINISTRADORA DE SERVICIOS DE SANEAMIENTO (JASS) DEL CENTRO POBLADO DE HUACHO,0907-2019 ANA-AAA.HCH,2019-08-07,Huarmey Chicama,Casma Huarmey,Cuenca Casma,Yungay,Quillo
41514,JUNTA ADMINISTRADORA DE SERVICIOS DE SANEAMIENTO (JASS) DEL CASERÍO DE OCUSHUY ALTO,Licencia,Poblacional,Manantial Pachan Puquio,JUNTA ADMINISTRADORA DE SERVICIOS DE SANEAMIENTO (JASS) DEL CASERÍO DE OCUSHUY ALTO,1242-2024 ANAN.AAA.HCH,2024-10-24,Huarmey Chicama,Casma Huarmey,Cuenca Casma,Yungay,Quillo
41515,JUNTA ADMINISTRADORA DE SERVICIOS DE SANEAMIENTO DEL CENTRO POBLADO DE PATIPAMPA,Licencia,Poblacional,Quebrada Cacacancha,JUNTA ADMINISTRADORA DE SERVICIOS DE SANEAMIENTO DEL CENTRO POBLADO DE PATIPAMPA,0757-2019 ANA-AAA.HCH,2019-06-20,Huarmey Chicama,Casma Huarmey,Cuenca Casma,Yungay,Quillo
41516,JUNTA ADMINISTRADORA DE SERVICIOS DE SANEAMIENTO (JASS) DEL CASERIO UNTO MOJON,Licencia,Poblacional,Manantial Cahuacucho I,JUNTA ADMINISTRADORA DE SERVICIOS DE SANEAMIENTO (JASS) DEL CASERIO UNTO MOJON,0437-2019 ANA-AAA.HCH,2019-03-07,Huarmey Chicama,Casma Huarmey,Cuenca Casma,Casma,Buena Vista Alta
41517,JUNTA ADMINISTRADORA DE SERVICIOS DE SANEAMIENTO (JASS) DEL CASERIO DE CANHUAR,Licencia,Poblacional,Manantial TOMARURI,JUNTA ADMINISTRADORA DE SERVICIOS DE SANEAMIENTO (JASS) DEL CASERIO DE CANHUAR,1290-2024 ANA-AAA.HCH,2024-11-05,Huarmey Chicama,Casma Huarmey,Cuenca Casma,Yungay,Quillo
41518,JASS CRUZ PUNTA,Licencia,Poblacional,Puquio CASHRORURI,JASS CRUZ PUNTA,619-2018 ANA-AAA.HCH,2018-08-09,Huarmey Chicama,Casma Huarmey,Cuenca Casma,Yungay,Quillo
41519,JUNTA ADMINISTRADORA DE SERVICIOS DE SANEAMIENTO DEL CASERIO DE LUCMAPAMPA,Licencia,Poblacional,Manantial PACCHA CUCHO,JUNTA ADMINISTRADORA DE SERVICIOS DE SANEAMIENTO DEL CASERIO DE LUCMAPAMPA,0316-2025 ANA-AAA.HCH,2025-04-26,Huarmey Chicama,Casma Huarmey,Cuenca Casma,Yungay,Quillo
41520,JUNTA ADMINISTRADORA DE SERVICIOS DE SANEAMIENTO DEL CASERIO DE OCUSHUY BAJO,Licencia,Poblacional,Manantial YACUPACCHA,JUNTA ADMINISTRADORA DE SERVICIOS DE SANEAMIENTO DEL CASERIO DE OCUSHUY BAJO,0317-2025 ANA-AAA.HCH,2025-04-26,Huarmey Chicama,Casma Huarmey,Cuenca Casma,Yungay,Quillo
41521,JUNTA ADMINISTRADORA DE SERVICIOS DE SANEAMIENTO DEL CASERIO DE PUQUIOHUAIN,Licencia,Poblacional,Manantial QUENUACANCHA 1 / Manantial QUENUACANCHA 2 / Manantial QUENUACANCHA 3 / Manantial QUENUACANCHA 4 / Manantial QUENUACANCHA 5 / Manantial QUENUACANCHA 6,JUNTA ADMINISTRADORA DE SERVICIOS DE SANEAMIENTO DEL CASERIO DE PUQUIOHUAIN,0578-2025 ANA-AAA.HCH,2025-07-31,Huarmey Chicama,Casma Huarmey,Cuenca Casma,Yungay,Quillo
41522,JUNTA ADMINISTRADORA DE SERVICIOS DE SANEAMIENTO (JASS) DEL CASERÍO DE CARHUAPAMPA,Licencia,Poblacional,Manantial LIMON PAMPA / Manantial QUILQUISH HURAN,JUNTA ADMINISTRADORA DE SERVICIOS DE SANEAMIENTO (JASS) DEL CASERÍO DE CARHUAPAMPA,0002-2021 ANA-AAA.HCH,2021-01-06,Huarmey Chicama,Casma Huarmey,Cuenca Casma,Yungay,Quillo
41523,Junta Administradora de Servicios de Saneamiento JASS del Centro Poblado de Zacsha,Licencia,Poblacional,Manantial Trampa Ruri / Manantial Cuta Pakcha / Manantial Ichic Huaroma,Junta Administradora de Servicios de Saneamiento JASS del Centro Poblado de Zacsha,0443-2024 ANA-AAA.HCH,2024-05-07,Huarmey Chicama,Casma Huarmey,Cuenca Casma,Yungay,Quillo
41524,JUNTA ADMINISTRADORA DE SERVICIOS DE SANEAMIENTO (JASS) DEL CENTRO POBLADO HUACUY ALTO,Licencia,Poblacional,Quebrada PUQUIO WAIN,JUNTA ADMINISTRADORA DE SERVICIOS DE SANEAMIENTO (JASS) DEL CENTRO POBLADO HUACUY ALTO,0218-2020 ANA-AAA.HCH,2020-03-09,Huarmey Chicama,Casma Huarmey,Cuenca Casma,Yungay,Quillo
41525,Comunidad Campesina Virgen del Rosario de Quillo,Licencia,Agrícola,Quebrada SARCO,Comunidad Campesina Virgen del Rosario de Quillo,1350-2024 ANA-AAA.HCH,2024-11-19,Huarmey Chicama,Casma Huarmey,Cuenca Casma,Yungay,Quillo
41526,JUNTA ADMINISTRADORA DE SERVICIOS DE SANEAMIENTO (JASS) DEL CASERIO DE NUNYA,Licencia,Poblacional,Quebrada PUCAPACCHA,JUNTA ADMINISTRADORA DE SERVICIOS DE SANEAMIENTO (JASS) DEL CASERIO DE NUNYA,0459-2021 ANA-ANA.H.CH,2021-06-30,Huarmey Chicama,Casma Huarmey,Cuenca Casma,Yungay,Quillo
41527,JUNTA ADMINISTRADORA DE SERVICIO Y SANEAMIENTO (JASS) DEL SECTOR DE POYOR,Licencia,Poblacional,Acuífero BUENAVISTA,JUNTA ADMINISTRADORA DE SERVICIO Y SANEAMIENTO (JASS) DEL SECTOR DE POYOR,0635-2020 -ANA-AAA.HCH,2020-11-03,Huarmey Chicama,Casma Huarmey,Cuenca Casma,Casma,Buena Vista Alta
41528,JUNTA ADMINISTRADORA DE SERVICIOS DE SANEAMIENTO (JASS) DEL SECTOR JAIHUA,Licencia,Poblacional,Manantial LAGAR ALTO,JUNTA ADMINISTRADORA DE SERVICIOS DE SANEAMIENTO (JASS) DEL SECTOR JAIHUA,0872-2019 ANA-AAA.HCH,2019-07-24,Huarmey Chicama,Casma Huarmey,Cuenca Casma,Casma,Yautan
41529,"RAMIREZ FLORES, MARLON PROSPERO",Licencia,Agrícola,Río CASMA,JUNTA DE USUARIOS DEL DISTRITO DE RIEGO CASMA - SECHIN,0540-2019 ANA-AAA.HCH,2019-04-10,Huarmey Chicama,Casma Huarmey,Cuenca Casma,Casma,Casma
41530,"MELENDEZ BENITO, LUIS ALBERTO",Licencia,Agrícola,Río CASMA,JUNTA DE USUARIOS DEL SECTOR HIDRAULICO MENOR CASMA - SECHIN,1271-2019 ANA-AAA.HCH,2019-12-12,Huarmey Chicama,Casma Huarmey,Cuenca Casma,Casma,Casma
41531,"FLORES DOMINGUEZ, MARIA MAGDALENA",Licencia,Agrícola,,JUNTA DE USUARIOS DEL SECTOR HIDRÁULICO MENOR CASMA SECHIN,1105-2020 ANA-AAA.HCH,2020-12-23,Huarmey Chicama,Casma Huarmey,Cuenca Casma,Casma,Yautan
41532,RAMIREZ AYALA TEODORICO SEGUNDO,Licencia,Agrícola,Río CASMA,"JUNTA DE USUARIOS SECTOR HIDRÁULICO MENOR CASMA-SECHÍN, CLASE B / COMISIÓN DE USUARIOS DEL SUBSECTOR HIDRÁULICO SAN RAFAEL",1472-2024 ANA-AAA.HCH,2024-12-19,Huarmey Chicama,Casma Huarmey,Cuenca Casma,Casma,Casma
41533,RODRIGUEZ ROMERO VDA DE CARBAJAL OFELIA,Licencia,Agrícola,Río CASMA,"JUNTA DE USUARIOS SECTOR HIDRÁULICO MENOR CASMA-SECHÍN, CLASE B",0027-2023 ANA-AAA.HCH,2023-01-10,Huarmey Chicama,Casma Huarmey,Cuenca Casma,Casma,Casma
41534,"HINOSTROZA TOSCANO, GABRIEL CIRILO",Licencia,Agrícola,Río CASMA,JUNTA DE USUARIOS DEL SECTOR HIDRÁULICO MENOR CASMA SECHIN - CLASE B,0909-2019 ANA-AAA.HCH,2019-08-07,Huarmey Chicama,Casma Huarmey,Cuenca Casma,Casma,Casma
41535,"TREJO MUÑOZ, HERACLIO DEDICACION",Licencia,Agrícola,,"JUNTA DE USUARIOS DEL SECTOR HIDRÁULICO MENOR CASMA SECHIN,",0819-2020 ANA-AAA.HCH,2020-12-18,Huarmey Chicama,Casma Huarmey,Cuenca Casma,Casma,Yautan
41536,JUNTA ADMINISTRADORA DE SERVICIOS DE SANEAMIENTO (JASS) DEL SECTOR CANTARILLAS - LA MAQUINA - CABRILLAS,Licencia,Poblacional,Manantial LAGAR,JUNTA ADMINISTRADORA DE SERVICIOS DE SANEAMIENTO (JASS) DEL SECTOR CANTARILLAS - LA MAQUINA - CABRILLAS,1216-2019 ANA-AAA.HCH,2019-11-25,Huarmey Chicama,Casma Huarmey,Cuenca Casma,Casma,Yautan
41537,"FLORES DE MUÑOZ, BRIGIDA SEVERA",Licencia,Agrícola,,JUNTA DE USUARIOS DEL SECTOR HIDRAULICO MENOR CASMA SECHIN,0168-2021 ANA-AAA.HCH,2011-03-19,Huarmey Chicama,Casma Huarmey,Cuenca Casma,Casma,Yautan
41538,CINTIA NATALY MELENDEZ ROSALES,Licencia,Agrícola,Río CASMA,Junta de Usuarios del Sector Hidráulico Menor Casma Sechin,0639-2025 ANA-AAA.HCH,2025-08-15,Huarmey Chicama,Casma Huarmey,Cuenca Casma,Casma,Casma
41539,SANTA SOFIA DEL SUR SAC,Licencia,Agrícola,Río CASMA,JUNTA DE USUARIOS DEL DISTRITO DE RIEGO CASMA - SECHIN,0516-2019 ANA-AAA.HCH,2019-04-02,Huarmey Chicama,Casma Huarmey,Cuenca Casma,Casma,Casma
41540,SANTA SOFIA DEL SUR SAC,Licencia,Agrícola,Acuífero CASMA,SANTA SOFIA DEL SUR SAC,0517-2019 ANA-AAA.HCH,2019-04-02,Huarmey Chicama,Casma Huarmey,Cuenca Casma,Casma,Casma
41541,SANTA SOFIA DEL SUR SAC,Licencia,Agrícola,Río CASMA,JUNTA DE USUARIOS DEL DISTRITO DE RIEGO CASMA - SECHIN,0518-2019 ANA-AAA.HCH,2019-04-02,Huarmey Chicama,Casma Huarmey,Cuenca Casma,Casma,Casma
41542,SANTA SOFIA DEL SUR SAC,Licencia,Agrícola,Acuífero CASMA,SANTA SOFIA DEL SUR SAC,0513-2019 ANA-AAA.HCH,2019-04-02,Huarmey Chicama,Casma Huarmey,Cuenca Casma,Casma,Casma
41543,"VENTURA CANTARO, WOLFGANG EDGAR",Licencia,Agrícola,Río CASMA,JUNTA DE USUARIOS DEL SECTOR HIDRAULICO MENOR CASMA - SECHIN,0438-2019 ANA-AAA.HCH,2019-03-07,Huarmey Chicama,Casma Huarmey,Cuenca Casma,Casma,Casma
41544,FLORES BONILLA ANTONIO CELESTINO,Licencia,Agrícola,Río CASMA,COMISIÓN DE USUARIOS DE AGUA SAN RAFAEL,0530-2021 ANA-AAA.H.CH,2021-08-31,Huarmey Chicama,Casma Huarmey,Cuenca Casma,Casma,Casma
41545,FLORES BONILLA ROSA ESTHER,Licencia,Agrícola,Río CASMA,COMISIÓN DE USUARIOS DE AGUA SAN RAFAEL,0531-2021 ANA-AAA.H.CH,2021-08-31,Huarmey Chicama,Casma Huarmey,Cuenca Casma,Casma,Casma
41546,SANTA SOFIA DEL SUR SAC.,Licencia,Agrícola,Río CASMA,JUNTA DE USUARIOS DEL DISTRITO DE RIEGO CASMA SECHIN,0514-2019 ANA-AAA.HCH,2019-04-02,Huarmey Chicama,Casma Huarmey,Cuenca Casma,Casma,Casma
41547,SANTA SOFIA DEL SUR SAC.,Licencia,Agrícola,Acuífero CASMA,SANTA SOFIA DEL SUR SAC.,0515-2019 ANA-AAA.HCH,2019-04-02,Huarmey Chicama,Casma Huarmey,Cuenca Casma,Casma,Casma
41548,JUNTA ADMINISTRADORA DE SERVICIOS DE SANEAMIENTO (JASS) DEL ASENTAMIENTO HUMANO MOJEQUE,Licencia,Poblacional,Acuífero CASMA,JUNTA ADMINISTRADORA DE SERVICIOS DE SANEAMIENTO (JASS) DEL ASENTAMIENTO HUMANO MOJEQUE,1042-2019 ANA-AAA.HCH,2019-09-24,Huarmey Chicama,Casma Huarmey,Cuenca Casma,Casma,Casma
41549,MELIDA RAYMUNDA ROSALES SARMIENTO,Licencia,Agrícola,Río CASMA,"JUNTA DE USUARIOS DEL SECTOR HIDRAULICO MENOR CASMA - SECHÍN, CLASE B",0605-2025 ANA-AAA.HCH,2025-08-06,Huarmey Chicama,Casma Huarmey,Cuenca Casma,Casma,Casma
41550,AURELIO BENJAMIN MENDEZ EVANGELIO,Licencia,Agrícola,Río CASMA,"JUNTA DE USUARIOS SECTOR HIDRÁULICO MENOR CASMA-SECHÍN, CLASE B",0126-2023 ANA-AAA.HCH,2023-02-28,Huarmey Chicama,Casma Huarmey,Cuenca Casma,Casma,Yautan
41551,"RIVERA COC, TOMAS",Licencia,Agrícola,Río CASMA,JUNTA DE USUARIOS DEL SECTOR HIDRÁULICO MENOR CASMA - SECHIN,0348-2020 ANA-AAA.HCH,2020-07-15,Huarmey Chicama,Casma Huarmey,Cuenca Casma,Casma,Casma
41552,JUNTA ADMINISTRADORA DE SERVICIOS DE SANEAMIENTO DEL CASERIO DE PUEBLO VIEJO,Licencia,Poblacional,Manantial ANGASPAMPA 01 / Manantial ANGASPAMPA 02,JUNTA ADMINISTRADORA DE SERVICIOS DE SANEAMIENTO DEL CASERIO DE PUEBLO VIEJO,1452-2024 ANA-AAA.HCH,2024-12-14,Huarmey Chicama,Casma Huarmey,Cuenca Casma,Yungay,Shupluy
41553,JUNTA ADMINISTRADORA DE SERVICIOS DE SANEAMIENTO (JASS) DE PUNCHAYHUACA - QUISQUIS - LIZA,Licencia,Poblacional,Manantial PUNCHAYHUACA,JUNTA ADMINISTRADORA DE SERVICIOS DE SANEAMIENTO (JASS) DE PUNCHAYHUACA - QUISQUIS - LIZA,0372-2021 ANA-AAA.HCH,2021-06-28,Huarmey Chicama,Casma Huarmey,Cuenca Casma,Casma,Yautan
41554,COMITÉ DE USUARIOS DEL CANAL DE RIEGO CAMPANAPUNRO,Licencia,Agrícola,Río YAUTAN,COMITÉ DE USUARIOS DEL CANAL DE RIEGO CAMPANAPUNRO,0492-2020 ANA-AAA.HCH,2020-09-22,Huarmey Chicama,Casma Huarmey,Cuenca Casma,Huaraz,Cochabamba
41555,COMITE DE USUARIOS DE AGUA SUPERFICIAL PUTACA,Licencia,Agrícola,Río TECLLO / Río TECLLO / Río TECLLO,COMITE DE USUARIOS DE AGUA SUPERFICIAL PUTACA,0284-2023 ANA-AAA.HCH,2024-04-08,Huarmey Chicama,Casma Huarmey,Cuenca Casma,Yungay,Shupluy
41556,JUNTA ADMINISTRADORA DE SERVICIOS DE SANEAMIENTO (JASS) DEL SECTOR CHACLAHUAIN,Licencia,Poblacional,Manantial Chucaroyaku,JUNTA ADMINISTRADORA DE SERVICIOS DE SANEAMIENTO (JASS) DEL SECTOR CHACLAHUAIN,1086-2024 ANA-AAA.HCH,2024-08-28,Huarmey Chicama,Casma Huarmey,Cuenca Casma,Casma,Yautan
41557,JUNTA ADMINISTRADORA DE SERVICIOS DE SANEAMIENTO DEL CENTRO POBLADO RURAL DE ATAQUERO,Licencia,Poblacional,Manantial CRUZ SOTO / Manantial MAL PASO,JUNTA ADMINISTRADORA DE SERVICIOS DE SANEAMIENTO DEL CENTRO POBLADO RURAL DE ATAQUERO,0606-2025 ANA-AAA.HCH,2025-08-06,Huarmey Chicama,Casma Huarmey,Cuenca Casma,Huaraz,Cochabamba
41558,JUNTA ADMINISTRADORA DE SERVICIOS DE SANEAMIENTO DEL CENTRO POBLADO PARIAHUANCA,Licencia,Poblacional,Manantial ULLOGUA,JUNTA ADMINISTRADORA DE SERVICIOS DE SANEAMIENTO DEL CENTRO POBLADO PARIAHUANCA,0607-2025 ANA-AAA.HCH,2025-08-06,Huarmey Chicama,Casma Huarmey,Cuenca Casma,Huaraz,Cochabamba
41559,Junta Administradora de Servicios de Saneamiento (JASS) del sector Parquin,Licencia,Poblacional,Manantial Shocush,Junta Administradora de Servicios de Saneamiento (JASS) del sector Parquin,0226-2024 ANA-AAA.HCH,2024-03-19,Huarmey Chicama,Casma Huarmey,Cuenca Casma,Casma,Yautan
41560,COMITE DE USUARIOS DE AGUA DEL SECTOR COCHAP Y CULLASH-PAMPAS GRANDE,Licencia,Agrícola,Quebrada COCHAP,COMITE DE USUARIOS DE AGUA DEL SECTOR COCHAP Y CULLASH-PAMPAS GRANDE,0727-2025 ANA-AAA.HCH,2025-09-10,Huarmey Chicama,Casma Huarmey,Cuenca Casma,Huaraz,Pampas Grande
41561,COMITE DE USUARIOS DE AGUA DEL SECTOR COCHAP Y CULLASH-PAMPAS GRANDE,Licencia,Agrícola,Quebrada CULLASH,COMITE DE USUARIOS DE AGUA DEL SECTOR COCHAP Y CULLASH-PAMPAS GRANDE,0742-2025 ANA-AAA.HCH,2025-09-15,Huarmey Chicama,Casma Huarmey,Cuenca Casma,Huaraz,Pampas Grande
41562,COMITE DE USUARIOS DE AGUA SUPERFICIAL PAMPAS GRANDE,Licencia,Agrícola,Manantial CHORRO,COMITE DE USUARIOS DE AGUA SUPERFICIAL PAMPAS GRANDE,0775-2025 ANA-AAA.HCH,2025-09-25,Huarmey Chicama,Casma Huarmey,Cuenca Casma,Huaraz,Pampas Grande
41563,COMITE DE USUARIOS DE AGUA SUPERFICIAL PAMPAS GRANDE,Licencia,Agrícola,Quebrada LAPITOP,COMITE DE USUARIOS DE AGUA SUPERFICIAL PAMPAS GRANDE,0774-2025 ANA-AAA.HCH,2025-09-25,Huarmey Chicama,Casma Huarmey,Cuenca Casma,Huaraz,Pampas Grande
41564,COMITE DE USUARIOS DE AGUA SUPERFICIAL PAMPAS GRANDE,Licencia,Agrícola,Quebrada CACHIRMAQUI,COMITE DE USUARIOS DE AGUA SUPERFICIAL PAMPAS GRANDE,0776-2025 ANA-AAA.HCH,2025-09-25,Huarmey Chicama,Casma Huarmey,Cuenca Casma,Huaraz,Pampas Grande
41565,JUNTA ADMINISTRADORA DE SERVICIOS DE SANEAMIENTO DEL CASERIO DE HUANLLA,Licencia,Poblacional,Puquio CURMIN,JUNTA ADMINISTRADORA DE SERVICIOS DE SANEAMIENTO DEL CASERIO DE HUANLLA,0327-2025 ANA-AAA.HCH,2025-04-29,Huarmey Chicama,Casma Huarmey,Cuenca Casma,Huaraz,Pampas Grande
41566,Junta Administradora de Servicios de Saneamiento JASS del Caserío de Shancac,Licencia,Poblacional,Manantial Tayata / Manantial Izquequita,Junta Administradora de Servicios de Saneamiento JASS del Caserío de Shancac,0668-2024 ANA-AAA.HCH,2024-06-17,Huarmey Chicama,Casma Huarmey,Cuenca Casma,Huaraz,Pampas Grande
41567,COMITE DE USUARIOS PAMPAS GRANDE,Licencia,Agrícola,Quebrada KAQUISH,COMITE DE USUARIOS PAMPAS GRANDE,0773-2025 ANA-AAA.HCH,2025-09-25,Huarmey Chicama,Casma Huarmey,Cuenca Casma,Huaraz,Pampas Grande
41568,Junta Administradora de Servicios de Saneamiento (JASS) del AA.HH San Jerónimo,Licencia,Poblacional,Manantial PATIPUQUIO,Junta Administradora de Servicios de Saneamiento (JASS) del AA.HH San Jerónimo,0687-2021 ANA-AAA.HCH,2021-11-30,Huarmey Chicama,Casma Huarmey,Cuenca Casma,Huaraz,Pampas Grande
41569,JUNTA ADMINISTRADORA DE SERVICIOS DE SANEAMIENTO (JASS) VINCHOTA,Licencia,Poblacional,Manantial LIMON PUQUIO / Quebrada HUANROC,JUNTA ADMINISTRADORA DE SERVICIOS DE SANEAMIENTO (JASS) VINCHOTA,0227-2020 ANA-AAA.HCH,2020-03-10,Huarmey Chicama,Casma Huarmey,Cuenca Casma,Huaraz,Pampas Grande
41570,JUNTA ADMINISTRADORA DE SERVICIOS DE SANEAMIENTO (JASS) DEL CENTRO POBLADO RURAL DE MARCOPAMPA,Licencia,Poblacional,Manantial Irwa Puquio / Manantial Mushok Puquio,JUNTA ADMINISTRADORA DE SERVICIOS DE SANEAMIENTO (JASS) DEL CENTRO POBLADO RURAL DE MARCOPAMPA,0550-2022 ANA-AAA.HCH,2022-09-30,Huarmey Chicama,Casma Huarmey,Cuenca Casma,Huaraz,Pariacoto
41571,"ACOSTA CORDERO, ZOILA SEGUNDA",Licencia,Agrícola,Río CASMA,JUNTA DE USUARIOS SECTOR HIDRAULICO MENOR CASMA SECHIN,0313-2021 ANA-AAA.HCH,2021-05-26,Huarmey Chicama,Casma Huarmey,Cuenca Casma,Huaraz,Pariacoto
41572,JUNTA ADMINISTRADORA DE SERVICIOS DE SANEAMIENTO (JASS) DEL CASERÍO DE MATARA,Licencia,Poblacional,Manantial Asiac Pampa,JUNTA ADMINISTRADORA DE SERVICIOS DE SANEAMIENTO (JASS) DEL CASERÍO DE MATARA,0035-2024 ANA-AAA.HCH,2024-01-16,Huarmey Chicama,Casma Huarmey,Cuenca Casma,Huaraz,Pampas Grande
41573,"JUNTA ADMINISTRADORA DE SERVICIOS DE SANEAMIENTO (JASS) DEL CENTRO HUASNO - CAJAMARQUILLA DEL DISTRITO DE LA LIBERTAD, PROVINCIA DE HUARAZ, DEPARTAMENTO DE ANCASH",Licencia,Poblacional,Manantial QUENAN,"JUNTA ADMINISTRADORA DE SERVICIOS DE SANEAMIENTO (JASS) DEL CENTRO HUASNO - CAJAMARQUILLA DEL DISTRITO DE LA LIBERTAD, PROVINCIA DE HUARAZ, DEPARTAMENTO DE ANCASH",0584-2025 ANA-AAA.HCH,2025-07-31,Huarmey Chicama,Casma Huarmey,Cuenca Casma,Huaraz,La Libertad
41574,"JUNTA ADMINISTRADORA DE SERVICIOS DE SANEAMIENTO (JASS) DEL CENTRO POBLADO SHIPASH - HUIAN DEL DISTRITO DE LA LIBERTAD, PROVINCIA DE HUARAZ, DEPARTAMENTO DE ANCASH",Licencia,Poblacional,Manantial RURI,"JUNTA ADMINISTRADORA DE SERVICIOS DE SANEAMIENTO (JASS) DEL CENTRO POBLADO SHIPASH - HUIAN DEL DISTRITO DE LA LIBERTAD, PROVINCIA DE HUARAZ, DEPARTAMENTO DE ANCASH",0585-2025 ANA-AAA.HCH,2025-07-31,Huarmey Chicama,Casma Huarmey,Cuenca Casma,Huaraz,La Libertad
41575,Comité de Usuarios de Agua Superficial Huellap,Licencia,Agrícola,Quebrada JONCO,Comité de Usuarios de Agua Superficial Huellap,1246-2024 ANA.AAA.HCH,2024-10-25,Huarmey Chicama,Casma Huarmey,Cuenca Casma,Huaraz,La Libertad
41576,Comité de Usuarios de Agua Superficial Huellap,Licencia,Agrícola,Quebrada PACTZA,Comité de Usuarios de Agua Superficial Huellap,1247-2024 ANA-AAA.HCH,2024-10-25,Huarmey Chicama,Casma Huarmey,Cuenca Casma,Huaraz,La Libertad
41577,Comité de Usuarios de Agua Superficial Huellap,Licencia,Agrícola,Quebrada TACÓ,Comité de Usuarios de Agua Superficial Huellap,1248-2024 ANA-AAA.HCH,2024-10-25,Huarmey Chicama,Casma Huarmey,Cuenca Casma,Huaraz,La Libertad
41578,Comité de Usuarios de Agua Superficial Huellap,Licencia,Agrícola,Quebrada TACÓ,Comité de Usuarios de Agua Superficial Huellap,0229-2025 ANA-AAA.HCH,2025-03-18,Huarmey Chicama,Casma Huarmey,Cuenca Casma,Huaraz,La Libertad
41579,Comité de Usuarios de Agua Superficial Huellap,Licencia,Agrícola,Quebrada CHEMUR,Comité de Usuarios de Agua Superficial Huellap,1286-2024 ANA-AAA.HCH,2024-10-31,Huarmey Chicama,Casma Huarmey,Cuenca Casma,Huaraz,La Libertad
41580,Comité de Usuarios de Agua Superficial Huellap,Licencia,Agrícola,Quebrada CHEMUR,Comité de Usuarios de Agua Superficial Huellap,"1287-2024 ANA.AAA,HCH",2024-10-31,Huarmey Chicama,Casma Huarmey,Cuenca Casma,Huaraz,La Libertad
41581,Comité de Usuarios de Agua Superficial Huellap,Licencia,Agrícola,Quebrada TACÓ,Comité de Usuarios de Agua Superficial Huellap,1273-2024 ANA-AAA.HCH,2024-10-30,Huarmey Chicama,Casma Huarmey,Cuenca Casma,Huaraz,La Libertad
41582,Comité de Usuarios de Agua Superficial Huellap,Licencia,Agrícola,Quebrada TACÓ / Quebrada QUILLQUI,Comité de Usuarios de Agua Superficial Huellap,1274-2024 ANA-AAA.HCH,2024-10-30,Huarmey Chicama,Casma Huarmey,Cuenca Casma,Huaraz,La Libertad
41583,Comité de Usuarios de Agua Superficial Huellap,Licencia,Agrícola,Quebrada TACÓ,Comité de Usuarios de Agua Superficial Huellap,1275-2024 ANA-AAA.HCH,2024-10-30,Huarmey Chicama,Casma Huarmey,Cuenca Casma,Huaraz,La Libertad
41584,Comité de Usuarios de Agua Superficial Huellap,Licencia,Agrícola,Quebrada LLUSHURURI / Manantial PARIASH,Comité de Usuarios de Agua Superficial Huellap,1279-2024 ANA-AAA.HCH,2024-10-31,Huarmey Chicama,Casma Huarmey,Cuenca Casma,Huaraz,La Libertad
41585,Comité de Usuarios de Agua Superficial Huellap,Licencia,Agrícola,Quebrada TACÓ / Quebrada CUYUYOC,Comité de Usuarios de Agua Superficial Huellap,1284-2024 ANA-AAA.HCH,2024-10-31,Huarmey Chicama,Casma Huarmey,Cuenca Casma,Huaraz,La Libertad
41586,Comité de Usuarios de Agua Superficial Huellap,Licencia,Agrícola,Quebrada TACÓ,Comité de Usuarios de Agua Superficial Huellap,1285-2024 ANA-AAA.HCH,2024-10-31,Huarmey Chicama,Casma Huarmey,Cuenca Casma,Huaraz,La Libertad
41587,COMITÉ DE USUARIOS DE AGUA SUPERFICIAL QUEBRADA TULLUISHQUISHCA - CD TAURIPAMPA - CD ROSO - CD MARMO,Licencia,Agrícola,Quebrada MACO,COMITÉ DE USUARIOS DE AGUA SUPERFICIAL QUEBRADA TULLUISHQUISHCA - CD TAURIPAMPA - CD ROSO - CD MARMO,0110-2021 ANA-AAA.HCH,2021-02-23,Huarmey Chicama,Casma Huarmey,Cuenca Casma,Huaraz,Pira
41588,COMITE DE USUARIOS DE AGUA SUPERFICIAL PUNAN CURMIN,Licencia,Agrícola,Manantial CURMIN,COMITE DE USUARIOS DE AGUA SUPERFICIAL PUNAN CURMIN,0211-2025 ANA-AAA.HCH,2025-03-12,Huarmey Chicama,Casma Huarmey,Cuenca Casma,Huaraz,Pira
41589,COMITE DE USUARIOS DE AGUA SUPERFICIAL PUNAN CURMIN,Licencia,Agrícola,Manantial PUNAN,COMITE DE USUARIOS DE AGUA SUPERFICIAL PUNAN CURMIN,0212-2025 ANA-AAA.HCH,2025-03-12,Huarmey Chicama,Casma Huarmey,Cuenca Casma,Huaraz,Pira
41590,JUNTA ADMINISTRADORA DE SERVICIOS DE SANEAMIENTO (JASS) DEL CENTRO POBLADO SANTA RITA,Licencia,Poblacional,Quebrada Enjalme / Manantial Yacushna,JUNTA ADMINISTRADORA DE SERVICIOS DE SANEAMIENTO (JASS) DEL CENTRO POBLADO SANTA RITA,0756-2019 ANA-AAA.HCH,2019-06-20,Huarmey Chicama,Casma Huarmey,Cuenca Casma,Huaraz,Pira
41591,JUNTA ADMINISTRADORA DE SERVICIOS DE SANEAMIENTO (JASS) DEL CASERÍO DE CHINCHAYHUASI,Licencia,Poblacional,Manantial CONCHICUTA / Manantial COTU JIRCA / Manantial BAÑOS PACHAN,JUNTA ADMINISTRADORA DE SERVICIOS DE SANEAMIENTO (JASS) DEL CASERÍO DE CHINCHAYHUASI,0003-2021 ANA-AAA.HCH,2021-01-06,Huarmey Chicama,Casma Huarmey,Cuenca Casma,Huaraz,Pira
41592,COMITE DE USUARIOS DE AGUA SUPERFICIAL TINCO,Licencia,Agrícola,Quebrada CHILLAC,COMITE DE USUARIOS DE AGUA SUPERFICIAL TINCO,0024-2025 ANA.AAA.HCH,2025-01-07,Huarmey Chicama,Casma Huarmey,Cuenca Casma,Huaraz,Pira
41593,COMITE DE USUARIOS DE AGUA SUPERFICIAL TINCO,Licencia,Agrícola,Quebrada CHILLAC,COMITE DE USUARIOS DE AGUA SUPERFICIAL TINCO,0026-2025 ANA-AAA.HCH,2025-01-07,Huarmey Chicama,Casma Huarmey,Cuenca Casma,Huaraz,Pira
41594,COMITE DE USUARIOS DE AGUA SUPERFICIAL TINCO,Licencia,Agrícola,Quebrada CHILLAC / Quebrada Chihua Paccha,COMITE DE USUARIOS DE AGUA SUPERFICIAL TINCO,0030-2025 ANA-AAA.HCH,2025-01-07,Huarmey Chicama,Casma Huarmey,Cuenca Casma,Huaraz,Pira
41595,COMITE DE USUARIOS DE AGUA SUPERFICIAL TINCO,Licencia,Agrícola,Quebrada TINCO / Quebrada CHILLAC / Quebrada Chihua Paccha / Quebrada TINCO,COMITE DE USUARIOS DE AGUA SUPERFICIAL TINCO,0031-2025 ANA-AAA.HCH,2025-01-07,Huarmey Chicama,Casma Huarmey,Cuenca Casma,Huaraz,Pira
41596,JUNTA ADMINISTRADORA DE SERVICIOS DE SANEAMIENTO (JASS) DEL CENTRO POBLADO RURAL DE CHACCHAN,Licencia,Poblacional,Manantial Quemishpampa,JUNTA ADMINISTRADORA DE SERVICIOS DE SANEAMIENTO (JASS) DEL CENTRO POBLADO RURAL DE CHACCHAN,1233-2024 ANA-AAA.HCH,2024-10-21,Huarmey Chicama,Casma Huarmey,Cuenca Casma,Huaraz,Pariacoto
41597,JUNTA ADMINISTRADORA DE SERVICIOS DE SANEAMIENTO (JASS) DEL CENTRO POBLADO RURAL DE QUEMISHPAMPA,Licencia,Poblacional,Manantial CULLUA III,JUNTA ADMINISTRADORA DE SERVICIOS DE SANEAMIENTO (JASS) DEL CENTRO POBLADO RURAL DE QUEMISHPAMPA,0377-2021 ANA-AAA.HCH,2021-06-28,Huarmey Chicama,Casma Huarmey,Cuenca Casma,Huaraz,Pariacoto
41598,"NORABUENA LONGOBARDI, WILLIAM GUILLERMO",Licencia,Agrícola,Río NEPEÑA / Río SANTA,COMISION DE USUARIOS DEL SUB SECTOR HIDRAULICO NEPEÑA,0123-2025 ANA-AAA.HCH,2025-02-05,Huarmey Chicama,Santa Lacramarca Nepeña,Cuenca Nepeña,Santa,Nepeña
41599,Jose de San Martin Milla Mendoza,Licencia,Agrícola,Río NEPEÑA,COMISION DE USUARIOS DEL SUB SECTOR HIDRAULICO NEPEÑA,0727-2023 ANA-AAA.HCH,2023-12-27,Huarmey Chicama,Santa Lacramarca Nepeña,Cuenca Nepeña,Santa,Samanco
41600,JOSE DE SAN MARTIN MILLA MENDOZA,Licencia,Agrícola,Río NEPEÑA,COMISION DE USUARIOS DEL SUB SECTOR HIDRAULICO NEPEÑA.,0728-2023 ANA-AAA.HCH,2023-12-27,Huarmey Chicama,Santa Lacramarca Nepeña,Cuenca Nepeña,Santa,Samanco
41601,"LEIVA HERNANDEZ, HILDAURA GRACIELA",Licencia,Agrícola,Puquio PIPI / Río SANTA,COMISION DE USUARIOS DEL SUB SECTOR HIDRAULICO NEPEÑA,0633-2020 ANA-AAA.HCH,2020-11-03,Huarmey Chicama,Santa Lacramarca Nepeña,Cuenca Nepeña,Santa,Nepeña
41602,"HUAMANCHUMO TAMAYO, LUIS RODOLFO",Licencia,Agrícola,Río NEPEÑA / Río SANTA,COMISION DE USUARIOS DEL SUB SECTOR HIDRAULICO NEPEÑA,0214-2020 ANA-AAA.HCH,2020-03-03,Huarmey Chicama,Santa Lacramarca Nepeña,Cuenca Nepeña,Santa,Samanco
41603,Sucecion Intestada Julian Flores Mejia,Licencia,Agrícola,Río NEPEÑA / Río SANTA,JUNTA DE USUARIOS DEL SECTOR HIDRAULICO NEPEÑA,0465-2021 ANA-AAA.H.CH,,Huarmey Chicama,Santa Lacramarca Nepeña,Cuenca Nepeña,Santa,Moro
41604,"ZORRILLA PEREZ, HECTOR DOROTEO",Licencia,Agrícola,Puquio PUENTE LUIS ROSARIO / Río SANTA,COMISION DE USUARIOS DEL SUB SECTOR HIDRAULICO NEPEÑA,0704-2021 ANA-AAA.HCH,2021-12-10,Huarmey Chicama,Santa Lacramarca Nepeña,Cuenca Nepeña,Santa,Nepeña
41605,"MORALES VERGARAY, Iris Juana",Licencia,Agrícola,Río NEPEÑA / Río SANTA,JUNTA  DE USUARIOS DEL SECTOR HIDRÁULICO NEPEÑA,0277-2021 ANA-AAA.HCH,2021-05-13,Huarmey Chicama,Santa Lacramarca Nepeña,Cuenca Nepeña,Santa,Samanco
41606,"MORALES COTO, Elsa Flora",Licencia,Agrícola,Río NEPEÑA / Río SANTA,COMISIÓN  DE USUARIOS DEL SUB SECTOR HIDRÁULICO NEPEÑA,0351-2020 ANA-AAA.HCH,2020-07-15,Huarmey Chicama,Santa Lacramarca Nepeña,Cuenca Nepeña,Santa,Nepeña
41607,"RAMOS PEREZ, YOLANDA CRISTINA",Licencia,Agrícola,Río NEPEÑA / Río SANTA,COMISION DE USUARIOS DEL SUB SECTOR HIDRAULICO NEPEÑA,0730-2021 ANA-AAA.HCH,2021-12-15,Huarmey Chicama,Santa Lacramarca Nepeña,Cuenca Nepeña,Santa,Nepeña
41608,"SANCHEZ PENACHI, ANDRES",Licencia,Agrícola,Río NEPEÑA / Río SANTA,COMISION DE USUARIOS DEL SUB SECTOR HIDRAULICO NEPEÑA,0729-2021 ANA-AAA.HCH,2021-12-15,Huarmey Chicama,Santa Lacramarca Nepeña,Cuenca Nepeña,Santa,Samanco
41609,"TAMAYO VELVEDER, MIGUEL ANTONIO",Licencia,Agrícola,Río NEPEÑA / Río SANTA,COMISION DE USUARIOS DEL SUB SECTOR HIDRAULICO NEPEÑA,0721-2021 ANA-AAA.HCH,2021-12-13,Huarmey Chicama,Santa Lacramarca Nepeña,Cuenca Nepeña,Santa,Samanco
41610,"TREJO DE BLAS, LORENZA FELICITAS",Licencia,Agrícola,Río NEPEÑA / Río SANTA,COMISION DE USUARIOS DEL SUB SECTOR HIDRAULICO NEPEÑA,0732-2021 ANA-AAA.HCH,2021-12-15,Huarmey Chicama,Santa Lacramarca Nepeña,Cuenca Nepeña,Santa,Samanco
41611,"VARGAS JARA, MARCOS TIMOTEO",Licencia,Agrícola,Río NEPEÑA / Río SANTA,COMISION DE USUARIOS DEL SUB SECTOR HIDRAULICO NEPEÑA,0720-2021 ANA-AAA.HCH,2021-12-13,Huarmey Chicama,Santa Lacramarca Nepeña,Cuenca Nepeña,Santa,Samanco
41612,"VERGARAY DOMINGUEZ, CELESTINA LILIANA",Licencia,Agrícola,Río NEPEÑA / Río SANTA,COMISION DE USUARIOS DEL SUB SECTOR HIDRAULICO NEPEÑA,0719-2021 ANA-AAA.HCH,2021-12-13,Huarmey Chicama,Santa Lacramarca Nepeña,Cuenca Nepeña,Santa,Samanco
41613,"GARGATE FLORES, TEODOSIO PEDRO",Licencia,Agrícola,Río NEPEÑA,COMISION DE USUARIOS DEL SUB SECTOR HIDRAULICO NEPEÑA,0718-2021 ANA-AAA.HCH,2021-12-13,Huarmey Chicama,Santa Lacramarca Nepeña,Cuenca Nepeña,Santa,Samanco
41614,"GARGATE FLORES, TEODOSIO PEDRO",Licencia,Agrícola,Río NEPEÑA,COMISION DE USUARIOS DEL SUB SECTOR HIDRAULICO NEPEÑA,0717-2021 ANA-AAA.HCH,2021-12-13,Huarmey Chicama,Santa Lacramarca Nepeña,Cuenca Nepeña,Santa,Samanco
41615,"LOAYZA MEJIA, DORA JULIA",Licencia,Agrícola,Río NEPEÑA / Río SANTA,COMISION DE USUARIOS DEL SUB SECTOR HIDRAULICO NEPEÑA,0725-2021 ANA-AAA.HCH,2021-12-15,Huarmey Chicama,Santa Lacramarca Nepeña,Cuenca Nepeña,Santa,Samanco
41616,"MILLA MENDOZA, JOSE SAN MARTIN",Licencia,Agrícola,Río NEPEÑA,COMISION DE USUARIOS DEL SUB SECTOR HIDRAULICO NEPEÑA,0714-2021 ANA-AAA.HCH,2021-12-10,Huarmey Chicama,Santa Lacramarca Nepeña,Cuenca Nepeña,Santa,Samanco
41617,"MORENO CABALLERO, SANTOS",Licencia,Agrícola,Puquio EL LIMON / Río SANTA,COMISION DE USUARIOS DEL SUB SECTOR HIDRAULICO NEPEÑA,0733-2021 ANA-AAA.HCH,2021-12-15,Huarmey Chicama,Santa Lacramarca Nepeña,Cuenca Nepeña,Santa,Samanco
41618,"MURO CABREJOS, HUGO DAGOBERTO",Licencia,Agrícola,Puquio PIPI / Río SANTA,COMISION DE USUARIOS DEL SUB SECTOR HIDRAULICO NEPEÑA,0706-2021 ANA-AAA.HCH,2021-12-10,Huarmey Chicama,Santa Lacramarca Nepeña,Cuenca Nepeña,Santa,Nepeña
41619,"AGUILAR CARRANZA, BARO CUSTODIO",Licencia,Agrícola,Río NEPEÑA / Río SANTA,COMISION DE USUARIOS DEL SUB SECTOR HIDRAULICO NEPEÑA,0728-2021 ANA-AAA.HCH,2021-12-15,Huarmey Chicama,Santa Lacramarca Nepeña,Cuenca Nepeña,Santa,Samanco
41620,"ALVA FLORES, FELIPE JUSTO",Licencia,Agrícola,Río NEPEÑA / Río SANTA,COMISION DE USUARIOS DEL SUB SECTOR HIDRAULICO NEPEÑA,0727-2021 ANA-AAA.HCH,2021-12-15,Huarmey Chicama,Santa Lacramarca Nepeña,Cuenca Nepeña,Santa,Samanco
41621,"ANDRADE VILLANUEVA DE CHUQUIMANGO, CARMEN ISABEL",Licencia,Agrícola,Río NEPEÑA / Río SANTA,COMISION DE USUARIOS DEL SUB SECTOR HIDRAULICO NEPEÑA,0734-2021 ANA-AAA.HCH,2021-12-15,Huarmey Chicama,Santa Lacramarca Nepeña,Cuenca Nepeña,Santa,Nepeña
41622,"CHAVEZ LAZARTE, LUIS ALEJANDRO",Licencia,Agrícola,Puquio PIPI / Río SANTA,COMISION DE USUARIOS DEL SUB SECTOR HIDRAULICO NEPEÑA,0707-2021 ANA-AAA.HCH,2021-12-10,Huarmey Chicama,Santa Lacramarca Nepeña,Cuenca Nepeña,Santa,Nepeña
41623,"CORTEZ PEREZ, CRISTINA",Licencia,Agrícola,Río NEPEÑA / Río SANTA,COMISION DE USUARIOS DEL SUB SECTOR HIDRAULICO NEPEÑA,0726-2021 ANA-AAA.HCH,2021-12-15,Huarmey Chicama,Santa Lacramarca Nepeña,Cuenca Nepeña,Santa,Samanco
41624,"DE LOS SANTOS VIDAL DE PRINCIPE, LUZ AURORA",Licencia,Agrícola,Río NEPEÑA / Río SANTA,COMISION DE USUARIOS DEL SUB SECTOR HIDRAULICO NEPEÑA,0731-2021 ANA-AAA.HCH,2021-12-15,Huarmey Chicama,Santa Lacramarca Nepeña,Cuenca Nepeña,Santa,Samanco
41625,Comite de Usuarios de Agua Ocshapampa,Licencia,Agrícola,Río TINCO,Comite de Usuarios de Agua Ocshapampa,0458-2019 ANA-AAA.HCH,2019-03-12,Huarmey Chicama,Santa Lacramarca Nepeña,Cuenca Nepeña,Huaylas,Pamparomas
41626,Comite de Usuarios de Agua Ocshapampa,Licencia,Agrícola,Río Pacarinam,Comite de Usuarios de Agua Ocshapampa,0459-2019 ANA-AAA.HCH,2019-03-12,Huarmey Chicama,Santa Lacramarca Nepeña,Cuenca Nepeña,Huaylas,Pamparomas
41627,Comite de Usuarios de Agua Ocshapampa,Licencia,Agrícola,Río TINCO,Comite de Usuarios de Agua Ocshapampa,0460-2019 ANA-AAA.HCH,2019-03-12,Huarmey Chicama,Santa Lacramarca Nepeña,Cuenca Nepeña,Huaylas,Pamparomas
41628,"MILLA VDA. DE CARRASCO, ELCIRA ORLANDA",Licencia,Agrícola,Río LOCO,JUNTA DE USUARIOS DEL SECTOR HIDRAULICO NEPEÑA,0485-2020 ANA-AAA.HCH,2020-09-21,Huarmey Chicama,Santa Lacramarca Nepeña,Cuenca Nepeña,Santa,Moro
41629,Ana María Huarca Villafana,Licencia,Agrícola,Río NEPEÑA,COMISION DE USUARIOS DEL SUB SECTOR HIDRAULICO MONTE COMUN MISHAN VIRAHUANCA,0286-2024 ANA-AAA.HCH,2024-04-08,Huarmey Chicama,Santa Lacramarca Nepeña,Cuenca Nepeña,Santa,Moro
41630,"DOMINGUEZ TRUJILLO, ALDO ABEL",Licencia,Agrícola,Río LOCO,"DOMINGUEZ TRUJILLO, ALDO ABEL",1304-2024 ANA-AAA.HCH,2024-11-11,Huarmey Chicama,Santa Lacramarca Nepeña,Cuenca Nepeña,Santa,Moro
41631,JUANA GLADYS LOPEZ DE MILLA,Licencia,Agrícola,Río Rio Loco,Comisión de Regantes Macash,0749-2022 ANA-AAA.HCH,2022-12-22,Huarmey Chicama,Santa Lacramarca Nepeña,Cuenca Nepeña,Santa,Moro
41632,"ROQUE ROSAS, ABRAHAM ROBERTO",Licencia,Agrícola,Río NEPEÑA,"COMISION DE REGANTES DEL SUB-SECTOR DE RIEGO EL SALITRE, DEL SECTOR DE RIEGO MORO",0004-2022 ANA-AAA.HCH,2022-01-06,Huarmey Chicama,Santa Lacramarca Nepeña,Cuenca Nepeña,Santa,Caceres Del Peru
41633,"CORTEZ GRACIANO, CLEMENTE HIDELFONSO",Licencia,Agrícola,Río NEPEÑA,"COMISION DE REGANTES DEL SUB-SECTOR DE RIEGO EL SALITRE, DEL SECTOR DE RIEGO MORO",0005-2022 ANA-AAA.HCH,2022-01-06,Huarmey Chicama,Santa Lacramarca Nepeña,Cuenca Nepeña,Santa,Caceres Del Peru
41634,"INOCENTE LAVERIANO, JUAN GILBERTO",Licencia,Agrícola,Río NEPEÑA,"COMISION DE REGANTES DEL SUB-SECTOR DE RIEGO EL SALITRE, DEL SECTOR DE RIEGO MORO",0039-2022 ANA-AAA.HCH,2022-01-28,Huarmey Chicama,Santa Lacramarca Nepeña,Cuenca Nepeña,Santa,Caceres Del Peru
41635,"ESTRADA RODRIGUEZ, MARIA MAGDALENA",Licencia,Agrícola,Río NEPEÑA,"COMISION DE REGANTES DEL SUB-SECTOR DE RIEGO EL SALITRE, DEL SECTOR DE RIEGO MORO",0031-2022 ANA-AAA.HCH,2022-01-28,Huarmey Chicama,Santa Lacramarca Nepeña,Cuenca Nepeña,Santa,Caceres Del Peru
41636,"MENDOZA MUÑOZ, JUAN ALEJO",Licencia,Agrícola,Río NEPEÑA,"COMISION DE REGANTES DEL SUB-SECTOR DE RIEGO EL SALITRE, DEL SECTOR DE RIEGO MORO",0037-2022 ANA-AAA.HCH,2022-01-28,Huarmey Chicama,Santa Lacramarca Nepeña,Cuenca Nepeña,Santa,Caceres Del Peru
41637,"FLORES YANAC, MARCELO GABINO",Licencia,Agrícola,Río NEPEÑA,"COMISION DE REGANTES DEL SUB-SECTOR DE RIEGO EL SALITRE, DEL SECTOR DE RIEGO MORO",0036-2022 ANA-AAA.HCH,2022-01-28,Huarmey Chicama,Santa Lacramarca Nepeña,Cuenca Nepeña,Santa,Caceres Del Peru
41638,"RAMÍREZ HUARCA, OLIN CLEMENTE",Licencia,Agrícola,Río SANTA / Río NEPEÑA,JUNTA DE USUARIOS DEL SECTOR HIDRÁULICO MENOR NEPEÑA.,0436-2025 ANA-AAA.HCH,2025-06-10,Huarmey Chicama,Santa Lacramarca Nepeña,Cuenca Nepeña,Santa,Moro
41639,ESTELA TEODOLINDA SANCHEZ GARCIA,Licencia,Agrícola,Río NEPEÑA,COMISION DE REGANTES DEL SUBSECTOR HIDRAULICO SALITRE,0274-2022 ANA-AAA.HCH,2022-05-27,Huarmey Chicama,Santa Lacramarca Nepeña,Cuenca Nepeña,Santa,Caceres Del Peru
41640,"MUÑOZ GONZALES, ROSA VICTORIA",Licencia,Agrícola,Río NEPEÑA,JUNTA DE USUARIOS DEL SECTOR HIDRAULICO NEPEÑA,0747-2020 ANA-AAA.HCH,2020-12-03,Huarmey Chicama,Santa Lacramarca Nepeña,Cuenca Nepeña,Santa,Nepeña
41641,CHAUCA LUNA SANTIAGO,Licencia,Agrícola,Río NEPEÑA,JUNTA DE USUARIOS DEL SECTOR HIDRAULICO NEPEÑA,0488-2020 ANA-AAA.HCH,2020-09-22,Huarmey Chicama,Santa Lacramarca Nepeña,Cuenca Nepeña,Santa,Nepeña
41642,CHAUCA LUNA SANTIAGO,Licencia,Agrícola,Río NEPEÑA,JUNTA DE USUARIOS DEL SECTOR HIDRAULICO NEPEÑA,0489-2020 ANA-AAA.HCH,2020-09-22,Huarmey Chicama,Santa Lacramarca Nepeña,Cuenca Nepeña,Santa,Nepeña
41643,CHAUCA LUNA SANTIAGO,Licencia,Agrícola,Río NEPEÑA,JUNTA DE USUARIOS DEL SECTOR HIDRAULICO NEPEÑA,0490-2020 ANA-AAA.HCH,2020-09-22,Huarmey Chicama,Santa Lacramarca Nepeña,Cuenca Nepeña,Santa,Nepeña
41644,"ROJAS LUNA, ELVIS WAMER",Licencia,Agrícola,Río NEPEÑA,JUNTA DE USUARIOS DEL SECTOR HIDRÁULICO NEPEÑA,0609-2020 ANA-AAA.HCH,2020-10-20,Huarmey Chicama,Santa Lacramarca Nepeña,Cuenca Nepeña,Santa,Nepeña
41645,"ROJAS LUNA, ELVIS WAMER",Licencia,Agrícola,Río NEPEÑA,JUNTA DE USUARIOS DEL SECTOR HIDRÁULICO NEPEÑA,0610-2020 ANA-AAA.HCH,2020-10-20,Huarmey Chicama,Santa Lacramarca Nepeña,Cuenca Nepeña,Santa,Moro
41646,ANSELMA CELINDA VICTORINO DE SANTILLAN,Licencia,Agrícola,Río NEPEÑA,COMISION DE USUARIOS DEL SUBSECTOR HIDRAULICO NEPEÑA,0800-2019 ANA-AAA.HCH,2019-07-03,Huarmey Chicama,Santa Lacramarca Nepeña,Cuenca Nepeña,Santa,Nepeña
41647,"HERRERA QUINTO, CARLOS GERBER",Licencia,Agrícola,Río NEPEÑA,"COMISION DE REGANTES DEL SUB-SECTOR DE RIEGO EL SALITRE, DEL SECTOR DE RIEGO MORO",0032-2022 ANA-AAA.HCH,2022-01-28,Huarmey Chicama,Santa Lacramarca Nepeña,Cuenca Nepeña,Santa,Caceres Del Peru
41648,"VEGA OLIVO, JUAN MANUEL",Licencia,Agrícola,Río NEPEÑA,"COMISION DE REGANTES DEL SUB-SECTOR DE RIEGO EL SALITRE, DEL SECTOR DE RIEGO MORO",0034-2022 ANA-AAA.HCH,2022-01-28,Huarmey Chicama,Santa Lacramarca Nepeña,Cuenca Nepeña,Santa,Caceres Del Peru
41649,"HERRERA QUINTO, CARLOS GERBER",Licencia,Agrícola,Río NEPEÑA,"COMISION DE REGANTES DEL SUB-SECTOR DE RIEGO EL SALITRE, DEL SECTOR DE RIEGO MORO",0033-2022 ANA-AAA.HCH,2022-01-08,Huarmey Chicama,Santa Lacramarca Nepeña,Cuenca Nepeña,Santa,Caceres Del Peru
41650,ADELAIDA OLINDA MARTÍNEZ QUINTO,Licencia,Agrícola,Río NEPEÑA,COMISIÓN DE USUARIOS DEL SUB SECTOR HIDRÁULICO  SALITRE,0006-2022 ANA-AAA.HCH,2022-01-06,Huarmey Chicama,Santa Lacramarca Nepeña,Cuenca Nepeña,Santa,Caceres Del Peru
41651,MENDOZA CHAUCA JEAN PATRICK,Licencia,Agrícola,Río NEPEÑA,JUNTA DE USUARIOS DEL SECTOR HIDRAULICO NEPEÑA,0316-2021 ANA-AAA.HCH,2021-05-26,Huarmey Chicama,Santa Lacramarca Nepeña,Cuenca Nepeña,Santa,Nepeña
41652,MENDOZA CHAUCA JEAN PATRICK,Licencia,Agrícola,Río NEPEÑA,JUNTA DE USUARIOS DEL SECTOR HIDRÁULICO NEPEÑA,0317-2021 ANA-AAA.H.CH,2021-05-26,Huarmey Chicama,Santa Lacramarca Nepeña,Cuenca Nepeña,Santa,Caceres Del Peru
41653,JUNTA ADMINISTRADORA DE SERVICIOS DE SANEAMIENTO DE LA LOCALIDAD DE ULLPAN,Licencia,Poblacional,Río UCHUPACANCHA,JUNTA ADMINISTRADORA DE SERVICIOS DE SANEAMIENTO DE LA LOCALIDAD DE ULLPAN,0728-2019 ANA-AAA.HCH,2019-06-12,Huarmey Chicama,Santa Lacramarca Nepeña,Cuenca Nepeña,Huaylas,Pamparomas
41654,JUNTA ADMINISTRADORA DE SERVICIOS DE SANEAMIENTO (JASS) DEL CENTRO POBLADO RURAL CAJABAMBA BAJA,Licencia,Poblacional,Manantial CACHAPUNCRO 1 / Manantial CACHAPUNCRO 2 / Manantial LICHUHUACANAN,JUNTA ADMINISTRADORA DE SERVICIOS DE SANEAMIENTO (JASS) DEL CENTRO POBLADO RURAL CAJABAMBA BAJA,0731-2019 ANA-AAA.HCH,2019-06-12,Huarmey Chicama,Santa Lacramarca Nepeña,Cuenca Nepeña,Huaylas,Pamparomas
41655,JUNTA ADMINISTRADORA DE SERVICIOS DE SANEAMIENTO DEL CENTRO POBLADO RURAL DE PUNIN,Licencia,Poblacional,Manantial MATIPACANAN,JUNTA ADMINISTRADORA DE SERVICIOS DE SANEAMIENTO DEL CENTRO POBLADO RURAL DE PUNIN,0727-2019 ANA-AAA.HCH,2019-06-12,Huarmey Chicama,Santa Lacramarca Nepeña,Cuenca Nepeña,Huaylas,Pamparomas
41656,JUNTA ADMINISTRADORA DE SERVICIOS DE SANEAMIENTO (JASS) DEL CENTRO POBLADO RURAL SAN JUANITO,Licencia,Poblacional,Manantial GALLO CANTANAN 1 / Manantial GALLO CANTANAN 2,JUNTA ADMINISTRADORA DE SERVICIOS DE SANEAMIENTO (JASS) DEL CENTRO POBLADO RURAL SAN JUANITO,0726-2019 ANA-AAA.HCH,2019-06-12,Huarmey Chicama,Santa Lacramarca Nepeña,Cuenca Nepeña,Huaylas,Pamparomas
41657,JUNTA ADMINISTRADORA  DE SERVICIO DE SANEAMIENTO DEL CENTRO POBLADO RURAL DE MARMAY,Licencia,Poblacional,Manantial SANTA ROSA,JUNTA ADMINISTRADORA  DE SERVICIO DE SANEAMIENTO DEL CENTRO POBLADO RURAL DE MARMAY,0730-2019 ANA-AAA.HCH,2019-06-13,Huarmey Chicama,Santa Lacramarca Nepeña,Cuenca Nepeña,Huaylas,Pamparomas
41658,JUNTA ADMINISTRADORA DE SERVICIOS DE SANEAMIENTO DEL CENTRO POBLADO RURAL DE CHORRILLOS,Licencia,Poblacional,Manantial QUITARURI / Quebrada YANAPACHA,JUNTA ADMINISTRADORA DE SERVICIOS DE SANEAMIENTO DEL CENTRO POBLADO RURAL DE CHORRILLOS,0729-2019 ANA-AAA.HCH,2019-06-12,Huarmey Chicama,Santa Lacramarca Nepeña,Cuenca Nepeña,Huaylas,Pamparomas
41659,JUNTA ADMINISTRADORA DE SERVICIO DE SANEAMIENTO (JASS) DEL CASERÍO DE CULLASHCUNCA,Licencia,Poblacional,Manantial CARHUACASHAHURAN / Manantial CABALLO-ISHQUINAN,JUNTA ADMINISTRADORA DE SERVICIO DE SANEAMIENTO (JASS) DEL CASERÍO DE CULLASHCUNCA,0347-2020 ANA-AAA.HCH,2020-07-15,Huarmey Chicama,Santa Lacramarca Nepeña,Cuenca Nepeña,Huaylas,Pamparomas
41660,JUNTA ADMINISTRADORA DE SERVICIO DE SANEAMIENTO (JASS) DEL CASERÍO DE ACHAHUAS,Licencia,Poblacional,Manantial PURUSH-HUARAN,JUNTA ADMINISTRADORA DE SERVICIO DE SANEAMIENTO (JASS) DEL CASERÍO DE ACHAHUAS,0419-2020 ANA-AAA.HCH,2020-08-20,Huarmey Chicama,Santa Lacramarca Nepeña,Cuenca Nepeña,Huaylas,Huaylas
41661,JUNTA ADMINISTRADORA DE SERVICIO DE SANEAMIENTO (JASS) DEL CASERÍO DE HUARACPAMPA,Licencia,Poblacional,Manantial SHOSHINANIHURAN 1 / Manantial SHOSHINANIHURAN 2 / Manantial SHOSHINANIHURAN 3 / Manantial SHOSHINANIHURAN 4 / Manantial SHOSHINANIHURAN 5 / Manantial SHOSHINANIHURAN 6 / Manantial SHOSHINAN,JUNTA ADMINISTRADORA DE SERVICIO DE SANEAMIENTO (JASS) DEL CASERÍO DE HUARACPAMPA,0346-2020 ANA-AAA.HCH,2020-07-14,Huarmey Chicama,Santa Lacramarca Nepeña,Cuenca Nepeña,Huaylas,Pamparomas
41662,JUNTA ADMINISTRADORA DE SERVICIOS DE SANEAMIENTO (JASS) DEL CENTRO POBLADO RURAL CAJABAMBA ALTA,Licencia,Poblacional,Manantial ACRAS CORAL,JUNTA ADMINISTRADORA DE SERVICIOS DE SANEAMIENTO (JASS) DEL CENTRO POBLADO RURAL CAJABAMBA ALTA,0732-2019 ANA-AAA.HCH,2019-06-12,Huarmey Chicama,Santa Lacramarca Nepeña,Cuenca Nepeña,Huaylas,Pamparomas
41663,JUNTA ADMINISTRADORA DE SERVICIO DE SANEAMIENTO DE LA LOCALIDAD DE QUEROPUQUIO,Licencia,Poblacional,Manantial ISPIYACO,JUNTA ADMINISTRADORA DE SERVICIO DE SANEAMIENTO DE LA LOCALIDAD DE QUEROPUQUIO,0725-2019 ANA-AAA.HCH,2019-06-12,Huarmey Chicama,Santa Lacramarca Nepeña,Cuenca Nepeña,Huaylas,Pamparomas
41664,JUNTA ADMINISTRADORA DE SERVICIOS DE SANEAMIENTO (JASS) DEL CENTRO POBLADO RURAL PAMPAP,Licencia,Poblacional,Manantial YANATI / Manantial COLUMBA / Manantial YANARANRA,JUNTA ADMINISTRADORA DE SERVICIOS DE SANEAMIENTO (JASS) DEL CENTRO POBLADO RURAL PAMPAP,0913-2019 ANA-AAA.HCH,2019-08-07,Huarmey Chicama,Santa Lacramarca Nepeña,Cuenca Nepeña,Huaylas,Pamparomas
41665,Junta Administradora de Servicios de Saneamiento (JASS) del Centro Poblado Rural de Catorce Incas,Licencia,Poblacional,Quebrada CHILCA HURAN,Junta Administradora de Servicios de Saneamiento (JASS) del Centro Poblado Rural de Catorce Incas,0912-2019 ANA-AAA.HCH,2019-08-07,Huarmey Chicama,Santa Lacramarca Nepeña,Cuenca Nepeña,Huaylas,Pamparomas
41666,"VELASQUEZ REGALADO, ADRIAN CIRILO",Licencia,Agrícola,Río NEPEÑA,"COMISION DE REGANTES DEL SUB-SECTOR DE RIEGO EL SALITRE, DEL SECTOR DE RIEGO MORO",0778-2021 ANA-AAA.HCH,2021-12-30,Huarmey Chicama,Santa Lacramarca Nepeña,Cuenca Nepeña,Santa,Caceres Del Peru
41667,"CHACHAPOYAS MEJIA, EVARISTO LUCIANO",Licencia,Agrícola,Río NEPEÑA,"COMISION DE REGANTES DEL SUB-SECTOR DE RIEGO EL SALITRE, DEL SECTOR DE RIEGO MORO",0779-2021 ANA-AAA.HCH,2021-12-30,Huarmey Chicama,Santa Lacramarca Nepeña,Cuenca Nepeña,Santa,Caceres Del Peru
41668,"CONSUELO LUNA, ROGGER JUAN",Licencia,Agrícola,Río NEPEÑA,"COMISION DE REGANTES DEL SUB-SECTOR DE RIEGO EL SALITRE, DEL SECTOR DE RIEGO MORO",0781-2021 ANA-AAA.HCH,2021-12-30,Huarmey Chicama,Santa Lacramarca Nepeña,Cuenca Nepeña,Santa,Caceres Del Peru
41669,"BORJA JUSTINO, FELIX HIPOLITO",Licencia,Agrícola,Río NEPEÑA,"COMISION DE REGANTES DEL SUB-SECTOR DE RIEGO EL SALITRE, DEL SECTOR DE RIEGO MORO",0782-2021 ANA-AAA.HCH,2021-12-30,Huarmey Chicama,Santa Lacramarca Nepeña,Cuenca Nepeña,Santa,Caceres Del Peru
41670,"FIGUEROA VALLADARES, GREGORIO VALENTIN",Licencia,Agrícola,Río NEPEÑA,"COMISION DE REGANTES DEL SUB-SECTOR DE RIEGO EL SALITRE, DEL SECTOR DE RIEGO MORO",0783-2021 ANA-AAA.HCH,2021-12-30,Huarmey Chicama,Santa Lacramarca Nepeña,Cuenca Nepeña,Santa,Caceres Del Peru
41671,"RODRIGUEZ RONDAN, DOMINGO GUZMAN",Licencia,Agrícola,Río NEPEÑA,"COMISION DE REGANTES DEL SUB-SECTOR DE RIEGO EL SALITRE, DEL SECTOR DE RIEGO MORO",0784-2021 ANA-AAA.HCH,2021-12-30,Huarmey Chicama,Santa Lacramarca Nepeña,Cuenca Nepeña,Santa,Caceres Del Peru
41672,"CHAUCA YUPAN, Benjamin Cirilo",Licencia,Agrícola,Río COLCAP,JUNTA  DE USUARIOS DEL SECTOR HIDRÁULICO NEPEÑA,0619-2020 ANA-AAA.HCH,2020-10-23,Huarmey Chicama,Santa Lacramarca Nepeña,Cuenca Nepeña,Santa,Caceres Del Peru
41673,LUIS ALBERTO VERGARA LOJA,Licencia,Agrícola,Río NEPEÑA,JUNTA DE USUARIOS DEL SECTOR HIDRÁULICO NEPEÑA,0745-2020 ANA-AAA.HCH,2020-12-03,Huarmey Chicama,Santa Lacramarca Nepeña,Cuenca Nepeña,Santa,Caceres Del Peru
41674,JASAP DEL CASERIO ARENAL NUEVO PROGRESO,Licencia,Poblacional,Manantial HULLUMAQUIN,JASAP DEL CASERIO ARENAL NUEVO PROGRESO,0607-2019 ANA-AAA.HCH,2019-05-08,Huarmey Chicama,Santa Lacramarca Nepeña,Cuenca Nepeña,Santa,Caceres Del Peru
41675,SALINAS NEPONUCENO NARCISA,Licencia,Agrícola,Río NEPEÑA,JUNTA DE USUARIOS DEL SECTOR HIDRAULICO NEPEÑA,0588-2020 ANA-AAA.HCH,2020-10-06,Huarmey Chicama,Santa Lacramarca Nepeña,Cuenca Nepeña,Santa,Moro
41676,JUAN CARLOS CANCINO LOPEZ,Licencia,Agrícola,Río NEPEÑA,COMISION DE REGANTES DEL SUBSECTOR HIDRAULICO SALITRE,0724-2022 ANA-AAA.HCH,2022-12-20,Huarmey Chicama,Santa Lacramarca Nepeña,Cuenca Nepeña,Santa,Caceres Del Peru
41677,FELIPE EUSTERIO RODRIGUEZ LUNA,Licencia,Agrícola,Río Cosma,JUNTA DE USUARIOS DEL SECTOR HIDRAULICO NEPEÑA,0726-2023 ANA-AAA.HCH,2023-12-22,Huarmey Chicama,Santa Lacramarca Nepeña,Cuenca Nepeña,Santa,Caceres Del Peru
41678,HILARIO SANTOS ALVARADO NORABUENA,Licencia,Agrícola,Río NEPEÑA,JUNTA DE USUARIOS DEL SECTOR HIDRAULICO NEPEÑA,0594-2025 ANA-AAA.HCH,2025-07-31,Huarmey Chicama,Santa Lacramarca Nepeña,Cuenca Nepeña,Santa,Caceres Del Peru
41679,"CHAUCA YUPAN, Benjamin Cirilo",Licencia,Agrícola,Río COLCAP,JUNTA  DE USUARIOS DEL SECTOR HIDRÁULICO NEPEÑA,0618-2020 ANA-AAA.HCH,2020-10-23,Huarmey Chicama,Santa Lacramarca Nepeña,Cuenca Nepeña,Santa,Caceres Del Peru
41680,"FIGUEROA VALLADARES, GREGORIO VALENTIN",Licencia,Agrícola,Río NEPEÑA,"COMISION DE REGANTES DEL SUB-SECTOR DE RIEGO EL SALITRE, DEL SECTOR DE RIEGO MORO",0785-2021 ANA-AAA.HCH,2021-12-30,Huarmey Chicama,Santa Lacramarca Nepeña,Cuenca Nepeña,Santa,Caceres Del Peru
41681,"RODRIGUEZ RONDAN, DOMINGO GUZMAN",Licencia,Agrícola,Río NEPEÑA,"COMISION DE REGANTES DEL SUB-SECTOR DE RIEGO EL SALITRE, DEL SECTOR DE RIEGO MORO",0786-2021 ANA-AAA.HCH,2021-12-30,Huarmey Chicama,Santa Lacramarca Nepeña,Cuenca Nepeña,Santa,Caceres Del Peru
41682,"DE LA CRUZ LOARTE, MARCIAL",Licencia,Agrícola,Río NEPEÑA,"COMISION DE REGANTES DEL SUB-SECTOR DE RIEGO EL SALITRE, DEL SECTOR DE RIEGO MORO",0787-2021 ANA-AAA.HCH,2021-12-30,Huarmey Chicama,Santa Lacramarca Nepeña,Cuenca Nepeña,Santa,Caceres Del Peru
41683,"RODRIGUEZ RONDAN, JUANA MARIA",Licencia,Agrícola,Río NEPEÑA,"COMISION DE REGANTES DEL SUB-SECTOR DE RIEGO EL SALITRE, DEL SECTOR DE RIEGO MORO",0788-2021 ANA-AAA.HCH,2021-12-30,Huarmey Chicama,Santa Lacramarca Nepeña,Cuenca Nepeña,Santa,Caceres Del Peru
41684,"CANCINO PONTE, PEDRO PABLO",Licencia,Agrícola,Río NEPEÑA,"COMISION DE REGANTES DEL SUB-SECTOR DE RIEGO EL SALITRE, DEL SECTOR DE RIEGO MORO",0038-2022 ANA-AAA.HCH,2022-02-28,Huarmey Chicama,Santa Lacramarca Nepeña,Cuenca Nepeña,Santa,Caceres Del Peru
41685,"CANCINO LOPEZ, DARLYNG ANTONIA",Licencia,Agrícola,Río NEPEÑA,COMISION DE USUARIOS DEL SUB SECTOR HIDRAULICO SALITRE,0238-2020 ANA-AAA.HCH,2020-03-12,Huarmey Chicama,Santa Lacramarca Nepeña,Cuenca Nepeña,Santa,Caceres Del Peru
41686,"GUEVARA MEJIA, ROCIO ELIZABETH",Licencia,Agrícola,Río LAMPANIN,COMISION DE USUARIOS DEL SUB SECTOR HIDRAULICO JIMBE,1252-2024 ANA-AAA.HCH,2024-10-25,Huarmey Chicama,Santa Lacramarca Nepeña,Cuenca Nepeña,Santa,Caceres Del Peru
41687,"SUSANIBAR PALOMARES, GILMER JUVENAL",Licencia,Agrícola,Río LAMPANIN,COMISIÓN DE USUARIOS DEL SUB SECTOR HIDRÁULICO JIMBE,0477-2020 ANA-AAA.HCH,2020-09-21,Huarmey Chicama,Santa Lacramarca Nepeña,Cuenca Nepeña,Santa,Caceres Del Peru
41688,"SUSANIBAR PALOMARES, GILMER JUVENAL",Licencia,Agrícola,Río LAMPANIN,COMISIÓN DE USUARIOS DEL SUB SECTOR HIDRÁULICO JIMBE,0478-2020 ANA-AAA.HCH,2020-09-21,Huarmey Chicama,Santa Lacramarca Nepeña,Cuenca Nepeña,Santa,Caceres Del Peru
41689,"CHAUCA MENDOZA, RÓMULO",Licencia,Agrícola,Río LAMPANIN,COMISIÓN DE USUARIOS DEL SUB SECTOR HIDRÁULICO JIMBE,0479-2020 ANA-AAA.HCH,2020-09-21,Huarmey Chicama,Santa Lacramarca Nepeña,Cuenca Nepeña,Santa,Caceres Del Peru
41690,"CHAUCA MENDOZA, RÓMULO",Licencia,Agrícola,Río LAMPANIN,COMISIÓN DE USUARIOS DEL SUB SECTOR HIDRÁULICO JIMBE,0480-2020 ANA-AAA.HCH,2020-09-21,Huarmey Chicama,Santa Lacramarca Nepeña,Cuenca Nepeña,Santa,Caceres Del Peru
41691,"CHAUCA MENDOZA, Zacarías Patricio",Licencia,Agrícola,Río LAMPANIN,COMISIÓN DE USUARIOS DEL SUB SECTOR HIDRÁULICO JIMBE,0481-2020 ANA-AAA.HCH,2020-09-21,Huarmey Chicama,Santa Lacramarca Nepeña,Cuenca Nepeña,Santa,Caceres Del Peru
41692,"SOLIS LUNA, ELEODORO SEGUNDO",Licencia,Agrícola,Río JIMBE,COMISION DE USUARIOS DEL SUB SECTOR HIDRAULICO JIMBE,0774-2021 ANA-AAA.HCH,2021-12-28,Huarmey Chicama,Santa Lacramarca Nepeña,Cuenca Nepeña,Santa,Caceres Del Peru
41693,"ROQUE MORALES, TEODOMIRO HERNANDO",Licencia,Agrícola,Río PACCHA / Río PACCHA,COMISIÓN DE USUARIOS DEL SUB SECTOR HIDRÁULICO JIMBE.,,,Huarmey Chicama,Santa Lacramarca Nepeña,Cuenca Nepeña,Santa,Caceres Del Peru
41694,"ESPINOZA LUNA, PEDRO MANUEL",Licencia,Agrícola,Río JIMBE,COMISION DE USUARIOS DEL SUB SECTOR HIDRAULICO JIMBE,0767-2021 ANA-AAA.HCH,2021-12-28,Huarmey Chicama,Santa Lacramarca Nepeña,Cuenca Nepeña,Santa,Caceres Del Peru
41695,"GAMBINI PAZ, YRENE AMANDA",Licencia,Agrícola,Río LAMPANIN,COMISION DE USUARIOS DEL SUB SECTOR HIDRAULICO JIMBE,0768-2021 ANA-AAA.HCH,2021-12-28,Huarmey Chicama,Santa Lacramarca Nepeña,Cuenca Nepeña,Santa,Caceres Del Peru
41696,"GAMBINI PAZ, YRENE AMANDA",Licencia,Agrícola,Río LAMPANIN,COMISION DE USUARIOS DEL SUB SECTOR HIDRAULICO JIMBE,0769-2021 ANA-AAA.HCH,2021-12-28,Huarmey Chicama,Santa Lacramarca Nepeña,Cuenca Nepeña,Santa,Caceres Del Peru
41697,"GAMBINI PAZ, YRENE AMANDA",Licencia,Agrícola,Río LAMPANIN,COMISION DE USUARIOS DEL SUB SECTOR HIDRAULICO JIMBE,0771-2021 ANA-AAA.HCH,2021-12-28,Huarmey Chicama,Santa Lacramarca Nepeña,Cuenca Nepeña,Santa,Caceres Del Peru
41698,"GAMBINI PAZ, YRENE AMANDA",Licencia,Agrícola,Río LAMPANIN,COMISION DE USUARIOS DEL SUB SECTOR HIDRAULICO JIMBE,0772-2021 ANA-AAA.HCH,2021-12-28,Huarmey Chicama,Santa Lacramarca Nepeña,Cuenca Nepeña,Santa,Caceres Del Peru
41699,"GAMBINI PAZ, YRENE AMANDA",Licencia,Agrícola,Río LAMPANIN,COMISION DE USUARIOS DEL SUB SECTOR HIDRAULICO JIMBE,0773-2021 ANA-AAA.HCH,2021-12-28,Huarmey Chicama,Santa Lacramarca Nepeña,Cuenca Nepeña,Santa,Caceres Del Peru
41700,"TELLEZ PALACIOS, LIBORIO WALTER",Licencia,Agrícola,Río LAMPANIN,COMISION DE USUARIOS DEL SUB SECTOR HIDRAULICO JIMBE,0707-2025 ANA-AAA.HCH,2025-09-05,Huarmey Chicama,Santa Lacramarca Nepeña,Cuenca Nepeña,Santa,Caceres Del Peru
41701,VIDAL MARINO RUIZ JULCA,Licencia,Agrícola,Río PACCHA,COMISIÓN DE USUARIOS DEL SUB SECTOR HIDRÁULICO JIMBE,1103-2020 ANA-AAA.HCH,2020-12-23,Huarmey Chicama,Santa Lacramarca Nepeña,Cuenca Nepeña,Santa,Caceres Del Peru
41702,TEOBALDO FREDDY CHACHAS MILLA,Licencia,Agrícola,Río PACCHA,COMISIÓN DE USUARIOS DEL SUB SECTOR HIDRÁULICO JIMBE,1086-2020 ANA-AAA.HCH,2020-12-23,Huarmey Chicama,Santa Lacramarca Nepeña,Cuenca Nepeña,Santa,Caceres Del Peru
41703,EDILBERTO EDMUNDO RUIZ VELASQUEZ,Licencia,Agrícola,Río PACCHA,COMISIÓN DE USUARIOS DEL SUB SECTOR HIDRÁULICO JIMBE,1085-2020 ANA-AAA.HCH,2020-12-23,Huarmey Chicama,Santa Lacramarca Nepeña,Cuenca Nepeña,Santa,Caceres Del Peru
41704,"ALCEDO VALDERRAMA DE GAGO, AIDA AMERICA",Licencia,Agrícola,Río JIMBE,COMISION DE USUARIOS DEL SUB SECTOR HIDRAULICO JIMBE,0765-2021 ANA-AAA.HCH,2021-12-28,Huarmey Chicama,Santa Lacramarca Nepeña,Cuenca Nepeña,Santa,Caceres Del Peru
41705,"ESPINOZA LUNA, PEDRO MANUEL",Licencia,Agrícola,Río JIMBE,COMISION DE USUARIOS DEL SUB SECTOR HIDRAULICO JIMBE,0766-2021 ANA-AAA.HCH,2021-12-28,Huarmey Chicama,Santa Lacramarca Nepeña,Cuenca Nepeña,Santa,Caceres Del Peru
41706,KIKO ALEXANDER RUIZ SARMIENTO,Licencia,Agrícola,Río PACCHA,COMISIÓN DE USUARIOS DEL SUB SECTOR HIDRÁULICO JIMBE,1089-2020 ANA-AAA.HCH,2020-12-23,Huarmey Chicama,Santa Lacramarca Nepeña,Cuenca Nepeña,Santa,Caceres Del Peru
41707,Carmen Magdalena Huiñac Cotos,Licencia,Agrícola,Río LAMPANIN,Comision de Usuarios del Subsector Hidraulico Jimbe,0526-2021 ANA-AAA.H.CH,2021-08-31,Huarmey Chicama,Santa Lacramarca Nepeña,Cuenca Nepeña,Santa,Caceres Del Peru
41708,"LOYOLA ROMERO, VÍCTOR",Licencia,Agrícola,Río LAMPANIN,JUNTA DE USUARIOS DEL SECTOR HIDRÁULICO NEPEÑA,0439-2020 ANA-AAA.HCH,2020-08-31,Huarmey Chicama,Santa Lacramarca Nepeña,Cuenca Nepeña,Santa,Caceres Del Peru
41709,"GUEVARA FERNÁNDEZ, JOSÉ ANTONIO",Licencia,Agrícola,Río LAMPANIN,COMISIÓN DE USUARIOS DEL SUB SECTOR HIDRÁULICO JIMBE,0434-2020 ANA-AAA.HCH,2020-08-31,Huarmey Chicama,Santa Lacramarca Nepeña,Cuenca Nepeña,Santa,Caceres Del Peru
41710,"GUEVARA FERNÁNDEZ, JOSÉ ANTONIO",Licencia,Agrícola,Río LAMPANIN,COMISIÓN DE USUARIOS DEL SUB SECTOR HIDRÁULICO JIMBE,0435-2020 ANA-AAA.HCH,2020-08-31,Huarmey Chicama,Santa Lacramarca Nepeña,Cuenca Nepeña,Santa,Caceres Del Peru
41711,"GUEVARA FERNÁNDEZ, JOSÉ ANTONIO",Licencia,Agrícola,Río LAMPANIN,COMISIÓN DE USUARIOS DEL SUB SECTOR HIDRÁULICO JIMBE,0436-2020 ANA-AAA.HCH,2020-08-31,Huarmey Chicama,Santa Lacramarca Nepeña,Cuenca Nepeña,Santa,Caceres Del Peru
41712,"GARCIA RUIZ, ANDY FREDY",Licencia,Agrícola,Río JIMBE,COMISION DE USUARIOS DEL SUB SECTOR HIDRAULICO JIMBE,0752-2021 ANA-AAA.HCH,2021-12-20,Huarmey Chicama,Santa Lacramarca Nepeña,Cuenca Nepeña,Santa,Caceres Del Peru
41713,"GARCIA RUIZ, ANDY FREDY",Licencia,Agrícola,Río JIMBE,COMISION DE USUARIOS DEL SUB SECTOR HIDRAULICO JIMBE,0753-2021 ANA-AAA.HCH,2021-12-20,Huarmey Chicama,Santa Lacramarca Nepeña,Cuenca Nepeña,Santa,Caceres Del Peru
41714,"ESQUIVEL PESANTEZ, CACIANO",Licencia,Agrícola,Río JIMBE,COMISION DE USUARIOS DEL SUB SECTOR HIDRAULICO JIMBE,0754-2021 ANA-AAA.HCH,2021-12-20,Huarmey Chicama,Santa Lacramarca Nepeña,Cuenca Nepeña,Santa,Caceres Del Peru
41715,"SARMIENTO SANCHEZ, FRANCISCO EUGENIO",Licencia,Agrícola,Río JIMBE,COMISION DE USUARIOS DEL SUB SECTOR HIDRAULICO JIMBE,0755-2021 ANA-AAA.HCH,2021-12-20,Huarmey Chicama,Santa Lacramarca Nepeña,Cuenca Nepeña,Santa,Caceres Del Peru
41716,"ROQUE MORALES, FRANCISCO JAVIER",Licencia,Agrícola,Río PACCHA,COMISION DE USUARIOS DEL SUB SECTOR HIDRAULICO JIMBE,1056-2024 ANA-AAA.HCH,2024-08-23,Huarmey Chicama,Santa Lacramarca Nepeña,Cuenca Nepeña,Santa,Caceres Del Peru
41717,KIKO ALEXANDER RUIZ SARMIENTO,Licencia,Agrícola,Río PACCHA,COMISIÓN DE USUARIOS DEL SUB SECTOR HIDRÁULICO JIMBE,1087-2020 ANA-AAA.HCH,2020-12-23,Huarmey Chicama,Santa Lacramarca Nepeña,Cuenca Nepeña,Santa,Caceres Del Peru
41718,"CHAUCA MENDOZA, Zacarías Patricio",Licencia,Agrícola,Río LAMPANIN,COMISIÓN DE USUARIOS DEL SUB SECTOR HIDRÁULICO JIMBE,0482-2020 ANA-AAA.HCH,2020-09-21,Huarmey Chicama,Santa Lacramarca Nepeña,Cuenca Nepeña,Santa,Caceres Del Peru
41719,"CHAUCA MENDOZA, Zacarías Patricio",Licencia,Agrícola,Río LAMPANIN,COMISIÓN DE USUARIOS DEL SUB SECTOR HIDRÁULICO JIMBE,0483-2020 ANA-AAA.HCH,2020-09-21,Huarmey Chicama,Santa Lacramarca Nepeña,Cuenca Nepeña,Santa,Caceres Del Peru
41720,"MARCHENA SANCHEZ, ANDRES",Licencia,Agrícola,Río LAMPANIN,COMISIÓN DE USUARIOS DEL SUB SECTOR HIDRÁULICO JIMBE,0484-2020 ANA-AAA.HCH,2020-09-21,Huarmey Chicama,Santa Lacramarca Nepeña,Cuenca Nepeña,Santa,Caceres Del Peru
41721,HEREDEROS VILLAFANA FERNANDEZ,Licencia,Agrícola,Río LAMPANIN,COMISIÓN DE USUARIOS DEL SUB SECTOR HIDRÁULICO JIMBE,0763-2020 ANA-AAA.HCH,2020-12-09,Huarmey Chicama,Santa Lacramarca Nepeña,Cuenca Nepeña,Santa,Caceres Del Peru
41722,"HUETE CERNA, MAURICIA JUSTINA",Licencia,Agrícola,Río JIMBE,COMISION DE USUARIOS DEL SUB SECTOR HIDRAULICO JIMBE,0750-2021 ANA-AAA.HCH,2021-12-20,Huarmey Chicama,Santa Lacramarca Nepeña,Cuenca Nepeña,Santa,Caceres Del Peru
41723,"GARCIA RUIZ, ANDY FREDY",Licencia,Agrícola,Río JIMBE,COMISION DE USUARIOS DEL SUB SECTOR HIDRAULICO JIMBE,0751-2021 ANA-AAA.HCH,2021-12-20,Huarmey Chicama,Santa Lacramarca Nepeña,Cuenca Nepeña,Santa,Caceres Del Peru
41724,"CARRASCO ALEGRE, GILBERTO GUMERCINDO",Licencia,Agrícola,Río COLCAP,"COMISION DE REGANTES DEL SUB-SECTOR DE RIEGO EL SALITRE, DEL SECTOR DE RIEGO MORO",0777-2021 ANA-AAA.HCH,2021-12-30,Huarmey Chicama,Santa Lacramarca Nepeña,Cuenca Nepeña,Santa,Caceres Del Peru
41725,"CAMPOS CHAVEZ, SANTA ROXANA",Licencia,Agrícola,Río COLCAP,COMISIÓN DE USUARIOS DEL SUB SECTOR HIDRÁULICO JIMBE,0315-2021 ANA-AAA.H.CH,2021-05-26,Huarmey Chicama,Santa Lacramarca Nepeña,Cuenca Nepeña,Santa,Caceres Del Peru
41726,EDDY FAUSTO AYALA JARAMILLO,Licencia,Agrícola,Río COLCAP,COMISIÓN DE USUARIOS DEL SUB SECTOR HIDRÁULICO JIMBE,0781-2020 AAA-ANA.HCH,2020-12-16,Huarmey Chicama,Santa Lacramarca Nepeña,Cuenca Nepeña,Santa,Caceres Del Peru
41727,SUCESIÓN INTESTADA DE MANUEL MEJÍA CALVO Y CARMEN MAZA VILLAFANA,Licencia,Agrícola,Río YAWARCOCHA,JUNTA DE USUARIOS DEL SECTOR HIDRAULICO NEPEÑA,0954-2024 ANA-AAA.HCH,2024-08-08,Huarmey Chicama,Santa Lacramarca Nepeña,Cuenca Nepeña,Santa,Caceres Del Peru
41728,"CANCHANO MILLA, Crisóstomo Faustino",Licencia,Agrícola,Río COLCAP,COMISIÓN DE USUARIOS DEL SUB SECTOR HIDRÁULICO JIMBE,0349-2020 ANA-AAA.HCH,2020-07-15,Huarmey Chicama,Santa Lacramarca Nepeña,Cuenca Nepeña,Santa,Caceres Del Peru
41729,Comité de Usuarios de Agua Toma 48 –CHN-7- Bella Vista,Licencia,Agrícola,Río SANTA,Comité de Usuarios de Agua Toma 48 –CHN-7- Bella Vista,0827-2020 ANA-AAA.HCH,2020-12-18,Huarmey Chicama,Santa Lacramarca Nepeña,Intercuenca 1375991,Santa,Nuevo Chimbote
41730,Comision de Usuarios del Sub Sector Hidráulico Tangay Bajo - Los Álamos,Licencia,Agrícola,Río SANTA,Comision de Usuarios del Sub Sector Hidráulico Tangay Bajo - Los Álamos,0519-2019 ANA-AAA.HCH,2019-04-02,Huarmey Chicama,Santa Lacramarca Nepeña,Intercuenca 1375991,Santa,Nuevo Chimbote
41731,COMISION DE USUARIOS DEL SUB SECTOR HIDRAULICO TANGAY BAJO - LOS ALAMOS,Licencia,Agrícola,Río SANTA,COMISION DE USUARIOS DEL SUB SECTOR HIDRAULICO TANGAY BAJO - LOS ALAMOS,1130-2019 ANA-AAA.HCH,2019-10-29,Huarmey Chicama,Santa Lacramarca Nepeña,Intercuenca 1375991,Santa,Nuevo Chimbote
41732,Comision de Usuarios del Sub Sector Hidráulico Tangay Bajo - Los Álamos,Licencia,Agrícola,Río SANTA,Comision de Usuarios del Sub Sector Hidráulico Tangay Bajo - Los Álamos,0521-2019 ANA-AAA.HCH,2019-04-02,Huarmey Chicama,Santa Lacramarca Nepeña,Intercuenca 1375991,Santa,Nuevo Chimbote
41733,Comision de Usuarios del Sub Sector Hidráulico Tangay Bajo - Los Álamos,Licencia,Agrícola,Río SANTA,Comision de Usuarios del Sub Sector Hidráulico Tangay Bajo - Los Álamos,0520-2019 ANA-AAA.HCH,2019-04-02,Huarmey Chicama,Santa Lacramarca Nepeña,Cuenca Lacramarca,Santa,Nuevo Chimbote
41734,JUNTA ADMINISTRADORA DE SERVICIO Y SANEAMIENTO (JASS) DE AGUA POTABLE CHACHAPOYAS,Licencia,Poblacional,Río SANTA,JUNTA ADMINISTRADORA DE SERVICIO Y SANEAMIENTO (JASS) DE AGUA POTABLE CHACHAPOYAS,0437-2020 ANA-AAA.HCH,2020-08-31,Huarmey Chicama,Santa Lacramarca Nepeña,Cuenca Lacramarca,Santa,Chimbote
41735,COMITE DE USUARIOS DE PAMPA  DE HUSHMAYPAMPA-POZO GENTIL,Licencia,Agrícola,Manantial LOS CHICLAYOS,COMITE DE USUARIOS DE PAMPA  DE HUSHMAYPAMPA-POZO GENTIL,0608-2019 ANA-AAA.HCH,2019-05-08,Huarmey Chicama,Santa Lacramarca Nepeña,Cuenca Santa,Pallasca,Tauca
41736,COMITE DE USUARIOS DE AGUA LA ULTIMA TOMA,Licencia,Agrícola,Laguna LA ULTIMA TOMA / Laguna LA PUSHA / Laguna HUAMAYA / Laguna CHUMO / Laguna OGORGOÑE / Laguna LA CAIDO / Laguna TOGANGA / Laguna OSCURO / Laguna ENCANTADA,COMITE DE USUARIOS DE AGUA LA ULTIMA TOMA,0504-2025 ANA.AAA.HCH,2025-07-01,Huarmey Chicama,Santa Lacramarca Nepeña,Cuenca Santa,Pallasca,Huacaschuque
41737,Comité de Usuarios de la Toma de Tambamba,Licencia,Agrícola,Laguna CHAUPINCOCHA / Quebrada PUENTE PIEDRA / Manantial CHAUPINCOCHA / Manantial SOCCHO / Manantial TAMBAMBA 1 / Manantial TAMBAMBA 2,Comité de Usuarios de la Toma de Tambamba,0927-2019 ANA-AAA.HCH,2019-08-12,Huarmey Chicama,Santa Lacramarca Nepeña,Cuenca Santa,Pallasca,Pallasca
41738,Comité de usuarios de Acuan,Licencia,Agrícola,Laguna Pato Colorado / Laguna Pedregales / Laguna Acuan / Quebrada Patara Hembra / Manantial Pachachaj Quenua / Manantial Jachil / Manantial Chunta Puquio / Manantial Utcu Rajra / Manantial Puquio an,Comité de usuarios de Acuan,0345-2025 ANA.AAA.HCH,2025-05-08,Huarmey Chicama,Huaraz,Cuenca Santa,Corongo,Cusca
41739,COMITÉ DE USUARIOS DE AGUA TAULLICON,Licencia,Agrícola,Quebrada CUYOC HUAYLLA / Quebrada CHIWICZA,COMITÉ DE USUARIOS DE AGUA TAULLICON,0915-2019 ANA-AAA.HCH,2019-08-07,Huarmey Chicama,Huaraz,Cuenca Santa,Corongo,Cusca
41740,COMITÉ DE USUARIOS DE AGUA TAULLICON,Licencia,Agrícola,Quebrada CHIWICZA,COMITÉ DE USUARIOS DE AGUA TAULLICON,0923-2019 ANA-AAA.HCH,2019-08-08,Huarmey Chicama,Huaraz,Cuenca Santa,Corongo,Cusca
41741,COMITE DE USUARIOS DE AGUA COYLLORCOCHA,Licencia,Agrícola,Manantial QUIPIS,COMITE DE USUARIOS DE AGUA COYLLORCOCHA,0070-2020 ANA-AAA.HCH,2020-01-28,Huarmey Chicama,Huaraz,Cuenca Santa,Corongo,La Pampa
41742,Comunidad Campesina San Antonio de Urcon,Licencia,Agrícola,Río CHINGUIL / Río CONDORHUASI,Comunidad Campesina San Antonio de Urcon,0511-2019 ANA-AAA.HCH,2019-04-02,Huarmey Chicama,Huaraz,Cuenca Santa,Corongo,Cusca
41743,Comite de Usuarios de Agua del Canal Conoc,Licencia,Agrícola,Quebrada Chaco / Manantial Baños Termales Aticara I / Manantial Baños Termales Aticara II / Manantial Shogia / Manantial Pispal / Manantial Chushuncon,Comite de Usuarios de Agua del Canal Conoc,0512-2019 ANA-AAA.HCH,2019-04-02,Huarmey Chicama,Huaraz,Cuenca Santa,Corongo,Corongo
41744,COMITÉ DE USUARIOS DE AGUA QUISUAR - HUARIRCA - CENTRO,Licencia,Agrícola,Manantial Quisuar / Manantial Ututo / Manantial Molino Pampa / Manantial Pajra,COMITÉ DE USUARIOS DE AGUA QUISUAR - HUARIRCA - CENTRO,0218-2025 ANA-AAA.HCH,2025-03-13,Huarmey Chicama,Huaraz,Cuenca Santa,Corongo,Cusca
41745,Comité de usuarios de Acuan,Licencia,Agrícola,Manantial Challcaq II / Manantial Challcaq III / Manantial Challcaq IV / Manantial Challcaq V / Manantial Challcaq I / Laguna Challcaq bajo / Laguna Negra Challcaq Alto,Comité de usuarios de Acuan,0702-2025 ANA-AAA.HCH,2025-09-04,Huarmey Chicama,Huaraz,Cuenca Santa,Corongo,Cusca
41746,Comité de Usuarios de Acuan,Licencia,Agrícola,Laguna Huinchus / Manantial Mantashca I / Manantial Mantashca II / Manantial Quishuar Pucre / Manantial Mashuro / Manantial Shocush / Manantial Puquio Pucaranra / Laguna Yanabamba,Comité de Usuarios de Acuan,0431-2025 ANA.AAA.HCH,2025-06-10,Huarmey Chicama,Huaraz,Cuenca Santa,Corongo,Cusca
41747,"Junta Administradora de Servicios de Saneamiento (JASS)  del Centro Poblado Rural de Taullicon, Distrito de Cusca, Provincia de Corongo, Departamento de Ancash",Licencia,Poblacional,Laguna Potrero,"Junta Administradora de Servicios de Saneamiento (JASS)  del Centro Poblado Rural de Taullicon, Distrito de Cusca, Provincia de Corongo, Departamento de Ancash",0721-2019 ANA-AAA.HCH,2019-06-12,Huarmey Chicama,Huaraz,Cuenca Santa,Corongo,Corongo
41748,Comite de Usuarios de Agua San Lorenzo,Licencia,Agrícola,Quebrada Palta Callan / Manantial Aliso / Manantial Putka / Manantial Bela Pactza / Manantial Palta Callan,Comite de Usuarios de Agua San Lorenzo,0922-2019 ANA-AAA.HCH,2019-08-08,Huarmey Chicama,Huaraz,Cuenca Santa,Huaylas,Santo Toribio
41749,Comité de Usuarios de Agua Bronce,Licencia,Agrícola,Quebrada Bronce,Comité de Usuarios de Agua Bronce,0352-2020 ANA-AAA.HCH,2020-07-15,Huarmey Chicama,Huaraz,Cuenca Santa,Huaylas,Huallanca
41750,Comité de Usuarios de Agua Eymar,Licencia,Agrícola,Quebrada Agua Blanca / Quebrada Velaspacsha,Comité de Usuarios de Agua Eymar,0196-2024 ANA-AAA.HCH,2024-03-11,Huarmey Chicama,Huaraz,Cuenca Santa,Huaylas,Huallanca
41751,"LA JUNTA ADMINISTRADORA DE SERVICIOS DE SANEAMIENTO (JASS) DEL CENTRO POBLADO RURAL SAN PEDRO DEL DISTRITO DE HUALLANCA, PROVINCIA DE HUAYLAS - ANCASH",Licencia,Poblacional,Manantial Ceja,"LA JUNTA ADMINISTRADORA DE SERVICIOS DE SANEAMIENTO (JASS) DEL CENTRO POBLADO RURAL SAN PEDRO DEL DISTRITO DE HUALLANCA, PROVINCIA DE HUAYLAS - ANCASH",1213-2019 ANA-AAA.HCH,2019-11-22,Huarmey Chicama,Huaraz,Cuenca Santa,Huaylas,Huallanca
41752,COMITÉ DE USUARIOS DE AGUA TUSHA PAMPA,Licencia,Agrícola,Manantial Acse Ruri / Manantial Tusha / Manantial Tusha Pampa / Manantial Puquio / Manantial Sincunan,COMITÉ DE USUARIOS DE AGUA TUSHA PAMPA,0564-2025 ANA.AAA.HCH,2025-07-22,Huarmey Chicama,Huaraz,Cuenca Santa,Yungay,Shupluy
41753,Junta Administradora de Servicios de Saneamiento JASS - Barrio Nueva Florida - Cantu Pampa,Licencia,Poblacional,Quebrada Putka,Junta Administradora de Servicios de Saneamiento JASS - Barrio Nueva Florida - Cantu Pampa,0650-2025 ANA-AAA.HCH,2025-08-20,Huarmey Chicama,Huaraz,Cuenca Santa,Huaraz,Huaraz
41754,Junta Administradora de Servicios de Saneamiento JASS - Barrio Nueva Florida - Cantu Pampa,Licencia,Poblacional,Manantial Hatun Huayhua,Junta Administradora de Servicios de Saneamiento JASS - Barrio Nueva Florida - Cantu Pampa,0658-2025 ANA-AAA.HCH,2025-08-22,Huarmey Chicama,Huaraz,Cuenca Santa,Huaraz,Huaraz
41755,COMITE DE USUARIOS DE AGUA PALTAY PAMPA,Licencia,Agrícola,Río ISHINCA,COMITE DE USUARIOS DE AGUA PALTAY PAMPA,0605-2021 ANA-AAA.HCH,2021-09-28,Huarmey Chicama,Huaraz,Cuenca Santa,Huaraz,Tarica
41756,COMITE DE USUARIOS DE AGUA ANTAPLUY,Licencia,Agrícola,Río ISHINCA,COMITE DE USUARIOS DE AGUA ANTAPLUY,0683-2021 ANA-AAA.HCH,2021-11-30,Huarmey Chicama,Huaraz,Cuenca Santa,Huaraz,Tarica
41757,Comite de Usuarios de Agua Huamancayan,Licencia,Agrícola,Manantial Alojer Pampa Uran 1 / Manantial Alojer Pampa Uran 2 / Manantial Alojer Pampa Uran 3 / Manantial Pirjel Puquio / Manantial Quisuar Puquio,Comite de Usuarios de Agua Huamancayan,1118-2024 ANA-AAA.HCH,2024-09-05,Huarmey Chicama,Huaraz,Cuenca Santa,Huaylas,Pueblo Libre
41758,COMITÉ DE USUARIOS DE AGUA LLECLLISH,Licencia,Agrícola,Quebrada LLECLLISH PACCHA,COMITÉ DE USUARIOS DE AGUA LLECLLISH,0761-2020 ANA-AAA.HCH,2020-12-09,Huarmey Chicama,Huaraz,Cuenca Santa,Huaylas,Pueblo Libre
41759,Comité de Usuarios de Agua Lauri Puquio Huancaircan,Licencia,Agrícola,Manantial Huancaircan / Manantial Acushpuro / Manantial LAURI PUQUIO 1 / Manantial LAURI PUQUIO 2,Comité de Usuarios de Agua Lauri Puquio Huancaircan,0968-2018 ANA-AAA.HCH,2018-12-06,Huarmey Chicama,Huaraz,Cuenca Santa,Huaylas,Pueblo Libre
41760,Junta Administradora de Servicios de Saneamiento (JASS) del Centro Poblado de Yanarumi,Licencia,Poblacional,Manantial Tienda Yoc,Junta Administradora de Servicios de Saneamiento (JASS) del Centro Poblado de Yanarumi,0055-2021 ANA-AAA.HCH,2021-01-29,Huarmey Chicama,Huaraz,Cuenca Santa,Carhuaz,Shilla
41761,COMITÉ DE USUARIOS DE AGUA CARHUA,Licencia,Agrícola,Manantial Yurac Coral 1 / Manantial Yurac Coral 2 / Manantial Yurac Coral 3 / Manantial Yurac Coral 4 / Manantial Huarash Huain / Manantial Nillpoc Puquio / Manantial Conchi Puquio / Manantial Trang,COMITÉ DE USUARIOS DE AGUA CARHUA,0191-2025 ANA-AAA.HCH,2025-03-04,Huarmey Chicama,Huaraz,Cuenca Santa,Huaylas,Pueblo Libre
41762,Comite de Usuarios de Agua Ichic Cequia,Licencia,Agrícola,Manantial Pawa Pachan / Manantial Shito / Manantial Aquhuanca / Manantial Luchqui / Manantial Minocllu Uran / Manantial Hatun Caplla / Manantial Laurel / Manantial Tsaqui Pactsa / Manantial Minocllu,Comite de Usuarios de Agua Ichic Cequia,0530-2025 ANA-AAA.HCH,2025-07-12,Huarmey Chicama,Huaraz,Cuenca Santa,Huaylas,Pueblo Libre
41763,COMITÉ DE USUARIOS DE AGUA TORNAYOC ALTO,Licencia,Agrícola,Manantial TORNAYOC ALTO,COMITÉ DE USUARIOS DE AGUA TORNAYOC ALTO,0494-2020 ANA-AAA.HCH,2020-09-22,Huarmey Chicama,Huaraz,Cuenca Santa,Huaraz,Independencia
41764,"JUNTA ADMINISTRADORA DE SERVICIOS DE SANEAMIENTO (JASS) DEL CENTRO POBLADO RURAL SAN ANTONIO, DEL DISTRITO DE SAN MIGUEL DE ACO, PROVINCIA DE CARHUAZ, ANCASH.",Licencia,Poblacional,Manantial MINAS PUCRO 1 / Manantial MINAS PUCRO 2 / Manantial MINAS PUCRO 3,"JUNTA ADMINISTRADORA DE SERVICIOS DE SANEAMIENTO (JASS) DEL CENTRO POBLADO RURAL SAN ANTONIO, DEL DISTRITO DE SAN MIGUEL DE ACO, PROVINCIA DE CARHUAZ, ANCASH.",0889-2019 ANA-AAA.HCH,2019-07-26,Huarmey Chicama,Huaraz,Cuenca Santa,Carhuaz,San Miguel De Aco
41765,Junta Administradora de Servicios de Saneamiento (JASS) Nueva Florida-Incahuasi,Licencia,Poblacional,Manantial Puca Cocha I / Manantial Puca Cocha II,Junta Administradora de Servicios de Saneamiento (JASS) Nueva Florida-Incahuasi,0527-2025 ANA-AAA.HCH,2025-07-10,Huarmey Chicama,Huaraz,Cuenca Santa,Huaraz,Huaraz
41766,Comité de Usuarios de Agua Huellap,Licencia,Agrícola,Manantial RAMBRASH URAN,Comité de Usuarios de Agua Huellap,0455-2023 ANA-AAA.HCH,2023-08-17,Huarmey Chicama,Huaraz,Cuenca Santa,Carhuaz,Ataquero
41767,Comité de Usuarios de Agua Ataquero,Licencia,Agrícola,Manantial Purush Uran 1 / Manantial Purush Uran 2,Comité de Usuarios de Agua Ataquero,0159-2025 ANA.AAA.HCH,2025-02-18,Huarmey Chicama,Huaraz,Cuenca Santa,Carhuaz,Ataquero
41768,"Junta Administradora de Servicios de Saneamiento del Caserío de Jancu del Centro Poblado de Coyllur, del Distrito de Huaraz, Provincia de Huaraz, Departamento de Ancash",Licencia,Poblacional,Manantial Puyrica Pampa,"Junta Administradora de Servicios de Saneamiento del Caserío de Jancu del Centro Poblado de Coyllur, del Distrito de Huaraz, Provincia de Huaraz, Departamento de Ancash",0645-2023 ANA-AAA.HCH,2023-11-09,Huarmey Chicama,Huaraz,Cuenca Santa,Huaraz,Huaraz
41769,Comité de Usuarios de Agua Tishgo Ruri Carazbamba,Licencia,Agrícola,Quebrada RIO NEGRO / Manantial Yolac Yacu 1 / Manantial Yolac Yacu 2 / Manantial MACHE URAN,Comité de Usuarios de Agua Tishgo Ruri Carazbamba,1214-2019 ANA-AAA.HCH,2019-11-22,Huarmey Chicama,Huaraz,Cuenca Santa,Carhuaz,Carhuaz
41770,COMITÉ DE USUARIOS DE AGUA SHILLO,Licencia,Agrícola,Manantial Yawar Make 1 / Manantial Yawar Make 2 / Manantial Yawar Make 3 / Manantial Yawar Make 4,COMITÉ DE USUARIOS DE AGUA SHILLO,0161-2025 ANA.AAA.HCH,2025-02-19,Huarmey Chicama,Huaraz,Cuenca Santa,Huaylas,Pueblo Libre
41771,COMITÉ DE USUARIOS DE AGUA SHILLO,Licencia,Agrícola,Manantial Mare Pampa  / Manantial Chiliweta / Manantial Shillo,COMITÉ DE USUARIOS DE AGUA SHILLO,0162-2025 ANA.AAA.HCH,2025-02-19,Huarmey Chicama,Huaraz,Cuenca Santa,Huaylas,Pueblo Libre
41772,COMITÉ DE USUARIOS DE AGUA CACAPAKY,Licencia,Agrícola,Manantial Cacapaky / Manantial Tarna,COMITÉ DE USUARIOS DE AGUA CACAPAKY,0069-2020 ANA-AAA.HCH,2020-01-28,Huarmey Chicama,Huaraz,Cuenca Santa,Huaylas,Pueblo Libre
41773,JASS DE PREDIO II DE QUECHCAP DE LA PROVINCIA DE HUARAZ,Licencia,Poblacional,Manantial FUENTE DE VIDA / Manantial MILAGRO,JASS DE PREDIO II DE QUECHCAP DE LA PROVINCIA DE HUARAZ,0642-2022 ANA-AAA.HCH,2022-11-23,Huarmey Chicama,Huaraz,Cuenca Santa,Huaraz,Huaraz
41774,Comite de Usuarios de Agua Vicos,Licencia,Agrícola,Río Legiamayo,Comite de Usuarios de Agua Vicos,0923-2020 ANA-AAA.HCH,2020-12-22,Huarmey Chicama,Huaraz,Cuenca Santa,Carhuaz,Marcara
41775,Comité de Usuarios de Agua Vicos,Licencia,Agrícola,Río Legiamayo,Comité de Usuarios de Agua Vicos,1115-2020 ANA-AAA.HCH,2020-12-29,Huarmey Chicama,Huaraz,Cuenca Santa,Carhuaz,Marcara
41776,Comite de Usuarios de Agua Vicos,Licencia,Agrícola,Río Marcara,Comite de Usuarios de Agua Vicos,0922-2020 ANA-AAA.HCH,2020-12-22,Huarmey Chicama,Huaraz,Cuenca Santa,Carhuaz,Marcara
41777,Comité de Usuarios de Agua Vicos,Licencia,Agrícola,Quebrada Socuyacu,Comité de Usuarios de Agua Vicos,1098-2020 ANA-AAA.HCH,2020-12-23,Huarmey Chicama,Huaraz,Cuenca Santa,Carhuaz,Marcara
41778,JUNTA ADMINISTRADORA DE SERVICIOS DE SANEAMIENTO JASS DEL CASERIO SANTA ROSA DE PACUASH,Licencia,Poblacional,Manantial HUAYO RURI / Manantial MESA PAMPA / Manantial QUITA PUNCU,JUNTA ADMINISTRADORA DE SERVICIOS DE SANEAMIENTO JASS DEL CASERIO SANTA ROSA DE PACUASH,0225-2020 ANA-AAA.HCH,2020-03-10,Huarmey Chicama,Huaraz,Cuenca Santa,Huaraz,Independencia
41779,Comité de Usuarios de Agua Moso Toma,Licencia,Agrícola,Río MANCOS,Comité de Usuarios de Agua Moso Toma,1469-2024 ANA-AAA.HCH,2024-12-19,Huarmey Chicama,Huaraz,Cuenca Santa,Yungay,Mancos
41780,Comité de Usuarios de Agua Contsipachan,Licencia,Agrícola,Manantial Contsipachan 1 / Manantial Contsipachan 2,Comité de Usuarios de Agua Contsipachan,1316-2024 ANA-AAA.HCH,2024-11-12,Huarmey Chicama,Huaraz,Cuenca Santa,Recuay,Catac
41781,"Asociación de Agua, Desagüe y Medio Ambiente del Centro Poblado de Huanchac",Licencia,Poblacional,Río CASCA,"Asociación de Agua, Desagüe y Medio Ambiente del Centro Poblado de Huanchac",0057-2021 ANA-AAA.HCH,2021-01-29,Huarmey Chicama,Huaraz,Cuenca Santa,Huaraz,Independencia
41782,Junta Administradora de Servicio de Saneamiento del Centro Poblado Rural de COIROCSHO,Licencia,Poblacional,Manantial Cushru Pucyo / Manantial Chupa Uran,Junta Administradora de Servicio de Saneamiento del Centro Poblado Rural de COIROCSHO,0132-2024 ANA-AAA.HCH,2024-02-14,Huarmey Chicama,Huaraz,Cuenca Santa,Huaylas,Pueblo Libre
41783,"JUNTA ADMINISTRADORA DE SERVICIOS DE SANEAMIENTO JASS DEL SECTOR DE CULLASHPAMPA , DISTRITO DE CARAZ, PROVINCIA DE HUAYLAS-ANCASH",Licencia,Poblacional,Manantial Cucush 01 / Manantial Cucush 02 / Manantial Cucush 03,"JUNTA ADMINISTRADORA DE SERVICIOS DE SANEAMIENTO JASS DEL SECTOR DE CULLASHPAMPA , DISTRITO DE CARAZ, PROVINCIA DE HUAYLAS-ANCASH",0350-2020 ANA-AAA.HCH,2020-07-15,Huarmey Chicama,Huaraz,Cuenca Santa,Huaylas,Caraz
41784,"JUNTA ADMINISTRADORA DE SERVICIOS DE SANEAMIENTO (JASS) DEL CASERIO DE COCHATANCA, DISTRITO DE PUEBLO LIBRE, PROVINCIA DE HUAYLAS-DEPARTAMENTO DE ANCASH",Licencia,Poblacional,Manantial TORRE RURI,"JUNTA ADMINISTRADORA DE SERVICIOS DE SANEAMIENTO (JASS) DEL CASERIO DE COCHATANCA, DISTRITO DE PUEBLO LIBRE, PROVINCIA DE HUAYLAS-DEPARTAMENTO DE ANCASH",0708-2018 ANA-AAA.HCH,2018-09-10,Huarmey Chicama,Huaraz,Cuenca Santa,Huaylas,Pueblo Libre
41785,JUNTA ADMINISTRADORA DE SERVICIOS DE SANEAMIENTO (JASS) DEL CENTRO POBLADO DE PASHPA,Licencia,Poblacional,Manantial QELLKE KUTA,JUNTA ADMINISTRADORA DE SERVICIOS DE SANEAMIENTO (JASS) DEL CENTRO POBLADO DE PASHPA,0776-2018 ANA-AAA.HCH,2018-10-02,Huarmey Chicama,Huaraz,Cuenca Santa,Huaraz,Tarica
41786,Comité de Usuarios de Agua Chuchinpampa,Licencia,Agrícola,Manantial Huerta Ruri 2 / Manantial Huerta Ruri 3 / Manantial Huerta Ruri 4 / Manantial Rambrash Uran / Manantial Huerta Ruri 1,Comité de Usuarios de Agua Chuchinpampa,0588-2023 ANA-AAA.HCH,2023-10-16,Huarmey Chicama,Huaraz,Cuenca Santa,Yungay,Matacoto
41787,"Junta Administradora de Servicios de Saneamiento (JASS Cayapaqui), del centro poblado rural de Cayapaqui, distrito de Carhuaz, provincia de Carhuaz, departamento de Ancash",Licencia,Poblacional,Manantial Cochac I / Manantial Cochac II,"Junta Administradora de Servicios de Saneamiento (JASS Cayapaqui), del centro poblado rural de Cayapaqui, distrito de Carhuaz, provincia de Carhuaz, departamento de Ancash",0698-2021 ANA-AAA.HCH,2021-11-30,Huarmey Chicama,Huaraz,Cuenca Santa,Carhuaz,Carhuaz
41788,JUNTA ADMINISTRADORA DE SERVICIO DE SANEAMIENTO (JASS) SAN ANTONIO,Licencia,Poblacional,Manantial Cono,JUNTA ADMINISTRADORA DE SERVICIO DE SANEAMIENTO (JASS) SAN ANTONIO,0759-2021 ANA-AAA.HCH,2021-12-21,Huarmey Chicama,Huaraz,Cuenca Santa,Huaylas,Caraz
41789,Junta Administradora de Servicios de Saneamiento (JASS) Jauna Central,Licencia,Poblacional,Manantial Hatun Ocu / Manantial Ocuqui Puquio,Junta Administradora de Servicios de Saneamiento (JASS) Jauna Central,0095-2025 ANA-AAA.HCH,2025-01-21,Huarmey Chicama,Huaraz,Cuenca Santa,Huaraz,Huaraz
41790,COMITE DE USUARIOS DE AGUA CON FINES AGRARIOS CANAL N° 03 DE TUYU,Licencia,Agrícola,Río ALLANCAY,COMITE DE USUARIOS DE AGUA CON FINES AGRARIOS CANAL N° 03 DE TUYU,0324-2019 ANA-AAA.HCH,2019-02-06,Huarmey Chicama,Huaraz,Cuenca Santa,Carhuaz,Marcara
41791,COMITE DE USUARIOS DE AGUA HUAYO RURI,Licencia,Agrícola,Río CHAVIN,COMITE DE USUARIOS DE AGUA HUAYO RURI,0433-2022 ANA-AAA.HCH,2022-08-22,Huarmey Chicama,Huaraz,Cuenca Santa,Huaraz,Independencia
41792,Junta administradora de servicios de saneamiento (JASS) del caserío de Huashca,Licencia,Poblacional,Manantial ATUN OCCU,Junta administradora de servicios de saneamiento (JASS) del caserío de Huashca,0888-2019 ANA-AAA.HCH,2019-07-26,Huarmey Chicama,Huaraz,Cuenca Santa,Huaylas,Pueblo Libre
41793,JUNTA ADMINISTRADORA DE SERVICIOS Y SANEAMIENTO COLLPAPAMPA,Licencia,Poblacional,Manantial Collpa / Manantial Toma Ruri / Manantial Collpa Ruri,JUNTA ADMINISTRADORA DE SERVICIOS Y SANEAMIENTO COLLPAPAMPA,0181-2020 ANA-AAA.HCH,2020-02-27,Huarmey Chicama,Huaraz,Cuenca Santa,Huaraz,Huaraz
41794,Comité de Usuarios de Agua Lucma Tara Jangas,Licencia,Agrícola,Río ISHINCA,Comité de Usuarios de Agua Lucma Tara Jangas,0531-2019 ANA-AAA.HCH,2019-04-08,Huarmey Chicama,Huaraz,Cuenca Santa,Huaraz,Tarica
41795,COMITÉ DE REGANTES SHUMAY,Licencia,Agrícola,Río MARCARA,COMITÉ DE REGANTES SHUMAY,0925-2019 ANA-AAA.HCH,2019-08-09,Huarmey Chicama,Huaraz,Cuenca Santa,Carhuaz,Marcara
41796,Comite de Usuarios de Agua Tara,Licencia,Agrícola,Quebrada Puca Uran / Manantial Ococ Bajo 1 / Manantial Ococ Bajo 2 / Quebrada Esperanza / Manantial Shilli Uran / Manantial Nawin Puquio / Manantial Yacuyoc Pampa,Comite de Usuarios de Agua Tara,0606-2019 ANA-AAA.HCH,2019-05-08,Huarmey Chicama,Huaraz,Cuenca Santa,Huaraz,Jangas
41797,Junta Administradora de Servicios de Saneamiento (JASS) del Centro Poblado Rural de CRUZ PUNTA,Licencia,Poblacional,Manantial Raurashpachan I / Manantial Raurashpachan II,Junta Administradora de Servicios de Saneamiento (JASS) del Centro Poblado Rural de CRUZ PUNTA,0123-2024 ANA-AAA.HCH,2024-02-09,Huarmey Chicama,Huaraz,Cuenca Santa,Yungay,Matacoto
41798,"Junta Administradora de Servicios de Saneamiento ( JASS) del Centro Poblado Rural de CHUCHIN BAJO, CHUCHIN ALTO Y HURAMBURO, del Distrito de Matacoto, Provincia de Yungay, Departamento de Áncash",Licencia,Poblacional,Manantial SIMONAPA OCUN / Manantial CHILCA CATAC,"Junta Administradora de Servicios de Saneamiento ( JASS) del Centro Poblado Rural de CHUCHIN BAJO, CHUCHIN ALTO Y HURAMBURO, del Distrito de Matacoto, Provincia de Yungay, Departamento de Áncash",0497-2024 ANA-AAA.HCH,2024-05-14,Huarmey Chicama,Huaraz,Cuenca Santa,Yungay,Matacoto
41799,JUNTA ADMINISTRADORA DE AGUA Y SERVICIO DE SANEAMIENTO DEL CENTRO POBLADO DE SAN NICOLAS,Licencia,Poblacional,Manantial Ñahuin Puquio / Manantial Pila Kaka,JUNTA ADMINISTRADORA DE AGUA Y SERVICIO DE SANEAMIENTO DEL CENTRO POBLADO DE SAN NICOLAS,1131-2019 ANA-AAA.HCH,2019-10-29,Huarmey Chicama,Huaraz,Cuenca Santa,Huaraz,Huaraz
41800,Comité de Usuarios de Agua Acurma Ruri,Licencia,Agrícola,Manantial Acurma Ruri 1 / Manantial Acurma Ruri 2 / Manantial Acurma Ruri 3 / Manantial Acurma Ruri 4,Comité de Usuarios de Agua Acurma Ruri,0690-2021 ANA-AAA.HCH,2021-11-30,Huarmey Chicama,Huaraz,Cuenca Santa,Huaraz,Independencia
41801,Junta Administradora de Servicios de Saneamiento (JASS)  de la Asociación de Vivienda Buena Vista-Chua Alto-Distrito de Independencia-Provincia de Huaraz-Ancash,Licencia,Poblacional,Manantial Yanamito / Manantial Tocosh Poso,Junta Administradora de Servicios de Saneamiento (JASS)  de la Asociación de Vivienda Buena Vista-Chua Alto-Distrito de Independencia-Provincia de Huaraz-Ancash,0723-2019 ANA-AAA.HCH,2019-06-12,Huarmey Chicama,Huaraz,Cuenca Santa,Huaraz,Independencia
41802,Junta Administradora de Servicios de Saneamiento (JASS) del caserío de Quichua,Licencia,Poblacional,Manantial Quisuar,Junta Administradora de Servicios de Saneamiento (JASS) del caserío de Quichua,1274-2019 ANA-AAA.HCH,2019-12-13,Huarmey Chicama,Huaraz,Cuenca Santa,Huaylas,Pueblo Libre
41803,Asociacion de Servicios de Agua Potable (ASAP) Dulce Puquial de Llacta,Licencia,Poblacional,Manantial Cono,Asociacion de Servicios de Agua Potable (ASAP) Dulce Puquial de Llacta,0760-2020 ANA-AAA.HCH,2020-12-09,Huarmey Chicama,Huaraz,Cuenca Santa,Huaylas,Caraz
41804,COMITE DE USUARIOS DE AGUA DEL RESERVORIO COTU PUCYO,Licencia,Agrícola,Manantial COTU PUCYO 1 / Manantial COTU PUCYO 2 / Manantial COTU PUCYO 3,COMITE DE USUARIOS DE AGUA DEL RESERVORIO COTU PUCYO,0713-2018 ANA-AAA.HCH,2018-09-10,Huarmey Chicama,Huaraz,Cuenca Santa,Huaylas,Pueblo Libre
41805,"JUNTA ADMINISTRADORA DE SERVICIOS DE SANEAMIENTO-JASS DEL BARRIO DE HUANLLA, DEL DISTRITO DE JANGAS, PROVINCIA DE HUARAZ, REGION ANCASH",Licencia,Poblacional,Manantial LLuncu,"JUNTA ADMINISTRADORA DE SERVICIOS DE SANEAMIENTO-JASS DEL BARRIO DE HUANLLA, DEL DISTRITO DE JANGAS, PROVINCIA DE HUARAZ, REGION ANCASH",0924-2019 ANA-AA.HCH,2019-08-08,Huarmey Chicama,Huaraz,Cuenca Santa,Huaraz,Jangas
41806,COMITE DE USUARIOS DE AGUA  COPA CHICO,Licencia,Agrícola,Quebrada CONDORMARCA / Manantial KAKA PUNCU,COMITE DE USUARIOS DE AGUA  COPA CHICO,0712-2018 ANA-AAA.HCH,2018-09-10,Huarmey Chicama,Huaraz,Cuenca Santa,Carhuaz,Carhuaz
41807,Junta Administradora de Servicios de Saneamiento (JASS) del Centro Poblado Rural de Yaulli,Licencia,Poblacional,Manantial Ruqui Puquio I / Manantial Ruqui Puquio II,Junta Administradora de Servicios de Saneamiento (JASS) del Centro Poblado Rural de Yaulli,0105-2024 ANA-AAA.HCH,2024-02-02,Huarmey Chicama,Huaraz,Cuenca Santa,Yungay,Matacoto
41808,Junta Administradora de Servicios de Saneamiento (JASS) del Centro Poblado Rural de QUISHUAYOC,Licencia,Poblacional,Manantial Quitaruri,Junta Administradora de Servicios de Saneamiento (JASS) del Centro Poblado Rural de QUISHUAYOC,0103-2024 ANA-AAA.HCH,2024-02-02,Huarmey Chicama,Huaraz,Cuenca Santa,Yungay,Matacoto
41809,"JUNTA ADMINISTRADORA DE SERVICIOS DE SANEAMIENTO - JASS DEL CASERÍO DE HUANTALLON DEL DISTRITO DE JANGAS, PROVINCIA DE HUARAZ, REGIÓN ANCASH",Licencia,Poblacional,Manantial Quehuan / Manantial Ticrarpo Ruri,"JUNTA ADMINISTRADORA DE SERVICIOS DE SANEAMIENTO - JASS DEL CASERÍO DE HUANTALLON DEL DISTRITO DE JANGAS, PROVINCIA DE HUARAZ, REGIÓN ANCASH",0637-2019 ANA-AAA.HCH,2019-05-16,Huarmey Chicama,Huaraz,Cuenca Santa,Huaraz,Jangas
41810,JUNTA ADMINISTRADORA DE SERVICIOS DE SANEAMIENTO - JASS DE CASERIO DE RUIRIN,Licencia,Poblacional,Manantial Tzaquipa Uran,JUNTA ADMINISTRADORA DE SERVICIOS DE SANEAMIENTO - JASS DE CASERIO DE RUIRIN,0722-2019 ANA-AAA.HCH,2019-06-12,Huarmey Chicama,Huaraz,Cuenca Santa,Huaylas,Pueblo Libre
41811,JUNTA ADMINISTRADORA DE SERVICIOS DE SANEAMIENTO (JASS) DEL CENTRO POBLADO DE SAN NICOLAS DEL BARRIO DE LLACMA,Licencia,Poblacional,Manantial Quita Puquio,JUNTA ADMINISTRADORA DE SERVICIOS DE SANEAMIENTO (JASS) DEL CENTRO POBLADO DE SAN NICOLAS DEL BARRIO DE LLACMA,0640-2019 ANA-AAA.HCH,2019-05-16,Huarmey Chicama,Huaraz,Cuenca Santa,Huaraz,Huaraz
41812,JUNTA ADMINISTRADORA DE SERVICIOS DE SANEAMIENTO - JASS DEL CASERIO DE MARCO PAMPA,Licencia,Poblacional,Manantial Purush kaka,JUNTA ADMINISTRADORA DE SERVICIOS DE SANEAMIENTO - JASS DEL CASERIO DE MARCO PAMPA,712-2019 AAA.HCH,2019-06-11,Huarmey Chicama,Huaraz,Cuenca Santa,Huaylas,Pueblo Libre
41813,Junta Administradora de los Servicios de Saneamiento-JASS del caserio de Huarascucho,Licencia,Poblacional,Manantial Los Sauces / Manantial Las Rocas 1 / Manantial Las Rocas 2 / Manantial Melocoton,Junta Administradora de los Servicios de Saneamiento-JASS del caserio de Huarascucho,0612-2025 ANA-AAA.HCH,2025-08-07,Huarmey Chicama,Huaraz,Cuenca Santa,Yungay,Yungay
41814,"JUNTA ADMINISTRADORA DE SERVICIOS DE SANEAMIENTO - JASS DEL BARRIO INTIJECANAN, DISTRITO DE PARIAHUANCA, PROVINCIA DE CARHUAZ, DEPARTAMENTO DE ANCASH",Licencia,Poblacional,Manantial LUCIANO COCHA,"JUNTA ADMINISTRADORA DE SERVICIOS DE SANEAMIENTO - JASS DEL BARRIO INTIJECANAN, DISTRITO DE PARIAHUANCA, PROVINCIA DE CARHUAZ, DEPARTAMENTO DE ANCASH",0409-2019 ANA-AAA.HCH,2019-03-04,Huarmey Chicama,Huaraz,Cuenca Santa,Carhuaz,Pariahuanca
41815,Comité de Usuarios de Agua Señor de Calvario de Chuchin,Licencia,Agrícola,Manantial Luis / Manantial Pedro,Comité de Usuarios de Agua Señor de Calvario de Chuchin,1413-2024 ANA-AAA.HCH,2024-12-02,Huarmey Chicama,Huaraz,Cuenca Santa,Yungay,Matacoto
41816,"Junta Administradora de Servicios de Saneamiento (JASS) del Centro Poblado Pucap Grande del Distrito de Cascapara, Provincia de Yungay, Departamento de Ancash",Licencia,Poblacional,Manantial TUTOR,"Junta Administradora de Servicios de Saneamiento (JASS) del Centro Poblado Pucap Grande del Distrito de Cascapara, Provincia de Yungay, Departamento de Ancash",0171-2024 ANA-AAA.HCH,2024-03-04,Huarmey Chicama,Huaraz,Cuenca Santa,Yungay,Cascapara
41817,Junta Administradora de Servicios de Saneamiento (JASS) del Centro Poblado Pucap Chico,Licencia,Poblacional,Manantial TUTOR,Junta Administradora de Servicios de Saneamiento (JASS) del Centro Poblado Pucap Chico,0175-2024 ANA-AAA.HCH,2024-03-05,Huarmey Chicama,Huaraz,Cuenca Santa,Yungay,Cascapara
41818,Junta Administradora de Servicios de Saneamiento (JASS) del Centro Poblado Rural de Fundo Aco,Licencia,Poblacional,Manantial Kita Pachan,Junta Administradora de Servicios de Saneamiento (JASS) del Centro Poblado Rural de Fundo Aco,0475-2020 ANA-AAA.HCH,2020-09-21,Huarmey Chicama,Huaraz,Cuenca Santa,Carhuaz,San Miguel De Aco
41819,"JUNTA ADMINISTRADORA DE SERVICIOS DE SANEAMIENTO DEL SECTOR ORO PUQUIO DEL CENTRO POBLADO DE HUANCHAC, DISTRITO DE INDEPENDENCIA, PROVINCIA DE HUARAZ-REGION ANCASH",Licencia,Poblacional,Manantial Oro Puquio,"JUNTA ADMINISTRADORA DE SERVICIOS DE SANEAMIENTO DEL SECTOR ORO PUQUIO DEL CENTRO POBLADO DE HUANCHAC, DISTRITO DE INDEPENDENCIA, PROVINCIA DE HUARAZ-REGION ANCASH",0305-2019 ANA-AAA.HCH,2019-02-05,Huarmey Chicama,Huaraz,Cuenca Santa,Huaraz,Independencia
41820,"Junta Administradora de Servicios de Saneamiento (JASS) del Caserío de Huamancayan, Distrito de Pueblo Libre, Provincia de Huaylas, Departamento de Ancash",Licencia,Poblacional,Manantial Checkchi Puquio,"Junta Administradora de Servicios de Saneamiento (JASS) del Caserío de Huamancayan, Distrito de Pueblo Libre, Provincia de Huaylas, Departamento de Ancash",0436-2019 ANA-AAA.HCH,2019-03-07,Huarmey Chicama,Huaraz,Cuenca Santa,Huaylas,Pueblo Libre
41821,Comite de Usuarios de Agua Manzana Llipian,Licencia,Agrícola,Quebrada SHOCOSH / Manantial Shocosh 2 / Manantial Totoral,Comite de Usuarios de Agua Manzana Llipian,0456-2019 ANA-AAA.HCH,2019-03-12,Huarmey Chicama,Huaraz,Cuenca Santa,Huaylas,Mato
41822,Comite de Usuarios de Agua Cayac Huishca,Licencia,Agrícola,Quebrada BATAN RURI / Manantial Kancanacuta / Manantial Kancana Sur / Manantial Huerta / Manantial Tincu / Manantial Ucru Cancha 1 / Manantial Ucru Cancha 2 / Manantial Asiac,Comite de Usuarios de Agua Cayac Huishca,0071-2020 ANA-AAA.HCH,2020-01-28,Huarmey Chicama,Huaraz,Cuenca Santa,Recuay,Ticapampa
41823,Comite de Usuarios de Agua Mishuapampa,Licencia,Agrícola,Manantial Shacaruri / Manantial Bagre / Manantial Rayanruri / Manantial Euliterio,Comite de Usuarios de Agua Mishuapampa,1484-2024 ANA-AAA.HCH,2024-12-23,Huarmey Chicama,Huaraz,Cuenca Santa,Yungay,Matacoto
41824,JUNTA ADMINISTRADORA DE SERVICIOS DE SANEAMIENTO (JASS) DEL CASERIO DE MITUCRO,Licencia,Poblacional,Manantial Pishe Pucro I / Manantial Pishe Pucro II,JUNTA ADMINISTRADORA DE SERVICIOS DE SANEAMIENTO (JASS) DEL CASERIO DE MITUCRO,0020-2021 ANA-AAA.HCH,2021-01-18,Huarmey Chicama,Huaraz,Cuenca Santa,Huaraz,Independencia
41825,Comité de Usuarios de Agua Vicos,Licencia,Agrícola,Laguna Llacshac / Manantial Huayoco,Comité de Usuarios de Agua Vicos,0056-2021 ANA-AAA.HCH,2021-01-29,Huarmey Chicama,Huaraz,Cuenca Santa,Carhuaz,Marcara
41826,Comité de Usuarios de Agua Vicos,Licencia,Agrícola,Río Marcará / Quebrada Ruri Paccha,Comité de Usuarios de Agua Vicos,0047-2021 ANA-AAA.HCH,2021-01-29,Huarmey Chicama,Huaraz,Cuenca Santa,Carhuaz,Marcara
41827,COMITÉ DE USUARIOS DE AGUA MUCHCA PAMPA,Licencia,Agrícola,Manantial JOSEFINAPA COCHAN / Manantial LAUREL PACHAN,COMITÉ DE USUARIOS DE AGUA MUCHCA PAMPA,0634-2020 ANA-AAA.HCH,2020-11-03,Huarmey Chicama,Huaraz,Cuenca Santa,Yungay,Matacoto
41828,COMITÉ DE USUARIOS DE AGUA MUCHCA PAMPA,Licencia,Agrícola,Manantial YAWAR URAN / Manantial PACCHA CUTA,COMITÉ DE USUARIOS DE AGUA MUCHCA PAMPA,0620-2020 ANA-AAA.HCH,2020-10-26,Huarmey Chicama,Huaraz,Cuenca Santa,Yungay,Matacoto
41829,Comité de Usuarios de Agua Allancay,Licencia,Agrícola,Manantial Hatun Monte / Manantial Quishuar Cuta / Manantial Wishllac Pampa / Manantial Huecuchak 1 / Manantial Huecuchak 2 / Manantial Huecuchak 3 / Manantial Hatun Monte 1 / Manantial Hatun Monte 2,Comité de Usuarios de Agua Allancay,0758-2019 ANA-AAA.HCH,2019-06-20,Huarmey Chicama,Huaraz,Cuenca Santa,Carhuaz,Marcara
41830,Junta Administradora de Servicios de Saneamiento (JASS) del Centro Poblado de Chiclin,Licencia,Poblacional,Quebrada Tucu Uran,Junta Administradora de Servicios de Saneamiento (JASS) del Centro Poblado de Chiclin,0554-2023 ANA-AAA.HCH,2023-09-26,Huarmey Chicama,Huaraz,Cuenca Santa,Huaylas,Pueblo Libre
41831,Administradora de Servicios de Saneamiento de Mulana - Pucará,Licencia,Poblacional,Manantial PISHCU PUQUIO,Administradora de Servicios de Saneamiento de Mulana - Pucará,0664-2021 ANA-AAA.HCH,2021-11-18,Huarmey Chicama,Huaraz,Cuenca Santa,Carhuaz,Tinco
41832,"JUNTA ADMINISTRADORA DE LOS SERVICIOS DE SANEAMIENTO -JASS DEL SECTOR CONCHI BAJO DEL CASERIO DE PATAPATA, DISTRITO Y PROVINCIA DE YUNGAY",Licencia,Poblacional,Manantial SHIRACSHA PUQUIO,"JUNTA ADMINISTRADORA DE LOS SERVICIOS DE SANEAMIENTO -JASS DEL SECTOR CONCHI BAJO DEL CASERIO DE PATAPATA, DISTRITO Y PROVINCIA DE YUNGAY",0892-2018 ANA-AAA.HCH,2018-11-19,Huarmey Chicama,Huaraz,Cuenca Santa,Yungay,Yungay
41833,COMITE DE USUARIOS DE HUELLAP,Licencia,Agrícola,Manantial HUELLAP PAMPA 1 / Manantial HUELLAP PAMPA 2 / Manantial HUELLAP PAMPA 3 / Manantial HUELLAP PAMPA 4,COMITE DE USUARIOS DE HUELLAP,1249-2024 ANA-AAA.HCH,2024-10-25,Huarmey Chicama,Huaraz,Cuenca Santa,Carhuaz,Ataquero
41834,JUNTA ADMINISTRADORA DE SERVICIOS DE SANEAMIENTO-JASS DEL BARRIO DE KATZUNAPAMPA,Licencia,Poblacional,Manantial Puka Zanja,JUNTA ADMINISTRADORA DE SERVICIOS DE SANEAMIENTO-JASS DEL BARRIO DE KATZUNAPAMPA,0887-2019 ANA-AAA.HCH,2019-07-26,Huarmey Chicama,Huaraz,Cuenca Santa,Carhuaz,Pariahuanca
41835,Comité de Usuarios de Agua del Caserío de Ancomarca,Licencia,Agrícola,Manantial Sabuco Puquio / Manantial Cashac Ocu / Manantial Huayo Puquio,Comité de Usuarios de Agua del Caserío de Ancomarca,0921-2019 ANA-AAA.HCH,2019-08-08,Huarmey Chicama,Huaraz,Cuenca Santa,Huaraz,Independencia
41836,COMITE DE USUARIOS DE AGUA MUCHCA PAMPA,Licencia,Agrícola,Manantial PACTZAQ 1 / Manantial PACTZAQ 2,COMITE DE USUARIOS DE AGUA MUCHCA PAMPA,1133-2019 ANA-AAA.HCH,2019-10-29,Huarmey Chicama,Huaraz,Cuenca Santa,Yungay,Matacoto
41837,Junta Administradora de Servicios de Saneamiento (JASS) del Centro Poblado Tinco,Licencia,Poblacional,Manantial ATASHÁ,Junta Administradora de Servicios de Saneamiento (JASS) del Centro Poblado Tinco,0176-2024 ANA-AAA.HCH,2024-03-05,Huarmey Chicama,Huaraz,Cuenca Santa,Yungay,Cascapara
41838,Junta Administradora de Servicios Saneamiento - JASS de la Localidad de Ataquero,Licencia,Poblacional,Manantial Shirash 1 / Manantial Shirash 2 / Manantial Shirash 3 / Manantial Shirash 4 / Manantial Hullap 1 / Manantial Hullap 2 / Manantial Kutanquisha,Junta Administradora de Servicios Saneamiento - JASS de la Localidad de Ataquero,0047-2022 ANA-AAA.HCH,2022-02-07,Huarmey Chicama,Huaraz,Cuenca Santa,Carhuaz,Ataquero
41839,JUNTA ADMINISTRADORA DE LOS SERVICIOS DE SANEAMIENTO JASS - 2 DE MAYO DE ACOBAMBA DISTRITO Y PROVINCIA DE YUNGAY,Licencia,Poblacional,Manantial Cotikaka,JUNTA ADMINISTRADORA DE LOS SERVICIOS DE SANEAMIENTO JASS - 2 DE MAYO DE ACOBAMBA DISTRITO Y PROVINCIA DE YUNGAY,0967-2018 ANA-AAA.HCH,2018-12-06,Huarmey Chicama,Huaraz,Cuenca Santa,Yungay,Yungay
41840,"JUNTA ADMINISTRADORA DE SERVICIOS DE SANEAMIENTO (JASS) DEL CENTRO POBLADO DE CONGAR, DISTRITO DE SHILLA, PROVINCIA DE CARHUAZ.",Licencia,Poblacional,Manantial TEJA HUAIN 1 / Manantial TEJA HUAIN 2 / Manantial IRWA,"JUNTA ADMINISTRADORA DE SERVICIOS DE SANEAMIENTO (JASS) DEL CENTRO POBLADO DE CONGAR, DISTRITO DE SHILLA, PROVINCIA DE CARHUAZ.",0639-2019 ANA-AAA.HCH,2019-05-16,Huarmey Chicama,Huaraz,Cuenca Santa,Carhuaz,Shilla
41841,Comité de Usuarios de Agua Acush Pachan-Pallanca,Licencia,Agrícola,Quebrada CHACUAS URAN / Manantial ATUN MONTE / Manantial NUMIA PACHAN BAJO / Manantial PUQUIO URAN CHACUAS / Manantial SACTA URAN / Manantial CHACUAS PUQUIO,Comité de Usuarios de Agua Acush Pachan-Pallanca,0820-2024 ANA-AAA.HCH,2024-07-11,Huarmey Chicama,Huaraz,Cuenca Santa,Huaylas,Pueblo Libre
41842,Comité de Usuarios de Agua Shocush Puquio,Licencia,Agrícola,Manantial Silvestre Puquio I / Manantial Silvestre Puquio II / Manantial Silvestre Puquio III / Manantial Silvestre Puquio IV,Comité de Usuarios de Agua Shocush Puquio,0745-2025 ANA-AAA.HCH,2025-09-15,Huarmey Chicama,Huaraz,Cuenca Santa,Yungay,Yungay
41843,Junta Administradora de Servicios de Saneamiento del Centro Poblado Rural de Huantumey,Licencia,Poblacional,Quebrada Shanru Ruri,Junta Administradora de Servicios de Saneamiento del Centro Poblado Rural de Huantumey,0544-2025 ANA-AAA.HCH,2025-07-16,Huarmey Chicama,Huaraz,Cuenca Santa,Huaraz,Huaraz
41844,"COMITÉ DE USUARIOS DE AGUA PACUASH Y PUTACAYOC, DEL DISTRITO DE INDEPENDENCIA, PROVINCIA DE HUARAZ",Licencia,Agrícola,Manantial Putacayoc,"COMITÉ DE USUARIOS DE AGUA PACUASH Y PUTACAYOC, DEL DISTRITO DE INDEPENDENCIA, PROVINCIA DE HUARAZ",0654-2019 ANA-AAA.HCH,2019-05-22,Huarmey Chicama,Huaraz,Cuenca Santa,Huaraz,Independencia
41845,"Junta Administradora de Servicios de Saneamiento (JASS)  del Sector Ayna San Martin, Centro Poblado de Paria Willcahuain del Distrito de Independencia, Provincia de Huaraz - Ancash",Licencia,Poblacional,Manantial Pocyac 1 / Manantial Pocyac 2,"Junta Administradora de Servicios de Saneamiento (JASS)  del Sector Ayna San Martin, Centro Poblado de Paria Willcahuain del Distrito de Independencia, Provincia de Huaraz - Ancash",0827-2019 ANA-AAA.HCH,2019-07-11,Huarmey Chicama,Huaraz,Cuenca Santa,Huaraz,Independencia
41846,Comité de Usuarios de Agua Huanchacpampa,Licencia,Agrícola,Quebrada Río Negro,Comité de Usuarios de Agua Huanchacpampa,0808-2019 ANA-AAA.HCH,2019-07-04,Huarmey Chicama,Huaraz,Cuenca Santa,Carhuaz,Acopampa
41847,Comite de Usuarios de Agua Caballo Uran,Licencia,Agrícola,Manantial Caballo Uran I / Manantial Caballo Uran II / Manantial Caballo Uran III / Manantial Caballo Uran IV / Manantial Caballo Uran V / Manantial Caballo Uran VI / Manantial Caballo Uran VII / Man,Comite de Usuarios de Agua Caballo Uran,0469-2023 ANA-AAA.HCH,2023-08-25,Huarmey Chicama,Huaraz,Cuenca Santa,Yungay,Yungay
41848,Asociación de Servicios de Agua Potable y Saneamiento - ASAPS - Puquio Yacu,Licencia,Poblacional,Manantial PUQUIO I,Asociación de Servicios de Agua Potable y Saneamiento - ASAPS - Puquio Yacu,0636-2022 ANA-AAA.HCH,2022-11-17,Huarmey Chicama,Huaraz,Cuenca Santa,Huaylas,Caraz
41849,Junta Administradora de Servicios de Saneamiento Carman,Licencia,Poblacional,Manantial Soco Puquio,Junta Administradora de Servicios de Saneamiento Carman,0608-2021 ANA-AAA.HCH,2021-09-29,Huarmey Chicama,Huaraz,Cuenca Santa,Huaraz,Huaraz
41850,Junta Administradora de Servicios de Saneamiento (JASS) del Centro Poblado Rural de Tingua,Licencia,Poblacional,Manantial Pacay Uran,Junta Administradora de Servicios de Saneamiento (JASS) del Centro Poblado Rural de Tingua,0019-2024 ANA-AAA.HCH,2024-01-15,Huarmey Chicama,Huaraz,Cuenca Santa,Yungay,Mancos
41851,Junta Administradora de Servicios de Saneamiento de Quishuar del Centro Poblado de Macashca,Licencia,Poblacional,Manantial Partec zanja 1 / Manantial Partec Zanja 2 / Manantial Morado Ruri / Manantial Quishuar,Junta Administradora de Servicios de Saneamiento de Quishuar del Centro Poblado de Macashca,0048-2022 ANA-AAA.HCH,2022-02-07,Huarmey Chicama,Huaraz,Cuenca Santa,Huaraz,Huaraz
41852,Junta Administradora de Servicios de Saneamiento JASS del Barrio de Wilcacocha,Licencia,Poblacional,Manantial LLACACANCHA I / Manantial LLACACANCHA II,Junta Administradora de Servicios de Saneamiento JASS del Barrio de Wilcacocha,0546-2022 ANA-AAA.HCH,2022-09-30,Huarmey Chicama,Huaraz,Cuenca Santa,Huaraz,Huaraz
41853,Comité de usuarios de agua Ucru,Licencia,Agrícola,Manantial Chacuapa Yacunan 1 / Manantial Chacuapa Yacunan 2 / Manantial Chacuapa Yacunan 3 / Manantial Chacuapa Yacunan 4 / Manantial Chacuapa Yacunan 5 / Manantial Chacuapa Yacunan 6 / Manantial Cha,Comité de usuarios de agua Ucru,0466-2019 ANA-AAA.HCH,2019-03-18,Huarmey Chicama,Huaraz,Cuenca Santa,Huaraz,Independencia
41854,Junta Administradora de Servicio de Saneamiento (JASS) de la Zona Urbana Huata,Licencia,Poblacional,Manantial Tunan Puquio / Manantial Cochac Puquio,Junta Administradora de Servicio de Saneamiento (JASS) de la Zona Urbana Huata,0226-2023 ANA-AAA.HCH,2023-04-25,Huarmey Chicama,Huaraz,Cuenca Santa,Huaylas,Huata
41855,Comite de Usuarios de Agua Shocush Puquio,Licencia,Agrícola,Manantial SHOCUSH PUQUIO I / Manantial SHOCUSH PUQUIO II / Manantial SHOCUSH PUQUIO III / Manantial RETAMA PUCRO,Comite de Usuarios de Agua Shocush Puquio,0468-2023 ANA-AAA.HCH,2023-08-25,Huarmey Chicama,Huaraz,Cuenca Santa,Yungay,Yungay
41856,"JUNTA ADMINISTRADORA DE SERVICIOS DE SANEAMIENTO (JASS) DEL CENTRO POBLADO DE ALLMAY, DISTRITO DE PUEBLO LIBRE, PROVINCIA DE HUAYLAS",Licencia,Poblacional,Manantial Cushru Puquio 1 / Manantial Cushru Puquio 2,"JUNTA ADMINISTRADORA DE SERVICIOS DE SANEAMIENTO (JASS) DEL CENTRO POBLADO DE ALLMAY, DISTRITO DE PUEBLO LIBRE, PROVINCIA DE HUAYLAS",0638-2019 ANA-AAA.HCH,2019-05-16,Huarmey Chicama,Huaraz,Cuenca Santa,Huaylas,Pueblo Libre
41857,Comité de usuarios de agua con fines agrarios del canal 1 y 2 del caserío de Shumay,Licencia,Agrícola,Río Marcará,Comité de usuarios de agua con fines agrarios del canal 1 y 2 del caserío de Shumay,0215-2020 ANA-AAA.HCH,2020-03-04,Huarmey Chicama,Huaraz,Cuenca Santa,Carhuaz,Marcara
41858,"Junta Administradora de Servicios de Saneamiento -JASS BARRIO NUEVO, del Distrito de Ataquero, Provincia de Carhuaz, Departamento de Ancash",Licencia,Poblacional,Manantial UCANAN / Manantial Ucanan 1,"Junta Administradora de Servicios de Saneamiento -JASS BARRIO NUEVO, del Distrito de Ataquero, Provincia de Carhuaz, Departamento de Ancash",0088-2025 ANA-AAA.HCH,2025-01-17,Huarmey Chicama,Huaraz,Cuenca Santa,Carhuaz,Ataquero
41859,"JUNTA ADMINISTRADORA DE SERVICIOS DE SANEAMIENTO (JASS) DE LA URBANIZACION LAS LOMAS DEL TERRITORIO VECINAL DE ACOVICHAY, DISTRITO DE INDEPENDENCIA, PROVINCIA DE HUARAZ-ANCASH",Licencia,Poblacional,Manantial YANACANCHA I / Manantial YANACANCHA II,"JUNTA ADMINISTRADORA DE SERVICIOS DE SANEAMIENTO (JASS) DE LA URBANIZACION LAS LOMAS DEL TERRITORIO VECINAL DE ACOVICHAY, DISTRITO DE INDEPENDENCIA, PROVINCIA DE HUARAZ-ANCASH",0662-2018 ANA-AAA.HCH.,2018-08-21,Huarmey Chicama,Huaraz,Cuenca Santa,Huaraz,Independencia
41860,"JUNTA ADMINISTRADORA DE SERVICIOS DE SANEAMIENTO (JASS) DEL SECTOR CASHAPACHAN, CENTRO POBLADO DE JATUN PONGOR, DISTRITO DE INDEPENDENCIA-HUARAZ-ANCASH",Licencia,Poblacional,Manantial YAURISH,"JUNTA ADMINISTRADORA DE SERVICIOS DE SANEAMIENTO (JASS) DEL SECTOR CASHAPACHAN, CENTRO POBLADO DE JATUN PONGOR, DISTRITO DE INDEPENDENCIA-HUARAZ-ANCASH",0820-2018 ANA-AAA.HCH,2018-10-23,Huarmey Chicama,Huaraz,Cuenca Santa,Huaraz,Independencia
41861,Junta Administradora de Servicios de Saneamiento (JASS) del Centro Poblado de Pampahuasi,Licencia,Poblacional,Manantial Shilta Pucru,Junta Administradora de Servicios de Saneamiento (JASS) del Centro Poblado de Pampahuasi,0637-2022 ANA-AAA.HCH,2022-11-17,Huarmey Chicama,Huaraz,Cuenca Santa,Yungay,Cascapara
41862,"Junta Administradora de Servicios de Saneamiento (JASS)  de Aira, Distrito y Provincia de Yungay, Departamento de Ancash",Licencia,Poblacional,Manantial Pachac,"Junta Administradora de Servicios de Saneamiento (JASS)  de Aira, Distrito y Provincia de Yungay, Departamento de Ancash",0970-2018 ANA-AAA.HCH,2018-12-06,Huarmey Chicama,Huaraz,Cuenca Santa,Yungay,Yungay
41863,Comité de Usuarios de Agua Huellap,Licencia,Agrícola,Manantial Ococuta / Manantial Llulluquita / Manantial Ocopachan / Manantial Atunquita,Comité de Usuarios de Agua Huellap,0456-2023 ANA-AAA.HCH,2023-08-17,Huarmey Chicama,Huaraz,Cuenca Santa,Carhuaz,Ataquero
41864,COMITE DE USUARIOS DE AGUA MANCO CAPAC,Permiso,Agrícola,Quebrada Huambacho,COMITE DE USUARIOS DE AGUA MANCO CAPAC,0167-2024 ANA-AAA.HCH-ALA.HZ,2024-12-05,Huarmey Chicama,Huaraz,Cuenca Santa,Huaylas,Mato
41865,COMITÉ DE USUARIOS DE AGUA TAURIPAMPA,Licencia,Agrícola,Manantial CHUMPU HUINAC 1 / Manantial CHUMPU HUINAC 2 / Manantial CHUMPU HUINAC 3,COMITÉ DE USUARIOS DE AGUA TAURIPAMPA,0732-2020 ANA-AAA.HCH,2020-11-30,Huarmey Chicama,Huaraz,Cuenca Santa,Carhuaz,Carhuaz
41866,Comité de Usuarios de Agua Acush Murunan,Licencia,Agrícola,Manantial Melcoton Ruri / Manantial Rayan Ruri,Comité de Usuarios de Agua Acush Murunan,0293-2024 ANA-AAA.HCH,2024-04-09,Huarmey Chicama,Huaraz,Cuenca Santa,Yungay,Matacoto
41867,"Junta Administradora de los Servicios de Sanemiento - JASSS del Caserío de Cochaongo-Aira, Distrito y Provincia de Yungay",Licencia,Poblacional,Manantial Chila Ruri / Manantial Pleituchacra,"Junta Administradora de los Servicios de Sanemiento - JASSS del Caserío de Cochaongo-Aira, Distrito y Provincia de Yungay",0173-2020 ANA-AAA.HCH,2020-02-21,Huarmey Chicama,Huaraz,Cuenca Santa,Yungay,Yungay
41868,"Junta Administradora de Servicios de Saneamiento -JASS de Antapluy del Distrito de Tarica, Provincia de Huaraz - Ancash",Licencia,Poblacional,Manantial Toncosh,"Junta Administradora de Servicios de Saneamiento -JASS de Antapluy del Distrito de Tarica, Provincia de Huaraz - Ancash",0724-2019 ANA-AAA.HCH,2019-06-12,Huarmey Chicama,Huaraz,Cuenca Santa,Huaraz,Tarica
41869,Comité de Usuarios de Agua Acoyó,Licencia,Agrícola,Quebrada Pillco Uran / Manantial Laptzac Puquio,Comité de Usuarios de Agua Acoyó,0123-2021 ANA-AAA.HCH,2021-02-26,Huarmey Chicama,Huaraz,Cuenca Santa,Huaylas,Pueblo Libre
41870,Comité de Usuarios de Agua Acoyó,Licencia,Agrícola,Quebrada Alijo Uran / Manantial Tzacza Punta / Manantial Yupanca / Manantial Quichquinani / Manantial Ratas Cural Huactan Puquio / Manantial Shitus Puquio / Manantial Quita Puquio / Manantial Amaquit,Comité de Usuarios de Agua Acoyó,0122-2021 ANA-AAA.HCH,2021-02-26,Huarmey Chicama,Huaraz,Cuenca Santa,Huaylas,Pueblo Libre
41871,Comité de usuarios de agua Acoyó,Licencia,Agrícola,Quebrada Huanca Uran / Quebrada Carbon Uran / Quebrada Cañal Uran / Manantial Uchcu Rumi / Manantial Ocsha Corral / Manantial Collca Rumi / Manantial Carni Cancha / Manantial Parcosh Puquio,Comité de usuarios de agua Acoyó,0171-2021 ANA-AAA.HCH,2021-03-19,Huarmey Chicama,Huaraz,Cuenca Santa,Huaylas,Pueblo Libre
41872,Comité de Usuarios de Agua Acoyó,Licencia,Agrícola,Manantial Shira Puquio 1 / Manantial Shira Puquio 2 / Manantial Irhua Uran 1 / Manantial Irhua Uran 2,Comité de Usuarios de Agua Acoyó,0121-2021 ANA-AAA-HCH,2021-02-26,Huarmey Chicama,Huaraz,Cuenca Santa,Huaylas,Pueblo Libre
41873,"JUNTA ADMINISTRADORA DE SERVICIOS DE SANEAMIENTO-JASS DEL  CASERIO DE USHNO, JURISDICCION DEL CENTRO POBLADO DE HUASHCAO, DISTRITO DE MANCOS, PROVINCIA DE YUNGAY-ANCASH",Licencia,Poblacional,Manantial CASCAPURO I / Manantial CASCAPURO II,"JUNTA ADMINISTRADORA DE SERVICIOS DE SANEAMIENTO-JASS DEL  CASERIO DE USHNO, JURISDICCION DEL CENTRO POBLADO DE HUASHCAO, DISTRITO DE MANCOS, PROVINCIA DE YUNGAY-ANCASH",0695-2018 ANA-AAA.HCH,2018-09-05,Huarmey Chicama,Huaraz,Cuenca Santa,Yungay,Mancos
41874,COMITE DE USUARIOS DE AGUA MUCHCA PAMPA,Licencia,Agrícola,Manantial MINA CUTA / Manantial RAMBRASH CUTA / Manantial LLECLLA CUTA / Manantial RAMBRASH CUTA 2 / Manantial SECSA CUTA,COMITE DE USUARIOS DE AGUA MUCHCA PAMPA,575-2018 ANA-AAA.HCH,2018-07-23,Huarmey Chicama,Huaraz,Cuenca Santa,Yungay,Matacoto
41875,"JUNTA ADMINISTRADORA DE SERVICIOS DE SANEAMIENTO (JASS) DEL CASERIO DE ULLMAY, DISTRITO DE MARCARÁ, PROVINCIA DE CARHUAZ,DEPARTAMENTO DE ANCASH",Licencia,Poblacional,Manantial Irwa Ruri / Manantial Huacayá Ruri / Manantial Utur,"JUNTA ADMINISTRADORA DE SERVICIOS DE SANEAMIENTO (JASS) DEL CASERIO DE ULLMAY, DISTRITO DE MARCARÁ, PROVINCIA DE CARHUAZ,DEPARTAMENTO DE ANCASH",0969-2018 ANA-AAA.HCH,2018-12-06,Huarmey Chicama,Huaraz,Cuenca Santa,Carhuaz,Marcara
41876,Comité de Usuarios de Agua del Canal 1,Licencia,Agrícola,Río MARCARA,Comité de Usuarios de Agua del Canal 1,1142-2019 ANA-AAA.HCH,2019-10-30,Huarmey Chicama,Huaraz,Cuenca Santa,Carhuaz,Marcara
41877,"Junta Administradora de Servicios de Saneamiento los Cartuchos del Distrito de Pariahuanca, Provincia de Carhuaz, Departamento de Ancash",Licencia,Poblacional,Manantial Cartuchos 1 / Manantial Cartuchos 2 / Manantial Cartuchos 3,"Junta Administradora de Servicios de Saneamiento los Cartuchos del Distrito de Pariahuanca, Provincia de Carhuaz, Departamento de Ancash",1449-2024 ANA-AAA.HCH,2024-12-13,Huarmey Chicama,Huaraz,Cuenca Santa,Carhuaz,Pariahuanca
41878,Comité de usuarios de Agua Paccha Kuta Huantar Sincuna,Licencia,Agrícola,Manantial Huantar,Comité de usuarios de Agua Paccha Kuta Huantar Sincuna,0216-2025 ANA-AAA.HCH,2025-03-12,Huarmey Chicama,Huaraz,Cuenca Santa,Recuay,Recuay
41879,Junta Administradora de Servicio de Saneamiento del Centro Poblado Rural de Huanayo,Licencia,Poblacional,Manantial Quero Uran,Junta Administradora de Servicio de Saneamiento del Centro Poblado Rural de Huanayo,0037-2025 ANA-AAA.HCH,2025-01-09,Huarmey Chicama,Huaraz,Cuenca Santa,Huaylas,Pueblo Libre
41880,"JUNTA ADMINSITRADORA DE SERVICIOS DE SANEAMIENTO (JASS) DEL CENTRO POBLADO RURAL DE ACHASPAMPA, DEL DITRITO DE CARHUAZ, PROVINCIA DE CARHUAZ",Licencia,Poblacional,Manantial Ocopucro,"JUNTA ADMINSITRADORA DE SERVICIOS DE SANEAMIENTO (JASS) DEL CENTRO POBLADO RURAL DE ACHASPAMPA, DEL DITRITO DE CARHUAZ, PROVINCIA DE CARHUAZ",0465-2019 ANA-AAA.HCH,2019-03-18,Huarmey Chicama,Huaraz,Cuenca Santa,Carhuaz,Carhuaz
41881,"Junta Administradora de Servicio y Saneamiento del Centro Poblado Cascapara, del Distrito de Cascapara, Provincia de Yungay, Departamento de Ancash",Licencia,Poblacional,Manantial Pampachacra / Manantial Shapllacayan,"Junta Administradora de Servicio y Saneamiento del Centro Poblado Cascapara, del Distrito de Cascapara, Provincia de Yungay, Departamento de Ancash",0453-2023 ANA-AAA.HCH,2023-08-17,Huarmey Chicama,Huaraz,Cuenca Santa,Yungay,Cascapara
41882,COMITE DE USUARIOS DE AGUA JUSTO CONDE,Licencia,Agrícola,Quebrada LLAWICUNA,COMITE DE USUARIOS DE AGUA JUSTO CONDE,0241-2022 ANA-AAA.HCH,2022-05-01,Huarmey Chicama,Huaraz,Cuenca Santa,Huaylas,Mato
41883,Comité de Usuarios de Agua Acha Tzaka Ruri,Licencia,Agrícola,Manantial Llawicuna,Comité de Usuarios de Agua Acha Tzaka Ruri,0333-2022 ANA-AAA.HCH,2022-06-01,Huarmey Chicama,Huaraz,Cuenca Santa,Huaylas,Mato
41884,ALEJANDRO ROSAS PALMA,Licencia,Agrícola,Río CUNYA,Comité de Usuarios de Agua San Martin,0865-2019 ANA-AAA.HCH,2019-07-19,Huarmey Chicama,Huaraz,Cuenca Santa,Huaraz,Independencia
41885,ALEJANDRO ROSAS PALMA,Licencia,Agrícola,Río CUNYA,Comité de Usuarios de Agua San Martin,0866-2019 ANA-AAA.HCH,2019-07-19,Huarmey Chicama,Huaraz,Cuenca Santa,Huaraz,Independencia
41886,"Junta Administradora de Servicios de Saneamiento (JASS) del Centro Poblado de Jatun Pongor, Distrito de Independencia, Provincia de Huaraz, Departamento de Ancash",Licencia,Poblacional,Manantial Huaraqui Ancomarca,"Junta Administradora de Servicios de Saneamiento (JASS) del Centro Poblado de Jatun Pongor, Distrito de Independencia, Provincia de Huaraz, Departamento de Ancash",0498-2024 ANA-AAA.HCH,2024-05-14,Huarmey Chicama,Huaraz,Cuenca Santa,Huaraz,Independencia
41887,JUNTA ADMINISTRADORA DE SERVICIOS DE SANEAMIENTO (JASS) DEL CENTRO POBLADO RURAL OCOPON,Licencia,Poblacional,Manantial OCOPON I / Manantial OCOPON II / Manantial OCOPON IV / Manantial OCOPON III,JUNTA ADMINISTRADORA DE SERVICIOS DE SANEAMIENTO (JASS) DEL CENTRO POBLADO RURAL OCOPON,1860-2018 ANA-AAA.M,2018-11-23,Marañón,Pomabamba,Intercuenca Alto Marañón V,Pomabamba,Parobamba
41888,JUNTA ADMINISTRADORA DE SERVICIOS DE SANEAMIENTO (JASS) DEL CENTRO POBLADO RURAL CHACHAY,Licencia,Poblacional,Manantial ÑAHUIN I / Manantial ÑAHUIN II,JUNTA ADMINISTRADORA DE SERVICIOS DE SANEAMIENTO (JASS) DEL CENTRO POBLADO RURAL CHACHAY,1861-2018 ANA-AAA.M,2018-11-23,Marañón,Pomabamba,Intercuenca Alto Marañón V,Pomabamba,Parobamba
41889,JUNTA ADMINISTRADORA DE SERVICIOS DE SANEAMIENTO (JASS) DEL CENTRO POBLADO RURAL LA HACIENDA,Licencia,Poblacional,Manantial TOMA RAJRAJ - CASERIO LA HACIENDA,JUNTA ADMINISTRADORA DE SERVICIOS DE SANEAMIENTO (JASS) DEL CENTRO POBLADO RURAL LA HACIENDA,1862-2018 ANA-AAA.M,2018-11-23,Marañón,Pomabamba,Intercuenca Alto Marañón V,Pomabamba,Parobamba
41890,JUNTA ADMINISTRADORA DE SERVICIOS DE SANEAMIENTO (JASS) DEL CASERÍO RURAL JARAHURAN,Licencia,Poblacional,Manantial HUAYTAPAMPA,JUNTA ADMINISTRADORA DE SERVICIOS DE SANEAMIENTO (JASS) DEL CASERÍO RURAL JARAHURAN,1865-2018 ANA-AAA.M,2018-11-23,Marañón,Pomabamba,Intercuenca Alto Marañón V,Pomabamba,Quinuabamba
41891,JUNTA ADMINISTRADORA DE SERVICIOS DE SANEAMIENTO (JASS) DEL CASERÍO RURAL DE VIÑAC,Licencia,Poblacional,Manantial KISHUAR / Manantial BAÑOS,JUNTA ADMINISTRADORA DE SERVICIOS DE SANEAMIENTO (JASS) DEL CASERÍO RURAL DE VIÑAC,1867-2018 ANA-AAA.M,2018-11-23,Marañón,Pomabamba,Intercuenca Alto Marañón V,Pomabamba,Quinuabamba
41892,JUNTA ADMINISTRADORA DE SERVICIOS DE SANEAMIENTO (JASS) DEL CENTRO POBLADO RURAL YANACOLPA,Licencia,Poblacional,Manantial CAYACUNA IRCA / Quebrada ASILLA / Quebrada PUKA HUEJLLA,JUNTA ADMINISTRADORA DE SERVICIOS DE SANEAMIENTO (JASS) DEL CENTRO POBLADO RURAL YANACOLPA,1868-2018 ANA-AAA.M,2018-11-23,Marañón,Pomabamba,Intercuenca Alto Marañón V,Pomabamba,Parobamba
41893,Junta de Administración de Saneamiento de Servicios JASS del casero de Chullapa,Licencia,Poblacional,Manantial Putagapampa / Quebrada Aliso Pucro,Junta de Administración de Saneamiento de Servicios JASS del casero de Chullapa,1036-2019 ANA-AAA.M,2019-09-13,Marañón,Pomabamba,Intercuenca Alto Marañón V,Sihuas,San Juan
41894,Comité de Usuarios de Agua del canal Sejsipunta Tablagaga Potreropampa,Licencia,Agrícola,Quebrada VAQUERIA PAMPA,Comité de Usuarios de Agua del canal Sejsipunta Tablagaga Potreropampa,988-2021 ANA-AAA.M,2021-10-20,Marañón,Pomabamba,Intercuenca Alto Marañón V,Sihuas,San Juan
41895,COMITÉ DE USUARIOS MOLLEPAMPA,Licencia,Agrícola,Quebrada MOLLEPAMPA (ACOBAMBA-SIHUAS) / Quebrada PEREJIL (MOLLEPAMPA-ACOBAMBA SIHUAS),COMITÉ DE USUARIOS MOLLEPAMPA,1480-2020 ANA-AAA.M,2020-12-30,Marañón,Huamachuco,Intercuenca Alto Marañón V,Sihuas,Acobamba
41896,COMITÉ DE USUARIOS LA ZARZA,Licencia,Agrícola,Quebrada HUASHIN (LA SARZA ACOBAMBA-SIHUAS),COMITÉ DE USUARIOS LA ZARZA,1482-2020 ANA-AAA.M,2020-12-30,Marañón,Huamachuco,Intercuenca Alto Marañón V,Sihuas,Acobamba
41897,Comité de Usuarios de Agua del Sistema de Riego Tinco Yacupampa,Licencia,Agrícola,Quebrada Tinco / Quebrada Mito,Comité de Usuarios de Agua del Sistema de Riego Tinco Yacupampa,378-2021 ANA-AAA.M,2021-03-22,Marañón,Pomabamba,Intercuenca Alto Marañón V,Sihuas,San Juan
41898,JUNTA ADMINISTRADORA DEL SERVICIO DE SANEAMIENTO DEL BARRIO MAYOBAMBA.,Licencia,Poblacional,Manantial Hierba Santa 01 / Manantial Hierba Santa 02,JUNTA ADMINISTRADORA DEL SERVICIO DE SANEAMIENTO DEL BARRIO MAYOBAMBA.,0696-2021 ANA-AAA.M,2021-06-30,Marañón,Pomabamba,Intercuenca Alto Marañón V,Declarada: Marañon,Declarado: Huacrachuco
41899,JUNTA ADMINISTRADORA DE SERVICIOS DE SANEAMIENTO (JASS) DEL CENTRO POBLADO RURAL DE COLLPAMPAMA,Licencia,Poblacional,Manantial PUNTA ALISO,JUNTA ADMINISTRADORA DE SERVICIOS DE SANEAMIENTO (JASS) DEL CENTRO POBLADO RURAL DE COLLPAMPAMA,1890-2018 ANA-AAA.M,2018-11-26,Marañón,Pomabamba,Intercuenca Alto Marañón V,Sihuas,Sicsibamba
41900,ORGANIZACION COMUNAL DENOMINADA CASERIO DE YANAHIRCA DEL CASERIO DE YANAHIRCA,Licencia,Poblacional,Manantial QUINUAL 1 / Manantial QUINUAL 2,ORGANIZACION COMUNAL DENOMINADA CASERIO DE YANAHIRCA DEL CASERIO DE YANAHIRCA,1963-2018 ANA-AAA.M,2018-11-27,Marañón,Pomabamba,Intercuenca Alto Marañón V,Sihuas,San Juan
41901,JUNTA ADMINISTRADORA DE SERVICIOS DE SANEAMIENTO   (JASS) DEL CASERIO DE CHONTAHIRCA,Licencia,Poblacional,Manantial SOGURANGRA / Manantial TIMPOG YACU,JUNTA ADMINISTRADORA DE SERVICIOS DE SANEAMIENTO   (JASS) DEL CASERIO DE CHONTAHIRCA,1880-2018 ANA-AAA.M,2018-11-26,Marañón,Pomabamba,Intercuenca Alto Marañón V,Sihuas,San Juan
41902,JUNTA DE ADMINISTRACION DE SANEAMIENTO  DE SERVICIOS (JASS) DEL SECTOR MISHIPUQUIO DEL CASERIO DE HUACHINA,Licencia,Poblacional,Manantial MISHIPUQUIO / Manantial TREBOLPAMPA,JUNTA DE ADMINISTRACION DE SANEAMIENTO  DE SERVICIOS (JASS) DEL SECTOR MISHIPUQUIO DEL CASERIO DE HUACHINA,1881-2018 ANA-AAA.M,2018-11-26,Marañón,Pomabamba,Intercuenca Alto Marañón V,Sihuas,San Juan
41903,COMITE DE USUARIOS DEL CANAL TASHTA-HUACHUCALLAN-CHULLIN,Licencia,Agrícola,Quebrada TASHTA / Quebrada SHAJSHAS / Quebrada JUAN BARRON,COMITE DE USUARIOS DEL CANAL TASHTA-HUACHUCALLAN-CHULLIN,1959-2018 ANA-AAA.M,2018-11-27,Marañón,Pomabamba,Intercuenca Alto Marañón V,Sihuas,San Juan
41904,Junta Administradora de Servicios de Saneamiento (JASS) del Centro Poblado Rural de Segsebamba,Licencia,Poblacional,Manantial Pampayaco,Junta Administradora de Servicios de Saneamiento (JASS) del Centro Poblado Rural de Segsebamba,0375-2022 ANA-AAA.M,2022-05-20,Marañón,Pomabamba,Intercuenca Alto Marañón V,Pomabamba,Parobamba
41905,"Junta Administradora de los Servicios de Saneamiento (JASS), del Centro Poblado de Pirpo",Licencia,Poblacional,Manantial ATUNIRCA 1 / Manantial ATUNIRCA 2 / Manantial HUARICOCHA,"Junta Administradora de los Servicios de Saneamiento (JASS), del Centro Poblado de Pirpo",1946-2018 ANA-AAA.M,2018-11-27,Marañón,Pomabamba,Intercuenca Alto Marañón V,Sihuas,Huayllabamba
41906,Junta Administradora de Servicios de Saneamiento (JASS) del Centro Poblado Rural de Chullin,Licencia,Poblacional,Manantial CANTAGALLO / Manantial GUARHUASACA,Junta Administradora de Servicios de Saneamiento (JASS) del Centro Poblado Rural de Chullin,1942-2018 ANA-AAA.M,2018-11-27,Marañón,Pomabamba,Intercuenca Alto Marañón V,Declarada: ,Declarado: 
41907,JUNTA DE ADMINISTRACION DE SANEAMIENTO  DE SERVICIOS (JASS)  SECTOR LOS ALISOS DEL CENTRO POBLADO DE ANDAYMAYO DE LA JURISDICCION DEL DISTRITO DE SAN JUAN-SIHUAS-ANCASH,Licencia,Poblacional,Manantial SAPOPASHIMIN / Manantial AGUA BLANCA / Manantial SINIGAPAMPA,JUNTA DE ADMINISTRACION DE SANEAMIENTO  DE SERVICIOS (JASS)  SECTOR LOS ALISOS DEL CENTRO POBLADO DE ANDAYMAYO DE LA JURISDICCION DEL DISTRITO DE SAN JUAN-SIHUAS-ANCASH,1896-2018 ANA-AAA.M,2018-11-26,Marañón,Pomabamba,Intercuenca Alto Marañón V,Sihuas,San Juan
41908,JUNTA DE ADMINISTRACION DE SANEAMIENTO  DE SERVICIOS JASS DEL SECTOR CARBON DEL CENTRO POBLADO DE ANDAYMAYO DE LA JURISDICCION DEL DISTRITO  DE SAN JUAN -SIHUAS- ANCASH,Licencia,Poblacional,Manantial QUIRCAMONTE / Manantial CARBON / Manantial HUELLAHIRCA,JUNTA DE ADMINISTRACION DE SANEAMIENTO  DE SERVICIOS JASS DEL SECTOR CARBON DEL CENTRO POBLADO DE ANDAYMAYO DE LA JURISDICCION DEL DISTRITO  DE SAN JUAN -SIHUAS- ANCASH,1888-2018 ANA-AAA.M,2018-11-26,Marañón,Pomabamba,Intercuenca Alto Marañón V,Sihuas,San Juan
41909,JUNTA ADMINISTRADORA DE SERVICIOS DE SANEAMIENTO (JASS) DEL CENTRO POBLADO RURAL  BALCON DEL DISTRITO DE SICSIBAMBA,Licencia,Poblacional,Manantial YACUPASHTA 1 / Manantial YACUPASHTA 2 / Manantial YACUPASHTA 3,JUNTA ADMINISTRADORA DE SERVICIOS DE SANEAMIENTO (JASS) DEL CENTRO POBLADO RURAL  BALCON DEL DISTRITO DE SICSIBAMBA,1874-2018 ANA-AAA.M,2018-11-26,Marañón,Pomabamba,Intercuenca Alto Marañón V,Sihuas,Sicsibamba
41910,JUNTA ADMINISTRADORA DE SERVICIOS DE SANEAMIENTO (JASS) DEL SECTOR ÑAHUINPUQUIO-GALLO MONTE DEL CASERIO DE HUACHINA,Licencia,Poblacional,Manantial ÑAHUINPUQUIO / Manantial GALLO MONTE,JUNTA ADMINISTRADORA DE SERVICIOS DE SANEAMIENTO (JASS) DEL SECTOR ÑAHUINPUQUIO-GALLO MONTE DEL CASERIO DE HUACHINA,1893-2018 ANA-AAA.M,2018-11-26,Marañón,Pomabamba,Intercuenca Alto Marañón V,Sihuas,San Juan
41911,Junta de Administración de Saneamiento de Servicios JASS del Sector Pilanco del Caserío de Santa Rosa de Colpa,Licencia,Poblacional,Manantial CASCABEL MONTE / Manantial PILANCO / Manantial PATACHACRA / Manantial HUAYANAI,Junta de Administración de Saneamiento de Servicios JASS del Sector Pilanco del Caserío de Santa Rosa de Colpa,1944-2018 ANA-AAA.M,2018-11-27,Marañón,Pomabamba,Intercuenca Alto Marañón V,Sihuas,San Juan
41912,Junta Administradora de Servicios de Saneamiento (JASS) del Sector Ñawin Cucho del Caserío de Yacupampa,Licencia,Poblacional,Manantial QUINUAL,Junta Administradora de Servicios de Saneamiento (JASS) del Sector Ñawin Cucho del Caserío de Yacupampa,1949-2018 ANA-AAA.M,2018-11-27,Marañón,Pomabamba,Intercuenca Alto Marañón V,Sihuas,San Juan
41913,Junta Administradora de Servicios de Saneamiento (JASS) del Sector Shiraca Pampa,Licencia,Poblacional,Manantial chiclamonte I / Manantial chiclamonte II / Manantial chiclamonte III / Manantial yerba santa I / Manantial yerba santa II,Junta Administradora de Servicios de Saneamiento (JASS) del Sector Shiraca Pampa,1937-2018 ANA-AAA.M,2018-11-27,Marañón,Pomabamba,Intercuenca Alto Marañón V,Sihuas,San Juan
41914,Junta de Administración de Saneamiento de Servicios JASS del Sector Cochapampa del Caserío de Llacchi,Licencia,Poblacional,Manantial CHINHUA / Manantial MAL PASO / Manantial PIRUCH,Junta de Administración de Saneamiento de Servicios JASS del Sector Cochapampa del Caserío de Llacchi,1947-2018 ANA-AAA.M,2018-11-27,Marañón,Pomabamba,Intercuenca Alto Marañón V,Sihuas,San Juan
41915,Junta de Administración de Saneamiento de Servicios JASS Sector Pulperia Pampa del Caserío Mitobamba,Licencia,Poblacional,Manantial PULPERIA I / Manantial PULPERIA II,Junta de Administración de Saneamiento de Servicios JASS Sector Pulperia Pampa del Caserío Mitobamba,1935-2018 ANA-AAA.M,2018-11-27,Marañón,Pomabamba,Intercuenca Alto Marañón V,Sihuas,San Juan
41916,Junta Administradora de Servicios de Saneamiento (JASS) del Centro Poblado Rural de Sacsay,Licencia,Poblacional,Manantial OJO BLANCO,Junta Administradora de Servicios de Saneamiento (JASS) del Centro Poblado Rural de Sacsay,1950-2018 ANA-AAA.M,2018-11-27,Marañón,Pomabamba,Intercuenca Alto Marañón V,Sihuas,Huayllabamba
41917,Junta Administradora de Servicios de Saneamiento (JASS) del Centro Poblado Rural de Llama,Licencia,Poblacional,Manantial AHIJADERO / Manantial NUEVA ESPERANZA,Junta Administradora de Servicios de Saneamiento (JASS) del Centro Poblado Rural de Llama,1945-2018 ANA-AAA.M,2018-11-27,Marañón,Pomabamba,Intercuenca Alto Marañón V,Sihuas,Huayllabamba
41918,Junta Administradora de Servicios de Saneamiento (JASS) del Centro Poblado Rural de Colcabamba,Licencia,Poblacional,Manantial MILLSHPUQUIO / Manantial PAUCA / Manantial PRIMAVERA,Junta Administradora de Servicios de Saneamiento (JASS) del Centro Poblado Rural de Colcabamba,1948-2018 ANA-AAA.M,2018-11-27,Marañón,Pomabamba,Intercuenca Alto Marañón V,Sihuas,Huayllabamba
41919,"Junta Administradora de los Servicios de Saneamiento (JASS),del Distrito de Huayllabamba",Licencia,Poblacional,Manantial BERNITOHUAYLLA / Manantial UTCHCUCHCO / Manantial YANACOCHA I / Manantial YANACOCHA II,"Junta Administradora de los Servicios de Saneamiento (JASS),del Distrito de Huayllabamba",1934-2018 ANA-AAA.M,2018-11-27,Marañón,Pomabamba,Intercuenca Alto Marañón V,Sihuas,Huayllabamba
41920,Junta Administradora de Servicios de Saneamiento (JASS) del Centro Poblado Rural de San Juan Pampa,Licencia,Poblacional,Manantial PUTAGA / Manantial Gallo Huanganan,Junta Administradora de Servicios de Saneamiento (JASS) del Centro Poblado Rural de San Juan Pampa,1936-2018 ANA-AAA.M,2018-11-27,Marañón,Pomabamba,Intercuenca Alto Marañón V,Sihuas,Ragash
41921,Junta de Administración de Saneamiento de Servicios JASS del Sector Arahuay,Licencia,Poblacional,Manantial SAN MARTIN / Manantial TECUHUAGANAN,Junta de Administración de Saneamiento de Servicios JASS del Sector Arahuay,1951-2018 ANA-AAA.M,2018-11-27,Marañón,Pomabamba,Intercuenca Alto Marañón V,Sihuas,San Juan
41922,Junta Administradora de Servicios de Saneamiento (JASS) del Caserío de Santa Rosa de Colpa,Licencia,Poblacional,Manantial TOMA / Manantial MESAGAGA / Manantial MELLISH ALIZO,Junta Administradora de Servicios de Saneamiento (JASS) del Caserío de Santa Rosa de Colpa,1938-2018 ANA-AAA.M,2018-11-27,Marañón,Pomabamba,Intercuenca Alto Marañón V,Sihuas,San Juan
41923,Junta Administradora de los Servicios de Saneamiento - JASS de la Localidad de Cochabamba,Licencia,Poblacional,Manantial QUITARACSA I / Manantial QUITARACSA II / Manantial QUITARACSA III / Manantial SECEHUAYLLA,Junta Administradora de los Servicios de Saneamiento - JASS de la Localidad de Cochabamba,1920-2018 ANA-AAA.M,2018-11-27,Marañón,Pomabamba,Intercuenca Alto Marañón V,Mariscal Luzuriaga,Fidel Olivas Escudero
41924,Junta Administradora de Servicios de Saneamiento (JASS) del Centro Poblado Rural de la Comunidad San Juan Bautista de Pumpa,Licencia,Poblacional,Manantial HABAS JIRCA / Manantial PILANCO / Manantial RAMBRASTUNA,Junta Administradora de Servicios de Saneamiento (JASS) del Centro Poblado Rural de la Comunidad San Juan Bautista de Pumpa,1883-2018 ANA-AAA.M,2018-11-26,Marañón,Pomabamba,Intercuenca Alto Marañón V,Mariscal Luzuriaga,Eleazar Guzman Barron
41925,Junta Administradora de los Servicios de Saneamiento - JASS de la Localidad Pucahirca,Licencia,Poblacional,Laguna JANCHISCOCHA,Junta Administradora de los Servicios de Saneamiento - JASS de la Localidad Pucahirca,1921-2018 ANA-AAA.M,2018-11-27,Marañón,Pomabamba,Intercuenca Alto Marañón V,Mariscal Luzuriaga,Fidel Olivas Escudero
41926,Junta Administradora de Servicios de Saneamiento (JASS) del Centro Poblado Rural de Bellavista,Licencia,Poblacional,Manantial QUISHUAR / Manantial SHINHUAPUCRE,Junta Administradora de Servicios de Saneamiento (JASS) del Centro Poblado Rural de Bellavista,1932-2018 ANA-AAA.M,2018-11-27,Marañón,Pomabamba,Intercuenca Alto Marañón V,Sihuas,Cashapampa
41927,Junta Administradora de Servicios de Saneamiento (JASS) del Centro Poblado Rural Cashapampa,Licencia,Poblacional,Manantial ALAGUAY,Junta Administradora de Servicios de Saneamiento (JASS) del Centro Poblado Rural Cashapampa,1943-2018 ANA-AAA.M,2018-11-27,Marañón,Pomabamba,Intercuenca Alto Marañón V,Sihuas,Cashapampa
41928,Junta Administradora de Servicios de Saneamiento (JASS) del Centro Poblado Rural Huanchaj,Licencia,Poblacional,Manantial RAYAMPAMPA / Manantial RAYAMPAMPA II,Junta Administradora de Servicios de Saneamiento (JASS) del Centro Poblado Rural Huanchaj,1933-2018 ANA-AAA.M,2018-11-27,Marañón,Pomabamba,Intercuenca Alto Marañón V,Sihuas,Cashapampa
41929,Comité de Usuarios de Agua Tuma Rajra Pampa Nueva,Licencia,Agrícola,Quebrada Tuma Rajra,Comité de Usuarios de Agua Tuma Rajra Pampa Nueva,0814-2023 ANA-AAA.M,2023-11-01,Marañón,Pomabamba,Intercuenca Alto Marañón V,Pomabamba,Parobamba
41930,Junta Administradora de Servicios de Saneamiento (JASS) denominado Chicago del caserío de Santa Cruz,Licencia,Poblacional,Manantial Pajtza Bamba,Junta Administradora de Servicios de Saneamiento (JASS) denominado Chicago del caserío de Santa Cruz,1065-2022 ANA-AAA.M,2022-12-14,Marañón,Pomabamba,Intercuenca Alto Marañón V,Sihuas,San Juan
41931,Junta Administradora de los Servicios de Saneamiento - JASS de la Localidad de Chancasa,Licencia,Poblacional,Manantial MILLPO I / Manantial MILLPO II / Manantial UCHKU,Junta Administradora de los Servicios de Saneamiento - JASS de la Localidad de Chancasa,2065-2018 ANA-AAA.M,2018-12-06,Marañón,Pomabamba,Intercuenca Alto Marañón V,Mariscal Luzuriaga,Fidel Olivas Escudero
41932,Junta Administradora de los Servicios de Saneamiento - JASS de la Localidad de Parco,Licencia,Poblacional,Manantial HUANGANCO / Manantial YACU PASHTAC,Junta Administradora de los Servicios de Saneamiento - JASS de la Localidad de Parco,1917-2018 ANA-AAA.M,2018-11-27,Marañón,Pomabamba,Intercuenca Alto Marañón V,Mariscal Luzuriaga,Fidel Olivas Escudero
41933,Junta Administradora de los Servicios de Saneamiento - JASS de la Localidad de Sisco,Licencia,Poblacional,Manantial YACUÑAHUIN / Manantial JALLCAPILANCO,Junta Administradora de los Servicios de Saneamiento - JASS de la Localidad de Sisco,1918-2018 ANA-AAA.M,2018-11-27,Marañón,Pomabamba,Intercuenca Alto Marañón V,Mariscal Luzuriaga,Fidel Olivas Escudero
41934,Junta Administradora de los Servicios de Saneamiento - JASS de la Localidad de Sanachgan,Licencia,Poblacional,Manantial ICHIC MONTE / Manantial MISHI RAJRA,Junta Administradora de los Servicios de Saneamiento - JASS de la Localidad de Sanachgan,1919-2018 ANA-AAA.M,2018-11-27,Marañón,Pomabamba,Intercuenca Alto Marañón V,Mariscal Luzuriaga,Fidel Olivas Escudero
41935,JUNTA ADMINISTRADORA DE SERVICIOS DE SANEAMIENTO (JASS) DEL CENTRO POBLADO RURAL RAJRAJ,Licencia,Poblacional,Manantial SAGA I / Manantial SAGA II,JUNTA ADMINISTRADORA DE SERVICIOS DE SANEAMIENTO (JASS) DEL CENTRO POBLADO RURAL RAJRAJ,1855-2018 ANA-AAA.M,2018-11-23,Marañón,Pomabamba,Intercuenca Alto Marañón V,Pomabamba,Parobamba
41936,JUNTA ADMINISTRADORA DE SERVICIOS DE SANEAMIENTO (JASS) DEL DISTRITO DE QUINUABAMBA,Licencia,Poblacional,Manantial YACUPA ÑAHUIN I / Manantial YACUPA ÑAHUIN II / Manantial BANDERAYOC I / Manantial BANDERAYOC II / Manantial LLAURO,JUNTA ADMINISTRADORA DE SERVICIOS DE SANEAMIENTO (JASS) DEL DISTRITO DE QUINUABAMBA,1856-2018 ANA-AAA.M,2018-11-23,Marañón,Pomabamba,Intercuenca Alto Marañón V,Pomabamba,Quinuabamba
41937,JUNTA ADMINISTRADORA DE SERVICIOS DE SANEAMIENTO (JASS) DEL RURAL DE JARAHURAN - JACHAPUSHCO,Licencia,Poblacional,Manantial YIPIA,JUNTA ADMINISTRADORA DE SERVICIOS DE SANEAMIENTO (JASS) DEL RURAL DE JARAHURAN - JACHAPUSHCO,1857-2018 ANA-AAA.M,2018-11-23,Marañón,Pomabamba,Intercuenca Alto Marañón V,Pomabamba,Quinuabamba
41938,JUNTA ADMINISTRADORA DE SERVICIOS DE SANEAMIENTO (JASS) DEL CASERÍO DE PISCOS,Licencia,Poblacional,Manantial CHAQUI QUENHUA I / Manantial CHAQUI QUENHUA II / Quebrada COCHAPAMPA,JUNTA ADMINISTRADORA DE SERVICIOS DE SANEAMIENTO (JASS) DEL CASERÍO DE PISCOS,1858-2018 ANA-AAA.M,2018-11-23,Marañón,Pomabamba,Intercuenca Alto Marañón V,Pomabamba,Quinuabamba
41939,JUNTA ADMINISTRADORA DE SERVICIOS DE SANEAMIENTO (JASS) DEL CENTRO POBLADO RURAL PAROBAMBA NUEVO,Licencia,Poblacional,Manantial HUARIPAMPA / Manantial CANCHAN,JUNTA ADMINISTRADORA DE SERVICIOS DE SANEAMIENTO (JASS) DEL CENTRO POBLADO RURAL PAROBAMBA NUEVO,1859-2018 ANA-AAA.M,2018-11-23,Marañón,Pomabamba,Intercuenca Alto Marañón V,Pomabamba,Parobamba
41940,Comité de Usuarios de Agua del Canal de Riego Toma Segsibamba,Licencia,Agrícola,Manantial Pampayacu 1 / Manantial Pampayacu 2 / Manantial Aliso 1 / Manantial Aliso 2 / Manantial Aliso 3 / Manantial Cuchu / Manantial Rosas / Quebrada Pampayacu / Quebrada Toma,Comité de Usuarios de Agua del Canal de Riego Toma Segsibamba,0429-2023 ANA-AAA.M,2023-06-05,Marañón,Pomabamba,Intercuenca Alto Marañón V,Pomabamba,Parobamba
41941,Comité de Usuarios de Agua Witron Tunashirca,Licencia,Agrícola,Quebrada Witron,Comité de Usuarios de Agua Witron Tunashirca,1127-2024 ANA-AAA.M,2024-08-13,Marañón,Pomabamba,Intercuenca Alto Marañón V,Sihuas,Sihuas
41942,JUNTA ADMINISTRADORA DE SERVICIOS DE SANEAMIENTO (JASS) DEL CASERÍO DE COLPA,Licencia,Poblacional,Manantial MINAS-CASERIO PISCOS / Manantial YACUPA ÑAHUIN / Manantial HATUM HUAYLLA,JUNTA ADMINISTRADORA DE SERVICIOS DE SANEAMIENTO (JASS) DEL CASERÍO DE COLPA,1873-2018 ANA-AAA.M,2018-11-26,Marañón,Pomabamba,Intercuenca Alto Marañón V,Pomabamba,Quinuabamba
41943,JUNTA ADMINISTRADORA DE SERVICIOS DE SANEAMIENTO (JASS) DEL CASERÍO DE SANTA CRUZ,Licencia,Poblacional,Manantial GUERO PUNTA,JUNTA ADMINISTRADORA DE SERVICIOS DE SANEAMIENTO (JASS) DEL CASERÍO DE SANTA CRUZ,1872-2018 ANA-AAA.M,2018-11-26,Marañón,Pomabamba,Intercuenca Alto Marañón V,Pomabamba,Quinuabamba
41944,JUNTA ADMINISTRADORA DE SERVICIOS DE SANEAMIENTO (JASS) DEL CASERÍO DE TARACUCHO,Licencia,Poblacional,Manantial PUKA MACHAY / Manantial ILLAURO,JUNTA ADMINISTRADORA DE SERVICIOS DE SANEAMIENTO (JASS) DEL CASERÍO DE TARACUCHO,1871-2018 ANA-AAA.M,2018-11-26,Marañón,Pomabamba,Intercuenca Alto Marañón V,Pomabamba,Quinuabamba
41945,JUNTA ADMINISTRADORA DE SERVICIOS DE SANEAMIENTO (JASS) DEL CASERÍO DE COCHATUCOJ,Licencia,Poblacional,Manantial ROMERO I / Manantial ROMERO II / Manantial ROMERO III,JUNTA ADMINISTRADORA DE SERVICIOS DE SANEAMIENTO (JASS) DEL CASERÍO DE COCHATUCOJ,1854-2018 ANA-AAA.M,2018-11-23,Marañón,Pomabamba,Intercuenca Alto Marañón V,Pomabamba,Quinuabamba
41946,JUNTA ADMINISTRADORA DE SERVICIOS DE SANEAMIENTO (JASS) DEL CENTRO POBLADO RURAL PAMPA NUEVA,Licencia,Poblacional,Manantial PAMPA YACU / Manantial TOMA RAJRAJ,JUNTA ADMINISTRADORA DE SERVICIOS DE SANEAMIENTO (JASS) DEL CENTRO POBLADO RURAL PAMPA NUEVA,1863-2018 ANA-AAA.M,2018-11-23,Marañón,Pomabamba,Intercuenca Alto Marañón V,Pomabamba,Parobamba
41947,Comité de Usuarios Sistema de Riego Ajtuy - Lluychubamba,Licencia,Agrícola,Manantial Ajtuy,Comité de Usuarios Sistema de Riego Ajtuy - Lluychubamba,0430-2023 ANA-AAA.M,2023-06-05,Marañón,Pomabamba,Intercuenca Alto Marañón V,Sihuas,Quiches
41948,comité de Usuarios de Agua del canal Sejsipunta Tablagaga Potreropampa,Licencia,Agrícola,Quebrada SEJSIPUNTA / Quebrada TABLAGAGA,comité de Usuarios de Agua del canal Sejsipunta Tablagaga Potreropampa,1066-2022 ANA-AAA.M,2022-12-14,Marañón,Pomabamba,Intercuenca Alto Marañón V,Sihuas,San Juan
41949,COMITÉ DE USUARIOS DEL CANAL DE RIEGO PEROL,Licencia,Agrícola,Quebrada MISTHIACO (HUANZA - ACOBAMBA),COMITÉ DE USUARIOS DEL CANAL DE RIEGO PEROL,1444-2020 ANA-AAA.M,2020-12-29,Marañón,Huamachuco,Intercuenca Alto Marañón V,Sihuas,Acobamba
41950,Junta Administradora de Servicios de Saneamiento JASS de la localidad de Ayaviña,Licencia,Poblacional,Manantial PAJCHANGA,Junta Administradora de Servicios de Saneamiento JASS de la localidad de Ayaviña,351-2019 ANA-AAA.M,2019-05-02,Marañón,Pomabamba,Intercuenca Alto Marañón V,Sihuas,Ragash
41951,Junta Administradora de Servicios de Saneamiento (JASS) de Rogaco,Licencia,Poblacional,Manantial Pilanco,Junta Administradora de Servicios de Saneamiento (JASS) de Rogaco,0348-2024 ANA-AAA.M,2024-04-04,Marañón,Pomabamba,Intercuenca Alto Marañón V,Sihuas,Sicsibamba
41952,Junta Administradora de Servicios de Saneamiento” (JASS) del Sector Huayumpampa Alto del Caserío de Quircabamba.,Licencia,Poblacional,Manantial Escuria / Manantial Sirhua,Junta Administradora de Servicios de Saneamiento” (JASS) del Sector Huayumpampa Alto del Caserío de Quircabamba.,1098-2022 ANA-AAA.M,2022-12-19,Marañón,Pomabamba,Intercuenca Alto Marañón V,Sihuas,San Juan
41953,JUNTA ADMINISTRADORA DE SERVICIOS DE SANEAMIENTO  (JASS) DEL CENTRO POBLADO RURAL PURUPURU DEL DISTRITO DE SICSIBAMBA,Licencia,Poblacional,Manantial ÑAWIN YACU 1 / Manantial ÑAWIN YACU 2 / Manantial ÑAWIN YACU 3 / Manantial ÑAWIN YACU 4,JUNTA ADMINISTRADORA DE SERVICIOS DE SANEAMIENTO  (JASS) DEL CENTRO POBLADO RURAL PURUPURU DEL DISTRITO DE SICSIBAMBA,1889-2018 ANA-AAA.M,2018-11-26,Marañón,Pomabamba,Intercuenca Alto Marañón V,Sihuas,Sicsibamba
41954,COMITE DE USUARIOS HUARANGAY- COLCABAMBA,Licencia,Agrícola,Río ANDAYMAYO,COMITE DE USUARIOS HUARANGAY- COLCABAMBA,1958-2018 ANA-AAA.M,2018-11-27,Marañón,Pomabamba,Intercuenca Alto Marañón V,Sihuas,San Juan
41955,JUNTA DE ADMINISTRACION DE SANEAMIENTO  DE SERVICIOS (JASS) DE  AGUA DEL SECTOR DE UTZUJPAMPA DEL CASERIO DE QUIRCABAMBA DEL DISTRITO DE SAN JUAN- SIHUAS-ANCASH,Licencia,Poblacional,Manantial COCHAPAMPA / Manantial PACCHA / Manantial SEGSIPAMPA,JUNTA DE ADMINISTRACION DE SANEAMIENTO  DE SERVICIOS (JASS) DE  AGUA DEL SECTOR DE UTZUJPAMPA DEL CASERIO DE QUIRCABAMBA DEL DISTRITO DE SAN JUAN- SIHUAS-ANCASH,1894-2018 ANA-AAA.M,2018-11-26,Marañón,Pomabamba,Intercuenca Alto Marañón V,Sihuas,San Juan
41956,JUNTA DE ADMINISTRACION DE SANEAMIENTO  DE SERVICIOS JASS DEL CASERIO MITOBAMBA DEL DISTRITO DE SAN JUAN-SIHUAS-ANCASH,Licencia,Poblacional,Quebrada MUYURAJRA / Manantial GANTO,JUNTA DE ADMINISTRACION DE SANEAMIENTO  DE SERVICIOS JASS DEL CASERIO MITOBAMBA DEL DISTRITO DE SAN JUAN-SIHUAS-ANCASH,1895-2018 ANA-AAA.M,2018-11-26,Marañón,Pomabamba,Intercuenca Alto Marañón V,Sihuas,San Juan
41957,JUNTA ADMINISTRADORA DE SERVICIOS DE SANEAMIENTO  (JASS) DEL SECTOR INCA YACU DEL CASERIO DE HUACHINA,Licencia,Poblacional,Manantial KECHUAS,JUNTA ADMINISTRADORA DE SERVICIOS DE SANEAMIENTO  (JASS) DEL SECTOR INCA YACU DEL CASERIO DE HUACHINA,1878-2018 ANA-AAA.M,2018-11-26,Marañón,Pomabamba,Intercuenca Alto Marañón V,Sihuas,San Juan
41958,JUNTA DE ADMINISTRACION DE SANEAMIENTO  DE SERVICIOSJASS SECTOR COCHAPAMPA DEL CASERIO  SANTA CRUZ DE LA JURISDICCION DEL DISTRITO DE SAN JUAN - SIHUAS- ANCASH,Licencia,Poblacional,Manantial COCHAPAMPA,JUNTA DE ADMINISTRACION DE SANEAMIENTO  DE SERVICIOSJASS SECTOR COCHAPAMPA DEL CASERIO  SANTA CRUZ DE LA JURISDICCION DEL DISTRITO DE SAN JUAN - SIHUAS- ANCASH,1875-2018 ANA-AAA.M,2018-11-26,Marañón,Pomabamba,Intercuenca Alto Marañón V,Sihuas,San Juan
41959,COMITE DE USUARIOS DE AGUA SANTO TORIBIO DE UMBE,Licencia,Agrícola,Quebrada ASHNUPOTRERO / Quebrada PACHACHACA,COMITE DE USUARIOS DE AGUA SANTO TORIBIO DE UMBE,1964-2018 ANA-AAA.M,2018-11-27,Marañón,Pomabamba,Intercuenca Alto Marañón V,Sihuas,Sicsibamba
41960,COMITE DE USUARIOS DE AGUA DEL CANAL DE RIEGO UTUTUBADO YANAHIRCA,Licencia,Agrícola,Quebrada UTUTUBADO / Quebrada PARGO,COMITE DE USUARIOS DE AGUA DEL CANAL DE RIEGO UTUTUBADO YANAHIRCA,1965-2018 ANA-AAA.M,2018-11-27,Marañón,Pomabamba,Intercuenca Alto Marañón V,Sihuas,San Juan
41961,COMITE DE USUARIOS DEL AGUA DE SISTEMA DE RIEGO  SIRHUA  CHONTAHIRCA,Licencia,Agrícola,Quebrada JAYAC,COMITE DE USUARIOS DEL AGUA DE SISTEMA DE RIEGO  SIRHUA  CHONTAHIRCA,1967-2018 ANA-AAA.M,2018-11-27,Marañón,Pomabamba,Intercuenca Alto Marañón V,Sihuas,San Juan
41962,COMITE DE USUARIOS DE AGUA DEL SISTEMA DE RIEGO DE LLACHI ALTO,Licencia,Agrícola,Quebrada POCHGO,COMITE DE USUARIOS DE AGUA DEL SISTEMA DE RIEGO DE LLACHI ALTO,1960-2018 ANA-AAA.M,2018-11-27,Marañón,Pomabamba,Intercuenca Alto Marañón V,Sihuas,San Juan
41963,JUNTA ADMINISTRADORA DE SERVICIOS DE SANEAMIENTO (JASS) DEL CENTRO POBLADO RURAL  HUARACAYOJ DEL DISTRITO DE SICSIBAMBA,Licencia,Poblacional,Manantial ÑAWIN 1 / Manantial ÑAWIN 2,JUNTA ADMINISTRADORA DE SERVICIOS DE SANEAMIENTO (JASS) DEL CENTRO POBLADO RURAL  HUARACAYOJ DEL DISTRITO DE SICSIBAMBA,1892-2018 ANA-AAA.M,2018-11-26,Marañón,Pomabamba,Intercuenca Alto Marañón V,Sihuas,Sicsibamba
41964,JUNTA ADMINISTRADORA DE SERVICIOS DE SANEAMIENTO (JASS) DEL CENTRO POBLADO RURAL DE UMBE,Licencia,Poblacional,Manantial Chillcahuaylla 1 / Manantial Chillcahuaylla 2 / Manantial Chillcahuaylla 3 / Manantial Chillcahuaylla 4 / Manantial Chillcahuaylla 5 / Manantial Chillcahuaylla 6 / Manantial Chillcahuaylla,JUNTA ADMINISTRADORA DE SERVICIOS DE SANEAMIENTO (JASS) DEL CENTRO POBLADO RURAL DE UMBE,1891-2018 ANA-AAA.M,2018-11-26,Marañón,Pomabamba,Intercuenca Alto Marañón V,Sihuas,Sicsibamba
41965,COMITE DE USUARIOS DEL CANAL DE RIEGO ARAHUAY - HUACHINA,Licencia,Agrícola,Quebrada ARAHUAY,COMITE DE USUARIOS DEL CANAL DE RIEGO ARAHUAY - HUACHINA,1956-2018 ANA-AAA.M,2018-11-27,Marañón,Pomabamba,Intercuenca Alto Marañón V,Sihuas,San Juan
41966,COMITE DE USUARIOS DE AGUA DEL CANAL DE RIEGO CHINCHOBAMBA,Licencia,Agrícola,Río CHINCHOBAMBA,COMITE DE USUARIOS DE AGUA DEL CANAL DE RIEGO CHINCHOBAMBA,1957-2018 ANA-AAA.M,2018-11-27,Marañón,Pomabamba,Intercuenca Alto Marañón V,Sihuas,San Juan
41967,COMITE DE USUARIOS DEL CANAL CUCHICANCHA Y PACPAC,Licencia,Agrícola,Quebrada CUCHICANCHA / Quebrada ARAHUAY / Quebrada ARAHUAY,COMITE DE USUARIOS DEL CANAL CUCHICANCHA Y PACPAC,1954-2018 ANA-AAA.M,2018-11-27,Marañón,Pomabamba,Intercuenca Alto Marañón V,Sihuas,San Juan
41968,COMITE DE USUARIOS DE AGUA DEL SISTEMA DE RIEGO YAHUARCALLQUI SANTA LUCIA DE TOROCAPANA,Licencia,Agrícola,Quebrada YAHUARCALLQUI / Manantial SHIRACACUCHO / Manantial PUMACUCHO,COMITE DE USUARIOS DE AGUA DEL SISTEMA DE RIEGO YAHUARCALLQUI SANTA LUCIA DE TOROCAPANA,1962-2018 ANA-AAA.M,2018-11-27,Marañón,Pomabamba,Intercuenca Alto Marañón V,Sihuas,San Juan
41969,COMITE DE USUARIOS DE TASHTA CUCHO PILANCO,Licencia,Agrícola,Filtración TASHTA CUCHO 2 / Filtración PILANCO 1 / Filtración PILANCO 2 / Filtración TASHTA CUCHO 1,COMITE DE USUARIOS DE TASHTA CUCHO PILANCO,1968-2018 ANA-AAA.M,2018-11-27,Marañón,Pomabamba,Intercuenca Alto Marañón V,Sihuas,San Juan
41970,COMITE DE USUARIOS DE AGUA- SAN ANDRES ALTO,Licencia,Agrícola,Manantial HUEGLLAGAGA / Quebrada YAHUARCALLQUI,COMITE DE USUARIOS DE AGUA- SAN ANDRES ALTO,2073-2018 ANA-AAA.M,2018-12-06,Marañón,Pomabamba,Intercuenca Alto Marañón V,Sihuas,San Juan
41971,Comité de Usuarios Canal de Usuarios Manta,Licencia,Agrícola,Quebrada PAICARAN / Quebrada CARBON OCCHAPATA / Quebrada PAICARAN,Comité de Usuarios Canal de Usuarios Manta,2100-2018 ANA-AAA.M,2018-12-11,Marañón,Pomabamba,Intercuenca Alto Marañón V,Sihuas,Ragash
41972,Comité de Regantes Cachona,Licencia,Agrícola,Quebrada ISHPAJ,Comité de Regantes Cachona,2093-2018 ANA-AAA.M,2018-12-11,Marañón,Pomabamba,Intercuenca Alto Marañón V,Sihuas,Ragash
41973,COMITE DE USUARIOS DE AGUA DE SISTEMA DE RIEGO SAN JUAN CHICO,Licencia,Agrícola,Manantial CARBON / Manantial CARBON,COMITE DE USUARIOS DE AGUA DE SISTEMA DE RIEGO SAN JUAN CHICO,1966-2018 ANA-AAA.M,2018-11-27,Marañón,Pomabamba,Intercuenca Alto Marañón V,Sihuas,San Juan
41974,COMITE DE USUARIOS DE RIEGO PURUPURO,Licencia,Agrícola,Quebrada ULLUNTUG,COMITE DE USUARIOS DE RIEGO PURUPURO,1955-2018 ANA-AAA.M,2018-11-27,Marañón,Pomabamba,Intercuenca Alto Marañón V,Sihuas,Sicsibamba
41975,COMITE DE USUARIOS DE AGUA DEL CANAL TINCO - MITOBAMBA,Licencia,Agrícola,Río MITOBAMBA,COMITE DE USUARIOS DE AGUA DEL CANAL TINCO - MITOBAMBA,1953-2018 ANA-AAA.M,2018-11-27,Marañón,Pomabamba,Intercuenca Alto Marañón V,Sihuas,San Juan
41976,COMITE DE REGANTES SAN FRANCISCO DE ASIS,Licencia,Agrícola,Quebrada PALO SECO,COMITE DE REGANTES SAN FRANCISCO DE ASIS,1961-2018 ANA-AAA.M,2018-11-27,Marañón,Pomabamba,Intercuenca Alto Marañón V,Sihuas,San Juan
41977,Comité de Usuarios de Agua del Sistema de Riego Perjil - Paicaran,Licencia,Agrícola,Quebrada PEREJIL,Comité de Usuarios de Agua del Sistema de Riego Perjil - Paicaran,2099-2018 ANA-AAA.M,2018-12-11,Marañón,Pomabamba,Intercuenca Alto Marañón V,Sihuas,Ragash
41978,Comité de Usuarios del Agua Sistema de Riego Espadilla - Usamasanga,Licencia,Agrícola,Quebrada BATIARRUMI O ESPADILLA / Quebrada GANCHARAGRA / Quebrada POROCCHOPAMPA / Quebrada TACHTA,Comité de Usuarios del Agua Sistema de Riego Espadilla - Usamasanga,2110-2018 ANA-AAA.M,2018-12-11,Marañón,Pomabamba,Intercuenca Alto Marañón V,Sihuas,Ragash
41979,Comité de Usuarios del Sistema de Riego de Pingullo,Licencia,Agrícola,Quebrada COLPA,Comité de Usuarios del Sistema de Riego de Pingullo,2098-2018 ANA-AAA.M,2018-12-11,Marañón,Pomabamba,Intercuenca Alto Marañón V,Sihuas,Sihuas
41980,Comité de Usuarios de Agua del Canal Chorropampa,Licencia,Agrícola,Quebrada CHORROPAMPA / Quebrada CHORROPAMPA,Comité de Usuarios de Agua del Canal Chorropampa,2092-2018 ANA-AAA.M,2018-12-11,Marañón,Pomabamba,Intercuenca Alto Marañón V,Sihuas,Ragash
41981,Comité de Usuarios La Esperanza,Licencia,Agrícola,Quebrada PAICARA / Quebrada GAYCO,Comité de Usuarios La Esperanza,2101-2018 ANA-AAA.M,2018-12-11,Marañón,Pomabamba,Intercuenca Alto Marañón V,Sihuas,Ragash
41982,Comité de Usuarios Gallo Cantanan,Licencia,Agrícola,Quebrada GALLO CANTANAN / Quebrada TRANCA,Comité de Usuarios Gallo Cantanan,2111-2018 ANA-AAA.M,2018-12-11,Marañón,Pomabamba,Intercuenca Alto Marañón V,Sihuas,Sihuas
41983,Comité de Usuarios del Canal Gayco-Shitanga-Chullapa,Licencia,Agrícola,Quebrada Gayco,Comité de Usuarios del Canal Gayco-Shitanga-Chullapa,0178-2023 ANA-AAA.M,2023-03-16,Marañón,Pomabamba,Intercuenca Alto Marañón V,Sihuas,San Juan
41984,Comité de Usuarios Armonia Yuncajllo - Colpa,Licencia,Agrícola,Quebrada COLPA / Quebrada COLPA / Quebrada COLPA / Quebrada COLPA,Comité de Usuarios Armonia Yuncajllo - Colpa,2096-2018 ANA-AAA.M,2018-12-11,Marañón,Pomabamba,Intercuenca Alto Marañón V,Sihuas,Cashapampa
41985,Comité de Regantes Agoshirca,Licencia,Agrícola,Quebrada COLPA,Comité de Regantes Agoshirca,2094-2018 ANA-AAA.M,2018-12-11,Marañón,Pomabamba,Intercuenca Alto Marañón V,Sihuas,Sihuas
41986,Comité de Usuarios Gasajpampa,Licencia,Agrícola,Manantial GELATOMA / Manantial PUKAPAMPA / Manantial QUISHUAR,Comité de Usuarios Gasajpampa,2095-2018 ANA-AAA.M,2018-12-11,Marañón,Pomabamba,Intercuenca Alto Marañón V,Sihuas,Huayllabamba
41987,Comité de Usuarios de agua Garhuagollpa - Quingao,Licencia,Agrícola,Río GARHUAGOLLPA,Comité de Usuarios de agua Garhuagollpa - Quingao,2109-2018 ANA-AAA.M,2018-12-11,Marañón,Pomabamba,Intercuenca Alto Marañón V,Sihuas,Ragash
41988,Comité de Usuarios del Sistema de Riego Uchugaga,Licencia,Agrícola,Manantial SALA,Comité de Usuarios del Sistema de Riego Uchugaga,2097-2018 ANA-AAA.M,2018-12-11,Marañón,Pomabamba,Intercuenca Alto Marañón V,Sihuas,Sihuas
41989,JUNTA ADMINISTRADORA DE SERVICIOS DE SANEAMIENTO (JASS) DEL CENTRO POBLADO RURAL CUZCA,Licencia,Poblacional,Manantial QUINUAL / Manantial CUZCA,JUNTA ADMINISTRADORA DE SERVICIOS DE SANEAMIENTO (JASS) DEL CENTRO POBLADO RURAL CUZCA,1869-2018 ANA-AAA.M,2018-11-26,Marañón,Pomabamba,Intercuenca Alto Marañón V,Pomabamba,Parobamba
41990,JUNTA ADMINISTRADORA DE SERVICIOS DE SANEAMIENTO (JASS) DEL CASERÍO RURAL CAJAPANCA,Licencia,Poblacional,Manantial YACU ÑAHUIN 1 / Manantial YACU ÑAHUIN 2 / Manantial PILANCO-CASERIO CAJAPANCA,JUNTA ADMINISTRADORA DE SERVICIOS DE SANEAMIENTO (JASS) DEL CASERÍO RURAL CAJAPANCA,1870-2018 ANA-AAA.M,2018-11-26,Marañón,Pomabamba,Intercuenca Alto Marañón V,Pomabamba,Quinuabamba
41991,JUNTA ADMINISTRADORA DE SERVICIOS DE SANEAMIENTO (JASS) DEL CENTRO POBLADO RURAL SHUYPILLAY,Licencia,Poblacional,Manantial PUTAKA I / Manantial PUTAKA II / Manantial PUTAKA III / Manantial TOMA RAJRAJ - CASERIO CHUYPILLAY / Manantial GOTOSU,JUNTA ADMINISTRADORA DE SERVICIOS DE SANEAMIENTO (JASS) DEL CENTRO POBLADO RURAL SHUYPILLAY,1864-2018 ANA-AAA.M,2018-11-23,Marañón,Pomabamba,Intercuenca Alto Marañón V,Pomabamba,Parobamba
41992,COMITE DE USUARIOS DEL CANAL POROCSUCUCHO,Licencia,Agrícola,Quebrada POROCSUCUCHO,COMITE DE USUARIOS DEL CANAL POROCSUCUCHO,1853-2018 ANA-AAA.M,2018-11-23,Marañón,Pomabamba,Intercuenca Alto Marañón V,Pomabamba,Quinuabamba
41993,"Comité de Usuarios del Sistema de Riego Barroscocha, Chontarajra, Puyuguero, Maraybamba Arriba, Pumahuasi",Licencia,Agrícola,Quebrada CHONTARAJRA / Quebrada CHONTARAJRA,"Comité de Usuarios del Sistema de Riego Barroscocha, Chontarajra, Puyuguero, Maraybamba Arriba, Pumahuasi",2112-2018 ANA-AAA.M,2018-12-11,Marañón,Pomabamba,Intercuenca Alto Marañón V,Sihuas,Sihuas
41994,COMITÉ DE USUARIOS DEL CANAL DE RIEGO COTOYACO,Licencia,Agrícola,Quebrada Grande (Uchupampa),COMITÉ DE USUARIOS DEL CANAL DE RIEGO COTOYACO,915-2021 ANA-AAA.M,2021-09-28,Marañón,Huamachuco,Intercuenca Alto Marañón V,Pallasca,Pampas
41995,Junta Administradora de Servicios de Saneamiento (JASS) del Centro Poblado Rural Ticapampa,Licencia,Poblacional,Manantial Champará / Manantial Torre Gaga,Junta Administradora de Servicios de Saneamiento (JASS) del Centro Poblado Rural Ticapampa,1213-2024 ANA-AAA.M,2024-08-26,Marañón,Pomabamba,Intercuenca Alto Marañón V,Mariscal Luzuriaga,Llumpa
41996,Junta Administradora de Servicio y Saneamiento (JASS) del Centro Poblado Rural de Taulli,Licencia,Poblacional,Manantial Jogu / Quebrada Jogu,Junta Administradora de Servicio y Saneamiento (JASS) del Centro Poblado Rural de Taulli,0283-2025 ANA-AAA.M,2025-03-11,Marañón,Pomabamba,Intercuenca Alto Marañón V,Carlos Fermin Fitzcarrald,San Luis
41997,Junta Administradora de Servicios de Saneamiento (JASS) de Saucepampa.,Licencia,Poblacional,Manantial Ñahuin Yacu,Junta Administradora de Servicios de Saneamiento (JASS) de Saucepampa.,0697-2021 ANA-AAA.M,2021-06-30,Marañón,Pomabamba,Intercuenca Alto Marañón V,Mariscal Luzuriaga,Lucma
41998,Comité de Usuarios Canal Ingenio,Licencia,Agrícola,Quebrada Ingenio / Quebrada Wishcash,Comité de Usuarios Canal Ingenio,359-2021 ANA-AAA.M,2021-03-17,Marañón,Pomabamba,Intercuenca Alto Marañón V,Mariscal Luzuriaga,Piscobamba
41999,JUNTA ADMINISTRADORA DE SERVICIOS DE SANEAMIENTO DE HUAYCHO Y YURAJYACU (JASS),Licencia,Poblacional,Manantial SHINGUARAJRA,JUNTA ADMINISTRADORA DE SERVICIOS DE SANEAMIENTO DE HUAYCHO Y YURAJYACU (JASS),1866-2018 ANA-AAA.M,2018-11-23,Marañón,Pomabamba,Intercuenca Alto Marañón V,Pomabamba,Huayllan
42000,JUNTA ADMINISTRADORA DE SERVICIOS DE SANEAMIENTO (JASS) DEL CENTRO POBLADO RURAL DE CARHUAJ,Licencia,Poblacional,Manantial TRANCA,JUNTA ADMINISTRADORA DE SERVICIOS DE SANEAMIENTO (JASS) DEL CENTRO POBLADO RURAL DE CARHUAJ,1488-2019 ANA-AAA.M,2019-12-02,Marañón,Pomabamba,Intercuenca Alto Marañón V,Pomabamba,Pomabamba
42001,JUNTA ADMINISTRADORA DE LOS SERVICIOS DE AGUA POTABLE Y SANEAMIENTO (JASS) DEL CASERIO RANRACOLCA SECTOR DE HUAMANHUANCO,Licencia,Poblacional,Manantial RARAJ CUCHO / Manantial AYRA PAJCHA,JUNTA ADMINISTRADORA DE LOS SERVICIOS DE AGUA POTABLE Y SANEAMIENTO (JASS) DEL CASERIO RANRACOLCA SECTOR DE HUAMANHUANCO,1472-2019 ANA-AAA.M,2019-12-02,Marañón,Pomabamba,Intercuenca Alto Marañón V,Mariscal Luzuriaga,Casca
42002,"Comité de Usuarios del Canal Alpamayo-Pajash, Lateral Sector Cotocancha Alta",Licencia,Agrícola,Quebrada Alpamayo / Quebrada Quinuaragra,"Comité de Usuarios del Canal Alpamayo-Pajash, Lateral Sector Cotocancha Alta",0498-2025 ANA-AAA.M,2025-04-22,Marañón,Pomabamba,Intercuenca Alto Marañón V,Pomabamba,Pomabamba
42003,COMITE DE USUARIOS  DE AGUA KUECHCA LLAWINA COCHAPAMPA,Licencia,Agrícola,Río NEGRO / Manantial PISHCO,COMITE DE USUARIOS  DE AGUA KUECHCA LLAWINA COCHAPAMPA,508-2018 ANA-AAA.HCH,2018-07-06,Huarmey Chicama,Huaraz,Intercuenca Alto Marañón V,Carhuaz,Carhuaz
42004,Junta Administradora de Servicios de Saneamiento del Centro Poblado de Tincu,Licencia,Poblacional,Manantial Quita / Manantial Ñawin,Junta Administradora de Servicios de Saneamiento del Centro Poblado de Tincu,0444-2019 ANA-AAA.M,2019-05-24,Marañón,Pomabamba,Intercuenca Alto Marañón V,Asuncion,Chacas
42005,Junta Administradora de Servicios de Saneamiento del Caserío de Socos Huayá,Licencia,Poblacional,Quebrada Estanque 1 / Quebrada Estanque 2 / Manantial Wascarcocha / Manantial Ichich Ogo,Junta Administradora de Servicios de Saneamiento del Caserío de Socos Huayá,0443-2019 ANA-AAA.M,2019-05-24,Marañón,Pomabamba,Intercuenca Alto Marañón V,Asuncion,Chacas
42006,COMITE DE USUARIOS DE AGUA HUAGSHA,Licencia,Agrícola,Quebrada YUPAN,COMITE DE USUARIOS DE AGUA HUAGSHA,0717-2022 ANA-AAA.M,2022-08-15,Marañón,Huari,Intercuenca Alto Marañón V,Declarada: Huacaybamba,Declarado: Huacaybamba
42007,"COMITE DE USUARIOS CANAL CHUYAS - HUAYCHO, LATERAL SECTOR TINYASH",Licencia,Agrícola,Río JANCAPAMPA,"COMITE DE USUARIOS CANAL CHUYAS - HUAYCHO, LATERAL SECTOR TINYASH",2068-2018 ANA-AAA.M,2018-12-06,Marañón,Pomabamba,Intercuenca Alto Marañón V,Pomabamba,Huayllan
42008,COMITE DE USUARIOS DEL CANAL DE RIEGO CAPILLAPAMPA - CHAMPARA,Licencia,Agrícola,Quebrada Champara,COMITE DE USUARIOS DEL CANAL DE RIEGO CAPILLAPAMPA - CHAMPARA,260-2019 ANA - AAA.M,2019-04-10,Marañón,Pomabamba,Intercuenca Alto Marañón V,Pomabamba,Huayllan
42009,Junta Administradora de Agua Potable y Saneamiento del Sector Chuspin,Licencia,Poblacional,Manantial Shinwa 2 / Manantial Shinwa 1,Junta Administradora de Agua Potable y Saneamiento del Sector Chuspin,399-2021 ANA-AAA.M,2021-03-22,Marañón,Pomabamba,Intercuenca Alto Marañón V,Mariscal Luzuriaga,Casca
42010,Junta Administradora de los Servicios de Saneamiento -JASS del Sector de Yacupañawin,Licencia,Poblacional,Manantial Yacupañawin 1 / Manantial Yacupañawin 2,Junta Administradora de los Servicios de Saneamiento -JASS del Sector de Yacupañawin,376-2021 ANA-AAA.M,2021-03-22,Marañón,Pomabamba,Intercuenca Alto Marañón V,Mariscal Luzuriaga,Piscobamba
42011,Junta Administradora de Agua Potable y Saneamiento del Sector COCHAPAMPA,Licencia,Poblacional,Manantial Yuraj Padre 01 / Manantial Yuraj Padre 02 / Manantial Taulli / Manantial Cachina 1 / Manantial Cachina 2,Junta Administradora de Agua Potable y Saneamiento del Sector COCHAPAMPA,441-2021 ANA-AAA.M,2021-03-26,Marañón,Pomabamba,Intercuenca Alto Marañón V,Mariscal Luzuriaga,Casca
42012,Junta Administradora de Servicios de Saneamiento (JASS) del Centro Poblado Rural de Ganto,Licencia,Poblacional,Manantial PUTAGA,Junta Administradora de Servicios de Saneamiento (JASS) del Centro Poblado Rural de Ganto,1885-2018 ANA-AAA.M,2018-11-26,Marañón,Pomabamba,Intercuenca Alto Marañón V,Mariscal Luzuriaga,Eleazar Guzman Barron
42013,Junta Administradora de Servicios de Saneamiento (JASS) del Centro Poblado Rural de Huallán - Pampachacra,Licencia,Poblacional,Manantial BOCA DE PUMA,Junta Administradora de Servicios de Saneamiento (JASS) del Centro Poblado Rural de Huallán - Pampachacra,1886-2018 ANA-AAA.M,2018-11-26,Marañón,Pomabamba,Intercuenca Alto Marañón V,Mariscal Luzuriaga,Eleazar Guzman Barron
42014,Junta Administradora de Servicios de Saneamiento (JASS) de la Localidad de Buena Esperanza de Cachuna,Licencia,Poblacional,Manantial Lucmarajra 2,Junta Administradora de Servicios de Saneamiento (JASS) de la Localidad de Buena Esperanza de Cachuna,0635-2025 ANA-AAA.M,2025-05-15,Marañón,Pomabamba,Intercuenca Alto Marañón V,Carlos Fermin Fitzcarrald,San Nicolas
42015,Junta Administradora de Servicios de Saneamiento (JASS) del Centro Poblado de Muchcas,Licencia,Poblacional,Manantial Ventanayoc / Manantial Patococha,Junta Administradora de Servicios de Saneamiento (JASS) del Centro Poblado de Muchcas,0051-2020 ANA-AAA.M,2020-01-20,Marañón,Pomabamba,Intercuenca Alto Marañón V,Carlos Fermin Fitzcarrald,San Luis
42016,Comité de Usuarios de Agua Jambon,Licencia,Agrícola,Quebrada Camchas,Comité de Usuarios de Agua Jambon,379-2021 ANA-AAA.M,2021-03-22,Marañón,Pomabamba,Intercuenca Alto Marañón V,Asuncion,Chacas
42017,Comité de Usuarios Canal Convento,Licencia,Agrícola,Quebrada Camchas,Comité de Usuarios Canal Convento,363-2021 ANA-AAA.M,2021-03-17,Marañón,Pomabamba,Intercuenca Alto Marañón V,Asuncion,Chacas
42018,Comité de Usuarios de Agua San Antonio de Lliuyaj,Licencia,Agrícola,Quebrada CHAQUICOCHA,Comité de Usuarios de Agua San Antonio de Lliuyaj,2071-2018 ANA-AAA.M,2018-12-06,Marañón,Pomabamba,Intercuenca Alto Marañón V,Mariscal Luzuriaga,Llama
42019,Junta Administradora de Servicios y Saneamiento Sector Trama,Licencia,Poblacional,Manantial CHINCHIL / Manantial TARMA 2,Junta Administradora de Servicios y Saneamiento Sector Trama,2061-2018 ANA-AAA.M,2018-12-06,Marañón,Pomabamba,Intercuenca Alto Marañón V,Mariscal Luzuriaga,Llama
42020,Junta Administradora de Servicios Saneamiento del Caserío de Piteg,Licencia,Poblacional,Manantial JATUNCOCHA / Manantial TARMA / Manantial POROCSO PAMPA,Junta Administradora de Servicios Saneamiento del Caserío de Piteg,2062-2018 ANA-AAA.M,2018-12-06,Marañón,Pomabamba,Intercuenca Alto Marañón V,Mariscal Luzuriaga,Llama
42021,Junta Administradora de Servicios y Saneamiento del Sector Lliuyaj,Licencia,Poblacional,Manantial HUARIPATA,Junta Administradora de Servicios y Saneamiento del Sector Lliuyaj,2063-2018 ANA-AAA.M,2018-12-06,Marañón,Pomabamba,Intercuenca Alto Marañón V,Mariscal Luzuriaga,Llama
42022,Junta Administradora de Servicios y Saneamiento del Sector de Carhuaj,Licencia,Poblacional,Manantial CHUPA TOMA,Junta Administradora de Servicios y Saneamiento del Sector de Carhuaj,1882-2018 ANA-AAA.M,2018-11-26,Marañón,Pomabamba,Intercuenca Alto Marañón V,Mariscal Luzuriaga,Llama
42023,Junta Administradora de Servicios de Saneamiento (JASS) del Centro Poblado Rural de Machi,Licencia,Poblacional,Manantial GALLO CANTANAN / Manantial JUITURUMI,Junta Administradora de Servicios de Saneamiento (JASS) del Centro Poblado Rural de Machi,1884-2018 ANA-AAA.M,2018-11-26,Marañón,Pomabamba,Intercuenca Alto Marañón V,Mariscal Luzuriaga,Eleazar Guzman Barron
42024,Comité de Usuarios del Canal de Riego Mal Paso - Atashin,Licencia,Agrícola,Quebrada MAL PASO,Comité de Usuarios del Canal de Riego Mal Paso - Atashin,1979-2018 ANA-AAA.M,2018-11-27,Marañón,Pomabamba,Intercuenca Alto Marañón V,Mariscal Luzuriaga,Casca
42025,Comité de Usuarios del Canal Shongomajanan - Tingo,Licencia,Agrícola,Quebrada VIZCACHA,Comité de Usuarios del Canal Shongomajanan - Tingo,1980-2018 ANA-AAA.M,2018-11-27,Marañón,Pomabamba,Intercuenca Alto Marañón V,Mariscal Luzuriaga,Musga
42026,Comité de Usuarios Canal Chivorajra - Vacas - Casca,Licencia,Agrícola,Quebrada CHIVORAGRA / Quebrada MAL PASO / Quebrada JATO / Quebrada ICHIC RAGRA / Quebrada CULANTRILLO / Quebrada RAJRAJ PAMPA / Quebrada JIRCA TUNA / Quebrada JACHAS,Comité de Usuarios Canal Chivorajra - Vacas - Casca,1981-2018 ANA-AAA.M,2018-11-27,Marañón,Pomabamba,Intercuenca Alto Marañón V,Mariscal Luzuriaga,Casca
42027,Comité de Usuarios Canal Durashno,Licencia,Agrícola,Quebrada TRANCA,Comité de Usuarios Canal Durashno,1969-2018 ANA-AAA.M,2018-11-27,Marañón,Pomabamba,Intercuenca Alto Marañón V,Mariscal Luzuriaga,Llama
42028,Comité de Usuarios Canal Calero,Licencia,Agrícola,Quebrada YURAJPADRE,Comité de Usuarios Canal Calero,1970-2018 ANA-AAA.M,2018-11-27,Marañón,Pomabamba,Intercuenca Alto Marañón V,Mariscal Luzuriaga,Casca
42029,Comité de Usuarios Canal de RiegoTutapaj - Machí,Licencia,Agrícola,Quebrada TUTAPAJ,Comité de Usuarios Canal de RiegoTutapaj - Machí,1971-2018 ANA-AAA.M,2018-11-27,Marañón,Pomabamba,Intercuenca Alto Marañón V,Mariscal Luzuriaga,Eleazar Guzman Barron
42030,Junta Administradora de Servicios y Saneamiento del Caserío de Pampamarca,Licencia,Poblacional,Quebrada PUCAYACU - PICHAS 1 / Quebrada PUCAYACU - PICHAS 2,Junta Administradora de Servicios y Saneamiento del Caserío de Pampamarca,2064-2018 ANA-AAA.M,2018-12-06,Marañón,Pomabamba,Intercuenca Alto Marañón V,Mariscal Luzuriaga,Llama
42031,Junta Administradora de Servicios de Saneamiento (JASS) del Centro Poblado Rural de Huagllapuquio,Licencia,Poblacional,Manantial Puyaurajra / Manantial Hierbasanta Monte,Junta Administradora de Servicios de Saneamiento (JASS) del Centro Poblado Rural de Huagllapuquio,0706-2022 ANA-AAA.M,2022-08-11,Marañón,Pomabamba,Intercuenca Alto Marañón V,Carlos Fermin Fitzcarrald,San Nicolas
42032,Comité de Usuarios del Canal Vizcacha - Huayobamba,Licencia,Agrícola,Quebrada VIZCACHA,Comité de Usuarios del Canal Vizcacha - Huayobamba,1975-2018 ANA-AAA.M,2018-11-27,Marañón,Pomabamba,Intercuenca Alto Marañón V,Mariscal Luzuriaga,Musga
42033,Comité de Usuarios del Canal de Riego Yanamayo - Huaripata,Licencia,Agrícola,Quebrada GAYCO / Quebrada ALPAMAYO,Comité de Usuarios del Canal de Riego Yanamayo - Huaripata,1976-2018 ANA-AAA.M,2018-11-27,Marañón,Pomabamba,Intercuenca Alto Marañón V,Mariscal Luzuriaga,Casca
42034,Comité de Usuarios del Canal Yanamayo - Alpamayo,Licencia,Agrícola,Quebrada GAYCO / Quebrada ALPAMAYO,Comité de Usuarios del Canal Yanamayo - Alpamayo,1977-2018 ANA-AAA.M,2018-11-27,Marañón,Pomabamba,Intercuenca Alto Marañón V,Mariscal Luzuriaga,Casca
42035,Comité de Regantes Gasga,Licencia,Agrícola,Quebrada PITZAC HUACHANAN,Comité de Regantes Gasga,1978-2018 ANA-AAA.M,2018-11-27,Marañón,Pomabamba,Intercuenca Alto Marañón V,Mariscal Luzuriaga,Llama
42036,COMITÉ DE USUARIOS DE AGUA TOMA PARÁ USHNO,Licencia,Agrícola,Quebrada TOMA,COMITÉ DE USUARIOS DE AGUA TOMA PARÁ USHNO,1991-2018 ANA-AAA.M,2018-11-28,Marañón,Pomabamba,Intercuenca Alto Marañón V,Mariscal Luzuriaga,Llumpa
42037,COMITÉ DE REGANTES AMAPAMPA - RAJO JURKUNAN,Licencia,Agrícola,Quebrada AMAPAMPA / Quebrada AIRAPAGSAC,COMITÉ DE REGANTES AMAPAMPA - RAJO JURKUNAN,1990-2018 ANA-AAA.M,2018-11-28,Marañón,Pomabamba,Intercuenca Alto Marañón V,Mariscal Luzuriaga,Llumpa
42038,COMITÉ DE USUARIOS DEL CANAL QUISHUAR - SALAPAMPA ALTA,Licencia,Agrícola,Quebrada QUISHUAR,COMITÉ DE USUARIOS DEL CANAL QUISHUAR - SALAPAMPA ALTA,1983-2018 ANA-AAA.M,2018-11-28,Marañón,Pomabamba,Intercuenca Alto Marañón V,Mariscal Luzuriaga,Llumpa
42039,"COMITÉ DE USUARIOS VIZCACHA, CAUCHOS CHAUPIHURAN",Licencia,Agrícola,Quebrada COLLOTA,"COMITÉ DE USUARIOS VIZCACHA, CAUCHOS CHAUPIHURAN",1984-2018 ANA-AAA.M,2018-11-28,Marañón,Pomabamba,Intercuenca Alto Marañón V,Mariscal Luzuriaga,Musga
42040,COMITÉ DE USUARIOS DE AGUA DEL RESERVORIO CHAUPIS - MASQUI,Licencia,Agrícola,Bofedal ZANJAPAMPA,COMITÉ DE USUARIOS DE AGUA DEL RESERVORIO CHAUPIS - MASQUI,1985-2018 ANA-AAA.M,2018-11-28,Marañón,Pomabamba,Intercuenca Alto Marañón V,Mariscal Luzuriaga,Lucma
42041,COMITE DE USUARIO DE AGUA UCHCU PATZA ESTRELLA DE ROMERAL,Licencia,Agrícola,Manantial UCHCOPACCHA,COMITE DE USUARIO DE AGUA UCHCU PATZA ESTRELLA DE ROMERAL,0715-2022 ANA-AAA.M,2022-08-15,Marañón,Huari,Intercuenca Alto Marañón V,Antonio Raymondi,Mirgas
42042,COMITÉ DE USUARIOS CANAL TASHTARURI - MACHAGUAYO ALTO,Licencia,Agrícola,Quebrada MACHAWAYO,COMITÉ DE USUARIOS CANAL TASHTARURI - MACHAGUAYO ALTO,2069-2018 ANA-AAA.M,2018-12-06,Marañón,Pomabamba,Intercuenca Alto Marañón V,Mariscal Luzuriaga,Llumpa
42043,COMITÉ DE USUARIOS DE AGUA MASQUIYACU,Licencia,Agrícola,Quebrada MASQUIYACU / Manantial USHGOPILANCO,COMITÉ DE USUARIOS DE AGUA MASQUIYACU,2070-2018 ANA-AAA.M,2018-12-06,Marañón,Pomabamba,Intercuenca Alto Marañón V,Mariscal Luzuriaga,Lucma
42044,COMITÉ DE USUARIOS CANAL OLIVO Y TARA,Licencia,Agrícola,Quebrada CONDOR ARMANAN,COMITÉ DE USUARIOS CANAL OLIVO Y TARA,2066-2018 ANA-AAA.M,2018-12-06,Marañón,Pomabamba,Intercuenca Alto Marañón V,Mariscal Luzuriaga,Lucma
42045,COMITÉ DE USUARIOS CANAL CÓNDOR ARMANAN HILLAURO,Licencia,Agrícola,Quebrada CONDOR ARMANAN,COMITÉ DE USUARIOS CANAL CÓNDOR ARMANAN HILLAURO,2067-2018 ANA-AAA.M,2018-12-06,Marañón,Pomabamba,Intercuenca Alto Marañón V,Mariscal Luzuriaga,Lucma
42046,COMITÉ DE USUARIOS DEL CANAL WECRUCUCHA - JATO,Licencia,Agrícola,Laguna WECRUCUCHA,COMITÉ DE USUARIOS DEL CANAL WECRUCUCHA - JATO,1982-2018 ANA-AAA.M,2018-11-28,Marañón,Pomabamba,Intercuenca Alto Marañón V,Mariscal Luzuriaga,Lucma
42047,COMITÉ DE USUARIOS CHUCLLUSH,Licencia,Agrícola,Quebrada PUCAYACU,COMITÉ DE USUARIOS CHUCLLUSH,1952-2018 ANA-AAA.M,2018-11-27,Marañón,Pomabamba,Intercuenca Alto Marañón V,Mariscal Luzuriaga,Llumpa
42048,JUNTA ADMINISTRADORA DE SERVICIOS DE SANEAMIENTO (JASS) DEL CENTRO POBLADO RURAL CALQUIBAMBA CHICO,Licencia,Poblacional,Manantial PUYAO UCRO I / Manantial PUYAO UCRO II,JUNTA ADMINISTRADORA DE SERVICIOS DE SANEAMIENTO (JASS) DEL CENTRO POBLADO RURAL CALQUIBAMBA CHICO,1914-2018 ANA-AAA.M,2018-11-26,Marañón,Pomabamba,Intercuenca Alto Marañón V,Mariscal Luzuriaga,Llumpa
42049,JUNTA ADMINISTRADORA DE SERVICIOS DE SANEAMIENTO (JASS) DEL CENTRO POBLADO RURAL SHOCA,Licencia,Poblacional,Manantial ICHICTASHTA I / Manantial ICHICTASHTA II / Manantial ICHICTASHTA III / Manantial RAGRACUCHO / Manantial POROGSA / Manantial LUCUMAGAGA / Manantial SAGORURI,JUNTA ADMINISTRADORA DE SERVICIOS DE SANEAMIENTO (JASS) DEL CENTRO POBLADO RURAL SHOCA,1913-2019 ANA-AAA.M,2018-11-26,Marañón,Pomabamba,Intercuenca Alto Marañón V,Mariscal Luzuriaga,Llumpa
42050,COMITÉ DE USUARIOS SHAYRIGIRCA,Licencia,Agrícola,Bofedal PICSAPAMPA,COMITÉ DE USUARIOS SHAYRIGIRCA,1986-2018 ANA-AAA.M,2018-11-28,Marañón,Pomabamba,Intercuenca Alto Marañón V,Mariscal Luzuriaga,Llumpa
42051,COMITÉ DE USUARIOS RESERVORIO WAJTASH,Licencia,Agrícola,Manantial ROCOTO,COMITÉ DE USUARIOS RESERVORIO WAJTASH,1987-2018 ANA-AAA.M,2018-11-28,Marañón,Pomabamba,Intercuenca Alto Marañón V,Mariscal Luzuriaga,Llumpa
42052,COMITÉ DE USUARIOS QUEBRADA MACHAWAYO,Licencia,Agrícola,Quebrada MACHAWAYO,COMITÉ DE USUARIOS QUEBRADA MACHAWAYO,1988-2018 ANA-AAA.M,2018-11-28,Marañón,Pomabamba,Intercuenca Alto Marañón V,Mariscal Luzuriaga,Llumpa
42053,COMITÉ DE USUARIOS DEL CANAL DE IRRIGACIÓN PACARAJ QUITA,Licencia,Agrícola,Manantial QUITA / Quebrada EMPRESA / Manantial WISHYAGPATAC,COMITÉ DE USUARIOS DEL CANAL DE IRRIGACIÓN PACARAJ QUITA,1989-2018 ANA-AAA.M,2018-11-28,Marañón,Pomabamba,Intercuenca Alto Marañón V,Mariscal Luzuriaga,Llumpa
42054,JUNTA ADMINISTRADORA DE SERVICIOS DE SANEAMIENTO (JASS) DEL CENTRO POBLADO RURAL LUCMABAMBA,Licencia,Poblacional,Manantial LUCIA / Manantial JATUN LUCMA,JUNTA ADMINISTRADORA DE SERVICIOS DE SANEAMIENTO (JASS) DEL CENTRO POBLADO RURAL LUCMABAMBA,1900-2018 ANA-AAA.M,2018-11-26,Marañón,Pomabamba,Intercuenca Alto Marañón V,Mariscal Luzuriaga,Llumpa
42055,JUNTA ADMINISTRADORA DE SERVICIOS DE SANEAMIENTO (JASS) DE LA LOCALIDAD DE CHINGUIL,Licencia,Poblacional,Manantial RAJO JURKUNAN,JUNTA ADMINISTRADORA DE SERVICIOS DE SANEAMIENTO (JASS) DE LA LOCALIDAD DE CHINGUIL,1899-2018 ANA-AAA.M,2018-11-26,Marañón,Pomabamba,Intercuenca Alto Marañón V,Mariscal Luzuriaga,Llumpa
42056,JUNTA ADMINISTRADORA DE LOS SERVICIOS DE SANEAMIENTO - JASS DEL CASERIO DE ACHCAY,Licencia,Poblacional,Quebrada MILLPO,JUNTA ADMINISTRADORA DE LOS SERVICIOS DE SANEAMIENTO - JASS DEL CASERIO DE ACHCAY,1898-2018 ANA-AAA.M,2018-11-26,Marañón,Pomabamba,Intercuenca Alto Marañón V,Mariscal Luzuriaga,Llumpa
42057,JUNTA ADMINISTRADORA DE SERVICIOS DE SANEAMIENTO (JASS) DEL CENTRO POBLADO RURAL QUITARACZA,Licencia,Poblacional,Manantial PACCHAC ENWUA,JUNTA ADMINISTRADORA DE SERVICIOS DE SANEAMIENTO (JASS) DEL CENTRO POBLADO RURAL QUITARACZA,1897-2018 ANA-AAA.M,2018-11-26,Marañón,Pomabamba,Intercuenca Alto Marañón V,Mariscal Luzuriaga,Llumpa
42058,JUNTA ADMINISTRADORA DE SERVICIOS DE SANEAMIENTO (JASS) DE LA LOCALIDAD DE ROCAPAMPA,Licencia,Poblacional,Manantial ROCAPAMPA / Manantial UCHKUYAKU,JUNTA ADMINISTRADORA DE SERVICIOS DE SANEAMIENTO (JASS) DE LA LOCALIDAD DE ROCAPAMPA,1916-2018 ANA-AAA.M,2018-11-26,Marañón,Pomabamba,Intercuenca Alto Marañón V,Mariscal Luzuriaga,Llumpa
42059,JUNTA ADMINISTRADORA DE SERVICIOS DE SANEAMIENTO (JASS) DE LA LOCALIDAD DE CALQUIBAMBA,Licencia,Poblacional,Manantial PAQTSA,JUNTA ADMINISTRADORA DE SERVICIOS DE SANEAMIENTO (JASS) DE LA LOCALIDAD DE CALQUIBAMBA,1915-2018 ANA-AAA.M,2018-11-26,Marañón,Pomabamba,Intercuenca Alto Marañón V,Mariscal Luzuriaga,Llumpa
42060,JUNTA ADMINISTRADORA DE SERVICIOS DE SANEAMIENTO CHAUPI CRUZ (JASS) DEL CENTRO POBLADO RURAL POCHGOJ,Licencia,Poblacional,Manantial MITUPAMPA,JUNTA ADMINISTRADORA DE SERVICIOS DE SANEAMIENTO CHAUPI CRUZ (JASS) DEL CENTRO POBLADO RURAL POCHGOJ,1906-2018 ANA-AAA.M,2018-11-26,Marañón,Pomabamba,Intercuenca Alto Marañón V,Mariscal Luzuriaga,Lucma
42061,JUNTA ADMINISTRADORA DE SERVICIOS DE SANEAMIENTO (JASS) DEL CENTRO POBLADO RURAL CARHUACASHA,Licencia,Poblacional,Manantial AYRAPAQTSA I / Manantial AYRAPAQTSA II / Manantial PUYÑUHURQUNAN I / Manantial PUYÑUHURQUNAN II,JUNTA ADMINISTRADORA DE SERVICIOS DE SANEAMIENTO (JASS) DEL CENTRO POBLADO RURAL CARHUACASHA,1905-2018 ANA-AAA.M,2018-11-26,Marañón,Pomabamba,Intercuenca Alto Marañón V,Mariscal Luzuriaga,Lucma
42062,JUNTA ADMINISTRADORA DE SERVICIOS DE SANEAMIENTO (JASS) DEL CENTRO POBLADO RURAL UTUTUPAMPA,Licencia,Poblacional,Manantial SUPIPUKU / Manantial UTUTUPAMPA,JUNTA ADMINISTRADORA DE SERVICIOS DE SANEAMIENTO (JASS) DEL CENTRO POBLADO RURAL UTUTUPAMPA,1904-2018 ANA-AAA.M,2018-11-26,Marañón,Pomabamba,Intercuenca Alto Marañón V,Mariscal Luzuriaga,Lucma
42063,JUNTA ADMINISTRADORA DE LOS SERVICIOS DE AGUA POTABLE DEL SECTOR DE SHINHUA UCRO,Licencia,Poblacional,Manantial SHINHUA UCRO I / Manantial SHINHUA UCRO II / Manantial WAYQUBAMBA,JUNTA ADMINISTRADORA DE LOS SERVICIOS DE AGUA POTABLE DEL SECTOR DE SHINHUA UCRO,1903-2018 ANA-AAA.M,2018-11-26,Marañón,Pomabamba,Intercuenca Alto Marañón V,Mariscal Luzuriaga,Casca
42064,JUNTA ADMINISTRADORA DE SERVICIOS DE SANEAMIENTO (JASS) DEL CENTRO POBLADO RURAL CHAUPIHURAN,Licencia,Poblacional,Bofedal GALLOCOCHA / Bofedal GALLOCOCHA,JUNTA ADMINISTRADORA DE SERVICIOS DE SANEAMIENTO (JASS) DEL CENTRO POBLADO RURAL CHAUPIHURAN,1902-2018 ANA-AAA.M,2018-11-26,Marañón,Pomabamba,Intercuenca Alto Marañón V,Mariscal Luzuriaga,Piscobamba
42065,JUNTA ADMINISTRADORA DE SERVICIOS DE SANEAMIENTO (JASS) DEL CENTRO POBLADO RURAL AMAPAMPA,Licencia,Poblacional,Manantial QUITA,JUNTA ADMINISTRADORA DE SERVICIOS DE SANEAMIENTO (JASS) DEL CENTRO POBLADO RURAL AMAPAMPA,1901-2018 ANA-AAA.M,2018-11-26,Marañón,Pomabamba,Intercuenca Alto Marañón V,Mariscal Luzuriaga,Llumpa
42066,COMITE DE USUARIOS CANAL CONCHOS-CUSHURU,Licencia,Agrícola,Quebrada CONCHOS,COMITE DE USUARIOS CANAL CONCHOS-CUSHURU,2115-2018 ANA-AAA.M,2018-12-11,Marañón,Pomabamba,Intercuenca Alto Marañón V,Pomabamba,Pomabamba
42067,COMITE DE USUARIOS ASHUAJ,Licencia,Agrícola,Manantial RAJRAJPAMPA I / Manantial RAJRAJPAMPA II / Manantial WUARMIRUMI I / Manantial WUARMIRUMI II,COMITE DE USUARIOS ASHUAJ,2105-2018 ANA-AAA.M,2018-12-11,Marañón,Pomabamba,Intercuenca Alto Marañón V,Pomabamba,Huayllan
42068,COMITE DE USUARIOS DEL CANAL HUAYLLANCOCHA - PUNCUBAMBA,Licencia,Agrícola,Manantial ICHICHUAYLLA I / Manantial ICHICHUAYLLA II / Manantial HATUNHUAYLLA I / Manantial HATUNHUAYLLA II / Manantial RAMACHMONTE,COMITE DE USUARIOS DEL CANAL HUAYLLANCOCHA - PUNCUBAMBA,2108-2018 ANA-AAA.M,2018-12-11,Marañón,Pomabamba,Intercuenca Alto Marañón V,Pomabamba,Huayllan
42069,COMITE DE USUARIOS DE AGUA DE HUAYLLAN,Licencia,Agrícola,Río JANCAPAMPA,COMITE DE USUARIOS DE AGUA DE HUAYLLAN,2116-2018 ANA-AAA.M,2018-12-11,Marañón,Pomabamba,Intercuenca Alto Marañón V,Pomabamba,Huayllan
42070,Comisión de Regantes Yanama,Licencia,Agrícola,Quebrada JAILEJ / Quebrada MINAS,Comisión de Regantes Yanama,0577-2022 ANA-AAA.M,2022-07-06,Marañón,Pomabamba,Intercuenca Alto Marañón V,Yungay,Yanama
42071,JUNTA ADMINISTRADORA DE SERVICIOS DE SANEAMIENTO (JASS) DEL CENTRO POBLADO DE SECCHA,Licencia,Poblacional,Manantial TAWLLI / Manantial YANA ALLPA KUCHU,JUNTA ADMINISTRADORA DE SERVICIOS DE SANEAMIENTO (JASS) DEL CENTRO POBLADO DE SECCHA,1887-2018 ANA-AAA.M,2018-11-26,Marañón,Pomabamba,Intercuenca Alto Marañón V,Mariscal Luzuriaga,Lucma
42072,COMITE DE USUARIOS DEL CANAL DE RIEGO CARHUANCOCHA PARRAL,Licencia,Agrícola,Laguna CARHUANCOCHA,COMITE DE USUARIOS DEL CANAL DE RIEGO CARHUANCOCHA PARRAL,2107-2018 ANA-AAA.M,2018-12-11,Marañón,Pomabamba,Intercuenca Alto Marañón V,Pomabamba,Huayllan
42073,Junta Administradora de Servicio de Saneamiento JASS del Centro Poblado Rural de Huancash,Licencia,Poblacional,Manantial Yurajyacu / Manantial Laurel / Quebrada Laurel,Junta Administradora de Servicio de Saneamiento JASS del Centro Poblado Rural de Huancash,1415-2024 ANA-AAA.M,2024-09-30,Marañón,Pomabamba,Intercuenca Alto Marañón V,Carlos Fermin Fitzcarrald,Yauya
42074,COMITE DE USUARIOS CANAL VILCARAJRA ATOJPAMPA,Licencia,Agrícola,Quebrada VILCARAJRA,COMITE DE USUARIOS CANAL VILCARAJRA ATOJPAMPA,2106-2018 ANA-AAA.M,2018-12-11,Marañón,Pomabamba,Intercuenca Alto Marañón V,Pomabamba,Huayllan
42075,COMITÉ DE USUARIOS SISTEMA DE RIEGO ATAPACHCA ALTO,Licencia,Agrícola,Manantial QUISHUALPUCRO / Manantial PELANCO,COMITÉ DE USUARIOS SISTEMA DE RIEGO ATAPACHCA ALTO,2102-2018 ANA-AAA.M,2018-12-11,Marañón,Pomabamba,Intercuenca Alto Marañón V,Pomabamba,Huayllan
42076,COMITE DE USUARIOS CANAL CHAMPARA - CERRO BLANCO,Licencia,Agrícola,Manantial CHAMPARÁ,COMITE DE USUARIOS CANAL CHAMPARA - CERRO BLANCO,2114-2018 ANA-AAA.M,2018-12-11,Marañón,Pomabamba,Intercuenca Alto Marañón V,Pomabamba,Pomabamba
42077,"COMITE DE USUARIOS DE AGUA SINGARAJRA, PELATARAJ - SAN PEDRO",Licencia,Agrícola,Quebrada SINGARAJRA / Manantial PELATARAJ,"COMITE DE USUARIOS DE AGUA SINGARAJRA, PELATARAJ - SAN PEDRO",2103-2018 ANA-AAA.M,2018-12-11,Marañón,Pomabamba,Intercuenca Alto Marañón V,Pomabamba,Huayllan
42078,JUNTA ADMINISTRADORA DE SERVICIOS DE SANEAMIENTO (JASS) DE LA COMUNIDAD CAMPESINA JOSE MARTIN RIO SOTERO DEL SECTOR SAN JUAN,Licencia,Poblacional,Manantial SAN JUAN / Manantial ARTIZA / Manantial MESA PAMPA,JUNTA ADMINISTRADORA DE SERVICIOS DE SANEAMIENTO (JASS) DE LA COMUNIDAD CAMPESINA JOSE MARTIN RIO SOTERO DEL SECTOR SAN JUAN,1907-2018 ANA-AAA.M,2018-11-26,Marañón,Pomabamba,Intercuenca Alto Marañón V,Pomabamba,Pomabamba
42079,JUNTA ADMINISTRADORA DE SERVICIOS DE SANEAMIENTO (JASS) DEL CENTRO POBLADO RURAL TARAPAMPA,Licencia,Poblacional,Manantial TURUNA JIRCA I / Manantial TURUNA JIRCA II / Manantial TURUNA JIRCA III,JUNTA ADMINISTRADORA DE SERVICIOS DE SANEAMIENTO (JASS) DEL CENTRO POBLADO RURAL TARAPAMPA,1924-2018 ANA-AAA.M,2018-11-27,Marañón,Pomabamba,Intercuenca Alto Marañón V,Pomabamba,Pomabamba
42080,JUNTA ADMINISTRADORA DE SERVICIOS DE SANEAMIENTO DE SAN PEDRO (JASS),Licencia,Poblacional,Manantial CUSHURU / Manantial WISHCASHRAJRA,JUNTA ADMINISTRADORA DE SERVICIOS DE SANEAMIENTO DE SAN PEDRO (JASS),1928-2018 ANA-AAA.M,2018-11-27,Marañón,Pomabamba,Intercuenca Alto Marañón V,Pomabamba,Huayllan
42081,JUNTA ADMINISTRADORA DE SERVICIOS DE SANEAMIENTO (JASS) DEL CENTRO POBLADO RURAL ALPAMAYO,Licencia,Poblacional,Manantial HUAGRO I / Manantial HUAGRO II,JUNTA ADMINISTRADORA DE SERVICIOS DE SANEAMIENTO (JASS) DEL CENTRO POBLADO RURAL ALPAMAYO,1910-2018 ANA-AAA.M,2018-11-26,Marañón,Pomabamba,Intercuenca Alto Marañón V,Pomabamba,Pomabamba
42082,COMITÉ DE USUARIOS CANAL ATAPACHCA,Licencia,Agrícola,Manantial CHAUCHARAJRA / Manantial AÑASPUCRO,COMITÉ DE USUARIOS CANAL ATAPACHCA,2104-2018 ANA-AAA.M,2018-12-11,Marañón,Pomabamba,Intercuenca Alto Marañón V,Pomabamba,Huayllan
42083,"COMITE DE USUARIOS PACHACHACA, CHINCHANCO - PAUCHOS",Licencia,Agrícola,Quebrada PACHACHACA / Manantial GAJAMAJADA,"COMITE DE USUARIOS PACHACHACA, CHINCHANCO - PAUCHOS",2113-2018 ANA-AAA.M,2018-12-11,Marañón,Pomabamba,Intercuenca Alto Marañón V,Pomabamba,Pomabamba
42084,JUNTA ADMINISTRADORA DE SERVICIOS DE SANEAMIENTO DE HUAYLLANCOCHA - PUNCUBAMBA (JASS),Licencia,Poblacional,Manantial HUAYLLANCOCHA,JUNTA ADMINISTRADORA DE SERVICIOS DE SANEAMIENTO DE HUAYLLANCOCHA - PUNCUBAMBA (JASS),1911-2018 ANA-AAA.M,2018-11-26,Marañón,Pomabamba,Intercuenca Alto Marañón V,Pomabamba,Huayllan
42085,JUNTA ADMINISTRADORA DE SERVICIOS DE SANEAMIENTO (JASS) DEL CENTRO POBLADO RURAL DE AGUTUNAJ,Licencia,Poblacional,Manantial TORERURI / Manantial RAMBRASHMONTE,JUNTA ADMINISTRADORA DE SERVICIOS DE SANEAMIENTO (JASS) DEL CENTRO POBLADO RURAL DE AGUTUNAJ,1908-2018 ANA-AAA.M,2018-11-26,Marañón,Pomabamba,Intercuenca Alto Marañón V,Pomabamba,Huayllan
42086,JUNTA ADMINISTRADORA DE SERVICIOS DE SANEAMIENTO (JASS) DEL CENTRO POBLADO RURAL JACHUNAYOC,Licencia,Poblacional,Manantial VENTANA / Manantial CEBADILLA,JUNTA ADMINISTRADORA DE SERVICIOS DE SANEAMIENTO (JASS) DEL CENTRO POBLADO RURAL JACHUNAYOC,1929-2018 ANA-AAA.M,2018-11-27,Marañón,Pomabamba,Intercuenca Alto Marañón V,Pomabamba,Pomabamba
42087,JUNTA ADMINISTRADORA DE SERVICIOS DE SANEAMIENTO (JASS) DEL CENTRO POBLADO RURAL DE ACOBAMBA,Licencia,Poblacional,Manantial ACOBAMBA,JUNTA ADMINISTRADORA DE SERVICIOS DE SANEAMIENTO (JASS) DEL CENTRO POBLADO RURAL DE ACOBAMBA,1925-2018 ANA-AAA.M,2018-11-27,Marañón,Pomabamba,Intercuenca Alto Marañón V,Pomabamba,Huayllan
42088,JUNTA ADMINISTRADORA DE SERVICIOS DE SANEAMIENTO (JASS) DEL CENTRO POBLADO RURAL COCHAPAMPA,Licencia,Poblacional,Manantial AHUILUPA YAKUN I / Manantial AHUILUPA YAKUN II / Manantial AHUILUPA YAKUN III / Manantial ICHIKRAJRAG / Manantial APALLIMAY / Manantial YACHAPAKUG,JUNTA ADMINISTRADORA DE SERVICIOS DE SANEAMIENTO (JASS) DEL CENTRO POBLADO RURAL COCHAPAMPA,1909-2018 ANA-AAA.M,2018-11-26,Marañón,Pomabamba,Intercuenca Alto Marañón V,Pomabamba,Pomabamba
42089,JUNTA ADMINISTRADORA DE SERVICIOS DE SANEAMIENTO (JASS) DEL CENTRO POBLADO RURAL DE MARAYJORGONA,Licencia,Poblacional,Manantial YURAJYACU II,JUNTA ADMINISTRADORA DE SERVICIOS DE SANEAMIENTO (JASS) DEL CENTRO POBLADO RURAL DE MARAYJORGONA,1912-2018 ANA-AAA.M,2018-11-26,Marañón,Pomabamba,Intercuenca Alto Marañón V,Pomabamba,Pomabamba
42090,JUNTA ADMINISTRADORA DE SERVICIOS DE SANEAMIENTO (JASS) DEL CENTRO POBLADO RURAL DE CERRO BLANCO,Licencia,Poblacional,Manantial MUCLLAKA I / Manantial MUCLLAKA II / Manantial GUISQUEPUCRO / Manantial CALZONRAJRA,JUNTA ADMINISTRADORA DE SERVICIOS DE SANEAMIENTO (JASS) DEL CENTRO POBLADO RURAL DE CERRO BLANCO,1931-2018 ANA-AAA.M,2018-11-27,Marañón,Pomabamba,Intercuenca Alto Marañón V,Pomabamba,Pomabamba
42091,JUNTA ADMINISTRADORA DE SERVICIOS DE SANEAMIENTO DE ATOJPAMPA JASS,Licencia,Poblacional,Quebrada ASYAJRAJRA / Quebrada JATUNRAJRA,JUNTA ADMINISTRADORA DE SERVICIOS DE SANEAMIENTO DE ATOJPAMPA JASS,1941-2018 ANA-AAA.M,,Marañón,Pomabamba,Intercuenca Alto Marañón V,Pomabamba,Huayllan
42092,JUNTA ADMINISTRADORA DE SERVICIOS DE SANEAMIENTO (JASS) DE INGENIO,Licencia,Poblacional,Manantial RIMARIMA II / Manantial RIMARIMA III / Manantial RIMARIMA IV / Manantial JALGAPAMPA / Manantial RIMARIMA I,JUNTA ADMINISTRADORA DE SERVICIOS DE SANEAMIENTO (JASS) DE INGENIO,1930-2018 ANA-AAA.M,2018-11-27,Marañón,Pomabamba,Intercuenca Alto Marañón V,Pomabamba,Huayllan
42093,JUNTA ADMINISTRADORA DE LOS SERVICIOS DE SANEAMIENTO - JASS DE LA LOCALIDAD POTRERO,Licencia,Poblacional,Manantial GAYCUMONTE / Manantial SHIHUAPUCRO,JUNTA ADMINISTRADORA DE LOS SERVICIOS DE SANEAMIENTO - JASS DE LA LOCALIDAD POTRERO,1926-2018 ANA-AAA.M,2018-11-27,Marañón,Pomabamba,Intercuenca Alto Marañón V,Pomabamba,Pomabamba
42094,JUNTA ADMINISTRADORA DE SERVICIOS DE SANEAMIENTO (JASS) DEL CENTRO POBLADO RURAL SHIULLA ALTO,Licencia,Poblacional,Manantial CUYUJ HUAYLLA,JUNTA ADMINISTRADORA DE SERVICIOS DE SANEAMIENTO (JASS) DEL CENTRO POBLADO RURAL SHIULLA ALTO,1922-2018 ANA-AAA.M,2018-11-27,Marañón,Pomabamba,Intercuenca Alto Marañón V,Pomabamba,Pomabamba
42095,JUNTA ADMINISTRADORA DE SERVICIOS DE SANEAMIENTO (JASS) DEL CENTRO POBLADO RURAL DE AMPÁ,Licencia,Poblacional,Manantial AMPA I / Manantial AMPA II / Manantial AMPA III,JUNTA ADMINISTRADORA DE SERVICIOS DE SANEAMIENTO (JASS) DEL CENTRO POBLADO RURAL DE AMPÁ,1939-2018 ANA-AAA.M,2018-11-27,Marañón,Pomabamba,Intercuenca Alto Marañón V,Pomabamba,Huayllan
42096,Junta Administradora de Servicios de Saneamiento (JASS) de la localidad de TAYÁ,Licencia,Poblacional,Manantial Sheyrimonte / Manantial Cushuru,Junta Administradora de Servicios de Saneamiento (JASS) de la localidad de TAYÁ,0770-2021 ANA-AAA.M,2021-07-27,Marañón,Pomabamba,Intercuenca Alto Marañón V,Mariscal Luzuriaga,Lucma
42097,Junta Administradora de Servicios de Saneamiento (JASS) del Centro Poblado Rural de Marco,Licencia,Poblacional,Manantial Gueru Gueru / Manantial Molinopucru,Junta Administradora de Servicios de Saneamiento (JASS) del Centro Poblado Rural de Marco,0130-2023 ANA-AAA.M,2023-02-28,Marañón,Pomabamba,Intercuenca Alto Marañón V,Pomabamba,Pomabamba
42098,Comité de Usuarios de Riego de Huayau,Licencia,Agrícola,Manantial Sejsi Pucro,Comité de Usuarios de Riego de Huayau,0812-2023 ANA-AAA.M,2023-11-01,Marañón,Pomabamba,Intercuenca Alto Marañón V,Mariscal Luzuriaga,Llumpa
42099,JUNTA ADMINISTRADORA DE SERVICIOS DE SANEAMIENTO DE HUAYLLAN ALTO (JASS),Licencia,Poblacional,Manantial HUAYLLANCOCHA / Manantial HUAYLLANJIRCA,JUNTA ADMINISTRADORA DE SERVICIOS DE SANEAMIENTO DE HUAYLLAN ALTO (JASS),1927-2018 ANA-AAA.M,2018-11-27,Marañón,Pomabamba,Intercuenca Alto Marañón V,Pomabamba,Huayllan
42100,JUNTA ADMINISTRADORA DE SERVICIOS DE SANEAMIENTO (JASS) DEL CENTRO POBLADO RURAL YEGUACORRAL,Licencia,Poblacional,Manantial BAUL,JUNTA ADMINISTRADORA DE SERVICIOS DE SANEAMIENTO (JASS) DEL CENTRO POBLADO RURAL YEGUACORRAL,1923-2018 ANA-AAA.M,2018-11-27,Marañón,Pomabamba,Intercuenca Alto Marañón V,Pomabamba,Pomabamba
42101,JUNTA ADMINISTRADORA DE SERVICIOS DE SANEAMIENTO (JASS) DEL CENTRO POBLADO DE TAULLI,Licencia,Poblacional,Manantial ASUANAPAMPA I / Manantial ASUANAPAMPA II,JUNTA ADMINISTRADORA DE SERVICIOS DE SANEAMIENTO (JASS) DEL CENTRO POBLADO DE TAULLI,1940-2018 ANA-AAA.M,2018-11-27,Marañón,Pomabamba,Intercuenca Alto Marañón V,Pomabamba,Pomabamba
42102,Junta Administradora de Servicios de Saneamiento (JASS) de la localidad de Llumpa,Licencia,Poblacional,Manantial Potrero 01 / Manantial Potrero 02 / Manantial Potrero 03 / Manantial Yanamonte,Junta Administradora de Servicios de Saneamiento (JASS) de la localidad de Llumpa,300-2019 ANA-AAA.M,2019-04-23,Marañón,Pomabamba,Intercuenca Alto Marañón V,Mariscal Luzuriaga,Llumpa
42103,"Junta Administradora de Servicios de Saneamiento (JASS), del Sector de Chacuabamba",Licencia,Poblacional,Manantial Agoshjirca 1 / Manantial Agoshjirca 2 / Manantial Agoshjirca 3 / Manantial Agoshjirca 4,"Junta Administradora de Servicios de Saneamiento (JASS), del Sector de Chacuabamba",0127-2020 ANA-AAA.M,2020-02-28,Marañón,Pomabamba,Intercuenca Alto Marañón V,Pomabamba,Pomabamba
42104,Junta Administradora de Servicios de Agua y Saneamiento JASS - CHAQUICOCHA,Licencia,Poblacional,Manantial Chaquicocha / Manantial Huaganco / Manantial Polperia,Junta Administradora de Servicios de Agua y Saneamiento JASS - CHAQUICOCHA,377-2021 ANA-AAA.M,2021-03-22,Marañón,Pomabamba,Intercuenca Alto Marañón V,Pomabamba,Pomabamba
42105,Comité de Usuarios Canal de Riego Gayco Carhuamaray Chacuabamba.,Licencia,Agrícola,Quebrada Gayco / Quebrada Alpamayo,Comité de Usuarios Canal de Riego Gayco Carhuamaray Chacuabamba.,248-2021 ANA-AAA.M,2021-02-23,Marañón,Pomabamba,Intercuenca Alto Marañón V,Pomabamba,Pomabamba
42106,Junta Administradora de Servicio de Saneamiento JASS del Centro Poblado Rural de Chacuascancha,Licencia,Poblacional,Manantial Gorgush / Manantial Yanagaga 1 / Manantial Yanagaga 2 / Manantial Yanagaga 3,Junta Administradora de Servicio de Saneamiento JASS del Centro Poblado Rural de Chacuascancha,1714-2024 ANA-AAA.M,2024-11-05,Marañón,Pomabamba,Intercuenca Alto Marañón V,Carlos Fermin Fitzcarrald,Yauya
42107,Junta Administradora de los Servicios de Saneamiento del Centro Poblado de Rumichaca,Licencia,Poblacional,Manantial Cerro Viejo,Junta Administradora de los Servicios de Saneamiento del Centro Poblado de Rumichaca,1132-2019 ANA-AAA.M,2019-09-24,Marañón,Pomabamba,Intercuenca Alto Marañón V,Mariscal Luzuriaga,Casca
42108,Comité de Usuarios Canal Quebrada de Ingenio,Licencia,Agrícola,Quebrada Ingenio,Comité de Usuarios Canal Quebrada de Ingenio,1077-2022 ANA-AAA.M,2022-12-16,Marañón,Pomabamba,Intercuenca Alto Marañón V,Mariscal Luzuriaga,Llumpa
42109,Junta Administradora de Servicios de Saneamiento (JASS) del Centro Poblado Rural Menor de Yerbabuena.,Licencia,Poblacional,Manantial Rayanpampa 1 / Manantial Rayanpampa 2,Junta Administradora de Servicios de Saneamiento (JASS) del Centro Poblado Rural Menor de Yerbabuena.,0129-2023 ANA-AAA.M,2023-02-28,Marañón,Pomabamba,Intercuenca Alto Marañón V,Carlos Fermin Fitzcarrald,San Luis
42110,Comité de Usuarios Pojyaj – Caviña Alta.,Licencia,Agrícola,Manantial Pojyaj / Manantial Pantano Pojyaj / Manantial Ticaruranan / Quebrada Melendrez,Comité de Usuarios Pojyaj – Caviña Alta.,360-2021 ANA-AAA.M,2021-03-17,Marañón,Pomabamba,Intercuenca Alto Marañón V,Mariscal Luzuriaga,Llama
42111,Comité de Usuarios Canal Chipchic,Licencia,Agrícola,Quebrada Cóndor Armanan,Comité de Usuarios Canal Chipchic,0120-2024 ANA-AAA.M,2024-02-15,Marañón,Pomabamba,Intercuenca Alto Marañón V,Mariscal Luzuriaga,Lucma
42112,COMITE DE USUARIOS DEL CANAL DE RIEGO CAPILLAPAMPA - CHAMPARA,Licencia,Agrícola,Manantial CHINCHANKU 1 / Manantial CHINCHANKU 2 / Manantial TRANCA RAJRA / Manantial BAZAMBA,COMITE DE USUARIOS DEL CANAL DE RIEGO CAPILLAPAMPA - CHAMPARA,1138-2019 ANA-AAA.M,2019-09-24,Marañón,Pomabamba,Intercuenca Alto Marañón V,Pomabamba,Huayllan
42113,Comité de Usuarios del Canal de Tutapaja Tunaspampa Chupa.,Licencia,Agrícola,Quebrada Tutapaj (Pilmaran),Comité de Usuarios del Canal de Tutapaja Tunaspampa Chupa.,0464-2021 ANA-AAA.M,2021-04-26,Marañón,Pomabamba,Intercuenca Alto Marañón V,Declarada: Marañon,Declarado: Huacrachuco
42114,Comité de Usuarios del Canal de Irrigación Pucashiraca - Jirca,Licencia,Agrícola,Quebrada COLLOTA / Quebrada LEÓN RAGRA,Comité de Usuarios del Canal de Irrigación Pucashiraca - Jirca,1974-2018 ANA-AAA.M,2018-11-27,Marañón,Pomabamba,Intercuenca Alto Marañón V,Mariscal Luzuriaga,Musga
42115,Junta Administradora de Servicio de Saneamiento - JASS del Sector Unuhuanay - Almapampa,Licencia,Poblacional,Manantial Rima Rima 1 / Manantial Rima Rima 2 / Quebrada Quenual,Junta Administradora de Servicio de Saneamiento - JASS del Sector Unuhuanay - Almapampa,0112-2024 ANA-AAA.M,2024-02-14,Marañón,Pomabamba,Intercuenca Alto Marañón V,Mariscal Luzuriaga,Piscobamba
42116,Junta Administradora de Servicios de Saneamiento (JASS) del Centro Poblado Rural JORCON,Licencia,Poblacional,Manantial Quishuar / Manantial Millpo / Manantial Hijadero,Junta Administradora de Servicios de Saneamiento (JASS) del Centro Poblado Rural JORCON,0596-2019 ANA-AAA.M,2019-07-10,Marañón,Pomabamba,Intercuenca Alto Marañón V,Pomabamba,Pomabamba
42117,JUNTA ADMINISTRADORA DE SERVICIOS DE SANEAMIENTO (JASS) DEL CENTRO POBLADO RURAL DISPENSA,Licencia,Poblacional,Manantial Jato Viejo 1 / Manantial Jato Viejo 2 / Manantial Inca Jamanan,JUNTA ADMINISTRADORA DE SERVICIOS DE SANEAMIENTO (JASS) DEL CENTRO POBLADO RURAL DISPENSA,1085-2024 ANA-AAA.M,2024-08-08,Marañón,Pomabamba,Intercuenca Alto Marañón V,Mariscal Luzuriaga,Llumpa
42118,Junta Administradora de Servicio de Saneamiento -JASS del Sector de Unuhuanay,Licencia,Poblacional,Manantial Pucayacu 3 / Manantial Pucayacu 4,Junta Administradora de Servicio de Saneamiento -JASS del Sector de Unuhuanay,0637-2024 ANA-AAA.M,2024-05-31,Marañón,Pomabamba,Intercuenca Alto Marañón V,Mariscal Luzuriaga,Piscobamba
42119,Comité de Usuarios Saucepampa,Licencia,Agrícola,Quebrada Ingenio,Comité de Usuarios Saucepampa,0784-2023 ANA-AAA.M,2023-10-24,Marañón,Pomabamba,Intercuenca Alto Marañón V,Carlos Fermin Fitzcarrald,San Luis
42120,COMITE DE USUARIOS CANAL RAJRA,Licencia,Agrícola,Quebrada SOGOTEA,COMITE DE USUARIOS CANAL RAJRA,1852-2018 ANA-AAA.M,2018-11-23,Marañón,Pomabamba,Intercuenca Alto Marañón V,Pomabamba,Pomabamba
42121,COMITE DE REGANTES YUNCAJ UNUANAY,Licencia,Agrícola,Quebrada UTUTUPAMPA,COMITE DE REGANTES YUNCAJ UNUANAY,1846-2018 ANA-AAA.M,2018-11-23,Marañón,Pomabamba,Intercuenca Alto Marañón V,Pomabamba,Pomabamba
42122,COMITE DE USUARIOS DEL SISTEMA DE RIEGO CHUYAS,Licencia,Agrícola,Quebrada BATAN / Quebrada PUKA WIJLLA,COMITE DE USUARIOS DEL SISTEMA DE RIEGO CHUYAS,1845-2018 ANA-AAA.M,2018-11-23,Marañón,Pomabamba,Intercuenca Alto Marañón V,Pomabamba,Pomabamba
42123,Comité de Usuarios Inquillay - Pacosbamba,Licencia,Agrícola,Manantial INQUILLAY,Comité de Usuarios Inquillay - Pacosbamba,2072-2018 ANA-AAA.M,2018-12-06,Marañón,Pomabamba,Intercuenca Alto Marañón V,Mariscal Luzuriaga,Musga
42124,Comité de Usuarios Canal de Riego Caviña Baja,Licencia,Agrícola,Quebrada HIGOS RAJRA,Comité de Usuarios Canal de Riego Caviña Baja,1972-2018 ANA-AAA.M,2018-11-27,Marañón,Pomabamba,Intercuenca Alto Marañón V,Mariscal Luzuriaga,Llama
42125,Comité de Usuarios Canal Shinhua,Licencia,Agrícola,Quebrada SHINHUA,Comité de Usuarios Canal Shinhua,1973-2018 ANA-AAA.M,2018-11-27,Marañón,Pomabamba,Intercuenca Alto Marañón V,Mariscal Luzuriaga,Casca
42126,"COMITÉ DE USUARIOS DE AGUA DE LOS SECTORES: TAURIBAMBA, GUECHGAS Y PUMACUCHO",Licencia,Agrícola,Río JANCAPAMPA,"COMITÉ DE USUARIOS DE AGUA DE LOS SECTORES: TAURIBAMBA, GUECHGAS Y PUMACUCHO",1847-2018 ANA-AAA.M,2018-11-23,Marañón,Pomabamba,Intercuenca Alto Marañón V,Pomabamba,Pomabamba
42127,"COMITE DE USUARIOS CHUYAS HUAYCHO LATERAL 03, 04, 05 , 06 SECTOR COMUNPAMPA",Licencia,Agrícola,Río JANCAPAMPA,"COMITE DE USUARIOS CHUYAS HUAYCHO LATERAL 03, 04, 05 , 06 SECTOR COMUNPAMPA",1848-2018 ANA-AAA.M,2018-11-23,Marañón,Pomabamba,Intercuenca Alto Marañón V,Pomabamba,Pomabamba
42128,COMITE DE USUARIOS DEL SISTEMA DE RIEGO HUAYLLA TARAPAMPA,Licencia,Agrícola,Quebrada HUANUCO / Quebrada HUALLA TARAPAMPA,COMITE DE USUARIOS DEL SISTEMA DE RIEGO HUAYLLA TARAPAMPA,1849-2018 ANA-AAA.M,2018-11-23,Marañón,Pomabamba,Intercuenca Alto Marañón V,Pomabamba,Pomabamba
42129,COMITÉ DE USUARIOS DEL CANAL DE IRRIGACION CHUYAS-HUAYCHO SECTOR ANGASCANCHA,Licencia,Agrícola,Río JANCAPAMPA,COMITÉ DE USUARIOS DEL CANAL DE IRRIGACION CHUYAS-HUAYCHO SECTOR ANGASCANCHA,1850-2018 ANA-AAA.M,2018-11-23,Marañón,Pomabamba,Intercuenca Alto Marañón V,Pomabamba,Pomabamba
42130,COMITE DE REGANTES PARARA,Licencia,Agrícola,Río JANCAPAMPA,COMITE DE REGANTES PARARA,1851-2018 ANA-AAA.M,2018-11-23,Marañón,Pomabamba,Intercuenca Alto Marañón V,Pomabamba,Pomabamba
42131,COMITE DE REGANTES SHUILLA-RAJRAJ,Licencia,Agrícola,Quebrada RAJRAJ DEL CASERIO DE SHIULLA,COMITE DE REGANTES SHUILLA-RAJRAJ,1843-2018 ANA-AAA.M,2018-11-23,Marañón,Pomabamba,Intercuenca Alto Marañón V,Pomabamba,Pomabamba
42132,COMITE DE USUARIOS DE AGUA GUELLA - HUAYLLARAGRA - LLAMELLIN- COTO,Licencia,Agrícola,Quebrada HUEYLLARAGRA / Quebrada QUEULLARAGRA,COMITE DE USUARIOS DE AGUA GUELLA - HUAYLLARAGRA - LLAMELLIN- COTO,0085-2020 ANA-AAA.M,2020-02-06,Marañón,Huari,Intercuenca Alto Marañón V,Antonio Raymondi,Llamellin
42133,COMITE DE USUARIO DE AGUA SANTO TORIBIO,Licencia,Agrícola,Manantial SANTO TORIBIO / Manantial CAPILLARAGRA TARACOCHA,COMITE DE USUARIO DE AGUA SANTO TORIBIO,0388-2024 ANA-AAA.M,2024-04-15,Marañón,Huari,Intercuenca Alto Marañón V,Antonio Raymondi,Llamellin
42134,"COMITE DE USUARIO DE AGUA PURHUA MONTE, POYOTUNA Y HUANCAR, CASERIO DE SAN MIGUEL DE QUITAPAMPA",Licencia,Agrícola,Filtración PURHUA MONTE / Filtración POYOTUNA / Filtración HUANCAR,"COMITE DE USUARIO DE AGUA PURHUA MONTE, POYOTUNA Y HUANCAR, CASERIO DE SAN MIGUEL DE QUITAPAMPA",0573-2022 ANA-AAA.M,2022-07-07,Marañón,Huari,Intercuenca Alto Marañón V,Antonio Raymondi,Llamellin
42135,JUNTA ADMINISTRADORA DE SERVICIO DE SANEAMIENTO DEL CENTRO POBLADO DE CUSHIN,Licencia,Poblacional,Manantial SHILLCA UCRO / Manantial QUITA UCRO,JUNTA ADMINISTRADORA DE SERVICIO DE SANEAMIENTO DEL CENTRO POBLADO DE CUSHIN,1653-2024 ANA-AAA.M,2024-10-24,Marañón,Huari,Intercuenca Alto Marañón V,Huari,Huari
42136,JASS CENTRO POBLADO DE HUARIPAMPA CENTRO,Licencia,Poblacional,Manantial KULAPA RAGRA,JASS CENTRO POBLADO DE HUARIPAMPA CENTRO,1272-2018 ANA-AAA.M,2018-09-20,Marañón,Huari,Intercuenca Alto Marañón V,Huari,San Marcos
42137,COMITE DE USUARIOS DE AGUA  APOCRO CHARCAN,Licencia,Agrícola,Manantial KITAGAG PASHTAG,COMITE DE USUARIOS DE AGUA  APOCRO CHARCAN,1642-2024 ANA-AAA.M,2024-10-23,Marañón,Huari,Intercuenca Alto Marañón V,Huari,Rahuapampa
42138,JUNTA ADMINISTRADORA DE SERVICIOS DE SANEAMINETO (JASS) DE LA COMUNIDAD DE ULTUPUQUIO,Licencia,Poblacional,Manantial POGPOGÝA,JUNTA ADMINISTRADORA DE SERVICIOS DE SANEAMINETO (JASS) DE LA COMUNIDAD DE ULTUPUQUIO,0633-2024 ANA-AAA.M,2024-05-31,Marañón,Huari,Intercuenca Alto Marañón V,Antonio Raymondi,San Juan De Rontoy
42139,JUNTA ADMINISTRADORA DE SERVICIOS DE SANEAMIENTO DEL CENTRO POBLADO DE MOSNA DEL SECTOR RAYANPATAC,Licencia,Poblacional,Manantial ICHIC WAYI 1 / Manantial ICHIC WAYI 2 / Manantial RAYAN PUQUIO,JUNTA ADMINISTRADORA DE SERVICIOS DE SANEAMIENTO DEL CENTRO POBLADO DE MOSNA DEL SECTOR RAYANPATAC,0495-2020 ANA-AAA.M,2020-08-19,Marañón,Huari,Intercuenca Alto Marañón V,Huari,San Marcos
42140,JUNTA ADMINISTRADORA DE SERVICIOS DE AGUA Y SANEAMIENTO DEL SECTOR DE CUTA,Licencia,Poblacional,Manantial PUCAYAKU / Manantial YURAC RUMI,JUNTA ADMINISTRADORA DE SERVICIOS DE AGUA Y SANEAMIENTO DEL SECTOR DE CUTA,0174-2020 ANA-AAA.M,2020-03-04,Marañón,Huari,Intercuenca Alto Marañón V,Huari,San Marcos
42141,JUNTA ADMINISTRADORA DE SERVICIOS DE SANEAMIENTO DEL SECTOR DE HUARUBAMBA DEL PUEBLO DE HUAYTUNA,Licencia,Poblacional,Quebrada POTRERO RAGRA,JUNTA ADMINISTRADORA DE SERVICIOS DE SANEAMIENTO DEL SECTOR DE HUARUBAMBA DEL PUEBLO DE HUAYTUNA,283-2021 ANA-AAA.M,2021-02-23,Marañón,Huari,Intercuenca Alto Marañón V,Huari,Masin
42142,COMITE DE USUARIOS DE AGUA ALLPASH LLACSHAPAMPA,Licencia,Agrícola,Manantial QUITA / Manantial MANCACUANA / Manantial YAWARMACHAY,COMITE DE USUARIOS DE AGUA ALLPASH LLACSHAPAMPA,0839-2022 ANA-AAA.M,2022-10-10,Marañón,Huari,Intercuenca Alto Marañón V,Antonio Raymondi,Aczo
42143,COMITÉ DE USUARIOS DE AGUA PUCOS RECCHAS,Licencia,Agrícola,Manantial PUCOS,COMITÉ DE USUARIOS DE AGUA PUCOS RECCHAS,003-2020 ANA-AAA.M,2019-01-08,Marañón,Huari,Intercuenca Alto Marañón V,Huari,Uco
42144,COMITE DE USUARIOS DE AGUA HUACHANAN- RESERVORIO YUNGUILLA TERMOPILAS,Licencia,Agrícola,Quebrada Huachanan,COMITE DE USUARIOS DE AGUA HUACHANAN- RESERVORIO YUNGUILLA TERMOPILAS,1329-2018 ANA-AAA.M,2018-09-25,Marañón,Huari,Intercuenca Alto Marañón V,Huari,Ponto
42145,Comité de Usuarios de Agua Huachanan - Wiscurwain Yunguilla,Licencia,Agrícola,Quebrada Huachanan,Comité de Usuarios de Agua Huachanan - Wiscurwain Yunguilla,1314-2018 ANA-AAA.M,2018-09-24,Marañón,Huari,Intercuenca Alto Marañón V,Huari,Ponto
42146,Comité de Usuarios de Agua San Jeronimo - Jarachacra,Licencia,Agrícola,Río San Jeronimo,Comité de Usuarios de Agua San Jeronimo - Jarachacra,1334-2018 ANA-AAA.M,2018-09-25,Marañón,Huari,Intercuenca Alto Marañón V,Huari,Huacachi
42147,Comité de Usuarios de Agua Tocana,Licencia,Agrícola,Quebrada Tocana,Comité de Usuarios de Agua Tocana,1338-2018 ANA-AAA.M,2018-09-26,Marañón,Huari,Intercuenca Alto Marañón V,Huari,Huacachi
42148,Comité de Usuarios de Agua San Jeronimo - Huanhuash - Chinchi,Licencia,Agrícola,Río San Jeronimo,Comité de Usuarios de Agua San Jeronimo - Huanhuash - Chinchi,1290-2018 ANA-AAA.M,2018-09-21,Marañón,Huari,Intercuenca Alto Marañón V,Huari,Huacachi
42149,Comité de Usuarios de Agua San Jeronimo - Alguragra,Licencia,Agrícola,Río San Jeronimo,Comité de Usuarios de Agua San Jeronimo - Alguragra,1322-2018 ANA-AAA.M,2018-09-25,Marañón,Huari,Intercuenca Alto Marañón V,Huari,Huacachi
42150,Comité de Usuarios de Agua Yarush - Pumahuain,Licencia,Agrícola,Quebrada Yarush,Comité de Usuarios de Agua Yarush - Pumahuain,1315-2018 ANA-AAA.M,2018-09-25,Marañón,Huari,Intercuenca Alto Marañón V,Huari,Huacachi
42151,Comité de Usuarios de Agua San Jeronimo - Vioc,Licencia,Agrícola,Río San Jeronimo / Manantial Vioc,Comité de Usuarios de Agua San Jeronimo - Vioc,1339-2018 ANA-AAA.M,2018-09-26,Marañón,Huari,Intercuenca Alto Marañón V,Huari,Huacachi
42152,Comité de Usuarios de Agua San Jeronimo - Toma Pupush,Licencia,Agrícola,Río San Jeronimo,Comité de Usuarios de Agua San Jeronimo - Toma Pupush,1326-2018 ANA-AAA.M,2018-09-25,Marañón,Huari,Intercuenca Alto Marañón V,Huari,Huacachi
42153,Comité de Usuarios de Agua San Jeronimo - Tinco - Chupa,Licencia,Agrícola,Río San Jeronimo,Comité de Usuarios de Agua San Jeronimo - Tinco - Chupa,1289-2018 ANA-AAA.M,2018-09-21,Marañón,Huari,Intercuenca Alto Marañón V,Huari,Huacachi
42154,Comite de Usuario de Agua Riachuelo - Huachis Bajo,Licencia,Agrícola,Quebrada Riachuelo - Huachis Bajo,Comite de Usuario de Agua Riachuelo - Huachis Bajo,1327-2018 ANA-AAA.M,2018-09-25,Marañón,Huari,Intercuenca Alto Marañón V,Huari,Huachis
42155,Comité de Usuarios de Agua San Jeronimo - Ogupampa Meza Rumi,Licencia,Agrícola,Río San Jeronimo,Comité de Usuarios de Agua San Jeronimo - Ogupampa Meza Rumi,1288-2018 ANA-AAA.M,2018-09-21,Marañón,Huari,Intercuenca Alto Marañón V,Huari,Huacachi
42156,JUNTA ADMINISTRADORA DE SERVICIOS DE SANEAMIENTO DEL CENTRO POBLADO RURAL DE POYOYOC,Licencia,Poblacional,Manantial COLCABAMBA,JUNTA ADMINISTRADORA DE SERVICIOS DE SANEAMIENTO DEL CENTRO POBLADO RURAL DE POYOYOC,559-2020 ANA-AAA.M,2020-09-11,Marañón,Huari,Intercuenca Alto Marañón V,Huari,Huari
42157,JASS CERCADO DE AMPAS,Licencia,Poblacional,Manantial CHINCHANGO I / Manantial CHINCHANGO II,JASS CERCADO DE AMPAS,1269-2018 ANA-AAA.M,2018-09-20,Marañón,Huari,Intercuenca Alto Marañón V,Huari,Huari
42158,JASS DE LA LOCALIDAD DE ANTAPACCHA,Licencia,Poblacional,Manantial CHAMPARA ANTAPACCHA,JASS DE LA LOCALIDAD DE ANTAPACCHA,1296-2018 ANA-AAA.M,2018-09-24,Marañón,Huari,Intercuenca Alto Marañón V,Huari,Huari
42159,JASS DEL CENTRO POBLADO RURAL DE COLCAS,Licencia,Poblacional,Manantial CHALLHUAYACU / Manantial URPAYPUKIU / Manantial KISHUARPUKIU / Manantial PUMACANCHA / Manantial ERAPAMPA / Manantial UÑUPUKIU,JASS DEL CENTRO POBLADO RURAL DE COLCAS,1312-2018 ANA-AAA.M,2018-09-24,Marañón,Huari,Intercuenca Alto Marañón V,Huari,Huari
42160,Comité de Usuarios de Agua Colca,Licencia,Agrícola,Río Colca,Comité de Usuarios de Agua Colca,1330-2018 ANA-AAA.M,2018-09-25,Marañón,Huari,Intercuenca Alto Marañón V,Huari,Ponto
42161,Comité de Usuarios de Agua Quitacocha,Licencia,Agrícola,Quebrada Quitacocha,Comité de Usuarios de Agua Quitacocha,1319-2018 ANA-AAA.M,2018-09-25,Marañón,Huari,Intercuenca Alto Marañón V,Huari,Ponto
42162,COMITE DE USUARIOS DE AGUA SHEQUE BAJO-CULLUMACHAY,Licencia,Agrícola,Manantial PASHTAG-PUQUIO,COMITE DE USUARIOS DE AGUA SHEQUE BAJO-CULLUMACHAY,0591-2022 ANA-AAA.M,2022-07-14,Marañón,Huari,Intercuenca Alto Marañón V,Huari,Huari
42163,"JUNTA ADMINISTRADORA DE SERVICIOS DE SANEAMIENTO (JASS), DEL CASERIO RURAL DE BUENOS AIRES - PICHKARAQUI",Licencia,Poblacional,Puquio ÑAWIN PUQUIO,"JUNTA ADMINISTRADORA DE SERVICIOS DE SANEAMIENTO (JASS), DEL CASERIO RURAL DE BUENOS AIRES - PICHKARAQUI",0568-2022 ANA-AAA.M,2022-07-07,Marañón,Huari,Intercuenca Alto Marañón V,Huari,Huari
42164,COMITE DE USUARIOS DE AGUA CHUQUIBAMBA,Licencia,Agrícola,Manantial JATUN RAGRA,COMITE DE USUARIOS DE AGUA CHUQUIBAMBA,1236-2019 ANA-AAA.M,2019-10-17,Marañón,Huari,Intercuenca Alto Marañón V,Huari,Masin
42165,"JUNTA ADMINISTRADORA DE SERVICIOS DE AGUA Y SANEAMIENTO (JASS) DEL CENTRO POBLADO DE RANCAS, CASERIO DE MILLUISH",Licencia,Poblacional,Manantial ULLPIRAGRA,"JUNTA ADMINISTRADORA DE SERVICIOS DE AGUA Y SANEAMIENTO (JASS) DEL CENTRO POBLADO DE RANCAS, CASERIO DE MILLUISH",809-2019 ANA-AAA.M,2019-08-20,Marañón,Huari,Intercuenca Alto Marañón V,Huari,San Marcos
42166,COMITE DE USUARIOS DE AGUA PUKA BADO - SHIRAPATA,Licencia,Agrícola,Quebrada PUKA BADO,COMITE DE USUARIOS DE AGUA PUKA BADO - SHIRAPATA,1935-2024 ANA-AAA.M,2024-12-12,Marañón,Huari,Intercuenca Alto Marañón V,Huari,Chavin De Huantar
42167,"JUNTA ADMINISTRADORA DE SERVICIOS DE SANEAMIENTO (JASS), DEL CASERIO DE VISTA ALEGRE",Licencia,Poblacional,Manantial SHIRACAPAMPA,"JUNTA ADMINISTRADORA DE SERVICIOS DE SANEAMIENTO (JASS), DEL CASERIO DE VISTA ALEGRE",0426-2023 ANA-AAA.M,2023-06-05,Marañón,Huari,Intercuenca Alto Marañón V,Huari,San Marcos
42168,JUNTA ADMINISTRADORA DE SERVICIOS DE SANEAMIENTO - JASS DEL CASERIO DE NUNUPATA,Licencia,Poblacional,Manantial HUANCA HUACTAN / Manantial RACRI ESTANQUE,JUNTA ADMINISTRADORA DE SERVICIOS DE SANEAMIENTO - JASS DEL CASERIO DE NUNUPATA,0499-2025 ANA-AAA.M,2025-04-22,Marañón,Huari,Intercuenca Alto Marañón V,Huari,Chavin De Huantar
42169,COMITE DE USUARIO DE AGUA TSURMAJANAN ESTANCO PALTAGAGA,Licencia,Agrícola,Manantial TSURMAJANAN / Manantial ESTANCO / Manantial PALTAGAGA,COMITE DE USUARIO DE AGUA TSURMAJANAN ESTANCO PALTAGAGA,0863-2022 ANA-AAA.M,2022-10-10,Marañón,Huari,Intercuenca Alto Marañón V,Huari,San Marcos
42170,COMITE DE USUARIOS DE AGUA RIACHUELO - HUACHIS BAJO,Licencia,Agrícola,Riachuelo HUACHIS BAJO,COMITE DE USUARIOS DE AGUA RIACHUELO - HUACHIS BAJO,0883-2024 ANA-AAA.M,2024-07-10,Marañón,Huari,Intercuenca Alto Marañón V,Huari,Huachis
42171,JUNTA ADMINISTRADORA DE SERVICIOS DE SANEAMIENTO (JASS) MALLAS ALTO,Licencia,Poblacional,Filtración PAGCHA OCOBAMBA / Quebrada ATASH MUCASH,JUNTA ADMINISTRADORA DE SERVICIOS DE SANEAMIENTO (JASS) MALLAS ALTO,0571-2022 ANA-AAA.M,2022-07-07,Marañón,Huari,Intercuenca Alto Marañón V,Huari,Huari
42172,COMITE DE USUARIOS DE AGUA ANCASCOCHA,Licencia,Agrícola,Filtración ANCASCOCHA / Filtración PACCHARAGRA,COMITE DE USUARIOS DE AGUA ANCASCOCHA,0570-2022 ANA-AAA.M,2022-07-07,Marañón,Huari,Intercuenca Alto Marañón V,Antonio Raymondi,Llamellin
42173,"JUNTA ADMINISTRADORA DE SERVICIOS DE SANEAMIENTO (JASS), DEL CASERIO DE SAN BOSE DE VISTA ALEGRE",Licencia,Poblacional,Filtración MILLISH PASHTAG 1 / Filtración MILLISH PASHTAG 2 / Filtración MILLISH PASHTAG 3 / Filtración LILIA / Filtración HIERBA SANTA,"JUNTA ADMINISTRADORA DE SERVICIOS DE SANEAMIENTO (JASS), DEL CASERIO DE SAN BOSE DE VISTA ALEGRE",0574-2022 ANA-AAA.M,2022-07-07,Marañón,Huari,Intercuenca Alto Marañón V,Antonio Raymondi,Aczo
42174,JUNTA ADMINISTRADORA DE SERVICIOS DE SANEAMIENTO DE LA LOCALIDAD DE CHOCOPAMPA,Licencia,Poblacional,Manantial CHOCOPAMPA,JUNTA ADMINISTRADORA DE SERVICIOS DE SANEAMIENTO DE LA LOCALIDAD DE CHOCOPAMPA,0004-2020 ANA-AAA.M,2020-01-08,Marañón,Huari,Intercuenca Alto Marañón V,Huari,Huachis
42175,COMITE DE USUARIOS DE AGUA URANCHACRA ALTO,Licencia,Agrícola,Manantial CHUCHUQUITA / Manantial MAREYOC QUITA,COMITE DE USUARIOS DE AGUA URANCHACRA ALTO,0514-2024 ANA-AAA.M,,Marañón,Huari,Intercuenca Alto Marañón V,Huari,Huantar
42176,Comité de Usuarios de Agua Toma Pathsyn Río Carash - San Marcos,Licencia,Agrícola,Río Carash,Comité de Usuarios de Agua Toma Pathsyn Río Carash - San Marcos,1337-2018 ANA-AAA.M,2018-09-26,Marañón,Huari,Intercuenca Alto Marañón V,Huari,San Marcos
42177,Comite de Usuarios de Agua Vilcabamba,Licencia,Agrícola,Quebrada Callac - Chaquicocha / Manantial Chacamonte,Comite de Usuarios de Agua Vilcabamba,1360-2018 ANA.AAA.M,2018-09-28,Marañón,Huari,Intercuenca Alto Marañón V,Huari,Chavin De Huantar
42178,Comite de Usuarios de Agua Huachecza Bajo,Licencia,Agrícola,Río Huachecza,Comite de Usuarios de Agua Huachecza Bajo,1287-2018 ANA-AAA.M,2018-09-21,Marañón,Huari,Intercuenca Alto Marañón V,Huari,Chavin De Huantar
42179,Comité de Usuarios de Agua Reparin - Paquej,Licencia,Agrícola,Laguna Reparin / Quebrada Paquej,Comité de Usuarios de Agua Reparin - Paquej,1362-2018 ANA-AAA.M,2018-09-28,Marañón,Huari,Intercuenca Alto Marañón V,Huari,Cajay
42180,JUNTA ADMINISTRADORA DE SERVICIOS DE SANEAMIENTO DEL CENTRO POBLADO RURAL DE OCSHAROTUNAN,Licencia,Poblacional,Manantial BERROS PUQUIO,JUNTA ADMINISTRADORA DE SERVICIOS DE SANEAMIENTO DEL CENTRO POBLADO RURAL DE OCSHAROTUNAN,0882-2021 ANA-AAA.M,2021-09-10,Marañón,Huari,Intercuenca Alto Marañón V,Huari,Huari
42181,JUNTA ADMINISTRADORA DE SERVICIOS DE SANEAMIENTO DEL CENTRO POBLADO RURAL DE LLACTU,Licencia,Poblacional,Manantial ATZIKYARAG I,JUNTA ADMINISTRADORA DE SERVICIOS DE SANEAMIENTO DEL CENTRO POBLADO RURAL DE LLACTU,1320-2019 ANA-AAA.M,2019-11-06,Marañón,Huari,Intercuenca Alto Marañón V,Huari,Huari
42182,"JUNTA ADMINISTRADORA DE SERVICIOS DE SANEAMIENTO (JASS), DEL CENTRO POBLADO RURAL DE LUCMA",Licencia,Poblacional,Manantial PALLAPUQUIO,"JUNTA ADMINISTRADORA DE SERVICIOS DE SANEAMIENTO (JASS), DEL CENTRO POBLADO RURAL DE LUCMA",0660-2022 ANA-AAA.M,2022-08-03,Marañón,Huari,Intercuenca Alto Marañón V,Huari,Uco
42183,JUNTA ADMINISTRADORA DE SERVICIOS DE SANEAMIENTO DEL BARRIO CHACUAYONGA,Licencia,Poblacional,Manantial LUCMA,JUNTA ADMINISTRADORA DE SERVICIOS DE SANEAMIENTO DEL BARRIO CHACUAYONGA,0513-2020 ANA-AAA.M,2020-08-19,Marañón,Huari,Intercuenca Alto Marañón V,Huari,San Marcos
42184,JUNTA ADMINISTRADORA DE SERVICIOS DE SANEAMIENTO DE LA LOCALIDAD DE CHOCORAGRA,Licencia,Poblacional,Manantial QUISHUAR / Manantial CHOCORAGRA,JUNTA ADMINISTRADORA DE SERVICIOS DE SANEAMIENTO DE LA LOCALIDAD DE CHOCORAGRA,1536-2019 ANA-AAA.M,2019-12-26,Marañón,Huari,Intercuenca Alto Marañón V,Huari,Huachis
42185,JUNTA ADMINISTRADORA DE SERVICIOS Y SANEAMIENTO - JASS DE LA LOCALIDAD DE CAMBIO 90 DEL CENTRO POBLADO DE AYASH,Licencia,Poblacional,Manantial PACHAN PUKIO / Manantial SEJSI PUKIO,JUNTA ADMINISTRADORA DE SERVICIOS Y SANEAMIENTO - JASS DE LA LOCALIDAD DE CAMBIO 90 DEL CENTRO POBLADO DE AYASH,0005-2020 ANA-AAA.M,2020-01-08,Marañón,Huari,Intercuenca Alto Marañón V,Huari,Huachis
42186,"JUNTA ADMINISTRADORA DE SERVICIOS DE SANEAMIENTO (JASS), DEL CENTRO POBLADO DE CHAHUARCON SECTOR MULLIPAMPA",Licencia,Poblacional,Manantial MULLIPAMPA,"JUNTA ADMINISTRADORA DE SERVICIOS DE SANEAMIENTO (JASS), DEL CENTRO POBLADO DE CHAHUARCON SECTOR MULLIPAMPA",0721-2022 ANA-AAA.M,2022-08-15,Marañón,Huari,Intercuenca Alto Marañón V,Antonio Raymondi,Chingas
42187,COMITÉ DE USUARIOS DE AGUA CHUYO,Licencia,Agrícola,Quebrada HUAMANHUAY,COMITÉ DE USUARIOS DE AGUA CHUYO,1278-2018 ANA-AAA.M,2018-09-21,Marañón,Huari,Intercuenca Alto Marañón V,Huari,San Marcos
42188,COMITÉ DE USUARIOS DE AGUA NUEVA ESPERANZA CHUYO ALTO,Licencia,Agrícola,Quebrada PATZIN,COMITÉ DE USUARIOS DE AGUA NUEVA ESPERANZA CHUYO ALTO,1277-2018 ANA-AAA.M,2018-09-21,Marañón,Huari,Intercuenca Alto Marañón V,Huari,San Marcos
42189,Comité de Regantes Chinchas,Licencia,Agrícola,Manantial Pumamonte / Manantial Zoila / Manantial Quitaragra / Manantial Huaracuy / Manantial Matzaragra / Manantial Ñawinpuquio,Comité de Regantes Chinchas,1279-2018 ANA-AAA.M,2018-09-21,Marañón,Huari,Intercuenca Alto Marañón V,Huari,Cajay
42190,Comunidad Campesina San Bartolome de Acopalca - Bloque de Riego Agupallga,Licencia,Agrícola,Manantial BANDERAYACU,Comunidad Campesina San Bartolome de Acopalca - Bloque de Riego Agupallga,1282-2018 ANA-AAA.M,2018-09-21,Marañón,Huari,Intercuenca Alto Marañón V,Huari,Huari
42191,COMITE DE REGANTES DEL CANAL MARIA JIRAY,Licencia,Agrícola,Río JACABAMBA,COMITE DE REGANTES DEL CANAL MARIA JIRAY,2133-2018 ANA-AAA.M,2018-12-14,Marañón,Huari,Intercuenca Alto Marañón V,Huari,Huari
42192,Comite de Regantes Sector Canchapata,Licencia,Agrícola,Quebrada Yanquish,Comite de Regantes Sector Canchapata,1335-2018 ANA-AAA.M,2018-09-25,Marañón,Huari,Intercuenca Alto Marañón V,Huari,Rahuapampa
42193,Comité de Usuarios de Agua Cardonal - Masin,Licencia,Agrícola,Quebrada Cardonal - Masin / Quebrada Cardonal - Masin / Quebrada Cardonal - Masin / Quebrada Cardonal - Masin / Quebrada Cardonal - Masin,Comité de Usuarios de Agua Cardonal - Masin,1347-2018 ANA-AAA.M,2018-09-26,Marañón,Huari,Intercuenca Alto Marañón V,Huari,Masin
42194,Comité de Regantes Parte Alto y Bajo Distrito de Anra,Licencia,Agrícola,Quebrada Zhacasamonte / Quebrada Zhacasamonte,Comité de Regantes Parte Alto y Bajo Distrito de Anra,1336-2018 ANA-AAA.M,2018-09-25,Marañón,Huari,Intercuenca Alto Marañón V,Huari,Anra
42195,Comite de Usuarios Rahuapampa,Licencia,Agrícola,Quebrada Capillaragara,Comite de Usuarios Rahuapampa,1340-2018 ANA-AAA.M,2018-09-26,Marañón,Huari,Intercuenca Alto Marañón V,Huari,Rahuapampa
42196,Comite de Usuarios de Agua Uchco Riachuelo,Licencia,Agrícola,Manantial Uchco Riachuelo,Comite de Usuarios de Agua Uchco Riachuelo,1328-2018 ANA-AAA.M,2018-09-25,Marañón,Huari,Intercuenca Alto Marañón V,Huari,Huacachi
42197,COMITE DE USUARIOS DE AGUA TUCUHUAGANAN - CHOCCHOCOCHA,Licencia,Agrícola,Quebrada TUCUHUAGANAN / Quebrada CHOCCHOCOCHA,COMITE DE USUARIOS DE AGUA TUCUHUAGANAN - CHOCCHOCOCHA,1045-2019 ANA-AAA.M,2019-09-16,Marañón,Huari,Intercuenca Alto Marañón V,Huari,Uco
42198,"JUNTA ADMINISTRADORA DE SERVICIOS DE SANEAMIENTO (JASS), DEL CENTRO POBLADO DE CATAYOC,DISTRITO DE CHAVIN DE HUANTAR, PROVINCIA DE HUARI-ANCASH",Licencia,Poblacional,Manantial URURUPA / Manantial ANTIVO QUITA / Manantial CASACANCHA,"JUNTA ADMINISTRADORA DE SERVICIOS DE SANEAMIENTO (JASS), DEL CENTRO POBLADO DE CATAYOC,DISTRITO DE CHAVIN DE HUANTAR, PROVINCIA DE HUARI-ANCASH",0639-2022 ANA-AAA.M,2022-07-21,Marañón,Huari,Intercuenca Alto Marañón V,Huari,Chavin De Huantar
42199,COMITE DE USUARIOS DE AGUA QUEBRADA SHONGURAGRA-COLLOTA ALTO,Licencia,Agrícola,Puquio RACCO,COMITE DE USUARIOS DE AGUA QUEBRADA SHONGURAGRA-COLLOTA ALTO,0457-2021 ANA-AAA.M,2021-04-26,Marañón,Huari,Intercuenca Alto Marañón V,Huari,Cajay
42200,Comité de Regantes San Jorge,Licencia,Agrícola,Quebrada San Jorge,Comité de Regantes San Jorge,1331-2018 ANA-AAA.M,2018-09-25,Marañón,Huari,Intercuenca Alto Marañón V,Huari,Ponto
42201,Comite de Regantes Sub - Sector San Cristobal de Chupan - Huancayo,Licencia,Agrícola,Manantial Apocro / Manantial Ucash,Comite de Regantes Sub - Sector San Cristobal de Chupan - Huancayo,1332-2018 ANA-AAA.M,2018-09-25,Marañón,Huari,Intercuenca Alto Marañón V,Huari,Huachis
42202,Comite de Usuarios Regantes Capillapampa,Licencia,Agrícola,Quebrada Capillaragara,Comite de Usuarios Regantes Capillapampa,1361-2018 ANA-AAA.M,2018-09-28,Marañón,Huari,Intercuenca Alto Marañón V,Huari,Huachis
42203,Comite de Regantes del Caserío de Canchas - Chupán,Licencia,Agrícola,Quebrada Capillaragara,Comite de Regantes del Caserío de Canchas - Chupán,1348-2018 ANA-AAA.M,2018-09-26,Marañón,Huari,Intercuenca Alto Marañón V,Huari,Huachis
42204,JASS DEL CENTRO POBLADO RURAL DE USHNO,Licencia,Poblacional,Manantial POZO RAGRA / Manantial TRANCA / Manantial CARBON MINA,JASS DEL CENTRO POBLADO RURAL DE USHNO,1263-2018 ANA-AAA.M,2018-09-20,Marañón,Huari,Intercuenca Alto Marañón V,Huari,Cajay
42205,JASS DEL CENTRO POBLADO RURAL DE ASOCIACIÓN DE HIJOS CAYASINOS DE LA LAGUNA ECOLÓGICA - REPARÍN,Licencia,Poblacional,Manantial ICHIC MULLACA,JASS DEL CENTRO POBLADO RURAL DE ASOCIACIÓN DE HIJOS CAYASINOS DE LA LAGUNA ECOLÓGICA - REPARÍN,1306-2018 ANA-AAA.M,2018-09-24,Marañón,Huari,Intercuenca Alto Marañón V,Huari,Cajay
42206,JASS DEL CENTRO POBLADO RURAL DE CAJAY,Licencia,Poblacional,Manantial ORGUNCANCHA 1 / Manantial ORGUNCANCHA 2,JASS DEL CENTRO POBLADO RURAL DE CAJAY,1150-2018 ANA-AAA.M,2018-08-28,Marañón,Huari,Intercuenca Alto Marañón V,Huari,Cajay
42207,JASS DEL CENTRO POBLADO RURAL DE CAYAS,Licencia,Poblacional,Manantial PATSU LADERA / Manantial YURAG GANTU / Manantial LEGLIYA,JASS DEL CENTRO POBLADO RURAL DE CAYAS,1151-2018 ANA-AAA.M,2018-08-28,Marañón,Huari,Intercuenca Alto Marañón V,Huari,Cajay
42208,JUNTA ADMINISTRADORA DE SERVICIOS DE AGUA YSANEAMIENTO (JASS) DEL CENTRO POBLADO RURAL DE GARAPATAC,Licencia,Poblacional,Manantial GARAPATAC / Manantial TUPEC RAGRA,JUNTA ADMINISTRADORA DE SERVICIOS DE AGUA YSANEAMIENTO (JASS) DEL CENTRO POBLADO RURAL DE GARAPATAC,807-2019 ANA-AAA.M,2019-08-20,Marañón,Huari,Intercuenca Alto Marañón V,Huari,San Marcos
42209,UNIDAD DE GESTION MUNICIPAL,Licencia,Poblacional,Laguna YANACOCHA / Manantial CRUZ MACHAY / Manantial CHINCHAN,UNIDAD DE GESTION MUNICIPAL,366-2020 ANA-AAA.M,2020-07-14,Marañón,Huari,Intercuenca Alto Marañón V,Huari,Chavin De Huantar
42210,JASS DEL CENTRO POBLADO RURAL DE CASHAPAMPA,Licencia,Poblacional,Manantial YACUÑAWIN,JASS DEL CENTRO POBLADO RURAL DE CASHAPAMPA,1266-2018 ANA-AAA.M,2018-09-20,Marañón,Huari,Intercuenca Alto Marañón V,Huari,Cajay
42211,JASS DEL CENTRO POBLADO RURAL DE CHACARAGRA,Licencia,Poblacional,Manantial VENTANA / Manantial YACU ÑAWIN,JASS DEL CENTRO POBLADO RURAL DE CHACARAGRA,1309-2018 ANA-AAA.M,2018-09-24,Marañón,Huari,Intercuenca Alto Marañón V,Huari,Cajay
42212,JASS DEL CENTRO POBLADO RURAL DE HUARITAMBO,Licencia,Poblacional,Manantial PASHTAG PUQUIO 1 / Manantial PASHTAG PUQUIO 2,JASS DEL CENTRO POBLADO RURAL DE HUARITAMBO,1264-2018 ANA-AAA.M,2018-09-20,Marañón,Huari,Intercuenca Alto Marañón V,Huari,Cajay
42213,JASS DEL CENTRO POBLADO RURAL DE COLLOTA,Licencia,Poblacional,Manantial SHAGSHA CORRAL 1 / Manantial SHAGSHA CORRAL 2,JASS DEL CENTRO POBLADO RURAL DE COLLOTA,1274-2018 ANA-AAA.M,2018-09-20,Marañón,Huari,Intercuenca Alto Marañón V,Huari,Cajay
42214,JASS DEL CENTRO POBLADO RURAL DE CHAUPILOMA,Licencia,Poblacional,Manantial CHAUPILOMA 1 / Manantial CHAUPILOMA 2,JASS DEL CENTRO POBLADO RURAL DE CHAUPILOMA,1268-2018 ANA-AAA.M,2018-09-20,Marañón,Huari,Intercuenca Alto Marañón V,Huari,Cajay
42215,JASS DEL CENTRO POBLADO RURAL DE SHARCO,Licencia,Poblacional,Manantial TAMBOR WAGANAN,JASS DEL CENTRO POBLADO RURAL DE SHARCO,1270-2018 ANA-AAA.M,2018-09-20,Marañón,Huari,Intercuenca Alto Marañón V,Huari,Cajay
42216,JUNTA ADMINISTRADORA DE SERVICIOS JASS QUECHUABAMBA,Licencia,Poblacional,Manantial YERBA SANTA,JUNTA ADMINISTRADORA DE SERVICIOS JASS QUECHUABAMBA,1651-2024 ANA-AAA.M,2024-10-24,Marañón,Huari,Intercuenca Alto Marañón V,Antonio Raymondi,Llamellin
42217,"JUNTA ADMINISTRADORA DE SERVICIOS DE AGUA Y SANEAMIENTO DEL CENTRO POBLADO PICHIU QUINUAGRAGRA, CASERIO TURURHUAY",Licencia,Poblacional,Manantial ICHIK CASACANCHA / Manantial TURURHUAY,"JUNTA ADMINISTRADORA DE SERVICIOS DE AGUA Y SANEAMIENTO DEL CENTRO POBLADO PICHIU QUINUAGRAGRA, CASERIO TURURHUAY",002-2020 ANA-AAA.M,2020-01-03,Marañón,Huari,Intercuenca Alto Marañón V,Huari,San Marcos
42218,JASS DEL CENTRO POBLADO RURAL DE PARO,Licencia,Poblacional,Manantial CALLQUI,JASS DEL CENTRO POBLADO RURAL DE PARO,1308-2018 ANA-AAA.M,2018-09-24,Marañón,Huari,Intercuenca Alto Marañón V,Huari,Cajay
42219,JASS DEL CENTRO POBLADO RURAL DE QUERORAGRA,Licencia,Poblacional,Manantial ICHIC LLANTU / Manantial JATU LLANTU,JASS DEL CENTRO POBLADO RURAL DE QUERORAGRA,1267-2018 ANA-AAA.M,2018-09-20,Marañón,Huari,Intercuenca Alto Marañón V,Huari,Cajay
42220,JASS DEL CENTRO POBLADO RURAL DE BUENA VISTA DE CACHUNA,Licencia,Poblacional,Manantial RAHUAY ALISO,JASS DEL CENTRO POBLADO RURAL DE BUENA VISTA DE CACHUNA,1265-2018 ANA-AAA.M,2018-09-20,Marañón,Huari,Intercuenca Alto Marañón V,Huari,Cajay
42221,JASS DEL CENTRO POBLADO RURAL DE PUCALLPA,Licencia,Poblacional,Manantial PUCALLPA,JASS DEL CENTRO POBLADO RURAL DE PUCALLPA,1271-2018 ANA-AAA.M,2018-09-20,Marañón,Huari,Intercuenca Alto Marañón V,Huari,Cajay
42222,COMITÉ DE USUARIOS DE AGUA DE LOS SECTORES  HUAYOCHACA Y CARDONYOC,Licencia,Agrícola,Quebrada ARASHNIYOC,COMITÉ DE USUARIOS DE AGUA DE LOS SECTORES  HUAYOCHACA Y CARDONYOC,1250-2018 ANA-AAA.M,2018-09-18,Marañón,Huari,Intercuenca Alto Marañón V,Huari,Cajay
42223,Comunidad Campesina San Bartolome de Acopalca - Bloque de Riego Tucuhuaganga,Licencia,Agrícola,Manantial SHALLALLA,Comunidad Campesina San Bartolome de Acopalca - Bloque de Riego Tucuhuaganga,1281-2018 ANA-AAA.M,2018-09-21,Marañón,Huari,Intercuenca Alto Marañón V,Huari,Huari
42224,"COMITE DE USUARIOS DE AGUA JATO, CATURPA Y MATARA",Licencia,Agrícola,Manantial JATO / Manantial CATURPA / Manantial MATARA,"COMITE DE USUARIOS DE AGUA JATO, CATURPA Y MATARA",1248-2024 ANA-AAA.M,2024-09-02,Marañón,Huari,Intercuenca Alto Marañón V,Huari,San Marcos
42225,JUNTA ADMINISTRADORA DE SERVICIOS JASS CESERIO CONIN,Licencia,Poblacional,Manantial JATUN PAMPA / Manantial POMAHUYIN / Manantial JUCHU ESQUINA,JUNTA ADMINISTRADORA DE SERVICIOS JASS CESERIO CONIN,1245-2024 ANA-AAA.M,2024-08-28,Marañón,Huari,Intercuenca Alto Marañón V,Huari,San Marcos
42226,"JUNTA ADMINISTRADORA DE SERVICIOS DE SANEAMIENTO (JASS), DEL SECTOR CHUQUIN",Licencia,Poblacional,Puquio WAWAPACAY,"JUNTA ADMINISTRADORA DE SERVICIOS DE SANEAMIENTO (JASS), DEL SECTOR CHUQUIN",1030-2022 ANA-AAA.M,2022-11-24,Marañón,Huari,Intercuenca Alto Marañón V,Huari,San Marcos
42227,"JUNTA ADMINISTRADORA DE SERVICIOS DE SANEAMIENTO (JASS), DEL CASERIO SANTA CRUZ DE MIOPAMPA",Licencia,Poblacional,Manantial UTCOCOCHA,"JUNTA ADMINISTRADORA DE SERVICIOS DE SANEAMIENTO (JASS), DEL CASERIO SANTA CRUZ DE MIOPAMPA",803-2023 ANA-AAA.M,2023-10-26,Marañón,Huari,Intercuenca Alto Marañón V,Antonio Raymondi,San Juan De Rontoy
42228,COMITE DE USUARIOS DE AGUA YACUTOMA KUYOC RUMI- TRAQON COCHA,Licencia,Agrícola,Manantial YACUTOMA / Manantial KUYOC RUMI / Manantial TRAQON COCHA / Manantial HUECLLA,COMITE DE USUARIOS DE AGUA YACUTOMA KUYOC RUMI- TRAQON COCHA,1245-2018 ANA-AAA.M,2018-09-18,Marañón,Huari,Intercuenca Alto Marañón V,Huari,Huari
42229,COMITE DE USUARIOS DE AGUA HUACHANAN-YUNGUILLA CENTRO PURUNMARKA,Licencia,Agrícola,Quebrada Huachanan,COMITE DE USUARIOS DE AGUA HUACHANAN-YUNGUILLA CENTRO PURUNMARKA,1321-2018 ANA-AAA.M,2018-09-25,Marañón,Huari,Intercuenca Alto Marañón V,Huari,Ponto
42230,Comité de Usuarios de Agua Yarush - Ashuanayog,Licencia,Agrícola,Quebrada Yarush,Comité de Usuarios de Agua Yarush - Ashuanayog,1317-2018 ANA-AAA.M,2018-09-25,Marañón,Huari,Intercuenca Alto Marañón V,Huari,Huacachi
42231,COMITE DE USUARIOS DE AGUA  ORGONCANCHA,Licencia,Agrícola,Quebrada ORGONCANCHA,COMITE DE USUARIOS DE AGUA  ORGONCANCHA,1219-2018 ANA-AAA.M,2018-09-14,Marañón,Huari,Intercuenca Alto Marañón V,Huari,Cajay
42232,COMITE DE USUARIOS DE AGUA  ORGONCANCHA,Licencia,Agrícola,Quebrada ORGONCANCHA / Manantial TZITZANCO,COMITE DE USUARIOS DE AGUA  ORGONCANCHA,1221-2018 ANA-AAA.M,2018-09-14,Marañón,Huari,Intercuenca Alto Marañón V,Huari,Cajay
42233,COMITE DE USUARIOS DE AGUA  ORGONCANCHA,Licencia,Agrícola,Quebrada ORGONCANCHA,COMITE DE USUARIOS DE AGUA  ORGONCANCHA,1223-2018 ANA-AAA.M,2018-09-14,Marañón,Huari,Intercuenca Alto Marañón V,Huari,Cajay
42234,COMITE DE USUARIOS DE AGUA CAPTACION GANTURAGRA Y SACSACOCHA RESERVORIO N°3,Licencia,Agrícola,Manantial SACSACOCHA / Manantial SACSACOCHA I / Manantial GANTURAGRA,COMITE DE USUARIOS DE AGUA CAPTACION GANTURAGRA Y SACSACOCHA RESERVORIO N°3,1235-2018 ANA-AAA.M,2018-09-17,Marañón,Huari,Intercuenca Alto Marañón V,Huari,Huari
42235,COMITE DE USUARIOS DE AGUA QUEBRADA TAULLITZOGU PUQUIOZARCILLO GUENHUA- CHAUPILOMA,Licencia,Agrícola,Manantial ZARCILLOGUENHUA / Manantial JATUN HUCRO / Quebrada TAULLIRACRA / Quebrada THOQURURI,COMITE DE USUARIOS DE AGUA QUEBRADA TAULLITZOGU PUQUIOZARCILLO GUENHUA- CHAUPILOMA,1229-2018 ANA-AAA.M,2018-09-14,Marañón,Huari,Intercuenca Alto Marañón V,Huari,Cajay
42236,COMITE DE USUARIOS DE AGUA KEULLA RAGRA,Licencia,Agrícola,Quebrada KEULLA / Quebrada YAWARCOCHA,COMITE DE USUARIOS DE AGUA KEULLA RAGRA,1236-2018 ANA-AAA.M,2018-09-17,Marañón,Huari,Intercuenca Alto Marañón V,Huari,Cajay
42237,COMITE DE USUARIOS DE AGUA PARA USO AGRARIO POGPOGYÁ,Licencia,Agrícola,Manantial POGPOGÝA,COMITE DE USUARIOS DE AGUA PARA USO AGRARIO POGPOGYÁ,1222-2018 ANA-AAA.M,2018-09-14,Marañón,Huari,Intercuenca Alto Marañón V,Huari,Cajay
42238,COMITE DE USUARIOS DE RIEGO TECNIFICADO PARA USO AGRARIO QUILLICSHA-HUAMANTANGA,Licencia,Agrícola,Manantial POZO PUQUIO / Manantial BERROS PUQUIO / Manantial QUILLICSHA,COMITE DE USUARIOS DE RIEGO TECNIFICADO PARA USO AGRARIO QUILLICSHA-HUAMANTANGA,1248-2018 ANA-AAA.M,2018-09-18,Marañón,Huari,Intercuenca Alto Marañón V,Huari,Huari
42239,COMITE DE USUARIOS DE AGUA YANAPACCHA AYRAMAYO,Licencia,Agrícola,Quebrada YANAPACCHA,COMITE DE USUARIOS DE AGUA YANAPACCHA AYRAMAYO,1226-2018 ANA-AAA.M,2018-09-14,Marañón,Huari,Intercuenca Alto Marañón V,Huari,Huari
42240,COMITE DE USUARIOS DE AGUA QUEBRADA TAULLI TAULLI RUMIPUQUIO- OCSHAPAMPA CABILDO,Licencia,Agrícola,Quebrada TAULLI TAULLI,COMITE DE USUARIOS DE AGUA QUEBRADA TAULLI TAULLI RUMIPUQUIO- OCSHAPAMPA CABILDO,1225-2018 ANA-AAA.M,2018-09-14,Marañón,Huari,Intercuenca Alto Marañón V,Huari,Huari
42241,COMITE DE USUARIOS DE AGUA HATUN Y HUYTU UQU,Licencia,Agrícola,Manantial HUITU UQU,COMITE DE USUARIOS DE AGUA HATUN Y HUYTU UQU,1227-2018 ANA-AAA.M,2018-09-14,Marañón,Huari,Intercuenca Alto Marañón V,Huari,Huari
42242,COMITE DE USUARIOS DE AGUA QUEBRADA YANACOLPA- TOMA HUAGANKU- COLLOTA,Licencia,Agrícola,Quebrada YANACOLPA,COMITE DE USUARIOS DE AGUA QUEBRADA YANACOLPA- TOMA HUAGANKU- COLLOTA,1220-2018 ANA-AAA.M,2018-09-14,Marañón,Huari,Intercuenca Alto Marañón V,Huari,Cajay
42243,COMITE DE USUARIOS DE AGUA PUQUIO POMACANCHA URPAYPUQUIO- PARIAQUILLO-YARMATA,Licencia,Agrícola,Manantial POMACANCHA PARIAQUILLO,COMITE DE USUARIOS DE AGUA PUQUIO POMACANCHA URPAYPUQUIO- PARIAQUILLO-YARMATA,1228-2018 ANA-AAA.M,2018-09-14,Marañón,Huari,Intercuenca Alto Marañón V,Huari,Huari
42244,COMITE DE USUARIOS DE AGUA POROGSAPAMPA- YERBASANTAPUQUIO- SALTAGPUQUIO- GOCHASHARINAN  SECTOR HUAMANTANGA,Licencia,Agrícola,Manantial YERBA SANTA PUQUIO / Manantial POROGSAPAMPA / Manantial SALTAGPUQUIO,COMITE DE USUARIOS DE AGUA POROGSAPAMPA- YERBASANTAPUQUIO- SALTAGPUQUIO- GOCHASHARINAN  SECTOR HUAMANTANGA,1237-2018 ANA-AAA.M,2018-09-17,Marañón,Huari,Intercuenca Alto Marañón V,Huari,Huari
42245,COMITE DE USUARIOS DE AGUA RIACHUELO QUINHUAMACHE Y CUCHITAMBO- YANAGAGA,Licencia,Agrícola,Quebrada CUCHITAMBO,COMITE DE USUARIOS DE AGUA RIACHUELO QUINHUAMACHE Y CUCHITAMBO- YANAGAGA,1373-2018 ANA-AAA.M,2018-10-04,Marañón,Huari,Intercuenca Alto Marañón V,Huari,Huari
42246,COMITE DE REGANTES DEL CANAL MARIA JIRAY,Licencia,Agrícola,Río JACABAMBA,COMITE DE REGANTES DEL CANAL MARIA JIRAY,2128-2018 ANA-AAA.M,2018-12-14,Marañón,Huari,Intercuenca Alto Marañón V,Huari,Huari
42247,COMITE DE REGANTES DEL CANAL MARIA JIRAY,Licencia,Agrícola,Río JACABAMBA,COMITE DE REGANTES DEL CANAL MARIA JIRAY,2127-2018 ANA-AAA.M,2018-12-14,Marañón,Huari,Intercuenca Alto Marañón V,Huari,Huari
42248,COMITE DE REGANTES DEL CANAL MARIA JIRAY,Licencia,Agrícola,Río JACABAMBA,COMITE DE REGANTES DEL CANAL MARIA JIRAY,2124-2018 ANA-AAA.M,2018-12-14,Marañón,Huari,Intercuenca Alto Marañón V,Huari,Huari
42249,COMITE DE REGANTES DEL CANAL MARIA JIRAY,Licencia,Agrícola,Río JACABAMBA,COMITE DE REGANTES DEL CANAL MARIA JIRAY,2132-2018 ANA-AAA.M,2018-12-14,Marañón,Huari,Intercuenca Alto Marañón V,Huari,Huari
42250,COMITE DE REGANTES DEL CANAL MARIA JIRAY,Licencia,Agrícola,Río JACABAMBA,COMITE DE REGANTES DEL CANAL MARIA JIRAY,2125-2018 ANA-AAA.M,2018-12-14,Marañón,Huari,Intercuenca Alto Marañón V,Huari,Huari
42251,JASS DEL CENTRO POBLADO RURAL DE CABILDO,Licencia,Poblacional,Manantial URUS PUQUIO,JASS DEL CENTRO POBLADO RURAL DE CABILDO,1307-2018 ANA-AAA.M,2018-09-24,Marañón,Huari,Intercuenca Alto Marañón V,Huari,Huari
42252,"COMITÉ DE USUARIOS DE AGUA PUQUIO BUYAC HUCHKU,TUNA QUENUA, ALTUSH MACHEY, ROMERO PATAC,PUQUIO CHAUPIMONTE GARAJIRCAN - SECTOR CACHCA Y TZAGLLARAGRA",Licencia,Agrícola,Puquio ROMERO PATAC / Puquio CHAUPIMONTE GARAJIRCAN,"COMITÉ DE USUARIOS DE AGUA PUQUIO BUYAC HUCHKU,TUNA QUENUA, ALTUSH MACHEY, ROMERO PATAC,PUQUIO CHAUPIMONTE GARAJIRCAN - SECTOR CACHCA Y TZAGLLARAGRA",0467-2021 ANA-AAA.M,2021-04-26,Marañón,Huari,Intercuenca Alto Marañón V,Huari,San Marcos
42253,Comunidad Campesina San Bartolome de Acopalca - Bloque de Riego Chivoragra,Licencia,Agrícola,Quebrada CHIVORAGRA,Comunidad Campesina San Bartolome de Acopalca - Bloque de Riego Chivoragra,1280-2018 ANA-AAA.M,2018-09-21,Marañón,Huari,Intercuenca Alto Marañón V,Huari,Huari
42254,COMITE DE REGANTES DEL CANAL MARIA JIRAY,Licencia,Agrícola,Río JACABAMBA,COMITE DE REGANTES DEL CANAL MARIA JIRAY,2130-2018 ANA-AAA.M,2018-12-14,Marañón,Huari,Intercuenca Alto Marañón V,Huari,Huari
42255,COMITE DE REGANTES DEL CANAL MARIA JIRAY,Licencia,Agrícola,Río JACABAMBA,COMITE DE REGANTES DEL CANAL MARIA JIRAY,2129-2018 ANA-AAA.M,2018-12-14,Marañón,Huari,Intercuenca Alto Marañón V,Huari,Huari
42256,COMITE DE REGANTES DEL CANAL MARIA JIRAY,Licencia,Agrícola,Río JACABAMBA,COMITE DE REGANTES DEL CANAL MARIA JIRAY,2131-2018 ANA-AAA.M,2018-12-14,Marañón,Huari,Intercuenca Alto Marañón V,Huari,Huari
42257,COMITE DE REGANTES DEL CANAL MARIA JIRAY,Licencia,Agrícola,Río JACABAMBA,COMITE DE REGANTES DEL CANAL MARIA JIRAY,2126-2018 ANA-AAA.M,2018-12-14,Marañón,Huari,Intercuenca Alto Marañón V,Huari,Huari
42258,Junta Administradora de Servicios de Saneamiento del Caserio de San Antonio de Juproj,Licencia,Poblacional,Manantial TZACRA PINCULLO / Manantial CHAQUICOCHA / Manantial MATARA,Junta Administradora de Servicios de Saneamiento del Caserio de San Antonio de Juproj,0725-2019 ANA-AAA.M,2019-08-01,Marañón,Huari,Intercuenca Alto Marañón V,Huari,San Marcos
42259,JUNTA ADMINISTRADORA DE SERVICIOS DE SANEAMIENTO DE CRISTO REY DE QUELLEYACO,Licencia,Poblacional,Manantial CHAPARRA,JUNTA ADMINISTRADORA DE SERVICIOS DE SANEAMIENTO DE CRISTO REY DE QUELLEYACO,0170-2020 ANA-AAA.M,2020-03-04,Marañón,Huari,Intercuenca Alto Marañón V,Huari,Chavin De Huantar
42260,COMITE DE USUARIOS DE AGUA MARCACOCHA Y RACRACOCHA,Licencia,Agrícola,Manantial MARCACOCHA / Manantial RACRACOCHA / Manantial HUAYHUASHGRANDE / Manantial HUAYHASH CHICO / Manantial CUSHPI / Manantial MUCHCA / Manantial LOPEZ 2 / Manantial OGO GOYAL / Manantial SHIRIAS,COMITE DE USUARIOS DE AGUA MARCACOCHA Y RACRACOCHA,1044-2019 ANA-AAA.M,2019-09-16,Marañón,Huari,Intercuenca Alto Marañón V,Huari,Uco
42261,JUNTA ADMINISTRADORA DE SERVICIOS DE SANEAMIENTO (JASS) DEL ANEXO TAYTA CRUZ DEL CENTRO POBLADO SANTA CRUZ DE MOSNA,Licencia,Poblacional,Manantial ALTACASA LLACLLA 1 / Manantial ALTACASA LLACLLA 2,JUNTA ADMINISTRADORA DE SERVICIOS DE SANEAMIENTO (JASS) DEL ANEXO TAYTA CRUZ DEL CENTRO POBLADO SANTA CRUZ DE MOSNA,808-2019 ANA-AAA.M,2019-08-20,Marañón,Huari,Intercuenca Alto Marañón V,Huari,San Marcos
42262,JUNTA ADMINISTRADORA DE SERVICIOS DE SANEAMIENTO DEL CASERIO DE COLPA DEL CENTRO POBLADO CHALLHUAYACO,Licencia,Poblacional,Manantial SHUSHUMIA PUKIO / Manantial HIERBA BUENA / Manantial SAN JUAN CUTA,JUNTA ADMINISTRADORA DE SERVICIOS DE SANEAMIENTO DEL CASERIO DE COLPA DEL CENTRO POBLADO CHALLHUAYACO,1537-2019 ANA-AAA.M,2019-12-26,Marañón,Huari,Intercuenca Alto Marañón V,Huari,San Marcos
42263,JUNTA ADMINISTRADORA DE SERVICIOS DE SANEAMIENTO DEL CASERIO DE LUCMA DEL CENTRO POBLADO LA MERCED DE GAUCHO,Licencia,Poblacional,Manantial PESPIURURI 01 / Manantial HUAMANHUAI / Manantial PESPIURURI 02 / Manantial PUYOPAMPA JORNOMACHE,JUNTA ADMINISTRADORA DE SERVICIOS DE SANEAMIENTO DEL CASERIO DE LUCMA DEL CENTRO POBLADO LA MERCED DE GAUCHO,0228-2021 ANA-AAA.M,2021-02-19,Marañón,Huari,Intercuenca Alto Marañón V,Huari,San Marcos
42264,COMITE DE USUARIOS DE AGUA RAMADA - SALA DE OPAYACO,Licencia,Agrícola,Manantial RAMADA / Quebrada SALA,COMITE DE USUARIOS DE AGUA RAMADA - SALA DE OPAYACO,1285-2018 ANA-AAA.M,2018-09-21,Marañón,Huari,Intercuenca Alto Marañón V,Huari,San Marcos
42265,COMITE DE USUARIOS DE AGUA  SAN JOSE DE CANLLA,Licencia,Agrícola,Quebrada CHACAS PUNRIN,COMITE DE USUARIOS DE AGUA  SAN JOSE DE CANLLA,1644-2024 ANA-AAA.M,2024-10-24,Marañón,Huari,Intercuenca Alto Marañón V,Antonio Raymondi,Aczo
42266,COMITÉ DE USUARIOS DE AGUA ATALAYA,Licencia,Agrícola,Manantial MINACOCHA,COMITÉ DE USUARIOS DE AGUA ATALAYA,0576-2022 ANA-AAA.M,2022-07-06,Marañón,Huari,Intercuenca Alto Marañón V,Huari,Uco
42267,"JUNTA ADMINISTRADORA DE SERVICIOS DE SANEAMIENTO (JASS), DEL CENTRO POBLADO DE PICHIU QUINHUARAGRA",Licencia,Poblacional,Manantial BAÑOS MELLIZOS 01 / Manantial BAÑOS MELLIZOS 02 / Manantial BAÑOS / Manantial HILLAURO / Manantial RAPAHUAYE / Manantial RAMBRASH INGINIO,"JUNTA ADMINISTRADORA DE SERVICIOS DE SANEAMIENTO (JASS), DEL CENTRO POBLADO DE PICHIU QUINHUARAGRA",0719-2022 ANA-AAA.M,2022-08-15,Marañón,Huari,Intercuenca Alto Marañón V,Huari,San Marcos
42268,COMITÉ DE USUARIOS DE AGUA PASHTAG SHEQUE - HUARI,Licencia,Agrícola,Manantial PASHTAG - SHEQUE,COMITÉ DE USUARIOS DE AGUA PASHTAG SHEQUE - HUARI,404-2021 ANA-AAA.M,2021-03-23,Marañón,Huari,Intercuenca Alto Marañón V,Huari,Huari
42269,Comité de Usuarios de Agua Shongo Tanin,Licencia,Agrícola,Río Shongo,Comité de Usuarios de Agua Shongo Tanin,1359-2018 ANA-AAA.M,2018-09-28,Marañón,Huari,Intercuenca Alto Marañón V,Huari,Chavin De Huantar
42270,COMITE DE USUARIOS DE AGUA GOTZAMUNTY CACHIPAMPA,Licencia,Agrícola,Manantial GOTZAGMUNTY,COMITE DE USUARIOS DE AGUA GOTZAMUNTY CACHIPAMPA,1239-2018 ANA-AAA.M,2018-09-17,Marañón,Huari,Intercuenca Alto Marañón V,Huari,Huari
42271,COMITE DE USUARIOS DE AGUA INKA PUKIO- HUARITAMBO,Licencia,Agrícola,Quebrada YAWARCOCHA / Manantial TZINTZANCO,COMITE DE USUARIOS DE AGUA INKA PUKIO- HUARITAMBO,1232-2018 ANA-AAA.M,2018-09-17,Marañón,Huari,Intercuenca Alto Marañón V,Huari,Cajay
42272,COMITE DE USUARIOS DE AGUA USHNO,Licencia,Agrícola,Quebrada RIMA RIMA-WIQUIA / Quebrada ANCARACRA-TORNAYOC,COMITE DE USUARIOS DE AGUA USHNO,1241-2018 ANA-AAA.M,2018-09-17,Marañón,Huari,Intercuenca Alto Marañón V,Huari,Cajay
42273,COMITE DE USUARIOS DE AGUA PUQUIOHIERBABUENA  TOMA ACEITEPAMPA RIO CARASH MEDIO - HUANCHÁ,Licencia,Agrícola,Río CARASH / Quebrada HIERBA BUENA PUQUIO,COMITE DE USUARIOS DE AGUA PUQUIOHIERBABUENA  TOMA ACEITEPAMPA RIO CARASH MEDIO - HUANCHÁ,1261-2018 ANA-AAA.M,2018-09-20,Marañón,Huari,Intercuenca Alto Marañón V,Huari,San Marcos
42274,COMITE DE USUARIOS DE AGUA CHUCHOPUQUIO-TUPEC,Licencia,Agrícola,Manantial CHUCHUPUQUIO / Manantial MONTE SHIHUA / Manantial JATUN RAGRA,COMITE DE USUARIOS DE AGUA CHUCHOPUQUIO-TUPEC,1291-2018 ANA-AAA.M,2018-09-24,Marañón,Huari,Intercuenca Alto Marañón V,Huari,San Marcos
42275,COMITE DE USUARIOS DE AGUA VALDIVIA OGSHATUNA - CARHUAYOC,Licencia,Agrícola,Quebrada OGSHATUNA / Quebrada VALDIVIA,COMITE DE USUARIOS DE AGUA VALDIVIA OGSHATUNA - CARHUAYOC,1262-2018 ANA-AAA.M,2018-09-20,Marañón,Huari,Intercuenca Alto Marañón V,Huari,San Marcos
42276,COMITE DE REGANTES CANAL VALLE COLCAS,Licencia,Agrícola,Río TASHTA,COMITE DE REGANTES CANAL VALLE COLCAS,1233-2018 ANA-AAA.M,2018-09-17,Marañón,Huari,Intercuenca Alto Marañón V,Huari,Huari
42277,COMITE DE USUARIOS DE AGUA  TASHTA RIO TINGO ISHCAYCOCHA,Licencia,Agrícola,Río TINGO ISHCAYCOCHA,COMITE DE USUARIOS DE AGUA  TASHTA RIO TINGO ISHCAYCOCHA,1246-2018 ANA-AAA.M,2018-09-18,Marañón,Huari,Intercuenca Alto Marañón V,Huari,Huari
42278,COMITE DE USUARIOS DE AGUA CALLEJON RAGRA,Licencia,Agrícola,Manantial CALLEJON RAGRA,COMITE DE USUARIOS DE AGUA CALLEJON RAGRA,1247-2018 ANA-AAA.M,2018-09-18,Marañón,Huari,Intercuenca Alto Marañón V,Declarada: ,Declarado: 
42279,COMITE DE USUARIOS DE AGUA QUEBRADA DEL RIO RUREC-SECTOR CONGON- COLPA HUARI,Licencia,Agrícola,Río RUREC,COMITE DE USUARIOS DE AGUA QUEBRADA DEL RIO RUREC-SECTOR CONGON- COLPA HUARI,1242-2018 ANA-AAA.M,2018-09-18,Marañón,Huari,Intercuenca Alto Marañón V,Huari,Huari
42280,COMITE DE USUARIOS DE AGUA RIO RURICHINCHAY TOMACUNTUYOG SECTOR ISCURUMI- COLPA HUARI,Licencia,Agrícola,Río RURICHINCHAY,COMITE DE USUARIOS DE AGUA RIO RURICHINCHAY TOMACUNTUYOG SECTOR ISCURUMI- COLPA HUARI,1243-2018 ANA-AAA.M,2018-09-18,Marañón,Huari,Intercuenca Alto Marañón V,Huari,Huari
42281,COMITE DE USUARIOS DE AGUA TZINTZANCO-PUQUIO,Licencia,Agrícola,Manantial TZINTZANCO,COMITE DE USUARIOS DE AGUA TZINTZANCO-PUQUIO,1369-2018 ANA-AAA.M,2018-10-04,Marañón,Huari,Intercuenca Alto Marañón V,Huari,Cajay
42282,"COMITE DE USUARIOS DE AGUA  PAJUSHCOCHA, CONTONGA, YANACANCHA, TSAQUICOCHA, INFERNILLO, CHAUPIRUMI, SINICUTA, ICHIC, OGO, MUNTIHUANAC, OMGUP, PACPAC, WISHCAUCRO, ICHIC CUSHURO TSUTSU PUQUIO.",Licencia,Agrícola,Laguna CONTONGA / Quebrada INFIERNILLO,"COMITE DE USUARIOS DE AGUA  PAJUSHCOCHA, CONTONGA, YANACANCHA, TSAQUICOCHA, INFERNILLO, CHAUPIRUMI, SINICUTA, ICHIC, OGO, MUNTIHUANAC, OMGUP, PACPAC, WISHCAUCRO, ICHIC CUSHURO TSUTSU PUQUIO.",1244-2024 ANA-AAA.M,2024-08-28,Marañón,Huari,Intercuenca Alto Marañón V,Huari,San Marcos
42283,JUNTA DMINISTRADORA DE SERVICIOS DE SANEAMIENTO (JASS) DEL CENTRO POBLADO LA MERCED DE GAUCHO,Licencia,Poblacional,Manantial SAUCHIPAMPA,JUNTA DMINISTRADORA DE SERVICIOS DE SANEAMIENTO (JASS) DEL CENTRO POBLADO LA MERCED DE GAUCHO,1128-2019 ANA-AAA.M,2019-09-24,Marañón,Huari,Intercuenca Alto Marañón V,Huari,San Marcos
42284,COMITE DE USUARIOS DE AGUA RAPANGO,Licencia,Agrícola,Quebrada RAPANGO,COMITE DE USUARIOS DE AGUA RAPANGO,1936-2024 ANA-AAA.M,2024-12-12,Marañón,Huari,Intercuenca Alto Marañón V,Huari,Huacachi
42285,JUNTA ADMINISTRADORA DE SERVICIOS JASS DEL CENTRO POBLADO DE SANTA CRUZ (PUCA PUCA),Licencia,Poblacional,Manantial LAYRI HUACHAC,JUNTA ADMINISTRADORA DE SERVICIOS JASS DEL CENTRO POBLADO DE SANTA CRUZ (PUCA PUCA),0422-2025 ANA-AAA.M,2025-04-03,Marañón,Huari,Intercuenca Alto Marañón V,Huari,San Pedro De Chana
42286,COMITE DE USUARIOS DE AGUA ANCHAC-CHAHUARCON,Licencia,Agrícola,Manantial HUANCACHACA / Quebrada WILLCARAGRA,COMITE DE USUARIOS DE AGUA ANCHAC-CHAHUARCON,1243-2024 ANA-AAA.M,2024-08-28,Marañón,Huari,Intercuenca Alto Marañón V,Antonio Raymondi,Chingas
42287,COMITE DE USUARIOS DE AGUA CANAL COLLOTA-HUANCARPATA-SECTOR HUARITAMBO,Licencia,Agrícola,Río HUARITAMBO,COMITE DE USUARIOS DE AGUA CANAL COLLOTA-HUANCARPATA-SECTOR HUARITAMBO,1234-2018 ANA-AAA.M,2018-09-17,Marañón,Huari,Intercuenca Alto Marañón V,Huari,Cajay
42288,Comite de Usuarios de Agua Canal Carhuascancha,Licencia,Agrícola,Río CARHUASCANCHA,Comite de Usuarios de Agua Canal Carhuascancha,431-2019 ANA - AAA.M,2019-05-23,Marañón,Huari,Intercuenca Alto Marañón V,Huari,Huantar
42289,Comité de Usuarios de Agua Tamashayhua Rio Carash Bajo Sector Shiquip - Orcosh - Opayaco,Licencia,Agrícola,Río Carash,Comité de Usuarios de Agua Tamashayhua Rio Carash Bajo Sector Shiquip - Orcosh - Opayaco,1370-2018 ANA-AAA.M,2018-10-04,Marañón,Huari,Intercuenca Alto Marañón V,Huari,San Marcos
42290,COMITE DE USUARIOS DE AGUA CHUCHUPUQUIO-ORCOSH,Licencia,Agrícola,Manantial CHUCHUPUQUIO SHIPAN I / Manantial CHUCHUPUQUIO SHIPAN II,COMITE DE USUARIOS DE AGUA CHUCHUPUQUIO-ORCOSH,1371-2018 ANA-AAA.M,2018-10-04,Marañón,Huari,Intercuenca Alto Marañón V,Huari,San Marcos
42291,COMITE DE USUARIOS DE AGUA PUKANANI TINYAYOC,Licencia,Agrícola,Manantial PUKANANI,COMITE DE USUARIOS DE AGUA PUKANANI TINYAYOC,1244-2018 ANA-AAA.M,2018-09-18,Marañón,Huari,Intercuenca Alto Marañón V,Huari,San Marcos
42292,COMITE DE USUARIOS DE AGUA UCHCUS- BARRIO SAN ISIDRO,Licencia,Agrícola,Manantial UCHCUS,COMITE DE USUARIOS DE AGUA UCHCUS- BARRIO SAN ISIDRO,1249-2018 ANA-AAA.M,2018-09-18,Marañón,Huari,Intercuenca Alto Marañón V,Huari,San Marcos
42293,COMITE DE USUARIOS DE AGUA CONTONGATRANCAPACHA-MONTICUCHUOGUPAMPAPILLU-HUARIPAMPA ALTO,Licencia,Agrícola,Laguna CONTONGA / Manantial PACCHA / Manantial PILLU / Manantial MONTICUCHU / Manantial TRANCA / Manantial OGUPAMPA,COMITE DE USUARIOS DE AGUA CONTONGATRANCAPACHA-MONTICUCHUOGUPAMPAPILLU-HUARIPAMPA ALTO,1374-2018 ANA-AAA.M,2018-10-04,Marañón,Huari,Intercuenca Alto Marañón V,Huari,San Marcos
42294,COMITE DE USUARIOS DE AGUA JUYTU OGU-PUCKAYACU-COLCAS,Licencia,Agrícola,Manantial PUCKAYACU,COMITE DE USUARIOS DE AGUA JUYTU OGU-PUCKAYACU-COLCAS,1251-2018 ANA-AAA.M,2018-09-18,Marañón,Huari,Intercuenca Alto Marañón V,Huari,Huari
42295,COMITE DE REGANTES SHASHAL BAJO,Licencia,Agrícola,Río SHASHAL,COMITE DE REGANTES SHASHAL BAJO,2121-2018 ANA-AAA.M,2018-12-14,Marañón,Huari,Intercuenca Alto Marañón V,Huari,Huari
42296,JUNTA ADMINISTRADORA DE SERVICIOS DE SANEAMIENTO DEL CENTRO POBLADO RURAL DE HUAMANTANGA,Licencia,Poblacional,Manantial MISHKIPUQUIO I / Manantial MISHKIPUQUIO II / Manantial ATZIKYARAG,JUNTA ADMINISTRADORA DE SERVICIOS DE SANEAMIENTO DEL CENTRO POBLADO RURAL DE HUAMANTANGA,1538-2019 ANA-AAA.M,2019-12-26,Marañón,Huari,Intercuenca Alto Marañón V,Huari,Huari
42297,COMITE DE USUARIOS DE AGUA QUEBRADA TAMBORHUAGANAN Y RIO WIKIARAGRA,Licencia,Agrícola,Quebrada TAMBORHUAGANAN,COMITE DE USUARIOS DE AGUA QUEBRADA TAMBORHUAGANAN Y RIO WIKIARAGRA,1043-2019 ANA-AAA.M,2019-09-16,Marañón,Huari,Intercuenca Alto Marañón V,Huari,Cajay
42298,COMITE DE USUARIOS DE  AGUA CAMILO RAGRA - TAULLISH,Licencia,Agrícola,Manantial CAMILO RAGRA,COMITE DE USUARIOS DE  AGUA CAMILO RAGRA - TAULLISH,1643-2024 ANA-AAA.M,2024-10-24,Marañón,Huari,Intercuenca Alto Marañón V,Huari,Huachis
42299,Comite de Usuarios de Agua Challhuayacu - Tzakajquiswar,Licencia,Agrícola,Manantial Challhuayacu / Manantial Tzakajquiswar,Comite de Usuarios de Agua Challhuayacu - Tzakajquiswar,0983-2019 ANA-AAA.M,2019-09-03,Marañón,Huari,Intercuenca Alto Marañón V,Huari,Huari
42300,COMITE DE USUARIOS DE AGUA  TOMA HUALLANCA UCRO RIO PUJUN - PALTA-A CHUQUIN,Licencia,Agrícola,Quebrada PUJUN - CHINGAPAMPA,COMITE DE USUARIOS DE AGUA  TOMA HUALLANCA UCRO RIO PUJUN - PALTA-A CHUQUIN,1284-2018 ANA-AAA.M,2018-09-21,Marañón,Huari,Intercuenca Alto Marañón V,Huari,San Marcos
42301,COMITE DE USUARIOS DE AGUA ORGONCANCHA,Licencia,Agrícola,Quebrada ORGONCANCHA,COMITE DE USUARIOS DE AGUA ORGONCANCHA,2123-2018 ANA-AAA.M,2018-12-14,Marañón,Huari,Intercuenca Alto Marañón V,Huari,Cajay
42302,COMITE DE USUARIOS DE AGUA ORGONCANCHA,Licencia,Agrícola,Quebrada ORGONCANCHA,COMITE DE USUARIOS DE AGUA ORGONCANCHA,2122-2018 ANA-AAA.M,2018-12-14,Marañón,Huari,Intercuenca Alto Marañón V,Huari,Cajay
42303,COMITÉ DE REGANTESDE DEL CANAL QUINKA MALLAS,Licencia,Agrícola,Quebrada QUINKA / Quebrada MUCASH / Manantial CANEC,COMITÉ DE REGANTESDE DEL CANAL QUINKA MALLAS,1372-2018 ANA-AAA.M,2018-10-04,Marañón,Huari,Intercuenca Alto Marañón V,Huari,Huari
42304,COMITE DE REGANTES TOMA LUCMAPAMPA - POMACHACA,Licencia,Agrícola,Río HUARI,COMITE DE REGANTES TOMA LUCMAPAMPA - POMACHACA,1259-2018 ANA-AAA.M,2018-09-20,Marañón,Huari,Intercuenca Alto Marañón V,Huari,Huari
42305,COMITE DE USUARIOS DE AGUA  TOMA HUALLANCA UCRO RIO PUJUN - PALTA - A CHUQUIN,Licencia,Agrícola,Quebrada PUJUN - CHINGAPAMPA,COMITE DE USUARIOS DE AGUA  TOMA HUALLANCA UCRO RIO PUJUN - PALTA - A CHUQUIN,1283-2018 ANA-AAA.M,2018-09-21,Marañón,Huari,Intercuenca Alto Marañón V,Huari,San Marcos
42306,COMITE DE REGANTES CHAMBRUCO,Licencia,Agrícola,Manantial YURAJ PASTAJ / Manantial CHILWIRAGRA / Manantial RUCUHUAIN / Manantial YERBA BUENA,COMITE DE REGANTES CHAMBRUCO,810-2019 ANA-AAA.M,2019-08-20,Marañón,Huari,Intercuenca Alto Marañón V,Huari,Uco
42307,"COMITE DE USUARIOS DE AGUA RUDAMONTE PUCAYACU,PAMPA HERMOSA",Licencia,Agrícola,Manantial RUDAMONTE / Manantial PUCAYACU,"COMITE DE USUARIOS DE AGUA RUDAMONTE PUCAYACU,PAMPA HERMOSA",0173-2020 ANA-AAA.M,2020-03-04,Marañón,Huari,Intercuenca Alto Marañón V,Huari,Masin
42308,JUNTA ADMINISTRADORA DE SERVICIOS DE SANEAMIENTO DEL CENTRO POBLADO RURAL DE HUARIPAMPA ALTO,Licencia,Poblacional,Manantial PISHI PUKIO / Manantial MINA OGO / Manantial PUTDGA / Manantial QUISHUAR / Manantial MONTICUCHO,JUNTA ADMINISTRADORA DE SERVICIOS DE SANEAMIENTO DEL CENTRO POBLADO RURAL DE HUARIPAMPA ALTO,0169-2020 ANA-AAA.M,2020-03-04,Marañón,Huari,Intercuenca Alto Marañón V,Huari,San Marcos
42309,"JUNTA ADMINISTRADORA DE SERVICIOS DE SANEAMIENTO (JASS), DEL CASERIO DE PUTACA DEL CENTRO POBLADO DE QUINHUARAGRA",Licencia,Poblacional,Manantial CALERO / Manantial PUTACA,"JUNTA ADMINISTRADORA DE SERVICIOS DE SANEAMIENTO (JASS), DEL CASERIO DE PUTACA DEL CENTRO POBLADO DE QUINHUARAGRA",0718-2022 ANA-AAA.M,2022-08-15,Marañón,Huari,Intercuenca Alto Marañón V,Huari,San Marcos
42310,COMUNIDAD CAMPESINA DE ACCHAS - BLOQUE CHACARAGRA,Licencia,Agrícola,Quebrada SINSIL,COMUNIDAD CAMPESINA DE ACCHAS - BLOQUE CHACARAGRA,1293-2018 ANA-AAA.M,2018-09-24,Marañón,Huari,Intercuenca Alto Marañón V,Huari,Cajay
42311,COMITE DE USUARIOS DE AGUA JUYTU OGU-PUCKAYACU-COLCAS,Licencia,Agrícola,Manantial JUYTUOGU,COMITE DE USUARIOS DE AGUA JUYTU OGU-PUCKAYACU-COLCAS,1258-2018 ANA-AAA.M,2018-09-20,Marañón,Huari,Intercuenca Alto Marañón V,Huari,Huari
42312,COMITÉ DE USUARIOS DE AGUA VISTA ALEGRE - RESANA,Licencia,Agrícola,Quebrada YANAPACCHA / Manantial ICHIC PANLLI / Manantial JATUN PANLLI,COMITÉ DE USUARIOS DE AGUA VISTA ALEGRE - RESANA,280-2021 ANA-AAA.M,2021-02-23,Marañón,Huari,Intercuenca Alto Marañón V,Huari,Huari
42313,"JUNTA ADMINISTRADORA DE SERVICIOS DE SANEAMIENTO (JASS), DEL CASERIO DE ACOPUQUIO",Licencia,Poblacional,Manantial TINCOCUCHO / Manantial ACOPUQUIO / Manantial SEQUIPUQUIO,"JUNTA ADMINISTRADORA DE SERVICIOS DE SANEAMIENTO (JASS), DEL CASERIO DE ACOPUQUIO",0933-2022 ANA-AAA.M,2022-10-26,Marañón,Huari,Intercuenca Alto Marañón V,Antonio Raymondi,Llamellin
42314,JUNTA ADMINISTRADORA DE SERVICIOS DE SANEAMIENTO DEL CENTRO POBLADO RURAL DE CUCHOS,Licencia,Poblacional,Manantial PUTAGA UCRO I / Manantial PUTAGA UCRO II,JUNTA ADMINISTRADORA DE SERVICIOS DE SANEAMIENTO DEL CENTRO POBLADO RURAL DE CUCHOS,1322-2019 ANA-AAA.M,2019-11-06,Marañón,Huari,Intercuenca Alto Marañón V,Huari,Ponto
42315,"JUNTA ADMINISTRADORA DE SERVICIOS DE SANEAMIENTO (JASS), DEL CASERIO SAN MIGUEL DE CHOCCHI - VISTA ALEGRE",Licencia,Poblacional,Filtración BAÑOS / Filtración BAÑOS 2,"JUNTA ADMINISTRADORA DE SERVICIOS DE SANEAMIENTO (JASS), DEL CASERIO SAN MIGUEL DE CHOCCHI - VISTA ALEGRE",1025-2022 ANA-AAA.M,2022-11-24,Marañón,Huari,Intercuenca Alto Marañón V,Antonio Raymondi,Aczo
42316,JUNTA ADMINISTRADORA DE SERVICIOS DE SANEAMIENTO - JASS DE LA LOCALIDAD DE AYASH DEL CENTRO POBLADO DE AYASH,Licencia,Poblacional,Manantial CHOCOPILTASH / Manantial TOLDO RUMI / Manantial JIRPONGA,JUNTA ADMINISTRADORA DE SERVICIOS DE SANEAMIENTO - JASS DE LA LOCALIDAD DE AYASH DEL CENTRO POBLADO DE AYASH,0006-2020 ANA-AAA.M,2020-01-08,Marañón,Huari,Intercuenca Alto Marañón V,Huari,Huachis
42317,JUNTA ADMINISTRADORA DE SERVICIOS DE SANEAMIENTO DE LA LOCALIDAD DE ATASH,Licencia,Poblacional,Manantial PACHAN PUKIO / Manantial CRUZ PUNTA,JUNTA ADMINISTRADORA DE SERVICIOS DE SANEAMIENTO DE LA LOCALIDAD DE ATASH,1535-2019 ANA-AAA.M,2019-12-26,Marañón,Huari,Intercuenca Alto Marañón V,Huari,Huachis
42318,JASS DEL CENTRO POBLADO RURAL DE ACOPALCA,Licencia,Poblacional,Manantial GALLO RUME,JASS DEL CENTRO POBLADO RURAL DE ACOPALCA,1300-2018 ANA-AAA.M,2018-09-24,Marañón,Huari,Intercuenca Alto Marañón V,Huari,Huari
42319,JASS DE LA LOCALIDAD DE QUEROBAMBA-BELLAVISTA-CENTRO POBLADO DE AMPAS,Licencia,Poblacional,Manantial CHINCHANGO BAJO,JASS DE LA LOCALIDAD DE QUEROBAMBA-BELLAVISTA-CENTRO POBLADO DE AMPAS,1299-2018 ANA-AAA.M,2018-09-24,Marañón,Huari,Intercuenca Alto Marañón V,Huari,Huari
42320,JASS DEL CENTRO POBLADO RURAL DE MALLAS ALTO,Licencia,Poblacional,Manantial YAWAR COCHA,JASS DEL CENTRO POBLADO RURAL DE MALLAS ALTO,1302-2018 ANA-AAA.M,2018-09-24,Marañón,Huari,Intercuenca Alto Marañón V,Huari,Huari
42321,COMITE DE REGANTES SAN PEDRO DE CARASH,Licencia,Agrícola,Manantial CASHUÁ,COMITE DE REGANTES SAN PEDRO DE CARASH,1286-2018 ANA-AAA.M,2018-09-21,Marañón,Huari,Intercuenca Alto Marañón V,Huari,San Marcos
42322,Comite de Usuarios de Agua Tukuhuaganan,Licencia,Agrícola,Quebrada Tukuhuaganan,Comite de Usuarios de Agua Tukuhuaganan,1333-2018 ANA-AAA.M,2018-09-25,Marañón,Huari,Intercuenca Alto Marañón V,Huari,Anra
42323,"JUNTA ADMINISTRADORA DE SERVICIOS DE SANEAMIENTO (JASS), DEL CENTRO POBLADO RURAL DE PARISH - TARAPAMPA",Licencia,Poblacional,Manantial TISHGU / Manantial AGSHU RAGRA,"JUNTA ADMINISTRADORA DE SERVICIOS DE SANEAMIENTO (JASS), DEL CENTRO POBLADO RURAL DE PARISH - TARAPAMPA",0648-2022 ANA-AAA.M,2022-08-03,Marañón,Huari,Intercuenca Alto Marañón V,Huari,Masin
42324,JASS DEL CENTRO POBLADO RURAL DE POMACHACA,Licencia,Poblacional,Manantial CARMENCHACA,JASS DEL CENTRO POBLADO RURAL DE POMACHACA,1301-2018 ANA-AAA.M,2018-09-24,Marañón,Huari,Intercuenca Alto Marañón V,Huari,Huari
42325,JASS DEL CASERIO DE CULLCUY,Licencia,Poblacional,Manantial TINTERO PATAC / Manantial QUITA,JASS DEL CASERIO DE CULLCUY,1311-2018 ANA-AAA.M,2018-09-24,Marañón,Huari,Intercuenca Alto Marañón V,Huari,Huari
42326,JASS DEL CENTRO POBLADO RURAL DE ULIA,Licencia,Poblacional,Manantial OJO DE LORA,JASS DEL CENTRO POBLADO RURAL DE ULIA,1303-2018 ANA-AAA.M,2018-09-24,Marañón,Huari,Intercuenca Alto Marañón V,Huari,Huari
42327,JASS DEL CENTRO POBLADO RURAL DE HUAMANMARCA,Licencia,Poblacional,Manantial JATO I / Manantial JATO II / Manantial JATO III,JASS DEL CENTRO POBLADO RURAL DE HUAMANMARCA,1310-2018 ANA-AAA.M,2018-09-24,Marañón,Huari,Intercuenca Alto Marañón V,Huari,Huari
42328,JASS DEL CENTRO POBLADO RURAL DE CHUCPUN,Licencia,Poblacional,Manantial GOLLAR WUANKA / Manantial PASHTAG,JASS DEL CENTRO POBLADO RURAL DE CHUCPUN,1305-2018 ANA-AAA.M,2018-09-24,Marañón,Huari,Intercuenca Alto Marañón V,Huari,Huari
42329,JASS DEL CENTRO POBLADO RURAL DE MOROCANCHA,Licencia,Poblacional,Manantial CHAUPIRACRA,JASS DEL CENTRO POBLADO RURAL DE MOROCANCHA,1304-2018 ANA-AAA.M,2018-09-24,Marañón,Huari,Intercuenca Alto Marañón V,Huari,Huari
42330,JUNTA ADMINISTRADORA DE SERVICIOS DE AGUA Y SANEAMIENTO DEL CENTRO POBLADO TASHTA ALTO,Licencia,Poblacional,Manantial YANASHAGSHAS,JUNTA ADMINISTRADORA DE SERVICIOS DE AGUA Y SANEAMIENTO DEL CENTRO POBLADO TASHTA ALTO,0462-2021 ANA-AAA.M,2021-04-26,Marañón,Huari,Intercuenca Alto Marañón V,Huari,Huari
42331,JUNTA ADMINISTRADORA DE SERVICIOS DE SANEAMIENTO DEL CENTRO POBLADO TASHTA BAJO,Licencia,Poblacional,Puquio TUCUMACHAY,JUNTA ADMINISTRADORA DE SERVICIOS DE SANEAMIENTO DEL CENTRO POBLADO TASHTA BAJO,0505-2020 ANA-AAA.M,2020-08-19,Marañón,Huari,Intercuenca Alto Marañón V,Huari,Huari
42332,COMITE DE USUARIOS DE  AGUA TOMA PALTARAGRA RIO PUJUN SECTOR PALTA BAJO,Licencia,Agrícola,Quebrada PUJUN,COMITE DE USUARIOS DE  AGUA TOMA PALTARAGRA RIO PUJUN SECTOR PALTA BAJO,1641-2024 ANA-AAA.M,2024-10-23,Marañón,Huari,Intercuenca Alto Marañón V,Huari,San Marcos
42333,COMITÉ DE USUARIOS DE AGUA HUELLARURY,Licencia,Agrícola,Quebrada HUALLMISH,COMITÉ DE USUARIOS DE AGUA HUELLARURY,984-2019 ANA-AAA.M,2019-09-03,Marañón,Huari,Intercuenca Alto Marañón V,Huari,Chavin De Huantar
42334,"COMITÉ DE USUARIOS DE AGUA GUEROGITARANAN,CUCHIMACHAY Y ULTUCOCHA",Licencia,Agrícola,Manantial ULTUCOCHA / Manantial ULTUCOCHA I / Quebrada GUEROGITARINAN,"COMITÉ DE USUARIOS DE AGUA GUEROGITARANAN,CUCHIMACHAY Y ULTUCOCHA",1411-2019 ANA-AAA.M,2019-11-21,Marañón,Huari,Intercuenca Alto Marañón V,Huari,Huari
42335,JASS DEL CENTRO POBLADO RURAL DE COLPA,Licencia,Poblacional,Quebrada QUINCA RACRA,JASS DEL CENTRO POBLADO RURAL DE COLPA,1273-2018 ANA-AAA.M,2018-09-20,Marañón,Huari,Intercuenca Alto Marañón V,Huari,Huari
42336,"JUNTA ADMINISTRADORA DE SERVICIOS DE SANEAMIENTO (JASS), DEL SECTOR ÑAUPAMARCA DEL CENTRO POBLADO RURAL DE AYASH",Licencia,Poblacional,Manantial ÑAUPAMARCA 1 / Manantial ÑAUPAMARCA 2,"JUNTA ADMINISTRADORA DE SERVICIOS DE SANEAMIENTO (JASS), DEL SECTOR ÑAUPAMARCA DEL CENTRO POBLADO RURAL DE AYASH",0847-2022 ANA-AAA.M,2022-10-10,Marañón,Huari,Intercuenca Alto Marañón V,Huari,San Marcos
42337,"JUNTA ADMINISTRADORA DE SERVICIOS DE SANEAMIENTO (JASS), DEL CASERIO SAN JOSÉ DE CANLLÁ",Licencia,Poblacional,Manantial SHALLAMONTE / Manantial PERJIL MONTE,"JUNTA ADMINISTRADORA DE SERVICIOS DE SANEAMIENTO (JASS), DEL CASERIO SAN JOSÉ DE CANLLÁ",0433-2023 ANA-AAA.M,2023-06-02,Marañón,Huari,Intercuenca Alto Marañón V,Antonio Raymondi,Aczo
42338,Comite de Usuarios Matarajra,Licencia,Agrícola,Quebrada MATARAJRA,Comite de Usuarios Matarajra,1082-2025 ANA-AAA.M,2025-09-04,Marañón,Huari,Intercuenca Alto Marañón V,Antonio Raymondi,Aczo
42339,JUNTA ADMINISTRADORA DE SERVICIO DE SANEAMIENTO DEL SECTOR DE HUANCAYOC,Licencia,Poblacional,Manantial QUINRAYCANCHA / Manantial QUINRAYCANCHA 2 / Manantial HUAHASH / Manantial TORO PUKIO / Manantial LAYRI HUACHAC / Manantial PUTACA PAMPA / Manantial PUTACA,JUNTA ADMINISTRADORA DE SERVICIO DE SANEAMIENTO DEL SECTOR DE HUANCAYOC,1652-2024 ANA-AAA.M,2024-10-24,Marañón,Huari,Intercuenca Alto Marañón V,Huari,San Pedro De Chana
42340,JUNTA ADMINISTRADORA DE SERVICIOS DE SANEAMIENTO DEL CASERIO DE COCHAS - CHAVIN DE HUANTAR,Licencia,Poblacional,Manantial VIOLIN MACHE / Manantial MANCA PASTA,JUNTA ADMINISTRADORA DE SERVICIOS DE SANEAMIENTO DEL CASERIO DE COCHAS - CHAVIN DE HUANTAR,0125-2020 ANA-AAA.M,2020-02-28,Marañón,Huari,Intercuenca Alto Marañón V,Huari,Chavin De Huantar
42341,COMITÉ DE USUARIOS DE AGUA CARHUASCANCHA SAN ANTONIO DE PADUA,Licencia,Agrícola,Río CARHUASCANCHA,COMITÉ DE USUARIOS DE AGUA CARHUASCANCHA SAN ANTONIO DE PADUA,0126-2020 ANA-AAA.M,2020-02-28,Marañón,Huari,Intercuenca Alto Marañón V,Huari,Huantar
42342,"JUNTA ADMINISTRADORA DE SERVICIOS DE SANEAMIENTO (JASS) DEL CENTRO POBLADO AYASH HUARIPAMPA, DISTRITO DE SAN MARCOS-HUARI-ANCASH",Licencia,Poblacional,Manantial ÑAWIN PUQUIO 01 / Manantial ÑAWIN PUQUIO 02 / Manantial RAYAN PATAC,"JUNTA ADMINISTRADORA DE SERVICIOS DE SANEAMIENTO (JASS) DEL CENTRO POBLADO AYASH HUARIPAMPA, DISTRITO DE SAN MARCOS-HUARI-ANCASH",0640-2022 ANA-AAA.M,2022-07-21,Marañón,Huari,Intercuenca Alto Marañón V,Huari,San Marcos
42343,COMITE DE USUARIOS DE AGUA DEL CANAL SAN LORENZO DE OSHCOTO,Licencia,Agrícola,Manantial QUISHUAR,COMITE DE USUARIOS DE AGUA DEL CANAL SAN LORENZO DE OSHCOTO,284-2021 ANA-AAA.M,2021-02-23,Marañón,Huari,Intercuenca Alto Marañón V,Antonio Raymondi,San Juan De Rontoy
42344,"COMITÉ DE USUARIOS DE AGUA OSHCOTO, HUAGA OGO DEL CASERIO PACHACUYO",Licencia,Agrícola,Manantial OSHCOTO / Manantial HUAGA OGO,"COMITÉ DE USUARIOS DE AGUA OSHCOTO, HUAGA OGO DEL CASERIO PACHACUYO",286-2021 ANA-AAA.M,2021-02-26,Marañón,Huari,Intercuenca Alto Marañón V,Antonio Raymondi,Chingas
42345,Comité de Usuarios de Agua Rayanpatac Ucra - Toma Pishipuquio Infiernillo - Huaripampa Medio,Licencia,Agrícola,Quebrada Callapo / Quebrada Rayanpatac / Manantial Rayanpatac 1 / Manantial Rayanpatac 2,Comité de Usuarios de Agua Rayanpatac Ucra - Toma Pishipuquio Infiernillo - Huaripampa Medio,1364-2018 ANA-AAA.M,2018-09-28,Marañón,Huari,Intercuenca Alto Marañón V,Huari,San Marcos
42346,Comité de Usuarios de Agua Shagshashpuquio - Gaucho,Licencia,Agrícola,Manantial Shagshashpuquio,Comité de Usuarios de Agua Shagshashpuquio - Gaucho,1363-2018 ANA-AAA.M,2018-09-28,Marañón,Huari,Intercuenca Alto Marañón V,Huari,San Marcos
42347,COMITE DE USUARIOS DE AGUA ÑAWINPUQUIO- CACHIPAMPA,Licencia,Agrícola,Manantial ÑAWINPUQUIO II / Manantial ÑAHUIN PUQUIO I,COMITE DE USUARIOS DE AGUA ÑAWINPUQUIO- CACHIPAMPA,1238-2018 ANA-AAA.M,2018-09-17,Marañón,Huari,Intercuenca Alto Marañón V,Huari,Huari
42348,"COMITE DE USUARIOS DE AGUA DE LOS MANANTIALES YANAPACHO,PICHUYLLA, MANCA ALLPA, LA RINCONADA, MAMITA SOCORRO, PUKA CRUZ Y CHIWAN",Licencia,Agrícola,Manantial YANAPACHO / Manantial PICHUYLLA / Manantial MANCA ALLPA / Manantial RINCONADA / Manantial MAMITA SOCORRO / Manantial PUKA CRUZ Y CHIWAN,"COMITE DE USUARIOS DE AGUA DE LOS MANANTIALES YANAPACHO,PICHUYLLA, MANCA ALLPA, LA RINCONADA, MAMITA SOCORRO, PUKA CRUZ Y CHIWAN",0780-2023 ANA-AAA.M,2023-10-24,Marañón,Huari,Intercuenca Alto Marañón V,Huari,Uco
42349,"JUNTA ADMINISTRADORA DE SERVICIOS DE SANEAMIENTO (JASS), DEL SECTOR CONASH, DEL CENTRO POBLADO DE MACHAC",Licencia,Poblacional,Manantial MATARA,"JUNTA ADMINISTRADORA DE SERVICIOS DE SANEAMIENTO (JASS), DEL SECTOR CONASH, DEL CENTRO POBLADO DE MACHAC",0708-2022 ANA-AAA.M,2022-08-12,Marañón,Huari,Intercuenca Alto Marañón V,Huari,Chavin De Huantar
42350,JUNTA ADMINISTRADORA DE SERVICIOS JASS DEL CENTRO POBLADO DE HUISHIN,Licencia,Poblacional,Manantial HUIZUSH / Manantial AMLLUYACU,JUNTA ADMINISTRADORA DE SERVICIOS JASS DEL CENTRO POBLADO DE HUISHIN,1939-2024 ANA-AAA.M,2024-12-12,Marañón,Huari,Intercuenca Alto Marañón V,Huari,Chavin De Huantar
42351,JUNTA ADMINISTRADORA DE SERVICIOS DE SANEAMIENTO (JASS) DEL CENTRO POBLADO QUINHUARAGRA,Licencia,Poblacional,Manantial PEANA CUTA / Manantial ISCUMACHE / Manantial HUAGURO,JUNTA ADMINISTRADORA DE SERVICIOS DE SANEAMIENTO (JASS) DEL CENTRO POBLADO QUINHUARAGRA,1127-2019 ANA-AAA.M,2019-09-24,Marañón,Huari,Intercuenca Alto Marañón V,Huari,San Marcos
42352,Junta Administradora de Servicios (JASS) del Centro Poblado Quercos,Licencia,Poblacional,Manantial SEGIS,Junta Administradora de Servicios (JASS) del Centro Poblado Quercos,729-2019 ANA-AAA.M,2019-08-12,Marañón,Huari,Intercuenca Alto Marañón V,Huari,Chavin De Huantar
42353,"JUNTA ADMINISTRADORA DE SERVICIOS DE SANEAMIENTO (JASS), DE LA LOCALIDAD DE SAN CRISTOBAL DE TAMBO",Licencia,Poblacional,Riachuelo ISHANCA / Manantial ISHANCA / Manantial TAMBO ALTO / Manantial PUKA YACU / Manantial CAJON PUQUIO / Manantial MONTI PUQUIO / Manantial MARCO PUQUIO 01 / Manantial MARCO PUQUIO 02 / Manantia,"JUNTA ADMINISTRADORA DE SERVICIOS DE SANEAMIENTO (JASS), DE LA LOCALIDAD DE SAN CRISTOBAL DE TAMBO",0624-2022 ANA-AAA.M,2022-07-19,Marañón,Huari,Intercuenca Alto Marañón V,Huari,Huachis
42354,COMITE DE REGANTES CANAL FLOR DE PRIMAVERA,Licencia,Agrícola,Quebrada paucar cahy,COMITE DE REGANTES CANAL FLOR DE PRIMAVERA,1771-2018 ANA-AAA.M,2018-11-20,Marañón,Alto Marañon,Intercuenca Alto Marañón V,Declarada: Huamalies,Declarado: Singa
42355,COMITE DE USUARIOS QUENUACOCHA CHILCAPUQUIO HIJIN - RAPAYAN,Licencia,Agrícola,Quebrada QUENUACOCHA CHILCAPUQUIO,COMITE DE USUARIOS QUENUACOCHA CHILCAPUQUIO HIJIN - RAPAYAN,1715-2018 ANA-AAA.M,2018-11-13,Marañón,Alto Marañon,Intercuenca Alto Marañón V,Huari,Rapayan
42356,COMITE DE USUARIOS QUELLECOCHA YAGAWILLCA HIJIN - RAPAYAN,Licencia,Agrícola,Quebrada QUELLECOCHA YAGAWILLCA,COMITE DE USUARIOS QUELLECOCHA YAGAWILLCA HIJIN - RAPAYAN,1714-2018 ANA-AAA.M,2018-11-13,Marañón,Alto Marañon,Intercuenca Alto Marañón V,Huari,Rapayan
42357,COMITE DE USUARIOS PIRUSHTU PORVENIR - RAPAYAN,Licencia,Agrícola,Quebrada PIRUSHTU,COMITE DE USUARIOS PIRUSHTU PORVENIR - RAPAYAN,1726-2018 ANA-AAA.M,2018-11-13,Marañón,Alto Marañon,Intercuenca Alto Marañón V,Huari,Rapayan
42358,COMITE DE USUARIOS MONTECANCHA PORVENIR - RAPAYAN,Licencia,Agrícola,Quebrada MONTECANCHA PORVENIR,COMITE DE USUARIOS MONTECANCHA PORVENIR - RAPAYAN,1725-2018 ANA-AAA.M,2018-11-13,Marañón,Alto Marañon,Intercuenca Alto Marañón V,Huari,Rapayan
42359,COMITE DE USUARIOS MOLLOGUIN BAJO ALLGURAGRA - RAPAYAN,Licencia,Agrícola,Quebrada MOLLOGUIN,COMITE DE USUARIOS MOLLOGUIN BAJO ALLGURAGRA - RAPAYAN,1707-2018 ANA-AAA.M,2018-11-13,Marañón,Alto Marañon,Intercuenca Alto Marañón V,Huari,Rapayan
42360,COMITÉ DE USUARIOS YUNTUC SHIRACA - HUACCHIS,Licencia,Agrícola,Quebrada RAGRAG,COMITÉ DE USUARIOS YUNTUC SHIRACA - HUACCHIS,1535-2018 ANA-AAA.M,2018-10-31,Marañón,Alto Marañon,Intercuenca Alto Marañón V,Huari,Huacchis
42361,JASS DEL CASERIO DE TACTABAMBA,Licencia,Poblacional,Manantial Cashacancha / Manantial Putagamunte / Manantial Churanán,JASS DEL CASERIO DE TACTABAMBA,0459-2020 ANA-AAA.M,2020-08-12,Marañón,Alto Marañon,Intercuenca Alto Marañón V,Huari,Rapayan
42362,JASS DEL DISTRITO DE RAYAPAN,Licencia,Poblacional,Manantial Pilanco de Santag / Manantial Rayapampa / Manantial Cunturin Bajo / Manantial Wegna (Llauchijirca) / Manantial Cunturin / Manantial Llullayacu / Manantial ShuntuUcru,JASS DEL DISTRITO DE RAYAPAN,0458-2020 ANA-AAA.M,2020-08-12,Marañón,Alto Marañon,Intercuenca Alto Marañón V,Huari,Rapayan
42363,COMITE DE USUARIOS TECSHGU HUACCHIQUECHUA - HUACCHIS,Licencia,Agrícola,Quebrada CHILLIA,COMITE DE USUARIOS TECSHGU HUACCHIQUECHUA - HUACCHIS,1515-2018 ANA-AAA.M,2018-10-29,Marañón,Alto Marañon,Intercuenca Alto Marañón V,Huari,Huacchis
42364,COMITE DE USUARIOS CHAMPARA CHUCMAN MANGUR - HUACCHIS,Licencia,Agrícola,Quebrada CHAMPANARIO (Champara),COMITE DE USUARIOS CHAMPARA CHUCMAN MANGUR - HUACCHIS,1784-2018 ANA-AAA.M,2018-11-20,Marañón,Alto Marañon,Intercuenca Alto Marañón V,Huari,Huacchis
42365,COMITE DE USUARIOS CHAMPARA MANCHURIA - HUACCHIS,Licencia,Agrícola,Quebrada CHAMPANARIO (CHAMPARA),COMITE DE USUARIOS CHAMPARA MANCHURIA - HUACCHIS,1821-2018 ANA-AAA.M,2018-11-21,Marañón,Alto Marañon,Intercuenca Alto Marañón V,Huari,Huacchis
42366,COMITÉ DE USUARIOS CAURISH MARCASH - HUACCHIS,Licencia,Agrícola,Quebrada CAURISH,COMITÉ DE USUARIOS CAURISH MARCASH - HUACCHIS,1509-2018 ANA-AAA.M,2018-10-29,Marañón,Alto Marañon,Intercuenca Alto Marañón V,Huari,Huacchis
42367,COMITÉ DE USUARIOS CHILLIA HUAYO LEMACUCHO - HUACCHIS,Licencia,Agrícola,Quebrada AYAC (PAUCARPATA),COMITÉ DE USUARIOS CHILLIA HUAYO LEMACUCHO - HUACCHIS,1703-2018 ANA-AAA.M,2018-11-13,Marañón,Alto Marañon,Intercuenca Alto Marañón V,Huari,Huacchis
42368,COMITÉ DE USUARIOS CHAMPARA HUACA YURAGMARAY - HUACCHIS,Licencia,Agrícola,Quebrada CHAMPANARIO,COMITÉ DE USUARIOS CHAMPARA HUACA YURAGMARAY - HUACCHIS,1702-2018 ANA-AAA.M,2018-11-13,Marañón,Alto Marañon,Intercuenca Alto Marañón V,Huari,Huacchis
42369,COMITE DE USUARIOS CHAMPARA JAHUAN - HUACCHIS,Licencia,Agrícola,Quebrada CHAMPANARIO (CHAMPARA),COMITE DE USUARIOS CHAMPARA JAHUAN - HUACCHIS,1518-2018 ANA-AAA.M,2018-10-29,Marañón,Alto Marañon,Intercuenca Alto Marañón V,Huari,Huacchis
42370,COMITE DE USUARIOS ROSA PITZGANA ALTO PERU - HUACCHIS,Licencia,Agrícola,Quebrada CHAMPANARIO (GARUASH BADO),COMITE DE USUARIOS ROSA PITZGANA ALTO PERU - HUACCHIS,1828-2018 ANA-AAA.M,2018-11-21,Marañón,Alto Marañon,Intercuenca Alto Marañón V,Huari,Huari
42371,COMITE DE USUARIOS TRANCARAGRA COCHAPAMPA - HUACCHIS,Licencia,Agrícola,Quebrada CAURISH,COMITE DE USUARIOS TRANCARAGRA COCHAPAMPA - HUACCHIS,1705-2018 ANA-AAA.M,2018-11-13,Marañón,Alto Marañon,Intercuenca Alto Marañón V,Huari,Huacchis
42372,COMITE DE USUARIOS CAURISH PUNRUNYA - HUACCHIS,Licencia,Agrícola,Quebrada CAURISH,COMITE DE USUARIOS CAURISH PUNRUNYA - HUACCHIS,1704-2018 ANA-AAA.M,2018-11-13,Marañón,Alto Marañon,Intercuenca Alto Marañón V,Huari,Huacchis
42373,COMITE DE REGANTES AUQUIRAGRA ANTILPAMPA,Licencia,Agrícola,Quebrada AUQUIRRAGRA / Riachuelo COCHATAGA,COMITE DE REGANTES AUQUIRAGRA ANTILPAMPA,2023-2018 ANA-AAA.M,2018-12-06,Marañón,Alto Marañon,Intercuenca Alto Marañón V,Huari,Huacchis
42374,COMITE DE USUARIOS PACHAS ICHON - HUACCHIS,Licencia,Agrícola,Quebrada CHAMPANARIO (GARUSH BADO),COMITE DE USUARIOS PACHAS ICHON - HUACCHIS,1785-2018 ANA-AAA.M,2018-11-20,Marañón,Alto Marañon,Intercuenca Alto Marañón V,Huari,Huacchis
42375,COMITE DE USUARIOS MOLLOGUIN ALTO MELODIA - RAPAYAN,Licencia,Agrícola,Quebrada MOLLOGUIN,COMITE DE USUARIOS MOLLOGUIN ALTO MELODIA - RAPAYAN,1804-2018 ANA-AAA.M,2018-11-20,Marañón,Alto Marañon,Intercuenca Alto Marañón V,Huari,Rapayan
42376,COMITE DE USUARIOS HUANCATO SAN ROQUE DE CHUNAS - RAPAYAN,Licencia,Agrícola,Quebrada SAN ROQUE DE CHUNAS,COMITE DE USUARIOS HUANCATO SAN ROQUE DE CHUNAS - RAPAYAN,1668-2018 ANA-AAA.M,2018-11-12,Marañón,Alto Marañon,Intercuenca Alto Marañón V,Huari,Rapayan
42377,COMITE DE USUARIOS SILLARUMI ALLGURAGRA PROGRESO -  RAPAYAN,Licencia,Agrícola,Quebrada SILLARUMI,COMITE DE USUARIOS SILLARUMI ALLGURAGRA PROGRESO -  RAPAYAN,1777-2018 ANA-AAA.M,2018-11-20,Marañón,Alto Marañon,Intercuenca Alto Marañón V,Huari,Rapayan
42378,COMITE DE USUARIOS CACHINA GORIYOC - RAPAYAN,Licencia,Agrícola,Quebrada CACHINA GORIYOC,COMITE DE USUARIOS CACHINA GORIYOC - RAPAYAN,1831-2018 ANA-AAA.M,2018-11-21,Marañón,Alto Marañon,Intercuenca Alto Marañón V,Huari,Rapayan
42379,COMITE DE USUARIOS TZOGUPATAC VIRO - RAPAYAN,Licencia,Agrícola,Quebrada TZOGUPATAC,COMITE DE USUARIOS TZOGUPATAC VIRO - RAPAYAN,1818-2018 ANA-AAA.M,2018-11-21,Marañón,Alto Marañon,Intercuenca Alto Marañón V,Huari,Rapayan
42380,COMITE DE USUARIOS YUCYUCOHA GANTUJIRCA TACTABAMBA - RAPAYAN,Licencia,Agrícola,Quebrada YUCYUCOHA GANTUJIRCA,COMITE DE USUARIOS YUCYUCOHA GANTUJIRCA TACTABAMBA - RAPAYAN,1659-2018 ANA-AAA.M,2018-11-12,Marañón,Alto Marañon,Intercuenca Alto Marañón V,Huari,Rapayan
42381,JUNTA ADMINISTRADORA DE SERVICIOS DE SANEAMIENTO VIRGEN DEL CARMEN DEL CENTRO POBLADO RURAL DE  HUACLLAN,Licencia,Poblacional,Manantial SHACAN,JUNTA ADMINISTRADORA DE SERVICIOS DE SANEAMIENTO VIRGEN DEL CARMEN DEL CENTRO POBLADO RURAL DE  HUACLLAN,0087-2026 ANA.AAA.HCH,2026-01-27,Huarmey Chicama,Casma Huarmey,Cuenca Huarmey,Aija,Huacllan
42382,Junta Administradora de Servicios de Saneamiento (JASS) del Centro Poblado de San Damián,Licencia,Poblacional,Manantial Irman,Junta Administradora de Servicios de Saneamiento (JASS) del Centro Poblado de San Damián,,,Huarmey Chicama,Casma Huarmey,Cuenca Huarmey,Aija,Coris
42383,COMUNIDAD CAMPESINA SANTA ANA DE SUCCHA,Licencia,Agrícola,Quebrada LLANCA,COMUNIDAD CAMPESINA SANTA ANA DE SUCCHA,079-2026 ANA.AAA.HCH,2026-08-13,Huarmey Chicama,Casma Huarmey,Cuenca Huarmey,Aija,Succha
42384,Comité de Usuarios de Agua de Riego de la Comunidad Campesina San Agustin de Almizcle,Licencia,Agrícola,Quebrada CONDORCOCHA,Comité de Usuarios de Agua de Riego de la Comunidad Campesina San Agustin de Almizcle,1119-2025 ANA-AAA.HCH,2025-12-14,Huarmey Chicama,Casma Huarmey,Cuenca Huarmey,Aija,Coris
42385,Comité de Usuarios de Agua de Riego de la Comunidad Campesina San Agustín de Almizcle,Licencia,Agrícola,Quebrada Huanquinoq / Manantial Jatun Oqu,Comité de Usuarios de Agua de Riego de la Comunidad Campesina San Agustín de Almizcle,0952-2025 ANA-AAA.HCH,2025-11-13,Huarmey Chicama,Casma Huarmey,Cuenca Huarmey,Aija,Coris
42386,Junta Administradora de Servicios de Saneamiento (JASS) del Centro Poblado de Almizcle,Licencia,Poblacional,Manantial Escorzonera / Manantial Chancay Oqu,Junta Administradora de Servicios de Saneamiento (JASS) del Centro Poblado de Almizcle,1018-2025 ANA-AAA.HCH,2025-11-24,Huarmey Chicama,Casma Huarmey,Cuenca Huarmey,Aija,Coris
42387,Junta Administradora de los Servicios de Saneamiento (JASS) del Centro Poblado de Huachon,Licencia,Poblacional,Manantial Raju Puquio,Junta Administradora de los Servicios de Saneamiento (JASS) del Centro Poblado de Huachon,0301-2026 ANA-AAA.HCH,2026-04-09,Huarmey Chicama,Casma Huarmey,Cuenca Huarmey,Aija,La Merced
42388,Junta Administradora de Servicios de Saneamiento (JASS) del Centro Poblado de San Ildefonso,Licencia,Poblacional,Manantial Ocshapampa / Manantial Pashtac Puquio I / Manantial Auquis Pactza / Manantial Triangulo,Junta Administradora de Servicios de Saneamiento (JASS) del Centro Poblado de San Ildefonso,0300-2026 ANA-AAA.HCH,2026-04-09,Huarmey Chicama,Casma Huarmey,Cuenca Huarmey,Aija,La Merced
42389,Junta Administradora de Servicios de Saneamiento (JASS) del Centro Poblado de Dos de Mayo,Licencia,Poblacional,Quebrada HUACOTO,Junta Administradora de Servicios de Saneamiento (JASS) del Centro Poblado de Dos de Mayo,0299-2026 ANA-AAA.HCH,2026-04-09,Huarmey Chicama,Casma Huarmey,Cuenca Huarmey,Aija,La Merced
42390,Comite de Usuarios de Agua Superficial Toma de Huishllac,Licencia,Agrícola,Quebrada Huishllac,Comite de Usuarios de Agua Superficial Toma de Huishllac,0167-2026 ANA-AAA.HCH,2026-02-24,Huarmey Chicama,Casma Huarmey,Cuenca Huarmey,Aija,Aija
42391,Comité de Usuarios de Agua Superficial Toma de Huishllac,Licencia,Agrícola,Quebrada Huishllac,Comité de Usuarios de Agua Superficial Toma de Huishllac,0168-2026 ANA.AAA.HCH,2026-02-24,Huarmey Chicama,Casma Huarmey,Cuenca Huarmey,Aija,Aija
42392,Comité de Usuarios de Agua Superficial Toma de Huishllac,Licencia,Agrícola,Quebrada Huishllac,Comité de Usuarios de Agua Superficial Toma de Huishllac,0169-2026 ANA.AAA.HCH,2026-02-24,Huarmey Chicama,Casma Huarmey,Cuenca Huarmey,Aija,Aija
42393,Comité de Usuarios de Agua Superficial Toma de Huishllac,Licencia,Agrícola,Quebrada Huishllac,Comité de Usuarios de Agua Superficial Toma de Huishllac,0172-2026 ANA.AAA.HCH,2026-02-24,Huarmey Chicama,Casma Huarmey,Cuenca Huarmey,Aija,Aija
42394,Comité de Usuarios de Agua Superficial Jircacancha,Licencia,Agrícola,Manantial Huanukuyoq / Manantial Raqui / Manantial Shama / Manantial Oscu / Manantial Chopi Cocha 1 / Manantial Chopi Cocha 2,Comité de Usuarios de Agua Superficial Jircacancha,0157-2026 ANA.AAA.HCH,2026-02-20,Huarmey Chicama,Casma Huarmey,Cuenca Huarmey,Aija,Aija
42395,Junta Administradora de Servicios de Saneamiento (JASS) del Caserío del Carmen,Licencia,Poblacional,Manantial Cushuro Pachan,Junta Administradora de Servicios de Saneamiento (JASS) del Caserío del Carmen,0783-2025 ANA-AAA.HCH,2025-09-25,Huarmey Chicama,Casma Huarmey,Cuenca Huarmey,Aija,La Merced
42396,Junta Administradora de Servicios de Saneamiento (JASS) del Centro Poblado Rural de San Francisco de Rurimarac,Licencia,Poblacional,Manantial Kara Cancha 2 / Manantial Kara Cancha 1 / Manantial PUTACA,Junta Administradora de Servicios de Saneamiento (JASS) del Centro Poblado Rural de San Francisco de Rurimarac,0782-2025 ANA-AAA.HCH,2025-09-25,Huarmey Chicama,Casma Huarmey,Cuenca Huarmey,Aija,Aija
42397,Comité de Usuarios de Agua Subterranea del Pozo el Español,Licencia,Agrícola,Acuífero CULEBRAS,Comité de Usuarios de Agua Subterranea del Pozo el Español,0150-2026 ANA.AAA.HCH,2026-02-17,Huarmey Chicama,Casma Huarmey,Cuenca Culebras,Huarmey,Culebras
42398,Comité de Usuarios de Agua Superficial Puquio Español,Licencia,Agrícola,Manantial Español,Comité de Usuarios de Agua Superficial Puquio Español,0165-2026 ANA.AAA.HCH,2026-02-24,Huarmey Chicama,Casma Huarmey,Cuenca Culebras,Huarmey,Culebras
42399,JUNTA ADMINISTRADORA DE SERVICIOS DE AGUA Y SANEAMIENTO (JASS) DE QUILLAPAMPA,Licencia,Poblacional,Acuífero CULEBRAS,JUNTA ADMINISTRADORA DE SERVICIOS DE AGUA Y SANEAMIENTO (JASS) DE QUILLAPAMPA,0238-2026 ANA-AAA.HCH,2026-03-11,Huarmey Chicama,Casma Huarmey,Cuenca Culebras,Huarmey,Culebras
42400,JUNTA ADMINISTRADORA DE SERVICIOS DE SANEAMIENTOS DEL CENTRO POBLADO JANCA,Licencia,Poblacional,Manantial BOTIJA,JUNTA ADMINISTRADORA DE SERVICIOS DE SANEAMIENTOS DEL CENTRO POBLADO JANCA,1118-2025 ANA-AAA.HCH,2025-12-14,Huarmey Chicama,Casma Huarmey,Cuenca Culebras,Huaraz,Huanchay
42401,JUNTA ADMINISTRADORA DE SERVICIOS DE SANEAMIENTOS DEL ANEXO CARHUA,Licencia,Poblacional,Manantial QUILQUI 1 / Manantial QUILQUI 2,JUNTA ADMINISTRADORA DE SERVICIOS DE SANEAMIENTOS DEL ANEXO CARHUA,1101-2025 ANA-AAA.HCH,2025-12-12,Huarmey Chicama,Casma Huarmey,Cuenca Culebras,Huaraz,Huanchay
42402,JUNTA ADMINISTRADORA DE SERVICIOS DE SANEAMIENTO DEL CENTRO POBLADO DE RAYPA,Licencia,Poblacional,Manantial RAYPA,JUNTA ADMINISTRADORA DE SERVICIOS DE SANEAMIENTO DEL CENTRO POBLADO DE RAYPA,0934-2025 ANA-AAA.HCH,2025-11-09,Huarmey Chicama,Casma Huarmey,Cuenca Culebras,Huaraz,Huanchay
42403,JUNTA ADMINISTRADORA DE SERVICIOS DE SANEAMIENTOS DEL CASERÍO CUMBREC,Licencia,Poblacional,Manantial PIKUP / Quebrada AGUA SALADA,JUNTA ADMINISTRADORA DE SERVICIOS DE SANEAMIENTOS DEL CASERÍO CUMBREC,1103-2025 ANA-AAA.HCH,2025-12-12,Huarmey Chicama,Casma Huarmey,Cuenca Culebras,Huaraz,Huanchay
42404,JUNTA ADMINISTRADORA DE SERVICIOS DE SANEAMIENTOS  (JASS) DEL CASERIO DE  HUARIP DEL DISTRITO DE HUANCHAY,Licencia,Poblacional,Manantial HUARIP,JUNTA ADMINISTRADORA DE SERVICIOS DE SANEAMIENTOS  (JASS) DEL CASERIO DE  HUARIP DEL DISTRITO DE HUANCHAY,0166-2026 ANA.AAA.HCH,2026-02-24,Huarmey Chicama,Casma Huarmey,Cuenca Culebras,Huaraz,Huanchay
42405,JUNTA ADMINISTRADORA DE SERVICIOS DE SANEAMIENTOS DEL CENTRO POBLADO QUILLHUAN,Licencia,Poblacional,Manantial QUILLHUAN,JUNTA ADMINISTRADORA DE SERVICIOS DE SANEAMIENTOS DEL CENTRO POBLADO QUILLHUAN,1088-2025 ANA-AAA.HCH,2025-12-11,Huarmey Chicama,Casma Huarmey,Cuenca Culebras,Huaraz,Huanchay
42406,JUNTA ADMINISTRADORA DE SERVICIOS DE SANEAMIENTO DEL CENTRO POBLADO DE HUANCHAY,Licencia,Poblacional,Manantial QUELACAN / Manantial WISHIN,JUNTA ADMINISTRADORA DE SERVICIOS DE SANEAMIENTO DEL CENTRO POBLADO DE HUANCHAY,1090-2025 ANA-AAA.HCH,2025-12-11,Huarmey Chicama,Casma Huarmey,Cuenca Culebras,Huaraz,Huanchay
42407,JUNTA ADMINISTRADORA DE SERVICIOS DE SANEAMIENTO DEL CENTRO POBLADO DE HUANCHIN,Licencia,Poblacional,Manantial HUANCHIN,JUNTA ADMINISTRADORA DE SERVICIOS DE SANEAMIENTO DEL CENTRO POBLADO DE HUANCHIN,0933-2025 ANA-AAA.HCH,2025-11-09,Huarmey Chicama,Casma Huarmey,Cuenca Culebras,Huaraz,Huanchay
42408,JUNTA ADMINISTRADORA DE SERVICIOS DE SANEAMIENTO DEL CENTRO POBLADO MAHUACANCHA,Licencia,Poblacional,Manantial MAHUACANCHA,JUNTA ADMINISTRADORA DE SERVICIOS DE SANEAMIENTO DEL CENTRO POBLADO MAHUACANCHA,0932-2025 ANA-AAA.HCH,2025-11-09,Huarmey Chicama,Casma Huarmey,Cuenca Culebras,Huaraz,Huanchay
42409,"JUNTA ADMINISTRADORA DE SERVICIOS DE SANEAMIENTO DEL CENTRO POBLADO DE LLACLLIN, LA FLORIDA Y PISHAN.",Licencia,Poblacional,Manantial LLACLLIN,"JUNTA ADMINISTRADORA DE SERVICIOS DE SANEAMIENTO DEL CENTRO POBLADO DE LLACLLIN, LA FLORIDA Y PISHAN.",0935-2025 ANA-AAA.HCH,2025-11-09,Huarmey Chicama,Casma Huarmey,Cuenca Culebras,Huaraz,Huanchay
42410,Orlando Edgar Lino Infantes,Licencia,Agrícola,Río CASMA,Junta de Usuarios del Sector Hidráulico Menor Casma Huarmey,0148-2026 ANA.AAA.HCH,2026-02-17,Huarmey Chicama,Casma Huarmey,Cuenca Casma,Casma,Comandante Noel
42411,Clementina Sánchez de Castillo,Licencia,Agrícola,Río CASMA,Junta de Usuarios del Sector Hidráulico Menor Casma Huarmey,0151-2026 ANA.AAA.HCH,2026-02-17,Huarmey Chicama,Casma Huarmey,Cuenca Casma,Casma,Comandante Noel
42412,Municipalidad Distrital de Buenavista Alta,Licencia,Poblacional,Acuífero CASMA / Acuífero CASMA / Acuífero CASMA,Municipalidad Distrital de Buenavista Alta,1162-2025 ANA-AAA.HCH,2025-12-18,Huarmey Chicama,Casma Huarmey,Cuenca Casma,Casma,Buena Vista Alta
42413,ROGER ELEAZAR RODRIGUEZ TORRES,Licencia,Agrícola,Río CASMA,JUNTA DE USUARIOS DEL SECTOR HIDRAULICO MENOR SECHÍN CASMA,1089-2025 ANA-AAA.HCH,2025-12-11,Huarmey Chicama,Casma Huarmey,Cuenca Casma,Casma,Casma
42414,"GAMBOA MORALES, MARIA",Licencia,Agrícola,Río CASMA,JUNTA DE USUARIOS SECTOR HIDRAULICO MENOR CASMA - SECHIN,0085-2026 ANA.AAA.HCH,2026-01-27,Huarmey Chicama,Casma Huarmey,Cuenca Casma,Casma,Yautan
42415,"NORABUENA TAMARA, FELIX SANTOS",Licencia,Agrícola,Río CASMA,JUNTA DE USUARIOS SECTOR HIDRAULICO MENOR CASMA - SECHIN,0091-2026 ANA-AAA.HCH,2026-01-27,Huarmey Chicama,Casma Huarmey,Cuenca Casma,Casma,Yautan
42416,"NORABUENA TAMARA, FELIX SANTOS",Licencia,Agrícola,Río CASMA,JUNTA DE USUARIOS SECTOR HIDRAULICO MENOR CASMA - SECHIN,0090-2026 ANA-AAA.HCH,2026-01-27,Huarmey Chicama,Casma Huarmey,Cuenca Casma,Casma,Yautan
42417,"NORABUENA TAMARA, JUSTINA SANTA",Licencia,Agrícola,Río CASMA,JUNTA DE USUARIOS SECTOR HIDRAULICO MENOR CASMA - SECHIN,0088-2026 ANA-AAA.HCH,2026-01-27,Huarmey Chicama,Casma Huarmey,Cuenca Casma,Casma,Yautan
42418,"PINEDA ALAMO, GAUDENCIO",Licencia,Agrícola,Río CASMA,,0082-2026 ANA.AAA.HCH,2026-01-27,Huarmey Chicama,Casma Huarmey,Cuenca Casma,Casma,Yautan
42419,"PALMA ROSAS, MELCHOR GASPAR",Licencia,Agrícola,Río CASMA,JUNTA DE USUARIOS SECTOR HIDRAULICO MENOR CASMA - SECHIN,0083-2026 ANA.AAA.HCH,2026-01-27,Huarmey Chicama,Casma Huarmey,Cuenca Casma,Casma,Yautan
42420,MARINO MENDOZA CRUZ,Licencia,Agrícola,Río CASMA,,0296-2026 ANA-AAA.HCH,2026-04-08,Huarmey Chicama,Casma Huarmey,Cuenca Casma,Casma,Yautan
42421,"MUÑOZ FLORES, JORGE CARLOS",Licencia,Agrícola,Río CASMA,"JUNTA DE USUARIOS DEL SECTOR HIDRÁULICO MENOR CASMA - SECHÍN, CLASE B",0351-2026 ANA-AAA.HCH,2026-04-30,Huarmey Chicama,Casma Huarmey,Cuenca Casma,Casma,Yautan
42422,Junta Administradora de Servicios de Saneamiento (JASS) del Sector Cachipampa Alta,Licencia,Poblacional,Acuífero CASMA,Junta Administradora de Servicios de Saneamiento (JASS) del Sector Cachipampa Alta,1021-2025 ANA-AAA.HCH,2025-11-24,Huarmey Chicama,Casma Huarmey,Cuenca Casma,Casma,Yautan
42423,JUNTA ADMINISTRADORA DE SERVICIOS DE SANEAMIENTO (JASS) DEL CENTRO POBLADO RURAL DE CUPLLOC,Licencia,Poblacional,Manantial ICHICURAN,JUNTA ADMINISTRADORA DE SERVICIOS DE SANEAMIENTO (JASS) DEL CENTRO POBLADO RURAL DE CUPLLOC,1024-2025 ANA-AAA.HCH,2025-11-24,Huarmey Chicama,Casma Huarmey,Cuenca Casma,Huaraz,Cochabamba
42424,JUNTA ADMINISTRADORA DE SERVICIOS DE SANEAMIENTO (JASS) DEL CENTRO POBLADO RURAL DE MIRAMAR,Licencia,Poblacional,Manantial URAN CORRAL / Manantial RATAS WUAY,JUNTA ADMINISTRADORA DE SERVICIOS DE SANEAMIENTO (JASS) DEL CENTRO POBLADO RURAL DE MIRAMAR,1026-2025 ANA-AAA.HCH,2025-11-24,Huarmey Chicama,Casma Huarmey,Cuenca Casma,Huaraz,Cochabamba
42425,"MENDEZ CHINCHAY, JAIR DENIS",Licencia,Agrícola,Río YAUTAN,"JUNTA DE USUARIOS SECTOR HIDRAULICO MENOR CASMA - SECHIN, CLASE B",0569-2026 ANA-AAA.HCH,2026-07-24,Huarmey Chicama,Casma Huarmey,Cuenca Casma,Casma,Yautan
42426,JUNTA ADMINISTRADORA DE SERVICIOS DE SANEAMIENTO (JASS) DEL CENTRO POBLADO RURAL DE CALLAO,Licencia,Poblacional,Manantial MICHIK COLLPA,JUNTA ADMINISTRADORA DE SERVICIOS DE SANEAMIENTO (JASS) DEL CENTRO POBLADO RURAL DE CALLAO,1025-2025 ANA-AAA.HCH,2025-11-24,Huarmey Chicama,Casma Huarmey,Cuenca Casma,Huaraz,Cochabamba
42427,COMITE DE USUARIOS DE AGUA SUPERFICIAL PAMPAS GRANDE,Licencia,Agrícola,Quebrada PUKAQUITA,COMITE DE USUARIOS DE AGUA SUPERFICIAL PAMPAS GRANDE,0781-2025 ANA-AAA.HCH,2025-09-25,Huarmey Chicama,Casma Huarmey,Cuenca Casma,Huaraz,Pampas Grande
42428,COMITE DE USUARIOS DE AGUA SUPERFICIAL PAMPAS GRANDE,Licencia,Agrícola,Manantial TARUPACCHA,COMITE DE USUARIOS DE AGUA SUPERFICIAL PAMPAS GRANDE,0786-2025 ANA-AAA.HCH,2025-09-25,Huarmey Chicama,Casma Huarmey,Cuenca Casma,Huaraz,Pampas Grande
42429,COMITE DE USUARIOS DE AGUA SUPERFICIAL PAMPAS GRANDE,Licencia,Agrícola,Quebrada MATARA,COMITE DE USUARIOS DE AGUA SUPERFICIAL PAMPAS GRANDE,0787-2025 ANA-AAA.HCH,2025-09-25,Huarmey Chicama,Casma Huarmey,Cuenca Casma,Huaraz,Pampas Grande
42430,COMITE DE USUARIOS DE AGUA SUPERFICIAL PAMPAS GRANDE,Licencia,Agrícola,Quebrada URUACOCHA,COMITE DE USUARIOS DE AGUA SUPERFICIAL PAMPAS GRANDE,0785-2025 ANA-AAA.HCH,2025-09-25,Huarmey Chicama,Casma Huarmey,Cuenca Casma,Huaraz,Pampas Grande
42431,Junta Administradora de Servicios de Saneamiento (JASS) del Centro Poblado de Pariash del Caserio de Huellap,Licencia,Poblacional,Manantial Ventana Jirca,Junta Administradora de Servicios de Saneamiento (JASS) del Centro Poblado de Pariash del Caserio de Huellap,1019-2025 ANA-AAA.HCH,2025-11-24,Huarmey Chicama,Casma Huarmey,Cuenca Casma,Huaraz,La Libertad
42432,Comunidad Campesina de Cajamarquilla,Licencia,Agrícola,Quebrada CHEMUR,Comunidad Campesina de Cajamarquilla,0909-2025 ANA-AAA.HCH,2025-11-04,Huarmey Chicama,Casma Huarmey,Cuenca Casma,Huaraz,La Libertad
42433,Comunidad Campesina de Cajamarquilla,Licencia,Agrícola,Quebrada Kurman,Comunidad Campesina de Cajamarquilla,0908-2025 ANA-AAA.HCH,2025-11-04,Huarmey Chicama,Casma Huarmey,Cuenca Casma,Huaraz,La Libertad
42434,Comité de Usuarios de Agua del Caserío de Arcash,Licencia,Agrícola,Quebrada SHINUACANCHA / Laguna Punan,Comité de Usuarios de Agua del Caserío de Arcash,0911-2025 ANA-AAA.HCH,2025-11-05,Huarmey Chicama,Casma Huarmey,Cuenca Casma,Huaraz,La Libertad
42435,Comité de Usuarios de Agua del Caserío de Arcash,Licencia,Agrícola,Quebrada SHINUACANCHA / Laguna Punan,Comité de Usuarios de Agua del Caserío de Arcash,0917-2025 ANA-AAA.HCH,2025-11-05,Huarmey Chicama,Casma Huarmey,Cuenca Casma,Huaraz,La Libertad
42436,Junta Administradora de Servicios de Saneamiento (JASS) del Centro Poblado Rural de Ahuash,Licencia,Poblacional,Manantial Huillcash,Junta Administradora de Servicios de Saneamiento (JASS) del Centro Poblado Rural de Ahuash,1022-2025 ANA-AAA.HCH,2025-11-24,Huarmey Chicama,Casma Huarmey,Cuenca Casma,Huaraz,Pira
42437,Comité de Usuarios de Agua del Caserío de Mantuas-Pira,Licencia,Agrícola,Quebrada Huancoc,Comité de Usuarios de Agua del Caserío de Mantuas-Pira,1093-2025 ANA-AAA.HCH,2025-12-11,Huarmey Chicama,Casma Huarmey,Cuenca Casma,Huaraz,Pira
42438,Comité de Usuarios de Agua del Caserío de Mantuas-Pira,Licencia,Agrícola,Quebrada PISHAN,Comité de Usuarios de Agua del Caserío de Mantuas-Pira,0953-2025 ANA-AAA.HCH,2025-11-13,Huarmey Chicama,Casma Huarmey,Cuenca Casma,Huaraz,Pira
42439,Comité de Usuarios de Agua del Caserío de Mantuas-Pira,Licencia,Agrícola,Río PIRA,Comité de Usuarios de Agua del Caserío de Mantuas-Pira,0951-2025 ANA-AAA.HCH,2025-11-13,Huarmey Chicama,Casma Huarmey,Cuenca Casma,Huaraz,Pira
42440,Comité de Usuarios de Agua del Caserío de Mantuas,Licencia,Agrícola,Quebrada PISHAN,Comité de Usuarios de Agua del Caserío de Mantuas,0916-2025 ANA-AAA.HCH,2025-11-05,Huarmey Chicama,Casma Huarmey,Cuenca Casma,Huaraz,Pira
42441,LUIS ARTEAGA CHAVEZ,Licencia,Agrícola,Río NEPEÑA / Río SANTA,"JUNTA DE USUARIOS DEL SECTOR HIDRAULICO MENOR NEPEÑA, CLASE B",0460-2026 ANA.AAA.HCH,2026-06-12,Huarmey Chicama,Santa Lacramarca Nepeña,Cuenca Nepeña,Santa,Samanco
42442,PEDRO ENRIQUE MORALES ALFARO,Licencia,Agrícola,Río NEPEÑA / Río SANTA,COMISION DE USUARIOS DEL SUBSECTOR HIDRAULICO NEPEÑA,0458-2026 ANA-AAA.HCH,2026-06-12,Huarmey Chicama,Santa Lacramarca Nepeña,Cuenca Nepeña,Santa,Samanco
42443,MARIA ISABEL LOPEZ HUAMAN,Licencia,Agrícola,Río NEPEÑA / Río SANTA,COMISION DE USUARIOS DEL SUBSECTOR HIDRAULICO NEPEÑA,0364-2026 ANA-AAA.HCH,2026-05-07,Huarmey Chicama,Santa Lacramarca Nepeña,Cuenca Nepeña,Santa,Samanco
42444,JENARA LOPEZ HUAMAN,Licencia,Agrícola,Río NEPEÑA / Río SANTA,COMISION DE USUARIOS DEL SUBSECTOR HIDRAULICO NEPEÑA,0361-2026 ANA-AAA.HCH,2026-05-06,Huarmey Chicama,Santa Lacramarca Nepeña,Cuenca Nepeña,Santa,Samanco
42445,NICANOR LOPEZ HUAMAN,Licencia,Agrícola,Río NEPEÑA / Río SANTA,COMISION DE USUARIOS DEL SUBSECTOR HIDRAULICO NEPEÑA,0430-2026 ANA-AAA.HCH,2026-05-27,Huarmey Chicama,Santa Lacramarca Nepeña,Cuenca Nepeña,Santa,Samanco
42446,WILDER RICARDO VEGA LOPEZ,Licencia,Agrícola,Río NEPEÑA,"JUNTA DE USUARIOS DEL SECTOR HIDRAULICO MENOR NEPEÑA, CLASE B",0153-2026 ANA.AAA.HCH,2026-02-19,Huarmey Chicama,Santa Lacramarca Nepeña,Cuenca Nepeña,Santa,Nepeña
42447,TEOFILO JUAN APOLINARIO LEON,Licencia,Agrícola,Río NEPEÑA,"JUNTA DE USUARIOS DEL SECTOR HIDRAULICO MENOR NEPEÑA, CLASE B",0465-2026 ANA.AAA.HCH,2026-06-15,Huarmey Chicama,Santa Lacramarca Nepeña,Cuenca Nepeña,Santa,Moro
42448,YOLANDA HERMELINDA CANO AGURTO,Licencia,Agrícola,Río NEPEÑA,"JUNTA DE USUARIOS DEL SECTOR HIDRAULICO MENOR NEPEÑA, CLASE B",0437-2026 ANA.AAA.HCH,2026-06-02,Huarmey Chicama,Santa Lacramarca Nepeña,Cuenca Nepeña,Santa,Nepeña
42449,LIBORIO WALTER TELLEZ PALACIOS,Licencia,Agrícola,Río LAMPANIN,COMISION DE USUARIOS DEL SUB SECTOR HIDRAULICO JIMBE,0469-2026 ANA.AAA.HCH,2026-06-16,Huarmey Chicama,Santa Lacramarca Nepeña,Cuenca Nepeña,Santa,Caceres Del Peru
42450,LIBORIO WALTER TELLEZ PALACIOS,Licencia,Agrícola,Río LAMPANIN,COMISION DE USUARIOS DEL SUB SECTOR HIDRAULICO JIMBE,0470-2026 ANA.AAA.HCH,2026-06-16,Huarmey Chicama,Santa Lacramarca Nepeña,Cuenca Nepeña,Santa,Caceres Del Peru
42451,COMISIÓN DE USUARIOS DEL SUBSECTOR HIDRAULICO COLCAP,Licencia,Agrícola,Quebrada CHINGA,COMISIÓN DE USUARIOS DEL SUBSECTOR HIDRAULICO COLCAP,0918-2025 ANA-AAA.HCH,2025-11-07,Huarmey Chicama,Santa Lacramarca Nepeña,Cuenca Nepeña,Santa,Caceres Del Peru
42452,COMISIÓN DE USUARIOS DEL SUBSECTOR HIDRAULICO COLCAP,Licencia,Agrícola,Quebrada HUAMPUCAYAN,COMISIÓN DE USUARIOS DEL SUBSECTOR HIDRAULICO COLCAP,0931-2025 ANA-AAA.HCH,2025-11-09,Huarmey Chicama,Santa Lacramarca Nepeña,Cuenca Nepeña,Santa,Caceres Del Peru
42453,COMISION DE USUARIOS DEL SUB SECTOR HIDRAULICO COLCAP,Licencia,Agrícola,Río MATAR,COMISION DE USUARIOS DEL SUB SECTOR HIDRAULICO COLCAP,1145-2025 ANA-AAA.HCH,2025-12-17,Huarmey Chicama,Santa Lacramarca Nepeña,Cuenca Nepeña,Santa,Caceres Del Peru
42454,COMISION DE USUARIOS DEL SUB SECTOR HIDRAULICO COLCAP,Licencia,Agrícola,Río MATAR,COMISION DE USUARIOS DEL SUB SECTOR HIDRAULICO COLCAP,1146-2025 ANA-AAA.HCH,2025-12-17,Huarmey Chicama,Santa Lacramarca Nepeña,Cuenca Nepeña,Santa,Caceres Del Peru
42455,COMISION DE USUARIOS DEL SUB SECTOR HIDRAULICO COLCAP,Licencia,Agrícola,Río MATAR,COMISION DE USUARIOS DEL SUB SECTOR HIDRAULICO COLCAP,1147-2025 ANA-AAA.HCH,2025-12-17,Huarmey Chicama,Santa Lacramarca Nepeña,Cuenca Nepeña,Santa,Caceres Del Peru
42456,COMISION DE USUARIOS DEL SUB SECTOR HIDRAULICO COLCAP,Licencia,Agrícola,Río MATAR,COMISION DE USUARIOS DEL SUB SECTOR HIDRAULICO COLCAP,1135-2025 ANA-AAA.HCH,2025-12-16,Huarmey Chicama,Santa Lacramarca Nepeña,Cuenca Nepeña,Santa,Caceres Del Peru
42457,Raphael Calvo Vega,Licencia,Agrícola,Río Cosma,"JUNTA DE USUARIOS DEL SECTOR HIDRAULICO MENOR NEPEÑA, CLASE B",0855-2025 ANA.AAA.HCH,2025-10-21,Huarmey Chicama,Santa Lacramarca Nepeña,Cuenca Nepeña,Santa,Caceres Del Peru
42458,"SARMIENTO MEJIA, LUCIO GERARDO",Licencia,Agrícola,Río JIMBE,COMISION DE USUARIOS DEL SUB SECTOR HIDRAULICO JIMBE,0806-2025 ANA-AAA.HCH,2025-09-25,Huarmey Chicama,Santa Lacramarca Nepeña,Cuenca Nepeña,Santa,Caceres Del Peru
42459,COMISION DE USUARIOS DEL SUB SECTOR HIDRAULICO COLCAP,Licencia,Agrícola,Río MATAR,COMISION DE USUARIOS DEL SUB SECTOR HIDRAULICO COLCAP,1139-2025 ANA-AAA.HCH,2025-12-16,Huarmey Chicama,Santa Lacramarca Nepeña,Cuenca Nepeña,Santa,Caceres Del Peru
42460,COMISION DE USUARIOS DEL SUB SECTOR HIDRAULICO COLCAP,Licencia,Agrícola,Río MATAR / Río MATAR,COMISION DE USUARIOS DEL SUB SECTOR HIDRAULICO COLCAP,1154-2025 ANA-AAA.HCH,2025-12-17,Huarmey Chicama,Santa Lacramarca Nepeña,Cuenca Nepeña,Santa,Caceres Del Peru
42461,COMISION DE USUARIOS DEL SUB SECTOR HIDRAULICO COLCAP,Licencia,Agrícola,Quebrada CUTICAYA,COMISION DE USUARIOS DEL SUB SECTOR HIDRAULICO COLCAP,1131-2025 ANA-AAA.HCH,2025-12-16,Huarmey Chicama,Santa Lacramarca Nepeña,Cuenca Nepeña,Santa,Caceres Del Peru
42462,COMISION DE USUARIOS DEL SUB SECTOR HIDRAULICO COLCAP,Licencia,Agrícola,Río HUIRI,COMISION DE USUARIOS DEL SUB SECTOR HIDRAULICO COLCAP,1159-2025 ANA-AAA.HCH,2025-12-17,Huarmey Chicama,Santa Lacramarca Nepeña,Cuenca Nepeña,Santa,Caceres Del Peru
42463,COMISION DE USUARIOS DEL SUB SECTOR HIDRAULICO COLCAP,Licencia,Agrícola,Quebrada CHINGA,COMISION DE USUARIOS DEL SUB SECTOR HIDRAULICO COLCAP,1130-2025 ANA-AAA.HCH,2025-12-16,Huarmey Chicama,Santa Lacramarca Nepeña,Cuenca Nepeña,Santa,Caceres Del Peru
42464,COMISION DE USUARIOS DEL SUB SECTOR HIDRAULICO COLCAP,Licencia,Agrícola,Quebrada CHINGA,COMISION DE USUARIOS DEL SUB SECTOR HIDRAULICO COLCAP,1148-2025 ANA-AAA.HCH,2025-12-17,Huarmey Chicama,Santa Lacramarca Nepeña,Cuenca Nepeña,Santa,Caceres Del Peru
42465,COMISION DE USUARIOS DEL SUB SECTOR HIDRAULICO SANTA ANA,Licencia,Agrícola,Quebrada PALTIURAN,COMISION DE USUARIOS DEL SUB SECTOR HIDRAULICO SANTA ANA,1143-2025 ANA-AAA.HCH,2025-12-16,Huarmey Chicama,Santa Lacramarca Nepeña,Cuenca Lacramarca,Santa,Macate
42466,COMISION DE USUARIOS DEL SUB SECTOR HIDRAULICO SANTA ANA,Licencia,Agrícola,Río HUARON,COMISION DE USUARIOS DEL SUB SECTOR HIDRAULICO SANTA ANA,1142-2025 ANA-AAA.HCH,2025-12-16,Huarmey Chicama,Santa Lacramarca Nepeña,Cuenca Lacramarca,Santa,Macate
42467,COMISION DE USUARIOS DEL SUB SECTOR HIDRAHULICO SANTA ANA,Licencia,Agrícola,Río HUARON,COMISION DE USUARIOS DEL SUB SECTOR HIDRAHULICO SANTA ANA,1153-2025 ANA-AAA.HCH,2025-12-17,Huarmey Chicama,Santa Lacramarca Nepeña,Cuenca Lacramarca,Santa,Macate
42468,COMISION DE USUARIOS DEL SUB SECTOR HIDRAHULICO SANTA ANA,Licencia,Agrícola,Río HUARON,COMISION DE USUARIOS DEL SUB SECTOR HIDRAHULICO SANTA ANA,1141-2025 ANA-AAA.HCH,2025-12-16,Huarmey Chicama,Santa Lacramarca Nepeña,Cuenca Lacramarca,Santa,Macate
42469,COMISION DE USUARIOS DEL SUB SECTOR HIDRAHULICO SANTA ANA,Licencia,Agrícola,Río HUARON,COMISION DE USUARIOS DEL SUB SECTOR HIDRAHULICO SANTA ANA,1151-2025 ANA-AAA.HCH,2025-12-17,Huarmey Chicama,Santa Lacramarca Nepeña,Cuenca Lacramarca,Santa,Macate
42470,COMISION DE USUARIOS DEL SUB SECTOR HIDRAULICO SANTA ANA,Licencia,Agrícola,Río HUARON,COMISION DE USUARIOS DEL SUB SECTOR HIDRAULICO SANTA ANA,1152-2025 ANA-AAA.HCH,2025-12-17,Huarmey Chicama,Santa Lacramarca Nepeña,Cuenca Lacramarca,Santa,Macate
42471,Junta Administradora de Servicios de Saneamiento  (JASS) del Centro Poblado Rural Pampa la Libertad,Licencia,Poblacional,Manantial Pato Irwa Ichic Paccha,Junta Administradora de Servicios de Saneamiento  (JASS) del Centro Poblado Rural Pampa la Libertad,1023-2025 ANA-AAA.HCH,2025-11-24,Huarmey Chicama,Huaraz,Cuenca Santa,Huaylas,Huallanca
42472,"JUNTA ADMINISTRADORA DE SERVICIOS DE SANEAMIENTO (JASS) URUSPAMPA DEL DISTRITO DE TARICA, PROVINCIA DE HUARAZ - ANCASH",Licencia,Poblacional,Manantial Puyhuan 1 / Manantial Puyhuan 2,"JUNTA ADMINISTRADORA DE SERVICIOS DE SANEAMIENTO (JASS) URUSPAMPA DEL DISTRITO DE TARICA, PROVINCIA DE HUARAZ - ANCASH",0078-2026 ANA-AAA.HCH,2025-01-26,Huarmey Chicama,Huaraz,Cuenca Santa,Huaraz,Tarica
42473,Comite de Usuarios de Agua Auquish Pueblo Viejo,Licencia,Agrícola,Quebrada Muquitacana,Comite de Usuarios de Agua Auquish Pueblo Viejo,0059-2026 ANA-AAA.HCH,2026-01-22,Huarmey Chicama,Huaraz,Cuenca Santa,Carhuaz,Shilla
42474,COMITÉ DE USUARIOS DE AGUA HUARAMPURO,Licencia,Agrícola,Manantial Poccri Potrero 1 / Manantial Poccri Potrero 2,COMITÉ DE USUARIOS DE AGUA HUARAMPURO,0972-2025 ANA-AAA.HCH,2025-11-15,Huarmey Chicama,Huaraz,Cuenca Santa,Yungay,Matacoto
42475,Junta Administradora de Servicios de Saneamiento (JASS) Toclla Alto,Licencia,Poblacional,Manantial Ruri Kuita / Manantial Kuñoq Pukyu,Junta Administradora de Servicios de Saneamiento (JASS) Toclla Alto,0887-2025 ANA-AAA.HCH,2025-10-31,Huarmey Chicama,Huaraz,Cuenca Santa,Huaraz,Huaraz
42476,Junta Administradora de Servicios de Saneamiento (JASS) del Barrio Willcacocha,Licencia,Poblacional,Manantial Llacacancha III,Junta Administradora de Servicios de Saneamiento (JASS) del Barrio Willcacocha,1017-2025 ANA-AAA.HCH,2025-11-24,Huarmey Chicama,Huaraz,Cuenca Santa,Huaraz,Huaraz
42477,Junta Administradora de Servicios de Saneamiento (JASS) del caserio de Carianpampa del Centro Poblado de Chavin,Licencia,Poblacional,Manantial Chanquil 1 / Manantial Chanquil 2 / Manantial Chanquil 3 / Manantial Chanquil 4,Junta Administradora de Servicios de Saneamiento (JASS) del caserio de Carianpampa del Centro Poblado de Chavin,0223-2026 ANA.AAA.HCH,2026-03-06,Huarmey Chicama,Huaraz,Cuenca Santa,Huaraz,Independencia
42478,Junta Administradora de Servicios de Saneamiento (JASS) de Bellavista,Licencia,Poblacional,Manantial Sauce Pucru / Manantial Azul Pactza,Junta Administradora de Servicios de Saneamiento (JASS) de Bellavista,0463-2026 ANA-AAA.HCH,2026-06-12,Huarmey Chicama,Huaraz,Cuenca Santa,Carhuaz,Acopampa
42479,Comite de Usuarios de Agua San Miguel de Yungay,Licencia,Agrícola,Río Santa,Comite de Usuarios de Agua San Miguel de Yungay,0466-2026 ANA-AAA.HCH,2026-06-15,Huarmey Chicama,Huaraz,Cuenca Santa,Yungay,Yungay
42480,Junta Administradora de Servicios de Saneamiento (JASS) Shaurama,Licencia,Poblacional,Manantial Ñahuin Puquio Uno,Junta Administradora de Servicios de Saneamiento (JASS) Shaurama,0496-2026 ANA-AAA.HCH,2026-06-25,Huarmey Chicama,Huaraz,Cuenca Santa,Huaraz,Huaraz
42481,JUNTA ADMINISTRADORA DE SERVICIO DE SANEAMIENTO DE  ANAS ALLPA,Licencia,Poblacional,Manantial ANCUSH PAMPA,JUNTA ADMINISTRADORA DE SERVICIO DE SANEAMIENTO DE  ANAS ALLPA,0495-2026 ANA-AAA.HCH,2026-06-25,Huarmey Chicama,Huaraz,Cuenca Santa,Carhuaz,Ataquero
42482,Junta Administradora de Servicios de Saneamiento (JASS) Chunamara-Señor de Mayo,Licencia,Poblacional,Manantial Nawin Puquio II,Junta Administradora de Servicios de Saneamiento (JASS) Chunamara-Señor de Mayo,0478-2026 ANA.AAA.HCH,2026-06-18,Huarmey Chicama,Huaraz,Cuenca Santa,Huaraz,Huaraz
42483,Comité de Usuarios de Agua Huecho Cuta,Licencia,Agrícola,Manantial Tinaja Bajo,Comité de Usuarios de Agua Huecho Cuta,0218-2026 ANA.AAA.HCH,2026-03-05,Huarmey Chicama,Huaraz,Cuenca Santa,Huaraz,Independencia
42484,Comite de Usuarios de Agua Kuechca Llawina Cochapampa,Licencia,Agrícola,Quebrada Llawina,Comite de Usuarios de Agua Kuechca Llawina Cochapampa,0327-2026 ANA-AAA.HCH,2026-04-22,Huarmey Chicama,Huaraz,Cuenca Santa,Carhuaz,Carhuaz
42485,Junta Administradora de Servicios de Saneamiento (JASS) del caserío de Pampacorral,Licencia,Poblacional,Manantial Quenua,Junta Administradora de Servicios de Saneamiento (JASS) del caserío de Pampacorral,0378-2026 ANA-AAA.HCH,2026-05-13,Huarmey Chicama,Huaraz,Cuenca Santa,Carhuaz,Yungar
42486,Junta Administradora de Servicios de Saneamiento (JASS) del caserio de Vista Alegre,Licencia,Poblacional,Manantial Shiqui I / Manantial Shiqui II / Manantial Shiqui III,Junta Administradora de Servicios de Saneamiento (JASS) del caserio de Vista Alegre,0377-2026 ANA-AAA.HCH,2026-05-13,Huarmey Chicama,Huaraz,Cuenca Santa,Carhuaz,Yungar
42487,Junta Administradora de Servicios de Saneamiento-JASS Tauripampa,Licencia,Poblacional,Manantial ÑAWIN PUQUIO / Manantial Muchca Cancha I / Manantial Muchca Cancha II,Junta Administradora de Servicios de Saneamiento-JASS Tauripampa,0562-2026 ANA.AAA.HCH,2026-07-22,Huarmey Chicama,Huaraz,Cuenca Santa,Carhuaz,Carhuaz
42488,Junta Administradora de Servicios de Saneamiento (JASS) del Barrio de Chua Alto del Centro Poblado de Jatun Pongor,Licencia,Poblacional,Manantial Pacuash Curva / Manantial Era Cuta / Manantial Paccha Cuta,Junta Administradora de Servicios de Saneamiento (JASS) del Barrio de Chua Alto del Centro Poblado de Jatun Pongor,0926-2025 ANA-AAA.HCH,2025-11-08,Huarmey Chicama,Huaraz,Cuenca Santa,Huaraz,Independencia
42489,"Junta Administradora de Servicios de Saneamiento (JASS) del Caserio Cruzpampa, del Distrito de Conchucos, Provincia de Pallasca, Departamento de Ancash",Licencia,Poblacional,Manantial POSO DE ENDULFO (Cruzpampa-Conchucos),"Junta Administradora de Servicios de Saneamiento (JASS) del Caserio Cruzpampa, del Distrito de Conchucos, Provincia de Pallasca, Departamento de Ancash",0440-2026 ANA-AAA.M,2026-04-23,Marañón,Huamachuco,Intercuenca Alto Marañón V,Pallasca,Conchucos
42490,Comite de Usuarios de Agua Pachapañawin y Yanacolpa,Licencia,Agrícola,Manantial Patsapañahuin  / Quebrada Yanacolpa1 / Quebrada Yanacolpa / Manantial Yanacolpa / Quebrada Pachipampa,Comite de Usuarios de Agua Pachapañawin y Yanacolpa,0490-2026 ANA-AAA.M,2026-05-07,Marañón,Pomabamba,Intercuenca Alto Marañón V,Sihuas,San Juan
42491,JUNTA ADMINISTRADORA DE SERVICIOS DE SANEAMIENTO DEL CENTRO POBLADO DE CENTRO POBLADO DE MAYAS,Licencia,Poblacional,Manantial CHACHACOMAS / Manantial YURAYACU (Mayas-Conchucos),JUNTA ADMINISTRADORA DE SERVICIOS DE SANEAMIENTO DEL CENTRO POBLADO DE CENTRO POBLADO DE MAYAS,0429-2026 ANA-AAA.M,2026-04-23,Marañón,Huamachuco,Intercuenca Alto Marañón V,Pallasca,Conchucos
42492,JUNTA ADMINISTRADORA DE SERVICIOS DE SANEAMIENTO DEL CENTRO POBLADO RURAL DE SANTA ANA,Licencia,Poblacional,Manantial CANAL 1 (Santa Ana-Conchucos) / Manantial CANAL 2 (Santa Ana-Conchucos),JUNTA ADMINISTRADORA DE SERVICIOS DE SANEAMIENTO DEL CENTRO POBLADO RURAL DE SANTA ANA,0432-2026 ANA-AAA.M,2026-04-23,Marañón,Huamachuco,Intercuenca Alto Marañón V,Pallasca,Conchucos
42493,"Junta Administradora de Servicios de Saneamiento (JASS) del Centro Poblado de Mayas, del Distrito de Conchucos, Provincia de Pallasca, Departamento de Ancash",Licencia,Poblacional,Manantial ARRAYAN 1 (Mayas-Conchucos) / Manantial ARRAYAN 2 (Mayas-Conchucos),"Junta Administradora de Servicios de Saneamiento (JASS) del Centro Poblado de Mayas, del Distrito de Conchucos, Provincia de Pallasca, Departamento de Ancash",0437-2026 ANA-AAA.M,2026-04-23,Marañón,Huamachuco,Intercuenca Alto Marañón V,Pallasca,Conchucos
42494,Comite de Usuarios Arco Gaga - Rayan Huaji,Licencia,Agrícola,Quebrada Arco Gaga,Comite de Usuarios Arco Gaga - Rayan Huaji,0475-2026 ANA-AAA.M,2026-05-04,Marañón,Pomabamba,Intercuenca Alto Marañón V,Carlos Fermin Fitzcarrald,San Luis
42495,“Junta Administradora de Servicios de Agua y Saneamiento (JASS) del centro poblado rural de Cotocancha Bajo”,Licencia,Poblacional,Manantial Yerba Santa (Hierba Santa) / Manantial Yeclla (Lleclla) / Manantial Mallmall,“Junta Administradora de Servicios de Agua y Saneamiento (JASS) del centro poblado rural de Cotocancha Bajo”,0195-2026 ANA-AAA.M,2026-03-05,Marañón,Pomabamba,Intercuenca Alto Marañón V,Pomabamba,Pomabamba
42496,Junta Administradora de Servicios de Saneamiento (JASS) del Centro Poblado de LLAMA,Licencia,Poblacional,Manantial Pojyaj / Manantial Tikaruranan,Junta Administradora de Servicios de Saneamiento (JASS) del Centro Poblado de LLAMA,0385-2026 ANA-AAA.M,2026-04-20,Marañón,Pomabamba,Intercuenca Alto Marañón V,Mariscal Luzuriaga,Llama
42497,Comité de Usuarios Canal Mishquiyacu,Licencia,Agrícola,Quebrada Mishquiyacu / Quebrada Tarreno Rajra / Manantial Mishquiyacu 1 / Manantial Mishquiyacu 2,Comité de Usuarios Canal Mishquiyacu,0034-2026 ANA-AAA.M,2026-01-13,Marañón,Pomabamba,Intercuenca Alto Marañón V,Carlos Fermin Fitzcarrald,San Luis
42498,Comité de Usuarios de Agua Erapampa - Sacachay,Licencia,Agrícola,Manantial Erapampa 1 / Manantial Erapampa 2,Comité de Usuarios de Agua Erapampa - Sacachay,1376-2025 ANA-AAA.M,2025-11-12,Marañón,Pomabamba,Intercuenca Alto Marañón V,Mariscal Luzuriaga,Piscobamba
42499,Comité de Usuarios Pampash,Licencia,Agrícola,Quebrada Camchas,Comité de Usuarios Pampash,,,Marañón,Pomabamba,Intercuenca Alto Marañón V,Asuncion,Chacas
42500,JUNTA ADMINISTRADORA DE SERVICIOS DE SANEAMIENTO (JASS) SAN MIGUEL DE QUITAPAMPA,Licencia,Poblacional,Manantial WISHKAPUQUIO / Manantial CIELO COCHA / Manantial JATUN RUMI / Manantial JATUN OGO / Manantial QUEÑANCOCHA / Manantial PURMAMONTE,JUNTA ADMINISTRADORA DE SERVICIOS DE SANEAMIENTO (JASS) SAN MIGUEL DE QUITAPAMPA,0804-2026 ANA-AAA.M,2026-07-30,Marañón,Huari,Intercuenca Alto Marañón V,Antonio Raymondi,Llamellin
42501,JUNTA ADMINISTRADORA DE SERVICIOS DE AGUA Y SANEAMIENTO- JASS DEL CASERIO DE HUANAC DEL CENTRO POBLADO HUARIPAMPA,Licencia,Poblacional,Manantial PATURAGRA,JUNTA ADMINISTRADORA DE SERVICIOS DE AGUA Y SANEAMIENTO- JASS DEL CASERIO DE HUANAC DEL CENTRO POBLADO HUARIPAMPA,0404-2026 ANA-AAA.M,2026-04-21,Marañón,Huari,Intercuenca Alto Marañón V,Huari,San Marcos
42502,JUNTA ADMINISTRADORA DE SERVICIOS DE AGUA POTABLE Y SANEAMIENTO; JASS HUANCARPATA,Licencia,Poblacional,Manantial CHEBURACRA / Manantial HUANCAMASCAR,JUNTA ADMINISTRADORA DE SERVICIOS DE AGUA POTABLE Y SANEAMIENTO; JASS HUANCARPATA,0573-2026 ANA-AAA.M,2026-05-29,Marañón,Huari,Intercuenca Alto Marañón V,Huari,Cajay
42503,Comité  de Usuarios de Matarajra,Licencia,Agrícola,Quebrada MATARAJRA / Manantial OCOPAMPA II / Manantial CARRIZAL II,Comité  de Usuarios de Matarajra,0198-2026 ANA-AAA.M,2026-03-05,Marañón,Huari,Intercuenca Alto Marañón V,Antonio Raymondi,Aczo
42504,Comité  de Usuarios de Matarajra,Licencia,Agrícola,Manantial AGUJIRCAN / Manantial OCOPAMPA I / Manantial OCOPAMPA II / Manantial GOÑOG I / Manantial CARRIZAL II / Quebrada MATARAJRA,Comité  de Usuarios de Matarajra,0190-2026 ANA-AAA.M,2026-03-04,Marañón,Huari,Intercuenca Alto Marañón V,Antonio Raymondi,Aczo
42505,Comité  de Usuarios de Matarajra,Licencia,Agrícola,Manantial AGUJIRCAN / Manantial OCOPAMPA I / Manantial OCOPAMPA II / Manantial GOÑOG I / Manantial CARRIZAL II / Quebrada MATARAJRA,Comité  de Usuarios de Matarajra,0192-2026 ANA-AAA.M,2026-03-04,Marañón,Huari,Intercuenca Alto Marañón V,Antonio Raymondi,Aczo
42506,Junta Administradora de Servicio de Saneamineto (JASS) del Sector de Cachipata,Licencia,Poblacional,Manantial Quichipata,Junta Administradora de Servicio de Saneamineto (JASS) del Sector de Cachipata,0613-2026 ANA-AAA.M,2026-06-09,Marañón,Huari,Intercuenca Alto Marañón V,Huari,Uco
42507,Junta Administradora de Servicio y Saneamineto del Caserio Chullush,Licencia,Poblacional,Manantial Horno Mache,Junta Administradora de Servicio y Saneamineto del Caserio Chullush,0833-2026 ANA-AAA.M,2026-07-31,Marañón,Huari,Intercuenca Alto Marañón V,Huari,San Marcos
42508,COMITE DE USUARIOS TSOGURAGRA - TSOGUPATAC - CHUCCHUPAMPA,Licencia,Agrícola,Quebrada GOLLUSRUMI-TSOGURAGRA,COMITE DE USUARIOS TSOGURAGRA - TSOGUPATAC - CHUCCHUPAMPA,0719-2026 ANA-AAA.M,2026-07-01,Marañón,Huari,Intercuenca Alto Marañón V,Huari,San Marcos
42509,JUNTA ADMINISTRADORA DE SERVICIOS DE SANEAMIENTO (JASS) MARIASH,Licencia,Poblacional,Manantial Mishquipuquio,JUNTA ADMINISTRADORA DE SERVICIOS DE SANEAMIENTO (JASS) MARIASH,0773-2026 ANA-AAA.M,2026-07-15,Marañón,Huari,Intercuenca Alto Marañón V,Huari,San Marcos
42510,JUNTA ADMINISTRADORA DE SERVICIOS DE SANEAMIENTO (JASS) - JATUN POTRERO,Licencia,Poblacional,Manantial POROGSAMONTE I / Manantial POROGSAMONTE II / Manantial CULLAUSH MACHAY,JUNTA ADMINISTRADORA DE SERVICIOS DE SANEAMIENTO (JASS) - JATUN POTRERO,,,Marañón,Huari,Intercuenca Alto Marañón V,Huari,San Marcos
42511,COMITE DE USUARIOS PUMAHUAIN - NUMIAG - JACTAY - CARHUAC,Licencia,Agrícola,Manantial Pumahuain,COMITE DE USUARIOS PUMAHUAIN - NUMIAG - JACTAY - CARHUAC,0763-2026 ANA-AAA.M,2026-07-14,Marañón,Huari,Intercuenca Alto Marañón V,Huari,Ponto
42512,Junta Administradora de Servicio y Saneamiento del Caserio de Coyllar,Licencia,Poblacional,Manantial Shiracuta,Junta Administradora de Servicio y Saneamiento del Caserio de Coyllar,0607-2026 ANA-AAA.M,2026-06-02,Marañón,Huari,Intercuenca Alto Marañón V,Huari,San Marcos
42513,COMITE DE USUARIOS DE AGUA MATARAJRA,Licencia,Agrícola,Manantial AGUJIRCAN / Manantial OCOPAMPA I / Manantial OCOPAMPA II / Manantial MOLINO VIEJO / Manantial PAUCA / Manantial UHSCUN / Manantial GOñOG II / Manantial GOÑOG I / Manantial TARACUCHO / Manan,COMITE DE USUARIOS DE AGUA MATARAJRA,0174-2026 ANA-AAA.M,2026-02-26,Marañón,Huari,Intercuenca Alto Marañón V,Antonio Raymondi,Aczo
42514,Comite de Usuarios Matarajra,Licencia,Agrícola,Manantial AGUJIRCAN / Manantial OCOPAMPA I / Manantial OCOPAMPA II / Manantial MOLINO VIEJO / Manantial PAUCA / Manantial GOñOG II / Manantial GOÑOG I / Manantial TARACUCHO / Manantial CARRIZAL II /,Comite de Usuarios Matarajra,0180-2026 ANA-AAA.M,2026-02-26,Marañón,Huari,Intercuenca Alto Marañón V,Antonio Raymondi,Aczo
42515,JUNTA ADMINISTRADORA DE SERVICIOS DE SANEAMIENTO (JASS) DEL CENTRO POBLADO DE TUPA,Licencia,Poblacional,Manantial CRUZ JIRCAN  / Manantial ICHIC RANCHA,JUNTA ADMINISTRADORA DE SERVICIOS DE SANEAMIENTO (JASS) DEL CENTRO POBLADO DE TUPA,0735-2026 ANA-AAA.M,2026-07-07,Marañón,Huari,Intercuenca Alto Marañón V,Antonio Raymondi,Chingas
42516,Comunidad Campesina de Cajamarquilla,Licencia,Agrícola,Quebrada TACÓ,Comunidad Campesina de Cajamarquilla,0915-2025 ANA-AAA.HCH,2025-11-05,Huarmey Chicama,Casma Huarmey,Cuenca Perené,Huaraz,La Libertad
