ID_registro;archivo_origen;AAA;ALA;UNIDAD HIDROGRÁFICA;PFAFSTETTER;TIPO DEL RECURSO HÍDRICO;NOMBRE DEL RECURSO HÍDRICO;CÓDIGO FINAL;DESCRIPCION;DEPARTAMENTO;PROVINCIA;DISTRITO;ZONA;ESTE;NORTE;ALTITUD m.s.n.m.;CLASIFICACÍON DE CUERPOS DE AGUA
33715;Red Monitoreo_Cuenca Lacramarca_OK.xls;Huarmey Chicama;Santa Lacramarca Nepeña;Cuenca Lacramarca;1375992;Quebrada;Huarón;QHuar2;"Quebrada Huarón, aguas abajo del Centro Poblado Santa Ana, y 400 m. aproximadamente, antes de confluencia con la Quebrada Agua Berruga.
";ANCASH;SANTA;MACATE;17;805607;9016365;1395;Categoría 3
33716;Red Monitoreo_Cuenca Lacramarca_OK.xls;Huarmey Chicama;Santa Lacramarca Nepeña;Cuenca Lacramarca;1375992;Otros;Quebrada Lupahuari;QLupa1;"Quebrada Lupahuari, 450 m, aproximadamente. antes de confluencia con la Quebrada Shoncazul.
";ANCASH;SANTA;CHIMBOTE;17;802932;9021632;1169;Categoría 1 A2
33717;Red Monitoreo_Cuenca Lacramarca_OK.xls;Huarmey Chicama;Santa Lacramarca Nepeña;Cuenca Lacramarca;1375992;Río;LACRAMARCA;RLacr1;"Rio Lacramarca, inicio de la zona agrícola (Altura de compuerta de palos).
";ANCASH;SANTA;CHIMBOTE;17;775306;9006247;112;Categoría 3
33718;Red Monitoreo_Cuenca Lacramarca_OK.xls;Huarmey Chicama;Santa Lacramarca Nepeña;Cuenca Lacramarca;1375992;Río;LACRAMARCA;RLacr2;"Rio Lacramarca, aguas abajo del Centro Poblado Santa Clemencia  a  800 m.  aproximadamente aguas abajo de la Estación Hidrológica Automática, Santa Clemencia.
";ANCASH;SANTA;CHIMBOTE;17;770492;9003862;77;Categoría 3
33719;Red Monitoreo_Cuenca Lacramarca_OK.xls;Huarmey Chicama;Santa Lacramarca Nepeña;Cuenca Lacramarca;1375992;Río;LACRAMARCA;RLacr3;"Rio Lacramarca, próximo a zona urbana del distrito de Chimbote.
";ANCASH;SANTA;CHIMBOTE;17;768788;8995322;22;Categoría 3
33720;Red Monitoreo_Cuenca Lacramarca_OK.xls;Huarmey Chicama;Santa Lacramarca Nepeña;Cuenca Lacramarca;1375992;Quebrada;Huarón;QHuar1;"Quebrada Huarón, 40 m. aproximadamente. altura de vía de comunicación al Centro Poblado de Huasquil.
";ANCASH;SANTA;CACERES DEL PERU;17;814848;9018862;2651;Categoría 3
33721;Red Monitoreo_cuenca Huarmey_OK.xls;Huarmey Chicama;Casma Huarmey;Cuenca Huarmey;137594;Otros;Quebrada Hércules;QHerc2;"Quebrada Hércules, altura torre de alta tensión, área de operaciones Compañía Minera Huancapetí SAC. 
";ANCASH;AIJA;AIJA;18;220884;8920366;4310;Categoría 1 A2
33722;Red Monitoreo_cuenca Huarmey_OK.xls;Huarmey Chicama;Casma Huarmey;Cuenca Huarmey;137594;Otros;Quebrada Hércules;QHerc3;"Quebrada Hércules, 100 m. aproximadamente aguas arriba de la confluencia con las aguas de la quebrada Pallca, altura canal de concreto para regadío.
";ANCASH;AIJA;AIJA;18;218392;8918718;3896;Categoría 1 A2
33723;Red Monitoreo_cuenca Huarmey_OK.xls;Huarmey Chicama;Casma Huarmey;Cuenca Huarmey;137594;Otros;Quebrada Huayhuash;QHuay1;"Quebrada Huayhuash, 10 m. aproximadamente a la salida de la Laguna Santa Rosa.
";ANCASH;AIJA;AIJA;18;220335;8919291;4306;Categoría 1 A2
33724;Red Monitoreo_cuenca Huarmey_OK.xls;Huarmey Chicama;Casma Huarmey;Cuenca Huarmey;137594;Laguna Natural;Jarancocha;LJara1;"Laguna Jarancocha, a la salida del canal de rebose.
";ANCASH;AIJA;AIJA;18;221376;8916812;4329;Categoría 4
33725;Red Monitoreo_cuenca Huarmey_OK.xls;Huarmey Chicama;Casma Huarmey;Cuenca Huarmey;137594;Quebrada;PALLCA;QPall1;"Quebrada Pallca,100 m aproximadamente aguas abajo de la Laguna Jarancocha
";ANCASH;AIJA;AIJA;18;221322;8916955;4316;Categoría 1 A2
33726;Red Monitoreo_cuenca Huarmey_OK.xls;Huarmey Chicama;Casma Huarmey;Cuenca Huarmey;137594;Quebrada;PALLCA;QPall2;"Quebrada Pallca,10 m. aguas abajo de captación de agua para uso poblacional del distrito de Aija, EPS Chavin.
";ANCASH;AIJA;AIJA;18;218948;8918141;4016;Categoría 1 A2
33727;Red Monitoreo_cuenca Huarmey_OK.xls;Huarmey Chicama;Casma Huarmey;Cuenca Huarmey;137594;Otros;Quebrada No nominada;QNnom1;"Quebrada No nominada,  aproximadamente a 50 m aguas arriba de la captación de agua poblacional de la ciudad de Anquilta.
";ANCASH;AIJA;AIJA;18;219045;8918020;4045;Categoría 1 A2
33728;Red Monitoreo_cuenca Huarmey_OK.xls;Huarmey Chicama;Casma Huarmey;Cuenca Huarmey;137594;Quebrada;PALLCA;QPall3;"Quebrada Pallca,10 m aguas arriba de captación de agua para uso agrícola altura del puente Pallca.
";ANCASH;AIJA;AIJA;18;218768;8918215;3968;Categoría 3
33729;Red Monitoreo_cuenca Huarmey_OK.xls;Huarmey Chicama;Casma Huarmey;Cuenca Huarmey;137594;Quebrada;Santiago;QSant1;"Quebrada Santiago, 100 m. aproximadamente aguas abajo de confluencia de aguas de las quebradas Pallca y Hércules.
";ANCASH;AIJA;AIJA;18;218112;8918795;3854;Categoría 1 A2
33730;Red Monitoreo_cuenca Huarmey_OK.xls;Huarmey Chicama;Casma Huarmey;Cuenca Huarmey;137594;Otros;Quebrada Pascuco;QPacs1;"Quebrada Pascuco, 15 m. aproximadamente aguas arriba de intersección con el rio Santiago.
";ANCASH;AIJA;AIJA;18;217928;8918932;3855;Categoría 1 A2
33731;Red Monitoreo_cuenca Huarmey_OK.xls;Huarmey Chicama;Casma Huarmey;Cuenca Huarmey;137594;Quebrada;Santiago;QSant3;"Quebrada Santiago, aguas abajo con la confluencia de la quebrada Pascuco.
";ANCASH;AIJA;AIJA;18;217843;8918909;3839;Categoría 1 A2
33732;Red Monitoreo_cuenca Huarmey_OK.xls;Huarmey Chicama;Casma Huarmey;Cuenca Huarmey;137594;Quebrada;Santiago;QSant4;"Quebrada Santiago, aguas abajo del puente  Calicanto, a 100 m. aguas abajo del vertimiento de las aguas residuales domésticas de la ciudad de Aija. 
";ANCASH;AIJA;AIJA;18;213557;8918018;3292;Categoría 1 A2
33733;Red Monitoreo_cuenca Huarmey_OK.xls;Huarmey Chicama;Casma Huarmey;Cuenca Huarmey;137594;Otros;Laguna Montecristo;LMont1;"Laguna Montecristo, a la salida de las aguas.
";ANCASH;AIJA;LA MERCED;18;205909;8927734;4380;Categoría 4
33734;Red Monitoreo_cuenca Huarmey_OK.xls;Huarmey Chicama;Casma Huarmey;Cuenca Huarmey;137594;Laguna Natural;Macshay;LMacs1;"Laguna Macshay, a la salida de las aguas.
";ANCASH;AIJA;LA MERCED;18;207692;8927595;4350;Categoría 4
33735;Red Monitoreo_cuenca Huarmey_OK.xls;Huarmey Chicama;Casma Huarmey;Cuenca Huarmey;137594;Quebrada;MONTECRISTO;QMont1;"Quebrada Montecristo, altura del punto de monitoreo de calidad de agua del Instrumento de Gestión Ambiental de la Empresa Minera Huinac SAC. 
";ANCASH;AIJA;LA MERCED;18;206172;8927090;4188;Categoría 3
33736;Red Monitoreo_cuenca Huarmey_OK.xls;Huarmey Chicama;Casma Huarmey;Cuenca Huarmey;137594;Otros;Quebrada No nominada;QNnom2;"Quebrada no nominada, antes de la confluencia con la Quebrada Montecristo.
";ANCASH;AIJA;LA MERCED;18;206368;8926699;4124;Categoría 1 A2
33737;Red Monitoreo_cuenca Huarmey_OK.xls;Huarmey Chicama;Casma Huarmey;Cuenca Huarmey;137594;Otros;Quebrada No nominada;QNnom3;"Quebrada no nominada a 250 m. aproximadamente de trocha carrozable.
";ANCASH;AIJA;LA MERCED;18;206661;8927757;4124;Categoría 1 A2
33738;Red Monitoreo_cuenca Huarmey_OK.xls;Huarmey Chicama;Casma Huarmey;Cuenca Huarmey;137594;Quebrada;Macshay;QMacs2;"Quebrada Macshay, antes de confluencia  con quebrada Montecristo, aguas provenientes de la laguna Macshay.
";ANCASH;AIJA;LA MERCED;18;206656;8925783;3963;Categoría 1 A2
33739;Red Monitoreo_cuenca Huarmey_OK.xls;Huarmey Chicama;Casma Huarmey;Cuenca Huarmey;137594;Quebrada;MONTECRISTO;QMont2;"Quebrada Montecristo, 100 m aguas abajo de confluencia de aguas de quebrada Montecristo y Macshay; y aguas arriba del punto de vertimiento de aguas de bocamina Nivel 4 de Empresa Minera Huinac S.A.C.
";ANCASH;AIJA;LA MERCED;18;206647;8925735;3966;Categoría 3
33740;Red Monitoreo_cuenca Huarmey_OK.xls;Huarmey Chicama;Casma Huarmey;Cuenca Huarmey;137594;Quebrada;MONTECRISTO;QMont3;"Quebrada Montecristo, aguas abajo de punto de vertimiento de aguas de bocamina Nivel 4 de Empresa Minera Huinac S.A.C.
";ANCASH;AIJA;LA MERCED;18;206537;8925542;3937;Categoría 3
33741;Red Monitoreo_cuenca Huarmey_OK.xls;Huarmey Chicama;Casma Huarmey;Cuenca Huarmey;137594;Quebrada;Huinac;QHuin1;"Quebrada Huinac, antes de confluencia con quebrada Montecristo.
";ANCASH;AIJA;LA MERCED;18;206434;8925397;3924;Categoría 1 A2
33742;Red Monitoreo_cuenca Huarmey_OK.xls;Huarmey Chicama;Casma Huarmey;Cuenca Huarmey;137594;Quebrada;Yactun;QYact1;"Quebrada Yactun, aguas abajo de la confluencia de la quebrada Huinac, altura de la Puya Raimondi.
";ANCASH;AIJA;LA MERCED;18;206461;8925141;3908;Categoría 1 A2
33743;Red Monitoreo_cuenca Huarmey_OK.xls;Huarmey Chicama;Casma Huarmey;Cuenca Huarmey;137594;Río;Yactun;RYact1;"Rio Yactun, aguas arriba del puente Shirip.
";ANCASH;AIJA;LA MERCED;18;209764;8921211;3430;Categoría 1 A2
33744;Red Monitoreo_cuenca Huarmey_OK.xls;Huarmey Chicama;Casma Huarmey;Cuenca Huarmey;137594;Río;La Merced;RLmer1;"Rio La Merced, 100 m. aproximadamente aguas arriba del puente La Merced.
";ANCASH;AIJA;LA MERCED;18;212908;8922965;3290;Categoría 1 A2
33745;Red Monitoreo_cuenca Huarmey_OK.xls;Huarmey Chicama;Casma Huarmey;Cuenca Huarmey;137594;Río;La Merced;RLmer2;"Rio La Merced, 150 m. aproximadamente aguas abajo del puente Sipsa, La Merced.
";ANCASH;AIJA;LA MERCED;18;212165;8920751;3115;Categoría 1 A2
33746;Red Monitoreo_cuenca Huarmey_OK.xls;Huarmey Chicama;Casma Huarmey;Cuenca Huarmey;137594;Otros;Rio Santiago;RSant1;"Rio Santiago, 30 m. aproximadamente aguas arriba de confluencia con rio Allma.
";ANCASH;AIJA;HUACLLAN;18;209588;8916353;2914;Categoría 1 A2
33747;Red Monitoreo_cuenca Huarmey_OK.xls;Huarmey Chicama;Casma Huarmey;Cuenca Huarmey;137594;Río;Aija;RAija1;"Rio Aija, aguas abajo de confluencia  del río Allma y rio Santiago.
";ANCASH;AIJA;HUACLLAN;18;209540;8916312;2878;Categoría 3
33748;Red Monitoreo_cuenca Huarmey_OK.xls;Huarmey Chicama;Casma Huarmey;Cuenca Huarmey;137594;Río;MALLQUI;RMall1;"Rio Mallqui, 100 m aguas arriba del puente Mallqui.
";ANCASH;AIJA;AIJA;18;215785;8914117;3475;Categoría 3
33749;Red Monitoreo_cuenca Huarmey_OK.xls;Huarmey Chicama;Casma Huarmey;Cuenca Huarmey;137594;Río;Allma;RAllm1;"Rio Allma, 100 m. aguas arriba de confluencia con el Rio Santiago.
";ANCASH;AIJA;SUCCHA;18;209620;8916235;3350;Categoría 1 A2
33750;Red Monitoreo_cuenca Huarmey_OK.xls;Huarmey Chicama;Casma Huarmey;Cuenca Huarmey;137594;Río;Aija;RAija4;"Rio Aija, aproximadamente 120 m. aguas arriba  de la confluencia con la  Quebrada Pacap.
";ANCASH;AIJA;CORIS;18;190127;8902852;989;Categoría 3
33751;Red Monitoreo_cuenca Huarmey_OK.xls;Huarmey Chicama;Casma Huarmey;Cuenca Huarmey;137594;Río;Aija;RAija3;"Rio Aija, 600 m. aproximadamente aguas abajo de  la confluencia con la Quebrada Pacap.
";ANCASH;HUARMEY;HUARMEY;18;189560;8902520;968;Categoría 3
33752;Red Monitoreo_cuenca Huarmey_OK.xls;Huarmey Chicama;Casma Huarmey;Cuenca Huarmey;137594;Río;Aija;RAija2;"Rio Aija, 100 m. aproximadamente aguas arriba del puente Huiña y a 140 m de la Estación Hidrométrico Automático puente Huamba.
";ANCASH;HUARMEY;HUARMEY;18;187021;8897443;536;Categoría 3
33753;Red Monitoreo_cuenca Huarmey_OK.xls;Huarmey Chicama;Casma Huarmey;Cuenca Huarmey;137594;Río;Cotaparaco;RCota3;"Rio Cotaparaco, antes de confluencia con el rio Malvas.
";ANCASH;RECUAY;COTAPARACO;18;216635;8894372;2951;Categoría 3
33754;Red Monitoreo_cuenca Huarmey_OK.xls;Huarmey Chicama;Casma Huarmey;Cuenca Huarmey;137594;Río;Cotaparaco;RCota2;"Rio Cotaparaco, aguas abajo del punto de vertimiento de aguas residuales domésticas del distrito de Cotaparaco.
";ANCASH;RECUAY;COTAPARACO;18;216649;8894118;2912;Categoría 3
33755;Red Monitoreo_cuenca Huarmey_OK.xls;Huarmey Chicama;Casma Huarmey;Cuenca Huarmey;137594;Río;Cotaparaco;RCota4;"Rio Cotaparaco a 200m del Cacerío de Huichay
";ANCASH;HUARMEY;COCHAPETI;18;195875;8896128;918;Categoría 3
33756;Red Monitoreo_cuenca Huarmey_OK.xls;Huarmey Chicama;Casma Huarmey;Cuenca Huarmey;137594;Río;Cotaparaco;RCota1;"Rio Cotaparaco, aguas arriba del punto de vertimiento de aguas residuales domésticas del distrito de Cotaparaco, a 20 m. aguas abajo del puente de madera.
";ANCASH;HUARMEY;COCHAPETI;18;195322;8896996;918;Categoría 3
33757;Red Monitoreo_cuenca Huarmey_OK.xls;Huarmey Chicama;Casma Huarmey;Cuenca Huarmey;137594;Río;Malvas;RMalv1;"Rio Malvas, 50m aproximadamente antes de confluencia con el rio Cotaparaco.
";ANCASH;HUARMEY;MALVAS;18;195189;8897135;879;Categoría 3
33758;Red Monitoreo_cuenca Huarmey_OK.xls;Huarmey Chicama;Casma Huarmey;Cuenca Huarmey;137594;Río;Malvas;RMalv2;"Rio Malvas, aguas abajo del punto de vertimiento de aguas residuales domésticas de la Localidad Malvas.
";ANCASH;HUARMEY;MALVAS;18;194120;8897488;715;Categoría 3
33759;Red Monitoreo_cuenca Huarmey_OK.xls;Huarmey Chicama;Casma Huarmey;Cuenca Huarmey;137594;Río;Huarmey;RHuar1;"Rio Huarmey, 400 m aproximadamente después de confluencia del río Malvas con río Aija.
";ANCASH;HUARMEY;HUARMEY;18;186617;8895523;458;Categoría 3
33760;Red Monitoreo_cuenca Huarmey_OK.xls;Huarmey Chicama;Casma Huarmey;Cuenca Huarmey;137594;Río;Huarmey;RHuar2;"Rio Huarmey, 100m aproximadamente aguas abajo del puente de la Panamericana Norte.
";ANCASH;HUARMEY;HUARMEY;17;811765;8885111;46;Categoría 3
33761;Red Monitoreo_cuenca Huarmey_OK.xls;Huarmey Chicama;Casma Huarmey;Cuenca Huarmey;137594;Río;Huarmey;RHuar3;"Rio Huarmey, altura del sector Chilcal.
";ANCASH;HUARMEY;HUARMEY;17;825662;8889014;30;Categoría 3
33762;Red Monitoreo_cuenca Huarmey_OK.xls;Huarmey Chicama;Casma Huarmey;Cuenca Huarmey;137594;Otros;Quebrada Hércules;QHerc1;"Quebrada Hércules, 20 m. aproximadamente carretera Recuay – Aija. Aguas arriba bocamina Caridad, Compañía Minera Huancapetí SAC.
";ANCASH;AIJA;AIJA;18;221956;8920409;4479;Categoría 1 A2
33763;Red monitoreo_Intercuenca Alto Maran╠âon V_OK.xls;Marañon;Huamachuco;Intercuenca Alto Marañón V;49899;Quebrada;Mushmush;QMush2;Quebrada Mushmush, aproximadamente 600 m, aguas abajo de la relavera San Andrés de la Minera Aurífera Retamas S. A. (MARSA). ;LA LIBERTAD;PATAZ;PARCOY;18;232137;9109171;3570;Categoría 4
33764;Red monitoreo_Intercuenca Alto Maran╠âon V_OK.xls;Marañon;Huamachuco;Intercuenca Alto Marañón V;49899;Quebrada;Ventanas;QVent1 ;Quebrada Ventanas, aproximadamente 130 m, aguas arriba de la confluencia con la quebrada Shucaque.;LA LIBERTAD;PATAZ;PARCOY;18;231431;9110510;3319;Categoría 4
33765;Red monitoreo_Intercuenca Alto Maran╠âon V_OK.xls;Marañon;Huamachuco;Intercuenca Alto Marañón V;49899;Quebrada;Llacuabamba;QLlac1;Quebrada Llacuabamba, aproximadamente 360 m, aguas arriba del  Sistema de Tratamiento Las Chilcas (vertimiento P-7) de la Minera Aurífera Retamas S. A. (MARSA).  ;LA LIBERTAD;PATAZ;PARCOY;18;231004;9110449;3252;Categoría 4
33766;Red monitoreo_Intercuenca Alto Maran╠âon V_OK.xls;Marañon;Huamachuco;Intercuenca Alto Marañón V;49899;Laguna Natural;Blanca;LBlanc1;Laguna Blanca, a la salida de la laguna. ;LA LIBERTAD;PATAZ;PARCOY;18;231499;9114445;3948;Categoría 4
33767;Red monitoreo_Intercuenca Alto Maran╠âon V_OK.xls;Marañon;Huamachuco;Intercuenca Alto Marañón V;49899;Quebrada;Llacuabamba;QLlac2;Quebrada Llacuabamba, aproximadamente 600 m, aguas abajo del  Sistema de Tratamiento Las Chilcas (vertimiento P-7) de la Minera Aurífera Retamas S. A. (MARSA).  ;LA LIBERTAD;PATAZ;PARCOY;18;229996;9110720;3148;Categoría 4
33768;Red monitoreo_Intercuenca Alto Maran╠âon V_OK.xls;Marañon;Huamachuco;Intercuenca Alto Marañón V;49899;Quebrada;Llacuabamba;QLlac4;Quebrada Llacuabamba, aguas abajo de la confluencia con la quebrada Castilla de Llacuabamba.;LA LIBERTAD;PATAZ;PARCOY;18;229837;9110930;3159;Categoría 4
33769;Red monitoreo_Intercuenca Alto Maran╠âon V_OK.xls;Marañon;Huamachuco;Intercuenca Alto Marañón V;49899;Quebrada;Potacocha;QPotc1;Quebrada Potacocha, aproximadamente 300 m,  aguas arriba del vertimiento de aguas residuales domésticas de la población de Parcoy (sector Nuevo Parcoy).;LA LIBERTAD;PATAZ;PARCOY;18;226485;9111041;3179;Categoría 4
33770;Red monitoreo_Intercuenca Alto Maran╠âon V_OK.xls;Marañon;Huamachuco;Intercuenca Alto Marañón V;49899;Quebrada;Potacocha;QPotc2;Quebrada Potacocha,  aproximadamente 220 m, aguas abajo del vertimiento de aguas residuales domésticas de la población de Parcoy (Sector Nuevo Parcoy).;LA LIBERTAD;PATAZ;PARCOY;18;226869;9111448;3027;Categoría 4
33771;Red monitoreo_Intercuenca Alto Maran╠âon V_OK.xls;Marañon;Huamachuco;Intercuenca Alto Marañón V;49899;Quebrada;Potacocha;QPotc3;Quebrada Potacocha, aproximadamente a 230 m, aguas abajo de la confluencia con la quebrada Huinchus. ;LA LIBERTAD;PATAZ;PARCOY;18;227115;9111819;3004;Categoría 4
33772;Red monitoreo_Intercuenca Alto Maran╠âon V_OK.xls;Marañon;Huamachuco;Intercuenca Alto Marañón V;49899;Quebrada;Llacuabamba;QLlac3; Quebrada Llacuabamba, aproximadamente 200 m, aguas arriba de la confluencia con la quebrada Castilla de Retamas.;LA LIBERTAD;PATAZ;PARCOY;18;227226;9112505;2850;Categoría 4
33773;Red monitoreo_Intercuenca Alto Maran╠âon V_OK.xls;Marañon;Huamachuco;Intercuenca Alto Marañón V;49899;Río;PARCOY;RParc1;Río Parcoy, aproximadamente 100 m, aguas abajo de la confluencia de las quebradas Llacuabamba y Potacocha.;LA LIBERTAD;PATAZ;PARCOY;18;226968;9112784;2803;Categoría 4
33774;Red monitoreo_Intercuenca Alto Maran╠âon V_OK.xls;Marañon;Huamachuco;Intercuenca Alto Marañón V;49899;Río;PARCOY;RParc2;Río Parcoy, aproximadamente 185 m, aguas abajo del vertimiento M-7 (Túnel balcón) del Consorcio Minero Horizonte S. A.;LA LIBERTAD;PATAZ;PARCOY;18;225916;9115730;2510;Categoría 4
33775;Red monitoreo_Intercuenca Alto Maran╠âon V_OK.xls;Marañon;Huamachuco;Intercuenca Alto Marañón V;49899;Quebrada;CULEBRILLAS;QCule2;Quebrada Culebrillas, aproximadamente 100 m, aguas arriba de la confluencia con el río Parcoy. ;LA LIBERTAD;PATAZ;PARCOY;18;224944;9117535;2494;Categoría 4
33776;Red monitoreo_Intercuenca Alto Maran╠âon V_OK.xls;Marañon;Huamachuco;Intercuenca Alto Marañón V;49899;Río;PARCOY;RParc3;Río Parcoy, aguas abajo del vertimiento A-3  (Bocamina Esperanza) Consorcio Minero Horizonte S. A. ;LA LIBERTAD;PATAZ;PARCOY;18;224503;9118228;2296;Categoría 4
33777;Red monitoreo_Intercuenca Alto Maran╠âon V_OK.xls;Marañon;Huamachuco;Intercuenca Alto Marañón V;49899;Río;PARCOY;RParc4;Río Parcoy, aproximadamente 30 m, aguas arriba de la carretera Retamas - Pias, que conduce al Consorcio Minero Horizonte S. A. ;LA LIBERTAD;PATAZ;PARCOY;18;223620;9119579;2149;Categoría 4
33778;Red monitoreo_Intercuenca Alto Maran╠âon V_OK.xls;Marañon;Huamachuco;Intercuenca Alto Marañón V;49899;Río;PARCOY;RParc6;Río Parcoy, aproximadamente 120 m, aguas abajo del vertimiento de la cancha de relaves Chilcapampa del Consorcio Minero Horizonte S. A. ;LA LIBERTAD;PATAZ;PARCOY;18;224097;9118545;2264;Categoría 4
33779;Red monitoreo_Intercuenca Alto Maran╠âon V_OK.xls;Marañon;Huamachuco;Intercuenca Alto Marañón V;49899;Otros;Río Yurac Yacu;RYyac1;Río Yurac Yacu, aproximadamente a 30 m, aguas arriba del puente carrozable Yurac Yacu.;LA LIBERTAD;PATAZ;PIAS;18;222839;9121973;2650;Categoría 4
33780;Red monitoreo_Intercuenca Alto Maran╠âon V_OK.xls;Marañon;Huamachuco;Intercuenca Alto Marañón V;49899;Río;PARCOY;RParc5;Río Parcoy, aproximadamente 200 metros,  aguas abajo del vertimiento de la Planta de Filtrados Yurac Yacu del Consorcio Minero Horizonte S. A. ;LA LIBERTAD;PATAZ;PIAS;18;222467;9121836;1961;Categoría 4
33781;Red monitoreo_Intercuenca Alto Maran╠âon V_OK.xls;Marañon;Huamachuco;Intercuenca Alto Marañón V;49899;Otros;Quebrada Ariabamba;QAria1;Quebrada Ariabamba, aproximadamente 40 m, aguas arriba del puente El Sitio y aproximadamente, 800 m aguas arriba de la confluencia con el río Parcoy. ;LA LIBERTAD;PATAZ;PIAS;18;220971;9125470;1884;Categoría 4
33782;Red monitoreo_Intercuenca Alto Maran╠âon V_OK.xls;Marañon;Huamachuco;Intercuenca Alto Marañón V;49899;Quebrada;Infiernillo;QInfi1;Quebrada Infiernillo, aguas arriba del vertimiento del distrito de Pias. ;LA LIBERTAD;PATAZ;PIAS;18;220188;9129247;3026;Categoría 4
33783;Red monitoreo_Intercuenca Alto Maran╠âon V_OK.xls;Marañon;Huamachuco;Intercuenca Alto Marañón V;49899;Quebrada;Infiernillo;QInfi2; Quebrada Infiernillo, aproximadamente 60 m, aguas arriba del puente El Infiernillo. ;LA LIBERTAD;PATAZ;PIAS;18;218879;9127053;2044;Categoría 4
33784;Red monitoreo_Intercuenca Alto Maran╠âon V_OK.xls;Marañon;Huamachuco;Intercuenca Alto Marañón V;49899;Laguna Natural;Pias;LPias1;Laguna Pias, antes del dique de salida.;LA LIBERTAD;PATAZ;PIAS;18;216907;9127022;1863;Categoría 4
33785;Red monitoreo_Intercuenca Alto Maran╠âon V_OK.xls;Marañon;Huamachuco;Intercuenca Alto Marañón V;49899;Río;San Miguel;RSmig2;Río San Miguel, aguas abajo del puente San Miguel y aproximadamente, 630 m aguas arriba de la confluencia con el Río Marañón.;LA LIBERTAD;PATAZ;PARCOY;18;210352;9127423;1284;Categoría 3
33786;Red monitoreo_Intercuenca Alto Maran╠âon V_OK.xls;Marañon;Huamachuco;Intercuenca Alto Marañón V;49899;Río;MARAÑON;RMara8;Río Marañón, aproximadamente 600 m, aguas abajo de la confluencia con la quebrada Huayllapa. ;LA LIBERTAD;SANCHEZ CARRION;COCHORCO;18;210054;9119947;1302;Categoría 3
33787;Red monitoreo_Intercuenca Alto Maran╠âon V_OK.xls;Marañon;Huamachuco;Intercuenca Alto Marañón V;49899;Río;MARAÑON;RMara11;Río Marañón, aproximadamente 150 m, aguas abajo de la confluencia con la quebrada Utcubamba.;LA LIBERTAD;SANCHEZ CARRION;COCHORCO;18;210198;9121434;1293;Categoría 3
33788;Red monitoreo_Intercuenca Alto Maran╠âon V_OK.xls;Marañon;Huamachuco;Intercuenca Alto Marañón V;49899;Río;MARAÑON;RMara9;Río Marañón, aproximadamente 860 m, aguas arriba de la confluencia con la quebrada Huacaniday. ;LA LIBERTAD;PATAZ;PATAZ;18;209564;9131969;1237;Categoría 3
33789;Red monitoreo_Intercuenca Alto Maran╠âon V_OK.xls;Marañon;Huamachuco;Intercuenca Alto Marañón V;49899;Quebrada;Hualanga;QHuag1;Quebrada Hualanga, aproximadamente 370 m, aguas arriba de la confluencia con el río Marañón. ;LA LIBERTAD;PATAZ;PATAZ;18;207240;9140984;1243;Categoría 3
33790;Red monitoreo_Intercuenca Alto Maran╠âon V_OK.xls;Marañon;Huamachuco;Intercuenca Alto Marañón V;49899;Quebrada;del Tingo;QTing1;Quebrada del Tingo, aguas abajo de la confluencia con la quebrada Santa Filomena. ;LA LIBERTAD;PATAZ;PATAZ;18;208514;9145097;1402;Categoría 3
33791;Red monitoreo_Intercuenca Alto Maran╠âon V_OK.xls;Marañon;Huamachuco;Intercuenca Alto Marañón V;49899;Río;Ganzul;RGanz1;Río Ganzul, aproximadamente 40 m, aguas arriba del puente Ganzul. ;LA LIBERTAD;SANCHEZ CARRION;SARTIMBAMBA;18;196039;9148419;2716;Categoría 3
33792;Red monitoreo_Intercuenca Alto Maran╠âon V_OK.xls;Marañon;Huamachuco;Intercuenca Alto Marañón V;49899;Quebrada;La Lima;QLlim1;Quebrada La Lima, aproximadamente 360 m, aguas arriba de la confluencia con el río Marañón. ;LA LIBERTAD;PATAZ;PATAZ;18;205176;9150321;1187;Categoría 3
33793;Red monitoreo_Intercuenca Alto Maran╠âon V_OK.xls;Marañon;Huamachuco;Intercuenca Alto Marañón V;49899;Río;MARAÑON;RMara10;Río Marañón, aguas abajo del puente Calemar.;LA LIBERTAD;BOLIVAR;BAMBAMARCA;18;198784;9167639;1095;Categoría 3
33794;Red monitoreo_Intercuenca Alto Maran╠âon V_OK.xls;Marañon;Huamachuco;Intercuenca Alto Marañón V;49899;Otros;Río Sarin;RSari1;Río Sarin, aproximadamente a 50 m, aguas abajo de la confluencia con el río Huachmin. ;LA LIBERTAD;SANCHEZ CARRION;SARIN;18;181636;9118462;3130;Categoría 3
33795;Red monitoreo_Intercuenca Alto Maran╠âon V_OK.xls;Marañon;Huamachuco;Intercuenca Alto Marañón V;49899;Otros;Río Cerpaquino;RCerp1;Río Cerpaquino, aproximadamente 30 m, aguas arriba del puente de la carretera  Cerpaquino - Hualay, sector Chir Chir.;LA LIBERTAD;SANCHEZ CARRION;SARIN;18;173923;9121261;3024;Categoría 3
33796;Red monitoreo_Intercuenca Alto Maran╠âon V_OK.xls;Marañon;Huamachuco;Intercuenca Alto Marañón V;49899;Otros;Quebrada Cushuro;QCush1;Quebrada Cushuro, aproximadamente 20 m, aguas arriba del puente de la carretera Curgos – Cerpaquino - Hualay.;LA LIBERTAD;SANCHEZ CARRION;CURGOS;18;174879;9125819;2799;Categoría 3
33797;Red monitoreo_Intercuenca Alto Maran╠âon V_OK.xls;Marañon;Huamachuco;Intercuenca Alto Marañón V;49899;Río;Curgos;RCurg1;Río Curgos, aproximadamente 30m,  aguas abajo del puente peatonal, en el sector Choctamalca. ;LA LIBERTAD;SANCHEZ CARRION;CURGOS;18;172651;9128779;3340;Categoría 3
33798;Red monitoreo_Intercuenca Alto Maran╠âon V_OK.xls;Marañon;Huamachuco;Intercuenca Alto Marañón V;49899;Río;Lorichuco;RLori1;Río Lorichuco, aproximadamente 860 m, aguas arriba de carretra de acceso al sector Yanasara.;LA LIBERTAD;SANCHEZ CARRION;CURGOS;18;177872;9136842;2389;Categoría 3
33799;Red monitoreo_Intercuenca Alto Maran╠âon V_OK.xls;Marañon;Huamachuco;Intercuenca Alto Marañón V;49899;Río;Chusgón ;RChus1;Río Chusgón, aproximadamente 820 m, aguas abajo del puente El Pallar. ;LA LIBERTAD;SANCHEZ CARRION;CHUGAY;18;180056;9138134;2363;Categoría 3
33800;Red monitoreo_Intercuenca Alto Maran╠âon V_OK.xls;Marañon;Huamachuco;Intercuenca Alto Marañón V;49899;Río;Chusgón ;RChus3;Río Chusgón, sector Pucarita. ;LA LIBERTAD;SANCHEZ CARRION;SARTIMBAMBA;18;185294;9167775;1253;Categoría 3
33801;Red monitoreo_Intercuenca Alto Maran╠âon V_OK.xls;Marañon;Huamachuco;Intercuenca Alto Marañón V;49899;Río;Chusgón ;RChus2;Río Chusgón, antes de la confluencia con la quebrada Los Algarrobos. ;LA LIBERTAD;SANCHEZ CARRION;SARTIMBAMBA;18;193900;9171720;2350;Categoría 3
33802;Red monitoreo_Intercuenca Alto Maran╠âon V_OK.xls;Marañon;Huamachuco;Intercuenca Alto Marañón V;49899;Río;Chusgón ;RChus4;Río Chusgón, sector San Felipe II. ;LA LIBERTAD;SANCHEZ CARRION;SARTIMBAMBA;18;187913;9168937;1212;Categoría 3
33803;Red monitoreo_Intercuenca Alto Maran╠âon V_OK.xls;Marañon;Huamachuco;Intercuenca Alto Marañón V;49899;Quebrada;Mushmush;QMush1;Quebrada Mushmush, aproximadamente 150 m, aguas arriba de la relavera San Andrés de la Minera Aurífera Retamas S. A. (MARSA). ;LA LIBERTAD;PATAZ;PARCOY;18;233848;9108478;3981;Categoría 4
33804;Red monitoreo_Intercuenca Alto Maran╠âon V_OK.xls;Marañon;Pomabamba;Intercuenca Alto Marañón V;49899;Quebrada;Huichganga;QHuic2;Quebrada Huichganga, en el sector Huichganga, aproximadamente 100 metros,  aguas abajo de la unión de las aguas provenientes de uso minero de la Empresa Minera Silver Hills SRL, caserío Huallin, distrito Chacas, Asunción-Ancash (Zona de amortiguamiento). ;ANCASH;ASUNCION;CHACAS;18;230598;8980976;3429;Categoría 4
33805;Red monitoreo_Intercuenca Alto Maran╠âon V_OK.xls;Marañon;Pomabamba;Intercuenca Alto Marañón V;49899;Quebrada;Potaca;QPota1;Quebrada Potaca, a la altura de la carretera de acceso a Huaraz y de la central Hidroeléctrica Huallín I, en el caserío Huallin, distrito Chacas, Asunción-Ancash (Zona de amortiguamiento).;ANCASH;ASUNCION;CHACAS;18;232101;8984630;3650;Categoría 4
33806;Red monitoreo_Intercuenca Alto Maran╠âon V_OK.xls;Marañon;Pomabamba;Intercuenca Alto Marañón V;49899;Otros;Quebrada Vesubio;QVesu1;Quebrada Vesubio, aguas arriba del puente Huallín.;ANCASH;ASUNCION;CHACAS;18;233461;8984215;3459;Categoría 4
33807;Red monitoreo_Intercuenca Alto Maran╠âon V_OK.xls;Marañon;Pomabamba;Intercuenca Alto Marañón V;49899;Otros;Quebrada Vesubio;QVesu2;Quebrada Vesubio, aproximadamente 100 m, aguas abajo del vertimiento de la planta de procesos mineros de Silver Hills (único acceso), en el caserío Huallín, distrito Chacas, provincia Asunción – Ancash.;ANCASH;ASUNCION;CHACAS;18;233642;8984502;3814;Categoría 4
33808;Red monitoreo_Intercuenca Alto Maran╠âon V_OK.xls;Marañon;Pomabamba;Intercuenca Alto Marañón V;49899;Quebrada;Juitush;QJuit1;Quebrada Juitush, aproximadamente 30 m, aguas arriba del puente Chacato. ;ANCASH;ASUNCION;CHACAS;18;235854;8984847;3404;Categoría 4
33809;Red monitoreo_Intercuenca Alto Maran╠âon V_OK.xls;Marañon;Pomabamba;Intercuenca Alto Marañón V;49899;Otros;Río Chucpin;RChuc1;Río Chucpin, aproximadamente 230 m, aguas abajo del puente de acceso al distrito de Acochaca. ;ANCASH;ASUNCION;ACOCHACA;18;239480;8992023;2836;Categoría 4
33810;Red monitoreo_Intercuenca Alto Maran╠âon V_OK.xls;Marañon;Pomabamba;Intercuenca Alto Marañón V;49899;Otros;Quebrada Chacapata;QChac1;Quebrada Chacapata, altura del puente Jambon.;ANCASH;ASUNCION;ACOCHACA;18;237780;8997078;3170;Categoría 4
33811;Red monitoreo_Intercuenca Alto Maran╠âon V_OK.xls;Marañon;Pomabamba;Intercuenca Alto Marañón V;49899;Río;Ruricocha;RRurc1;Río Ruricocha, aguas arriba del puente Cunya de la localidad de Colpa, distrito Acochaca , provincia de Asunción. ;ANCASH;YUNGAY;YANAMA;18;237402;8997982;3043;Categoría 4
33812;Red monitoreo_Intercuenca Alto Maran╠âon V_OK.xls;Marañon;Pomabamba;Intercuenca Alto Marañón V;49899;Otros;Quebrada San Luis;QSlui1;Quebrada San Luis, aguas abajo del puente Sute de la localidad de Cochabamba. ;ANCASH;CARLOS FERMIN FITZCARRALD;SAN LUIS;18;244781;8994559;2919;Categoría 3
33813;Red monitoreo_Intercuenca Alto Maran╠âon V_OK.xls;Marañon;Pomabamba;Intercuenca Alto Marañón V;49899;Río;Ashnocancha;RAshn1;Río Ashnocancha, aproximadamente 40 m, aguas arriba del puente de acceso al centro poblado Ashnucancha. ;ANCASH;CARLOS FERMIN FITZCARRALD;SAN LUIS;18;240291;9000398;2539;Categoría 3
33814;Red monitoreo_Intercuenca Alto Maran╠âon V_OK.xls;Marañon;Pomabamba;Intercuenca Alto Marañón V;49899;Río;Ashnocancha;RAshn2;Río Ashnocancha, aproximadamente 1,6 Km, aguas arriba de la confluencia con el río Yurma. ;ANCASH;CARLOS FERMIN FITZCARRALD;SAN LUIS;18;240285;9005395;2475;Categoría 3
33815;Red monitoreo_Intercuenca Alto Maran╠âon V_OK.xls;Marañon;Pomabamba;Intercuenca Alto Marañón V;49899;Río;Yurma;RYurm1;Río Yurma, aguas arriba del puente Llacma del distrito de Yanama, provincia de Yungay.;ANCASH;YUNGAY;YANAMA;18;238625;9005534;2460;Categoría 3
33816;Red monitoreo_Intercuenca Alto Maran╠âon V_OK.xls;Marañon;Pomabamba;Intercuenca Alto Marañón V;49899;Río;Yanamayo;RYana1;Río Yanamayo, proximadamanete 1,4 Km, aguas arriba de la confluencia con la quebrada Maribamba. ;ANCASH;MARISCAL LUZURIAGA;MUSGA;18;245990;9010108;2248;Categoría 3
33817;Red monitoreo_Intercuenca Alto Maran╠âon V_OK.xls;Marañon;Pomabamba;Intercuenca Alto Marañón V;49899;Río;Pomabamba;RPoma3;Río Pomabamba, aguas abajo del puente Pacosbamba.;ANCASH;POMABAMBA;POMABAMBA;18;239780;9014396;2833;Categoría 3
33818;Red monitoreo_Intercuenca Alto Maran╠âon V_OK.xls;Marañon;Pomabamba;Intercuenca Alto Marañón V;49899;Río;Pomabamba;RPoma2;Río Pomabamba, aguas arriba del puente  de acceso al centro poblado Colpa.;ANCASH;POMABAMBA;POMABAMBA;18;233455;9020156;2721;Categoría 3
33819;Red monitoreo_Intercuenca Alto Maran╠âon V_OK.xls;Marañon;Pomabamba;Intercuenca Alto Marañón V;49899;Otros;Río Vilcabamba;RVilc1;Río Vilcabamba, aguas arriba del puente de acceso al centro poblado Cardon.;ANCASH;MARISCAL LUZURIAGA;CASCA;18;231816;9021465;3116;Categoría 3
33820;Red monitoreo_Intercuenca Alto Maran╠âon V_OK.xls;Marañon;Pomabamba;Intercuenca Alto Marañón V;49899;Río;Pomabamba;RPoma4;Río Pomabamba, aguas abajo de los vertimientos municipales del distrito de Pomabamba. ;ANCASH;POMABAMBA;POMABAMBA;18;229816;9023282;2884;Categoría 3
33821;Red monitoreo_Intercuenca Alto Maran╠âon V_OK.xls;Marañon;Pomabamba;Intercuenca Alto Marañón V;49899;Río;Pomabamba;RPoma5;Río Pomabamba, aguas abajo del puente de acceso a Los Baños, en el sector Comunpampa.;ANCASH;POMABAMBA;POMABAMBA;18;229344;9023613;2909;Categoría 3
33822;Red monitoreo_Intercuenca Alto Maran╠âon V_OK.xls;Marañon;Pomabamba;Intercuenca Alto Marañón V;49899;Quebrada;Jancapampa;QJanc2;Quebrada Jancapampa, aguas arriba de la bocatoma del canal de riego Chuyas Huaycho, localidad de Chuyas - Pomabamba – provincia de Pomabamba.;ANCASH;POMABAMBA;POMABAMBA;18;226233;9023518;2978;Categoría 3
33823;Red monitoreo_Intercuenca Alto Maran╠âon V_OK.xls;Marañon;Pomabamba;Intercuenca Alto Marañón V;49899;Quebrada;Jancapampa;QJanc1;Quebrada Jancapampa, aproximadamente 130 m, aguas arriba de la confluencia con el río Pomabamba. ;ANCASH;POMABAMBA;POMABAMBA;18;227323;9024918;2970;Categoría 3
33824;Red monitoreo_Intercuenca Alto Maran╠âon V_OK.xls;Marañon;Pomabamba;Intercuenca Alto Marañón V;49899;Río;Pomabamba;RPoma1;Río Pomabamba, aguas arriba del puente de acceso al distrito de Pomabamba, a la altura del centro poblado Geushaj.;ANCASH;POMABAMBA;POMABAMBA;18;227276;9025068;2473;Categoría 3
33825;Red monitoreo_Intercuenca Alto Maran╠âon V_OK.xls;Marañon;Pomabamba;Intercuenca Alto Marañón V;49899;Otros;Río Andaymayo;RAnda2;Río Andaymayo, aproximadamente 15 m, aguas arriba del puente (Hechizo de metal) Chullin. ;ANCASH;SIHUAS;SAN JUAN;18;208649;9042267;2455;Categoría 3
33826;Red monitoreo_Intercuenca Alto Maran╠âon V_OK.xls;Marañon;Pomabamba;Intercuenca Alto Marañón V;49899;Río;Chullin;RChul2;Río Chullin, aproximadamente 480 m, aguas abajo de la confluencia con el río Andaymayo. ;ANCASH;SIHUAS;SICSIBAMBA;18;215151;9045879;2525;Categoría 3
33827;Red monitoreo_Intercuenca Alto Maran╠âon V_OK.xls;Marañon;Pomabamba;Intercuenca Alto Marañón V;49899;Río;Chullin;RChul3;Río Chullin, antes de la confluencia con el río Sihuas.  ;ANCASH;SIHUAS;SAN JUAN;18;216158;9048578;2400;Categoría 3
33828;Red monitoreo_Intercuenca Alto Maran╠âon V_OK.xls;Marañon;Pomabamba;Intercuenca Alto Marañón V;49899;Río;Chullin;RChul1;Río Chullin, aguas abajo de la confluencia con la quebrada Chinchobamba. ;ANCASH;SIHUAS;SIHUAS;18;215143;9046845;3405;Categoría 3
33829;Red monitoreo_Intercuenca Alto Maran╠âon V_OK.xls;Marañon;Pomabamba;Intercuenca Alto Marañón V;49899;Quebrada;Bayococha;QBayo1;Quebrada Bayococha, aguas abajo del puente rústico de acceso al centro poblado Tacush. ;ANCASH;SIHUAS;CASHAPAMPA;18;205249;9049255;3797;Categoría 3
33830;Red monitoreo_Intercuenca Alto Maran╠âon V_OK.xls;Marañon;Pomabamba;Intercuenca Alto Marañón V;49899;Río;Pasacancha;RPasa2;Río Pasacancha, aguas arriba del puente Pasacancha, en el centro poblado Pasacancha. ;ANCASH;SIHUAS;CASHAPAMPA;18;207726;9048223;3151;Categoría 3
33831;Red monitoreo_Intercuenca Alto Maran╠âon V_OK.xls;Marañon;Pomabamba;Intercuenca Alto Marañón V;49899;Río;Pasacancha;RPasa1;Río Pasacancha, aguas arriba de la confluencia con río Sihuas. ;ANCASH;SIHUAS;SIHUAS;18;213642;9050526;2608;Categoría 3
33832;Red monitoreo_Intercuenca Alto Maran╠âon V_OK.xls;Marañon;Pomabamba;Intercuenca Alto Marañón V;49899;Río;Sihuas;RSihu1;Río Sihuas, aguas arriba del puente de acceso al centro poblado Paccha. ;ANCASH;SIHUAS;SIHUAS;18;204648;9061531;3365;Categoría 3
33833;Red monitoreo_Intercuenca Alto Maran╠âon V_OK.xls;Marañon;Pomabamba;Intercuenca Alto Marañón V;49899;Río;Sihuas;RSihu2;Río Sihuas, altura del puente San Juan. ;ANCASH;SIHUAS;HUAYLLABAMBA;18;216107;9049271;2403;Categoría 3
33834;Red monitoreo_Intercuenca Alto Maran╠âon V_OK.xls;Marañon;Pomabamba;Intercuenca Alto Marañón V;49899;Río;Sihuas;RSihu3;Río Sihuas, aproximadamente 100 m, aguas abajo del vertimiento de la Planta de Tratamiento de Aguas Residuales-PTAR de la ciudad de Sihuas. ;ANCASH;SIHUAS;SIHUAS;18;211540;9052391;2505;Categoría 3
33835;Red monitoreo_Intercuenca Alto Maran╠âon V_OK.xls;Marañon;Pomabamba;Intercuenca Alto Marañón V;49899;Río;Chocobamba;RChoc1;Río Chocobamba, aproximadamente 50 m, aguas arriba del puente que conduce al anexo de Gochaj - Huacrachuco. ;HUANUCO;MARAÑON;HUACRACHUCO;18;267280;9045410;3299;Categoría 3
33836;Red monitoreo_Intercuenca Alto Maran╠âon V_OK.xls;Marañon;Pomabamba;Intercuenca Alto Marañón V;49899;Río;Huacrachuco;RHuac1;Río Huacrachuco, aproximadamente 20 m, aguas arriba del puente Yamos, en la localidad de Santo Domingo, distrito Huacrachuco, provincia Marañón.;HUANUCO;MARAÑON;HUACRACHUCO;18;263846;9048000;1693;Categoría 3
33837;Red monitoreo_Intercuenca Alto Maran╠âon V_OK.xls;Marañon;Pomabamba;Intercuenca Alto Marañón V;49899;Río;Huacrachuco;RHuac2;Río Huacrachuco, aproximadamente 100 m, aguas abajo del vertimiento de la PTAR de la ciudad de Huacrachuco, localidad Las delicias, distrito Huacrachuco, provincia Marañón, departamento Huánuco.;HUANUCO;MARAÑON;HUACRACHUCO;18;263099;9049245;1737;Categoría 3
33838;Red monitoreo_Intercuenca Alto Maran╠âon V_OK.xls;Marañon;Pomabamba;Intercuenca Alto Marañón V;49899;Otros;Río Anchic;RAnch1;Río Anchic, aproximadamente 340 m, aguas arriba de la confluencia con el río Huacrachuco, en la localidad de Mamahuaje, distrito Huancaspata, provincias Pataz, departamento La Libertad.;LA LIBERTAD;PATAZ;HUANCASPATA;18;247570;9057889;3878;Categoría 3
33839;Red monitoreo_Intercuenca Alto Maran╠âon V_OK.xls;Marañon;Pomabamba;Intercuenca Alto Marañón V;49899;Río;Huacrachuco;RHuac3;Río Huacrachuco, aproximadamente 540 m aguas arriba de la confluencia con el río Marañón. ;LA LIBERTAD;PATAZ;HUANCASPATA;18;245417;9057166;1758;Categoría 3
33840;Red monitoreo_Intercuenca Alto Maran╠âon V_OK.xls;Marañon;Pomabamba;Intercuenca Alto Marañón V;49899;Río;MARAÑON;RMara7;Río Marañón, a la altura del puente Comaru, distrito de Huancaspata, provincia Pataz, departamente La Libertad.;LA LIBERTAD;PATAZ;HUANCASPATA;18;240040;9058417;2901;Categoría 3
33841;Red monitoreo_Intercuenca Alto Maran╠âon V_OK.xls;Marañon;Pomabamba;Intercuenca Alto Marañón V;49899;Río;Rupac;RRupa1;Río Rupac, aproximadamente 150 m, antes de la confluencia con el río Marañón.;ANCASH;POMABAMBA;PAROBAMBA;18;239454;9058707;2753;Categoría 3
33842;Red monitoreo_Intercuenca Alto Maran╠âon V_OK.xls;Marañon;Pomabamba;Intercuenca Alto Marañón V;49899;Río;Llama;RLlam1;Río Llama, aproximadamente 100 m, aguas arriba de la confluencia con el río San Miguel. ;ANCASH;SIHUAS;QUICHES;18;219823;9075436;1986;Categoría 3
33843;Red monitoreo_Intercuenca Alto Maran╠âon V_OK.xls;Marañon;Pomabamba;Intercuenca Alto Marañón V;49899;Río;San Miguel;RSmig1;Río San Miguel, antes de la confluencia con el río Llama. ;ANCASH;SIHUAS;ACOBAMBA;18;220166;9075804;1887;Categoría 3
33844;Red monitoreo_Intercuenca Alto Maran╠âon V_OK.xls;Marañon;Pomabamba;Intercuenca Alto Marañón V;49899;Río;Actuy;RActu1; Río Actuy, aproximadamente 120 m, aguas abajo de la confluencia de los ríos Llama y San Miguel. ;ANCASH;SIHUAS;ACOBAMBA;18;220031;9075376;1778;Categoría 3
33845;Red monitoreo_Intercuenca Alto Maran╠âon V_OK.xls;Marañon;Pomabamba;Intercuenca Alto Marañón V;49899;Quebrada;Huascacocha;QHuas1;Quebrada Huascacocha, aproximadamente 20 m, aguas abajo de la laguna Huascacocha. ;LA LIBERTAD;PATAZ;TAYABAMBA;18;260576;9077163;3392;Categoría 3
33846;Red monitoreo_Intercuenca Alto Maran╠âon V_OK.xls;Marañon;Pomabamba;Intercuenca Alto Marañón V;49899;Río;Cajas;RCaja1;Río Cajas, a la altura del puente Chaquicocha, provincia Pataz, departamento La Libertad.;LA LIBERTAD;PATAZ;TAYABAMBA;18;253678;9080335;3484;Categoría 3
33847;Red monitoreo_Intercuenca Alto Maran╠âon V_OK.xls;Marañon;Pomabamba;Intercuenca Alto Marañón V;49899;Quebrada;Huamalla;QHual1;Quebrada Huamalla, aproximadamente 30 m, antes de la captación de agua para uso poblacional de Tayabamba, provincia Pataz, departamento La Libertad. ;LA LIBERTAD;PATAZ;TAYABAMBA;18;247416;9082075;1851;Categoría 3
33848;Red monitoreo_Intercuenca Alto Maran╠âon V_OK.xls;Marañon;Pomabamba;Intercuenca Alto Marañón V;49899;Otros;Quebrada Mineracra;QMine1;Quebrada Mineracra, aproximadamente 120 m, aguas arriba de la confluencia con la quebrada Uchuragra. ;LA LIBERTAD;PATAZ;HUAYLILLAS;18;245603;9095107;3580;Categoría 3
33849;Red monitoreo_Intercuenca Alto Maran╠âon V_OK.xls;Marañon;Pomabamba;Intercuenca Alto Marañón V;49899;Quebrada;Uchuragra;QUchu1;Quebrada Uchuragra, aproximadamente 760 m, aguas arriba de la confluencia con la quebrada Mineracra. ;LA LIBERTAD;PATAZ;HUAYLILLAS;18;245522;9095925;2427;Categoría 3
33850;Red monitoreo_Intercuenca Alto Maran╠âon V_OK.xls;Marañon;Pomabamba;Intercuenca Alto Marañón V;49899;Quebrada;Uchuragra;QUchu2;Quebrada Uchuragra, aproximadamente 380 m, aguas arriba de la confluencia con el río Cajas. ;LA LIBERTAD;PATAZ;HUAYLILLAS;18;242156;9094289;2350;Categoría 3
33851;Red monitoreo_Intercuenca Alto Maran╠âon V_OK.xls;Marañon;Pomabamba;Intercuenca Alto Marañón V;49899;Río;Cajas;RCaja3;Río Cajas, aproximadamente a 50 m, aguas abajo del puente Huaylillas, distrito Huaylillas, provincia Pataz, departamento La Libertad.;LA LIBERTAD;PATAZ;HUAYLILLAS;18;241691;9094154;3527;Categoría 3
33852;Red monitoreo_Intercuenca Alto Maran╠âon V_OK.xls;Marañon;Pomabamba;Intercuenca Alto Marañón V;49899;Río;Buldibuyo;RBuld1; Río Buldibuyo,  aguas abajo del vertimiento del distrito Buldibuyo, provincia Pataz, departamento La Libertad.;LA LIBERTAD;PATAZ;BULDIBUYO;18;236317;9100690;3128;Categoría 3
33853;Red monitoreo_Intercuenca Alto Maran╠âon V_OK.xls;Marañon;Pomabamba;Intercuenca Alto Marañón V;49899;Río;Buldibuyo;RBuld3;Río Buldibuyo, aproximadamente 180 m, aguas arriba de la confluencia con la quebrada Yanapaccha.;LA LIBERTAD;PATAZ;BULDIBUYO;18;238198;9100605;2780;Categoría 3
33854;Red monitoreo_Intercuenca Alto Maran╠âon V_OK.xls;Marañon;Pomabamba;Intercuenca Alto Marañón V;49899;Otros;Quebrada No nominada;QNnom2;Quebrada No nominada, aproximadamente 160 m, aguas abajo de la laguna Alaska, en la comunidad campesina Paccha, distrito de Buldibuyo, provincia Pataz, departamento La Libertad. ;LA LIBERTAD;PATAZ;BULDIBUYO;18;233268;9105872;4127;Categoría 3
33855;Red monitoreo_Intercuenca Alto Maran╠âon V_OK.xls;Marañon;Pomabamba;Intercuenca Alto Marañón V;49899;Otros;Quebrada No nominada;QNnom3;Quebrada No nominada, adyacente a la carretera de acceso a la Minera Santa Barbara de Trujillo S.A.C.;LA LIBERTAD;PATAZ;BULDIBUYO;18;233283;9105901;4126;Categoría 3
33856;Red monitoreo_Intercuenca Alto Maran╠âon V_OK.xls;Marañon;Pomabamba;Intercuenca Alto Marañón V;49899;Otros;Quebrada Yanapaccha;QYana1;Quebrada Yanapaccha, aproximadaemente 1,3 Km, aguas arriba de la confluencia con el río Buldibuyo. ;LA LIBERTAD;PATAZ;BULDIBUYO;18;237774;9101780;2941;Categoría 3
33857;Red monitoreo_Intercuenca Alto Maran╠âon V_OK.xls;Marañon;Pomabamba;Intercuenca Alto Marañón V;49899;Río;Buldibuyo;RBuld2; Río Buldibuyo, aguas abajo del puente Las Naranjas, que conduce al centro poblado Puente Playa. ;LA LIBERTAD;PATAZ;BULDIBUYO;18;239717;9096210;2423;Categoría 3
33858;Red monitoreo_Intercuenca Alto Maran╠âon V_OK.xls;Marañon;Pomabamba;Intercuenca Alto Marañón V;49899;Río;Cajas;RCaja2;Río Cajas, aproximadamente 100 m, aguas abajo del PAD de la Compañía Minera CARAVELI S.A.C. en el distrito Tayabamba, provincia de Pataz, departamento La Libertad.;LA LIBERTAD;PATAZ;TAYABAMBA;18;237551;9093106;2224;Categoría 3
33859;Red monitoreo_Intercuenca Alto Maran╠âon V_OK.xls;Marañon;Pomabamba;Intercuenca Alto Marañón V;49899;Río;Cajas;RCaja4;Río Cajas, aproximadamente 160 m, aguas arriba de la confluencia con el río Marañón. ;LA LIBERTAD;PATAZ;TAYABAMBA;18;224300;9085095;1590;Categoría 3
33860;Red monitoreo_Intercuenca Alto Maran╠âon V_OK.xls;Marañon;Pomabamba;Intercuenca Alto Marañón V;49899;Quebrada;Huichganga;QHuic1;Quebrada Huichganga, en el sector Huichganga, Caserío Huallin, distrito Chacas, Asunción – Ancash, aproximadamente 50 m, aguas arriba antes de la unión con las aguas provenientes de usos mineros de la Empresa Minera Silver Hills SRL. ;ANCASH;ASUNCION;CHACAS;18;230471;8981003;3818;Categoría 4
33861;Red monitoreo_Intercuenca Alto Maran╠âon V_OK.xls;Marañon;Huari;Intercuenca Alto Marañón V;49899;Otros;Quebrada Pachachaca;QPach1;Quebrada Pachachaca, aguas abajo de la laguna. ;ANCASH;HUARI;SAN MARCOS;18;275722;8924981;4438;Categoría 3
33862;Red monitoreo_Intercuenca Alto Maran╠âon V_OK.xls;Marañon;Huari;Intercuenca Alto Marañón V;49899;Otros;Quebrada Canrash;QCanr1;Quebrada Canrash, aguas abajo de la laguna Canrash, aproximadamente a 130 m. ;ANCASH;HUARI;SAN MARCOS;18;274234;8928662;4277;Categoría 3
33863;Red monitoreo_Intercuenca Alto Maran╠âon V_OK.xls;Marañon;Huari;Intercuenca Alto Marañón V;49899;Río;Mosna;RMosn1;Rio Mosna, 300 aguas arriba del C.P. Conín;ANCASH;HUARI;SAN MARCOS;18;264733;8929796;3432;Categoría 3
33864;Red monitoreo_Intercuenca Alto Maran╠âon V_OK.xls;Marañon;Huari;Intercuenca Alto Marañón V;49899;Otros;Quebrada Tambillos;QTamb1;Quebrada Tambillos, antes de la confluencia con el río Mosna. ;ANCASH;HUARI;CHAVIN DE HUANTAR;18;259870;8931544;3421;Categoría 3
33865;Red monitoreo_Intercuenca Alto Maran╠âon V_OK.xls;Marañon;Huari;Intercuenca Alto Marañón V;49899;Quebrada;Huayronga ;QHuay1;Quebrada Huayronga, aguas arriba de la localidad de Chullus. ;ANCASH;HUARI;SAN MARCOS;18;260578;8936145;3262;Categoría 3
33866;Red monitoreo_Intercuenca Alto Maran╠âon V_OK.xls;Marañon;Huari;Intercuenca Alto Marañón V;49899;Río;Mosna;RMosn2;Río Mosna, aguas abajo de la localidad de Chavín de Huantar.;ANCASH;HUARI;CHAVIN DE HUANTAR;18;261221;8940339;3110;Categoría 3
33867;Red monitoreo_Intercuenca Alto Maran╠âon V_OK.xls;Marañon;Huari;Intercuenca Alto Marañón V;49899;Río;Mosna;RMosn3;Río Mosna, aproximadamente 250 metros antes de la confluencia con la quebrada Carash. ;ANCASH;HUARI;SAN MARCOS;18;263243;8947203;2920;Categoría 3
33868;Red monitoreo_Intercuenca Alto Maran╠âon V_OK.xls;Marañon;Huari;Intercuenca Alto Marañón V;49899;Quebrada;Carash;QCara1;Quebrada Carash, aguas arriba de la confluencia con el río Mosna, aproximadamente a 70 metros, aguas abajo del puente Santa María.;ANCASH;HUARI;SAN MARCOS;18;263414;8947047;2948;Categoría 3
33869;Red monitoreo_Intercuenca Alto Maran╠âon V_OK.xls;Marañon;Huari;Intercuenca Alto Marañón V;49899;Río;Mosna;RMosn4 ;Río Mosna, a la altuta de la localidad de Orcosh. Aproximadamente a 750 m, aguas debajo de la confluencia con la quebrada Carash. ;ANCASH;HUARI;CHAVIN DE HUANTAR;18;263665;8948006;2914;Categoría 3
33870;Red monitoreo_Intercuenca Alto Maran╠âon V_OK.xls;Marañon;Huari;Intercuenca Alto Marañón V;49899;Río;Mosna;RMosn7;Río Mosna, aproximadamente 30 m, aguas arriba del puente Santa Rosa.  ;ANCASH;HUARI;SAN MARCOS;18;264548;8950787;2872;Categoría 3
33871;Red monitoreo_Intercuenca Alto Maran╠âon V_OK.xls;Marañon;Huari;Intercuenca Alto Marañón V;49899;Río;Rurichinchay;RRuri1;Río Rurichinchay, aproximadamente 400 m, aguas arriba de la confluencia con el río Mosna.;ANCASH;HUARI;HUARI;18;262520;8957078;2708;Categoría 3
33872;Red monitoreo_Intercuenca Alto Maran╠âon V_OK.xls;Marañon;Huari;Intercuenca Alto Marañón V;49899;Río;Mosna;RMosn5;Río Mosna, aproximadamente 150 m, aguas arriba de la confluencia con el río Huari. ;ANCASH;HUARI;HUARI;18;264642;8960726;2622;Categoría 3
33873;Red monitoreo_Intercuenca Alto Maran╠âon V_OK.xls;Marañon;Huari;Intercuenca Alto Marañón V;49899;Río;Huari;RHuar1;Rio Huari, aguas arriba de la descarga de aguas residuales domésticas de la ciudad de Huari, aproximadamente  20 metros del puente Huayochaca.;ANCASH;HUARI;CAJAY;18;262434;8966908;2853;Categoría 3
33874;Red monitoreo_Intercuenca Alto Maran╠âon V_OK.xls;Marañon;Huari;Intercuenca Alto Marañón V;49899;Río;Huari;RHuar2;Rio Huari, aguas abajo de la descarga de aguas residuales domésticas de la ciudad de Huari.;ANCASH;HUARI;HUARI;18;262849;8965924;2825;Categoría 3
33875;Red monitoreo_Intercuenca Alto Maran╠âon V_OK.xls;Marañon;Huari;Intercuenca Alto Marañón V;49899;Río;Huari;RHuar3;Río Huari, aproximadamente 300 m, aguas arriba de la confluencia con el río Mosna. ;ANCASH;HUARI;CAJAY;18;264532;8961094;2836;Categoría 3
33876;Red monitoreo_Intercuenca Alto Maran╠âon V_OK.xls;Marañon;Huari;Intercuenca Alto Marañón V;49899;Río;Puchka;RPuch1;Río Puchka, aproximadamente 120 m, aguas abajo del puente Huachis. ;ANCASH;HUARI;MASIN;18;265682;8961276;2586;Categoría 3
33877;Red monitoreo_Intercuenca Alto Maran╠âon V_OK.xls;Marañon;Huari;Intercuenca Alto Marañón V;49899;Río;Puchka;RPuch2;Río Puchka, aproximadamente 570 m, aguas arriba de la confluencia con el río Colca. ;ANCASH;HUARI;MASIN;18;275826;8968114;2433;Categoría 3
33878;Red monitoreo_Intercuenca Alto Maran╠âon V_OK.xls;Marañon;Huari;Intercuenca Alto Marañón V;49899;Río;Colca;RColc1;Río Colca, aproximadamente 320 m, aguas arriba de la confluencia con el río Puchka. ;ANCASH;HUARI;PONTO;18;276037;8968311;2427;Categoría 3
33879;Red monitoreo_Intercuenca Alto Maran╠âon V_OK.xls;Marañon;Huari;Intercuenca Alto Marañón V;49899;Río;Puchka;RPuch3;Río Puchka, aproximadamente 2.7 Km, aguas abajo de la confluencia con el río Colca. ;ANCASH;HUARI;PONTO;18;277696;8970007;2379;Categoría 3
33880;Red monitoreo_Intercuenca Alto Maran╠âon V_OK.xls;Marañon;Huari;Intercuenca Alto Marañón V;49899;Río;Puchka;RPuch5;Río Puchka,  aguas arriba del puente Culluchaca.;ANCASH;HUARI;MASIN;18;277749;8970438;2375;Categoría 3
33881;Red monitoreo_Intercuenca Alto Maran╠âon V_OK.xls;Marañon;Huari;Intercuenca Alto Marañón V;49899;Río;Puchka;RPuch6;Río Puchka, aproximadamente 60 m, aguas arriba de la confluencia con el río Marañón.;ANCASH;HUARI;PAUCAS;18;277700;8970000;2614;Categoría 3
33882;Red monitoreo_Intercuenca Alto Maran╠âon V_OK.xls;Marañon;Huari;Intercuenca Alto Marañón V;49899;Otros;Quebrada Shushu;QShus1;Quebrada Shushu, aproximadamente 350 m, aguas arriba de la confluencia con el río Puchca. ;ANCASH;ANTONIO RAYMONDI;ACZO;18;278697;8971648;2376;Categoría 3
33883;Red monitoreo_Intercuenca Alto Maran╠âon V_OK.xls;Marañon;Huari;Intercuenca Alto Marañón V;49899;Río;Puchka;RPuch4;Río Puchka,  aproximadamente 1,7 Km, aguas arriba de la confluencia con el río Marañón.;ANCASH;HUARI;PAUCAS;18;286173;8994591;2127;Categoría 3
33884;Red monitoreo_Intercuenca Alto Maran╠âon V_OK.xls;Marañon;Huari;Intercuenca Alto Marañón V;49899;Otros;Laguna Negrococha;LNegr1; Laguna Negrococha, lado noreste de la laguna.;ANCASH;HUARI;SAN MARCOS;18;279951;8938588;4408;Categoría 4
33885;Red monitoreo_Intercuenca Alto Maran╠âon V_OK.xls;Marañon;Huari;Intercuenca Alto Marañón V;49899;Otros;Laguna Nescafé;LNesc1;Laguna Nescafé,  lado noroeste de la laguna. ;ANCASH;HUARI;SAN MARCOS;18;278919;8938630;4357;Categoría 4
33886;Red monitoreo_Intercuenca Alto Maran╠âon V_OK.xls;Marañon;Huari;Intercuenca Alto Marañón V;49899;Otros;Quebrada Matara;QMata1;Quebrada Matara, aproximadamente 25 m, aguas abajo de la carretera de acceso al campamento de la  Compañía Minera Antamina S.A.;ANCASH;HUARI;SAN MARCOS;18;277905;8940029;4217;Categoría 3
33887;Red monitoreo_Intercuenca Alto Maran╠âon V_OK.xls;Marañon;Huari;Intercuenca Alto Marañón V;49899;Quebrada;Huayoc;QHuao1;Quebrada Huayoc, a la altura de las actividades de la Compañía Minera Antamina S.A.;ANCASH;HUARI;SAN MARCOS;18;276909;8940344;4252;Categoría 3
33888;Red monitoreo_Intercuenca Alto Maran╠âon V_OK.xls;Marañon;Huari;Intercuenca Alto Marañón V;49899;Otros;Quebrada Ushpajanca;QUshp1;Quebrada Ushpajanca, aproximadamente 170 m, aguas arriba de poza de pulimiento de la Compañía Minera Antamina S.A.. ;ANCASH;HUARI;SAN MARCOS;18;279431;8941366;4152;Categoría 3
33889;Red monitoreo_Intercuenca Alto Maran╠âon V_OK.xls;Marañon;Huari;Intercuenca Alto Marañón V;49899;Otros;Manantial Negro Puquio;FNpuq1;Manantial Negro Puquio, aproximadamente a 35 m de trocha carrozable (por su margen izquierda).  ;ANCASH;HUARI;SAN MARCOS;18;282286;8943508;4401;Categoría 3
33890;Red monitoreo_Intercuenca Alto Maran╠âon V_OK.xls;Marañon;Huari;Intercuenca Alto Marañón V;49899;Otros;Manantial Negro Puquio;FNpuq2;Manantial Negro Puquio, aproximadamente a 100 m de la quebrada Huishcas, por su margen derecha. ;ANCASH;HUARI;SAN MARCOS;18;281224;8943914;4341;Categoría 3
33891;Red monitoreo_Intercuenca Alto Maran╠âon V_OK.xls;Marañon;Huari;Intercuenca Alto Marañón V;49899;Otros;Manantial Jatun Huiscash;FJhui1;Manantial Jatun Huiscash, aproximadamente a 20 m de carretera sin afirmar (por su margen izquierda).;ANCASH;HUARI;SAN MARCOS;18;280799;8942388;4252;Categoría 3
33892;Red monitoreo_Intercuenca Alto Maran╠âon V_OK.xls;Marañon;Huari;Intercuenca Alto Marañón V;49899;Quebrada;Huishcas;QHuis1;Quebrada Huishcas, aprroximadamente 190 m, aguas arriba de la poza de pulimiento de la Compañía Minera Antamina S.A.;ANCASH;HUARI;SAN MARCOS;18;279777;8942105;4133;Categoría 3
33893;Red monitoreo_Intercuenca Alto Maran╠âon V_OK.xls;Marañon;Huari;Intercuenca Alto Marañón V;49899;Laguna Natural;Huacaccocha;LHuaa1;Laguna Huacaccocha, frente a la presa de relaves de la Compañía Minera Antamina S.A. ;ANCASH;HUARI;SAN MARCOS;18;277838;8943513;4157;Categoría 4
33894;Red monitoreo_Intercuenca Alto Maran╠âon V_OK.xls;Marañon;Huari;Intercuenca Alto Marañón V;49899;Otros;Quebrada Ayash;QAyas1 ;Quebrada Ayash, aproximadamente 200, m aguas abajo de los vertimiento de la Compañía Minera Antamina S.A.;ANCASH;HUARI;SAN MARCOS;18;277449;8945420;3842;Categoría 3
33895;Red monitoreo_Intercuenca Alto Maran╠âon V_OK.xls;Marañon;Huari;Intercuenca Alto Marañón V;49899;Otros;Manantial Putaga Ñahuin;FPñah1;Manantial Putaga Ñahuin, aproximadamente a 750 m, por la margen derecha del río Ayash. ;ANCASH;HUARI;SAN MARCOS;18;278154;8945310;4166;Categoría 3
33896;Red monitoreo_Intercuenca Alto Maran╠âon V_OK.xls;Marañon;Huari;Intercuenca Alto Marañón V;49899;Otros;Manantial Arpa Puquio;FApuo1;Manantial Arpa Puquio, aproximadamente a 20 m del río Ayash. ;ANCASH;HUARI;SAN MARCOS;18;277660;8945676;3835;Categoría 3
33897;Red monitoreo_Intercuenca Alto Maran╠âon V_OK.xls;Marañon;Huari;Intercuenca Alto Marañón V;49899;Otros;Manantial Asiag Puquio;FApuq1;Manantial Asiag Puquio, aproximadamente a 20 m, por la margen derEcha del río Ayash.;ANCASH;HUARI;SAN MARCOS;18;277947;8946309;3762;Categoría 3
33898;Red monitoreo_Intercuenca Alto Maran╠âon V_OK.xls;Marañon;Huari;Intercuenca Alto Marañón V;49899;Otros; Manantial Ashnu Puquio;FApuu1; Manantial Ashnu Puquio, aproximadamente a 180 m, por la margen derecha del río Ayash. ;ANCASH;HUARI;SAN MARCOS;18;278091;8946220;3891;Categoría 3
33899;Red monitoreo_Intercuenca Alto Maran╠âon V_OK.xls;Marañon;Huari;Intercuenca Alto Marañón V;49899;Otros;Quebrada Ayash;QAyas2;Quebrada Ayash, a la altura del Centro de Interpretación Ambiental del  centro poblado Ayash. ;ANCASH;HUARI;SAN MARCOS;18;278200;8946551;3744;Categoría 3
33900;Red monitoreo_Intercuenca Alto Maran╠âon V_OK.xls;Marañon;Huari;Intercuenca Alto Marañón V;49899;Otros;Quebrada Ayash;QAyas5;Quebrada Ayash, aproximadamente a 470 m de la confluencia con la quebrada Huayno Patac.;ANCASH;HUARI;SAN MARCOS;18;278471;8948786;3651;Categoría 3
33901;Red monitoreo_Intercuenca Alto Maran╠âon V_OK.xls;Marañon;Huari;Intercuenca Alto Marañón V;49899;Otros;Manantial Asiag Puquio;FApuq2;Manantial Asiag Puquio, segundo manantial. ;ANCASH;HUARI;SAN MARCOS;18;276821;8946976;4464;Categoría 3
33902;Red monitoreo_Intercuenca Alto Maran╠âon V_OK.xls;Marañon;Huari;Intercuenca Alto Marañón V;49899;Otros;Manantial Yuchu Upianan;FYupi1;Manantial Yuchu Upianan, primer manantial.;ANCASH;HUARI;SAN MARCOS;18;276759;8947384;4449;Categoría 3
33903;Red monitoreo_Intercuenca Alto Maran╠âon V_OK.xls;Marañon;Huari;Intercuenca Alto Marañón V;49899;Otros;Manantial Ñaupamarca;FÑaup1;Manantial Ñaupamarca, primer manantial. ;ANCASH;HUARI;SAN MARCOS;18;276892;8947728;4282;Categoría 3
33904;Red monitoreo_Intercuenca Alto Maran╠âon V_OK.xls;Marañon;Huari;Intercuenca Alto Marañón V;49899;Otros;Manantial Ñaupamarca,;FÑaup2;Manantial Ñaupamarca, segundo manantial.;ANCASH;HUARI;SAN MARCOS;18;276758;8948024;4332;Categoría 3
33905;Red monitoreo_Intercuenca Alto Maran╠âon V_OK.xls;Marañon;Huari;Intercuenca Alto Marañón V;49899;Otros;Manantial Ñaupamarca,;FÑaup3;Manantial Ñaupamarca, tercer manantial.;ANCASH;HUARI;SAN MARCOS;18;276982;8947920;4278;Categoría 3
33906;Red monitoreo_Intercuenca Alto Maran╠âon V_OK.xls;Marañon;Huari;Intercuenca Alto Marañón V;49899;Otros;Manantial Ñaupamarca,;FÑaup4;Manantial Ñaupamarca, cuarto manantial.;ANCASH;HUARI;SAN MARCOS;18;277114;8947894;4246;Categoría 3
33907;Red monitoreo_Intercuenca Alto Maran╠âon V_OK.xls;Marañon;Huari;Intercuenca Alto Marañón V;49899;Otros;Manantial Alma Racra;FArac1;Manantial Alma Racra, primer manantial.;ANCASH;HUARI;SAN MARCOS;18;277063;8948198;4246;Categoría 3
33908;Red monitoreo_Intercuenca Alto Maran╠âon V_OK.xls;Marañon;Huari;Intercuenca Alto Marañón V;49899;Otros;Manantial Rayo Ratanan;FRrat1;Manantial Rayo Ratanan, primer manantial.;ANCASH;HUARI;SAN MARCOS;18;277590;8947880;4081;Categoría 3
33909;Red monitoreo_Intercuenca Alto Maran╠âon V_OK.xls;Marañon;Huari;Intercuenca Alto Marañón V;49899;Otros;Manantial Rayan Patac;FRpat1;Manantial Rayan Patac, primer manantial.;ANCASH;HUARI;SAN MARCOS;18;277694;8948138;3964;Categoría 3
33910;Red monitoreo_Intercuenca Alto Maran╠âon V_OK.xls;Marañon;Huari;Intercuenca Alto Marañón V;49899;Otros;Manantial Ñaupamarca,;FÑaup5;Manantial Ñaupamarca, quinto manantial.;ANCASH;HUARI;SAN MARCOS;18;277131;8947910;4253;Categoría 3
33911;Red monitoreo_Intercuenca Alto Maran╠âon V_OK.xls;Marañon;Huari;Intercuenca Alto Marañón V;49899;Otros;Manantial Ñaupamarca;FÑaup6;Manantial Ñaupamarca, sexto manantial.;ANCASH;HUARI;SAN MARCOS;18;277337;8947872;4186;Categoría 3
33912;Red monitoreo_Intercuenca Alto Maran╠âon V_OK.xls;Marañon;Huari;Intercuenca Alto Marañón V;49899;Otros;Manantial Rayo Ratanan;FRrat2;Manantial Rayo Ratanan, segundo manantial.;ANCASH;HUARI;SAN MARCOS;18;277645;8947730;4060;Categoría 3
33913;Red monitoreo_Intercuenca Alto Maran╠âon V_OK.xls;Marañon;Huari;Intercuenca Alto Marañón V;49899;Otros;Manantial Cuncush;FCunc1;Manantial Cuncush, primer manantial.;ANCASH;HUARI;SAN MARCOS;18;276089;8947740;4369;Categoría 3
33914;Red monitoreo_Intercuenca Alto Maran╠âon V_OK.xls;Marañon;Huari;Intercuenca Alto Marañón V;49899;Otros;Manantial Wishca Cuta,;FWcut1;Manantial Wishca Cuta, primer manantial.;ANCASH;HUARI;SAN MARCOS;18;276117;8948316;4238;Categoría 3
33915;Red monitoreo_Intercuenca Alto Maran╠âon V_OK.xls;Marañon;Huari;Intercuenca Alto Marañón V;49899;Otros;Manantial Linda Cruz;FLcru1;Manantial Linda Cruz, primer manantial.;ANCASH;HUARI;SAN MARCOS;18;275989;8949317;4315;Categoría 3
33916;Red monitoreo_Intercuenca Alto Maran╠âon V_OK.xls;Marañon;Huari;Intercuenca Alto Marañón V;49899;Otros;Manantial Puca Yacu;FPyac1;Manantial Puca Yacu, primer manantial.;ANCASH;HUARI;SAN MARCOS;18;276408;8949726;4214;Categoría 3
33917;Red monitoreo_Intercuenca Alto Maran╠âon V_OK.xls;Marañon;Huari;Intercuenca Alto Marañón V;49899;Otros;Manantial Ishanca;FIsha1;Manantial Ishanca, primer manantial.;ANCASH;HUARI;SAN MARCOS;18;276847;8948970;4038;Categoría 3
33918;Red monitoreo_Intercuenca Alto Maran╠âon V_OK.xls;Marañon;Huari;Intercuenca Alto Marañón V;49899;Otros;Quebrada Huamanin;QHuaa1;Quebrada Huamanin, aproximadamente 250 metros,aguas arriba de la confluencia con el río Ayash. ;ANCASH;HUARI;SAN MARCOS;18;278366;8946419;3782;Categoría 3
33919;Red monitoreo_Intercuenca Alto Maran╠âon V_OK.xls;Marañon;Huari;Intercuenca Alto Marañón V;49899;Otros;Quebrada Huamanin;QHuaa2;Quebrada Huamanin, aproximadamente 790 m, aguas arriba de la localidad de Huamanin. ;ANCASH;HUARI;SAN MARCOS;18;279120;8945988;3982;Categoría 3
33920;Red monitoreo_Intercuenca Alto Maran╠âon V_OK.xls;Marañon;Huari;Intercuenca Alto Marañón V;49899;Otros;Manantial Illia Puquio;FIpuq1;Manantial Illia Puquio, primer manantial.;ANCASH;HUARI;SAN PEDRO DE CHANA;18;281990;8944599;4365;Categoría 3
33921;Red monitoreo_Intercuenca Alto Maran╠âon V_OK.xls;Marañon;Huari;Intercuenca Alto Marañón V;49899;Otros;Manantial AñashHuain;FAhua1;Manantial Añash Huain, primer manantial.;ANCASH;HUARI;SAN MARCOS;18;280514;8945050;4310;Categoría 3
33922;Red monitoreo_Intercuenca Alto Maran╠âon V_OK.xls;Marañon;Huari;Intercuenca Alto Marañón V;49899;Otros;Manantial Toldo Rumi;FTrum1;Manantial Toldo Rumi, primer manantial.;ANCASH;HUARI;SAN MARCOS;18;280079;8945354;4248;Categoría 3
33923;Red monitoreo_Intercuenca Alto Maran╠âon V_OK.xls;Marañon;Huari;Intercuenca Alto Marañón V;49899;Otros;Manantial Uchco Pampa;FUpam1;Manantial Uchco Pampa, primer manantial.;ANCASH;HUARI;SAN MARCOS;18;279403;8945026;4248;Categoría 3
33924;Red monitoreo_Intercuenca Alto Maran╠âon V_OK.xls;Marañon;Huari;Intercuenca Alto Marañón V;49899;Otros;Manantial Uchco Pampa;FUpam2;Manantial Uchco Pampa, segundo manantial.;ANCASH;HUARI;SAN MARCOS;18;279339;8945022;4240;Categoría 3
33925;Red monitoreo_Intercuenca Alto Maran╠âon V_OK.xls;Marañon;Huari;Intercuenca Alto Marañón V;49899;Otros;Manantial Quenual Pampa;FQpam1;Manantial Quenual Pampa, primer manantial.;ANCASH;HUARI;SAN MARCOS;18;279384;8945336;4231;Categoría 3
33926;Red monitoreo_Intercuenca Alto Maran╠âon V_OK.xls;Marañon;Huari;Intercuenca Alto Marañón V;49899;Otros;Manantial Choco Piltash;FCpil1;Manantial Choco Piltash, primer manantial.;ANCASH;HUARI;SAN MARCOS;18;279588;8945432;4244;Categoría 3
33927;Red monitoreo_Intercuenca Alto Maran╠âon V_OK.xls;Marañon;Huari;Intercuenca Alto Marañón V;49899;Otros;Manantial Pachca Rumi;FPrum1;Manantial Pachca Rumi, primer manantial.;ANCASH;HUARI;SAN MARCOS;18;279886;8945418;4244;Categoría 3
33928;Red monitoreo_Intercuenca Alto Maran╠âon V_OK.xls;Marañon;Huari;Intercuenca Alto Marañón V;49899;Otros;Manantial Pachca Rumi;FPrum2;Manantial Pachca Rumi, segundo manantial.;ANCASH;HUARI;SAN MARCOS;18;279808;8945442;4244;Categoría 3
33929;Red monitoreo_Intercuenca Alto Maran╠âon V_OK.xls;Marañon;Huari;Intercuenca Alto Marañón V;49899;Otros;Manantial Escalon Puquio;FEpuq1;Manantial Escalon Puquio, primer manantial. ;ANCASH;HUARI;SAN MARCOS;18;278319;8946585;3771;Categoría 3
33930;Red monitoreo_Intercuenca Alto Maran╠âon V_OK.xls;Marañon;Huari;Intercuenca Alto Marañón V;49899;Otros;Quebrada Ayash;QAyas3;Quebrada Ayash, aproximadamente 20 m, aguas abajo del puente Ayash Pichiú.;ANCASH;HUARI;HUACHIS;18;278444;8946886;3709;Categoría 3
33931;Red monitoreo_Intercuenca Alto Maran╠âon V_OK.xls;Marañon;Huari;Intercuenca Alto Marañón V;49899;Otros;Quebrada Huayno Patac;QHpat1;Quebrada Huayno Patac, aproximadamente a 100 m antes de la confluencia con el río Ayash.;ANCASH;HUARI;HUACHIS;18;278399;8949159;3616;Categoría 3
33932;Red monitoreo_Intercuenca Alto Maran╠âon V_OK.xls;Marañon;Huari;Intercuenca Alto Marañón V;49899;Otros;Quebrada Huancayoc,;QHuan2;Quebrada Huancayoc, aproximadamente a 15 metros de la salida de la laguna Verdecocha.;ANCASH;HUARI;SAN PEDRO DE CHANA;18;282739;8944490;4175;Categoría 3
33933;Red monitoreo_Intercuenca Alto Maran╠âon V_OK.xls;Marañon;Huari;Intercuenca Alto Marañón V;49899;Otros;Quebrada Huancayoc;QHuan1;Quebrada Huancayoc, aproximadamente 30 m, aguas arriba de la confluencia con la quebrada Ayapuno.;ANCASH;HUARI;SAN PEDRO DE CHANA;18;280191;8949242;3642;Categoría 3
33934;Red monitoreo_Intercuenca Alto Maran╠âon V_OK.xls;Marañon;Huari;Intercuenca Alto Marañón V;49899;Quebrada;Ayapuno;QAyap1;Quebrada Ayapuno, aproximadamente 30 metros aguas arriba de la confluencia con la quebrada Huancayoc.;ANCASH;HUARI;SAN PEDRO DE CHANA;18;280200;8949268;3655;Categoría 3
33935;Red monitoreo_Intercuenca Alto Maran╠âon V_OK.xls;Marañon;Huari;Intercuenca Alto Marañón V;49899;Quebrada;Ayapuno;QAyap2;Quebrada Ayapuno, aproximadamente 200 m, aguas arriba de la confluencia con la quebrada Ayash. ;ANCASH;HUARI;SAN PEDRO DE CHANA;18;278687;8950516;3487;Categoría 3
33936;Red monitoreo_Intercuenca Alto Maran╠âon V_OK.xls;Marañon;Huari;Intercuenca Alto Marañón V;49899;Otros;Quebrada Ayash;QAyas4;Quebrada Ayash, aproximadamente 100 m, aguas arriba de la confluencia con la quebrada Ayapuno. ;ANCASH;HUARI;SAN PEDRO DE CHANA;18;278534;8950534;3493;Categoría 3
33937;Red monitoreo_Intercuenca Alto Maran╠âon V_OK.xls;Marañon;Huari;Intercuenca Alto Marañón V;49899;Otros;Río Pichiú;RPich1;Río Pichiú, aproximadamente 200 m, aguas abajo de la confluencia de la quebrada Ayapuno con la quebrada Ayash. ;ANCASH;HUARI;SAN PEDRO DE CHANA;18;278512;8950833;3474;Categoría 3
33938;Red monitoreo_Intercuenca Alto Maran╠âon V_OK.xls;Marañon;Huari;Intercuenca Alto Marañón V;49899;Quebrada;Shilqui;QShil1;Quebrada Shilqui, aproximadamente 380 m, aguas arriba de la confluencia con el río Pichiú, altura del puente Shillqui.;ANCASH;HUARI;HUACHIS;18;277044;8952284;3419;Categoría 3
33939;Red monitoreo_Intercuenca Alto Maran╠âon V_OK.xls;Marañon;Huari;Intercuenca Alto Marañón V;49899;Otros;Río Pichiú;RPich2;Río Pichiú, aproximadamente 240 m, aguas arriba de la confluencia con la quebrada Illahuasi.;ANCASH;HUARI;HUACHIS;18;277451;8958171;2937;Categoría 3
33940;Red monitoreo_Intercuenca Alto Maran╠âon V_OK.xls;Marañon;Huari;Intercuenca Alto Marañón V;49899;Quebrada;Illahuasi;QIlla1;Quebrada Illahuasi, aproximadamente 260 m, aguas arriba de la confluencia con el río Pichiú. ;ANCASH;HUARI;SAN PEDRO DE CHANA;18;277634;8958089;2943;Categoría 3
33941;Red monitoreo_Intercuenca Alto Maran╠âon V_OK.xls;Marañon;Huari;Intercuenca Alto Marañón V;49899;Otros;Quebrada Shaguanga;QShah1;"
Quebrada Shaguanga, al ingreso de la laguna Shahuanga. ";ANCASH;HUARI;SAN MARCOS;18;273953;8940584;4182;Categoría 4
33942;Red monitoreo_Intercuenca Alto Maran╠âon V_OK.xls;Marañon;Huari;Intercuenca Alto Marañón V;49899;Otros;Laguna Shaguanga;LShah1;Laguna Shaguanga, lado noroeste de la laguna. ;ANCASH;HUARI;SAN MARCOS;18;273713;8940820;4185;Categoría 4
33943;Red monitoreo_Intercuenca Alto Maran╠âon V_OK.xls;Marañon;Huari;Intercuenca Alto Marañón V;49899;Quebrada;Juprog;QJupr3;Quebrada Juprog, a la salida de la laguna Shaguanga. ;ANCASH;HUARI;SAN MARCOS;18;273633;8940845;4184;Categoría 3
33944;Red monitoreo_Intercuenca Alto Maran╠âon V_OK.xls;Marañon;Huari;Intercuenca Alto Marañón V;49899;Quebrada;Juprog;QJupr2;Quebrada Juprog, aproximadamente 240 m, aguas arriba de la localidad de Juprog. ;ANCASH;HUARI;SAN MARCOS;18;272848;8940970;4180;Categoría 3
33945;Red monitoreo_Intercuenca Alto Maran╠âon V_OK.xls;Marañon;Huari;Intercuenca Alto Marañón V;49899;Quebrada;Juprog;QJupr1;Quebrada Juprog, aproximadamente a 460 m, aguas abajo de la localidad de Juprog y a la altura de la piedra grande. ;ANCASH;HUARI;SAN MARCOS;18;272097;8941591;4056;Categoría 3
33946;Red monitoreo_Intercuenca Alto Maran╠âon V_OK.xls;Marañon;Huari;Intercuenca Alto Marañón V;49899;Otros;Quebrada Pampa Moruna;QPmor1;Quebrada Pampa Moruna, aproximadamente 400 m, aguas arriba antes de la confluencia con la quebrada Anta Mina.;ANCASH;HUARI;SAN MARCOS;18;270176;8942742;3667;Categoría 3
33947;Red monitoreo_Intercuenca Alto Maran╠âon V_OK.xls;Marañon;Huari;Intercuenca Alto Marañón V;49899;Otros;Quebrada Anta Mina;QAmin1;Quebrada Anta Mina, aproximadamente 30 m, aguas arriba de la confluencia con la quebrada Pampa Moruna.;ANCASH;HUARI;SAN MARCOS;18;269987;8943024;3675;Categoría 3
33948;Red monitoreo_Intercuenca Alto Maran╠âon V_OK.xls;Marañon;Huari;Intercuenca Alto Marañón V;49899;Otros;Quebrada Anta Mina;QAmin2;Quebrada Anta Mina, a la salida del vertimiento autorizado de la Compañía Minera Antamina S.A.;ANCASH;HUARI;SAN MARCOS;18;270453;8943264;3842;Categoría 3
33949;Red monitoreo_Intercuenca Alto Maran╠âon V_OK.xls;Marañon;Huari;Intercuenca Alto Marañón V;49899;Quebrada;PAMPA MORUNA;QPmor2;Quebrada Pampa Moruna, aproximadamente  70 m, aguas abajo de la confluencia con la quebrada Anta Mina. ;ANCASH;HUARI;SAN MARCOS;18;269910;8942976;3635;Categoría 3
33950;Red monitoreo_Intercuenca Alto Maran╠âon V_OK.xls;Marañon;Huari;Intercuenca Alto Marañón V;49899;Laguna Natural;Condorccocha;LCond2;Laguna Condorccocha, lado noroeste de la laguna. ;ANCASH;HUARI;SAN MARCOS;18;272778;8946550;4433;Categoría 4
33951;Red monitoreo_Intercuenca Alto Maran╠âon V_OK.xls;Marañon;Huari;Intercuenca Alto Marañón V;49899;Otros;Quebrada Condorccocha;QCond1;Quebrada Condorccocha, aguas abajo de la estación de Compañía Minera Antamina S.A.;ANCASH;HUARI;SAN MARCOS;18;272204;8948115;4249;Categoría 4
33952;Red monitoreo_Intercuenca Alto Maran╠âon V_OK.xls;Marañon;Huari;Intercuenca Alto Marañón V;49899;Laguna Natural;Contonga;LCont2;Laguna Contonga, lado noreste de la laguna. ;ANCASH;HUARI;SAN MARCOS;18;272045;8949877;4274;Categoría 4
33953;Red monitoreo_Intercuenca Alto Maran╠âon V_OK.xls;Marañon;Huari;Intercuenca Alto Marañón V;49899;Laguna Natural;Contonga;LCont1 ;Laguna Contonga, aguas arriba de la Unidad de producción Contonga. ;ANCASH;HUARI;SAN MARCOS;18;271817;8949594;4284;Categoría 4
33954;Red monitoreo_Intercuenca Alto Maran╠âon V_OK.xls;Marañon;Huari;Intercuenca Alto Marañón V;49899;Otros;Quebrada Contonga;QCont2;Quebrada Contonga, aproximadamente 200 m, aguas abajo de la laguna Contonga. ;ANCASH;HUARI;SAN MARCOS;18;271750;8949412;4304;Categoría 3
33955;Red monitoreo_Intercuenca Alto Maran╠âon V_OK.xls;Marañon;Huari;Intercuenca Alto Marañón V;49899;Otros;Quebrada Contonga;QCont1;Quebrada Contonga, aproximadamente 40 m, aguas arrina de la laguna Pajuscocha. ;ANCASH;HUARI;SAN MARCOS;18;271220;8948968;4046;Categoría 4
33956;Red monitoreo_Intercuenca Alto Maran╠âon V_OK.xls;Marañon;Huari;Intercuenca Alto Marañón V;49899;Otros;Laguna Pajoshccocha;LPajo1;Laguna Pajoshccocha, lado norte de la laguna. ;ANCASH;HUARI;SAN MARCOS;18;271112;8948959;4048;Categoría 4
33957;Red monitoreo_Intercuenca Alto Maran╠âon V_OK.xls;Marañon;Huari;Intercuenca Alto Marañón V;49899;Otros;Quebrada Tucush;QTucu1;Quebrada Tucush, lado noreste de la laguna Pajoshccocha. ;ANCASH;HUARI;SAN MARCOS;18;271420;8948753;4040;Categoría 4
33958;Red monitoreo_Intercuenca Alto Maran╠âon V_OK.xls;Marañon;Huari;Intercuenca Alto Marañón V;49899;Otros;Quebrada Callapo;QCall1;Quebrada Callapo, aguas arriba de carretera de acceso a la Unidad de producción Contonga.;ANCASH;HUARI;SAN MARCOS;18;270065;8947899;4020;Categoría 3
33959;Red monitoreo_Intercuenca Alto Maran╠âon V_OK.xls;Marañon;Huari;Intercuenca Alto Marañón V;49899;Río;MARAÑON;RMara6;Río Marañón, aproximadamnete 1,4 Km, aguas abajo de la confluencia con el río Puchca. ;ANCASH;ANTONIO RAYMONDI;LLAMELLIN;18;285107;8997172;2100;Categoría 3
33960;Red monitoreo_Intercuenca Alto Maran╠âon V_OK.xls;Marañon;Huari;Intercuenca Alto Marañón V;49899;Otros;Río Pinra;RPinr1;Río Pinra, aguas arriba de la localidad de Pinra. ;HUANUCO;HUACAYBAMBA;PINRA;18;278620;9013134;2882;Categoría 3
33961;Red monitoreo_Intercuenca Alto Maran╠âon V_OK.xls;Marañon;Huari;Intercuenca Alto Marañón V;49899;Otros;Río Pinra;RPinr2;Río Pinra, aproximadamente 1,2 Km, aguas abajo de la localidad de Pinra. ;HUANUCO;HUACAYBAMBA;PINRA;18;277019;9012640;2724;Categoría 3
33962;Red monitoreo_Intercuenca Alto Maran╠âon V_OK.xls;Marañon;Huari;Intercuenca Alto Marañón V;49899;Río;MARAÑON;RMara5;Río Marañón, aproximadamente 100 m, aguas arriba del puente Copuma que conduce a la provincia de Huacaybamba. ;HUANUCO;HUACAYBAMBA;HUACAYBAMBA;18;287036;8996504;2099;Categoría 3
33963;Red monitoreo_Intercuenca Alto Maran╠âon V_OK.xls;Marañon;Huari;Intercuenca Alto Marañón V;49899;Laguna Natural;Huachoccocha;LHuac1;Laguna Huachoccocha, a la salida de la laguna. ;ANCASH;HUARI;SAN MARCOS;18;275784;8925025;4420;Categoría 4
33964;Red monitoreo_Intercuenca Alto Maran╠âon V_OK.xls;Marañon;Alto Marañon;Intercuenca Alto Marañón V;49899;Laguna Natural;Puyhuancocha;LPuyh1;Laguna Puyhuancocha, aproximadamente a 800 m de trocha carrozable. ;HUANUCO;LAURICOCHA;SAN MIGUEL DE CAURI;18;309701;8843662;4670;Categoría 4
33965;Red monitoreo_Intercuenca Alto Maran╠âon V_OK.xls;Marañon;Alto Marañon;Intercuenca Alto Marañón V;49899;Laguna Natural;Caballococha;LCaba1;Laguna Caballococha, aproximadamente a 65 m de la trocha carrocable de acceso a oficinas de la CIA  Raura. ;HUANUCO;LAURICOCHA;SAN MIGUEL DE CAURI;18;309584;8844193;4581;Categoría 4
33966;Red monitoreo_Intercuenca Alto Maran╠âon V_OK.xls;Marañon;Alto Marañon;Intercuenca Alto Marañón V;49899;Laguna Natural;Caballococha;LCaba2;Laguna Caballococha, aproximadamente a 30 m de la trocha carrozable de acceso al área de neutralización de la CIA Raura. ;HUANUCO;LAURICOCHA;SAN MIGUEL DE CAURI;18;309215;8844670;4576;Categoría 4
33967;Red monitoreo_Intercuenca Alto Maran╠âon V_OK.xls;Marañon;Alto Marañon;Intercuenca Alto Marañón V;49899;Laguna Natural;Caballococha;LCaba3;Laguna Caballococha, aproximadamente a 200 m del rebose (lado derecho).  ;HUANUCO;LAURICOCHA;SAN MIGUEL DE CAURI;18;309727;8845097;4579;Categoría 4
33968;Red monitoreo_Intercuenca Alto Maran╠âon V_OK.xls;Marañon;Alto Marañon;Intercuenca Alto Marañón V;49899;Laguna Natural;SANTA ANA;LSana1;Laguna Santa Ana, aproximadamente a 40 m de la trocha carrozable de acceso a lado oeste de la laguna.;HUANUCO;LAURICOCHA;SAN MIGUEL DE CAURI;18;308282;8844823;4740;Categoría 4
33969;Red monitoreo_Intercuenca Alto Maran╠âon V_OK.xls;Marañon;Alto Marañon;Intercuenca Alto Marañón V;49899;Laguna Natural;SANTA ANA;LSana2;Laguna Santa Ana, aproximadamente a 120 m de la trocha carrozable de acceso a lado sur de la laguna. ;HUANUCO;LAURICOCHA;SAN MIGUEL DE CAURI;18;308304;8844558;4737;Categoría 4
33970;Red monitoreo_Intercuenca Alto Maran╠âon V_OK.xls;Marañon;Alto Marañon;Intercuenca Alto Marañón V;49899;Laguna Natural;SANTA ANA;LSana3;Laguna Santa Ana, aproximadamente a 20 m de la trocha  carrozable de acceso al lado noreste de la laguna. ;HUANUCO;LAURICOCHA;SAN MIGUEL DE CAURI;18;308665;8844746;4635;Categoría 4
33971;Red monitoreo_Intercuenca Alto Maran╠âon V_OK.xls;Marañon;Alto Marañon;Intercuenca Alto Marañón V;49899;Laguna Natural;Niño Perdido;LNper1;Laguna Niño Perdido, ubicada al lado sur de la laguna. ;HUANUCO;LAURICOCHA;SAN MIGUEL DE CAURI;18;307550;8844697;4734;Categoría 4
33972;Red monitoreo_Intercuenca Alto Maran╠âon V_OK.xls;Marañon;Alto Marañon;Intercuenca Alto Marañón V;49899;Laguna Natural;Niño Perdido;LNper2;Laguna Niño Perdido, aguas arriba de operaciones de CIA Raura. ;HUANUCO;LAURICOCHA;SAN MIGUEL DE CAURI;18;307904;8844457;4749;Categoría 4
33973;Red monitoreo_Intercuenca Alto Maran╠âon V_OK.xls;Marañon;Alto Marañon;Intercuenca Alto Marañón V;49899;Laguna Natural;TINQUICOCHA;LTinq1;Laguna Tinquicocha, lado sur de la laguna. ;HUANUCO;LAURICOCHA;SAN MIGUEL DE CAURI;18;309977;8846060;4354;Categoría 4
33974;Red monitoreo_Intercuenca Alto Maran╠âon V_OK.xls;Marañon;Alto Marañon;Intercuenca Alto Marañón V;49899;Laguna Natural;TINQUICOCHA;LTinq2;Laguna Tinquicocha, lado noroeste de la laguna.   ;HUANUCO;LAURICOCHA;SAN MIGUEL DE CAURI;18;310057;8847741;4357;Categoría 4
33975;Red monitoreo_Intercuenca Alto Maran╠âon V_OK.xls;Marañon;Alto Marañon;Intercuenca Alto Marañón V;49899;Quebrada;Chuspi;QChus1;Quebrada Chuspi, a la salida de aguas de la laguna Chuspi. Aproximadamente 5 m, aguas abajo del puente. ;HUANUCO;LAURICOCHA;SAN MIGUEL DE CAURI;18;308045;8849603;4165;Categoría 4
33976;Red monitoreo_Intercuenca Alto Maran╠âon V_OK.xls;Marañon;Alto Marañon;Intercuenca Alto Marañón V;49899;Laguna Natural;Patarcocha;LPata1;Laguna Patarcocha, a la salida de la laguna. ;HUANUCO;LAURICOCHA;SAN MIGUEL DE CAURI;18;306804;8852321;4112;Categoría 4
33977;Red monitoreo_Intercuenca Alto Maran╠âon V_OK.xls;Marañon;Alto Marañon;Intercuenca Alto Marañón V;49899;Laguna Natural;Taulicocha ;LTaul1;Laguna Taulicocha, a la salida de la laguna. ;HUANUCO;LAURICOCHA;SAN MIGUEL DE CAURI;18;310193;8857754;3931;Categoría 4
33978;Red monitoreo_Intercuenca Alto Maran╠âon V_OK.xls;Marañon;Alto Marañon;Intercuenca Alto Marañón V;49899;Otros;Quebrada No nominada ;QNnom1;Quebrada No nominada, aproximadamente a 20 m aguas abajo de la trocha carrozable. ;HUANUCO;LAURICOCHA;SAN MIGUEL DE CAURI;18;310329;8858367;3962;Categoría 4
33979;Red monitoreo_Intercuenca Alto Maran╠âon V_OK.xls;Marañon;Alto Marañon;Intercuenca Alto Marañón V;49899;Otros;Quebrada Chancas;QChan1;Quebrada Chancas, aguas  abajo de la salida Laguna Tactapata.;HUANUCO;LAURICOCHA;SAN MIGUEL DE CAURI;18;306159;8853000;3679;Categoría 4
33980;Red monitoreo_Intercuenca Alto Maran╠âon V_OK.xls;Marañon;Alto Marañon;Intercuenca Alto Marañón V;49899;Laguna Natural;Lauricocha;Llaur1;Laguna Lauricocha,  al ingreso de la laguna, por el lado sur. ;HUANUCO;LAURICOCHA;SAN MIGUEL DE CAURI;18;311131;8858245;3875;Categoría 4
33981;Red monitoreo_Intercuenca Alto Maran╠âon V_OK.xls;Marañon;Alto Marañon;Intercuenca Alto Marañón V;49899;Laguna Natural;Lauricocha;LLaur2;Laguna Lauricocha, lado noroeste de la laguna. ;HUANUCO;LAURICOCHA;SAN MIGUEL DE CAURI;18;311093;8858573;3873;Categoría 4
33982;Red monitoreo_Intercuenca Alto Maran╠âon V_OK.xls;Marañon;Alto Marañon;Intercuenca Alto Marañón V;49899;Otros;Quebrada Lauricocha;QLaur1;Quebrada Lauricocha, aguas arriba del puente, aproximadamente a 20 m, por la margen derecha. ;HUANUCO;LAURICOCHA;SAN MIGUEL DE CAURI;18;318102;8859674;3858;Categoría 4
33983;Red monitoreo_Intercuenca Alto Maran╠âon V_OK.xls;Marañon;Alto Marañon;Intercuenca Alto Marañón V;49899;Quebrada;Antacolpa;QAnta1;Quebrada Antacolpa, aguas abajo del distrito de Antacolpa. ;HUANUCO;LAURICOCHA;SAN MIGUEL DE CAURI;18;316433;8865306;3965;Categoría 4
33984;Red monitoreo_Intercuenca Alto Maran╠âon V_OK.xls;Marañon;Alto Marañon;Intercuenca Alto Marañón V;49899;Río;Lauricocha;RLaur1;Río Lauricocha, aproximadamente 110 m, aguas abaja del puente, por la margen izquierda. ;HUANUCO;LAURICOCHA;SAN MIGUEL DE CAURI;18;321496;8877880;3575;Categoría 4
33985;Red monitoreo_Intercuenca Alto Maran╠âon V_OK.xls;Marañon;Alto Marañon;Intercuenca Alto Marañón V;49899;Otros;Quebrada Niñochacra;QNiño1;Quebrada Niñochacra, a la altura del puente de la trocha carrozable de acceso al distrito de Queropalca. ;HUANUCO;LAURICOCHA;QUEROPALCA;18;304383;8875552;3881;Categoría 4
33986;Red monitoreo_Intercuenca Alto Maran╠âon V_OK.xls;Marañon;Alto Marañon;Intercuenca Alto Marañón V;49899;Otros;Río Queropalca ;RQuer2;Río Queropalca, aguas debajo de la PTAR del distrito de Queropalca. ;HUANUCO;LAURICOCHA;QUEROPALCA;18;303156;8874473;3805;Categoría 4
33987;Red monitoreo_Intercuenca Alto Maran╠âon V_OK.xls;Marañon;Alto Marañon;Intercuenca Alto Marañón V;49899;Otros;Río Queropalca ;RQuer1;Río Queropalca, aguas arriba del distrito de Queropalca. ;HUANUCO;LAURICOCHA;QUEROPALCA;18;302372;8873772;3096;Categoría 4
33988;Red monitoreo_Intercuenca Alto Maran╠âon V_OK.xls;Marañon;Alto Marañon;Intercuenca Alto Marañón V;49899;Río;Machaycancha;RMach1;Río Machaycancha, aguas arriba  del puente, antes de la confluencia con el río Queropalca. ;HUANUCO;LAURICOCHA;QUEROPALCA;18;303185;8874623;3809;Categoría 4
33989;Red monitoreo_Intercuenca Alto Maran╠âon V_OK.xls;Marañon;Alto Marañon;Intercuenca Alto Marañón V;49899;Río;Huayhuash;RHuay1;Río Huayhuash, aproximadamente 370 m aguas arriba de la confluencia con el río Nupe. ;HUANUCO;LAURICOCHA;JESUS;18;308031;8872863;3653;Categoría 4
33990;Red monitoreo_Intercuenca Alto Maran╠âon V_OK.xls;Marañon;Alto Marañon;Intercuenca Alto Marañón V;49899;Río;Nupe ;RNupe2;Río Nupe, aproximadamente a 40 m aguas arriba del huaro (margen izquierda). ;HUANUCO;LAURICOCHA;BAÑOS;18;311697;8888994;3385;Categoría 4
33991;Red monitoreo_Intercuenca Alto Maran╠âon V_OK.xls;Marañon;Alto Marañon;Intercuenca Alto Marañón V;49899;Río;Nupe ;RNupe1;Río Nupe, aproximadamente 100 m, antes  de la confluencia con el río Lauricocha, que forman el  río Marañón. ;HUANUCO;LAURICOCHA;RONDOS;18;315430;8895365;3317;Categoría 4
33992;Red monitoreo_Intercuenca Alto Maran╠âon V_OK.xls;Marañon;Alto Marañon;Intercuenca Alto Marañón V;49899;Quebrada;Huampon;QHuam1;Quebrada Huampon, a la altura del distrito de Jivia.  ;HUANUCO;LAURICOCHA;JIVIA;18;315840;8891646;3368;Categoría 4
33993;Red monitoreo_Intercuenca Alto Maran╠âon V_OK.xls;Marañon;Alto Marañon;Intercuenca Alto Marañón V;49899;Río;Lauricocha;RLaur2;Río Lauricocha, antes de la confluencia con el río Nupe, que forman el río Marañón. ;HUANUCO;LAURICOCHA;RONDOS;18;315504;8895397;3326;Categoría 4
33994;Red monitoreo_Intercuenca Alto Maran╠âon V_OK.xls;Marañon;Alto Marañon;Intercuenca Alto Marañón V;49899;Río;San Juan;RSjua1;Río San Juan (margen derecha), aguas abajo, aproximadamente 100 m del puente de acceso al distrito de Chavinillo.;HUANUCO;YAROWILCA;CHAVINILLO;18;324843;8911972;3348;Categoría 3
33995;Red monitoreo_Intercuenca Alto Maran╠âon V_OK.xls;Marañon;Alto Marañon;Intercuenca Alto Marañón V;49899;Río;MARAÑON;RMara1;Río Marañón, aguas abajo de la piscigranja administrada por la Municipalidad de Obas.;HUANUCO;YAROWILCA;OBAS;18;318679;8917836;2966;Categoría 3
33996;Red monitoreo_Intercuenca Alto Maran╠âon V_OK.xls;Marañon;Alto Marañon;Intercuenca Alto Marañón V;49899;Río;MARAÑON;RMara2;Río Marañón (margen derecha), aproximadamente 300 m, aguas arriba de la confluencia con el río Vizcarra. ;HUANUCO;DOS DE MAYO;YANAS;18;311395;8932154;3017;Categoría 3
33997;Red monitoreo_Intercuenca Alto Maran╠âon V_OK.xls;Marañon;Alto Marañon;Intercuenca Alto Marañón V;49899;Río;Andachupa;RAnda1;Río Andachupa, aproximadamente 35 m aguas arriba de la confluencia con el río Vizcarra. ;ANCASH;BOLOGNESI;HUALLANCA;18;293823;8909774;3359;Categoría 3
33998;Red monitoreo_Intercuenca Alto Maran╠âon V_OK.xls;Marañon;Alto Marañon;Intercuenca Alto Marañón V;49899;Río;Vizcarra ;RVizc2;Río Vizcarra, aproximadamente a 45 m, aguas abajo de la confluencia con el río Andachupa.;ANCASH;BOLOGNESI;HUALLANCA;18;293827;8909710;3367;Categoría 3
33999;Red monitoreo_Intercuenca Alto Maran╠âon V_OK.xls;Marañon;Alto Marañon;Intercuenca Alto Marañón V;49899;Río;Taparaco;RTapa1;Río Taparaco, aproximadamente a 60 m, aguas arriba de la confluencia con el río Vizcarra. ;HUANUCO;DOS DE MAYO;RIPAN;18;297299;8909709;3303;Categoría 3
34000;Red monitoreo_Intercuenca Alto Maran╠âon V_OK.xls;Marañon;Alto Marañon;Intercuenca Alto Marañón V;49899;Río;Vizcarra ;RVizc1;Río Vizcarra, aproximadamente 100 m aguas arriba de la confluencia con el río Marañón. ;HUANUCO;DOS DE MAYO;PACHAS;18;311226;8932415;2967;Categoría 3
34001;Red monitoreo_Intercuenca Alto Maran╠âon V_OK.xls;Marañon;Alto Marañon;Intercuenca Alto Marañón V;49899;Laguna Natural;Minascocha;LMina1;Laguna Minascocha, a la salida de la laguna.;HUANUCO;HUAMALIES;LLATA;18;276985;8934414;4400;Categoría 4
34002;Red monitoreo_Intercuenca Alto Maran╠âon V_OK.xls;Marañon;Alto Marañon;Intercuenca Alto Marañón V;49899;Laguna Natural;Carhuacocha;LCarh1; Laguna Carhuacocha, lado suroeste de la laguna.;HUANUCO;HUAMALIES;LLATA;18;280720;8934196;4247;Categoría 4
34003;Red monitoreo_Intercuenca Alto Maran╠âon V_OK.xls;Marañon;Alto Marañon;Intercuenca Alto Marañón V;49899;Laguna Natural;Vinchascocha;LVinc1;Laguna Vinchascocha, altura del rebose.;HUANUCO;HUAMALIES;LLATA;18;279094;8934648;4360;Categoría 4
34004;Red monitoreo_Intercuenca Alto Maran╠âon V_OK.xls;Marañon;Alto Marañon;Intercuenca Alto Marañón V;49899;Otros;Quebrada Vinchos;QVinc1;Quebrada Vinchos, aproximadamente a 500 m, aguas abajo de la laguna Vinchos. ;HUANUCO;HUAMALIES;LLATA;18;279474;8934304;4437;Categoría 4
34005;Red monitoreo_Intercuenca Alto Maran╠âon V_OK.xls;Marañon;Alto Marañon;Intercuenca Alto Marañón V;49899;Laguna Natural;Lucia;LLuci1;Laguna Luciachoca, a la salida de la laguna.;HUANUCO;HUAMALIES;LLATA;18;278237;8935801;4435;Categoría 4
34006;Red monitoreo_Intercuenca Alto Maran╠âon V_OK.xls;Marañon;Alto Marañon;Intercuenca Alto Marañón V;49899;Río;Tranca;RTran1; Río Tranca, antes del vertimiento de Llata. ;HUANUCO;HUAMALIES;LLATA;18;301004;8942694;3301;Categoría 3
34007;Red monitoreo_Intercuenca Alto Maran╠âon V_OK.xls;Marañon;Alto Marañon;Intercuenca Alto Marañón V;49899;Río;Aco;RAco2;Río Aco, aguas abajo de la PTAR del distrito  de Llata. ;HUANUCO;HUAMALIES;LLATA;18;301746;8943737;3228;Categoría 3
34008;Red monitoreo_Intercuenca Alto Maran╠âon V_OK.xls;Marañon;Alto Marañon;Intercuenca Alto Marañón V;49899;Río;MARAÑON;RMara3;Río Marañón,  aproximadamente 70 m, aguas abajo del puente de la localidad de Chuquibamba. ;HUANUCO;HUAMALIES;PUNCHAO;18;303551;8954075;2738;Categoría 3
34009;Red monitoreo_Intercuenca Alto Maran╠âon V_OK.xls;Marañon;Alto Marañon;Intercuenca Alto Marañón V;49899;Río;MARAÑON;RMara4;Río Marañón, aproximadamente 100 m aguas arriba de la confluencia de la quebrada Chinchuragra.;HUANUCO;HUAMALIES;SINGA;18;304112;8959284;2710;Categoría 3
34010;Red monitoreo_Intercuenca Alto Maran╠âon V_OK.xls;Marañon;Alto Marañon;Intercuenca Alto Marañón V;49899;Otros;Laguna Santa Rosa;LSros1;Laguna Santa Rosa, aproximadamente a 40 m de la trocha carrozable.;HUANUCO;LAURICOCHA;SAN MIGUEL DE CAURI;18;309103;8842482;4750;Categoría 4
34011;Red monitoreo_cuenca Fortaleza_OK.xls;Cañete Fortaleza;Barranca;Cuenca Fortaleza;137592;Otros;Quebrada Fortaleza;QFort2;"Quebrada Fortaleza, aproximadamente a 30 m aguas arriba de la confluencia con la quebrada ""Río Arriba"". ";ANCASH;BOLOGNESI;CAJACAY;18;242944;8875848;3347;Categoría 3
34012;Red monitoreo_cuenca Fortaleza_OK.xls;Cañete Fortaleza;Barranca;Cuenca Fortaleza;137592;Río;Fortaleza;RFort4;"Río Fortaleza, aproximadamente  20 m aguas abajo de la confluencia con la quebrada ""Río Arriba"".";ANCASH;BOLOGNESI;CAJACAY;18;242899;8875884;3354;Categoría 3
34013;Red monitoreo_cuenca Fortaleza_OK.xls;Cañete Fortaleza;Barranca;Cuenca Fortaleza;137592;Quebrada;Río Arriba;QRarr3;"Quebrada ""Río Arriba"", aproximadamente 30 m aguas arriba de la confluencia con la quebrada Fortaleza.";ANCASH;BOLOGNESI;CAJACAY;18;242937;8875873;3356;Categoría 3
34014;Red monitoreo_cuenca Fortaleza_OK.xls;Cañete Fortaleza;Barranca;Cuenca Fortaleza;137592;Otros;Quebrada Huayllapampa;QHuay1;Quebrada Huayllapampa, aproximadamente 200 m aguas arriba de la plaza de armas de la ciudad de Huayllapampa.;ANCASH;RECUAY;HUAYLLAPAMPA;18;221754;8887690;2847;Categoría 3
34015;Red monitoreo_cuenca Fortaleza_OK.xls;Cañete Fortaleza;Barranca;Cuenca Fortaleza;137592;Quebrada;Alizo;QAliz1;Quebrada Alizo, aproximadamente 50 m aguas arriba de la ciudad Marca.;ANCASH;RECUAY;MARCA;18;228806;8884163;2666;Categoría 3
34016;Red monitoreo_cuenca Fortaleza_OK.xls;Cañete Fortaleza;Barranca;Cuenca Fortaleza;137592;Río;Marca;RMarc1;Río Marca, aproximadamente 100 m aguas arriba del puente Chucchis, de la carretera Pativilca - Huaraz y 150 m de la estación de válvulas N° 03 de la Compañía Minera Antamina S. A.;ANCASH;RECUAY;MARCA;18;224041;8877090;1719;Categoría 3
34017;Red monitoreo_cuenca Fortaleza_OK.xls;Cañete Fortaleza;Barranca;Cuenca Fortaleza;137592;Río;Fortaleza;RFort8;Río Fortaleza, aproximadamente a 50 m aguas arriba de la estación de la estación de válvulas de alivio N.° 03 de la Compañía Minera Antamina S. A.;ANCASH;RECUAY;MARCA;18;224149;8877105;1703;Categoría 3
34018;Red monitoreo_cuenca Fortaleza_OK.xls;Cañete Fortaleza;Barranca;Cuenca Fortaleza;137592;Río;Huayllapampa;RHuay2;Río Huayllapampa, aproximadamente a 100 m aguas arriba de la confluencia con el río Fortaleza.;ANCASH;RECUAY;HUAYLLAPAMPA;18;221245;8874633;1446;Categoría 3
34019;Red monitoreo_cuenca Fortaleza_OK.xls;Cañete Fortaleza;Barranca;Cuenca Fortaleza;137592;Río;Fortaleza;RFort10;Río Fortaleza, aproximadamente 500 m aguas arriba de la confluencia con el río Huayllapampa.;ANCASH;RECUAY;MARCA;18;221695;8874531;1441;Categoría 3
34020;Red monitoreo_cuenca Fortaleza_OK.xls;Cañete Fortaleza;Barranca;Cuenca Fortaleza;137592;Río;Fortaleza;RFort16;Río Fortaleza, aproximadamente 50 m aguas abajo la confluencia con el río Huayllapampa.;ANCASH;RECUAY;MARCA;18;221194;8874482;1441;Categoría 3
34021;Red monitoreo_cuenca Fortaleza_OK.xls;Cañete Fortaleza;Barranca;Cuenca Fortaleza;137592;Río;Purísima;RPuri1;Rio Purísima, aproximadamente a 20 m aguas arriba del puente Rucuy de la ciudad de Huayllacayán.;ANCASH;BOLOGNESI;HUAYLLACAYAN;18;234114;8867656;3075;Categoría 3
34022;Red monitoreo_cuenca Fortaleza_OK.xls;Cañete Fortaleza;Barranca;Cuenca Fortaleza;137592;Río;Purísima;RPuri2;Río Purísima, aproximadamente a 5,7  km aguas arriba del puente Colquioc de la  carretera Chasquitambo-Huayllacayán.;ANCASH;BOLOGNESI;COLQUIOC;18;218758;8860826;1161;Categoría 3
34023;Red monitoreo_cuenca Fortaleza_OK.xls;Cañete Fortaleza;Barranca;Cuenca Fortaleza;137592;Río;Purísima;RPuri3;Río Purísima, aproximadamente a 20 m aguas arriba del puente Colquioc de la  carretera Chasquitambo-Huayllacayán.;ANCASH;BOLOGNESI;COLQUIOC;18;213660;8858950;1161;Categoría 3
34024;Red monitoreo_cuenca Fortaleza_OK.xls;Cañete Fortaleza;Barranca;Cuenca Fortaleza;137592;Río;Fortaleza;RFort13;Río Fortaleza, aproximadamente a 3 km aguas arriba de la confluencia con el río Purísima y altura del km 51 y 52 carretera Pativilca-Huaraz.;ANCASH;BOLOGNESI;COLQUIOC;18;215293;8861304;815;Categoría 3
34025;Red monitoreo_cuenca Fortaleza_OK.xls;Cañete Fortaleza;Barranca;Cuenca Fortaleza;137592;Río;Fortaleza;RFort14;Río Fortaleza, altura del embalse Lampay.;LIMA;BARRANCA;PARAMONGA;18;192836;8822682;29;Categoría 3
34026;Red monitoreo_cuenca Fortaleza_OK.xls;Cañete Fortaleza;Barranca;Cuenca Fortaleza;137592;Río;Fortaleza;RFort15;Río Fortaleza, aproximadamente a 200 m antes de la desembocadura al mar.;LIMA;BARRANCA;PARAMONGA;18;187125;8821360;8;Categoría 3
34027;Red monitoreo_cuenca Fortaleza_OK.xls;Cañete Fortaleza;Barranca;Cuenca Fortaleza;137592;Otros;Quebrada Fortaleza;QFort1;Quebrada Fortaleza, a la altura de la estación de válvula N°01 de la Compañía Minera Antamina en la localidad de Santa Rosa.;ANCASH;BOLOGNESI;CAJACAY;18;244320;8874077;3519;Categoría 3
34028;Red monitoreo_cuenca Pativilca_OK.xls;Cañete Fortaleza;Barranca;Cuenca Pativilca;13758;Laguna Natural;Tocto;LToc1;"A la salida de la compuerta de la laguna Tocto.
";LIMA;CAJATAMBO;CAJATAMBO;18;295165;8833073;4775;Categoría 4
34029;Red monitoreo_cuenca Pativilca_OK.xls;Cañete Fortaleza;Barranca;Cuenca Pativilca;13758;Quebrada;Huishcash;QHuis1;Quebrada Huishcash aproximadamente a 240 m antes de tributar al río Pativilca, margen izquierda.;ANCASH;BOLOGNESI;AQUIA;18;270464;8898916;3946;Categoría 3
34030;Red monitoreo_cuenca Pativilca_OK.xls;Cañete Fortaleza;Barranca;Cuenca Pativilca;13758;Río;GORGOR;RGorg1;"Río Gorgor, aproximadamente  a 396 m antes de la confluencia con el río Pativilca; a 36 m del puente Pamplona, margen derecha. 
";LIMA;CAJATAMBO;HUANCAPON;18;260736;8833867;1279;Categoría 3
34031;Red monitoreo_cuenca Pativilca_OK.xls;Cañete Fortaleza;Barranca;Cuenca Pativilca;13758;Quebrada;Cuncush;QCunc1;"Quebrada Cuncush, aproximadamente a 1290 metros aguas arriba de la confluencia con la quebrada Milu.
";ANCASH;BOLOGNESI;HUASTA;18;287036;8873166;3914;Categoría 3
34032;Red monitoreo_cuenca Pativilca_OK.xls;Cañete Fortaleza;Barranca;Cuenca Pativilca;13758;Quebrada;Cuncush;QCunc2;"Quebrada Cuncush, aproximadamente a 22 metros aguas arriba del Campamento de la compañía minera Santa Luisa S.A.-U.M. Pallca, margen izquierda.
";ANCASH;BOLOGNESI;HUASTA;18;286620;8872913;3256;Categoría 3
34033;Red monitoreo_cuenca Pativilca_OK.xls;Cañete Fortaleza;Barranca;Cuenca Pativilca;13758;Río;LLÁMAC;RLlam2;"Río Llamac, aproximadamente a 714 metros antes de la confluencia con el río Achín, margen derecha.
";ANCASH;BOLOGNESI;HUASTA;18;272169;8871332;2945;Categoría 3
34034;Red monitoreo_cuenca Pativilca_OK.xls;Cañete Fortaleza;Barranca;Cuenca Pativilca;13758;Río;LLÁMAC;RLlam3;Río Llamac aproximadamente a 1.1 Km  aguas abajo de la confluencia con la quebrada Milú;ANCASH;BOLOGNESI;HUASTA;18;284713;8872272;0;Categoría 3
34035;Red monitoreo_cuenca Pativilca_OK.xls;Cañete Fortaleza;Barranca;Cuenca Pativilca;13758;Río;Achín;RAchi1;"Río Achín, aproximadamente  a 250 m antes de la confluencia confluencia con el rio Pativilca
";ANCASH;BOLOGNESI;HUASTA;18;269578;8871584;2628;Categoría 3
34036;Red monitoreo_cuenca Pativilca_OK.xls;Cañete Fortaleza;Barranca;Cuenca Pativilca;13758;Quebrada;Huanchay;QHuan1;"Quebrada Huanchay, aproximadamente a 13 metros aguas arriba del puente Huaylias, margen izquierda.
";ANCASH;OCROS;COCHAS;18;234682;8826601;813;Categoría 3
34037;Red monitoreo_cuenca Pativilca_OK.xls;Cañete Fortaleza;Barranca;Cuenca Pativilca;13758;Río;Pativilca;RPati1;Río Pativilca, al frente del estadio del Centro Poblado Pachapaqui, margen derecha.;ANCASH;BOLOGNESI;AQUIA;18;270277;8898039;3911;Categoría 3
34038;Red monitoreo_cuenca Pativilca_OK.xls;Cañete Fortaleza;Barranca;Cuenca Pativilca;13758;Río;Pativilca;RPati2;"Río Pativilca, aproximadamente a 323 m antes de la confluencia con el río Quero, margen izquierda.
";ANCASH;BOLOGNESI;HUASTA;18;269566;8872578;2852;Categoría 3
34039;Red monitoreo_cuenca Pativilca_OK.xls;Cañete Fortaleza;Barranca;Cuenca Pativilca;13758;Río;Pativilca;RPati3;"Río Pativilca, aproximadamente a 411 metros antes de la confluencia con el río Rapay,  margen izquierda.
";ANCASH;BOLOGNESI;MANGAS;18;261390;8840602;1498;Categoría 3
34040;Red monitoreo_cuenca Pativilca_OK.xls;Cañete Fortaleza;Barranca;Cuenca Pativilca;13758;Río;Pativilca;RPati4;"Río Pativilca, aproximadamente a 360 m antes de la confluencia con la Quebrada Huanchay, margen derecha.
";ANCASH;OCROS;ACAS;18;234988;8826129;740;Categoría 3
34041;Red monitoreo_cuenca Pativilca_OK.xls;Cañete Fortaleza;Barranca;Cuenca Pativilca;13758;Río;Pativilca;RPati5;"Río Pativilca, aproximadamente a 430 m aguas abajo del puente Bolivar, margen derecha.
";LIMA;BARRANCA;PATIVILCA;18;196281;8813178;40;Categoría 3
34042;Red monitoreo_cuenca Pativilca_OK.xls;Cañete Fortaleza;Barranca;Cuenca Pativilca;13758;Río;Pativilca;RPati6;"Río Pativilca, aproximadamente a 70 m aguas arriba de la confluencia con la Quebrada Huishcash.

";ANCASH;BOLOGNESI;AQUIA;18;270266;8898535;3911;Categoría 3
34043;Red monitoreo_cuenca Pativilca_OK.xls;Cañete Fortaleza;Barranca;Cuenca Pativilca;13758;Río;Pativilca;RPati7;Río Pativilca, aproximadamente a 1,2 Km aguas arriba de la confluencia con el rio Quero;ANCASH;BOLOGNESI;HUASTA;18;269211;8873274;2817;Categoría 3
34044;Red monitoreo_cuenca Pativilca_OK.xls;Cañete Fortaleza;Barranca;Cuenca Pativilca;13758;Río;Pativilca;RPati8;Río Pativilca, aproximadamente a 1.5 Km aguas arriba de la confluencia con el rio Rapay;ANCASH;BOLOGNESI;MANGAS;18;260738;8841383;1433;Categoría 3
34045;Red monitoreo_cuenca Pativilca_OK.xls;Cañete Fortaleza;Barranca;Cuenca Pativilca;13758;Río;Pativilca;RPati9;Río Pativilca, aproximadamente a 380 m aguas arriba del antiguo puente Bolívar;LIMA;BARRANCA;PATIVILCA;18;196893;8813839;51;Categoría 3
34046;Red monitoreo_cuenca Pativilca_OK.xls;Cañete Fortaleza;Barranca;Cuenca Pativilca;13758;Río;Pativilca;RPati10;Río Pativilca, aproximadamente a 1.1 Km  aguas abajo del antiguo puente Bolívar;LIMA;BARRANCA;PATIVILCA;18;195735;8812876;30;Categoría 3
34047;Red monitoreo_cuenca Pativilca_OK.xls;Cañete Fortaleza;Barranca;Cuenca Pativilca;13758;Río;Pativilca;RPati11;"Río Pativilca, aproximadamente a 870 m antes de la desembocadura al mar de Pativilca
";LIMA;BARRANCA;PATIVILCA;18;194895;8812516;20;Categoría 3
34048;Red monitoreo_cuenca Pativilca_OK.xls;Cañete Fortaleza;Barranca;Cuenca Pativilca;13758;Río;Quero;RQuer1;Río Quero, aproximadamente 140 m antes de tributar al río Pativilca, margen izquierda.;ANCASH;BOLOGNESI;HUASTA;18;269644;8872424;2678;Categoría 3
34049;Red monitoreo_cuenca Pativilca_OK.xls;Cañete Fortaleza;Barranca;Cuenca Pativilca;13758;Río;Quero;RQuer2;"Río Quero, aproximadamente 1140 m  aguas arriba del punto RQuer1.
";ANCASH;BOLOGNESI;HUASTA;18;270205;8873284;2732;Categoría 3
34050;Red monitoreo_cuenca Pativilca_OK.xls;Cañete Fortaleza;Barranca;Cuenca Pativilca;13758;Río;Rapay;RRapa1;"Río Rapay, aproximadamente a 177 m antes de tributar al río Pativilca, margen izquierda.
";LIMA;CAJATAMBO;COPA;18;261811;8840517;1475;Categoría 3
34051;Red monitoreo_cuenca Pativilca_OK.xls;Cañete Fortaleza;Barranca;Cuenca Pativilca;13758;Río;Rapay;RRapa2;Río Rapay, aproximadamente a 1.3 Km  aguas arriba de la confluencia con el rio Pativilca;LIMA;CAJATAMBO;COPA;18;262613;8841248;1538;Categoría 3
34052;Red monitoreo_cuenca Pativilca_OK.xls;Cañete Fortaleza;Barranca;Cuenca Pativilca;13758;Río;LLÁMAC;RLlam4;Río Llámac, aproximadamente a 3700 m aguas arriba de la confluencia con el río Achín.;ANCASH;BOLOGNESI;HUASTA;18;275012;8871877;3040;Categoría 3
34053;RedMonitoreo_Cuenca Casma 137596_ok.xls;Huarmey Chicama;Casma Huarmey;Cuenca Casma;137596;Quebrada;Tambillo;QTamb1;"Quebrada Tambillo, aproximadamente a 800 m antes de la confluencia del rio Chacchan, altura de trocha carrozable.
";ANCASH;HUARAZ;PARIACOTO;18;196609;8948875;2910;Categoría 3
34054;RedMonitoreo_Cuenca Casma 137596_ok.xls;Huarmey Chicama;Casma Huarmey;Cuenca Casma;137596;Quebrada;Tinco; QTinc1;"Quebrada Tinco, ubicado a 50 m de  carretera Casma - Huaraz.
";ANCASH;HUARAZ;PIRA;18;211968;8943802;4203;Categoría 3
34055;RedMonitoreo_Cuenca Casma 137596_ok.xls;Huarmey Chicama;Casma Huarmey;Cuenca Casma;137596;Quebrada;Tinco; QTinc2;"Quebrada Tinco, aproximadamente a 30 m. aguas abajo de pozos sépticos del Centro Poblado Tinco.
";ANCASH;HUARAZ;PIRA;18;208208;8942777;3727;Categoría 3
34056;RedMonitoreo_Cuenca Casma 137596_ok.xls;Huarmey Chicama;Casma Huarmey;Cuenca Casma;137596;Laguna Natural;Maco;LMaco1;"Laguna Maco, aproximadamente a la salida del dique de laguna.
";ANCASH;HUARAZ;PIRA;18;204643;8947904;4411;Categoría 4
34057;RedMonitoreo_Cuenca Casma 137596_ok.xls;Huarmey Chicama;Casma Huarmey;Cuenca Casma;137596;Quebrada;Yupanca;QYupa1;"Quebrada Yupanca, aproximadamente 10 m. aguas arriba del puente Tranca de la carretera Cantu.
";ANCASH;HUARAZ;PIRA;18;207410;8945322;3826;Categoría 3
34058;RedMonitoreo_Cuenca Casma 137596_ok.xls;Huarmey Chicama;Casma Huarmey;Cuenca Casma;137596;Quebrada;Pishan;QPish1;"Quebrada Pishan, aproximadamente 50 m. de la carretera con dirección al distrito de Pira.
";ANCASH;HUARAZ;PIRA;18;204574;8939588;3601;Categoría 3
34059;RedMonitoreo_Cuenca Casma 137596_ok.xls;Huarmey Chicama;Casma Huarmey;Cuenca Casma;137596;Río;Vado;RVado1;"Río Vado, aproximadamente 20 m aguas arriba del puente Vado.
";ANCASH;HUARAZ;LA LIBERTAD;18;200359;8933825;3195;Categoría 3
34060;RedMonitoreo_Cuenca Casma 137596_ok.xls;Huarmey Chicama;Casma Huarmey;Cuenca Casma;137596;Quebrada;Rahuar;QRahu1;"Quebrada Rahuar, aproximadamente 20 m. aguas abajo de la descarga de Bocamina María de las Nieves.
";ANCASH;HUARAZ;PIRA;18;200544;8937857;3878;Categoría 3
34061;RedMonitoreo_Cuenca Casma 137596_ok.xls;Huarmey Chicama;Casma Huarmey;Cuenca Casma;137596;Quebrada;Rahuar;QRahu2;"Quebrada Rahuar, dentro de la malla metálica de la empresa Minera Shuntur S.A.
";ANCASH;HUARAZ;PIRA;18;200238;8938100;3726;Categoría 3
34062;RedMonitoreo_Cuenca Casma 137596_ok.xls;Huarmey Chicama;Casma Huarmey;Cuenca Casma;137596;Quebrada;Rahuar;QRahu3;"Quebrada Rahuar, aguas abajo de estanques de Rotoplas de aguas tratadas por la empresa Minera Shuntur S.A.
";ANCASH;HUARAZ;PIRA;18;199819;8938363;3520;Categoría 3
34063;RedMonitoreo_Cuenca Casma 137596_ok.xls;Huarmey Chicama;Casma Huarmey;Cuenca Casma;137596;Quebrada;Rahuar;QRahu4;"Quebrada Rahuar, aguas arriba de la confluencia con el rio Vado.
";ANCASH;HUARAZ;PIRA;18;196615;8939922;2491;Categoría 3
34064;RedMonitoreo_Cuenca Casma 137596_ok.xls;Huarmey Chicama;Casma Huarmey;Cuenca Casma;137596;Río;Vado;RVado2;"Rio Vado, aguas arriba de la confluencia con la Quebrada Rahuar.
";ANCASH;HUARAZ;PIRA;18;196427;8940010;2421;Categoría 3
34065;RedMonitoreo_Cuenca Casma 137596_ok.xls;Huarmey Chicama;Casma Huarmey;Cuenca Casma;137596;Río; Acrun ;RAcru1;"Rio Acrun, aproximadamente a 200 m. de la ciudad de Cochabamba.
";ANCASH;HUARAZ;COCHABAMBA;18;186150;8949545;2096;Categoría 3
34066;RedMonitoreo_Cuenca Casma 137596_ok.xls;Huarmey Chicama;Casma Huarmey;Cuenca Casma;137596;Quebrada;Victoria;QVict1;"Quebrada Victoria, aproximadamente 500 m. aguas arriba de la confluencia con el río Grande.
";ANCASH;HUARAZ;PAMPAS GRANDE;18;183048;8940808;1298;Categoría 3
34067;RedMonitoreo_Cuenca Casma 137596_ok.xls;Huarmey Chicama;Casma Huarmey;Cuenca Casma;137596;Quebrada;Vinchota;QVinc1;"Quebrada Vinchota, aproximadamente a 100 m. aguas arriba de confluencia con rio Grande.
";ANCASH;HUARAZ;PAMPAS GRANDE;18;182993;8941662;1234;Categoría 3
34068;RedMonitoreo_Cuenca Casma 137596_ok.xls;Huarmey Chicama;Casma Huarmey;Cuenca Casma;137596;Río;Chacchan;RChac1;"Río Chacchan ,aproximadamente a 200 m. aguas abajo de la ciudad  de Pariacoto, antes de la confluencia con el rio  AKrun.
";ANCASH;HUARAZ;PARIACOTO;18;182908;8941747;1237;Categoría 3
34069;RedMonitoreo_Cuenca Casma 137596_ok.xls;Huarmey Chicama;Casma Huarmey;Cuenca Casma;137596;Río;Grande;RGran2;"Rio Grande, aproximadamente a 100 m. aguas arriba del vertimiento de aguas residuales domésticas tratadas, provenientes del distrito de Pariacoto.
";ANCASH;HUARAZ;PAMPAS GRANDE;18;181714;8941708;1110;Categoría 3
34070;RedMonitoreo_Cuenca Casma 137596_ok.xls;Huarmey Chicama;Casma Huarmey;Cuenca Casma;137596;Río;Grande;RGran3;"Río Grande, aproximadamente a 150 m. aguas abajo del vertimiento de aguas residuales domésticas tratadas, provenientes del distrito de Pariacoto.
";ANCASH;HUARAZ;PAMPAS GRANDE;18;181753;8941973;1101;Categoría 3
34071;RedMonitoreo_Cuenca Casma 137596_ok.xls;Huarmey Chicama;Casma Huarmey;Cuenca Casma;137596;Otros;Quebrada Orancoral;QOran1;"Quebrada Orancoral, aproximadamente a 10 m. aguas arriba del campamento  Minero Real Aventura, Proyecto San Luis.
";ANCASH;YUNGAY;SHUPLUY;18;188483;8958326;3714;Categoría 3
34072;RedMonitoreo_Cuenca Casma 137596_ok.xls;Huarmey Chicama;Casma Huarmey;Cuenca Casma;137596;Otros;Quebrada Orancoral;QOran2;"Quebrada Orancoral, aguas arriba de confluencia con el rio Quellaycancha.
";ANCASH;YUNGAY;SHUPLUY;18;186765;8959236;3070;Categoría 3
34073;RedMonitoreo_Cuenca Casma 137596_ok.xls;Huarmey Chicama;Casma Huarmey;Cuenca Casma;137596;Río;Quellaycancha;RQuel1;"Río Quellaycancha, aguas arriba de la confluencia con la quebrada Orancoral.
";ANCASH;YUNGAY;SHUPLUY;18;186102;8959375;2932;Categoría 3
34074;RedMonitoreo_Cuenca Casma 137596_ok.xls;Huarmey Chicama;Casma Huarmey;Cuenca Casma;137596;Quebrada;Colis;QColi1;"Quebrada Colis, aproximadamente 10 m. de la via de comunicación (carretera) al Proyecto Minero San Luis.
";ANCASH;HUARAZ;COCHABAMBA;18;186187;8956284;3531;Categoría 3
34075;RedMonitoreo_Cuenca Casma 137596_ok.xls;Huarmey Chicama;Casma Huarmey;Cuenca Casma;137596;Quebrada;Colis;QColi2;"Quebrada Colis, aguas arriba de la confluencia con el río Quellaycancha. 
";ANCASH;HUARAZ;COCHABAMBA;18;185110;8956822;2850;Categoría 3
34076;RedMonitoreo_Cuenca Casma 137596_ok.xls;Huarmey Chicama;Casma Huarmey;Cuenca Casma;137596;Río;Yaután;RYaut2;"Río Yaután, aproximadamente a 200 m. aguas arriba del vertimiento de aguas residuales domésticas, y a la altura de la Estación Hidrometeorológica Automática puente Yaután.
";ANCASH;CASMA;YAUTAN;18;170594;8947085;780;Categoría 3
34077;RedMonitoreo_Cuenca Casma 137596_ok.xls;Huarmey Chicama;Casma Huarmey;Cuenca Casma;137596;Río;Yaután;RYaut3;"Río Yaután, aproximadamente a 130 m. aguas abajo del vertimiento de aguas residuales domésticas provenientes del distrito de Yaután.
";ANCASH;CASMA;YAUTAN;17;829054;8947047;761;Categoría 3
34078;RedMonitoreo_Cuenca Casma 137596_ok.xls;Huarmey Chicama;Casma Huarmey;Cuenca Casma;137596;Río;Sechín;RSech1;"Río Sechín, aproximadamente a 10 m. aguas abajo de la trocha carrozable  con dirección al Centro Poblado Huacho.
";ANCASH;YUNGAY;QUILLO;17;826842;8968066;1383;Categoría 3
34079;RedMonitoreo_Cuenca Casma 137596_ok.xls;Huarmey Chicama;Casma Huarmey;Cuenca Casma;137596;Río;Sechín;RSech2;"Río Sechín, aproximadamente 150 m. aguas abajo del vertimiento de agua residual provenientes del distrito de Quillo, y a la altura del  Puente Sechín.
";ANCASH;YUNGAY;QUILLO;17;824529;8967574;1180;Categoría 3
34080;RedMonitoreo_Cuenca Casma 137596_ok.xls;Huarmey Chicama;Casma Huarmey;Cuenca Casma;137596;Río;Sechín;RSech3;"Rio Sechín, aproximadamente 50 m. aguas arriba de las chancherías
";ANCASH;CASMA;CASMA;17;797576;8951196;109;Categoría 3
34081;RedMonitoreo_Cuenca Casma 137596_ok.xls;Huarmey Chicama;Casma Huarmey;Cuenca Casma;137596;Río;Sechín;RSech4;"Río Sechín, aproximadamente a 100 m. aguas arriba del puente de la Panamericana.
";ANCASH;CASMA;CASMA;17;797217;8951017;70;Categoría 3
34082;RedMonitoreo_Cuenca Casma 137596_ok.xls;Huarmey Chicama;Casma Huarmey;Cuenca Casma;137596;Río;Casma;RCasm1;"Río Casma, aproximadamente a 100 m. antes del ingreso de aguas al mar de Casma.
";ANCASH;CASMA;COMANDANTE NOEL;17;787544;8954289;8;Categoría 3
34083;RedMonitoreo_Cuenca Casma 137596_ok.xls;Huarmey Chicama;Casma Huarmey;Cuenca Casma;137596;Laguna Natural;Huarancayoc;LHuar1;"Laguna Huarancayoc, aproximadamente a 10 m del dique de laguna.
";ANCASH;HUARAZ;PARIACOTO;18;204240;8961498;4466;Categoría 4
34084;RedMonitoreo_cuenca Nepen╠âa_OK.xls;Huarmey Chicama;Santa Lacramarca Nepeña;Cuenca Nepeña;137598;Laguna Natural;Coñorangra;LCoño1;"Laguna Coñorangra, a la salida de aguas.
";ANCASH;SANTA;CACERES DEL PERU;17;828991;9019465;4370;Categoría 4
34085;RedMonitoreo_cuenca Nepen╠âa_OK.xls;Huarmey Chicama;Santa Lacramarca Nepeña;Cuenca Nepeña;137598;Laguna Natural;Huiri;LHuir1;"Laguna Huiri, a la salida de aguas.
";ANCASH;SANTA;CACERES DEL PERU;17;829878;9016336;4472;Categoría 4
34086;RedMonitoreo_cuenca Nepen╠âa_OK.xls;Huarmey Chicama;Santa Lacramarca Nepeña;Cuenca Nepeña;137598;Laguna Natural;Mata Mata;LMmat1;"Laguna Mata Mata, a la salida de aguas.
";ANCASH;SANTA;CACERES DEL PERU;17;828119;9015916;4622;Categoría 4
34087;RedMonitoreo_cuenca Nepen╠âa_OK.xls;Huarmey Chicama;Santa Lacramarca Nepeña;Cuenca Nepeña;137598;Quebrada;Matar;QMata1;"Quebrada Matar, antes de la confluencia con la quebrada Potrero.
";ANCASH;SANTA;CACERES DEL PERU;17;828390;9005151;2712;Categoría 1 A2
34088;RedMonitoreo_cuenca Nepen╠âa_OK.xls;Huarmey Chicama;Santa Lacramarca Nepeña;Cuenca Nepeña;137598;Quebrada;Huampucayan;QHuam1;"Quebrada Huampucayan, antes de la confluencia con la quebrada Huiri.
";ANCASH;SANTA;CACERES DEL PERU;17;826339;9008583;2452;Categoría 1 A2
34089;RedMonitoreo_cuenca Nepen╠âa_OK.xls;Huarmey Chicama;Santa Lacramarca Nepeña;Cuenca Nepeña;137598;Quebrada;Huiri;QHuir1;"Quebrada Huiri, antes de la confluencia con la quebrada Huampucayan.
";ANCASH;SANTA;CACERES DEL PERU;17;826164;9008754;2442;Categoría 1 A2
34090;RedMonitoreo_cuenca Nepen╠âa_OK.xls;Huarmey Chicama;Santa Lacramarca Nepeña;Cuenca Nepeña;137598;Río;Grande;RGran1;"Rio Grande, aguas abajo de la confluencia de las quebradas Huiri y Huampucayan.
";ANCASH;SANTA;CACERES DEL PERU;17;825482;9008460;2341;Categoría 1 A2
34091;RedMonitoreo_cuenca Nepen╠âa_OK.xls;Huarmey Chicama;Santa Lacramarca Nepeña;Cuenca Nepeña;137598;Río;Grande;RGran2;"Rio Grande, aproximadamente 400 m. antes de  confluencia con la quebrada Mesita.
";ANCASH;SANTA;CACERES DEL PERU;17;824600;9007160;2136;Categoría 1 A2
34092;RedMonitoreo_cuenca Nepen╠âa_OK.xls;Huarmey Chicama;Santa Lacramarca Nepeña;Cuenca Nepeña;137598;Quebrada;Mesita;QMesi1;"Quebrada Mesita, antes de la confluencia con el río Grande.
";ANCASH;SANTA;CACERES DEL PERU;17;824558;9006951;2120;Categoría 1 A2
34093;RedMonitoreo_cuenca Nepen╠âa_OK.xls;Huarmey Chicama;Santa Lacramarca Nepeña;Cuenca Nepeña;137598;Río;Colcap;RColc1;"Río Colcap, antes de  confluencia con la quebrada Carhuamarca.
";ANCASH;SANTA;CACERES DEL PERU;17;820555;9005211;1652;Categoría 1 A2
34094;RedMonitoreo_cuenca Nepen╠âa_OK.xls;Huarmey Chicama;Santa Lacramarca Nepeña;Cuenca Nepeña;137598;Quebrada;Carhuamarca;QCarh1;"Quebrada Carhuamarca, antes de la confluencia con el río Colcap.
";ANCASH;SANTA;CACERES DEL PERU;17;820392;9005394;1646;Categoría 1 A2
34095;RedMonitoreo_cuenca Nepen╠âa_OK.xls;Huarmey Chicama;Santa Lacramarca Nepeña;Cuenca Nepeña;137598;Río;Jimbe;RJimb1;"Río Jimbe, aproximadamente 150 m. antes de la confluencia con la quebrada Lampanin.
";ANCASH;SANTA;CACERES DEL PERU;17;813695;9000092;947;Categoría 1 A2
34096;RedMonitoreo_cuenca Nepen╠âa_OK.xls;Huarmey Chicama;Santa Lacramarca Nepeña;Cuenca Nepeña;137598;Otros;Rio Lampanin;RLamp1;"Rio Lampanín, aproximadamente antes de  confluencia con la quebrada Tinco.
";ANCASH;SANTA;CACERES DEL PERU;17;814305;9011765;2069;Categoría 3
34097;RedMonitoreo_cuenca Nepen╠âa_OK.xls;Huarmey Chicama;Santa Lacramarca Nepeña;Cuenca Nepeña;137598;Otros;Rio Lampanin;RLamp2;"Rio Lampanín, antes de confluencia con el rio Jimbe.
";ANCASH;SANTA;CACERES DEL PERU;17;813527;9000138;949;Categoría 3
34098;RedMonitoreo_cuenca Nepen╠âa_OK.xls;Huarmey Chicama;Santa Lacramarca Nepeña;Cuenca Nepeña;137598;Río;Uchupacancha;RUchu1;"Río Uchupacancha, antes de  confluencia con el río Huaracpampa.
";ANCASH;HUAYLAS;PAMPAROMAS;17;823392;8992251;1370;Categoría 1 A2
34099;RedMonitoreo_cuenca Nepen╠âa_OK.xls;Huarmey Chicama;Santa Lacramarca Nepeña;Cuenca Nepeña;137598;Río;Larea;RLare1;Río Larea, antes de la confluencia con el río Jimbe.;ANCASH;SANTA;MORO;17;811165;8993019;604;Categoría 1 A2
34100;RedMonitoreo_cuenca Nepen╠âa_OK.xls;Huarmey Chicama;Santa Lacramarca Nepeña;Cuenca Nepeña;137598;Río;Nepeña;RNepe1;Río Nepeña, aproximadamente 800 m. antes de la carretera Moro.;ANCASH;SANTA;NEPEÑA;17;808144;8988957;438;Categoría 3
34101;RedMonitoreo_cuenca Nepen╠âa_OK.xls;Huarmey Chicama;Santa Lacramarca Nepeña;Cuenca Nepeña;137598;Río;Nepeña;RNepe2;Río Nepeña, a la altura de la Estación Hidrometrica Automática - Nepeña.;ANCASH;SANTA;NEPEÑA;17;802122;8985963;299;Categoría 3
34102;RedMonitoreo_cuenca Nepen╠âa_OK.xls;Huarmey Chicama;Santa Lacramarca Nepeña;Cuenca Nepeña;137598;Río;Loco;RLoco1;Río Loco, antes de la confluencia con el río Nepeña.;ANCASH;SANTA;MORO;17;811854;8987970;589;Categoría 1 A2
34103;RedMonitoreo_cuenca Nepen╠âa_OK.xls;Huarmey Chicama;Santa Lacramarca Nepeña;Cuenca Nepeña;137598;Río;Samanco;RSama1;Río Samanco, antes del puente de la carretera Panamericana Norte.;ANCASH;SANTA;SAMANCO;17;782480;8975375;38;Categoría 3
34104;RedMonitoreo_cuenca Nepen╠âa_OK.xls;Huarmey Chicama;Santa Lacramarca Nepeña;Cuenca Nepeña;137598;Río;Samanco;RSama2;Río Samanco, antes de la descarga a Bahía Samanco.;ANCASH;SANTA;SAMANCO;17;775207;8975994;4;Categoría 3
34105;RedMonitoreo_cuenca Nepen╠âa_OK.xls;Huarmey Chicama;Santa Lacramarca Nepeña;Cuenca Nepeña;137598;Laguna Natural;Capado;LCapa1;"Laguna Capado, 200 m aproximadamente, antes de la confluencia con Laguna Tocanca.
";ANCASH;SANTA;CACERES DEL PERU;18;170781;9019578;4468;Categoría 4
34106;RedMonitoreo_cuenca Santa_OK.xls;Huarmey Chicama;Huaraz;Cuenca Santa;1376;Río;Santa;RSant5;Río Santa, aproximadamente 250 m aguas arriba del puente Calicanto - San Jerónimo, margen izquierda del río;ANCASH;HUARAZ;HUARAZ;18;221554;8945603;3019;Categoría 3
34107;RedMonitoreo_cuenca Santa_OK.xls;Huarmey Chicama;Huaraz;Cuenca Santa;1376;Río;Paria;RPari1;Río Paria, antes de la captación de agua para consumo humano de los distritos de Huaraz e Independencia;ANCASH;HUARAZ;HUARAZ;18;227256;8947173;3353;Categoría 1 A2
34108;RedMonitoreo_cuenca Santa_OK.xls;Huarmey Chicama;Huaraz;Cuenca Santa;1376;Río;Auqui;RAuqu1;Río Auqui, antes de la captación de agua para consumo humano de la ciudad de Huaraz;ANCASH;HUARAZ;HUARAZ;18;227991;8946664;3322;Categoría 1 A2
34109;RedMonitoreo_cuenca Santa_OK.xls;Huarmey Chicama;Huaraz;Cuenca Santa;1376;Río;Santa;RSant15;Río Santa, aguas abajo de la confluencia con el Río Manta;ANCASH;HUAYLAS;HUALLANCA;18;172509;9038580;935;Categoría 1 A2
34110;RedMonitoreo_cuenca Santa_OK.xls;Huarmey Chicama;Huaraz;Cuenca Santa;1376;Río;Santa;RSant14;Río Santa, aguas arriba de la confluencia con el Río Manta;ANCASH;HUAYLAS;HUALLANCA;18;172856;9038162;980;Categoría 1 A2
34111;RedMonitoreo_cuenca Santa_OK.xls;Huarmey Chicama;Huaraz;Cuenca Santa;1376;Quebrada;Quishuar;QQuis1;Quebrada Quishuar, aguas arriba de las operaciones mineras de Quilquitica Minerales;ANCASH;HUAYLAS;SANTO TORIBIO;18;176690;9017015;3562;Categoría 1 A2
34112;RedMonitoreo_cuenca Santa_OK.xls;Huarmey Chicama;Huaraz;Cuenca Santa;1376;Quebrada;Carhuaquero;QCarh1;Quebrada Carhuaquero, aguas arriba de las operaciones mineras de Quilquitica Minerales;ANCASH;HUAYLAS;SANTO TORIBIO;18;176747;9016994;3536;Categoría 1 A2
34113;RedMonitoreo_cuenca Santa_OK.xls;Huarmey Chicama;Huaraz;Cuenca Santa;1376;Quebrada;Carhuaquero;QCarh2;Quebrada Carhuaquero, aguas abajo de las operaciones mineras de Quilquitica Minerales, después de la confluencia con la Quebrada Quishuar;ANCASH;HUAYLAS;SANTO TORIBIO;18;176824;9017043;3519;Categoría 1 A2
34114;RedMonitoreo_cuenca Santa_OK.xls;Huarmey Chicama;Huaraz;Cuenca Santa;1376;Río;Yanayacu;RYana1;Río Yanayacu, 150 m antes de la confluencia con el río Santa;ANCASH;RECUAY;CATAC;18;234875;8918466;3572;Categoría 4
34115;RedMonitoreo_cuenca Santa_OK.xls;Huarmey Chicama;Huaraz;Cuenca Santa;1376;Río;Santa;RSant16;Río Santa, 800 m antes de la confluencia con el río Yanayacu;ANCASH;RECUAY;CATAC;18;232912;8915728;3541;Categoría 3
34116;RedMonitoreo_cuenca Santa_OK.xls;Huarmey Chicama;Huaraz;Cuenca Santa;1376;Río;Santa;RSant1;Río Santa,100 m aguas arriba de los pasivos mineros de Ticapampa, distrito de Ticapampa;ANCASH;RECUAY;TICAPAMPA;18;232070;8920479;3452;Categoría 3
34117;RedMonitoreo_cuenca Santa_OK.xls;Huarmey Chicama;Huaraz;Cuenca Santa;1376;Río;Santa;RSant2;Río Santa,100 m aguas abajo de los pasivos mineros de Ticapampa, distrito de Ticapampa;ANCASH;HUARAZ;OLLEROS;18;231756;8921564;3448;Categoría 3
34118;RedMonitoreo_cuenca Santa_OK.xls;Huarmey Chicama;Huaraz;Cuenca Santa;1376;Río;Santa;RSant17;Río Santa, 200 m aguas abajo del punto de vertimiento poblacional del distrito de Recuay;ANCASH;RECUAY;RECUAY;18;230111;8925966;3397;Categoría 3
34119;RedMonitoreo_cuenca Santa_OK.xls;Huarmey Chicama;Huaraz;Cuenca Santa;1376;Otros;Manantial Sipchoc;FSipc1;Manantial Sipchoc, aguas arriba de las operaciones mineras de la Compañía Minera Lincuna S.A.;ANCASH;RECUAY;RECUAY;18;223125;8920280;4609;Categoría 3
34120;RedMonitoreo_cuenca Santa_OK.xls;Huarmey Chicama;Huaraz;Cuenca Santa;1376;Quebrada;Sipchoc;QSipc2;Quebrada Sipchoc, aguas abajo de las operaciones mineras de la Compañía Minera Lincuna S.A., y aguas arriba de la planta de beneficio Venard S.A.C.;ANCASH;RECUAY;RECUAY;18;223157;8921974;4463;Categoría 3
34121;RedMonitoreo_cuenca Santa_OK.xls;Huarmey Chicama;Huaraz;Cuenca Santa;1376;Quebrada;Sipchoc;QSipc3;Quebrada Sipchoc, aguas abajo de la planta de beneficio Venard S.A.C.;ANCASH;RECUAY;RECUAY;18;224336;8923050;4320;Categoría 3
34122;RedMonitoreo_cuenca Santa_OK.xls;Huarmey Chicama;Huaraz;Cuenca Santa;1376;Otros;Quebrada Rauca;QRauc1;Quebrada Rauca, aguas arriba de actividades mineras y pasivos ambientales mineros;ANCASH;RECUAY;TICAPAMPA;18;226193;8914878;4506;Categoría 3
34123;RedMonitoreo_cuenca Santa_OK.xls;Huarmey Chicama;Huaraz;Cuenca Santa;1376;Otros;Laguna Rauca;LRauc1;Laguna Rauca, al ingreso de la laguna;ANCASH;RECUAY;TICAPAMPA;18;226460;8914751;4442;Categoría 3
34124;RedMonitoreo_cuenca Santa_OK.xls;Huarmey Chicama;Huaraz;Cuenca Santa;1376;Otros;Laguna Rauca;LRauc2;Laguna Rauca, a la salida de la laguna;ANCASH;RECUAY;TICAPAMPA;18;226613;8914743;4451;Categoría 3
34125;RedMonitoreo_cuenca Santa_OK.xls;Huarmey Chicama;Huaraz;Cuenca Santa;1376;Otros;Quebrada Yarush;QYaru1;Quebrada Yarush, aguas arriba de la cancha de relaves de la empresa Toma La Mano;ANCASH;RECUAY;TICAPAMPA;18;235873;8920192;3742;Categoría 3
34126;RedMonitoreo_cuenca Santa_OK.xls;Huarmey Chicama;Huaraz;Cuenca Santa;1376;Río;Olleros;ROlle1;Río Olleros, 100 m aguas abajo del puente Olleros, margen izquierda del río;ANCASH;HUARAZ;OLLEROS;18;227919;8929936;3297;Categoría 3
34127;RedMonitoreo_cuenca Santa_OK.xls;Huarmey Chicama;Huaraz;Cuenca Santa;1376;Río;Santa;RSant18;Río Santa, 100 m antes de la confluencia con el río Quilcay;ANCASH;HUARAZ;HUARAZ;18;221568;8946033;3039;Categoría 3
34128;RedMonitoreo_cuenca Santa_OK.xls;Huarmey Chicama;Huaraz;Cuenca Santa;1376;Río;Quilcay;RQuil1;Río Quilcay, 200 m antes de tributar al río Santa;ANCASH;HUARAZ;HUARAZ;18;221735;8946160;3041;Categoría 3
34129;RedMonitoreo_cuenca Santa_OK.xls;Huarmey Chicama;Huaraz;Cuenca Santa;1376;Río;Santa;RSant19;Río Santa, 150 m aguas abajo del puente Santo Toribio, margen izquierda del río.;ANCASH;HUARAZ;INDEPENDENCIA;18;221420;8948337;2970;Categoría 3
34130;RedMonitoreo_cuenca Santa_OK.xls;Huarmey Chicama;Huaraz;Cuenca Santa;1376;Río;Santa;RSant6;Río Santa, 800 m aguas abajo del vertimiento poblacional del distrito de Independencia;ANCASH;HUARAZ;INDEPENDENCIA;18;221357;8950816;2948;Categoría 3
34131;RedMonitoreo_cuenca Santa_OK.xls;Huarmey Chicama;Huaraz;Cuenca Santa;1376;Río;Santa;RSant7;Río Santa, aguas arriba del puente Florida y antes de la unión con la quebrada Honda;ANCASH;CARHUAZ;MARCARA;18;214058;8967393;2709;Categoría 3
34132;RedMonitoreo_cuenca Santa_OK.xls;Huarmey Chicama;Huaraz;Cuenca Santa;1376;Río;Chucchun;RChuc1;Río Chucchun, antes de la captación de agua para consumo humano del distrito Carhuaz;ANCASH;CARHUAZ;CARHUAZ;18;216400;8977957;3576;Categoría 3
34133;RedMonitoreo_cuenca Santa_OK.xls;Huarmey Chicama;Huaraz;Cuenca Santa;1376;Río;Santa;RSant20;Rio Santa, 200 m aguas abajo del vertimiento poblacional del distrito Carhuaz;ANCASH;CARHUAZ;CARHUAZ;18;208623;8973732;2595;Categoría 3
34134;RedMonitoreo_cuenca Santa_OK.xls;Huarmey Chicama;Huaraz;Cuenca Santa;1376;Quebrada;Llanganuco;QLlan1;Quebrada Llanganuco, a la salida de la Laguna Llanganuco;ANCASH;YUNGAY;YUNGAY;18;208532;8995461;3841;Categoría 3
34135;RedMonitoreo_cuenca Santa_OK.xls;Huarmey Chicama;Huaraz;Cuenca Santa;1376;Río;Ancash;RAnca2;Río Ancash, 800 m aguas abajo del vertimiento de aguas residuales del distrito de Yungay;ANCASH;YUNGAY;YUNGAY;18;196761;8988977;2358;Categoría 3
34136;RedMonitoreo_cuenca Santa_OK.xls;Huarmey Chicama;Huaraz;Cuenca Santa;1376;Río;Ancash;RAnca1;Río Ancash, 50 m antes del vertimiento de aguas residuales del distrito de Yungay;ANCASH;YUNGAY;YUNGAY;18;197662;8989202;2433;Categoría 3
34137;RedMonitoreo_cuenca Santa_OK.xls;Huarmey Chicama;Huaraz;Cuenca Santa;1376;Río;Santa;RSant8;Río Santa, aguas arriba del puente colgante - sector Balbas;ANCASH;HUAYLAS;HUALLANCA;18;189021;9017461;1855;Categoría 3
34138;RedMonitoreo_cuenca Santa_OK.xls;Huarmey Chicama;Huaraz;Cuenca Santa;1376;Río;Santa;RSant21;Río Santa, 50 m aguas arriba del vertimiento poblacional del distrito de Caraz;ANCASH;HUAYLAS;CARAZ;18;190948;8997693;2218;Categoría 3
34139;RedMonitoreo_cuenca Santa_OK.xls;Huarmey Chicama;Huaraz;Cuenca Santa;1376;Río;Santa;RSant22;Río Santa, 200 m aguas abajo del vertimiento poblacional del distrito de Caraz;ANCASH;HUAYLAS;CARAZ;18;190829;8997830;2210;Categoría 3
34140;RedMonitoreo_cuenca Santa_OK.xls;Huarmey Chicama;Huaraz;Cuenca Santa;1376;Río;Llullán;RLlul1;Río Llullán, 100 m antes de la confluencia con el río Santa;ANCASH;HUAYLAS;CARAZ;18;189907;8998267;2214;Categoría 3
34141;RedMonitoreo_cuenca Santa_OK.xls;Huarmey Chicama;Huaraz;Cuenca Santa;1376;Laguna Natural;Conococha;LCono1;Laguna Conococha, salida de la laguna e inicio del río Santa;ANCASH;RECUAY;CATAC;18;249792;8880535;4025;Categoría 4
34142;RedMonitoreo_cuenca Santa_OK.xls;Huarmey Chicama;Huaraz;Cuenca Santa;1376;Quebrada;Patishgo;QPati1;Quebrada Patishgo, 250 m antes de la confluencia con el río Santa;ANCASH;RECUAY;CATAC;18;250027;8880899;4026;Categoría 3
34143;RedMonitoreo_cuenca Santa_OK.xls;Huarmey Chicama;Huaraz;Cuenca Santa;1376;Laguna Natural;Parón;LParo1;Laguna Parón, a la salida de la laguna;ANCASH;HUAYLAS;CARAZ;18;204870;9004166;4337;Categoría 4
34144;RedMonitoreo_cuenca Santa_OK.xls;Huarmey Chicama;Huaraz;Cuenca Santa;1376;Quebrada;Tuco;QTuco1;Quebrada Tuco, aguas arriba de las operaciones mineras de la empresa Magistral;ANCASH;BOLOGNESI;AQUIA;18;259011;8898735;4606;Categoría 4
34145;RedMonitoreo_cuenca Santa_OK.xls;Huarmey Chicama;Huaraz;Cuenca Santa;1376;Quebrada;Tuco;QTuco2;Quebrada Tuco, aguas abajo del punto de vertimiento de las aguas residuales industriales de la empresa minera Magistral.;ANCASH;BOLOGNESI;AQUIA;18;259352;8898121;4480;Categoría 4
34146;RedMonitoreo_cuenca Santa_OK.xls;Huarmey Chicama;Huaraz;Cuenca Santa;1376;Quebrada;Collota;QColl1;Quebrada Collota, aguas abajo de la planta de beneficio de la Minera Sacracancha;ANCASH;RECUAY;CATAC;18;253177;8883919;4099;Categoría 4
34147;RedMonitoreo_cuenca Santa_OK.xls;Huarmey Chicama;Huaraz;Cuenca Santa;1376;Otros;Quebrada Honda;QHond1;Quebrada Honda, 100 m aguas arriba de las descargas de aguas residuales de los baños termales de Chancos;ANCASH;CARHUAZ;MARCARA;18;217383;8968833;2929;Categoría 4
34148;RedMonitoreo_cuenca Santa_OK.xls;Huarmey Chicama;Huaraz;Cuenca Santa;1376;Otros;Quebrada Honda;QHond2;"Quebrada Honda, 100 m aguas abajo de las descargas de aguas residuales de los baños termales de Chancos
";ANCASH;CARHUAZ;MARCARA;18;216985;8968743;3848;Categoría 4
34149;RedMonitoreo_cuenca Santa_OK.xls;Huarmey Chicama;Huaraz;Cuenca Santa;1376;Otros;Quebrada Honda;QHond3;"Quebrada Honda, aguas abajo de las descargas de aguas residuales del anexo Chancos
";ANCASH;CARHUAZ;MARCARA;18;216628;8968647;2854;Categoría 4
34150;RedMonitoreo_cuenca Santa_OK.xls;Huarmey Chicama;Huaraz;Cuenca Santa;1376;Río;Manta;RMant1;"Río Manta, aproximadamente 1.5 km después de la confluencia con el río Corongo
";ANCASH;CORONGO;CORONGO;18;182465;9047006;1903;Categoría 4
34151;RedMonitoreo_cuenca Santa_OK.xls;Huarmey Chicama;Huaraz;Cuenca Santa;1376;Otros;Quebrada Yarush;QYaru2;"Quebrada Yarush, aguas abajo de la cancha de relaves de la empresa Toma La Mano.
";ANCASH;RECUAY;TICAPAMPA;18;234627;8919708;3643;Categoría 3
34152;RedMonitoreo_cuenca Santa_OK.xls;Huarmey Chicama;Santa Lacramarca Nepeña;Cuenca Santa;1376;Laguna Natural;Quepina;LQuep1;"Laguna Quepina, a la salida de la laguna
";ANCASH;PALLASCA;PAMPAS;18;193315;9094084;3910;Categoría 4
34153;RedMonitoreo_cuenca Santa_OK.xls;Huarmey Chicama;Santa Lacramarca Nepeña;Cuenca Santa;1376;Quebrada;Pelagatos;QPela1;Quebrada Pelagatos, aguas abajo de los pasivos ambientales de la Minera Pushaquilca;ANCASH;PALLASCA;PAMPAS;18;189651;9095598;3964;Categoría 1 A2
34154;RedMonitoreo_cuenca Santa_OK.xls;Huarmey Chicama;Santa Lacramarca Nepeña;Cuenca Santa;1376;Quebrada;Pelagatos;QPela2;"Quebrada Pelagatos, aguas arriba de los pasivos ambientales de la Minera Pasto Bueno
";ANCASH;PALLASCA;PAMPAS;18;185886;9095513;3611;Categoría 1 A2
34155;RedMonitoreo_cuenca Santa_OK.xls;Huarmey Chicama;Santa Lacramarca Nepeña;Cuenca Santa;1376;Quebrada;Pelagatos;QPela3;"Quebrada Pelagatos, aguas abajo de los pasivos ambientales de la Minera Pasto Bueno
";ANCASH;PALLASCA;PAMPAS;18;185355;9095551;3513;Categoría 1 A2
34156;RedMonitoreo_cuenca Santa_OK.xls;Huarmey Chicama;Santa Lacramarca Nepeña;Cuenca Santa;1376;Río;Pampas;RPamp1;"Río Pampas, aproximadamente 2,400 km antes de la confluencia con el río Sarín
";ANCASH;PALLASCA;PAMPAS;18;178737;9093973;2408;Categoría 1 A2
34157;RedMonitoreo_cuenca Santa_OK.xls;Huarmey Chicama;Santa Lacramarca Nepeña;Cuenca Santa;1376;Laguna Natural;Challhuacocha;LChall1;"Laguna Challhuacocha, a la salida de la laguna
";ANCASH;PALLASCA;CONCHUCOS;18;195298;9088246;3880;Categoría 4
34158;RedMonitoreo_cuenca Santa_OK.xls;Huarmey Chicama;Santa Lacramarca Nepeña;Cuenca Santa;1376;Otros;Quebrada Huachara;QHuah1;"Quebrada Huachara, micro cuenca Magistral, al lado de la trocha rumbo a laguna Pelagatos
";ANCASH;PALLASCA;CONCHUCOS;18;193068;9091382;4259;Categoría 1 A2
34159;RedMonitoreo_cuenca Santa_OK.xls;Huarmey Chicama;Santa Lacramarca Nepeña;Cuenca Santa;1376;Quebrada;Magistral;QMagi1;"Quebrada Magistral, a la salida de pequeña laguna y aguas arriba de la confluencia con la quebrada Huachara
";ANCASH;PALLASCA;CONCHUCOS;18;193932;9090277;4068;Categoría 1 A2
34160;RedMonitoreo_cuenca Santa_OK.xls;Huarmey Chicama;Santa Lacramarca Nepeña;Cuenca Santa;1376;Quebrada;Magistral;QMagi2;"Quebrada Magistral, a 4 km antes de su llegada a la laguna Llamacocha
";ANCASH;PALLASCA;CONCHUCOS;18;192085;9088917;3985;Categoría 1 A2
34161;RedMonitoreo_cuenca Santa_OK.xls;Huarmey Chicama;Santa Lacramarca Nepeña;Cuenca Santa;1376;Laguna Natural;Llamacocha;LLlam1;"Laguna Llamacocha, a la salida de la laguna
";ANCASH;PALLASCA;CONCHUCOS;18;189082;9086311;3507;Categoría 4
34162;RedMonitoreo_cuenca Santa_OK.xls;Huarmey Chicama;Santa Lacramarca Nepeña;Cuenca Santa;1376;Río;Plata;RPlat1;"Río Plata, antes del área de influencia del proyecto minero Tungsteno Málaga
";ANCASH;PALLASCA;PAMPAS;18;185450;9099874;3760;Categoría 1 A2
34163;RedMonitoreo_cuenca Santa_OK.xls;Huarmey Chicama;Santa Lacramarca Nepeña;Cuenca Santa;1376;Río;Plata;RPlat2;"Río Plata, después del área de influencia del proyecto minero Tungsteno Málaga
";ANCASH;PALLASCA;PAMPAS;18;184279;9099289;3525;Categoría 1 A2
34164;RedMonitoreo_cuenca Santa_OK.xls;Huarmey Chicama;Santa Lacramarca Nepeña;Cuenca Santa;1376;Río;Conchucos;RConc2;"Río Conchucos antes de la confluencia con el río Pampas
";ANCASH;PALLASCA;LACABAMBA;18;175766;9092182;2089;Categoría 1 A2
34165;RedMonitoreo_cuenca Santa_OK.xls;Huarmey Chicama;Santa Lacramarca Nepeña;Cuenca Santa;1376;Río;Conchucos;RConc1;"Río Conchucos aguas abajo del distrito Conchucos
";ANCASH;PALLASCA;LACABAMBA;18;184932;9084829;3122;Categoría 1 A2
34166;RedMonitoreo_cuenca Santa_OK.xls;Huarmey Chicama;Santa Lacramarca Nepeña;Cuenca Santa;1376;Otros;Río Huandoval;RHuan1;"Río Huandoval, antes de la confluencia con el río Tablachaca
";ANCASH;PALLASCA;PALLASCA;17;820480;9081602;1567;Categoría 1 A2
34167;RedMonitoreo_cuenca Santa_OK.xls;Huarmey Chicama;Santa Lacramarca Nepeña;Cuenca Santa;1376;Río;Boca Cabanas;RBcab1;"Río Boca Cabanas, antes de la confluencia con el río Tablachaca
";ANCASH;PALLASCA;BOLOGNESI;17;815671;9073945;1276;Categoría 1 A2
34168;RedMonitoreo_cuenca Santa_OK.xls;Huarmey Chicama;Santa Lacramarca Nepeña;Cuenca Santa;1376;Otros;Río Anco;RAnco1;"Río Anco, aguas abajo del puente Quiroz, antes de la confluencia con el río Tablachaca
";ANCASH;PALLASCA;SANTA ROSA;17;811419;9059180;1060;Categoría 1 A2
34169;RedMonitoreo_cuenca Santa_OK.xls;Huarmey Chicama;Santa Lacramarca Nepeña;Cuenca Santa;1376;Río;Santa;RSant10;"Río Santa, a la altura de la Bocatoma de ingreso a Chavimochic (cerca al Almacén)
";ANCASH;SANTA;CHIMBOTE;17;797694;9041654;425;Categoría 1 A2
34170;RedMonitoreo_cuenca Santa_OK.xls;Huarmey Chicama;Santa Lacramarca Nepeña;Cuenca Santa;1376;Río;Santa;RSant11;"Rio Santa, a la altura de la Bocatoma La Huaca -  Barraje móvil y fijo
";ANCASH;SANTA;CHIMBOTE;17;779428;9032933;254;Categoría 1 A2
34171;RedMonitoreo_cuenca Santa_OK.xls;Huarmey Chicama;Santa Lacramarca Nepeña;Cuenca Santa;1376;Río;Santa;RSant12;"Río Santa, a la altura del puente de la Carretera Panamericana - Límite de los departamentos de Ancash y La Libertad
";ANCASH;SANTA;SANTA;17;761493;9008016;40;Categoría 1 A2
34172;RedMonitoreo_cuenca Santa_OK.xls;Huarmey Chicama;Santa Lacramarca Nepeña;Cuenca Santa;1376;Río;Santa;RSant13;"Río Santa, 100 m antes de la confluencia del río Santa al mar.
";ANCASH;SANTA;SANTA;17;759141;9007563;13;Categoría 1 A2
34173;RedMonitoreo_cuenca Santa_OK.xls;Huarmey Chicama;Santa Lacramarca Nepeña;Cuenca Santa;1376;Río;Tablachaca;RTabl1;"Río Tablachaca, 50 m aguas arriba del puente Chucusvalle
";ANCASH;PALLASCA;PALLASCA;18;174936;9091815;2132;Categoría 1 A2
34174;RedMonitoreo_cuenca Santa_OK.xls;Huarmey Chicama;Santa Lacramarca Nepeña;Cuenca Santa;1376;Río;Tablachaca;RTabl2;"Río Tablachaca, aguas arriba de la minera de carbón La Galgada y ABR Minera S.A.C.
";ANCASH;PALLASCA;TAUCA;17;814046;9065223;1140;Categoría 1 A2
34175;RedMonitoreo_cuenca Santa_OK.xls;Huarmey Chicama;Santa Lacramarca Nepeña;Cuenca Santa;1376;Río;Tablachaca;RTabl3;"Río Tablachaca, aguas abajo de la minera de carbón La Galgada
";ANCASH;PALLASCA;TAUCA;17;811429;9059218;1045;Categoría 1 A2
34176;RedMonitoreo_cuenca Santa_OK.xls;Huarmey Chicama;Santa Lacramarca Nepeña;Cuenca Santa;1376;Río;Tablachaca;RTabl4;"Río Tablachaca antes de la confluencia con el río Santa
";ANCASH;PALLASCA;SANTA ROSA;17;804226;9042668;506;Categoría 1 A2
34177;RedMonitoreo_cuenca Santa_OK.xls;Huarmey Chicama;Santa Lacramarca Nepeña;Cuenca Santa;1376;Río;Santa;RSant9;"Río Santa, 200 m antes de la confluencia con el río Tablachaca
";ANCASH;SANTA;MACATE;17;804268;9042256;495;Categoría 1 A2
34178;RedMonitoreo_cuenca Santa_OK.xls;Huarmey Chicama;Santiago De Chuco;Cuenca Santa;1376;Laguna Natural;Verdes;LVerd1;"Laguna Verdes 1, salida de la laguna.
";LA LIBERTAD;SANTIAGO DE CHUCO;QUIRUVILCA;17;804298;9117062;4092;Categoría 4
34179;RedMonitoreo_cuenca Santa_OK.xls;Huarmey Chicama;Santiago De Chuco;Cuenca Santa;1376;Otros;Quebrada La Verde;QLver1;"Quebrada La Verde, aguas abajo del pasivo ambiental minero
";LA LIBERTAD;SANTIAGO DE CHUCO;CACHICADAN;18;170555;9111498;3874;Categoría 1 A2
34180;RedMonitoreo_cuenca Santa_OK.xls;Huarmey Chicama;Santiago De Chuco;Cuenca Santa;1376;Laguna Natural;Verdes;LVerd2;"Laguna Verdes 2, salida de la laguna.
";LA LIBERTAD;SANTIAGO DE CHUCO;QUIRUVILCA;17;804028;9117206;4075;Categoría 4
34181;RedMonitoreo_cuenca Santa_OK.xls;Huarmey Chicama;Santiago De Chuco;Cuenca Santa;1376;Laguna Natural;Verdes;LVerd3;"Laguna Verdes 3, salida de la laguna
";LA LIBERTAD;SANTIAGO DE CHUCO;QUIRUVILCA;17;803884;9117132;4077;Categoría 4
34182;RedMonitoreo_cuenca Santa_OK.xls;Huarmey Chicama;Santiago De Chuco;Cuenca Santa;1376;Otros;Río Caballo Moro;RCmor1;"Río Caballo Moro, aguas abajo de la Laguna del Toro
";LA LIBERTAD;SANTIAGO DE CHUCO;QUIRUVILCA;17;803334;9115884;4005;Categoría 1 A2
34183;RedMonitoreo_cuenca Santa_OK.xls;Huarmey Chicama;Santiago De Chuco;Cuenca Santa;1376;Río;Piscochaca;RPisc1;"Río Piscochaca, 200 m aguas arriba del puente
";LA LIBERTAD;SANTIAGO DE CHUCO;MOLLEBAMBA;17;828825;9099186;2751;Categoría 1 A2
34184;RedMonitoreo_cuenca Santa_OK.xls;Huarmey Chicama;Santiago De Chuco;Cuenca Santa;1376;Quebrada;Negra;QNegr1;"Quebrada Negra, altura del puente Quebrada Negra, entre los caseríos Totorapampa y Tambopampamarca
";LA LIBERTAD;SANTIAGO DE CHUCO;ANGASMARCA;17;825738;9099862;2840;Categoría 1 A2
34185;RedMonitoreo_cuenca Santa_OK.xls;Huarmey Chicama;Santiago De Chuco;Cuenca Santa;1376;Laguna Natural;Los Ángeles;LLang1;"Laguna Los Ángeles, salida de la laguna
";LA LIBERTAD;SANTIAGO DE CHUCO;QUIRUVILCA;17;803970;9116313;4063;Categoría 4
34186;RedMonitoreo_cuenca Santa_OK.xls;Huarmey Chicama;Santiago De Chuco;Cuenca Santa;1376;Laguna Natural;Del Toro;LToro1;"Laguna del Toro, a la salida de la laguna
";LA LIBERTAD;SANTIAGO DE CHUCO;QUIRUVILCA;17;803489;9115995;4012;Categoría 4
34187;RedMonitoreo_cuenca Santa_OK.xls;Huarmey Chicama;Santiago De Chuco;Cuenca Santa;1376;Río;Patarata;RPata1;"Río Patarata, aguas abajo de la descarga de aguas residuales del distrito de Santiago de Chuco.
";LA LIBERTAD;SANTIAGO DE CHUCO;SANTIAGO DE CHUCO;17;811573;9097845;2992;Categoría 1 A2
34188;RedMonitoreo_cuenca Santa_OK.xls;Huarmey Chicama;Santiago De Chuco;Cuenca Santa;1376;Quebrada;Alto La Flor;QAflo1;"Quebrada Alto La Flor, aguas arriba del puente El Bado - sector El Bado
";LA LIBERTAD;SANTIAGO DE CHUCO;QUIRUVILCA;17;808283;9112239;3485;Categoría 1 A2
34189;RedMonitoreo_cuenca Santa_OK.xls;Huarmey Chicama;Santiago De Chuco;Cuenca Santa;1376;Río;Miraflores;RMira1;"Río Miraflores, aguas abajo de la carretera Trujillo - Huamachuco - sector San José de Porcón
";LA LIBERTAD;SANTIAGO DE CHUCO;QUIRUVILCA;17;814326;9111565;3034;Categoría 1 A2
34190;RedMonitoreo_cuenca Santa_OK.xls;Huarmey Chicama;Santiago De Chuco;Cuenca Santa;1376;Quebrada;Lamballe;QLamb1;Quebrada Lamballe, a 800 metros de la carretera Santiago de Chuco - Shorey;LA LIBERTAD;SANTIAGO DE CHUCO;SANTIAGO DE CHUCO;17;804328;9099900;3937;Categoría 1 A2
34191;RedMonitoreo_cuenca Santa_OK.xls;Huarmey Chicama;Santiago De Chuco;Cuenca Santa;1376;Quebrada;Huacamarcanga;QHuac1;"Quebrada Huacamarcanga, a la altura del puente que cruza la quebrada, desvío de la carretera hacia Caserío Cuajinda
";LA LIBERTAD;SANTIAGO DE CHUCO;QUIRUVILCA;17;799859;9103516;3779;Categoría 1 A2
34192;RedMonitoreo_cuenca Santa_OK.xls;Huarmey Chicama;Santiago De Chuco;Cuenca Santa;1376;Quebrada;Huacamarcanga;QHuac2;"Quebrada Huacamarcanga, a la altura del puente que cruza la quebrada, desvío de carretera hacia Caserío Túpac Amaru
";LA LIBERTAD;SANTIAGO DE CHUCO;QUIRUVILCA;17;803992;9104029;3536;Categoría 1 A2
34193;RedMonitoreo_cuenca Santa_OK.xls;Huarmey Chicama;Santiago De Chuco;Cuenca Santa;1376;Otros;Quebrada Bellota;QBell1;"Quebrada Bellota, abajo de la Compañía Minera Aurífera Santa Rosa S.A.
";LA LIBERTAD;SANTIAGO DE CHUCO;ANGASMARCA;17;826618;9103412;3329;Categoría 1 A2
34194;RedMonitoreo_cuenca Santa_OK.xls;Huarmey Chicama;Santiago De Chuco;Cuenca Santa;1376;Quebrada;Monterón;QMont1;"Quebrada Monterón, después de la confluencia con la quebrada La Verde y Huaygorral
";LA LIBERTAD;SANTIAGO DE CHUCO;CACHICADAN;17;829187;9110195;3540;Categoría 1 A2
34195;RedMonitoreo_cuenca Santa_OK.xls;Huarmey Chicama;Santiago De Chuco;Cuenca Santa;1376;Quebrada;Inchaca;QInch1;"Quebrada Inchaca, antes de confluencia con la quebrada Huanca Pamba
";LA LIBERTAD;SANTIAGO DE CHUCO;QUIRUVILCA;17;813357;9115593;3565;Categoría 1 A2
34196;RedMonitoreo_cuenca Santa_OK.xls;Huarmey Chicama;Santiago De Chuco;Cuenca Santa;1376;Quebrada;Huanca Pamba;QHpam1;"Quebrada Huanca Pamba, antes de la confluencia con la quebrada Inchaca.
";LA LIBERTAD;SANTIAGO DE CHUCO;QUIRUVILCA;17;812447;9115061;3588;Categoría 1 A2
