ID_registro;X;Y;ID;EUM;TIPO;SUBTIPO;CUENCA;REGIÓN;PROVINCIA;DISTRITO;ESTE;NORTE;ZONA;DATUM;GENERADOR;RESPONSABL;E_AMB;RIESGO;NIVEL_R
35260;-77.5237946973012;-9.75647853814289;216.00000000000;JESUS;LABOR MINERA;BOCAMINA;SANTA;ANCASH;RECUAY;RECUAY;223115.00000000000;8920478.00000000000;18.00000000000;WGS84;NO IDENTIFICADO;COMPAÑIA MINERA LINCUNA S.A.;PCPAM DE LA UNIDAD MINERA LINCUNA UNO;Medio;3
35261;-77.5240973308692;-9.75674738695928;217.00000000000;JESUS;RESIDUO MINERO;DESMONTE DE MINA;SANTA;ANCASH;RECUAY;RECUAY;223082.00000000000;8920448.00000000000;18.00000000000;WGS84;NO IDENTIFICADO;COMPAÑIA MINERA LINCUNA S.A.;PCPAM DE LA UNIDAD MINERA LINCUNA UNO;Medio;3
35262;-76.9646497989037;-9.45525277225717;218.00000000000;JINHUA;RESIDUO MINERO;DESMONTE DE MINA;ALTO MARAÑON;ANCASH;HUARI;HUACHIS;284294.00000000000;8954208.00000000000;18.00000000000;WGS84;NO IDENTIFICADO;---;---;Bajo;2
35263;-77.5512179634306;-9.75705135278507;272.00000000000;QUEBRADA HERCULES;LABOR MINERA;BOCAMINA;HUARMEY;ANCASH;AIJA;AIJA;220105.00000000000;8920392.00000000000;18.00000000000;WGS84;NO IDENTIFICADO;---;---;Alto;4
35264;-77.0816501299998;-9.50225121893219;292.00000000000;CONTONGA;RESIDUO MINERO;RELAVES;ALTO MARAÑON;ANCASH;HUARI;SAN MARCOS;271474.00000000000;8948934.00000000000;18.00000000000;WGS84;NO IDENTIFICADO;NYRSTAR ANCASH S.A.;PCPAM DEL ANTIGUO DEPÓSITO DE RELAVES CONTONGA.;Medio;3
35265;-77.4731587365523;-9.76688071402272;327.00000000000;EL TRIUNFO 1;LABOR MINERA;BOCAMINA;SANTA;ANCASH;RECUAY;TICAPAMPA;228682.00000000000;8919368.00000000000;18.00000000000;WGS84;IDENTIFICADO;COMPAÑIA MINERA LINCUNA S.A.;PCPAM DE LA UNIDAD MINERA LINCUNA DOS;Muy alto;5
35266;-77.2611725205973;-9.3773942351323;336.00000000000;ESPARTA;LABOR MINERA;BOCAMINA;ALTO MARAÑON;ANCASH;HUARI;HUARI;251667.00000000000;8962625.00000000000;18.00000000000;WGS84;IDENTIFICADO;---;---;Muy alto;5
35267;-77.2609727189131;-9.37745877900602;338.00000000000;ESPARTA;RESIDUO MINERO;DESMONTE DE MINA;ALTO MARAÑON;ANCASH;HUARI;HUARI;251689.00000000000;8962618.00000000000;18.00000000000;WGS84;IDENTIFICADO;---;---;Alto;4
35268;-77.7929007712404;-8.19123876568551;342.00000000000;HUACHARA;RESIDUO MINERO;DESMONTE DE MINA;SANTA;ANCASH;PALLASCA;PAMPAS;192252.00000000000;9093491.00000000000;18.00000000000;WGS84;NO IDENTIFICADO;---;---;Bajo;2
35269;-77.1612512143927;-9.86053845046384;432.00000000000;HUARAPASCA;RESIDUO MINERO;DESMONTE DE MINA;PATIVILCA;ANCASH;BOLOGNESI;AQUIA;262983.00000000000;8909241.00000000000;18.00000000000;WGS84;NO IDENTIFICADO;---;---;Medio;3
35270;-77.5275870969726;-9.78099314299902;540.00000000000;BOCAMINAS TAJEOS Y DESMONTES KARAN;LABOR MINERA;BOCAMINA;HUARMEY;ANCASH;AIJA;AIJA;222719.00000000000;8917762.00000000000;18.00000000000;WGS84;NO IDENTIFICADO;---;---;Medio;3
35271;-77.2107217689882;-9.29454972836398;577.00000000000;KATANGA 1;RESIDUO MINERO;DESMONTE DE MINA;ALTO MARAÑON;ANCASH;HUARI;HUARI;257153.00000000000;8971826.00000000000;18.00000000000;WGS84;NO IDENTIFICADO;MINEM;---;Medio;3
35272;-77.686747040502;-9.18248803040822;608.00000000000;APACHICA (DE CARBON);LABOR MINERA;BOCAMINA;SANTA;ANCASH;YUNGAY;MANCOS;204735.00000000000;8983867.00000000000;18.00000000000;WGS84;NO IDENTIFICADO;---;---;Bajo;2
35273;-77.1121755599548;-9.86726697393789;610.00000000000;APARIPASHA;LABOR MINERA;TAJO;PATIVILCA;ANCASH;BOLOGNESI;AQUIA;268372.00000000000;8908531.00000000000;18.00000000000;WGS84;NO IDENTIFICADO;---;---;Medio;3
35274;-77.5077496357303;-9.62116680772161;794.00000000000;CARMENCITA;LABOR MINERA;BOCAMINA;SANTA;ANCASH;HUARAZ;HUARAZ;224766.00000000000;8935465.00000000000;18.00000000000;WGS84;NO IDENTIFICADO;---;---;Medio;3
35275;-77.1573693883951;-9.86628472348997;824.00000000000;CARBON HUARAPASCA;LABOR MINERA;BOCAMINA;PATIVILCA;ANCASH;BOLOGNESI;AQUIA;263413.00000000000;8908608.00000000000;18.00000000000;WGS84;NO IDENTIFICADO;---;---;Bajo;2
35276;-76.9774760146249;-9.88964358407237;908.00000000000;SAN FRANCISCO 2;LABOR MINERA;BOCAMINA;ALTO MARAÑON;ANCASH;BOLOGNESI;HUALLANCA;283164.00000000000;8906146.00000000000;18.00000000000;WGS84;NO IDENTIFICADO;---;---;Muy alto;5
35277;-76.978741938925;-9.88943726823875;909.00000000000;SAN FRANCISCO 2;RESIDUO MINERO;DESMONTE DE MINA;ALTO MARAÑON;ANCASH;BOLOGNESI;HUALLANCA;283025.00000000000;8906168.00000000000;18.00000000000;WGS84;NO IDENTIFICADO;---;---;Medio;3
35278;-77.5413993147557;-9.75479340312332;952.00000000000;QUEBRADA HERCULES;LABOR MINERA;BOCAMINA;HUARMEY;ANCASH;AIJA;AIJA;221181.00000000000;8920650.00000000000;18.00000000000;WGS84;NO IDENTIFICADO;COMPAÑIA MINERA LINCUNA S.A.;PAD LINCUNA;Medio;3
35279;-77.5465074521129;-9.76290593579547;963.00000000000;QUEBRADA HERCULES;LABOR MINERA;TAJEO COMUNICADO;HUARMEY;ANCASH;AIJA;AIJA;220627.00000000000;8919748.00000000000;18.00000000000;WGS84;NO IDENTIFICADO;---;---;Medio;3
35280;-77.55120926744;-9.75710563511136;964.00000000000;QUEBRADA HERCULES;RESIDUO MINERO;DESMONTE DE MINA;HUARMEY;ANCASH;AIJA;AIJA;220106.00000000000;8920386.00000000000;18.00000000000;WGS84;NO IDENTIFICADO;---;---;Alto;4
35281;-77.5417995487023;-9.75471812700965;965.00000000000;QUEBRADA HERCULES;LABOR MINERA;BOCAMINA;HUARMEY;ANCASH;AIJA;AIJA;221137.00000000000;8920658.00000000000;18.00000000000;WGS84;NO IDENTIFICADO;---;---;Medio;3
35282;-77.5548849635367;-9.76249978535754;967.00000000000;QUEBRADA HERCULES;LABOR MINERA;BOCAMINA;HUARMEY;ANCASH;AIJA;AIJA;219707.00000000000;8919786.00000000000;18.00000000000;WGS84;NO IDENTIFICADO;---;---;Bajo;2
35283;-77.3520289399986;-9.30628125591912;1027.00000000000;TOMA LA MANO;RESIDUO MINERO;DESMONTE DE MINA;SANTA;ANCASH;CARHUAZ;MARCARA;241631.00000000000;8970428.00000000000;18.00000000000;WGS84;NO IDENTIFICADO;---;---;Alto;4
35284;-77.5521358464653;-9.76155353527589;1048.00000000000;QUEBRADA HERCULES;LABOR MINERA;TAJO;HUARMEY;ANCASH;AIJA;AIJA;220008.00000000000;8919893.00000000000;18.00000000000;WGS84;NO IDENTIFICADO;---;---;Medio;3
35285;-77.5321982609059;-9.75831379568196;1049.00000000000;QUEBRADA HERCULES;LABOR MINERA;TRINCHERA;HUARMEY;ANCASH;AIJA;AIJA;222194.00000000000;8920268.00000000000;18.00000000000;WGS84;NO IDENTIFICADO;COMPAÑIA MINERA LINCUNA S.A.;PCPAM UNIDAD MINERA LINCUNA UNO;Bajo;2
35286;-77.4630737130147;-9.72092050116528;1078.00000000000;WILSON;LABOR MINERA;BOCAMINA;SANTA;ANCASH;RECUAY;RECUAY;229752.00000000000;8924462.00000000000;18.00000000000;WGS84;NO IDENTIFICADO;---;---;Bajo;2
35287;-77.0728699443557;-9.92367952687984;1124.00000000000;SANTA TERESITA;LABOR MINERA;BOCAMINA;PATIVILCA;ANCASH;BOLOGNESI;AQUIA;272723.00000000000;8902317.00000000000;18.00000000000;WGS84;NO IDENTIFICADO;ACTIVOS MINEROS S.A.C.;---;Medio;3
35288;-77.0716412279221;-9.92400348921977;1125.00000000000;SANTA TERESITA;LABOR MINERA;BOCAMINA;PATIVILCA;ANCASH;BOLOGNESI;AQUIA;272858.00000000000;8902282.00000000000;18.00000000000;WGS84;NO IDENTIFICADO;ACTIVOS MINEROS S.A.C.;---;Alto;4
35289;-77.0822502114014;-9.92932496681876;1126.00000000000;SANTA TERESITA;RESIDUO MINERO;RELAVES;PATIVILCA;ANCASH;BOLOGNESI;AQUIA;271698.00000000000;8901686.00000000000;18.00000000000;WGS84;NO IDENTIFICADO;---;---;Insignificante;1
35290;-77.5820910097121;-9.39358689253347;1129.00000000000;SANTA ROSA DE JANGAS;RESIDUO MINERO;RELAVES;SANTA;ANCASH;HUARAZ;JANGAS;216414.00000000000;8960590.00000000000;18.00000000000;WGS84;NO IDENTIFICADO;---;---;Medio;3
35291;-77.5840623535614;-9.48715042039264;1137.00000000000;SANTO TORIBIO 2;LABOR MINERA;TAJO;SANTA;ANCASH;HUARAZ;INDEPENDENCIA;216274.00000000000;8950234.00000000000;18.00000000000;WGS84;NO IDENTIFICADO;---;---;Muy alto;5
35292;-77.5889346529377;-9.49117159246618;1138.00000000000;SANTO TORIBIO 2;RESIDUO MINERO;DESMONTE DE MINA;SANTA;ANCASH;HUARAZ;INDEPENDENCIA;215742.00000000000;8949785.00000000000;18.00000000000;WGS84;NO IDENTIFICADO;---;---;Bajo;2
35293;-77.5884757213112;-9.49065993395115;1139.00000000000;SANTO TORIBIO 2;RESIDUO MINERO;DESMONTE DE MINA;SANTA;ANCASH;HUARAZ;INDEPENDENCIA;215792.00000000000;8949842.00000000000;18.00000000000;WGS84;NO IDENTIFICADO;---;---;Medio;3
35294;-77.5823848497144;-9.39394619015892;1153.00000000000;SANTA ROSA DE JANGAS;INFRAESTRUCTURA;PLANTAS DE PROCESAMIENTO;SANTA;ANCASH;HUARAZ;JANGAS;216382.00000000000;8960550.00000000000;18.00000000000;WGS84;NO IDENTIFICADO;---;---;Bajo;2
35295;-77.5901883894242;-9.49086412027303;1155.00000000000;SANTO TORIBIO 2;RESIDUO MINERO;DESMONTE DE MINA;SANTA;ANCASH;HUARAZ;INDEPENDENCIA;215604.00000000000;8949818.00000000000;18.00000000000;WGS84;NO IDENTIFICADO;---;---;Bajo;2
35296;-77.5894078518757;-9.49115905338026;1192.00000000000;SANTO TORIBIO 2;RESIDUO MINERO;DESMONTE DE MINA;SANTA;ANCASH;HUARAZ;INDEPENDENCIA;215690.00000000000;8949786.00000000000;18.00000000000;WGS84;NO IDENTIFICADO;---;---;Bajo;2
35297;-77.5880633952629;-9.48908167437502;1193.00000000000;SANTO TORIBIO 2;RESIDUO MINERO;DESMONTE DE MINA;SANTA;ANCASH;HUARAZ;INDEPENDENCIA;215836.00000000000;8950017.00000000000;18.00000000000;WGS84;NO IDENTIFICADO;---;---;Alto;4
35298;-77.220885354173;-9.8944148117099;1195.00000000000;SANTON;LABOR MINERA;BOCAMINA;SANTA;ANCASH;RECUAY;CATAC;256465.00000000000;8905450.00000000000;18.00000000000;WGS84;NO IDENTIFICADO;ACTIVOS MINEROS S.A.C.;---;Bajo;2
35299;-77.0089113774374;-9.9901284437205;1231.00000000000;MERCEDES 2;LABOR MINERA;BOCAMINA;SANTA;ANCASH;RECUAY;CATAC;279783.00000000000;8895009.00000000000;18.00000000000;WGS84;NO IDENTIFICADO;---;---;Medio;3
35300;-77.0088565552085;-9.99011069576114;1232.00000000000;MERCEDES 2;RESIDUO MINERO;DESMONTE DE MINA;SANTA;ANCASH;RECUAY;CATAC;279789.00000000000;8895011.00000000000;18.00000000000;WGS84;NO IDENTIFICADO;---;---;Medio;3
35301;-77.2035060754946;-9.95893599329973;1238.00000000000;MAGISTRAL;RESIDUO MINERO;DESMONTE DE MINA;SANTA;ANCASH;BOLOGNESI;AQUIA;258419.00000000000;8898324.00000000000;18.00000000000;WGS84;NO IDENTIFICADO;---;---;Bajo;2
35302;-77.9990193293635;-8.35710388115059;1380.00000000000;MONTECRISTO;LABOR MINERA;BOCAMINA;SANTA;ANCASH;PALLASCA;BOLOGNESI;169659.00000000000;9074966.00000000000;18.00000000000;WGS84;NO IDENTIFICADO;---;---;Bajo;2
35303;-77.8514849980001;-8.17270528470155;1406.00000000000;PLANTA CONSUSO;RESIDUO MINERO;RELAVES;SANTA;ANCASH;PALLASCA;PAMPAS;185777.00000000000;9095497.00000000000;18.00000000000;WGS84;NO IDENTIFICADO;ACTIVOS MINEROS S.A.C.;---;Alto;4
35304;-77.9199347344363;-8.74596822285402;1414.00000000000;PLANTA CONCENTRADORA TUNGSTENO PERUANA;RESIDUO MINERO;RELAVES;SANTA;ANCASH;CORONGO;LA PAMPA;178704.00000000000;9031987.00000000000;18.00000000000;WGS84;NO IDENTIFICADO;---;---;Medio;3
35305;-77.4256918858847;-9.78404930764798;1418.00000000000;PLANTA CONCENTRADORA MESAPATA;INFRAESTRUCTURA;PLANTAS DE PROCESAMIENTO;SANTA;ANCASH;RECUAY;CATAC;233906.00000000000;8917506.00000000000;18.00000000000;WGS84;NO IDENTIFICADO;---;---;Insignificante;1
35306;-77.8527024195153;-8.17304001039658;1419.00000000000;PLANTA CONSUSO;INFRAESTRUCTURA;PLANTAS DE PROCESAMIENTO;SANTA;ANCASH;PALLASCA;PAMPAS;185643.00000000000;9095459.00000000000;18.00000000000;WGS84;NO IDENTIFICADO;ACTIVOS MINEROS S.A.C.;---;Medio;3
35307;-77.9197231507338;-8.74561753177537;1428.00000000000;PLANTA CONCENTRADORA TUNGSTENO PERUANA;INFRAESTRUCTURA;PLANTAS DE PROCESAMIENTO;SANTA;ANCASH;CORONGO;LA PAMPA;178727.00000000000;9032026.00000000000;18.00000000000;WGS84;NO IDENTIFICADO;---;---;Medio;3
35308;-77.4529709497603;-9.7594268631934;1436.00000000000;ALIANZA;RESIDUO MINERO;DESMONTE DE MINA;SANTA;ANCASH;RECUAY;TICAPAMPA;230892.00000000000;8920209.00000000000;18.00000000000;WGS84;NO IDENTIFICADO;---;---;Alto;4
35309;-77.4523618084327;-9.75959391376587;1437.00000000000;ALIANZA;INFRAESTRUCTURA;PLANTAS DE PROCESAMIENTO;SANTA;ANCASH;RECUAY;TICAPAMPA;230959.00000000000;8920191.00000000000;18.00000000000;WGS84;NO IDENTIFICADO;---;---;Bajo;2
35310;-77.4290405576841;-9.81852854595277;1438.00000000000;CHAHUAPAMPA;RESIDUO MINERO;RELAVES;SANTA;ANCASH;RECUAY;CATAC;233566.00000000000;8913688.00000000000;18.00000000000;WGS84;NO IDENTIFICADO;ACTIVOS MINEROS S.A.C.;---;Muy alto;5
35311;-77.2061925833956;-10.0556996132665;1440.00000000000;PLANTA CONC. EL MOJON;RESIDUO MINERO;RELAVES;SANTA;ANCASH;BOLOGNESI;AQUIA;258196.00000000000;8887616.00000000000;18.00000000000;WGS84;NO IDENTIFICADO;ACTIVOS MINEROS S.A.C.;---;Muy alto;5
35312;-77.4258443242148;-9.78120156342005;1444.00000000000;PLANTA CONCENTRADORA MESAPATA;RESIDUO MINERO;RELAVES;SANTA;ANCASH;RECUAY;CATAC;233887.00000000000;8917821.00000000000;18.00000000000;WGS84;NO IDENTIFICADO;---;---;Muy alto;5
35313;-77.4255870167154;-9.783408429214;1450.00000000000;PLANTA CONCENTRADORA MESAPATA;RESIDUO MINERO;RELAVES;SANTA;ANCASH;RECUAY;CATAC;233917.00000000000;8917577.00000000000;18.00000000000;WGS84;NO IDENTIFICADO;---;---;Alto;4
35314;-77.4298033930333;-9.81817966751449;1452.00000000000;CHAHUAPAMPA;INFRAESTRUCTURA;PLANTAS DE PROCESAMIENTO;SANTA;ANCASH;RECUAY;CATAC;233482.00000000000;8913726.00000000000;18.00000000000;WGS84;NO IDENTIFICADO;---;---;Bajo;2
35315;-77.805231349074;-8.16368676993608;1453.00000000000;PUSHAQUILCA;LABOR MINERA;BOCAMINA;SANTA;ANCASH;PALLASCA;PAMPAS;190871.00000000000;9096531.00000000000;18.00000000000;WGS84;IDENTIFICADO;ACTIVOS MINEROS S.A.C.;PCPAM DE LA EUM PUSHAQUILCA;Medio;3
35316;-77.81474247849;-8.17004455700591;1464.00000000000;PUSHAQUILCA;LABOR MINERA;BOCAMINA;SANTA;ANCASH;PALLASCA;PAMPAS;189827.00000000000;9095820.00000000000;18.00000000000;WGS84;IDENTIFICADO;ACTIVOS MINEROS S.A.C.;PCPAM DE LA EUM PUSHAQUILCA;Muy alto;5
35317;-77.8043789071379;-8.16367460908402;1466.00000000000;PUSHAQUILCA;LABOR MINERA;BOCAMINA;SANTA;ANCASH;PALLASCA;PAMPAS;190965.00000000000;9096533.00000000000;18.00000000000;WGS84;IDENTIFICADO;ACTIVOS MINEROS S.A.C.;PCPAM DE LA EUM PUSHAQUILCA;Medio;3
35318;-77.8053421743191;-8.16397512183689;1467.00000000000;PUSHAQUILCA;RESIDUO MINERO;DESMONTE DE MINA;SANTA;ANCASH;PALLASCA;PAMPAS;190859.00000000000;9096499.00000000000;18.00000000000;WGS84;IDENTIFICADO;ACTIVOS MINEROS S.A.C.;PCPAM DE LA EUM PUSHAQUILCA;Alto;4
35319;-77.8060251166524;-8.16438599615635;1468.00000000000;PUSHAQUILCA;RESIDUO MINERO;DESMONTE DE MINA;SANTA;ANCASH;PALLASCA;PAMPAS;190784.00000000000;9096453.00000000000;18.00000000000;WGS84;IDENTIFICADO;ACTIVOS MINEROS S.A.C.;PCPAM DE LA EUM PUSHAQUILCA;Alto;4
35320;-77.8156090009025;-8.17077035272128;1469.00000000000;PUSHAQUILCA;INFRAESTRUCTURA;CAMPAMENTOS, OFICINAS, TALLERES;SANTA;ANCASH;PALLASCA;PAMPAS;189732.00000000000;9095739.00000000000;18.00000000000;WGS84;IDENTIFICADO;ACTIVOS MINEROS S.A.C.;PCPAM DE LA EUM PUSHAQUILCA;Medio;3
35321;-77.7874432098048;-8.16407172550553;1474.00000000000;PUSHAS;LABOR MINERA;BOCAMINA;SANTA;ANCASH;PALLASCA;PAMPAS;192833.00000000000;9096502.00000000000;18.00000000000;WGS84;NO IDENTIFICADO;---;---;Bajo;2
35322;-77.9989011426335;-8.35706864360453;1527.00000000000;MONTECRISTO;RESIDUO MINERO;DESMONTE DE MINA;SANTA;ANCASH;PALLASCA;BOLOGNESI;169672.00000000000;9074970.00000000000;18.00000000000;WGS84;NO IDENTIFICADO;---;---;Bajo;2
35323;-77.199659933496;-9.96727656795434;1551.00000000000;PARARRAYO;RESIDUO MINERO;DESMONTE DE MINA;SANTA;ANCASH;RECUAY;CATAC;258847.00000000000;8897404.00000000000;18.00000000000;WGS84;NO IDENTIFICADO;---;---;Medio;3
35324;-77.1994611824148;-9.96754902639432;1559.00000000000;PARARRAYO;LABOR MINERA;BOCAMINA;SANTA;ANCASH;RECUAY;CATAC;258869.00000000000;8897374.00000000000;18.00000000000;WGS84;NO IDENTIFICADO;---;---;Bajo;2
35325;-77.1997149372683;-9.96732139685423;1561.00000000000;PARARRAYO;LABOR MINERA;BOCAMINA;SANTA;ANCASH;BOLOGNESI;AQUIA;258841.00000000000;8897399.00000000000;18.00000000000;WGS84;NO IDENTIFICADO;---;---;Medio;3
35326;-77.1994241697841;-9.96746792574472;1583.00000000000;PARARRAYO;RESIDUO MINERO;DESMONTE DE MINA;SANTA;ANCASH;BOLOGNESI;AQUIA;258873.00000000000;8897383.00000000000;18.00000000000;WGS84;NO IDENTIFICADO;---;---;Medio;3
35327;-77.4445683322714;-9.75398381904548;1600.00000000000;ALIANZA;RESIDUO MINERO;RELAVES;SANTA;ANCASH;RECUAY;TICAPAMPA;231810.00000000000;8920818.00000000000;18.00000000000;WGS84;IDENTIFICADO;COMPAÑIA MINERA YAHUARCOCHA S.A.C.;PCPAM DEL DEPÓSITO DE RELAVES TICAPAMPA;Muy alto;5
35328;-77.4567637216293;-9.08037150963218;1601.00000000000;LA DESCUIDADA;RESIDUO MINERO;DESMONTE DE MINA;ALTO MARAÑON;ANCASH;YUNGAY;YANAMA;229948.00000000000;8995348.00000000000;18.00000000000;WGS84;NO IDENTIFICADO;S.M.R.L. LA DESCUIDADA DE HUARAZ;PCPAM EN LAS CONCESIONES LA DESCUIDADA, LA DESCUIDADA 2 Y LA DESCUIDADA 3;Medio;3
35329;-77.6845896098263;-8.60507337558386;2126.00000000000;RACAYCOCHA;LABOR MINERA;BOCAMINA;ALTO MARAÑON;ANCASH;SIHUAS;SAN JUAN;204509.00000000000;9047773.00000000000;18.00000000000;WGS84;NO IDENTIFICADO;---;---;Bajo;2
35330;-77.68475276519;-8.60503609338194;2127.00000000000;RACAYCOCHA;LABOR MINERA;BOCAMINA;ALTO MARAÑON;ANCASH;SIHUAS;CASHAPAMPA;204491.00000000000;9047777.00000000000;18.00000000000;WGS84;NO IDENTIFICADO;---;---;Bajo;2
35331;-77.2165879551711;-9.97904074458532;2187.00000000000;JHON RAFAEL III;LABOR MINERA;BOCAMINA;SANTA;ANCASH;BOLOGNESI;AQUIA;256999.00000000000;8896090.00000000000;18.00000000000;WGS84;NO IDENTIFICADO;---;---;Medio;3
35332;-77.2166514684576;-9.97899513136741;2188.00000000000;JHON RAFAEL III;RESIDUO MINERO;DESMONTE DE MINA;SANTA;ANCASH;BOLOGNESI;AQUIA;256992.00000000000;8896095.00000000000;18.00000000000;WGS84;NO IDENTIFICADO;---;---;Medio;3
35333;-77.1034783329197;-9.88567027026808;2191.00000000000;APARRE;LABOR MINERA;BOCAMINA;PATIVILCA;ANCASH;BOLOGNESI;AQUIA;269339.00000000000;8906501.00000000000;18.00000000000;WGS84;NO IDENTIFICADO;ACTIVOS MINEROS S.A.C.;---;Alto;4
35334;-77.107142699094;-9.88709355238439;2194.00000000000;APARRE;LABOR MINERA;BOCAMINA;PATIVILCA;ANCASH;BOLOGNESI;AQUIA;268938.00000000000;8906341.00000000000;18.00000000000;WGS84;NO IDENTIFICADO;ACTIVOS MINEROS S.A.C.;---;Alto;4
35335;-77.7832060155232;-9.1057383917702;2201.00000000000;EL FERROL 27;RESIDUO MINERO;DESMONTE DE MINA;SANTA;ANCASH;HUAYLAS;PUEBLO LIBRE;194061.00000000000;8992281.00000000000;18.00000000000;WGS84;NO IDENTIFICADO;---;---;Medio;3
35336;-77.7833872601474;-9.10801378389476;2203.00000000000;EL FERROL 27;RESIDUO MINERO;DESMONTE DE MINA;SANTA;ANCASH;HUAYLAS;PUEBLO LIBRE;194043.00000000000;8992029.00000000000;18.00000000000;WGS84;NO IDENTIFICADO;---;---;Alto;4
35337;-77.4568729442278;-9.08038884869852;2671.00000000000;LA DESCUIDADA;LABOR MINERA;BOCAMINA;ALTO MARAÑON;ANCASH;YUNGAY;YANAMA;229936.00000000000;8995346.00000000000;18.00000000000;WGS84;NO IDENTIFICADO;S.M.R.L. LA DESCUIDADA DE HUARAZ;PCPAM EN LAS CONCESIONES LA DESCUIDADA, LA DESCUIDADA 2 Y LA DESCUIDADA 3;Alto;4
35338;-77.4576069021423;-9.08002242417973;2672.00000000000;LA DESCUIDADA;RESIDUO MINERO;DESMONTE DE MINA;ALTO MARAÑON;ANCASH;YUNGAY;YANAMA;229855.00000000000;8995386.00000000000;18.00000000000;WGS84;NO IDENTIFICADO;S.M.R.L. LA DESCUIDADA DE HUARAZ;PCPAM EN LAS CONCESIONES LA DESCUIDADA, LA DESCUIDADA 2 Y LA DESCUIDADA 3;Bajo;2
35339;-76.9688599920757;-10.0368759382689;3035.00000000000;MINA ATALAYA 1;LABOR MINERA;BOCAMINA;ALTO MARAÑON;ANCASH;BOLOGNESI;HUALLANCA;284206.00000000000;8889864.00000000000;18.00000000000;WGS84;NO IDENTIFICADO;---;---;Bajo;2
35340;-76.9687855525777;-10.0351227160681;3036.00000000000;MINA ATALAYA 1;LABOR MINERA;BOCAMINA;ALTO MARAÑON;ANCASH;BOLOGNESI;HUALLANCA;284213.00000000000;8890058.00000000000;18.00000000000;WGS84;NO IDENTIFICADO;---;---;Bajo;2
35341;-76.9712725631542;-10.0195690450407;3040.00000000000;MINA ATALAYA 1;LABOR MINERA;BOCAMINA;ALTO MARAÑON;ANCASH;BOLOGNESI;HUALLANCA;283930.00000000000;8891777.00000000000;18.00000000000;WGS84;NO IDENTIFICADO;---;---;Bajo;2
35342;-76.9686778270041;-10.0233267949167;3042.00000000000;MINA ATALAYA 1;LABOR MINERA;BOCAMINA;ALTO MARAÑON;ANCASH;BOLOGNESI;HUALLANCA;284217.00000000000;8891363.00000000000;18.00000000000;WGS84;NO IDENTIFICADO;---;---;Bajo;2
35343;-76.9672265269068;-10.0246370886972;3045.00000000000;MINA ATALAYA 1;LABOR MINERA;TRINCHERA;ALTO MARAÑON;ANCASH;BOLOGNESI;HUALLANCA;284377.00000000000;8891219.00000000000;18.00000000000;WGS84;NO IDENTIFICADO;---;---;Bajo;2
35344;-76.9669064637685;-10.0244943529797;3046.00000000000;MINA ATALAYA 1;LABOR MINERA;TRINCHERA;ALTO MARAÑON;ANCASH;BOLOGNESI;HUALLANCA;284412.00000000000;8891235.00000000000;18.00000000000;WGS84;NO IDENTIFICADO;---;---;Bajo;2
35345;-76.966506340019;-10.0246865535528;3048.00000000000;MINA ATALAYA 1;LABOR MINERA;BOCAMINA;ALTO MARAÑON;ANCASH;BOLOGNESI;HUALLANCA;284456.00000000000;8891214.00000000000;18.00000000000;WGS84;NO IDENTIFICADO;---;---;Bajo;2
35346;-76.9651520189667;-10.0254448549596;3051.00000000000;MINA ATALAYA 1;LABOR MINERA;TRINCHERA;ALTO MARAÑON;ANCASH;BOLOGNESI;HUALLANCA;284605.00000000000;8891131.00000000000;18.00000000000;WGS84;NO IDENTIFICADO;---;---;Bajo;2
35347;-77.7122027171288;-8.58405265532654;4643.00000000000;RACAYCOCHA;LABOR MINERA;TAJEO COMUNICADO;ALTO MARAÑON;ANCASH;SIHUAS;CASHAPAMPA;201451.00000000000;9050078.00000000000;18.00000000000;WGS84;NO IDENTIFICADO;---;---;Alto;4
35348;-77.707305204259;-8.55521840013882;4646.00000000000;PUCAPAMPA;LABOR MINERA;BOCAMINA;ALTO MARAÑON;ANCASH;CORONGO;CUSCA;201968.00000000000;9053273.00000000000;18.00000000000;WGS84;NO IDENTIFICADO;---;---;Medio;3
35349;-77.787825944405;-8.16565023779576;4785.00000000000;PUSHAS;RESIDUO MINERO;DESMONTE DE MINA;SANTA;ANCASH;PALLASCA;PAMPAS;192792.00000000000;9096327.00000000000;18.00000000000;WGS84;NO IDENTIFICADO;---;---;Medio;3
35350;-77.787260295905;-8.16384710704918;4787.00000000000;PUSHAS;LABOR MINERA;BOCAMINA;SANTA;ANCASH;PALLASCA;PAMPAS;192853.00000000000;9096527.00000000000;18.00000000000;WGS84;NO IDENTIFICADO;---;---;Medio;3
35351;-77.7890332287832;-8.17105395786382;4789.00000000000;PUSHAS;LABOR MINERA;BOCAMINA;SANTA;ANCASH;PALLASCA;PAMPAS;192663.00000000000;9095728.00000000000;18.00000000000;WGS84;NO IDENTIFICADO;---;---;Medio;3
35352;-77.7932859634678;-8.1905584662498;4792.00000000000;HUACHARA;LABOR MINERA;TAJEO COMUNICADO;SANTA;ANCASH;PALLASCA;PAMPAS;192209.00000000000;9093566.00000000000;18.00000000000;WGS84;NO IDENTIFICADO;---;---;Medio;3
35353;-77.7927928576054;-8.19396811091874;4794.00000000000;HUACHARA;LABOR MINERA;BOCAMINA;SANTA;ANCASH;PALLASCA;PAMPAS;192266.00000000000;9093189.00000000000;18.00000000000;WGS84;NO IDENTIFICADO;---;---;Insignificante;1
35354;-77.792607400587;-8.19338211450222;4795.00000000000;HUACHARA;LABOR MINERA;BOCAMINA;SANTA;ANCASH;PALLASCA;PAMPAS;192286.00000000000;9093254.00000000000;18.00000000000;WGS84;NO IDENTIFICADO;---;---;Insignificante;1
35355;-77.792352726962;-8.19067334958718;4796.00000000000;HUACHARA;LABOR MINERA;BOCAMINA;SANTA;ANCASH;PALLASCA;PAMPAS;192312.00000000000;9093554.00000000000;18.00000000000;WGS84;NO IDENTIFICADO;---;---;Bajo;2
35356;-77.7931700979167;-8.19084839156556;4798.00000000000;HUACHARA;LABOR MINERA;TAJEO COMUNICADO;SANTA;ANCASH;PALLASCA;PAMPAS;192222.00000000000;9093534.00000000000;18.00000000000;WGS84;NO IDENTIFICADO;---;---;Medio;3
35357;-77.7924378112168;-8.1924707444966;4799.00000000000;HUACHARA;LABOR MINERA;BOCAMINA;SANTA;ANCASH;PALLASCA;PAMPAS;192304.00000000000;9093355.00000000000;18.00000000000;WGS84;NO IDENTIFICADO;---;---;Medio;3
35358;-77.7925550836107;-8.19498168844169;4801.00000000000;HUACHARA;LABOR MINERA;BOCAMINA;SANTA;ANCASH;PALLASCA;PAMPAS;192293.00000000000;9093077.00000000000;18.00000000000;WGS84;NO IDENTIFICADO;---;---;Bajo;2
35359;-77.7930280064382;-8.1951771839874;4802.00000000000;HUACHARA;LABOR MINERA;BOCAMINA;SANTA;ANCASH;PALLASCA;PAMPAS;192241.00000000000;9093055.00000000000;18.00000000000;WGS84;NO IDENTIFICADO;---;---;Bajo;2
35360;-77.8048677153491;-8.16355376570147;5031.00000000000;PUSHAQUILCA;LABOR MINERA;BOCAMINA;SANTA;ANCASH;PALLASCA;PAMPAS;190911.00000000000;9096546.00000000000;18.00000000000;WGS84;IDENTIFICADO;ACTIVOS MINEROS S.A.C.;PCPAM DE LA EUM PUSHAQUILCA;Bajo;2
35361;-77.803825745216;-8.16366940764793;5032.00000000000;PUSHAQUILCA;LABOR MINERA;BOCAMINA;SANTA;ANCASH;PALLASCA;PAMPAS;191026.00000000000;9096534.00000000000;18.00000000000;WGS84;IDENTIFICADO;ACTIVOS MINEROS S.A.C.;PCPAM DE LA EUM PUSHAQUILCA;Muy alto;5
35362;-77.8049321319002;-8.16368884433235;5033.00000000000;PUSHAQUILCA;LABOR MINERA;BOCAMINA;SANTA;ANCASH;PALLASCA;PAMPAS;190904.00000000000;9096531.00000000000;18.00000000000;WGS84;IDENTIFICADO;ACTIVOS MINEROS S.A.C.;PCPAM DE LA EUM PUSHAQUILCA;Bajo;2
35363;-77.8042900011853;-8.16392820574607;5034.00000000000;PUSHAQUILCA;RESIDUO MINERO;DESMONTE DE MINA;SANTA;ANCASH;PALLASCA;PAMPAS;190975.00000000000;9096505.00000000000;18.00000000000;WGS84;IDENTIFICADO;ACTIVOS MINEROS S.A.C.;PCPAM DE LA EUM PUSHAQUILCA;Alto;4
35364;-77.803682183423;-8.16388724295896;5035.00000000000;PUSHAQUILCA;RESIDUO MINERO;DESMONTE DE MINA;SANTA;ANCASH;PALLASCA;PAMPAS;191042.00000000000;9096510.00000000000;18.00000000000;WGS84;IDENTIFICADO;ACTIVOS MINEROS S.A.C.;PCPAM DE LA EUM PUSHAQUILCA;Muy alto;5
35365;-77.8148150798838;-8.17005308648954;5036.00000000000;PUSHAQUILCA;RESIDUO MINERO;DESMONTE DE MINA;SANTA;ANCASH;PALLASCA;PAMPAS;189819.00000000000;9095819.00000000000;18.00000000000;WGS84;IDENTIFICADO;ACTIVOS MINEROS S.A.C.;PCPAM DE LA EUM PUSHAQUILCA;Muy alto;5
35366;-77.8052089425763;-8.16437358601785;5037.00000000000;PUSHAQUILCA;RESIDUO MINERO;DESMONTE DE MINA;SANTA;ANCASH;PALLASCA;PAMPAS;190874.00000000000;9096455.00000000000;18.00000000000;WGS84;IDENTIFICADO;ACTIVOS MINEROS S.A.C.;PCPAM DE LA EUM PUSHAQUILCA;Medio;3
35367;-77.8151923457182;-8.17212849425348;5038.00000000000;PUSHAQUILCA;RESIDUO MINERO;RELAVES;SANTA;ANCASH;PALLASCA;PAMPAS;189779.00000000000;9095589.00000000000;18.00000000000;WGS84;IDENTIFICADO;ACTIVOS MINEROS S.A.C.;PCPAM DE LA EUM PUSHAQUILCA;Muy alto;5
35368;-77.8038861257134;-8.16322627326188;5039.00000000000;PUSHAQUILCA;INFRAESTRUCTURA;NO DETERMINADO;SANTA;ANCASH;PALLASCA;PAMPAS;191019.00000000000;9096583.00000000000;18.00000000000;WGS84;IDENTIFICADO;ACTIVOS MINEROS S.A.C.;PCPAM DE LA EUM PUSHAQUILCA;Medio;3
35369;-77.8146954244236;-8.17109293722896;5040.00000000000;PUSHAQUILCA;INFRAESTRUCTURA;CAMPAMENTOS, OFICINAS, TALLERES;SANTA;ANCASH;PALLASCA;PAMPAS;189833.00000000000;9095704.00000000000;18.00000000000;WGS84;IDENTIFICADO;ACTIVOS MINEROS S.A.C.;PCPAM DE LA EUM PUSHAQUILCA;Bajo;2
35370;-77.8145136986845;-8.17103999285996;5041.00000000000;PUSHAQUILCA;INFRAESTRUCTURA;CAMPAMENTOS, OFICINAS, TALLERES;SANTA;ANCASH;PALLASCA;PAMPAS;189853.00000000000;9095710.00000000000;18.00000000000;WGS84;IDENTIFICADO;ACTIVOS MINEROS S.A.C.;PCPAM DE LA EUM PUSHAQUILCA;Bajo;2
35371;-77.805290903524;-8.16702027521452;5042.00000000000;PUSHAQUILCA;INFRAESTRUCTURA;CAMPAMENTOS, OFICINAS, TALLERES;SANTA;ANCASH;PALLASCA;PAMPAS;190867.00000000000;9096162.00000000000;18.00000000000;WGS84;IDENTIFICADO;ACTIVOS MINEROS S.A.C.;PCPAM DE LA EUM PUSHAQUILCA;Bajo;2
35372;-77.8043822211006;-8.16674649136784;5043.00000000000;PUSHAQUILCA;INFRAESTRUCTURA;CAMPAMENTOS, OFICINAS, TALLERES;SANTA;ANCASH;PALLASCA;PAMPAS;190967.00000000000;9096193.00000000000;18.00000000000;WGS84;IDENTIFICADO;ACTIVOS MINEROS S.A.C.;PCPAM DE LA EUM PUSHAQUILCA;Bajo;2
35373;-77.8040560198775;-8.16418280791065;5044.00000000000;PUSHAQUILCA;INFRAESTRUCTURA;CAMPAMENTOS, OFICINAS, TALLERES;SANTA;ANCASH;PALLASCA;PAMPAS;191001.00000000000;9096477.00000000000;18.00000000000;WGS84;IDENTIFICADO;ACTIVOS MINEROS S.A.C.;PCPAM DE LA EUM PUSHAQUILCA;Bajo;2
35374;-77.8146706373335;-8.17014444145826;5045.00000000000;PUSHAQUILCA;INFRAESTRUCTURA;PLANTAS DE PROCESAMIENTO;SANTA;ANCASH;PALLASCA;PAMPAS;189835.00000000000;9095809.00000000000;18.00000000000;WGS84;IDENTIFICADO;ACTIVOS MINEROS S.A.C.;PCPAM DE LA EUM PUSHAQUILCA;Medio;3
35375;-77.7932040059076;-8.19440798194938;5047.00000000000;HUACHARA;LABOR MINERA;BOCAMINA;SANTA;ANCASH;PALLASCA;PAMPAS;192221.00000000000;9093140.00000000000;18.00000000000;WGS84;NO IDENTIFICADO;---;---;Bajo;2
35376;-77.793100600957;-8.19388466318876;5048.00000000000;HUACHARA;LABOR MINERA;BOCAMINA;SANTA;ANCASH;PALLASCA;PAMPAS;192232.00000000000;9093198.00000000000;18.00000000000;WGS84;NO IDENTIFICADO;---;---;Bajo;2
35377;-77.7931647072492;-8.19397456995317;5049.00000000000;HUACHARA;LABOR MINERA;BOCAMINA;SANTA;ANCASH;PALLASCA;PAMPAS;192225.00000000000;9093188.00000000000;18.00000000000;WGS84;NO IDENTIFICADO;---;---;Bajo;2
35378;-77.793170496397;-8.1935047052037;5050.00000000000;HUACHARA;LABOR MINERA;BOCAMINA;SANTA;ANCASH;PALLASCA;PAMPAS;192224.00000000000;9093240.00000000000;18.00000000000;WGS84;NO IDENTIFICADO;---;---;Bajo;2
35379;-77.7932079031785;-8.19366707765877;5051.00000000000;HUACHARA;LABOR MINERA;BOCAMINA;SANTA;ANCASH;PALLASCA;PAMPAS;192220.00000000000;9093222.00000000000;18.00000000000;WGS84;NO IDENTIFICADO;---;---;Bajo;2
35380;-77.7931988240896;-8.1923660877005;5052.00000000000;HUACHARA;LABOR MINERA;TAJEO COMUNICADO;SANTA;ANCASH;PALLASCA;PAMPAS;192220.00000000000;9093366.00000000000;18.00000000000;WGS84;NO IDENTIFICADO;---;---;Medio;3
35381;-77.7933522222836;-8.19225660403527;5053.00000000000;HUACHARA;LABOR MINERA;BOCAMINA;SANTA;ANCASH;PALLASCA;PAMPAS;192203.00000000000;9093378.00000000000;18.00000000000;WGS84;NO IDENTIFICADO;---;---;Medio;3
35382;-77.7933686558868;-8.19201254281115;5054.00000000000;HUACHARA;LABOR MINERA;TAJEO COMUNICADO;SANTA;ANCASH;PALLASCA;PAMPAS;192201.00000000000;9093405.00000000000;18.00000000000;WGS84;NO IDENTIFICADO;---;---;Alto;4
35383;-77.7931192834007;-8.19136374364327;5056.00000000000;HUACHARA;LABOR MINERA;BOCAMINA;SANTA;ANCASH;PALLASCA;PAMPAS;192228.00000000000;9093477.00000000000;18.00000000000;WGS84;NO IDENTIFICADO;---;---;Bajo;2
35384;-77.7933691503053;-8.19078376733979;5058.00000000000;HUACHARA;LABOR MINERA;TAJEO COMUNICADO;SANTA;ANCASH;PALLASCA;PAMPAS;192200.00000000000;9093541.00000000000;18.00000000000;WGS84;NO IDENTIFICADO;---;---;Bajo;2
35385;-77.7930492530157;-8.19042457918271;5061.00000000000;HUACHARA;LABOR MINERA;TAJEO COMUNICADO;SANTA;ANCASH;PALLASCA;PAMPAS;192235.00000000000;9093581.00000000000;18.00000000000;WGS84;NO IDENTIFICADO;---;---;Medio;3
35386;-77.7934319951707;-8.19069298118604;5063.00000000000;HUACHARA;LABOR MINERA;TAJEO COMUNICADO;SANTA;ANCASH;PALLASCA;PAMPAS;192193.00000000000;9093551.00000000000;18.00000000000;WGS84;NO IDENTIFICADO;---;---;Medio;3
35387;-77.7922919857294;-8.19496544076522;5065.00000000000;HUACHARA;RESIDUO MINERO;DESMONTE DE MINA;SANTA;ANCASH;PALLASCA;PAMPAS;192322.00000000000;9093079.00000000000;18.00000000000;WGS84;NO IDENTIFICADO;---;---;Bajo;2
35388;-77.7926240866182;-8.19317419177994;5067.00000000000;HUACHARA;RESIDUO MINERO;DESMONTE DE MINA;SANTA;ANCASH;PALLASCA;PAMPAS;192284.00000000000;9093277.00000000000;18.00000000000;WGS84;NO IDENTIFICADO;---;---;Medio;3
35389;-77.7924919756213;-8.1937352826308;5069.00000000000;HUACHARA;RESIDUO MINERO;DESMONTE DE MINA;SANTA;ANCASH;PALLASCA;PAMPAS;192299.00000000000;9093215.00000000000;18.00000000000;WGS84;NO IDENTIFICADO;---;---;Bajo;2
35390;-77.7929220505308;-8.1903893196635;5073.00000000000;HUACHARA;RESIDUO MINERO;DESMONTE DE MINA;SANTA;ANCASH;PALLASCA;PAMPAS;192249.00000000000;9093585.00000000000;18.00000000000;WGS84;NO IDENTIFICADO;---;---;Bajo;2
35391;-78.0005952161557;-8.80380073703574;5077.00000000000;CERRO PATARA;LABOR MINERA;CHIMENEA;SANTA;ANCASH;SANTA;MACATE;169872.00000000000;9025515.00000000000;18.00000000000;WGS84;NO IDENTIFICADO;---;---;Medio;3
35392;-78.0000361990766;-8.80317286748748;5078.00000000000;CERRO PATARA;LABOR MINERA;CHIMENEA;SANTA;ANCASH;SANTA;MACATE;169933.00000000000;9025585.00000000000;18.00000000000;WGS84;NO IDENTIFICADO;---;---;Bajo;2
35393;-77.9960932103872;-8.79957290996336;5079.00000000000;CERRO PATARA;LABOR MINERA;TRINCHERA;SANTA;ANCASH;SANTA;MACATE;170364.00000000000;9025987.00000000000;18.00000000000;WGS84;NO IDENTIFICADO;---;---;Bajo;2
35394;-77.9967739528191;-8.80516814395465;5082.00000000000;CERRO PATARA;LABOR MINERA;TAJEO COMUNICADO;SANTA;ANCASH;SANTA;MACATE;170294.00000000000;9025367.00000000000;18.00000000000;WGS84;NO IDENTIFICADO;---;---;Bajo;2
35395;-78.0003330434092;-8.80394736182143;5084.00000000000;CERRO PATARA;LABOR MINERA;TAJEO COMUNICADO;SANTA;ANCASH;SANTA;MACATE;169901.00000000000;9025499.00000000000;18.00000000000;WGS84;NO IDENTIFICADO;---;---;Bajo;2
35396;-77.9994320516408;-8.8014523276182;5087.00000000000;CERRO PATARA;LABOR MINERA;BOCAMINA;SANTA;ANCASH;SANTA;MACATE;169998.00000000000;9025776.00000000000;18.00000000000;WGS84;NO IDENTIFICADO;---;---;Insignificante;1
35397;-77.9998423744945;-8.80278598227649;5088.00000000000;CERRO PATARA;LABOR MINERA;BOCAMINA;SANTA;ANCASH;SANTA;MACATE;169954.00000000000;9025628.00000000000;18.00000000000;WGS84;NO IDENTIFICADO;---;---;Bajo;2
35398;-77.996810421142;-8.80518591987741;5094.00000000000;CERRO PATARA;RESIDUO MINERO;DESMONTE DE MINA;SANTA;ANCASH;SANTA;MACATE;170290.00000000000;9025365.00000000000;18.00000000000;WGS84;NO IDENTIFICADO;---;---;Bajo;2
35399;-77.9994435556912;-8.8028794966322;5096.00000000000;CERRO PATARA;RESIDUO MINERO;DESMONTE DE MINA;SANTA;ANCASH;SANTA;MACATE;169998.00000000000;9025618.00000000000;18.00000000000;WGS84;NO IDENTIFICADO;---;---;Bajo;2
35400;-77.9961749354612;-8.79957225903243;5098.00000000000;CERRO PATARA;RESIDUO MINERO;DESMONTE DE MINA;SANTA;ANCASH;SANTA;MACATE;170355.00000000000;9025987.00000000000;18.00000000000;WGS84;NO IDENTIFICADO;---;---;Bajo;2
35401;-77.9998232665533;-8.80266870190528;5100.00000000000;CERRO PATARA;RESIDUO MINERO;DESMONTE DE MINA;SANTA;ANCASH;SANTA;MACATE;169956.00000000000;9025641.00000000000;18.00000000000;WGS84;NO IDENTIFICADO;---;---;Insignificante;1
35402;-77.9988307923313;-8.35735824752866;5106.00000000000;MONTECRISTO;RESIDUO MINERO;DESMONTE DE MINA;SANTA;ANCASH;PALLASCA;BOLOGNESI;169680.00000000000;9074938.00000000000;18.00000000000;WGS84;NO IDENTIFICADO;---;---;Medio;3
35403;-77.9988404839515;-8.35743947509638;5108.00000000000;MONTECRISTO;LABOR MINERA;BOCAMINA;SANTA;ANCASH;PALLASCA;BOLOGNESI;169679.00000000000;9074929.00000000000;18.00000000000;WGS84;NO IDENTIFICADO;---;---;Bajo;2
35404;-77.9988856269824;-8.35741203240326;5109.00000000000;MONTECRISTO;LABOR MINERA;BOCAMINA;SANTA;ANCASH;PALLASCA;BOLOGNESI;169674.00000000000;9074932.00000000000;18.00000000000;WGS84;NO IDENTIFICADO;---;---;Medio;3
35405;-77.9984610612128;-8.35764108822349;5112.00000000000;MONTECRISTO;LABOR MINERA;BOCAMINA;SANTA;ANCASH;PALLASCA;BOLOGNESI;169721.00000000000;9074907.00000000000;18.00000000000;WGS84;NO IDENTIFICADO;---;---;Bajo;2
35406;-77.9985962832848;-8.35753166142461;5113.00000000000;MONTECRISTO;LABOR MINERA;BOCAMINA;SANTA;ANCASH;PALLASCA;BOLOGNESI;169706.00000000000;9074919.00000000000;18.00000000000;WGS84;NO IDENTIFICADO;---;---;Bajo;2
35407;-77.5042334237504;-9.6185084721591;5115.00000000000;LA LLAVE;LABOR MINERA;BOCAMINA;SANTA;ANCASH;HUARAZ;HUARAZ;225150.00000000000;8935762.00000000000;18.00000000000;WGS84;NO IDENTIFICADO;---;---;Bajo;2
35408;-77.4717952135377;-9.87039689925033;5116.00000000000;SANTA ELENITA;LABOR MINERA;BOCAMINA;SANTA;ANCASH;RECUAY;CATAC;228916.00000000000;8907914.00000000000;18.00000000000;WGS84;NO IDENTIFICADO;---;---;Insignificante;1
35409;-77.4680986550299;-9.8696107020825;5118.00000000000;SANTA ELENITA;LABOR MINERA;BOCAMINA;SANTA;ANCASH;RECUAY;CATAC;229321.00000000000;8908004.00000000000;18.00000000000;WGS84;NO IDENTIFICADO;---;---;Bajo;2
35410;-77.4681565607391;-9.8700440391382;5119.00000000000;SANTA ELENITA;RESIDUO MINERO;DESMONTE DE MINA;SANTA;ANCASH;RECUAY;CATAC;229315.00000000000;8907956.00000000000;18.00000000000;WGS84;NO IDENTIFICADO;---;---;Bajo;2
35411;-77.470956474434;-9.87034883287419;5120.00000000000;SANTA ELENITA;LABOR MINERA;BOCAMINA;SANTA;ANCASH;RECUAY;CATAC;229008.00000000000;8907920.00000000000;18.00000000000;WGS84;NO IDENTIFICADO;---;---;Bajo;2
35412;-77.4704622516945;-9.87006328417646;5121.00000000000;SANTA ELENITA;RESIDUO MINERO;DESMONTE DE MINA;SANTA;ANCASH;RECUAY;CATAC;229062.00000000000;8907952.00000000000;18.00000000000;WGS84;NO IDENTIFICADO;---;---;Insignificante;1
35413;-77.4699934801356;-9.86952452083197;5122.00000000000;SANTA ELENITA;LABOR MINERA;BOCAMINA;SANTA;ANCASH;RECUAY;CATAC;229113.00000000000;8908012.00000000000;18.00000000000;WGS84;NO IDENTIFICADO;---;---;Bajo;2
35414;-77.470040743002;-9.86853013926014;5124.00000000000;SANTA ELENITA;LABOR MINERA;BOCAMINA;SANTA;ANCASH;RECUAY;CATAC;229107.00000000000;8908122.00000000000;18.00000000000;WGS84;NO IDENTIFICADO;---;---;Medio;3
35415;-77.4699660257701;-9.86828669660511;5209.00000000000;SANTA ELENITA;RESIDUO MINERO;DESMONTE DE MINA;SANTA;ANCASH;RECUAY;CATAC;229115.00000000000;8908149.00000000000;18.00000000000;WGS84;NO IDENTIFICADO;---;---;Medio;3
35416;-77.4682472802066;-9.86998915426525;5210.00000000000;SANTA ELENITA;LABOR MINERA;MEDIA BARRETA;SANTA;ANCASH;RECUAY;CATAC;229305.00000000000;8907962.00000000000;18.00000000000;WGS84;NO IDENTIFICADO;---;---;Bajo;2
35417;-77.4684768395602;-9.87022242613839;5211.00000000000;SANTA ELENITA;RESIDUO MINERO;DESMONTE DE MINA;SANTA;ANCASH;RECUAY;CATAC;229280.00000000000;8907936.00000000000;18.00000000000;WGS84;NO IDENTIFICADO;---;---;Bajo;2
35418;-77.4680890041066;-9.86953847923435;5212.00000000000;SANTA ELENITA;RESIDUO MINERO;DESMONTE DE MINA;SANTA;ANCASH;RECUAY;CATAC;229322.00000000000;8908012.00000000000;18.00000000000;WGS84;NO IDENTIFICADO;---;---;Medio;3
35419;-77.4684768395602;-9.87022242613839;5213.00000000000;SANTA ELENITA;LABOR MINERA;BOCAMINA;SANTA;ANCASH;RECUAY;CATAC;229280.00000000000;8907936.00000000000;18.00000000000;WGS84;NO IDENTIFICADO;---;---;Insignificante;1
35420;-77.4448656771244;-9.76477173366157;5220.00000000000;CALERA TICAPAMPA;LABOR MINERA;TAJO;SANTA;ANCASH;RECUAY;TICAPAMPA;231786.00000000000;8919624.00000000000;18.00000000000;WGS84;NO IDENTIFICADO;---;---;Medio;3
35421;-77.4452457668347;-9.76691978198036;5222.00000000000;CALERA TICAPAMPA;INFRAESTRUCTURA;NO DETERMINADO;SANTA;ANCASH;RECUAY;TICAPAMPA;231746.00000000000;8919386.00000000000;18.00000000000;WGS84;NO IDENTIFICADO;---;---;Bajo;2
35422;-77.6862442264627;-9.18213035147133;5225.00000000000;APACHICA (DE CARBON);RESIDUO MINERO;RESIDUOS DE CARBON;SANTA;ANCASH;YUNGAY;MANCOS;204790.00000000000;8983907.00000000000;18.00000000000;WGS84;NO IDENTIFICADO;---;---;Bajo;2
35423;-77.6872125998172;-9.18272852417624;5226.00000000000;APACHICA (DE CARBON);RESIDUO MINERO;RESIDUOS DE CARBON;SANTA;ANCASH;YUNGAY;MANCOS;204684.00000000000;8983840.00000000000;18.00000000000;WGS84;NO IDENTIFICADO;---;---;Bajo;2
35424;-77.6864825391999;-9.18238157250995;5227.00000000000;APACHICA (DE CARBON);INFRAESTRUCTURA;NO DETERMINADO;SANTA;ANCASH;YUNGAY;MANCOS;204764.00000000000;8983879.00000000000;18.00000000000;WGS84;NO IDENTIFICADO;---;---;Bajo;2
35425;-77.7832969904033;-9.10809578785994;5230.00000000000;EL FERROL 27;LABOR MINERA;BOCAMINA;SANTA;ANCASH;HUAYLAS;PUEBLO LIBRE;194053.00000000000;8992020.00000000000;18.00000000000;WGS84;NO IDENTIFICADO;---;---;Alto;4
35426;-77.7831514814621;-9.10808786596453;5231.00000000000;EL FERROL 27;LABOR MINERA;BOCAMINA;SANTA;ANCASH;HUAYLAS;PUEBLO LIBRE;194069.00000000000;8992021.00000000000;18.00000000000;WGS84;NO IDENTIFICADO;---;---;Bajo;2
35427;-77.7829154927995;-9.10813484500501;5232.00000000000;EL FERROL 27;LABOR MINERA;BOCAMINA;SANTA;ANCASH;HUAYLAS;PUEBLO LIBRE;194095.00000000000;8992016.00000000000;18.00000000000;WGS84;NO IDENTIFICADO;---;---;Bajo;2
35428;-77.5287615369222;-9.73864912448714;5236.00000000000;DIEZ HERMANOS;LABOR MINERA;TAJEO COMUNICADO;SANTA;ANCASH;RECUAY;RECUAY;222555.00000000000;8922447.00000000000;18.00000000000;WGS84;NO IDENTIFICADO;---;---;Muy alto;5
35429;-77.5284015578228;-9.73923011901144;5237.00000000000;DIEZ HERMANOS;LABOR MINERA;BOCAMINA;SANTA;ANCASH;RECUAY;RECUAY;222595.00000000000;8922383.00000000000;18.00000000000;WGS84;NO IDENTIFICADO;---;---;Muy alto;5
35430;-77.5287174922177;-9.73884825071832;5238.00000000000;DIEZ HERMANOS;RESIDUO MINERO;DESMONTE DE MINA;SANTA;ANCASH;RECUAY;RECUAY;222560.00000000000;8922425.00000000000;18.00000000000;WGS84;NO IDENTIFICADO;---;---;Alto;4
35431;-77.5287434563397;-9.73866733119452;5239.00000000000;DIEZ HERMANOS;RESIDUO MINERO;DESMONTE DE MINA;SANTA;ANCASH;RECUAY;RECUAY;222557.00000000000;8922445.00000000000;18.00000000000;WGS84;NO IDENTIFICADO;---;---;Alto;4
35432;-77.6045480769136;-9.55412650262854;5244.00000000000;HUASCAR;RESIDUO MINERO;DESMONTE DE MINA;SANTA;ANCASH;HUARAZ;INDEPENDENCIA;214079.00000000000;8942805.00000000000;18.00000000000;WGS84;NO IDENTIFICADO;---;---;Bajo;2
35433;-77.6047753729531;-9.55408865541117;5245.00000000000;HUASCAR;LABOR MINERA;BOCAMINA;SANTA;ANCASH;HUARAZ;INDEPENDENCIA;214054.00000000000;8942809.00000000000;18.00000000000;WGS84;NO IDENTIFICADO;---;---;Bajo;2
35434;-77.47807772078;-9.8269567984528;5253.00000000000;PLANTA CONC. VIRGEN DEL PILAR;INFRAESTRUCTURA;PLANTAS DE PROCESAMIENTO;SANTA;ANCASH;RECUAY;CATAC;228191.00000000000;8912716.00000000000;18.00000000000;WGS84;NO IDENTIFICADO;COMPAÑIA MINERA LINCUNA S.A.;PCPAM DE LA UNIDAD MINERA LINCUNA TRES;Bajo;2
35435;-77.477689106216;-9.82738436767858;5254.00000000000;PLANTA CONC. VIRGEN DEL PILAR;RESIDUO MINERO;DESMONTE DE MINA;SANTA;ANCASH;RECUAY;CATAC;228234.00000000000;8912669.00000000000;18.00000000000;WGS84;NO IDENTIFICADO;COMPAÑIA MINERA LINCUNA S.A.;PCPAM DE LA UNIDAD MINERA LINCUNA TRES;Bajo;2
35436;-77.206357628532;-10.0544873933714;5256.00000000000;PLANTA CONC. EL MOJON;RESIDUO MINERO;DESMONTE DE MINA;SANTA;ANCASH;BOLOGNESI;AQUIA;258177.00000000000;8887750.00000000000;18.00000000000;WGS84;NO IDENTIFICADO;ACTIVOS MINEROS S.A.C.;---;Alto;4
35437;-77.2061677204752;-10.0547236526849;5257.00000000000;PLANTA CONC. EL MOJON;INFRAESTRUCTURA;PLANTAS DE PROCESAMIENTO;SANTA;ANCASH;BOLOGNESI;AQUIA;258198.00000000000;8887724.00000000000;18.00000000000;WGS84;NO IDENTIFICADO;ACTIVOS MINEROS S.A.C.;---;Medio;3
35438;-77.4296659341455;-9.81807221042555;5258.00000000000;CHAHUAPAMPA;RESIDUO MINERO;DESMONTE DE MINA;SANTA;ANCASH;RECUAY;CATAC;233497.00000000000;8913738.00000000000;18.00000000000;WGS84;NO IDENTIFICADO;ACTIVOS MINEROS S.A.C.;---;Alto;4
35439;-77.4279368707203;-9.81711765781041;5259.00000000000;CHAHUAPAMPA;RESIDUO MINERO;RELAVES;SANTA;ANCASH;RECUAY;CATAC;233686.00000000000;8913845.00000000000;18.00000000000;WGS84;NO IDENTIFICADO;ACTIVOS MINEROS S.A.C.;---;Alto;4
35440;-77.1991018704746;-9.96699102034143;5260.00000000000;PARARRAYO;LABOR MINERA;BOCAMINA;SANTA;ANCASH;BOLOGNESI;AQUIA;258908.00000000000;8897436.00000000000;18.00000000000;WGS84;NO IDENTIFICADO;---;---;Alto;4
35441;-77.1989564261147;-9.96705524665386;5261.00000000000;PARARRAYO;RESIDUO MINERO;DESMONTE DE MINA;SANTA;ANCASH;BOLOGNESI;AQUIA;258924.00000000000;8897429.00000000000;18.00000000000;WGS84;NO IDENTIFICADO;---;---;Alto;4
35442;-77.1955350030649;-9.95850945296693;5270.00000000000;MAGISTRAL;INFRAESTRUCTURA;PLANTAS DE PROCESAMIENTO;SANTA;ANCASH;BOLOGNESI;AQUIA;259293.00000000000;8898377.00000000000;18.00000000000;WGS84;NO IDENTIFICADO;---;---;Bajo;2
35443;-77.1955980444042;-9.9597563256231;5271.00000000000;MAGISTRAL;LABOR MINERA;BOCAMINA;SANTA;ANCASH;BOLOGNESI;AQUIA;259287.00000000000;8898239.00000000000;18.00000000000;WGS84;NO IDENTIFICADO;---;---;Medio;3
35444;-77.4359444133352;-9.84303224701982;5276.00000000000;MADRE DE DIOS;LABOR MINERA;BOCAMINA;SANTA;ANCASH;RECUAY;CATAC;232828.00000000000;8910971.00000000000;18.00000000000;WGS84;NO IDENTIFICADO;---;---;Medio;3
35445;-77.4363922845147;-9.8432187916475;5277.00000000000;MADRE DE DIOS;LABOR MINERA;TAJEO COMUNICADO;SANTA;ANCASH;RECUAY;CATAC;232779.00000000000;8910950.00000000000;18.00000000000;WGS84;NO IDENTIFICADO;---;---;Medio;3
35446;-77.4362537514322;-9.84296675748365;5278.00000000000;MADRE DE DIOS;RESIDUO MINERO;DESMONTE DE MINA;SANTA;ANCASH;RECUAY;CATAC;232794.00000000000;8910978.00000000000;18.00000000000;WGS84;NO IDENTIFICADO;---;---;Alto;4
35447;-77.4318465277473;-9.85086065302334;5279.00000000000;MADRE DE DIOS;LABOR MINERA;BOCAMINA;SANTA;ANCASH;RECUAY;CATAC;233284.00000000000;8910108.00000000000;18.00000000000;WGS84;NO IDENTIFICADO;---;---;Medio;3
35448;-77.4319566008698;-9.85095926613217;5280.00000000000;MADRE DE DIOS;RESIDUO MINERO;DESMONTE DE MINA;SANTA;ANCASH;RECUAY;CATAC;233272.00000000000;8910097.00000000000;18.00000000000;WGS84;NO IDENTIFICADO;---;---;Alto;4
35449;-77.3523743652241;-9.30623378838194;5281.00000000000;TOMA LA MANO;LABOR MINERA;BOCAMINA;SANTA;ANCASH;CARHUAZ;MARCARA;241593.00000000000;8970433.00000000000;18.00000000000;WGS84;NO IDENTIFICADO;---;---;Medio;3
35450;-77.3528917470803;-9.30604962069386;5282.00000000000;TOMA LA MANO;INFRAESTRUCTURA;NO DETERMINADO;SANTA;ANCASH;CARHUAZ;MARCARA;241536.00000000000;8970453.00000000000;18.00000000000;WGS84;NO IDENTIFICADO;---;---;Medio;3
35451;-77.4799699812391;-9.73444371850264;5283.00000000000;PATRICIA;LABOR MINERA;BOCAMINA;SANTA;ANCASH;RECUAY;RECUAY;227908.00000000000;8922952.00000000000;18.00000000000;WGS84;NO IDENTIFICADO;ACTIVOS MINEROS S.A.C.;---;Alto;4
35452;-77.4803621830991;-9.73451316233594;5284.00000000000;PATRICIA;LABOR MINERA;BOCAMINA;SANTA;ANCASH;RECUAY;RECUAY;227865.00000000000;8922944.00000000000;18.00000000000;WGS84;NO IDENTIFICADO;ACTIVOS MINEROS S.A.C.;---;Alto;4
35453;-77.4803233472114;-9.73418812426416;5285.00000000000;PATRICIA;LABOR MINERA;BOCAMINA;SANTA;ANCASH;RECUAY;RECUAY;227869.00000000000;8922980.00000000000;18.00000000000;WGS84;NO IDENTIFICADO;ACTIVOS MINEROS S.A.C.;---;Bajo;2
35454;-77.4803234139225;-9.73419716045333;5286.00000000000;PATRICIA;RESIDUO MINERO;DESMONTE DE MINA;SANTA;ANCASH;RECUAY;RECUAY;227869.00000000000;8922979.00000000000;18.00000000000;WGS84;NO IDENTIFICADO;ACTIVOS MINEROS S.A.C.;---;Medio;3
35455;-77.481834201539;-9.73525250634094;5287.00000000000;PATRICIA;LABOR MINERA;BOCAMINA;SANTA;ANCASH;RECUAY;RECUAY;227704.00000000000;8922861.00000000000;18.00000000000;WGS84;NO IDENTIFICADO;ACTIVOS MINEROS S.A.C.;---;Alto;4
35456;-77.481404496662;-9.73503875046202;5288.00000000000;PATRICIA;RESIDUO MINERO;DESMONTE DE MINA;SANTA;ANCASH;RECUAY;RECUAY;227751.00000000000;8922885.00000000000;18.00000000000;WGS84;NO IDENTIFICADO;ACTIVOS MINEROS S.A.C.;---;Medio;3
35457;-77.4797403996487;-9.73419235935286;5290.00000000000;PATRICIA;RESIDUO MINERO;DESMONTE DE MINA;SANTA;ANCASH;RECUAY;RECUAY;227933.00000000000;8922980.00000000000;18.00000000000;WGS84;NO IDENTIFICADO;ACTIVOS MINEROS S.A.C.;---;Bajo;2
35458;-77.4794054897949;-9.73324594060495;5292.00000000000;PATRICIA;LABOR MINERA;BOCAMINA;SANTA;ANCASH;RECUAY;RECUAY;227969.00000000000;8923085.00000000000;18.00000000000;WGS84;NO IDENTIFICADO;ACTIVOS MINEROS S.A.C.;---;Medio;3
35459;-77.4792604199976;-9.73333736094674;5293.00000000000;PATRICIA;LABOR MINERA;BOCAMINA;SANTA;ANCASH;RECUAY;RECUAY;227985.00000000000;8923075.00000000000;18.00000000000;WGS84;NO IDENTIFICADO;ACTIVOS MINEROS S.A.C.;---;Bajo;2
35460;-77.4792223189775;-9.73311172060155;5294.00000000000;PATRICIA;RESIDUO MINERO;DESMONTE DE MINA;SANTA;ANCASH;RECUAY;RECUAY;227989.00000000000;8923100.00000000000;18.00000000000;WGS84;NO IDENTIFICADO;ACTIVOS MINEROS S.A.C.;---;Alto;4
35461;-77.4631291567804;-9.72102854313396;5295.00000000000;WILSON;LABOR MINERA;BOCAMINA;SANTA;ANCASH;RECUAY;RECUAY;229746.00000000000;8924450.00000000000;18.00000000000;WGS84;NO IDENTIFICADO;---;---;Bajo;2
35462;-77.5140673052738;-9.58886052232318;5303.00000000000;HUACRISH;RESIDUO MINERO;DESMONTE DE MINA;SANTA;ANCASH;HUARAZ;HUARAZ;224046.00000000000;8939035.00000000000;18.00000000000;WGS84;NO IDENTIFICADO;ACTIVOS MINEROS S.A.C.;---;Alto;4
35463;-77.5368417085886;-9.50321027685968;5312.00000000000;SANTO TORIBIO 2;INFRAESTRUCTURA;PLANTAS DE PROCESAMIENTO;SANTA;ANCASH;HUARAZ;INDEPENDENCIA;221475.00000000000;8948495.00000000000;18.00000000000;WGS84;NO IDENTIFICADO;---;---;Insignificante;1
35464;-77.5390603799708;-9.49919103895117;5315.00000000000;SANTO TORIBIO 2;RESIDUO MINERO;RELAVES;SANTA;ANCASH;HUARAZ;INDEPENDENCIA;221228.00000000000;8948938.00000000000;18.00000000000;WGS84;NO IDENTIFICADO;---;---;Medio;3
35465;-77.5197186259388;-9.5934099832902;5316.00000000000;SHANSHA;LABOR MINERA;BOCAMINA;SANTA;ANCASH;HUARAZ;HUARAZ;223429.00000000000;8938527.00000000000;18.00000000000;WGS84;NO IDENTIFICADO;---;---;Alto;4
35466;-77.5215173902634;-9.59163477538838;5320.00000000000;SHANSHA;LABOR MINERA;BOCAMINA;SANTA;ANCASH;HUARAZ;HUARAZ;223230.00000000000;8938722.00000000000;18.00000000000;WGS84;NO IDENTIFICADO;---;---;Bajo;2
35467;-77.5222405993198;-9.59093370035287;5321.00000000000;SHANSHA;LABOR MINERA;BOCAMINA;SANTA;ANCASH;HUARAZ;HUARAZ;223150.00000000000;8938799.00000000000;18.00000000000;WGS84;NO IDENTIFICADO;---;---;Bajo;2
35468;-77.5217329569676;-9.59123560104222;5322.00000000000;SHANSHA;LABOR MINERA;BOCAMINA;SANTA;ANCASH;HUARAZ;HUARAZ;223206.00000000000;8938766.00000000000;18.00000000000;WGS84;NO IDENTIFICADO;---;---;Bajo;2
35469;-77.521242587285;-9.59141086489695;5324.00000000000;SHANSHA;RESIDUO MINERO;DESMONTE DE MINA;SANTA;ANCASH;HUARAZ;HUARAZ;223260.00000000000;8938747.00000000000;18.00000000000;WGS84;NO IDENTIFICADO;---;---;Bajo;2
35470;-77.522075517262;-9.59077224649737;5325.00000000000;SHANSHA;LABOR MINERA;BOCAMINA;SANTA;ANCASH;HUARAZ;HUARAZ;223168.00000000000;8938817.00000000000;18.00000000000;WGS84;NO IDENTIFICADO;---;---;Medio;3
35471;-77.5233086356447;-9.59007649230661;5326.00000000000;SHANSHA;LABOR MINERA;BOCAMINA;SANTA;ANCASH;HUARAZ;HUARAZ;223032.00000000000;8938893.00000000000;18.00000000000;WGS84;NO IDENTIFICADO;---;---;Medio;3
35472;-77.5235252021397;-9.58981285708015;5328.00000000000;SHANSHA;LABOR MINERA;BOCAMINA;SANTA;ANCASH;HUARAZ;HUARAZ;223008.00000000000;8938922.00000000000;18.00000000000;WGS84;NO IDENTIFICADO;---;---;Bajo;2
35473;-77.5278826674775;-9.61507401087147;5331.00000000000;WANERURY;LABOR MINERA;BOCAMINA;SANTA;ANCASH;HUARAZ;HUARAZ;222550.00000000000;8936123.00000000000;18.00000000000;WGS84;NO IDENTIFICADO;---;---;Medio;3
35474;-77.527773608718;-9.61510191820662;5332.00000000000;WANERURY;RESIDUO MINERO;DESMONTE DE MINA;SANTA;ANCASH;HUARAZ;HUARAZ;222562.00000000000;8936120.00000000000;18.00000000000;WGS84;NO IDENTIFICADO;---;---;Medio;3
35475;-77.4282008526617;-9.92275770022944;5333.00000000000;QUEROCOCHA;LABOR MINERA;BOCAMINA;SANTA;ANCASH;RECUAY;CATAC;233742.00000000000;8902155.00000000000;18.00000000000;WGS84;NO IDENTIFICADO;---;---;Medio;3
35476;-77.4281550825019;-9.92273092106036;5334.00000000000;QUEROCOCHA;RESIDUO MINERO;DESMONTE DE MINA;SANTA;ANCASH;RECUAY;CATAC;233747.00000000000;8902158.00000000000;18.00000000000;WGS84;NO IDENTIFICADO;---;---;Bajo;2
35477;-77.4277985682273;-9.92258891296664;5335.00000000000;QUEROCOCHA;LABOR MINERA;BOCAMINA;SANTA;ANCASH;RECUAY;CATAC;233786.00000000000;8902174.00000000000;18.00000000000;WGS84;NO IDENTIFICADO;---;---;Medio;3
35478;-77.4278710146601;-9.92252512967081;5336.00000000000;QUEROCOCHA;RESIDUO MINERO;DESMONTE DE MINA;SANTA;ANCASH;RECUAY;CATAC;233778.00000000000;8902181.00000000000;18.00000000000;WGS84;NO IDENTIFICADO;---;---;Bajo;2
35479;-77.4328823519762;-9.91612681394442;5337.00000000000;QUEROCOCHA;LABOR MINERA;TRINCHERA;SANTA;ANCASH;RECUAY;CATAC;233223.00000000000;8902885.00000000000;18.00000000000;WGS84;NO IDENTIFICADO;---;---;Bajo;2
35480;-77.433063295361;-9.91594476327979;5338.00000000000;QUEROCOCHA;RESIDUO MINERO;DESMONTE DE MINA;SANTA;ANCASH;RECUAY;CATAC;233203.00000000000;8902905.00000000000;18.00000000000;WGS84;NO IDENTIFICADO;---;---;Bajo;2
35481;-77.4268523020619;-9.92281265267184;5339.00000000000;QUEROCOCHA;RESIDUO MINERO;DESMONTE DE MINA;SANTA;ANCASH;RECUAY;CATAC;233890.00000000000;8902150.00000000000;18.00000000000;WGS84;NO IDENTIFICADO;---;---;Bajo;2
35482;-77.4268798440046;-9.92283956403725;5340.00000000000;QUEROCOCHA;LABOR MINERA;BOCAMINA;SANTA;ANCASH;RECUAY;CATAC;233887.00000000000;8902147.00000000000;18.00000000000;WGS84;NO IDENTIFICADO;---;---;Bajo;2
35483;-77.4268601514413;-9.92264089407885;5342.00000000000;QUEROCOCHA;RESIDUO MINERO;DESMONTE DE MINA;SANTA;ANCASH;RECUAY;CATAC;233889.00000000000;8902169.00000000000;18.00000000000;WGS84;NO IDENTIFICADO;---;---;Bajo;2
35484;-77.4270063095205;-9.92268502037146;5343.00000000000;QUEROCOCHA;LABOR MINERA;BOCAMINA;SANTA;ANCASH;RECUAY;CATAC;233873.00000000000;8902164.00000000000;18.00000000000;WGS84;NO IDENTIFICADO;---;---;Medio;3
35485;-77.4277917847711;-9.92290525460314;5344.00000000000;QUEROCOCHA;LABOR MINERA;PIQUE;SANTA;ANCASH;RECUAY;CATAC;233787.00000000000;8902139.00000000000;18.00000000000;WGS84;NO IDENTIFICADO;---;---;Medio;3
35486;-77.4277271871589;-9.92279727939891;5345.00000000000;QUEROCOCHA;RESIDUO MINERO;DESMONTE DE MINA;SANTA;ANCASH;RECUAY;CATAC;233794.00000000000;8902151.00000000000;18.00000000000;WGS84;NO IDENTIFICADO;---;---;Bajo;2
35487;-77.4282749640907;-9.92291982792871;5347.00000000000;QUEROCOCHA;RESIDUO MINERO;DESMONTE DE MINA;SANTA;ANCASH;RECUAY;CATAC;233734.00000000000;8902137.00000000000;18.00000000000;WGS84;NO IDENTIFICADO;---;---;Bajo;2
35488;-77.4282206126416;-9.92296540635674;5348.00000000000;QUEROCOCHA;LABOR MINERA;BOCAMINA;SANTA;ANCASH;RECUAY;CATAC;233740.00000000000;8902132.00000000000;18.00000000000;WGS84;NO IDENTIFICADO;---;---;Medio;3
35489;-77.4284302364197;-9.92296388748787;5349.00000000000;QUEROCOCHA;LABOR MINERA;PIQUE;SANTA;ANCASH;RECUAY;CATAC;233717.00000000000;8902132.00000000000;18.00000000000;WGS84;NO IDENTIFICADO;---;---;Medio;3
35490;-77.5078103736907;-9.62075972208033;5354.00000000000;CARMENCITA;LABOR MINERA;BOCAMINA;SANTA;ANCASH;HUARAZ;HUARAZ;224759.00000000000;8935510.00000000000;18.00000000000;WGS84;NO IDENTIFICADO;---;---;Bajo;2
35491;-77.5076008849563;-9.62075220722483;5356.00000000000;CARMENCITA;LABOR MINERA;BOCAMINA;SANTA;ANCASH;HUARAZ;HUARAZ;224782.00000000000;8935511.00000000000;18.00000000000;WGS84;NO IDENTIFICADO;---;---;Insignificante;1
35492;-77.5074623727919;-9.62049115347355;5357.00000000000;CARMENCITA;LABOR MINERA;BOCAMINA;SANTA;ANCASH;HUARAZ;HUARAZ;224797.00000000000;8935540.00000000000;18.00000000000;WGS84;NO IDENTIFICADO;---;---;Insignificante;1
35493;-77.5072476870644;-9.61977882546096;5359.00000000000;CARMENCITA;LABOR MINERA;BOCAMINA;SANTA;ANCASH;HUARAZ;HUARAZ;224820.00000000000;8935619.00000000000;18.00000000000;WGS84;NO IDENTIFICADO;---;---;Bajo;2
35494;-77.5069568508603;-9.61985322971719;5360.00000000000;CARMENCITA;RESIDUO MINERO;DESMONTE DE MINA;SANTA;ANCASH;HUARAZ;HUARAZ;224852.00000000000;8935611.00000000000;18.00000000000;WGS84;NO IDENTIFICADO;---;---;Bajo;2
35495;-77.5077427044607;-9.62022705757536;5361.00000000000;CARMENCITA;RESIDUO MINERO;DESMONTE DE MINA;SANTA;ANCASH;HUARAZ;HUARAZ;224766.00000000000;8935569.00000000000;18.00000000000;WGS84;NO IDENTIFICADO;---;---;Bajo;2
35496;-77.5077161882961;-9.62033568869862;5364.00000000000;CARMENCITA;LABOR MINERA;BOCAMINA;SANTA;ANCASH;HUARAZ;HUARAZ;224769.00000000000;8935557.00000000000;18.00000000000;WGS84;NO IDENTIFICADO;---;---;Insignificante;1
35497;-77.5890257336621;-9.49117995431079;5368.00000000000;SANTO TORIBIO 2;LABOR MINERA;BOCAMINA;SANTA;ANCASH;HUARAZ;INDEPENDENCIA;215732.00000000000;8949784.00000000000;18.00000000000;WGS84;NO IDENTIFICADO;---;---;Medio;3
35498;-77.5886311893317;-9.49075818000471;5369.00000000000;SANTO TORIBIO 2;LABOR MINERA;BOCAMINA;SANTA;ANCASH;HUARAZ;INDEPENDENCIA;215775.00000000000;8949831.00000000000;18.00000000000;WGS84;NO IDENTIFICADO;---;---;Alto;4
35499;-77.5877180228704;-9.48914748176627;5370.00000000000;SANTO TORIBIO 2;LABOR MINERA;BOCAMINA;SANTA;ANCASH;HUARAZ;INDEPENDENCIA;215874.00000000000;8950010.00000000000;18.00000000000;WGS84;NO IDENTIFICADO;---;---;Muy alto;5
35500;-77.5882542094271;-9.48661341800438;5375.00000000000;SANTO TORIBIO 2;RESIDUO MINERO;DESMONTE DE MINA;SANTA;ANCASH;HUARAZ;INDEPENDENCIA;215813.00000000000;8950290.00000000000;18.00000000000;WGS84;NO IDENTIFICADO;---;---;Alto;4
35501;-77.5904879986218;-9.48713001464168;5376.00000000000;SANTO TORIBIO 2;RESIDUO MINERO;DESMONTE DE MINA;SANTA;ANCASH;HUARAZ;INDEPENDENCIA;215568.00000000000;8950231.00000000000;18.00000000000;WGS84;NO IDENTIFICADO;---;---;Alto;4
35502;-77.5842849130645;-9.48769997803951;5378.00000000000;SANTO TORIBIO 2;RESIDUO MINERO;DESMONTE DE MINA;SANTA;ANCASH;HUARAZ;INDEPENDENCIA;216250.00000000000;8950173.00000000000;18.00000000000;WGS84;NO IDENTIFICADO;---;---;Alto;4
35503;-77.5857073243575;-9.48925271030627;5380.00000000000;SANTO TORIBIO 2;RESIDUO MINERO;DESMONTE DE MINA;SANTA;ANCASH;HUARAZ;INDEPENDENCIA;216095.00000000000;8950000.00000000000;18.00000000000;WGS84;NO IDENTIFICADO;---;---;Medio;3
35504;-77.5840008508291;-9.48865990159664;5381.00000000000;SANTO TORIBIO 2;RESIDUO MINERO;DESMONTE DE MINA;SANTA;ANCASH;HUARAZ;INDEPENDENCIA;216282.00000000000;8950067.00000000000;18.00000000000;WGS84;NO IDENTIFICADO;---;---;Medio;3
35505;-77.582474445877;-9.4902344178058;5382.00000000000;SANTO TORIBIO 2;RESIDUO MINERO;DESMONTE DE MINA;SANTA;ANCASH;HUARAZ;INDEPENDENCIA;216451.00000000000;8949894.00000000000;18.00000000000;WGS84;NO IDENTIFICADO;---;---;Alto;4
35506;-77.5857264356956;-9.49180074276721;5383.00000000000;SANTO TORIBIO 2;RESIDUO MINERO;DESMONTE DE MINA;SANTA;ANCASH;HUARAZ;INDEPENDENCIA;216095.00000000000;8949718.00000000000;18.00000000000;WGS84;NO IDENTIFICADO;---;---;Alto;4
35507;-77.5809086094258;-9.49262247162366;5384.00000000000;SANTO TORIBIO 2;RESIDUO MINERO;DESMONTE DE MINA;SANTA;ANCASH;HUARAZ;INDEPENDENCIA;216625.00000000000;8949631.00000000000;18.00000000000;WGS84;NO IDENTIFICADO;---;---;Alto;4
35508;-77.4527116527424;-9.75885037310202;5385.00000000000;ALIANZA;INFRAESTRUCTURA;CAMPAMENTOS, OFICINAS, TALLERES;SANTA;ANCASH;RECUAY;TICAPAMPA;230920.00000000000;8920273.00000000000;18.00000000000;WGS84;NO IDENTIFICADO;---;---;Insignificante;1
35509;-77.6568768045529;-8.58625427990633;5389.00000000000;HALCON;LABOR MINERA;CHIMENEA;ALTO MARAÑON;ANCASH;SIHUAS;CASHAPAMPA;207547.00000000000;9049877.00000000000;18.00000000000;WGS84;IDENTIFICADO;---;---;Insignificante;1
35510;-77.6593564104096;-8.58381554690218;5390.00000000000;HALCON;LABOR MINERA;BOCAMINA;ALTO MARAÑON;ANCASH;SIHUAS;CASHAPAMPA;207272.00000000000;9050145.00000000000;18.00000000000;WGS84;IDENTIFICADO;---;---;Bajo;2
35511;-77.6561155413603;-8.58775045895613;5391.00000000000;HALCON;LABOR MINERA;BOCAMINA;ALTO MARAÑON;ANCASH;SIHUAS;CASHAPAMPA;207632.00000000000;9049712.00000000000;18.00000000000;WGS84;IDENTIFICADO;---;---;Medio;3
35512;-77.6562151353267;-8.59292736568693;5392.00000000000;HALCON;LABOR MINERA;BOCAMINA;ALTO MARAÑON;ANCASH;SIHUAS;CASHAPAMPA;207625.00000000000;9049139.00000000000;18.00000000000;WGS84;IDENTIFICADO;---;---;Muy alto;5
35513;-77.65635536832;-8.58698978636233;5393.00000000000;HALCON;LABOR MINERA;BOCAMINA;ALTO MARAÑON;ANCASH;SIHUAS;CASHAPAMPA;207605.00000000000;9049796.00000000000;18.00000000000;WGS84;IDENTIFICADO;---;---;Bajo;2
35514;-77.6576623210667;-8.58563441910981;5394.00000000000;HALCON;LABOR MINERA;BOCAMINA;ALTO MARAÑON;ANCASH;SIHUAS;CASHAPAMPA;207460.00000000000;9049945.00000000000;18.00000000000;WGS84;IDENTIFICADO;---;---;Bajo;2
35515;-77.6560395833139;-8.59118464033648;5395.00000000000;HALCON;LABOR MINERA;BOCAMINA;ALTO MARAÑON;ANCASH;SIHUAS;CASHAPAMPA;207643.00000000000;9049332.00000000000;18.00000000000;WGS84;IDENTIFICADO;---;---;Muy alto;5
35516;-77.6560515322959;-8.58898882427739;5396.00000000000;HALCON;LABOR MINERA;BOCAMINA;ALTO MARAÑON;ANCASH;SIHUAS;CASHAPAMPA;207640.00000000000;9049575.00000000000;18.00000000000;WGS84;IDENTIFICADO;---;---;Bajo;2
35517;-77.656922761121;-8.58633528642673;5397.00000000000;HALCON;LABOR MINERA;BOCAMINA;ALTO MARAÑON;ANCASH;SIHUAS;CASHAPAMPA;207542.00000000000;9049868.00000000000;18.00000000000;WGS84;IDENTIFICADO;---;---;Bajo;2
35518;-77.6565847331235;-8.58603039536566;5399.00000000000;HALCON;LABOR MINERA;BOCAMINA;ALTO MARAÑON;ANCASH;SIHUAS;CASHAPAMPA;207579.00000000000;9049902.00000000000;18.00000000000;WGS84;IDENTIFICADO;---;---;Bajo;2
35519;-77.6566472107192;-8.58587635364245;5400.00000000000;HALCON;LABOR MINERA;BOCAMINA;ALTO MARAÑON;ANCASH;SIHUAS;CASHAPAMPA;207572.00000000000;9049919.00000000000;18.00000000000;WGS84;IDENTIFICADO;---;---;Bajo;2
35520;-77.6566453870341;-8.58561432400485;5402.00000000000;HALCON;LABOR MINERA;BOCAMINA;ALTO MARAÑON;ANCASH;SIHUAS;CASHAPAMPA;207572.00000000000;9049948.00000000000;18.00000000000;WGS84;IDENTIFICADO;---;---;Bajo;2
35521;-77.6576899956745;-8.58569747974708;5404.00000000000;HALCON;LABOR MINERA;BOCAMINA;ALTO MARAÑON;ANCASH;SIHUAS;CASHAPAMPA;207457.00000000000;9049938.00000000000;18.00000000000;WGS84;IDENTIFICADO;---;---;Bajo;2
35522;-77.6561838475219;-8.5897378948923;5405.00000000000;HALCON;LABOR MINERA;BOCAMINA;ALTO MARAÑON;ANCASH;SIHUAS;CASHAPAMPA;207626.00000000000;9049492.00000000000;18.00000000000;WGS84;IDENTIFICADO;---;---;Muy alto;5
35523;-77.6577024901742;-8.58488415977274;5406.00000000000;HALCON;LABOR MINERA;BOCAMINA;ALTO MARAÑON;ANCASH;SIHUAS;CASHAPAMPA;207455.00000000000;9050028.00000000000;18.00000000000;WGS84;IDENTIFICADO;---;---;Bajo;2
35524;-77.6578931294561;-8.58488284492977;5407.00000000000;HALCON;LABOR MINERA;BOCAMINA;ALTO MARAÑON;ANCASH;SIHUAS;CASHAPAMPA;207434.00000000000;9050028.00000000000;18.00000000000;WGS84;IDENTIFICADO;---;---;Bajo;2
35525;-77.6579141566855;-8.58268696888056;5409.00000000000;HALCON;LABOR MINERA;BOCAMINA;ALTO MARAÑON;ANCASH;SIHUAS;CASHAPAMPA;207430.00000000000;9050271.00000000000;18.00000000000;WGS84;IDENTIFICADO;---;---;Bajo;2
35526;-77.6586797479633;-8.58181424007312;5410.00000000000;HALCON;LABOR MINERA;BOCAMINA;ALTO MARAÑON;ANCASH;SIHUAS;CASHAPAMPA;207345.00000000000;9050367.00000000000;18.00000000000;WGS84;IDENTIFICADO;---;---;Bajo;2
35527;-77.6584365923301;-8.58209603076188;5411.00000000000;HALCON;LABOR MINERA;MEDIA BARRETA;ALTO MARAÑON;ANCASH;SIHUAS;CASHAPAMPA;207372.00000000000;9050336.00000000000;18.00000000000;WGS84;IDENTIFICADO;---;---;Insignificante;1
35528;-77.6584640150049;-8.58212294942077;5412.00000000000;HALCON;LABOR MINERA;BOCAMINA;ALTO MARAÑON;ANCASH;SIHUAS;CASHAPAMPA;207369.00000000000;9050333.00000000000;18.00000000000;WGS84;IDENTIFICADO;---;---;Bajo;2
35529;-77.6610447430637;-8.58247561478931;5413.00000000000;HALCON;LABOR MINERA;BOCAMINA;ALTO MARAÑON;ANCASH;SIHUAS;CASHAPAMPA;207085.00000000000;9050292.00000000000;18.00000000000;WGS84;IDENTIFICADO;---;---;Bajo;2
35530;-77.6613161378567;-8.5823382024983;5415.00000000000;HALCON;LABOR MINERA;BOCAMINA;ALTO MARAÑON;ANCASH;SIHUAS;CASHAPAMPA;207055.00000000000;9050307.00000000000;18.00000000000;WGS84;IDENTIFICADO;---;---;Insignificante;1
35531;-77.6611190152146;-8.58140886486958;5418.00000000000;HALCON;LABOR MINERA;BOCAMINA;ALTO MARAÑON;ANCASH;SIHUAS;CASHAPAMPA;207076.00000000000;9050410.00000000000;18.00000000000;WGS84;IDENTIFICADO;---;---;Bajo;2
35532;-77.6632018393302;-8.58066257423147;5419.00000000000;HALCON;LABOR MINERA;BOCAMINA;ALTO MARAÑON;ANCASH;SIHUAS;CASHAPAMPA;206846.00000000000;9050491.00000000000;18.00000000000;WGS84;IDENTIFICADO;---;---;Medio;3
35533;-77.6587620601925;-8.58320520475368;5421.00000000000;HALCON;LABOR MINERA;BOCAMINA;ALTO MARAÑON;ANCASH;SIHUAS;CASHAPAMPA;207337.00000000000;9050213.00000000000;18.00000000000;WGS84;IDENTIFICADO;---;---;Bajo;2
35534;-77.6566755140929;-8.58602976944192;5424.00000000000;HALCON;LABOR MINERA;BOCAMINA;ALTO MARAÑON;ANCASH;SIHUAS;CASHAPAMPA;207569.00000000000;9049902.00000000000;18.00000000000;WGS84;IDENTIFICADO;---;---;Bajo;2
35535;-77.6567836965591;-8.5859205922618;5425.00000000000;HALCON;LABOR MINERA;BOCAMINA;ALTO MARAÑON;ANCASH;SIHUAS;CASHAPAMPA;207557.00000000000;9049914.00000000000;18.00000000000;WGS84;IDENTIFICADO;---;---;Bajo;2
35536;-77.6574300039287;-8.5822565822737;5426.00000000000;HALCON;LABOR MINERA;BOCAMINA;ALTO MARAÑON;ANCASH;SIHUAS;CASHAPAMPA;207483.00000000000;9050319.00000000000;18.00000000000;WGS84;IDENTIFICADO;---;---;Bajo;2
35537;-77.4442784469376;-9.75670600475498;5429.00000000000;ALIANZA;INFRAESTRUCTURA;PLANTAS DE PROCESAMIENTO;SANTA;ANCASH;RECUAY;TICAPAMPA;231844.00000000000;8920517.00000000000;18.00000000000;WGS84;NO IDENTIFICADO;---;---;Medio;3
35538;-77.6561880893194;-8.59295466009767;5432.00000000000;HALCON;RESIDUO MINERO;DESMONTE DE MINA;ALTO MARAÑON;ANCASH;SIHUAS;CASHAPAMPA;207628.00000000000;9049136.00000000000;18.00000000000;WGS84;IDENTIFICADO;---;---;Muy alto;5
35539;-77.6568263198727;-8.58552271713267;5433.00000000000;HALCON;RESIDUO MINERO;DESMONTE DE MINA;ALTO MARAÑON;ANCASH;SIHUAS;CASHAPAMPA;207552.00000000000;9049958.00000000000;18.00000000000;WGS84;IDENTIFICADO;---;---;Bajo;2
35540;-77.6556129906737;-8.58989544249325;5436.00000000000;HALCON;RESIDUO MINERO;DESMONTE DE MINA;ALTO MARAÑON;ANCASH;SIHUAS;CASHAPAMPA;207689.00000000000;9049475.00000000000;18.00000000000;WGS84;IDENTIFICADO;---;---;Medio;3
35541;-77.655949178531;-8.59123947952716;5437.00000000000;HALCON;RESIDUO MINERO;DESMONTE DE MINA;ALTO MARAÑON;ANCASH;SIHUAS;CASHAPAMPA;207653.00000000000;9049326.00000000000;18.00000000000;WGS84;IDENTIFICADO;---;---;Medio;3
35542;-77.656164664864;-8.58698206525732;5438.00000000000;HALCON;LABOR MINERA;TAJO;ALTO MARAÑON;ANCASH;SIHUAS;CASHAPAMPA;207626.00000000000;9049797.00000000000;18.00000000000;WGS84;IDENTIFICADO;---;---;Insignificante;1
35543;-77.4439013203888;-9.75745877337589;5439.00000000000;ALIANZA;INFRAESTRUCTURA;GENERADORES Y TRANSFORMADORES ELECTRICOS;SANTA;ANCASH;RECUAY;TICAPAMPA;231886.00000000000;8920434.00000000000;18.00000000000;WGS84;NO IDENTIFICADO;---;---;Bajo;2
35544;-77.6563719125974;-8.58545356247719;5440.00000000000;HALCON;RESIDUO MINERO;DESMONTE DE MINA;ALTO MARAÑON;ANCASH;SIHUAS;CASHAPAMPA;207602.00000000000;9049966.00000000000;18.00000000000;WGS84;IDENTIFICADO;---;---;Medio;3
35545;-77.6560022258338;-8.58581754854697;5441.00000000000;HALCON;RESIDUO MINERO;DESMONTE DE MINA;ALTO MARAÑON;ANCASH;SIHUAS;CASHAPAMPA;207643.00000000000;9049926.00000000000;18.00000000000;WGS84;IDENTIFICADO;---;---;Medio;3
35546;-77.6561522941502;-8.58781345713566;5442.00000000000;HALCON;RESIDUO MINERO;DESMONTE DE MINA;ALTO MARAÑON;ANCASH;SIHUAS;CASHAPAMPA;207628.00000000000;9049705.00000000000;18.00000000000;WGS84;IDENTIFICADO;---;---;Medio;3
35547;-77.6546439883513;-8.59154666578755;5447.00000000000;HALCON;RESIDUO MINERO;DESMONTE DE MINA;ALTO MARAÑON;ANCASH;SIHUAS;CASHAPAMPA;207797.00000000000;9049293.00000000000;18.00000000000;WGS84;IDENTIFICADO;---;---;Medio;3
35548;-77.6644163304093;-8.58557873995828;5452.00000000000;HALCON;INFRAESTRUCTURA;CAMPAMENTOS, OFICINAS, TALLERES;ALTO MARAÑON;ANCASH;SIHUAS;CASHAPAMPA;206716.00000000000;9049946.00000000000;18.00000000000;WGS84;IDENTIFICADO;---;---;Bajo;2
35549;-77.6754544355902;-8.59187249817495;5454.00000000000;HALCON;INFRAESTRUCTURA;PLANTAS DE PROCESAMIENTO;ALTO MARAÑON;ANCASH;SIHUAS;CASHAPAMPA;205505.00000000000;9049241.00000000000;18.00000000000;WGS84;IDENTIFICADO;---;---;Insignificante;1
35550;-77.6745438200002;-8.59277336955211;5455.00000000000;HALCON;INFRAESTRUCTURA;PLANTAS DE PROCESAMIENTO;ALTO MARAÑON;ANCASH;SIHUAS;CASHAPAMPA;205606.00000000000;9049142.00000000000;18.00000000000;WGS84;IDENTIFICADO;---;---;Bajo;2
35551;-77.6714019621374;-8.59267771655151;5456.00000000000;HALCON;INFRAESTRUCTURA;PLANTAS DE PROCESAMIENTO;ALTO MARAÑON;ANCASH;SIHUAS;CASHAPAMPA;205952.00000000000;9049155.00000000000;18.00000000000;WGS84;IDENTIFICADO;---;---;Insignificante;1
35552;-77.6569299523489;-8.58606415875205;5460.00000000000;HALCON;LABOR MINERA;CHIMENEA;ALTO MARAÑON;ANCASH;SIHUAS;CASHAPAMPA;207541.00000000000;9049898.00000000000;18.00000000000;WGS84;IDENTIFICADO;---;---;Bajo;2
35553;-77.6569922411042;-8.58588301050735;5461.00000000000;HALCON;LABOR MINERA;CHIMENEA;ALTO MARAÑON;ANCASH;SIHUAS;CASHAPAMPA;207534.00000000000;9049918.00000000000;18.00000000000;WGS84;IDENTIFICADO;---;---;Bajo;2
35554;-77.6766031008375;-8.58608160554921;5468.00000000000;HALCON;LABOR MINERA;BOCAMINA;ALTO MARAÑON;ANCASH;SIHUAS;CASHAPAMPA;205374.00000000000;9049881.00000000000;18.00000000000;WGS84;IDENTIFICADO;---;---;Bajo;2
35555;-77.2234399435238;-9.89476848727632;5470.00000000000;SANTON;RESIDUO MINERO;DESMONTE DE MINA;SANTA;ANCASH;RECUAY;CATAC;256185.00000000000;8905409.00000000000;18.00000000000;WGS84;NO IDENTIFICADO;ACTIVOS MINEROS S.A.C.;---;Medio;3
35556;-77.6767029318302;-8.58348763829325;5473.00000000000;HALCON;LABOR MINERA;TAJO;ALTO MARAÑON;ANCASH;SIHUAS;CASHAPAMPA;205361.00000000000;9050168.00000000000;18.00000000000;WGS84;IDENTIFICADO;---;---;Bajo;2
35557;-77.2231722750471;-9.89427315792438;5475.00000000000;SANTON;RESIDUO MINERO;DESMONTE DE MINA;SANTA;ANCASH;RECUAY;CATAC;256214.00000000000;8905464.00000000000;18.00000000000;WGS84;NO IDENTIFICADO;ACTIVOS MINEROS S.A.C.;---;Medio;3
35558;-77.2211860764204;-9.89440378627722;5477.00000000000;SANTON;RESIDUO MINERO;DESMONTE DE MINA;SANTA;ANCASH;RECUAY;CATAC;256432.00000000000;8905451.00000000000;18.00000000000;WGS84;NO IDENTIFICADO;ACTIVOS MINEROS S.A.C.;---;Bajo;2
35559;-77.2208673678551;-9.89445108334235;5478.00000000000;SANTON;LABOR MINERA;BOCAMINA;SANTA;ANCASH;RECUAY;CATAC;256467.00000000000;8905446.00000000000;18.00000000000;WGS84;NO IDENTIFICADO;ACTIVOS MINEROS S.A.C.;---;Bajo;2
35560;-77.2204566625229;-9.8943724531422;5480.00000000000;SANTON;RESIDUO MINERO;DESMONTE DE MINA;SANTA;ANCASH;RECUAY;CATAC;256512.00000000000;8905455.00000000000;18.00000000000;WGS84;NO IDENTIFICADO;ACTIVOS MINEROS S.A.C.;---;Medio;3
35561;-77.220374509322;-9.89435491947721;5481.00000000000;SANTON;LABOR MINERA;BOCAMINA;SANTA;ANCASH;RECUAY;CATAC;256521.00000000000;8905457.00000000000;18.00000000000;WGS84;NO IDENTIFICADO;ACTIVOS MINEROS S.A.C.;---;Medio;3
35562;-77.2201112169892;-9.89451030814332;5482.00000000000;SANTON;LABOR MINERA;CHIMENEA;SANTA;ANCASH;RECUAY;CATAC;256550.00000000000;8905440.00000000000;18.00000000000;WGS84;NO IDENTIFICADO;ACTIVOS MINEROS S.A.C.;---;Medio;3
35563;-77.2233568172834;-9.89460634993308;5490.00000000000;SANTON;LABOR MINERA;BOCAMINA;SANTA;ANCASH;RECUAY;CATAC;256194.00000000000;8905427.00000000000;18.00000000000;WGS84;NO IDENTIFICADO;ACTIVOS MINEROS S.A.C.;---;Medio;3
35564;-77.1907576917986;-10.0509847396321;5491.00000000000;NUEVA ESPERANZA 1;LABOR MINERA;BOCAMINA;SANTA;ANCASH;BOLOGNESI;AQUIA;259885.00000000000;8888149.00000000000;18.00000000000;WGS84;NO IDENTIFICADO;ACTIVOS MINEROS S.A.C.;---;Medio;3
35565;-77.1906387163551;-10.0509222587773;5492.00000000000;NUEVA ESPERANZA 1;RESIDUO MINERO;DESMONTE DE MINA;SANTA;ANCASH;BOLOGNESI;AQUIA;259898.00000000000;8888156.00000000000;18.00000000000;WGS84;NO IDENTIFICADO;ACTIVOS MINEROS S.A.C.;---;Medio;3
35566;-77.1904008264578;-10.0508063348062;5493.00000000000;NUEVA ESPERANZA 1;LABOR MINERA;BOCAMINA;SANTA;ANCASH;BOLOGNESI;AQUIA;259924.00000000000;8888169.00000000000;18.00000000000;WGS84;NO IDENTIFICADO;ACTIVOS MINEROS S.A.C.;---;Medio;3
35567;-77.1902196603556;-10.0509882993022;5494.00000000000;NUEVA ESPERANZA 1;RESIDUO MINERO;DESMONTE DE MINA;SANTA;ANCASH;BOLOGNESI;AQUIA;259944.00000000000;8888149.00000000000;18.00000000000;WGS84;NO IDENTIFICADO;ACTIVOS MINEROS S.A.C.;---;Bajo;2
35568;-77.1906081323255;-10.0504434313446;5495.00000000000;NUEVA ESPERANZA 1;LABOR MINERA;BOCAMINA;SANTA;ANCASH;BOLOGNESI;AQUIA;259901.00000000000;8888209.00000000000;18.00000000000;WGS84;NO IDENTIFICADO;ACTIVOS MINEROS S.A.C.;---;Medio;3
35569;-77.1904455700932;-10.0506795026079;5496.00000000000;NUEVA ESPERANZA 1;RESIDUO MINERO;DESMONTE DE MINA;SANTA;ANCASH;BOLOGNESI;AQUIA;259919.00000000000;8888183.00000000000;18.00000000000;WGS84;NO IDENTIFICADO;ACTIVOS MINEROS S.A.C.;---;Medio;3
35570;-77.1908258839234;-10.0489235566788;5497.00000000000;NUEVA ESPERANZA 1;LABOR MINERA;BOCAMINA;SANTA;ANCASH;BOLOGNESI;AQUIA;259876.00000000000;8888377.00000000000;18.00000000000;WGS84;NO IDENTIFICADO;ACTIVOS MINEROS S.A.C.;---;Medio;3
35571;-77.1908899003652;-10.0489502480429;5498.00000000000;NUEVA ESPERANZA 1;RESIDUO MINERO;DESMONTE DE MINA;SANTA;ANCASH;BOLOGNESI;AQUIA;259869.00000000000;8888374.00000000000;18.00000000000;WGS84;NO IDENTIFICADO;ACTIVOS MINEROS S.A.C.;---;Medio;3
35572;-77.1917674668718;-10.0492607810972;5499.00000000000;NUEVA ESPERANZA 1;LABOR MINERA;BOCAMINA;SANTA;ANCASH;BOLOGNESI;AQUIA;259773.00000000000;8888339.00000000000;18.00000000000;WGS84;NO IDENTIFICADO;---;---;Bajo;2
35573;-77.1922962972753;-10.0478924987289;5500.00000000000;NUEVA ESPERANZA 1;LABOR MINERA;BOCAMINA;SANTA;ANCASH;BOLOGNESI;AQUIA;259714.00000000000;8888490.00000000000;18.00000000000;WGS84;NO IDENTIFICADO;ACTIVOS MINEROS S.A.C.;---;Medio;3
35574;-77.192442385269;-10.0479186465171;5501.00000000000;NUEVA ESPERANZA 1;RESIDUO MINERO;DESMONTE DE MINA;SANTA;ANCASH;BOLOGNESI;AQUIA;259698.00000000000;8888487.00000000000;18.00000000000;WGS84;NO IDENTIFICADO;ACTIVOS MINEROS S.A.C.;---;Medio;3
35575;-77.1924849351083;-10.0474664504003;5502.00000000000;NUEVA ESPERANZA 1;LABOR MINERA;TAJEO COMUNICADO;SANTA;ANCASH;BOLOGNESI;AQUIA;259693.00000000000;8888537.00000000000;18.00000000000;WGS84;NO IDENTIFICADO;ACTIVOS MINEROS S.A.C.;---;Medio;3
35576;-77.1925946684618;-10.0475109153973;5503.00000000000;NUEVA ESPERANZA 1;RESIDUO MINERO;DESMONTE DE MINA;SANTA;ANCASH;BOLOGNESI;AQUIA;259681.00000000000;8888532.00000000000;18.00000000000;WGS84;NO IDENTIFICADO;ACTIVOS MINEROS S.A.C.;---;Medio;3
35577;-77.1929193605225;-10.0469755067934;5504.00000000000;NUEVA ESPERANZA 1;LABOR MINERA;BOCAMINA;SANTA;ANCASH;BOLOGNESI;AQUIA;259645.00000000000;8888591.00000000000;18.00000000000;WGS84;NO IDENTIFICADO;ACTIVOS MINEROS S.A.C.;---;Medio;3
35578;-77.193010794702;-10.0470110545464;5505.00000000000;NUEVA ESPERANZA 1;RESIDUO MINERO;DESMONTE DE MINA;SANTA;ANCASH;BOLOGNESI;AQUIA;259635.00000000000;8888587.00000000000;18.00000000000;WGS84;NO IDENTIFICADO;ACTIVOS MINEROS S.A.C.;---;Bajo;2
35579;-77.1943196599863;-10.0490721513399;5506.00000000000;NUEVA ESPERANZA 1;LABOR MINERA;BOCAMINA;SANTA;ANCASH;BOLOGNESI;AQUIA;259493.00000000000;8888358.00000000000;18.00000000000;WGS84;NO IDENTIFICADO;ACTIVOS MINEROS S.A.C.;---;Medio;3
35580;-77.1946036935929;-10.0492691111452;5507.00000000000;NUEVA ESPERANZA 1;RESIDUO MINERO;DESMONTE DE MINA;SANTA;ANCASH;BOLOGNESI;AQUIA;259462.00000000000;8888336.00000000000;18.00000000000;WGS84;NO IDENTIFICADO;ACTIVOS MINEROS S.A.C.;---;Alto;4
35581;-77.1929461888014;-10.0482497274939;5508.00000000000;NUEVA ESPERANZA 1;LABOR MINERA;BOCAMINA;SANTA;ANCASH;BOLOGNESI;AQUIA;259643.00000000000;8888450.00000000000;18.00000000000;WGS84;NO IDENTIFICADO;ACTIVOS MINEROS S.A.C.;---;Alto;4
35582;-77.1930655290074;-10.0483664349304;5509.00000000000;NUEVA ESPERANZA 1;RESIDUO MINERO;DESMONTE DE MINA;SANTA;ANCASH;BOLOGNESI;AQUIA;259630.00000000000;8888437.00000000000;18.00000000000;WGS84;NO IDENTIFICADO;ACTIVOS MINEROS S.A.C.;---;Alto;4
35583;-77.1928145007582;-10.0476540725631;5510.00000000000;NUEVA ESPERANZA 1;LABOR MINERA;BOCAMINA;SANTA;ANCASH;BOLOGNESI;AQUIA;259657.00000000000;8888516.00000000000;18.00000000000;WGS84;NO IDENTIFICADO;ACTIVOS MINEROS S.A.C.;---;Alto;4
35584;-77.4638263895799;-9.81824103829073;5621.00000000000;SAN SALVADOR;RESIDUO MINERO;DESMONTE DE MINA;SANTA;ANCASH;RECUAY;CATAC;229748.00000000000;8913692.00000000000;18.00000000000;WGS84;NO IDENTIFICADO;---;---;Medio;3
35585;-77.4639631876114;-9.81825811623327;5623.00000000000;SAN SALVADOR;LABOR MINERA;BOCAMINA;SANTA;ANCASH;RECUAY;CATAC;229733.00000000000;8913690.00000000000;18.00000000000;WGS84;NO IDENTIFICADO;---;---;Bajo;2
35586;-77.4637386225306;-9.81869351421748;5624.00000000000;SAN SALVADOR;LABOR MINERA;BOCAMINA;SANTA;ANCASH;RECUAY;CATAC;229758.00000000000;8913642.00000000000;18.00000000000;WGS84;NO IDENTIFICADO;---;---;Bajo;2
35587;-77.4633958352709;-9.81792788513152;5625.00000000000;SAN SALVADOR;LABOR MINERA;BOCAMINA;SANTA;ANCASH;RECUAY;CATAC;229795.00000000000;8913727.00000000000;18.00000000000;WGS84;NO IDENTIFICADO;---;---;Medio;3
35588;-77.4630474138549;-9.81763220725782;5626.00000000000;SAN SALVADOR;RESIDUO MINERO;DESMONTE DE MINA;SANTA;ANCASH;RECUAY;CATAC;229833.00000000000;8913760.00000000000;18.00000000000;WGS84;NO IDENTIFICADO;---;---;Bajo;2
35589;-77.4935181409162;-9.77527169049737;5631.00000000000;SAN JULIO;LABOR MINERA;BOCAMINA;SANTA;ANCASH;RECUAY;TICAPAMPA;226454.00000000000;8918423.00000000000;18.00000000000;WGS84;NO IDENTIFICADO;COMPAÑIA MINERA LINCUNA S.A.;PCPAM DE LA UNIDAD MINERA LINCUNA DOS;Medio;3
35590;-77.4929555692083;-9.77557402294913;5632.00000000000;SAN JULIO;RESIDUO MINERO;DESMONTE DE MINA;SANTA;ANCASH;RECUAY;TICAPAMPA;226516.00000000000;8918390.00000000000;18.00000000000;WGS84;NO IDENTIFICADO;COMPAÑIA MINERA LINCUNA S.A.;PCPAM DE LA UNIDAD MINERA LINCUNA DOS;Alto;4
35591;-77.4722546281648;-9.76658003582321;5636.00000000000;EL TRIUNFO 1;RESIDUO MINERO;DESMONTE DE MINA;SANTA;ANCASH;RECUAY;TICAPAMPA;228781.00000000000;8919402.00000000000;18.00000000000;WGS84;IDENTIFICADO;COMPAÑIA MINERA LINCUNA S.A.;PCPAM DE LA UNIDAD MINERA LINCUNA DOS;Alto;4
35592;-77.4889716177468;-9.77151866911569;5642.00000000000;SAN PEDRO NUEVO;RESIDUO MINERO;DESMONTE DE MINA;SANTA;ANCASH;RECUAY;TICAPAMPA;226950.00000000000;8918842.00000000000;18.00000000000;WGS84;NO IDENTIFICADO;COMPAÑIA MINERA LINCUNA S.A.;PCPAM DE LA UNIDAD MINERA LINCUNA DOS;Medio;3
35593;-77.4893167035436;-9.77137155799835;5643.00000000000;SAN PEDRO NUEVO;LABOR MINERA;BOCAMINA;SANTA;ANCASH;RECUAY;TICAPAMPA;226912.00000000000;8918858.00000000000;18.00000000000;WGS84;NO IDENTIFICADO;COMPAÑIA MINERA LINCUNA S.A.;PCPAM DE LA UNIDAD MINERA LINCUNA DOS;Medio;3
35594;-77.4883627205159;-9.77294187154388;5644.00000000000;SAN PEDRO NUEVO;RESIDUO MINERO;DESMONTE DE MINA;SANTA;ANCASH;RECUAY;TICAPAMPA;227018.00000000000;8918685.00000000000;18.00000000000;WGS84;NO IDENTIFICADO;COMPAÑIA MINERA LINCUNA S.A.;PCPAM DE LA UNIDAD MINERA LINCUNA DOS;Medio;3
35595;-77.4877321734677;-9.77390436538891;5645.00000000000;SAN PEDRO NUEVO;RESIDUO MINERO;DESMONTE DE MINA;SANTA;ANCASH;RECUAY;TICAPAMPA;227088.00000000000;8918579.00000000000;18.00000000000;WGS84;NO IDENTIFICADO;COMPAÑIA MINERA LINCUNA S.A.;PCPAM DE LA UNIDAD MINERA LINCUNA DOS;Medio;3
35596;-77.4877302922162;-9.77365135410588;5646.00000000000;SAN PEDRO NUEVO;LABOR MINERA;BOCAMINA;SANTA;ANCASH;RECUAY;TICAPAMPA;227088.00000000000;8918607.00000000000;18.00000000000;WGS84;NO IDENTIFICADO;COMPAÑIA MINERA LINCUNA S.A.;PCPAM DE LA UNIDAD MINERA LINCUNA DOS;Alto;4
35597;-77.4806607317487;-9.80797900432333;5726.00000000000;LA FLORIDA;RESIDUO MINERO;DESMONTE DE MINA;SANTA;ANCASH;RECUAY;TICAPAMPA;227892.00000000000;8914814.00000000000;18.00000000000;WGS84;NO IDENTIFICADO;COMPAÑIA MINERA LINCUNA S.A.;PCPAM DE LA UNIDAD MINERA LINCUNA TRES;Medio;3
35598;-77.4807421559289;-9.80912606148769;5729.00000000000;LA FLORIDA;RESIDUO MINERO;DESMONTE DE MINA;SANTA;ANCASH;RECUAY;TICAPAMPA;227884.00000000000;8914687.00000000000;18.00000000000;WGS84;NO IDENTIFICADO;---;---;Medio;3
35599;-77.4805457234261;-9.80844071480103;5730.00000000000;LA FLORIDA;LABOR MINERA;BOCAMINA;SANTA;ANCASH;RECUAY;TICAPAMPA;227905.00000000000;8914763.00000000000;18.00000000000;WGS84;NO IDENTIFICADO;COMPAÑIA MINERA LINCUNA S.A.;PCPAM DE LA UNIDAD MINERA LINCUNA TRES;Bajo;2
35600;-77.4766576222863;-9.80139344182114;5732.00000000000;NIVEL TRES;LABOR MINERA;BOCAMINA;SANTA;ANCASH;RECUAY;TICAPAMPA;228326.00000000000;8915546.00000000000;18.00000000000;WGS84;IDENTIFICADO;MINEM;---;Bajo;2
35601;-77.4804024805823;-9.79898039755777;5738.00000000000;NIVEL TRES;LABOR MINERA;TAJEO COMUNICADO;SANTA;ANCASH;RECUAY;TICAPAMPA;227913.00000000000;8915810.00000000000;18.00000000000;WGS84;IDENTIFICADO;COMPAÑIA MINERA LINCUNA S.A.;PCPAM DE LA UNIDAD MINERA LINCUNA DOS;Alto;4
35602;-77.4799122023279;-9.79920989857571;5740.00000000000;NIVEL TRES;LABOR MINERA;BOCAMINA;SANTA;ANCASH;RECUAY;TICAPAMPA;227967.00000000000;8915785.00000000000;18.00000000000;WGS84;IDENTIFICADO;COMPAÑIA MINERA LINCUNA S.A.;PCPAM DE LA UNIDAD MINERA LINCUNA DOS;Alto;4
35603;-77.4798113172442;-9.79912026966021;5741.00000000000;NIVEL TRES;RESIDUO MINERO;DESMONTE DE MINA;SANTA;ANCASH;RECUAY;TICAPAMPA;227978.00000000000;8915795.00000000000;18.00000000000;WGS84;IDENTIFICADO;COMPAÑIA MINERA LINCUNA S.A.;PCPAM DE LA UNIDAD MINERA LINCUNA DOS;Medio;3
35604;-77.4792293977692;-9.79927814658737;5742.00000000000;NIVEL TRES;LABOR MINERA;TAJEO COMUNICADO;SANTA;ANCASH;RECUAY;TICAPAMPA;228042.00000000000;8915778.00000000000;18.00000000000;WGS84;IDENTIFICADO;COMPAÑIA MINERA LINCUNA S.A.;PCPAM DE LA UNIDAD MINERA LINCUNA DOS;Alto;4
35605;-77.2166737504331;-9.97689812500496;5808.00000000000;JHON RAFAEL III;LABOR MINERA;TRINCHERA;SANTA;ANCASH;BOLOGNESI;AQUIA;256988.00000000000;8896327.00000000000;18.00000000000;WGS84;NO IDENTIFICADO;---;---;Medio;3
35606;-77.2166909330713;-9.97943773983609;5809.00000000000;JHON RAFAEL III;LABOR MINERA;TAJEO COMUNICADO;SANTA;ANCASH;BOLOGNESI;AQUIA;256988.00000000000;8896046.00000000000;18.00000000000;WGS84;NO IDENTIFICADO;---;---;Bajo;2
35607;-77.2166630316198;-9.97935658173748;5810.00000000000;JHON RAFAEL III;LABOR MINERA;BOCAMINA;SANTA;ANCASH;BOLOGNESI;AQUIA;256991.00000000000;8896055.00000000000;18.00000000000;WGS84;NO IDENTIFICADO;---;---;Medio;3
35608;-77.2167083720724;-9.97932012751902;5811.00000000000;JHON RAFAEL III;RESIDUO MINERO;DESMONTE DE MINA;SANTA;ANCASH;BOLOGNESI;AQUIA;256986.00000000000;8896059.00000000000;18.00000000000;WGS84;NO IDENTIFICADO;---;---;Medio;3
35609;-77.2166252793341;-9.97916703095561;5812.00000000000;JHON RAFAEL III;LABOR MINERA;BOCAMINA;SANTA;ANCASH;BOLOGNESI;AQUIA;256995.00000000000;8896076.00000000000;18.00000000000;WGS84;NO IDENTIFICADO;---;---;Medio;3
35610;-77.2166646334859;-9.9768981856139;5813.00000000000;JHON RAFAEL III;RESIDUO MINERO;DESMONTE DE MINA;SANTA;ANCASH;BOLOGNESI;AQUIA;256989.00000000000;8896327.00000000000;18.00000000000;WGS84;NO IDENTIFICADO;---;---;Bajo;2
35611;-77.9197131554704;-8.7455001676779;5815.00000000000;PLANTA CONCENTRADORA TUNGSTENO PERUANA;RESIDUO MINERO;DESMONTE DE MINA;SANTA;ANCASH;CORONGO;LA PAMPA;178728.00000000000;9032039.00000000000;18.00000000000;WGS84;NO IDENTIFICADO;---;---;Bajo;2
35612;-77.8512970159546;-8.17432381498614;5817.00000000000;PLANTA CONSUSO;LABOR MINERA;BOCAMINA;SANTA;ANCASH;PALLASCA;PAMPAS;185799.00000000000;9095318.00000000000;18.00000000000;WGS84;NO IDENTIFICADO;ACTIVOS MINEROS S.A.C.;---;Medio;3
35613;-77.8521454017171;-8.17376671397849;5823.00000000000;PLANTA CONSUSO;LABOR MINERA;BOCAMINA;SANTA;ANCASH;PALLASCA;PAMPAS;185705.00000000000;9095379.00000000000;18.00000000000;WGS84;NO IDENTIFICADO;ACTIVOS MINEROS S.A.C.;---;Alto;4
35614;-77.8963055297318;-8.3073769960005;5828.00000000000;ATAHUALPA;LABOR MINERA;BOCAMINA;SANTA;ANCASH;PALLASCA;LACABAMBA;180942.00000000000;9080555.00000000000;18.00000000000;WGS84;NO IDENTIFICADO;---;---;Bajo;2
35615;-77.8514825571682;-8.16086989666382;5832.00000000000;PASTO BUENO;LABOR MINERA;BOCAMINA;SANTA;ANCASH;PALLASCA;PAMPAS;185768.00000000000;9096807.00000000000;18.00000000000;WGS84;NO IDENTIFICADO;---;---;Insignificante;1
35616;-77.8493764488787;-8.1579574932702;5834.00000000000;PASTO BUENO;LABOR MINERA;BOCAMINA;SANTA;ANCASH;PALLASCA;PAMPAS;185998.00000000000;9097131.00000000000;18.00000000000;WGS84;NO IDENTIFICADO;---;---;Bajo;2
35617;-77.8497003526914;-8.15760286123282;5835.00000000000;PASTO BUENO;LABOR MINERA;BOCAMINA;SANTA;ANCASH;PALLASCA;PAMPAS;185962.00000000000;9097170.00000000000;18.00000000000;WGS84;NO IDENTIFICADO;---;---;Bajo;2
35618;-77.8533341851191;-8.15986303590385;5836.00000000000;PASTO BUENO;LABOR MINERA;BOCAMINA;SANTA;ANCASH;PALLASCA;PAMPAS;185563.00000000000;9096917.00000000000;18.00000000000;WGS84;NO IDENTIFICADO;---;---;Medio;3
35619;-77.8527099920103;-8.1600661977281;5837.00000000000;PASTO BUENO;LABOR MINERA;BOCAMINA;SANTA;ANCASH;PALLASCA;PAMPAS;185632.00000000000;9096895.00000000000;18.00000000000;WGS84;NO IDENTIFICADO;---;---;Medio;3
35620;-77.8513704867882;-8.16040991837827;5838.00000000000;PASTO BUENO;LABOR MINERA;BOCAMINA;SANTA;ANCASH;PALLASCA;PAMPAS;185780.00000000000;9096858.00000000000;18.00000000000;WGS84;NO IDENTIFICADO;---;---;Bajo;2
35621;-77.8501818290764;-8.16667931755316;5839.00000000000;PASTO BUENO;LABOR MINERA;BOCAMINA;SANTA;ANCASH;PALLASCA;PAMPAS;185916.00000000000;9096165.00000000000;18.00000000000;WGS84;NO IDENTIFICADO;---;---;Insignificante;1
35622;-77.8511457409681;-8.16068254151163;5841.00000000000;PASTO BUENO;LABOR MINERA;TAJEO COMUNICADO;SANTA;ANCASH;PALLASCA;PAMPAS;185805.00000000000;9096828.00000000000;18.00000000000;WGS84;NO IDENTIFICADO;---;---;Medio;3
35623;-77.8494489825522;-8.15795698280115;5843.00000000000;PASTO BUENO;RESIDUO MINERO;DESMONTE DE MINA;SANTA;ANCASH;PALLASCA;PAMPAS;185990.00000000000;9097131.00000000000;18.00000000000;WGS84;NO IDENTIFICADO;---;---;Bajo;2
35624;-77.8514434053977;-8.16046361266781;5844.00000000000;PASTO BUENO;RESIDUO MINERO;DESMONTE DE MINA;SANTA;ANCASH;PALLASCA;PAMPAS;185772.00000000000;9096852.00000000000;18.00000000000;WGS84;NO IDENTIFICADO;---;---;Bajo;2
35625;-77.8523923357874;-8.16002326304229;5845.00000000000;PASTO BUENO;RESIDUO MINERO;DESMONTE DE MINA;SANTA;ANCASH;PALLASCA;PAMPAS;185667.00000000000;9096900.00000000000;18.00000000000;WGS84;NO IDENTIFICADO;---;---;Bajo;2
35626;-77.8532085979408;-8.16005364879013;5847.00000000000;PASTO BUENO;RESIDUO MINERO;DESMONTE DE MINA;SANTA;ANCASH;PALLASCA;PAMPAS;185577.00000000000;9096896.00000000000;18.00000000000;WGS84;NO IDENTIFICADO;---;---;Medio;3
35627;-77.852153881829;-8.16091937440173;5848.00000000000;PASTO BUENO;RESIDUO MINERO;DESMONTE DE MINA;SANTA;ANCASH;PALLASCA;PAMPAS;185694.00000000000;9096801.00000000000;18.00000000000;WGS84;NO IDENTIFICADO;---;---;Bajo;2
35628;-77.8347201949252;-8.17414229477235;5852.00000000000;PARAGON;LABOR MINERA;BOCAMINA;SANTA;ANCASH;PALLASCA;PAMPAS;187627.00000000000;9095351.00000000000;18.00000000000;WGS84;NO IDENTIFICADO;ACTIVOS MINEROS S.A.C.;---;Alto;4
35629;-77.8347201949252;-8.17414229477235;5853.00000000000;PARAGON;RESIDUO MINERO;DESMONTE DE MINA;SANTA;ANCASH;PALLASCA;PAMPAS;187627.00000000000;9095351.00000000000;18.00000000000;WGS84;NO IDENTIFICADO;ACTIVOS MINEROS S.A.C.;---;Medio;3
35630;-77.8324396535932;-8.17606462913945;5854.00000000000;PARAGON;RESIDUO MINERO;DESMONTE DE MINA;SANTA;ANCASH;PALLASCA;PAMPAS;187880.00000000000;9095140.00000000000;18.00000000000;WGS84;NO IDENTIFICADO;ACTIVOS MINEROS S.A.C.;---;Medio;3
35631;-77.8024084021411;-8.1567674274433;5858.00000000000;PUSHAQUILCA;LABOR MINERA;BOCAMINA;SANTA;ANCASH;PALLASCA;PAMPAS;191177.00000000000;9097299.00000000000;18.00000000000;WGS84;IDENTIFICADO;ACTIVOS MINEROS S.A.C.;PCPAM DE LA EUM PUSHAQUILCA;Bajo;2
35632;-77.8024442346705;-8.15930602355112;5859.00000000000;PUSHAQUILCA;LABOR MINERA;BOCAMINA;SANTA;ANCASH;PALLASCA;PAMPAS;191175.00000000000;9097018.00000000000;18.00000000000;WGS84;IDENTIFICADO;ACTIVOS MINEROS S.A.C.;PCPAM DE LA EUM PUSHAQUILCA;Medio;3
35633;-77.8024716249805;-8.15933293903312;5860.00000000000;PUSHAQUILCA;RESIDUO MINERO;DESMONTE DE MINA;SANTA;ANCASH;PALLASCA;PAMPAS;191172.00000000000;9097015.00000000000;18.00000000000;WGS84;IDENTIFICADO;ACTIVOS MINEROS S.A.C.;PCPAM DE LA EUM PUSHAQUILCA;Bajo;2
35634;-77.8023447438609;-8.1567407628796;5861.00000000000;PUSHAQUILCA;RESIDUO MINERO;DESMONTE DE MINA;SANTA;ANCASH;PALLASCA;PAMPAS;191184.00000000000;9097302.00000000000;18.00000000000;WGS84;IDENTIFICADO;ACTIVOS MINEROS S.A.C.;PCPAM DE LA EUM PUSHAQUILCA;Bajo;2
35635;-77.5136300271387;-9.58882755019725;6135.00000000000;HUACRISH;LABOR MINERA;BOCAMINA;SANTA;ANCASH;HUARAZ;HUARAZ;224094.00000000000;8939039.00000000000;18.00000000000;WGS84;NO IDENTIFICADO;ACTIVOS MINEROS S.A.C.;---;Insignificante;1
35636;-77.5824951659125;-9.50756549597908;6278.00000000000;SANTO TORIBIO 2;RESIDUO MINERO;DESMONTE DE MINA;SANTA;ANCASH;HUARAZ;INDEPENDENCIA;216463.00000000000;8947976.00000000000;18.00000000000;WGS84;NO IDENTIFICADO;---;---;Bajo;2
35637;-77.582102094938;-9.50734250056184;6279.00000000000;SANTO TORIBIO 2;RESIDUO MINERO;DESMONTE DE MINA;SANTA;ANCASH;HUARAZ;INDEPENDENCIA;216506.00000000000;8948001.00000000000;18.00000000000;WGS84;NO IDENTIFICADO;---;---;Bajo;2
35638;-77.5823995219213;-9.50816258545519;6283.00000000000;SANTO TORIBIO 2;LABOR MINERA;BOCAMINA;SANTA;ANCASH;HUARAZ;INDEPENDENCIA;216474.00000000000;8947910.00000000000;18.00000000000;WGS84;NO IDENTIFICADO;---;---;Bajo;2
35639;-77.582317741496;-9.50818126249706;6284.00000000000;SANTO TORIBIO 2;RESIDUO MINERO;DESMONTE DE MINA;SANTA;ANCASH;HUARAZ;INDEPENDENCIA;216483.00000000000;8947908.00000000000;18.00000000000;WGS84;NO IDENTIFICADO;---;---;Bajo;2
35640;-77.5823394187982;-9.50743110646152;6289.00000000000;SANTO TORIBIO 2;LABOR MINERA;BOCAMINA;SANTA;ANCASH;HUARAZ;INDEPENDENCIA;216480.00000000000;8947991.00000000000;18.00000000000;WGS84;NO IDENTIFICADO;---;---;Medio;3
35641;-77.5822368425651;-9.50831740221679;6290.00000000000;SANTO TORIBIO 2;LABOR MINERA;BOCAMINA;SANTA;ANCASH;HUARAZ;INDEPENDENCIA;216492.00000000000;8947893.00000000000;18.00000000000;WGS84;NO IDENTIFICADO;---;---;Bajo;2
35642;-77.5831431546528;-9.50779564110052;6291.00000000000;SANTO TORIBIO 2;RESIDUO MINERO;DESMONTE DE MINA;SANTA;ANCASH;HUARAZ;INDEPENDENCIA;216392.00000000000;8947950.00000000000;18.00000000000;WGS84;NO IDENTIFICADO;---;---;Bajo;2
35643;-77.5821467739803;-9.50844457365566;6300.00000000000;SANTO TORIBIO 2;RESIDUO MINERO;DESMONTE DE MINA;SANTA;ANCASH;HUARAZ;INDEPENDENCIA;216502.00000000000;8947879.00000000000;18.00000000000;WGS84;NO IDENTIFICADO;---;---;Bajo;2
35644;-77.4577793963449;-9.07998511445946;7264.00000000000;LA DESCUIDADA;LABOR MINERA;TRINCHERA;ALTO MARAÑON;ANCASH;YUNGAY;YANAMA;229836.00000000000;8995390.00000000000;18.00000000000;WGS84;NO IDENTIFICADO;S.M.R.L. LA DESCUIDADA DE HUARAZ;PCPAM EN LAS CONCESIONES LA DESCUIDADA, LA DESCUIDADA 2 Y LA DESCUIDADA 3;Alto;4
35645;-77.4582223595724;-9.07961161110352;7265.00000000000;LA DESCUIDADA;RESIDUO MINERO;DESMONTE DE MINA;ALTO MARAÑON;ANCASH;YUNGAY;YANAMA;229787.00000000000;8995431.00000000000;18.00000000000;WGS84;NO IDENTIFICADO;S.M.R.L. LA DESCUIDADA DE HUARAZ;PCPAM EN LAS CONCESIONES LA DESCUIDADA, LA DESCUIDADA 2 Y LA DESCUIDADA 3;Medio;3
35646;-77.458587193728;-9.07978085882665;7266.00000000000;LA DESCUIDADA;LABOR MINERA;BOCAMINA;ALTO MARAÑON;ANCASH;YUNGAY;YANAMA;229747.00000000000;8995412.00000000000;18.00000000000;WGS84;NO IDENTIFICADO;S.M.R.L. LA DESCUIDADA DE HUARAZ;PCPAM EN LAS CONCESIONES LA DESCUIDADA, LA DESCUIDADA 2 Y LA DESCUIDADA 3;Medio;3
35647;-77.4586789721714;-9.07990675989436;7267.00000000000;LA DESCUIDADA;RESIDUO MINERO;DESMONTE DE MINA;ALTO MARAÑON;ANCASH;YUNGAY;YANAMA;229737.00000000000;8995398.00000000000;18.00000000000;WGS84;NO IDENTIFICADO;S.M.R.L. LA DESCUIDADA DE HUARAZ;PCPAM EN LAS CONCESIONES LA DESCUIDADA, LA DESCUIDADA 2 Y LA DESCUIDADA 3;Medio;3
35648;-77.4586985107484;-9.08010544418559;7268.00000000000;LA DESCUIDADA;LABOR MINERA;BOCAMINA;ALTO MARAÑON;ANCASH;YUNGAY;YANAMA;229735.00000000000;8995376.00000000000;18.00000000000;WGS84;NO IDENTIFICADO;S.M.R.L. LA DESCUIDADA DE HUARAZ;PCPAM EN LAS CONCESIONES LA DESCUIDADA, LA DESCUIDADA 2 Y LA DESCUIDADA 3;Medio;3
35649;-77.4585408117159;-9.07964561489984;7269.00000000000;LA DESCUIDADA;RESIDUO MINERO;DESMONTE DE MINA;ALTO MARAÑON;ANCASH;YUNGAY;YANAMA;229752.00000000000;8995427.00000000000;18.00000000000;WGS84;NO IDENTIFICADO;S.M.R.L. LA DESCUIDADA DE HUARAZ;PCPAM EN LAS CONCESIONES LA DESCUIDADA, LA DESCUIDADA 2 Y LA DESCUIDADA 3;Medio;3
35650;-77.4585317201236;-9.07964567612943;7270.00000000000;LA DESCUIDADA;LABOR MINERA;BOCAMINA;ALTO MARAÑON;ANCASH;YUNGAY;YANAMA;229753.00000000000;8995427.00000000000;18.00000000000;WGS84;NO IDENTIFICADO;S.M.R.L. LA DESCUIDADA DE HUARAZ;PCPAM EN LAS CONCESIONES LA DESCUIDADA, LA DESCUIDADA 2 Y LA DESCUIDADA 3;Medio;3
35651;-77.4583025824465;-9.07937610657859;7271.00000000000;LA DESCUIDADA;RESIDUO MINERO;DESMONTE DE MINA;ALTO MARAÑON;ANCASH;YUNGAY;YANAMA;229778.00000000000;8995457.00000000000;18.00000000000;WGS84;NO IDENTIFICADO;S.M.R.L. LA DESCUIDADA DE HUARAZ;PCPAM EN LAS CONCESIONES LA DESCUIDADA, LA DESCUIDADA 2 Y LA DESCUIDADA 3;Medio;3
35652;-77.4583026440406;-9.07938514325257;7272.00000000000;LA DESCUIDADA;LABOR MINERA;BOCAMINA;ALTO MARAÑON;ANCASH;YUNGAY;YANAMA;229778.00000000000;8995456.00000000000;18.00000000000;WGS84;NO IDENTIFICADO;S.M.R.L. LA DESCUIDADA DE HUARAZ;PCPAM EN LAS CONCESIONES LA DESCUIDADA, LA DESCUIDADA 2 Y LA DESCUIDADA 3;Alto;4
35653;-77.4583113044694;-9.07932182531291;7273.00000000000;LA DESCUIDADA;LABOR MINERA;BOCAMINA;ALTO MARAÑON;ANCASH;YUNGAY;YANAMA;229777.00000000000;8995463.00000000000;18.00000000000;WGS84;NO IDENTIFICADO;S.M.R.L. LA DESCUIDADA DE HUARAZ;PCPAM EN LAS CONCESIONES LA DESCUIDADA, LA DESCUIDADA 2 Y LA DESCUIDADA 3;Medio;3
35654;-77.4580832141666;-9.07920587900616;7274.00000000000;LA DESCUIDADA;RESIDUO MINERO;DESMONTE DE MINA;ALTO MARAÑON;ANCASH;YUNGAY;YANAMA;229802.00000000000;8995476.00000000000;18.00000000000;WGS84;NO IDENTIFICADO;S.M.R.L. LA DESCUIDADA DE HUARAZ;PCPAM EN LAS CONCESIONES LA DESCUIDADA, LA DESCUIDADA 2 Y LA DESCUIDADA 3;Medio;3
35655;-77.458155700483;-9.07916924257563;7275.00000000000;LA DESCUIDADA;LABOR MINERA;BOCAMINA;ALTO MARAÑON;ANCASH;YUNGAY;YANAMA;229794.00000000000;8995480.00000000000;18.00000000000;WGS84;NO IDENTIFICADO;S.M.R.L. LA DESCUIDADA DE HUARAZ;PCPAM EN LAS CONCESIONES LA DESCUIDADA, LA DESCUIDADA 2 Y LA DESCUIDADA 3;Alto;4
35656;-77.4567191680336;-9.07916987534725;7276.00000000000;LA DESCUIDADA;RESIDUO MINERO;DESMONTE DE MINA;ALTO MARAÑON;ANCASH;YUNGAY;YANAMA;229952.00000000000;8995481.00000000000;18.00000000000;WGS84;NO IDENTIFICADO;S.M.R.L. LA DESCUIDADA DE HUARAZ;PCPAM EN LAS CONCESIONES LA DESCUIDADA, LA DESCUIDADA 2 Y LA DESCUIDADA 3;Medio;3
35657;-77.45668077048;-9.0788719094587;7277.00000000000;LA DESCUIDADA;LABOR MINERA;BOCAMINA;ALTO MARAÑON;ANCASH;YUNGAY;YANAMA;229956.00000000000;8995514.00000000000;18.00000000000;WGS84;NO IDENTIFICADO;S.M.R.L. LA DESCUIDADA DE HUARAZ;PCPAM EN LAS CONCESIONES LA DESCUIDADA, LA DESCUIDADA 2 Y LA DESCUIDADA 3;Medio;3
35658;-77.4563424740158;-9.07859403558209;7278.00000000000;LA DESCUIDADA;RESIDUO MINERO;DESMONTE DE MINA;ALTO MARAÑON;ANCASH;YUNGAY;YANAMA;229993.00000000000;8995545.00000000000;18.00000000000;WGS84;NO IDENTIFICADO;S.M.R.L. LA DESCUIDADA DE HUARAZ;PCPAM EN LAS CONCESIONES LA DESCUIDADA, LA DESCUIDADA 2 Y LA DESCUIDADA 3;Medio;3
35659;-77.456441558278;-9.0784578124147;7279.00000000000;LA DESCUIDADA;LABOR MINERA;BOCAMINA;ALTO MARAÑON;ANCASH;YUNGAY;YANAMA;229982.00000000000;8995560.00000000000;18.00000000000;WGS84;NO IDENTIFICADO;S.M.R.L. LA DESCUIDADA DE HUARAZ;PCPAM EN LAS CONCESIONES LA DESCUIDADA, LA DESCUIDADA 2 Y LA DESCUIDADA 3;Alto;4
35660;-77.4563969619589;-9.07858463188288;7280.00000000000;LA DESCUIDADA;LABOR MINERA;BOCAMINA;ALTO MARAÑON;ANCASH;YUNGAY;YANAMA;229987.00000000000;8995546.00000000000;18.00000000000;WGS84;NO IDENTIFICADO;S.M.R.L. LA DESCUIDADA DE HUARAZ;PCPAM EN LAS CONCESIONES LA DESCUIDADA, LA DESCUIDADA 2 Y LA DESCUIDADA 3;Medio;3
35661;-77.4550744012827;-9.08063591459573;7281.00000000000;LA DESCUIDADA;RESIDUO MINERO;DESMONTE DE MINA;ALTO MARAÑON;ANCASH;YUNGAY;YANAMA;230134.00000000000;8995320.00000000000;18.00000000000;WGS84;NO IDENTIFICADO;S.M.R.L. LA DESCUIDADA DE HUARAZ;PCPAM EN LAS CONCESIONES LA DESCUIDADA, LA DESCUIDADA 2 Y LA DESCUIDADA 3;Medio;3
35662;-77.4551749015263;-9.08070753548883;7282.00000000000;LA DESCUIDADA;LABOR MINERA;BOCAMINA;ALTO MARAÑON;ANCASH;YUNGAY;YANAMA;230123.00000000000;8995312.00000000000;18.00000000000;WGS84;NO IDENTIFICADO;S.M.R.L. LA DESCUIDADA DE HUARAZ;PCPAM EN LAS CONCESIONES LA DESCUIDADA, LA DESCUIDADA 2 Y LA DESCUIDADA 3;Alto;4
35663;-77.3668320589493;-8.82045336635308;7963.00000000000;MIGUELITO Nº 1;INFRAESTRUCTURA;CAMPAMENTOS, OFICINAS, TALLERES;ALTO MARAÑON;ANCASH;MARISCAL LUZURIAGA;CASCA;239654.00000000000;9024173.00000000000;18.00000000000;WGS84;NO IDENTIFICADO;---;---;Bajo;2
35664;-77.3668647166746;-8.81987474289665;7964.00000000000;MIGUELITO Nº 1;INFRAESTRUCTURA;NO DETERMINADO;ALTO MARAÑON;ANCASH;MARISCAL LUZURIAGA;CASCA;239650.00000000000;9024237.00000000000;18.00000000000;WGS84;NO IDENTIFICADO;---;---;Bajo;2
35665;-77.3675801877271;-8.81950872115149;7965.00000000000;MIGUELITO Nº 1;INFRAESTRUCTURA;CAMPAMENTOS, OFICINAS, TALLERES;ALTO MARAÑON;ANCASH;MARISCAL LUZURIAGA;CASCA;239571.00000000000;9024277.00000000000;18.00000000000;WGS84;NO IDENTIFICADO;---;---;Bajo;2
35666;-77.3672073716913;-8.81803791477532;7966.00000000000;MIGUELITO Nº 1;RESIDUO MINERO;DESMONTE DE MINA;ALTO MARAÑON;ANCASH;MARISCAL LUZURIAGA;CASCA;239611.00000000000;9024440.00000000000;18.00000000000;WGS84;NO IDENTIFICADO;---;---;Bajo;2
35667;-77.3670960977114;-8.81768614298968;7967.00000000000;MIGUELITO Nº 1;LABOR MINERA;BOCAMINA;ALTO MARAÑON;ANCASH;MARISCAL LUZURIAGA;CASCA;239623.00000000000;9024479.00000000000;18.00000000000;WGS84;NO IDENTIFICADO;---;---;Bajo;2
35668;-77.3645971809804;-8.81764765859761;7968.00000000000;MIGUELITO Nº 1;LABOR MINERA;BOCAMINA;ALTO MARAÑON;ANCASH;MARISCAL LUZURIAGA;CASCA;239898.00000000000;9024485.00000000000;18.00000000000;WGS84;NO IDENTIFICADO;---;---;Bajo;2
35669;-77.3646338114348;-8.81769261690696;7969.00000000000;MIGUELITO Nº 1;RESIDUO MINERO;DESMONTE DE MINA;ALTO MARAÑON;ANCASH;MARISCAL LUZURIAGA;CASCA;239894.00000000000;9024480.00000000000;18.00000000000;WGS84;NO IDENTIFICADO;---;---;Medio;3
35670;-77.3651432446178;-8.81778882459868;7970.00000000000;MIGUELITO Nº 1;LABOR MINERA;PIQUE;ALTO MARAÑON;ANCASH;MARISCAL LUZURIAGA;CASCA;239838.00000000000;9024469.00000000000;18.00000000000;WGS84;NO IDENTIFICADO;---;---;Bajo;2
35671;-77.3645251853301;-8.81775656537971;7971.00000000000;MIGUELITO Nº 1;RESIDUO MINERO;DESMONTE DE MINA;ALTO MARAÑON;ANCASH;MARISCAL LUZURIAGA;CASCA;239906.00000000000;9024473.00000000000;18.00000000000;WGS84;NO IDENTIFICADO;---;---;Medio;3
35672;-77.3642781455946;-8.81748698695404;7972.00000000000;MIGUELITO Nº 1;LABOR MINERA;BOCAMINA;ALTO MARAÑON;ANCASH;MARISCAL LUZURIAGA;CASCA;239933.00000000000;9024503.00000000000;18.00000000000;WGS84;NO IDENTIFICADO;---;---;Medio;3
35673;-77.3642051723222;-8.81744225737732;7973.00000000000;MIGUELITO Nº 1;LABOR MINERA;BOCAMINA;ALTO MARAÑON;ANCASH;MARISCAL LUZURIAGA;CASCA;239941.00000000000;9024508.00000000000;18.00000000000;WGS84;NO IDENTIFICADO;---;---;Bajo;2
35674;-77.6847617798343;-8.60502699470086;8318.00000000000;RACAYCOCHA;RESIDUO MINERO;DESMONTE DE MINA;ALTO MARAÑON;ANCASH;CORONGO;CUSCA;204490.00000000000;9047778.00000000000;18.00000000000;WGS84;NO IDENTIFICADO;---;---;Bajo;2
35675;-77.6845164735685;-8.6050016003804;8319.00000000000;RACAYCOCHA;RESIDUO MINERO;DESMONTE DE MINA;ALTO MARAÑON;ANCASH;CORONGO;CUSCA;204517.00000000000;9047781.00000000000;18.00000000000;WGS84;NO IDENTIFICADO;---;---;Bajo;2
35676;-77.6846628098058;-8.60515418605296;8371.00000000000;RACAYCOCHA;LABOR MINERA;TRINCHERA;ALTO MARAÑON;ANCASH;CORONGO;CUSCA;204501.00000000000;9047764.00000000000;18.00000000000;WGS84;NO IDENTIFICADO;---;---;Bajo;2
35677;-77.6749074867887;-8.59025888867173;8374.00000000000;HALCON;RESIDUO MINERO;DESMONTE DE MINA;ALTO MARAÑON;ANCASH;SIHUAS;CASHAPAMPA;205564.00000000000;9049420.00000000000;18.00000000000;WGS84;IDENTIFICADO;---;---;Medio;3
35678;-77.6575852931426;-8.59673107207753;8375.00000000000;HALCON;LABOR MINERA;BOCAMINA;ALTO MARAÑON;ANCASH;SIHUAS;CASHAPAMPA;207477.00000000000;9048717.00000000000;18.00000000000;WGS84;IDENTIFICADO;---;---;Muy alto;5
35679;-77.6577063353274;-8.59716396066212;8376.00000000000;HALCON;RESIDUO MINERO;DESMONTE DE MINA;ALTO MARAÑON;ANCASH;SIHUAS;CASHAPAMPA;207464.00000000000;9048669.00000000000;18.00000000000;WGS84;IDENTIFICADO;---;---;Medio;3
35680;-77.7197543353138;-8.54043026651392;8377.00000000000;PUCAPAMPA;LABOR MINERA;TAJEO COMUNICADO;SANTA;ANCASH;CORONGO;CUSCA;200585.00000000000;9054900.00000000000;18.00000000000;WGS84;NO IDENTIFICADO;---;---;Alto;4
35681;-77.7177198652698;-8.54282089006056;8378.00000000000;PUCAPAMPA;RESIDUO MINERO;DESMONTE DE MINA;SANTA;ANCASH;CORONGO;CUSCA;200811.00000000000;9054637.00000000000;18.00000000000;WGS84;NO IDENTIFICADO;---;---;Bajo;2
35682;-77.6571384928906;-8.59775521744696;8379.00000000000;HALCON;RESIDUO MINERO;DESMONTE DE MINA;ALTO MARAÑON;ANCASH;SIHUAS;CASHAPAMPA;207527.00000000000;9048604.00000000000;18.00000000000;WGS84;IDENTIFICADO;---;---;Medio;3
35683;-77.7175917686398;-8.54267722086062;8380.00000000000;PUCAPAMPA;LABOR MINERA;BOCAMINA;SANTA;ANCASH;CORONGO;CUSCA;200825.00000000000;9054653.00000000000;18.00000000000;WGS84;NO IDENTIFICADO;---;---;Bajo;2
35684;-77.6570025611955;-8.59909347388825;8381.00000000000;HALCON;RESIDUO MINERO;RELAVES;ALTO MARAÑON;ANCASH;SIHUAS;CASHAPAMPA;207543.00000000000;9048456.00000000000;18.00000000000;WGS84;IDENTIFICADO;---;---;Muy alto;5
35685;-77.7197545914488;-8.54046640673615;8382.00000000000;PUCAPAMPA;RESIDUO MINERO;DESMONTE DE MINA;SANTA;ANCASH;CORONGO;CUSCA;200585.00000000000;9054896.00000000000;18.00000000000;WGS84;NO IDENTIFICADO;---;---;Medio;3
35686;-77.7132858005697;-8.54732458577939;8383.00000000000;PUCAPAMPA;LABOR MINERA;BOCAMINA;SANTA;ANCASH;CORONGO;CUSCA;201303.00000000000;9054142.00000000000;18.00000000000;WGS84;NO IDENTIFICADO;---;---;Bajo;2
35687;-77.7139810015465;-8.54679564927732;8384.00000000000;PUCAPAMPA;LABOR MINERA;BOCAMINA;SANTA;ANCASH;CORONGO;CUSCA;201226.00000000000;9054200.00000000000;18.00000000000;WGS84;NO IDENTIFICADO;---;---;Medio;3
35688;-77.7144332394505;-8.54656658905652;8385.00000000000;PUCAPAMPA;LABOR MINERA;BOCAMINA;SANTA;ANCASH;CORONGO;CUSCA;201176.00000000000;9054225.00000000000;18.00000000000;WGS84;NO IDENTIFICADO;---;---;Medio;3
35689;-77.7130589455876;-8.54733521182473;8386.00000000000;PUCAPAMPA;RESIDUO MINERO;DESMONTE DE MINA;SANTA;ANCASH;CORONGO;CUSCA;201328.00000000000;9054141.00000000000;18.00000000000;WGS84;NO IDENTIFICADO;---;---;Bajo;2
35690;-77.7137187991692;-8.54694205668609;8387.00000000000;PUCAPAMPA;RESIDUO MINERO;DESMONTE DE MINA;SANTA;ANCASH;CORONGO;CUSCA;201255.00000000000;9054184.00000000000;18.00000000000;WGS84;NO IDENTIFICADO;---;---;Bajo;2
35691;-77.7138718888578;-8.54676930780418;8388.00000000000;PUCAPAMPA;RESIDUO MINERO;DESMONTE DE MINA;SANTA;ANCASH;CORONGO;CUSCA;201238.00000000000;9054203.00000000000;18.00000000000;WGS84;NO IDENTIFICADO;---;---;Bajo;2
35692;-77.7143424082047;-8.5465581905689;8389.00000000000;PUCAPAMPA;RESIDUO MINERO;DESMONTE DE MINA;SANTA;ANCASH;CORONGO;CUSCA;201186.00000000000;9054226.00000000000;18.00000000000;WGS84;NO IDENTIFICADO;---;---;Bajo;2
35693;-77.7137552340255;-8.54695987228912;8390.00000000000;PUCAPAMPA;LABOR MINERA;CHIMENEA;SANTA;ANCASH;CORONGO;CUSCA;201251.00000000000;9054182.00000000000;18.00000000000;WGS84;NO IDENTIFICADO;---;---;Medio;3
35694;-77.7144222441089;-8.54629559993005;8391.00000000000;PUCAPAMPA;LABOR MINERA;TAJEO COMUNICADO;SANTA;ANCASH;CORONGO;CUSCA;201177.00000000000;9054255.00000000000;18.00000000000;WGS84;NO IDENTIFICADO;---;---;Medio;3
35695;-77.7168227990981;-8.5481671807523;8396.00000000000;PUCAPAMPA;RESIDUO MINERO;DESMONTE DE MINA;SANTA;ANCASH;CORONGO;CUSCA;200914.00000000000;9054046.00000000000;18.00000000000;WGS84;NO IDENTIFICADO;---;---;Insignificante;1
35696;-77.7182112331524;-8.54427215867411;8397.00000000000;PUCAPAMPA;RESIDUO MINERO;DESMONTE DE MINA;SANTA;ANCASH;CORONGO;CUSCA;200758.00000000000;9054476.00000000000;18.00000000000;WGS84;NO IDENTIFICADO;---;---;Medio;3
35697;-77.7127273244244;-8.54793388311842;8398.00000000000;PUCAPAMPA;LABOR MINERA;BOCAMINA;SANTA;ANCASH;CORONGO;CUSCA;201365.00000000000;9054075.00000000000;18.00000000000;WGS84;NO IDENTIFICADO;---;---;Alto;4
35698;-77.715805882803;-8.5481291417148;8399.00000000000;PUCAPAMPA;LABOR MINERA;BOCAMINA;SANTA;ANCASH;CORONGO;CUSCA;201026.00000000000;9054051.00000000000;18.00000000000;WGS84;NO IDENTIFICADO;---;---;Bajo;2
35699;-76.9773377080378;-9.88938225088799;8484.00000000000;SAN FRANCISCO 2;INFRAESTRUCTURA;CAMPAMENTOS, OFICINAS, TALLERES;ALTO MARAÑON;ANCASH;BOLOGNESI;HUALLANCA;283179.00000000000;8906175.00000000000;18.00000000000;WGS84;NO IDENTIFICADO;---;---;Insignificante;1
35700;-76.9773515808856;-9.89017764812005;8486.00000000000;SAN FRANCISCO 2;RESIDUO MINERO;DESMONTE DE MINA;ALTO MARAÑON;ANCASH;BOLOGNESI;HUALLANCA;283178.00000000000;8906087.00000000000;18.00000000000;WGS84;NO IDENTIFICADO;---;---;Medio;3
35701;-76.9777893626829;-9.89021123173026;8487.00000000000;SAN FRANCISCO 2;LABOR MINERA;BOCAMINA;ALTO MARAÑON;ANCASH;BOLOGNESI;HUALLANCA;283130.00000000000;8906083.00000000000;18.00000000000;WGS84;NO IDENTIFICADO;---;---;Bajo;2
35702;-76.9788254968763;-9.88968988326541;8489.00000000000;SAN FRANCISCO 2;LABOR MINERA;BOCAMINA;ALTO MARAÑON;ANCASH;BOLOGNESI;HUALLANCA;283016.00000000000;8906140.00000000000;18.00000000000;WGS84;NO IDENTIFICADO;---;---;Alto;4
35703;-76.9805287126647;-9.88943578987444;8491.00000000000;SAN FRANCISCO 2;RESIDUO MINERO;DESMONTE DE MINA;ALTO MARAÑON;ANCASH;BOLOGNESI;HUALLANCA;282829.00000000000;8906167.00000000000;18.00000000000;WGS84;NO IDENTIFICADO;---;---;Medio;3
35704;-76.9807404903718;-9.88978708367193;8492.00000000000;SAN FRANCISCO 2;LABOR MINERA;BOCAMINA;ALTO MARAÑON;ANCASH;BOLOGNESI;HUALLANCA;282806.00000000000;8906128.00000000000;18.00000000000;WGS84;NO IDENTIFICADO;---;---;Medio;3
35705;-76.980787856945;-9.89008510864081;8493.00000000000;SAN FRANCISCO 2;LABOR MINERA;TRINCHERA;ALTO MARAÑON;ANCASH;BOLOGNESI;HUALLANCA;282801.00000000000;8906095.00000000000;18.00000000000;WGS84;NO IDENTIFICADO;---;---;Bajo;2
35706;-76.9807421690041;-9.89006729872612;8494.00000000000;SAN FRANCISCO 2;RESIDUO MINERO;DESMONTE DE MINA;ALTO MARAÑON;ANCASH;BOLOGNESI;HUALLANCA;282806.00000000000;8906097.00000000000;18.00000000000;WGS84;NO IDENTIFICADO;---;---;Bajo;2
35707;-76.9807625127774;-9.89041971994242;8495.00000000000;SAN FRANCISCO 2;LABOR MINERA;BOCAMINA;ALTO MARAÑON;ANCASH;BOLOGNESI;HUALLANCA;282804.00000000000;8906058.00000000000;18.00000000000;WGS84;NO IDENTIFICADO;---;---;Bajo;2
35708;-76.9808041213673;-9.89127822862779;8497.00000000000;SAN FRANCISCO 2;LABOR MINERA;CHIMENEA;ALTO MARAÑON;ANCASH;BOLOGNESI;HUALLANCA;282800.00000000000;8905963.00000000000;18.00000000000;WGS84;NO IDENTIFICADO;---;---;Bajo;2
35709;-76.980447678334;-9.8911266565063;8498.00000000000;SAN FRANCISCO 2;RESIDUO MINERO;DESMONTE DE MINA;ALTO MARAÑON;ANCASH;BOLOGNESI;HUALLANCA;282839.00000000000;8905980.00000000000;18.00000000000;WGS84;NO IDENTIFICADO;---;---;Bajo;2
35710;-76.9807925683293;-9.89087151858257;8499.00000000000;SAN FRANCISCO 2;LABOR MINERA;TAJO;ALTO MARAÑON;ANCASH;BOLOGNESI;HUALLANCA;282801.00000000000;8906008.00000000000;18.00000000000;WGS84;NO IDENTIFICADO;---;---;Bajo;2
35711;-76.9809261122274;-9.89033740061235;8500.00000000000;SAN FRANCISCO 2;LABOR MINERA;TAJEO COMUNICADO;ALTO MARAÑON;ANCASH;BOLOGNESI;HUALLANCA;282786.00000000000;8906067.00000000000;18.00000000000;WGS84;NO IDENTIFICADO;---;---;Medio;3
35712;-76.9814919115408;-9.88891486393196;8502.00000000000;SAN FRANCISCO 2;LABOR MINERA;CHIMENEA;ALTO MARAÑON;ANCASH;BOLOGNESI;HUALLANCA;282723.00000000000;8906224.00000000000;18.00000000000;WGS84;NO IDENTIFICADO;---;---;Medio;3
35713;-76.981382358352;-9.88888839083987;8503.00000000000;SAN FRANCISCO 2;RESIDUO MINERO;DESMONTE DE MINA;ALTO MARAÑON;ANCASH;BOLOGNESI;HUALLANCA;282735.00000000000;8906227.00000000000;18.00000000000;WGS84;NO IDENTIFICADO;---;---;Bajo;2
35714;-76.9817450980206;-9.88856987076006;8504.00000000000;SAN FRANCISCO 2;LABOR MINERA;CHIMENEA;ALTO MARAÑON;ANCASH;BOLOGNESI;HUALLANCA;282695.00000000000;8906262.00000000000;18.00000000000;WGS84;NO IDENTIFICADO;---;---;Alto;4
35715;-76.981121806505;-9.88800405348495;8509.00000000000;SAN FRANCISCO 2;LABOR MINERA;PIQUE;ALTO MARAÑON;ANCASH;BOLOGNESI;HUALLANCA;282763.00000000000;8906325.00000000000;18.00000000000;WGS84;NO IDENTIFICADO;---;---;Bajo;2
35716;-76.9804941647523;-9.88823373769895;8512.00000000000;SAN FRANCISCO 2;LABOR MINERA;CHIMENEA;ALTO MARAÑON;ANCASH;BOLOGNESI;HUALLANCA;282832.00000000000;8906300.00000000000;18.00000000000;WGS84;NO IDENTIFICADO;---;---;Medio;3
35717;-76.9791801252844;-9.8880154846327;8514.00000000000;SAN FRANCISCO 2;RESIDUO MINERO;DESMONTE DE MINA;ALTO MARAÑON;ANCASH;BOLOGNESI;HUALLANCA;282976.00000000000;8906325.00000000000;18.00000000000;WGS84;NO IDENTIFICADO;---;---;Medio;3
35718;-76.9799377172393;-9.88817373718512;8518.00000000000;SAN FRANCISCO 2;LABOR MINERA;BOCAMINA;ALTO MARAÑON;ANCASH;BOLOGNESI;HUALLANCA;282893.00000000000;8906307.00000000000;18.00000000000;WGS84;NO IDENTIFICADO;---;---;Bajo;2
35719;-76.9795891494752;-9.8878142080746;8520.00000000000;SAN FRANCISCO 2;LABOR MINERA;BOCAMINA;ALTO MARAÑON;ANCASH;BOLOGNESI;HUALLANCA;282931.00000000000;8906347.00000000000;18.00000000000;WGS84;NO IDENTIFICADO;---;---;Bajo;2
35720;-76.9783682710391;-9.88792986561899;8522.00000000000;SAN FRANCISCO 2;LABOR MINERA;BOCAMINA;ALTO MARAÑON;ANCASH;BOLOGNESI;HUALLANCA;283065.00000000000;8906335.00000000000;18.00000000000;WGS84;NO IDENTIFICADO;---;---;Medio;3
35721;-76.9768744709462;-9.88966519980938;8528.00000000000;SAN FRANCISCO 2;LABOR MINERA;PIQUE;ALTO MARAÑON;ANCASH;BOLOGNESI;HUALLANCA;283230.00000000000;8906144.00000000000;18.00000000000;WGS84;NO IDENTIFICADO;---;---;Medio;3
35722;-76.9755732472887;-9.88701522120416;8529.00000000000;SAN FRANCISCO 2;RESIDUO MINERO;DESMONTE DE MINA;ALTO MARAÑON;ANCASH;BOLOGNESI;HUALLANCA;283371.00000000000;8906438.00000000000;18.00000000000;WGS84;NO IDENTIFICADO;---;---;Medio;3
35723;-77.3649595169322;-8.81747365908178;8531.00000000000;MIGUELITO Nº 1;LABOR MINERA;BOCAMINA;ALTO MARAÑON;ANCASH;MARISCAL LUZURIAGA;CASCA;239858.00000000000;9024504.00000000000;18.00000000000;WGS84;NO IDENTIFICADO;---;---;Alto;4
35724;-76.9970494562567;-9.9844416960451;8532.00000000000;HILARION;RESIDUO MINERO;DESMONTE DE MINA;ALTO MARAÑON;ANCASH;BOLOGNESI;HUALLANCA;281080.00000000000;8895646.00000000000;18.00000000000;WGS84;NO IDENTIFICADO;---;---;Bajo;2
35725;-76.9972083292604;-9.98507350074671;8533.00000000000;HILARION;LABOR MINERA;BOCAMINA;ALTO MARAÑON;ANCASH;BOLOGNESI;HUALLANCA;281063.00000000000;8895576.00000000000;18.00000000000;WGS84;NO IDENTIFICADO;---;---;Bajo;2
35726;-76.9971277516613;-9.98531804708218;8534.00000000000;HILARION;LABOR MINERA;BOCAMINA;ALTO MARAÑON;ANCASH;BOLOGNESI;HUALLANCA;281072.00000000000;8895549.00000000000;18.00000000000;WGS84;NO IDENTIFICADO;---;---;Insignificante;1
35727;-77.0096183139851;-9.98348027990917;8537.00000000000;HILARION;LABOR MINERA;BOCAMINA;ALTO MARAÑON;ANCASH;BOLOGNESI;HUALLANCA;279701.00000000000;8895744.00000000000;18.00000000000;WGS84;NO IDENTIFICADO;---;---;Insignificante;1
35728;-77.0093725621108;-9.98355407633145;8538.00000000000;HILARION;RESIDUO MINERO;DESMONTE DE MINA;ALTO MARAÑON;ANCASH;BOLOGNESI;HUALLANCA;279728.00000000000;8895736.00000000000;18.00000000000;WGS84;NO IDENTIFICADO;---;---;Insignificante;1
35729;-76.9947402839728;-9.98409395116481;8541.00000000000;HILARION;LABOR MINERA;BOCAMINA;ALTO MARAÑON;ANCASH;BOLOGNESI;HUALLANCA;281333.00000000000;8895686.00000000000;18.00000000000;WGS84;NO IDENTIFICADO;---;---;Insignificante;1
35730;-77.0098428875713;-9.9873839108114;8542.00000000000;HILARION;RESIDUO MINERO;DESMONTE DE MINA;ALTO MARAÑON;ANCASH;BOLOGNESI;HUALLANCA;279679.00000000000;8895312.00000000000;18.00000000000;WGS84;NO IDENTIFICADO;---;---;Insignificante;1
35731;-77.0099896709683;-9.98752765426211;8544.00000000000;HILARION;LABOR MINERA;BOCAMINA;ALTO MARAÑON;ANCASH;BOLOGNESI;HUALLANCA;279663.00000000000;8895296.00000000000;18.00000000000;WGS84;NO IDENTIFICADO;---;---;Insignificante;1
35732;-77.0060816069219;-9.98370045381143;8546.00000000000;HILARION;RESIDUO MINERO;DESMONTE DE MINA;ALTO MARAÑON;ANCASH;BOLOGNESI;HUALLANCA;280089.00000000000;8895722.00000000000;18.00000000000;WGS84;NO IDENTIFICADO;---;---;Insignificante;1
35733;-77.2108398249958;-9.29451284309302;8560.00000000000;KATANGA 1;LABOR MINERA;BOCAMINA;ALTO MARAÑON;ANCASH;HUARI;HUARI;257140.00000000000;8971830.00000000000;18.00000000000;WGS84;NO IDENTIFICADO;MINEM;---;Medio;3
35734;-77.210912103878;-9.29443104873577;8561.00000000000;KATANGA 1;LABOR MINERA;BOCAMINA;ALTO MARAÑON;ANCASH;HUARI;HUARI;257132.00000000000;8971839.00000000000;18.00000000000;WGS84;NO IDENTIFICADO;MINEM;---;Bajo;2
35735;-77.209323092967;-9.29350991892874;8566.00000000000;KATANGA 1;INFRAESTRUCTURA;NO DETERMINADO;ALTO MARAÑON;ANCASH;HUARI;HUARI;257306.00000000000;8971942.00000000000;18.00000000000;WGS84;NO IDENTIFICADO;MINEM;---;Bajo;2
35736;-76.964776643529;-9.4551435849475;8569.00000000000;JINHUA;LABOR MINERA;TAJEO COMUNICADO;ALTO MARAÑON;ANCASH;HUARI;HUACHIS;284280.00000000000;8954220.00000000000;18.00000000000;WGS84;NO IDENTIFICADO;---;---;Alto;4
35737;-77.262135476955;-9.37712597385663;8570.00000000000;ESPARTA;LABOR MINERA;BOCAMINA;ALTO MARAÑON;ANCASH;HUARI;HUARI;251561.00000000000;8962654.00000000000;18.00000000000;WGS84;IDENTIFICADO;---;---;Medio;3
35738;-77.2624071448686;-9.37691635911172;8571.00000000000;ESPARTA;LABOR MINERA;TAJEO COMUNICADO;ALTO MARAÑON;ANCASH;HUARI;HUARI;251531.00000000000;8962677.00000000000;18.00000000000;WGS84;IDENTIFICADO;---;---;Alto;4
35739;-77.2618451976955;-9.37727244012449;8573.00000000000;ESPARTA;RESIDUO MINERO;DESMONTE DE MINA;ALTO MARAÑON;ANCASH;HUARI;HUARI;251593.00000000000;8962638.00000000000;18.00000000000;WGS84;IDENTIFICADO;---;---;Alto;4
35740;-77.2617160336144;-9.377002120056;8574.00000000000;ESPARTA;RESIDUO MINERO;DESMONTE DE MINA;ALTO MARAÑON;ANCASH;HUARI;HUARI;251607.00000000000;8962668.00000000000;18.00000000000;WGS84;IDENTIFICADO;---;---;Medio;3
35741;-77.2612621205774;-9.37717674612738;8575.00000000000;ESPARTA;INFRAESTRUCTURA;CAMINOS, HELIPUERTOS, PISTAS DE ATERRIZAJE, LINEAS FERREAS;ALTO MARAÑON;ANCASH;HUARI;HUARI;251657.00000000000;8962649.00000000000;18.00000000000;WGS84;IDENTIFICADO;---;---;Bajo;2
35742;-77.260594797627;-9.37672006154732;8576.00000000000;ESPARTA;INFRAESTRUCTURA;CAMINOS, HELIPUERTOS, PISTAS DE ATERRIZAJE, LINEAS FERREAS;ALTO MARAÑON;ANCASH;HUARI;HUARI;251730.00000000000;8962700.00000000000;18.00000000000;WGS84;IDENTIFICADO;---;---;Bajo;2
35743;-77.2600182472169;-9.37622664291049;8577.00000000000;ESPARTA;LABOR MINERA;BOCAMINA;ALTO MARAÑON;ANCASH;HUARI;HUARI;251793.00000000000;8962755.00000000000;18.00000000000;WGS84;IDENTIFICADO;---;---;Muy alto;5
35744;-77.2596283297877;-9.37644604919467;8578.00000000000;ESPARTA;RESIDUO MINERO;DESMONTE DE MINA;ALTO MARAÑON;ANCASH;HUARI;HUARI;251836.00000000000;8962731.00000000000;18.00000000000;WGS84;IDENTIFICADO;---;---;Muy alto;5
35745;-77.2079900005752;-9.68662751308671;8579.00000000000;MANTO;LABOR MINERA;BOCAMINA;ALTO MARAÑON;ANCASH;HUARI;CHAVIN DE HUANTAR;257729.00000000000;8928449.00000000000;18.00000000000;WGS84;NO IDENTIFICADO;---;---;Bajo;2
35746;-77.2075768676513;-9.68334924477551;8580.00000000000;MANTO;LABOR MINERA;BOCAMINA;ALTO MARAÑON;ANCASH;HUARI;CHAVIN DE HUANTAR;257772.00000000000;8928812.00000000000;18.00000000000;WGS84;NO IDENTIFICADO;---;---;Bajo;2
35747;-77.2075038187394;-9.68332259962389;8581.00000000000;MANTO;RESIDUO MINERO;DESMONTE DE MINA;ALTO MARAÑON;ANCASH;HUARI;CHAVIN DE HUANTAR;257780.00000000000;8928815.00000000000;18.00000000000;WGS84;NO IDENTIFICADO;---;---;Bajo;2
35748;-77.2085598513964;-9.68600923603928;8582.00000000000;MANTO;RESIDUO MINERO;DESMONTE DE MINA;ALTO MARAÑON;ANCASH;HUARI;CHAVIN DE HUANTAR;257666.00000000000;8928517.00000000000;18.00000000000;WGS84;NO IDENTIFICADO;---;---;Insignificante;1
35749;-77.2083882573324;-9.68623629978578;8583.00000000000;MANTO;LABOR MINERA;BOCAMINA;ALTO MARAÑON;ANCASH;HUARI;CHAVIN DE HUANTAR;257685.00000000000;8928492.00000000000;18.00000000000;WGS84;NO IDENTIFICADO;---;---;Medio;3
35750;-77.2097263455207;-9.68329925591901;8584.00000000000;MANTO;RESIDUO MINERO;DESMONTE DE MINA;ALTO MARAÑON;ANCASH;HUARI;CHAVIN DE HUANTAR;257536.00000000000;8928816.00000000000;18.00000000000;WGS84;NO IDENTIFICADO;---;---;Bajo;2
35751;-77.2094378797161;-9.6823701626255;8586.00000000000;MANTO;INFRAESTRUCTURA;CAMPAMENTOS, OFICINAS, TALLERES;ALTO MARAÑON;ANCASH;HUARI;CHAVIN DE HUANTAR;257567.00000000000;8928919.00000000000;18.00000000000;WGS84;NO IDENTIFICADO;---;---;Bajo;2
35752;-77.210066277368;-9.68234803951638;8587.00000000000;MANTO;RESIDUO MINERO;DESMONTE DE MINA;ALTO MARAÑON;ANCASH;HUARI;CHAVIN DE HUANTAR;257498.00000000000;8928921.00000000000;18.00000000000;WGS84;NO IDENTIFICADO;---;---;Bajo;2
35753;-77.2100853229532;-9.68247445381478;8588.00000000000;MANTO;LABOR MINERA;BOCAMINA;ALTO MARAÑON;ANCASH;HUARI;CHAVIN DE HUANTAR;257496.00000000000;8928907.00000000000;18.00000000000;WGS84;NO IDENTIFICADO;---;---;Bajo;2
35754;-77.210006003174;-9.6828816905895;8589.00000000000;MANTO;RESIDUO MINERO;DESMONTE DE MINA;ALTO MARAÑON;ANCASH;HUARI;CHAVIN DE HUANTAR;257505.00000000000;8928862.00000000000;18.00000000000;WGS84;NO IDENTIFICADO;---;---;Bajo;2
35755;-77.2100879836167;-9.68288116260063;8590.00000000000;MANTO;LABOR MINERA;BOCAMINA;ALTO MARAÑON;ANCASH;HUARI;CHAVIN DE HUANTAR;257496.00000000000;8928862.00000000000;18.00000000000;WGS84;NO IDENTIFICADO;---;---;Bajo;2
35756;-77.2101419277033;-9.68277235492599;8591.00000000000;MANTO;LABOR MINERA;BOCAMINA;ALTO MARAÑON;ANCASH;HUARI;CHAVIN DE HUANTAR;257490.00000000000;8928874.00000000000;18.00000000000;WGS84;NO IDENTIFICADO;---;---;Bajo;2
35757;-77.2103433886578;-9.68293374767154;8592.00000000000;MANTO;LABOR MINERA;TAJO;ALTO MARAÑON;ANCASH;HUARI;CHAVIN DE HUANTAR;257468.00000000000;8928856.00000000000;18.00000000000;WGS84;NO IDENTIFICADO;---;---;Bajo;2
35758;-77.2105624171274;-9.68299560522513;8593.00000000000;MANTO;LABOR MINERA;CHIMENEA;ALTO MARAÑON;ANCASH;HUARI;CHAVIN DE HUANTAR;257444.00000000000;8928849.00000000000;18.00000000000;WGS84;NO IDENTIFICADO;---;---;Medio;3
35759;-77.2107092854211;-9.68595019932541;8594.00000000000;MANTO;LABOR MINERA;TAJEO COMUNICADO;ALTO MARAÑON;ANCASH;HUARI;CHAVIN DE HUANTAR;257430.00000000000;8928522.00000000000;18.00000000000;WGS84;NO IDENTIFICADO;---;---;Bajo;2
35760;-77.2107392748918;-9.68635673174426;8595.00000000000;MANTO;RESIDUO MINERO;DESMONTE DE MINA;ALTO MARAÑON;ANCASH;HUARI;CHAVIN DE HUANTAR;257427.00000000000;8928477.00000000000;18.00000000000;WGS84;NO IDENTIFICADO;---;---;Bajo;2
35761;-77.2121716331615;-9.68529905020288;8597.00000000000;MANTO;LABOR MINERA;PIQUE;ALTO MARAÑON;ANCASH;HUARI;CHAVIN DE HUANTAR;257269.00000000000;8928593.00000000000;18.00000000000;WGS84;NO IDENTIFICADO;---;---;Medio;3
35762;-77.2141931757728;-9.68518658738141;8599.00000000000;MANTO;LABOR MINERA;BOCAMINA;ALTO MARAÑON;ANCASH;HUARI;CHAVIN DE HUANTAR;257047.00000000000;8928604.00000000000;18.00000000000;WGS84;NO IDENTIFICADO;---;---;Bajo;2
35763;-77.2143390971247;-9.68521276055877;8600.00000000000;MANTO;LABOR MINERA;BOCAMINA;ALTO MARAÑON;ANCASH;HUARI;CHAVIN DE HUANTAR;257031.00000000000;8928601.00000000000;18.00000000000;WGS84;NO IDENTIFICADO;---;---;Bajo;2
35764;-77.2142893022928;-9.68595422486474;8602.00000000000;MANTO;INFRAESTRUCTURA;CAMPAMENTOS, OFICINAS, TALLERES;ALTO MARAÑON;ANCASH;HUARI;CHAVIN DE HUANTAR;257037.00000000000;8928519.00000000000;18.00000000000;WGS84;NO IDENTIFICADO;---;---;Bajo;2
35765;-77.2146817595142;-9.68606918965435;8606.00000000000;MANTO;RESIDUO MINERO;DESMONTE DE MINA;ALTO MARAÑON;ANCASH;HUARI;CHAVIN DE HUANTAR;256994.00000000000;8928506.00000000000;18.00000000000;WGS84;NO IDENTIFICADO;---;---;Bajo;2
35766;-77.2152883665497;-9.68411299518367;8607.00000000000;MANTO;RESIDUO MINERO;DESMONTE DE MINA;ALTO MARAÑON;ANCASH;HUARI;CHAVIN DE HUANTAR;256926.00000000000;8928722.00000000000;18.00000000000;WGS84;NO IDENTIFICADO;---;---;Insignificante;1
35767;-77.2153190721141;-9.68462798132956;8608.00000000000;MANTO;LABOR MINERA;PIQUE;ALTO MARAÑON;ANCASH;HUARI;CHAVIN DE HUANTAR;256923.00000000000;8928665.00000000000;18.00000000000;WGS84;NO IDENTIFICADO;---;---;Bajo;2
35768;-77.1247957872595;-9.50907804782612;8624.00000000000;NUEVA ANTAMINA;LABOR MINERA;BOCAMINA;ALTO MARAÑON;ANCASH;HUARI;SAN MARCOS;266740.00000000000;8948150.00000000000;18.00000000000;WGS84;NO IDENTIFICADO;---;---;Bajo;2
35769;-77.1248066779342;-9.50936722684652;8819.00000000000;NUEVA ANTAMINA;LABOR MINERA;BOCAMINA;ALTO MARAÑON;ANCASH;HUARI;SAN MARCOS;266739.00000000000;8948118.00000000000;18.00000000000;WGS84;NO IDENTIFICADO;---;---;Bajo;2
35770;-77.1247619351407;-9.50949404392;8820.00000000000;NUEVA ANTAMINA;RESIDUO MINERO;DESMONTE DE MINA;ALTO MARAÑON;ANCASH;HUARI;SAN MARCOS;266744.00000000000;8948104.00000000000;18.00000000000;WGS84;NO IDENTIFICADO;---;---;Bajo;2
35771;-77.1260804064459;-9.50773247034464;8821.00000000000;NUEVA ANTAMINA;LABOR MINERA;BOCAMINA;ALTO MARAÑON;ANCASH;HUARI;SAN MARCOS;266598.00000000000;8948298.00000000000;18.00000000000;WGS84;NO IDENTIFICADO;---;---;Insignificante;1
35772;-77.1261471549774;-9.50822016504646;8822.00000000000;NUEVA ANTAMINA;RESIDUO MINERO;DESMONTE DE MINA;ALTO MARAÑON;ANCASH;HUARI;SAN MARCOS;266591.00000000000;8948244.00000000000;18.00000000000;WGS84;NO IDENTIFICADO;---;---;Medio;3
35773;-77.1261268236488;-9.50787681030599;8823.00000000000;NUEVA ANTAMINA;INFRAESTRUCTURA;CAMPAMENTOS, OFICINAS, TALLERES;ALTO MARAÑON;ANCASH;HUARI;SAN MARCOS;266593.00000000000;8948282.00000000000;18.00000000000;WGS84;NO IDENTIFICADO;---;---;Insignificante;1
35774;-77.1263003727479;-9.50796614279186;8825.00000000000;NUEVA ANTAMINA;LABOR MINERA;BOCAMINA;ALTO MARAÑON;ANCASH;HUARI;SAN MARCOS;266574.00000000000;8948272.00000000000;18.00000000000;WGS84;NO IDENTIFICADO;---;---;Bajo;2
35775;-77.1269866940583;-9.50852237551622;8826.00000000000;NUEVA ANTAMINA;RESIDUO MINERO;DESMONTE DE MINA;ALTO MARAÑON;ANCASH;HUARI;SAN MARCOS;266499.00000000000;8948210.00000000000;18.00000000000;WGS84;NO IDENTIFICADO;---;---;Medio;3
35776;-77.1242133694237;-9.50765344204701;8827.00000000000;NUEVA ANTAMINA;LABOR MINERA;BOCAMINA;ALTO MARAÑON;ANCASH;HUARI;SAN MARCOS;266803.00000000000;8948308.00000000000;18.00000000000;WGS84;NO IDENTIFICADO;---;---;Medio;3
35777;-76.9735028377756;-9.89753133211441;8828.00000000000;MERCEDES 3;LABOR MINERA;BOCAMINA;ALTO MARAÑON;ANCASH;BOLOGNESI;HUALLANCA;283605.00000000000;8905276.00000000000;18.00000000000;WGS84;NO IDENTIFICADO;---;---;Medio;3
35778;-76.9728821821848;-9.89740842286135;8829.00000000000;MERCEDES 3;LABOR MINERA;BOCAMINA;ALTO MARAÑON;ANCASH;BOLOGNESI;HUALLANCA;283673.00000000000;8905290.00000000000;18.00000000000;WGS84;NO IDENTIFICADO;---;---;Bajo;2
35779;-76.9722282495958;-9.89934672602843;8830.00000000000;MERCEDES 3;LABOR MINERA;BOCAMINA;ALTO MARAÑON;ANCASH;BOLOGNESI;HUALLANCA;283746.00000000000;8905076.00000000000;18.00000000000;WGS84;NO IDENTIFICADO;---;---;Bajo;2
35780;-76.9724741719002;-9.89930912413559;8831.00000000000;MERCEDES 3;RESIDUO MINERO;DESMONTE DE MINA;ALTO MARAÑON;ANCASH;BOLOGNESI;HUALLANCA;283719.00000000000;8905080.00000000000;18.00000000000;WGS84;NO IDENTIFICADO;---;---;Bajo;2
35781;-76.9722342896537;-9.89883143600667;8833.00000000000;MERCEDES 3;RESIDUO MINERO;DESMONTE DE MINA;ALTO MARAÑON;ANCASH;BOLOGNESI;HUALLANCA;283745.00000000000;8905133.00000000000;18.00000000000;WGS84;NO IDENTIFICADO;---;---;Bajo;2
35782;-76.9725767657329;-9.89816953823307;8834.00000000000;MERCEDES 3;LABOR MINERA;BOCAMINA;ALTO MARAÑON;ANCASH;BOLOGNESI;HUALLANCA;283707.00000000000;8905206.00000000000;18.00000000000;WGS84;NO IDENTIFICADO;---;---;Bajo;2
35783;-76.9725624684723;-9.89730182510181;8835.00000000000;MERCEDES 3;LABOR MINERA;TAJO;ALTO MARAÑON;ANCASH;BOLOGNESI;HUALLANCA;283708.00000000000;8905302.00000000000;18.00000000000;WGS84;NO IDENTIFICADO;---;---;Medio;3
35784;-76.9726612352345;-9.89704813786143;8836.00000000000;MERCEDES 3;LABOR MINERA;BOCAMINA;ALTO MARAÑON;ANCASH;BOLOGNESI;HUALLANCA;283697.00000000000;8905330.00000000000;18.00000000000;WGS84;NO IDENTIFICADO;---;---;Alto;4
35785;-76.972632537569;-9.89682231749949;8837.00000000000;MERCEDES 3;LABOR MINERA;BOCAMINA;ALTO MARAÑON;ANCASH;BOLOGNESI;HUALLANCA;283700.00000000000;8905355.00000000000;18.00000000000;WGS84;NO IDENTIFICADO;---;---;Alto;4
35786;-76.9726854536153;-9.8965237016481;8839.00000000000;MERCEDES 3;RESIDUO MINERO;DESMONTE DE MINA;ALTO MARAÑON;ANCASH;BOLOGNESI;HUALLANCA;283694.00000000000;8905388.00000000000;18.00000000000;WGS84;NO IDENTIFICADO;---;---;Medio;3
35787;-76.9728486807902;-9.89637811065556;8840.00000000000;MERCEDES 3;INFRAESTRUCTURA;CAMPAMENTOS, OFICINAS, TALLERES;ALTO MARAÑON;ANCASH;BOLOGNESI;HUALLANCA;283676.00000000000;8905404.00000000000;18.00000000000;WGS84;NO IDENTIFICADO;---;---;Bajo;2
35788;-76.9715847722869;-9.89692790126973;8841.00000000000;MERCEDES 3;RESIDUO MINERO;RELAVES;ALTO MARAÑON;ANCASH;BOLOGNESI;HUALLANCA;283815.00000000000;8905344.00000000000;18.00000000000;WGS84;NO IDENTIFICADO;---;---;Muy alto;5
35789;-76.9730927656308;-9.89603317479346;8842.00000000000;MERCEDES 3;LABOR MINERA;BOCAMINA;ALTO MARAÑON;ANCASH;BOLOGNESI;HUALLANCA;283649.00000000000;8905442.00000000000;18.00000000000;WGS84;NO IDENTIFICADO;---;---;Alto;4
35790;-76.9733648461303;-9.89579654906487;8843.00000000000;MERCEDES 3;LABOR MINERA;PIQUE;ALTO MARAÑON;ANCASH;BOLOGNESI;HUALLANCA;283619.00000000000;8905468.00000000000;18.00000000000;WGS84;NO IDENTIFICADO;---;---;Medio;3
35791;-76.9733009252866;-9.89577884526924;8844.00000000000;MERCEDES 3;RESIDUO MINERO;DESMONTE DE MINA;ALTO MARAÑON;ANCASH;BOLOGNESI;HUALLANCA;283626.00000000000;8905470.00000000000;18.00000000000;WGS84;NO IDENTIFICADO;---;---;Medio;3
35792;-76.9740237557911;-9.89774522150708;8845.00000000000;MERCEDES 3;INFRAESTRUCTURA;PLANTAS DE PROCESAMIENTO;ALTO MARAÑON;ANCASH;BOLOGNESI;HUALLANCA;283548.00000000000;8905252.00000000000;18.00000000000;WGS84;NO IDENTIFICADO;---;---;Medio;3
35793;-76.9751831310457;-9.89800959486911;8846.00000000000;MERCEDES 3;LABOR MINERA;BOCAMINA;ALTO MARAÑON;ANCASH;BOLOGNESI;HUALLANCA;283421.00000000000;8905222.00000000000;18.00000000000;WGS84;NO IDENTIFICADO;---;---;Bajo;2
35794;-76.9751917067977;-9.89791914906849;8847.00000000000;MERCEDES 3;LABOR MINERA;TRINCHERA;ALTO MARAÑON;ANCASH;BOLOGNESI;HUALLANCA;283420.00000000000;8905232.00000000000;18.00000000000;WGS84;NO IDENTIFICADO;---;---;Bajo;2
35795;-76.9750723319018;-9.89777521811263;8848.00000000000;MERCEDES 3;LABOR MINERA;BOCAMINA;ALTO MARAÑON;ANCASH;BOLOGNESI;HUALLANCA;283433.00000000000;8905248.00000000000;18.00000000000;WGS84;NO IDENTIFICADO;---;---;Alto;4
35796;-76.9750001590398;-9.89790219587686;8849.00000000000;MERCEDES 3;INFRAESTRUCTURA;CAMPAMENTOS, OFICINAS, TALLERES;ALTO MARAÑON;ANCASH;BOLOGNESI;HUALLANCA;283441.00000000000;8905234.00000000000;18.00000000000;WGS84;NO IDENTIFICADO;---;---;Bajo;2
35797;-77.067757011244;-9.52522102651332;8875.00000000000;NUEVA ANTAMINA;LABOR MINERA;BOCAMINA;ALTO MARAÑON;ANCASH;HUARI;SAN MARCOS;273015.00000000000;8946402.00000000000;18.00000000000;WGS84;NO IDENTIFICADO;---;---;Medio;3
35798;-77.260062256472;-9.37740132726256;8893.00000000000;ESPARTA;RESIDUO MINERO;DESMONTE DE MINA;ALTO MARAÑON;ANCASH;HUARI;HUARI;251789.00000000000;8962625.00000000000;18.00000000000;WGS84;IDENTIFICADO;---;---;Alto;4
35799;-77.2596241437978;-9.37720528452919;8896.00000000000;ESPARTA;RESIDUO MINERO;RELAVES;ALTO MARAÑON;ANCASH;HUARI;HUARI;251837.00000000000;8962647.00000000000;18.00000000000;WGS84;IDENTIFICADO;---;---;Muy alto;5
35800;-77.2602338204413;-9.37719235311596;8899.00000000000;ESPARTA;INFRAESTRUCTURA;PLANTAS DE PROCESAMIENTO;ALTO MARAÑON;ANCASH;HUARI;HUARI;251770.00000000000;8962648.00000000000;18.00000000000;WGS84;IDENTIFICADO;---;---;Alto;4
35801;-77.2162190197989;-9.68434198141392;8904.00000000000;MANTO;LABOR MINERA;BOCAMINA;ALTO MARAÑON;ANCASH;HUARI;CHAVIN DE HUANTAR;256824.00000000000;8928696.00000000000;18.00000000000;WGS84;NO IDENTIFICADO;---;---;Medio;3
35802;-77.2134271463405;-9.68644785877591;8908.00000000000;MANTO;LABOR MINERA;TAJEO COMUNICADO;ALTO MARAÑON;ANCASH;HUARI;CHAVIN DE HUANTAR;257132.00000000000;8928465.00000000000;18.00000000000;WGS84;NO IDENTIFICADO;---;---;Medio;3
35803;-77.2125281961045;-9.6868874983561;8913.00000000000;MANTO;LABOR MINERA;TAJEO COMUNICADO;ALTO MARAÑON;ANCASH;HUARI;CHAVIN DE HUANTAR;257231.00000000000;8928417.00000000000;18.00000000000;WGS84;NO IDENTIFICADO;---;---;Medio;3
35804;-77.2132190013948;-9.6866570834634;8917.00000000000;MANTO;LABOR MINERA;TAJEO COMUNICADO;ALTO MARAÑON;ANCASH;HUARI;CHAVIN DE HUANTAR;257155.00000000000;8928442.00000000000;18.00000000000;WGS84;NO IDENTIFICADO;---;---;Medio;3
35805;-77.2137024903588;-9.68676242357902;8919.00000000000;MANTO;LABOR MINERA;BOCAMINA;ALTO MARAÑON;ANCASH;HUARI;CHAVIN DE HUANTAR;257102.00000000000;8928430.00000000000;18.00000000000;WGS84;NO IDENTIFICADO;---;---;Medio;3
35806;-77.2142189191666;-9.68633428895503;8920.00000000000;MANTO;LABOR MINERA;BOCAMINA;ALTO MARAÑON;ANCASH;HUARI;CHAVIN DE HUANTAR;257045.00000000000;8928477.00000000000;18.00000000000;WGS84;NO IDENTIFICADO;---;---;Medio;3
35807;-77.2138615942106;-9.68602025366826;8921.00000000000;MANTO;LABOR MINERA;BOCAMINA;ALTO MARAÑON;ANCASH;HUARI;CHAVIN DE HUANTAR;257084.00000000000;8928512.00000000000;18.00000000000;WGS84;NO IDENTIFICADO;---;---;Medio;3
35808;-77.2141731963655;-9.68630746909821;8922.00000000000;MANTO;RESIDUO MINERO;DESMONTE DE MINA;ALTO MARAÑON;ANCASH;HUARI;CHAVIN DE HUANTAR;257050.00000000000;8928480.00000000000;18.00000000000;WGS84;NO IDENTIFICADO;---;---;Medio;3
35809;-76.9754244035925;-9.89719461811872;8923.00000000000;MERCEDES 3;LABOR MINERA;BOCAMINA;ALTO MARAÑON;ANCASH;BOLOGNESI;HUALLANCA;283394.00000000000;8905312.00000000000;18.00000000000;WGS84;NO IDENTIFICADO;---;---;Medio;3
35810;-76.9762093994028;-9.89583407249335;8924.00000000000;MERCEDES 3;LABOR MINERA;TAJO;ALTO MARAÑON;ANCASH;BOLOGNESI;HUALLANCA;283307.00000000000;8905462.00000000000;18.00000000000;WGS84;NO IDENTIFICADO;---;---;Medio;3
35811;-76.9758528440875;-9.89566441764284;8926.00000000000;MERCEDES 3;LABOR MINERA;PIQUE;ALTO MARAÑON;ANCASH;BOLOGNESI;HUALLANCA;283346.00000000000;8905481.00000000000;18.00000000000;WGS84;NO IDENTIFICADO;---;---;Medio;3
35812;-76.975806885217;-9.89560141106434;8927.00000000000;MERCEDES 3;LABOR MINERA;TAJO;ALTO MARAÑON;ANCASH;BOLOGNESI;HUALLANCA;283351.00000000000;8905488.00000000000;18.00000000000;WGS84;NO IDENTIFICADO;---;---;Medio;3
35813;-76.9763085413544;-9.89564365930449;8941.00000000000;MERCEDES 3;LABOR MINERA;TAJEO COMUNICADO;ALTO MARAÑON;ANCASH;BOLOGNESI;HUALLANCA;283296.00000000000;8905483.00000000000;18.00000000000;WGS84;NO IDENTIFICADO;---;---;Bajo;2
35814;-76.9768637044479;-9.89548672236011;8947.00000000000;MERCEDES 3;LABOR MINERA;BOCAMINA;ALTO MARAÑON;ANCASH;BOLOGNESI;HUALLANCA;283235.00000000000;8905500.00000000000;18.00000000000;WGS84;NO IDENTIFICADO;---;---;Alto;4
35815;-76.9773560277823;-9.8954928658181;8948.00000000000;MERCEDES 3;LABOR MINERA;BOCAMINA;ALTO MARAÑON;ANCASH;BOLOGNESI;HUALLANCA;283181.00000000000;8905499.00000000000;18.00000000000;WGS84;NO IDENTIFICADO;---;---;Medio;3
35816;-76.9772667598425;-9.89580977451878;8949.00000000000;MERCEDES 3;LABOR MINERA;BOCAMINA;ALTO MARAÑON;ANCASH;BOLOGNESI;HUALLANCA;283191.00000000000;8905464.00000000000;18.00000000000;WGS84;NO IDENTIFICADO;---;---;Medio;3
35817;-76.9773821935847;-9.89224752070643;8950.00000000000;MERCEDES 3;LABOR MINERA;PIQUE;ALTO MARAÑON;ANCASH;BOLOGNESI;HUALLANCA;283176.00000000000;8905858.00000000000;18.00000000000;WGS84;NO IDENTIFICADO;---;---;Bajo;2
35818;-76.9764752771066;-9.89151161154329;8951.00000000000;MERCEDES 3;LABOR MINERA;PIQUE;ALTO MARAÑON;ANCASH;BOLOGNESI;HUALLANCA;283275.00000000000;8905940.00000000000;18.00000000000;WGS84;NO IDENTIFICADO;---;---;Medio;3
35819;-76.976330934318;-9.89176556701655;8952.00000000000;MERCEDES 3;LABOR MINERA;BOCAMINA;ALTO MARAÑON;ANCASH;BOLOGNESI;HUALLANCA;283291.00000000000;8905912.00000000000;18.00000000000;WGS84;NO IDENTIFICADO;---;---;Medio;3
35820;-76.9763671281131;-9.891720156587;8954.00000000000;MERCEDES 3;LABOR MINERA;BOCAMINA;ALTO MARAÑON;ANCASH;BOLOGNESI;HUALLANCA;283287.00000000000;8905917.00000000000;18.00000000000;WGS84;NO IDENTIFICADO;---;---;Medio;3
35821;-76.9764040784726;-9.89180129520903;8955.00000000000;MERCEDES 3;LABOR MINERA;TAJO;ALTO MARAÑON;ANCASH;BOLOGNESI;HUALLANCA;283283.00000000000;8905908.00000000000;18.00000000000;WGS84;NO IDENTIFICADO;---;---;Medio;3
35822;-76.9762299018222;-9.89163960735839;8956.00000000000;MERCEDES 3;LABOR MINERA;PIQUE;ALTO MARAÑON;ANCASH;BOLOGNESI;HUALLANCA;283302.00000000000;8905926.00000000000;18.00000000000;WGS84;NO IDENTIFICADO;---;---;Bajo;2
35823;-76.9757138014733;-9.89223021046785;8958.00000000000;MERCEDES 3;LABOR MINERA;BOCAMINA;ALTO MARAÑON;ANCASH;BOLOGNESI;HUALLANCA;283359.00000000000;8905861.00000000000;18.00000000000;WGS84;NO IDENTIFICADO;---;---;Bajo;2
35824;-76.9757138014733;-9.89223021046785;8968.00000000000;MERCEDES 3;LABOR MINERA;BOCAMINA;ALTO MARAÑON;ANCASH;BOLOGNESI;HUALLANCA;283359.00000000000;8905861.00000000000;18.00000000000;WGS84;NO IDENTIFICADO;---;---;Bajo;2
35825;-76.9754692896138;-9.89250283344856;8970.00000000000;MERCEDES 3;LABOR MINERA;BOCAMINA;ALTO MARAÑON;ANCASH;BOLOGNESI;HUALLANCA;283386.00000000000;8905831.00000000000;18.00000000000;WGS84;NO IDENTIFICADO;---;---;Medio;3
35826;-76.9756079208199;-9.89281840272141;8973.00000000000;MERCEDES 3;RESIDUO MINERO;DESMONTE DE MINA;ALTO MARAÑON;ANCASH;BOLOGNESI;HUALLANCA;283371.00000000000;8905796.00000000000;18.00000000000;WGS84;NO IDENTIFICADO;---;---;Medio;3
35827;-76.9757281041385;-9.89309792214622;8975.00000000000;MERCEDES 3;LABOR MINERA;BOCAMINA;ALTO MARAÑON;ANCASH;BOLOGNESI;HUALLANCA;283358.00000000000;8905765.00000000000;18.00000000000;WGS84;NO IDENTIFICADO;---;---;Bajo;2
35828;-76.9755288478744;-9.89331604206309;8976.00000000000;MERCEDES 3;LABOR MINERA;BOCAMINA;ALTO MARAÑON;ANCASH;BOLOGNESI;HUALLANCA;283380.00000000000;8905741.00000000000;18.00000000000;WGS84;NO IDENTIFICADO;---;---;Medio;3
35829;-76.9752395652311;-9.89372452125437;8979.00000000000;MERCEDES 3;LABOR MINERA;BOCAMINA;ALTO MARAÑON;ANCASH;BOLOGNESI;HUALLANCA;283412.00000000000;8905696.00000000000;18.00000000000;WGS84;NO IDENTIFICADO;---;---;Medio;3
35830;-76.974451165979;-9.89451559326413;8980.00000000000;MERCEDES 3;LABOR MINERA;BOCAMINA;ALTO MARAÑON;ANCASH;BOLOGNESI;HUALLANCA;283499.00000000000;8905609.00000000000;18.00000000000;WGS84;NO IDENTIFICADO;---;---;Bajo;2
35831;-76.9743141007015;-9.89446216108453;8988.00000000000;MERCEDES 3;RESIDUO MINERO;DESMONTE DE MINA;ALTO MARAÑON;ANCASH;BOLOGNESI;HUALLANCA;283514.00000000000;8905615.00000000000;18.00000000000;WGS84;NO IDENTIFICADO;---;---;Medio;3
35832;-76.9749913917419;-9.89491015938325;8995.00000000000;MERCEDES 3;LABOR MINERA;TAJO;ALTO MARAÑON;ANCASH;BOLOGNESI;HUALLANCA;283440.00000000000;8905565.00000000000;18.00000000000;WGS84;NO IDENTIFICADO;---;---;Medio;3
35833;-76.9748181859655;-9.89491117706489;8996.00000000000;MERCEDES 3;RESIDUO MINERO;DESMONTE DE MINA;ALTO MARAÑON;ANCASH;BOLOGNESI;HUALLANCA;283459.00000000000;8905565.00000000000;18.00000000000;WGS84;NO IDENTIFICADO;---;---;Medio;3
35834;-76.9746458443464;-9.89505682227352;8997.00000000000;MERCEDES 3;LABOR MINERA;TAJO;ALTO MARAÑON;ANCASH;BOLOGNESI;HUALLANCA;283478.00000000000;8905549.00000000000;18.00000000000;WGS84;NO IDENTIFICADO;---;---;Bajo;2
35835;-76.9746922890497;-9.89520118210146;8998.00000000000;MERCEDES 3;LABOR MINERA;BOCAMINA;ALTO MARAÑON;ANCASH;BOLOGNESI;HUALLANCA;283473.00000000000;8905533.00000000000;18.00000000000;WGS84;NO IDENTIFICADO;---;---;Bajo;2
35836;-76.9743383811426;-9.89547444750024;8999.00000000000;MERCEDES 3;LABOR MINERA;BOCAMINA;ALTO MARAÑON;ANCASH;BOLOGNESI;HUALLANCA;283512.00000000000;8905503.00000000000;18.00000000000;WGS84;NO IDENTIFICADO;---;---;Bajo;2
35837;-76.9741846492672;-9.89568326006099;9000.00000000000;MERCEDES 3;LABOR MINERA;TAJO;ALTO MARAÑON;ANCASH;BOLOGNESI;HUALLANCA;283529.00000000000;8905480.00000000000;18.00000000000;WGS84;NO IDENTIFICADO;---;---;Medio;3
35838;-76.9746442499678;-9.89784101076905;9002.00000000000;MERCEDES 3;RESIDUO MINERO;DESMONTE DE MINA;ALTO MARAÑON;ANCASH;BOLOGNESI;HUALLANCA;283480.00000000000;8905241.00000000000;18.00000000000;WGS84;NO IDENTIFICADO;---;---;Alto;4
35839;-76.9745754806294;-9.89853745962824;9003.00000000000;MERCEDES 3;INFRAESTRUCTURA;CAMPAMENTOS, OFICINAS, TALLERES;ALTO MARAÑON;ANCASH;BOLOGNESI;HUALLANCA;283488.00000000000;8905164.00000000000;18.00000000000;WGS84;NO IDENTIFICADO;---;---;Medio;3
35840;-76.9742849185191;-10.0200302440334;9030.00000000000;MINA ATALAYA 1;LABOR MINERA;TRINCHERA;ALTO MARAÑON;ANCASH;BOLOGNESI;HUALLANCA;283600.00000000000;8891724.00000000000;18.00000000000;WGS84;NO IDENTIFICADO;---;---;Bajo;2
35841;-76.9971991766852;-10.0000066118027;9069.00000000000;HILARION;LABOR MINERA;BOCAMINA;ALTO MARAÑON;ANCASH;BOLOGNESI;HUALLANCA;281074.00000000000;8893924.00000000000;18.00000000000;WGS84;NO IDENTIFICADO;---;---;Medio;3
35842;-76.9971445738173;-10.0000250183039;9070.00000000000;HILARION;RESIDUO MINERO;DESMONTE DE MINA;ALTO MARAÑON;ANCASH;BOLOGNESI;HUALLANCA;281080.00000000000;8893922.00000000000;18.00000000000;WGS84;NO IDENTIFICADO;---;---;Bajo;2
35843;-76.9970460329921;-10.0003148698395;9071.00000000000;HILARION;LABOR MINERA;BOCAMINA;ALTO MARAÑON;ANCASH;BOLOGNESI;HUALLANCA;281091.00000000000;8893890.00000000000;18.00000000000;WGS84;NO IDENTIFICADO;---;---;Medio;3
35844;-76.996602629935;-10.00087797246;9072.00000000000;HILARION;LABOR MINERA;BOCAMINA;ALTO MARAÑON;ANCASH;BOLOGNESI;HUALLANCA;281140.00000000000;8893828.00000000000;18.00000000000;WGS84;NO IDENTIFICADO;---;---;Medio;3
35845;-76.9971101965551;-10.0003687209743;9073.00000000000;HILARION;RESIDUO MINERO;DESMONTE DE MINA;ALTO MARAÑON;ANCASH;BOLOGNESI;HUALLANCA;281084.00000000000;8893884.00000000000;18.00000000000;WGS84;NO IDENTIFICADO;---;---;Bajo;2
35846;-76.9965659886694;-10.0008510742096;9074.00000000000;HILARION;RESIDUO MINERO;DESMONTE DE MINA;ALTO MARAÑON;ANCASH;BOLOGNESI;HUALLANCA;281144.00000000000;8893831.00000000000;18.00000000000;WGS84;NO IDENTIFICADO;---;---;Medio;3
35847;-77.3671523392133;-8.81795692170746;9075.00000000000;MIGUELITO Nº 1;LABOR MINERA;BOCAMINA;ALTO MARAÑON;ANCASH;MARISCAL LUZURIAGA;CASCA;239617.00000000000;9024449.00000000000;18.00000000000;WGS84;NO IDENTIFICADO;---;---;Medio;3
35848;-77.3676019604073;-8.81722202787565;9076.00000000000;MIGUELITO Nº 1;RESIDUO MINERO;DESMONTE DE MINA;ALTO MARAÑON;ANCASH;MARISCAL LUZURIAGA;CASCA;239567.00000000000;9024530.00000000000;18.00000000000;WGS84;NO IDENTIFICADO;---;---;Medio;3
35849;-77.1618701062615;-9.86179988017711;10034.00000000000;HUARAPASCA;RESIDUO MINERO;DESMONTE DE MINA;PATIVILCA;ANCASH;BOLOGNESI;AQUIA;262916.00000000000;8909101.00000000000;18.00000000000;WGS84;NO IDENTIFICADO;---;---;Medio;3
35850;-77.1621990979169;-9.86193334882663;10035.00000000000;HUARAPASCA;LABOR MINERA;BOCAMINA;PATIVILCA;ANCASH;BOLOGNESI;AQUIA;262880.00000000000;8909086.00000000000;18.00000000000;WGS84;NO IDENTIFICADO;---;---;Alto;4
35851;-77.2336608867086;-10.3629511475007;10036.00000000000;LLIPA;INFRAESTRUCTURA;CAMPAMENTOS, OFICINAS, TALLERES;PATIVILCA;ANCASH;OCROS;LLIPA;255419.00000000000;8853600.00000000000;18.00000000000;WGS84;NO IDENTIFICADO;---;---;Insignificante;1
35852;-77.2331948288938;-10.361589660896;10038.00000000000;LLIPA;INFRAESTRUCTURA;CAMPAMENTOS, OFICINAS, TALLERES;PATIVILCA;ANCASH;OCROS;LLIPA;255469.00000000000;8853751.00000000000;18.00000000000;WGS84;NO IDENTIFICADO;---;---;Insignificante;1
35853;-77.5340847792433;-9.77287532807534;10040.00000000000;BOCAMINAS TAJEOS Y DESMONTES KARAN;LABOR MINERA;BOCAMINA;HUARMEY;ANCASH;AIJA;AIJA;221999.00000000000;8918655.00000000000;18.00000000000;WGS84;NO IDENTIFICADO;---;---;Medio;3
35854;-77.1104630225736;-9.87029667262567;10041.00000000000;APARIPASHA;LABOR MINERA;BOCAMINA;PATIVILCA;ANCASH;BOLOGNESI;AQUIA;268562.00000000000;8908197.00000000000;18.00000000000;WGS84;NO IDENTIFICADO;---;---;Alto;4
35855;-77.5279357543875;-9.76805953954833;10042.00000000000;BOCAMINAS TAJEOS Y DESMONTES KARAN;LABOR MINERA;BOCAMINA;HUARMEY;ANCASH;AIJA;AIJA;222670.00000000000;8919193.00000000000;18.00000000000;WGS84;NO IDENTIFICADO;---;---;Medio;3
35856;-77.1120188269957;-9.86698775268434;10044.00000000000;APARIPASHA;RESIDUO MINERO;DESMONTE DE MINA;PATIVILCA;ANCASH;BOLOGNESI;AQUIA;268389.00000000000;8908562.00000000000;18.00000000000;WGS84;NO IDENTIFICADO;---;---;Medio;3
35857;-77.1577585302626;-9.86445644124914;10052.00000000000;CARBON HUARAPASCA;RESIDUO MINERO;DESMONTE DE MINA;PATIVILCA;ANCASH;BOLOGNESI;AQUIA;263369.00000000000;8908810.00000000000;18.00000000000;WGS84;NO IDENTIFICADO;---;---;Medio;3
35858;-77.1577139593922;-9.86461038224527;10053.00000000000;CARBON HUARAPASCA;LABOR MINERA;BOCAMINA;PATIVILCA;ANCASH;BOLOGNESI;AQUIA;263374.00000000000;8908793.00000000000;18.00000000000;WGS84;NO IDENTIFICADO;---;---;Medio;3
35859;-77.1576953191706;-9.86454723156924;10054.00000000000;CARBON HUARAPASCA;LABOR MINERA;PIQUE;PATIVILCA;ANCASH;BOLOGNESI;AQUIA;263376.00000000000;8908800.00000000000;18.00000000000;WGS84;NO IDENTIFICADO;---;---;Medio;3
35860;-77.1598030839073;-9.86769722846369;10055.00000000000;CARBON HUARAPASCA;LABOR MINERA;BOCAMINA;PATIVILCA;ANCASH;BOLOGNESI;AQUIA;263147.00000000000;8908450.00000000000;18.00000000000;WGS84;NO IDENTIFICADO;---;---;Medio;3
35861;-77.1576024168563;-9.86567764756101;10056.00000000000;CARBON HUARAPASCA;RESIDUO MINERO;DESMONTE DE MINA;PATIVILCA;ANCASH;BOLOGNESI;AQUIA;263387.00000000000;8908675.00000000000;18.00000000000;WGS84;NO IDENTIFICADO;---;---;Bajo;2
35862;-77.1575941851476;-9.86581327881242;10057.00000000000;CARBON HUARAPASCA;LABOR MINERA;BOCAMINA;PATIVILCA;ANCASH;BOLOGNESI;AQUIA;263388.00000000000;8908660.00000000000;18.00000000000;WGS84;NO IDENTIFICADO;---;---;Medio;3
35863;-77.1569027381173;-9.86600751444115;10058.00000000000;CARBON HUARAPASCA;LABOR MINERA;TAJEO COMUNICADO;PATIVILCA;ANCASH;BOLOGNESI;AQUIA;263464.00000000000;8908639.00000000000;18.00000000000;WGS84;NO IDENTIFICADO;---;---;Medio;3
35864;-77.5280281422487;-9.76823054366912;10059.00000000000;BOCAMINAS TAJEOS Y DESMONTES KARAN;RESIDUO MINERO;DESMONTE DE MINA;HUARMEY;ANCASH;AIJA;AIJA;222660.00000000000;8919174.00000000000;18.00000000000;WGS84;NO IDENTIFICADO;---;---;Bajo;2
35865;-77.5279634229711;-9.76810451570146;10060.00000000000;BOCAMINAS TAJEOS Y DESMONTES KARAN;LABOR MINERA;BOCAMINA;HUARMEY;ANCASH;AIJA;AIJA;222667.00000000000;8919188.00000000000;18.00000000000;WGS84;NO IDENTIFICADO;---;---;Bajo;2
35866;-77.5256957339977;-9.78145902476037;10061.00000000000;BOCAMINAS TAJEOS Y DESMONTES KARAN;RESIDUO MINERO;DESMONTE DE MINA;HUARMEY;ANCASH;AIJA;AIJA;222927.00000000000;8917712.00000000000;18.00000000000;WGS84;NO IDENTIFICADO;---;---;Bajo;2
35867;-77.5255870341275;-9.78154115997169;10062.00000000000;BOCAMINAS TAJEOS Y DESMONTES KARAN;INFRAESTRUCTURA;NO DETERMINADO;HUARMEY;ANCASH;AIJA;AIJA;222939.00000000000;8917703.00000000000;18.00000000000;WGS84;NO IDENTIFICADO;---;---;Insignificante;1
35868;-77.5252458550005;-9.78220335009027;10064.00000000000;BOCAMINAS TAJEOS Y DESMONTES KARAN;LABOR MINERA;BOCAMINA;HUARMEY;ANCASH;AIJA;AIJA;222977.00000000000;8917630.00000000000;18.00000000000;WGS84;NO IDENTIFICADO;---;---;Medio;3
35869;-77.5254101681002;-9.7822473105646;10065.00000000000;BOCAMINAS TAJEOS Y DESMONTES KARAN;RESIDUO MINERO;DESMONTE DE MINA;HUARMEY;ANCASH;AIJA;AIJA;222959.00000000000;8917625.00000000000;18.00000000000;WGS84;NO IDENTIFICADO;---;---;Medio;3
35870;-77.5301282481137;-9.77971818118469;10070.00000000000;BOCAMINAS TAJEOS Y DESMONTES KARAN;LABOR MINERA;TAJEO COMUNICADO;HUARMEY;ANCASH;AIJA;AIJA;222439.00000000000;8917901.00000000000;18.00000000000;WGS84;NO IDENTIFICADO;---;---;Bajo;2
35871;-77.1599082138336;-9.86704577856713;10071.00000000000;CARBON HUARAPASCA;LABOR MINERA;BOCAMINA;PATIVILCA;ANCASH;BOLOGNESI;AQUIA;263135.00000000000;8908522.00000000000;18.00000000000;WGS84;NO IDENTIFICADO;---;---;Medio;3
35872;-77.1590153827444;-9.86850670804404;10072.00000000000;CARBON HUARAPASCA;LABOR MINERA;BOCAMINA;PATIVILCA;ANCASH;BOLOGNESI;AQUIA;263234.00000000000;8908361.00000000000;18.00000000000;WGS84;NO IDENTIFICADO;---;---;Medio;3
35873;-77.1590334346768;-9.86847947669487;10073.00000000000;CARBON HUARAPASCA;RESIDUO MINERO;DESMONTE DE MINA;PATIVILCA;ANCASH;BOLOGNESI;AQUIA;263232.00000000000;8908364.00000000000;18.00000000000;WGS84;NO IDENTIFICADO;---;---;Medio;3
35874;-77.1592868681964;-9.86820669595598;10074.00000000000;CARBON HUARAPASCA;LABOR MINERA;BOCAMINA;PATIVILCA;ANCASH;BOLOGNESI;AQUIA;263204.00000000000;8908394.00000000000;18.00000000000;WGS84;NO IDENTIFICADO;---;---;Medio;3
35875;-77.1593143288683;-9.86822459710645;10075.00000000000;CARBON HUARAPASCA;RESIDUO MINERO;DESMONTE DE MINA;PATIVILCA;ANCASH;BOLOGNESI;AQUIA;263201.00000000000;8908392.00000000000;18.00000000000;WGS84;NO IDENTIFICADO;---;---;Medio;3
35876;-77.0735105335415;-9.92406424188955;10076.00000000000;SANTA TERESITA;LABOR MINERA;PIQUE;PATIVILCA;ANCASH;BOLOGNESI;AQUIA;272653.00000000000;8902274.00000000000;18.00000000000;WGS84;NO IDENTIFICADO;ACTIVOS MINEROS S.A.C.;---;Alto;4
35877;-77.0736196451897;-9.92401837180444;10077.00000000000;SANTA TERESITA;LABOR MINERA;BOCAMINA;PATIVILCA;ANCASH;BOLOGNESI;AQUIA;272641.00000000000;8902279.00000000000;18.00000000000;WGS84;NO IDENTIFICADO;ACTIVOS MINEROS S.A.C.;---;Alto;4
35878;-77.0680784898373;-9.92430570172224;10079.00000000000;SANTA TERESITA;LABOR MINERA;BOCAMINA;PATIVILCA;ANCASH;BOLOGNESI;AQUIA;273249.00000000000;8902251.00000000000;18.00000000000;WGS84;NO IDENTIFICADO;ACTIVOS MINEROS S.A.C.;---;Medio;3
35879;-77.0705373539828;-9.92388376411653;10080.00000000000;SANTA TERESITA;RESIDUO MINERO;DESMONTE DE MINA;PATIVILCA;ANCASH;BOLOGNESI;AQUIA;272979.00000000000;8902296.00000000000;18.00000000000;WGS84;NO IDENTIFICADO;ACTIVOS MINEROS S.A.C.;---;Alto;4
35880;-77.0681877728987;-9.92428694929622;10081.00000000000;SANTA TERESITA;RESIDUO MINERO;DESMONTE DE MINA;PATIVILCA;ANCASH;BOLOGNESI;AQUIA;273237.00000000000;8902253.00000000000;18.00000000000;WGS84;NO IDENTIFICADO;ACTIVOS MINEROS S.A.C.;---;Medio;3
35881;-77.0675507607875;-9.92447166039454;10082.00000000000;SANTA TERESITA;LABOR MINERA;BOCAMINA;PATIVILCA;ANCASH;BOLOGNESI;AQUIA;273307.00000000000;8902233.00000000000;18.00000000000;WGS84;NO IDENTIFICADO;ACTIVOS MINEROS S.A.C.;---;Medio;3
35882;-77.0675598771738;-9.92447160415484;10083.00000000000;SANTA TERESITA;RESIDUO MINERO;DESMONTE DE MINA;PATIVILCA;ANCASH;BOLOGNESI;AQUIA;273306.00000000000;8902233.00000000000;18.00000000000;WGS84;NO IDENTIFICADO;ACTIVOS MINEROS S.A.C.;---;Medio;3
35883;-77.0664331010772;-9.92070023201075;10084.00000000000;SANTA TERESITA;LABOR MINERA;BOCAMINA;PATIVILCA;ANCASH;BOLOGNESI;AQUIA;273427.00000000000;8902651.00000000000;18.00000000000;WGS84;NO IDENTIFICADO;---;---;Bajo;2
35884;-77.0665328135188;-9.92060922695168;10085.00000000000;SANTA TERESITA;RESIDUO MINERO;DESMONTE DE MINA;PATIVILCA;ANCASH;BOLOGNESI;AQUIA;273416.00000000000;8902661.00000000000;18.00000000000;WGS84;NO IDENTIFICADO;---;---;Medio;3
35885;-77.0683104881414;-9.9205982651466;10086.00000000000;SANTA TERESITA;LABOR MINERA;BOCAMINA;PATIVILCA;ANCASH;BOLOGNESI;AQUIA;273221.00000000000;8902661.00000000000;18.00000000000;WGS84;NO IDENTIFICADO;---;---;Medio;3
35886;-77.06868741426;-9.92400365566638;10088.00000000000;SANTA TERESITA;RESIDUO MINERO;DESMONTE DE MINA;PATIVILCA;ANCASH;BOLOGNESI;AQUIA;273182.00000000000;8902284.00000000000;18.00000000000;WGS84;NO IDENTIFICADO;ACTIVOS MINEROS S.A.C.;---;Medio;3
35887;-77.0686600651593;-9.92400382446884;10089.00000000000;SANTA TERESITA;LABOR MINERA;BOCAMINA;PATIVILCA;ANCASH;BOLOGNESI;AQUIA;273185.00000000000;8902284.00000000000;18.00000000000;WGS84;NO IDENTIFICADO;ACTIVOS MINEROS S.A.C.;---;Medio;3
35888;-77.0696441782566;-9.92392543675306;10090.00000000000;SANTA TERESITA;RESIDUO MINERO;DESMONTE DE MINA;PATIVILCA;ANCASH;BOLOGNESI;AQUIA;273077.00000000000;8902292.00000000000;18.00000000000;WGS84;NO IDENTIFICADO;ACTIVOS MINEROS S.A.C.;---;Alto;4
35889;-77.0694897678764;-9.92401678049382;10091.00000000000;SANTA TERESITA;LABOR MINERA;BOCAMINA;PATIVILCA;ANCASH;BOLOGNESI;AQUIA;273094.00000000000;8902282.00000000000;18.00000000000;WGS84;NO IDENTIFICADO;ACTIVOS MINEROS S.A.C.;---;Alto;4
35890;-77.3946923942524;-10.4597432972585;10142.00000000000;EL DORADO;INFRAESTRUCTURA;PLANTAS DE PROCESAMIENTO;PATIVILCA;ANCASH;OCROS;SANTIAGO DE CHILCAS;237858.00000000000;8842761.00000000000;18.00000000000;WGS84;NO IDENTIFICADO;---;---;Insignificante;1
35891;-77.3946638684768;-10.4619756239392;10143.00000000000;EL DORADO;RESIDUO MINERO;RELAVES;PATIVILCA;ANCASH;OCROS;SANTIAGO DE CHILCAS;237863.00000000000;8842514.00000000000;18.00000000000;WGS84;NO IDENTIFICADO;---;---;Alto;4
35892;-77.231443470283;-10.3630569231436;10212.00000000000;LLIPA;RESIDUO MINERO;RELAVES;PATIVILCA;ANCASH;OCROS;LLIPA;255662.00000000000;8853590.00000000000;18.00000000000;WGS84;NO IDENTIFICADO;---;---;Medio;3
35893;-77.2327933616872;-10.3629029454688;10213.00000000000;LLIPA;INFRAESTRUCTURA;PLANTAS DE PROCESAMIENTO;PATIVILCA;ANCASH;OCROS;LLIPA;255514.00000000000;8853606.00000000000;18.00000000000;WGS84;NO IDENTIFICADO;---;---;Bajo;2
35894;-77.2353308761576;-10.3577337142856;10215.00000000000;LLIPA;LABOR MINERA;BOCAMINA;PATIVILCA;ANCASH;OCROS;LLIPA;255232.00000000000;8854176.00000000000;18.00000000000;WGS84;NO IDENTIFICADO;---;---;Bajo;2
35895;-77.2349365945072;-10.3574833926343;10216.00000000000;LLIPA;INFRAESTRUCTURA;NO DETERMINADO;PATIVILCA;ANCASH;OCROS;LLIPA;255275.00000000000;8854204.00000000000;18.00000000000;WGS84;NO IDENTIFICADO;---;---;Bajo;2
35896;-77.1118947932052;-9.87612677942506;10227.00000000000;APARRE;LABOR MINERA;BOCAMINA;PATIVILCA;ANCASH;BOLOGNESI;AQUIA;268409.00000000000;8907551.00000000000;18.00000000000;WGS84;NO IDENTIFICADO;---;---;Bajo;2
35897;-77.1121578537233;-9.8759262753798;10228.00000000000;APARRE;RESIDUO MINERO;RESIDUOS DE CARBON;PATIVILCA;ANCASH;BOLOGNESI;AQUIA;268380.00000000000;8907573.00000000000;18.00000000000;WGS84;NO IDENTIFICADO;---;---;Bajo;2
35898;-77.1129005925612;-9.87661760431286;10229.00000000000;APARRE;LABOR MINERA;BOCAMINA;PATIVILCA;ANCASH;BOLOGNESI;AQUIA;268299.00000000000;8907496.00000000000;18.00000000000;WGS84;NO IDENTIFICADO;---;---;Bajo;2
35899;-77.1129277639176;-9.87659031735933;10230.00000000000;APARRE;RESIDUO MINERO;RESIDUOS DE CARBON;PATIVILCA;ANCASH;BOLOGNESI;AQUIA;268296.00000000000;8907499.00000000000;18.00000000000;WGS84;NO IDENTIFICADO;---;---;Bajo;2
35900;-77.1129645115343;-9.8766352808224;10231.00000000000;APARRE;LABOR MINERA;BOCAMINA;PATIVILCA;ANCASH;BOLOGNESI;AQUIA;268292.00000000000;8907494.00000000000;18.00000000000;WGS84;NO IDENTIFICADO;---;---;Bajo;2
35901;-77.112857787274;-9.87705173603157;10232.00000000000;APARRE;LABOR MINERA;BOCAMINA;PATIVILCA;ANCASH;BOLOGNESI;AQUIA;268304.00000000000;8907448.00000000000;18.00000000000;WGS84;NO IDENTIFICADO;---;---;Bajo;2
35902;-77.1127947911222;-9.87717867476447;10233.00000000000;APARRE;LABOR MINERA;TRINCHERA;PATIVILCA;ANCASH;BOLOGNESI;AQUIA;268311.00000000000;8907434.00000000000;18.00000000000;WGS84;NO IDENTIFICADO;---;---;Bajo;2
35903;-77.10349460889;-9.88536284718353;10234.00000000000;APARRE;RESIDUO MINERO;DESMONTE DE MINA;PATIVILCA;ANCASH;BOLOGNESI;AQUIA;269337.00000000000;8906535.00000000000;18.00000000000;WGS84;NO IDENTIFICADO;ACTIVOS MINEROS S.A.C.;---;Bajo;2
35904;-77.1035240234073;-9.88568806229459;10235.00000000000;APARRE;RESIDUO MINERO;DESMONTE DE MINA;PATIVILCA;ANCASH;BOLOGNESI;AQUIA;269334.00000000000;8906499.00000000000;18.00000000000;WGS84;NO IDENTIFICADO;ACTIVOS MINEROS S.A.C.;---;Medio;3
35905;-77.1074181543009;-9.88883632267705;10236.00000000000;APARRE;RESIDUO MINERO;RESIDUOS DE CARBON;PATIVILCA;ANCASH;BOLOGNESI;AQUIA;268909.00000000000;8906148.00000000000;18.00000000000;WGS84;NO IDENTIFICADO;ACTIVOS MINEROS S.A.C.;---;Bajo;2
35906;-77.1068146525887;-9.88854182215659;10237.00000000000;APARRE;RESIDUO MINERO;DESMONTE DE MINA;PATIVILCA;ANCASH;BOLOGNESI;AQUIA;268975.00000000000;8906181.00000000000;18.00000000000;WGS84;NO IDENTIFICADO;---;---;Bajo;2
35907;-77.1072914059391;-9.8889726995132;10239.00000000000;APARRE;LABOR MINERA;PIQUE;PATIVILCA;ANCASH;BOLOGNESI;AQUIA;268923.00000000000;8906133.00000000000;18.00000000000;WGS84;NO IDENTIFICADO;ACTIVOS MINEROS S.A.C.;---;Medio;3
35908;-77.110556683807;-9.87927164239694;10240.00000000000;APARRE;LABOR MINERA;BOCAMINA;PATIVILCA;ANCASH;BOLOGNESI;AQUIA;268558.00000000000;8907204.00000000000;18.00000000000;WGS84;NO IDENTIFICADO;---;---;Bajo;2
35909;-77.1105930280899;-9.87925333686499;10241.00000000000;APARRE;LABOR MINERA;BOCAMINA;PATIVILCA;ANCASH;BOLOGNESI;AQUIA;268554.00000000000;8907206.00000000000;18.00000000000;WGS84;NO IDENTIFICADO;---;---;Bajo;2
35910;-77.1082639164846;-9.88709556539037;10242.00000000000;APARRE;RESIDUO MINERO;DESMONTE DE MINA;PATIVILCA;ANCASH;BOLOGNESI;AQUIA;268815.00000000000;8906340.00000000000;18.00000000000;WGS84;NO IDENTIFICADO;ACTIVOS MINEROS S.A.C.;---;Bajo;2
35911;-77.6772521078714;-9.69939619216083;10760.00000000000;HUYNAC;LABOR MINERA;TAJEO COMUNICADO;HUARMEY;ANCASH;AIJA;AIJA;206218.00000000000;8926666.00000000000;18.00000000000;WGS84;NO IDENTIFICADO;---;---;Insignificante;1
35912;-77.6843984227542;-9.70137320274883;10762.00000000000;HUYNAC;RESIDUO MINERO;DESMONTE DE MINA;HUARMEY;ANCASH;AIJA;AIJA;205435.00000000000;8926441.00000000000;18.00000000000;WGS84;NO IDENTIFICADO;---;---;Bajo;2
35913;-77.6814358482372;-9.69872195558098;10765.00000000000;HUYNAC;LABOR MINERA;BOCAMINA;HUARMEY;ANCASH;AIJA;AIJA;205758.00000000000;8926737.00000000000;18.00000000000;WGS84;NO IDENTIFICADO;---;---;Bajo;2
35914;-77.6867112837226;-9.6956266876006;10766.00000000000;HUYNAC;LABOR MINERA;BOCAMINA;HUARMEY;ANCASH;AIJA;AIJA;205176.00000000000;8927075.00000000000;18.00000000000;WGS84;NO IDENTIFICADO;---;---;Bajo;2
35915;-77.6844589304943;-9.69524678786438;10769.00000000000;HUYNAC;LABOR MINERA;BOCAMINA;HUARMEY;ANCASH;AIJA;AIJA;205423.00000000000;8927119.00000000000;18.00000000000;WGS84;NO IDENTIFICADO;---;---;Bajo;2
35916;-77.6755966928079;-9.71111896711339;10771.00000000000;HUYNAC;RESIDUO MINERO;RELAVES;HUARMEY;ANCASH;AIJA;AIJA;206410.00000000000;8925370.00000000000;18.00000000000;WGS84;NO IDENTIFICADO;---;---;Muy alto;5
35917;-77.6833838019084;-9.69288795539092;10777.00000000000;HUYNAC;LABOR MINERA;BOCAMINA;HUARMEY;ANCASH;AIJA;AIJA;205539.00000000000;8927381.00000000000;18.00000000000;WGS84;NO IDENTIFICADO;---;---;Bajo;2
35918;-77.6833166111403;-9.69245478604833;10778.00000000000;HUYNAC;LABOR MINERA;BOCAMINA;HUARMEY;ANCASH;AIJA;AIJA;205546.00000000000;8927429.00000000000;18.00000000000;WGS84;NO IDENTIFICADO;---;---;Insignificante;1
35919;-76.9514180363921;-9.88904550915282;13319.00000000000;MERCEDES 3;RESIDUO MINERO;RELAVES;ALTO MARAÑON;ANCASH;BOLOGNESI;HUALLANCA;286022.00000000000;8906229.00000000000;18.00000000000;WGS84;NO IDENTIFICADO;---;---;Muy alto;5
35920;-77.8600999111386;-9.43028326796414;13451.00000000000;MINA ESPERANZA;RESIDUO MINERO;RELAVES;CASMA;ANCASH;HUARAZ;COCHABAMBA;185891.00000000000;8956291.00000000000;18.00000000000;WGS84;NO IDENTIFICADO;---;---;Medio;3
35921;-77.8607722411768;-9.43016939283377;13452.00000000000;MINA ESPERANZA;RESIDUO MINERO;RELAVES;CASMA;ANCASH;HUARAZ;COCHABAMBA;185817.00000000000;8956303.00000000000;18.00000000000;WGS84;NO IDENTIFICADO;---;---;Medio;3
35922;-77.8539658969489;-9.43448879904566;13454.00000000000;MINA ESPERANZA;RESIDUO MINERO;DESMONTE DE MINA;CASMA;ANCASH;HUARAZ;COCHABAMBA;186569.00000000000;8955831.00000000000;18.00000000000;WGS84;NO IDENTIFICADO;---;---;Medio;3
35923;-77.8552594176569;-9.43467705259407;13456.00000000000;MINA ESPERANZA;RESIDUO MINERO;DESMONTE DE MINA;CASMA;ANCASH;HUARAZ;COCHABAMBA;186427.00000000000;8955809.00000000000;18.00000000000;WGS84;NO IDENTIFICADO;---;---;Medio;3
35924;-77.8590451671394;-9.43146627897343;13457.00000000000;MINA ESPERANZA;RESIDUO MINERO;RELAVES;CASMA;ANCASH;HUARAZ;COCHABAMBA;186008.00000000000;8956161.00000000000;18.00000000000;WGS84;NO IDENTIFICADO;---;---;Alto;4
35925;-77.8529339518242;-9.43512956453305;13458.00000000000;MINA ESPERANZA;LABOR MINERA;PIQUE;CASMA;ANCASH;HUARAZ;COCHABAMBA;186683.00000000000;8955761.00000000000;18.00000000000;WGS84;NO IDENTIFICADO;---;---;Alto;4
35926;-77.8530947392495;-9.43476689252711;13459.00000000000;MINA ESPERANZA;LABOR MINERA;TAJEO COMUNICADO;CASMA;ANCASH;HUARAZ;COCHABAMBA;186665.00000000000;8955801.00000000000;18.00000000000;WGS84;NO IDENTIFICADO;---;---;Medio;3
35927;-77.8527164219402;-9.43523070517775;13462.00000000000;MINA ESPERANZA;LABOR MINERA;BOCAMINA;CASMA;ANCASH;HUARAZ;COCHABAMBA;186707.00000000000;8955750.00000000000;18.00000000000;WGS84;NO IDENTIFICADO;---;---;Bajo;2
35928;-77.8542997167293;-9.43304062081214;13466.00000000000;MINA ESPERANZA;LABOR MINERA;BOCAMINA;CASMA;ANCASH;HUARAZ;COCHABAMBA;186531.00000000000;8955991.00000000000;18.00000000000;WGS84;NO IDENTIFICADO;---;---;Bajo;2
35929;-77.8550403272352;-9.43458848934407;13467.00000000000;MINA ESPERANZA;LABOR MINERA;BOCAMINA;CASMA;ANCASH;HUARAZ;COCHABAMBA;186451.00000000000;8955819.00000000000;18.00000000000;WGS84;NO IDENTIFICADO;---;---;Alto;4
35930;-77.8575169272145;-9.4303945951777;13468.00000000000;MINA ESPERANZA;LABOR MINERA;BOCAMINA;CASMA;ANCASH;HUARAZ;COCHABAMBA;186175.00000000000;8956281.00000000000;18.00000000000;WGS84;NO IDENTIFICADO;---;---;Bajo;2
35931;-77.8531059925341;-9.43502879281166;13470.00000000000;MINA ESPERANZA;LABOR MINERA;TAJEO COMUNICADO;CASMA;ANCASH;HUARAZ;COCHABAMBA;186664.00000000000;8955772.00000000000;18.00000000000;WGS84;NO IDENTIFICADO;---;---;Alto;4
35932;-77.8577065639863;-9.43022140606393;13471.00000000000;MINA ESPERANZA;LABOR MINERA;BOCAMINA;CASMA;ANCASH;HUARAZ;COCHABAMBA;186154.00000000000;8956300.00000000000;18.00000000000;WGS84;NO IDENTIFICADO;---;---;Bajo;2
35933;-77.6529133876361;-9.40136588726685;13476.00000000000;ANDEAN YUNGAR;RESIDUO MINERO;DESMONTE DE MINA;SANTA;ANCASH;CARHUAZ;YUNGAR;208637.00000000000;8959671.00000000000;18.00000000000;WGS84;NO IDENTIFICADO;---;---;Medio;3
35934;-77.6531216880272;-9.401237822466;13477.00000000000;ANDEAN YUNGAR;LABOR MINERA;BOCAMINA;SANTA;ANCASH;CARHUAZ;YUNGAR;208614.00000000000;8959685.00000000000;18.00000000000;WGS84;NO IDENTIFICADO;---;---;Bajo;2
35935;-77.7177808555684;-9.55425331450396;13480.00000000000;SANTA RITA DE JIRAC;LABOR MINERA;BOCAMINA;CASMA;ANCASH;HUARAZ;PIRA;201640.00000000000;8942695.00000000000;18.00000000000;WGS84;NO IDENTIFICADO;---;---;Bajo;2
35936;-77.7178362564835;-9.55435226768008;13481.00000000000;SANTA RITA DE JIRAC;RESIDUO MINERO;DESMONTE DE MINA;CASMA;ANCASH;HUARAZ;PIRA;201634.00000000000;8942684.00000000000;18.00000000000;WGS84;NO IDENTIFICADO;---;---;Bajo;2
35937;-77.6799236076974;-9.6940715534228;13485.00000000000;JONCOJIRCA;LABOR MINERA;TAJEO COMUNICADO;HUARMEY;ANCASH;AIJA;LA MERCED;205920.00000000000;8927253.00000000000;18.00000000000;WGS84;NO IDENTIFICADO;---;---;Bajo;2
35938;-77.6792144926023;-9.69536915303081;13487.00000000000;JONCOJIRCA;RESIDUO MINERO;DESMONTE DE MINA;HUARMEY;ANCASH;AIJA;LA MERCED;205999.00000000000;8927110.00000000000;18.00000000000;WGS84;NO IDENTIFICADO;---;---;Bajo;2
35939;-77.8556875338393;-9.43473681605846;13491.00000000000;MINA ESPERANZA;LABOR MINERA;BOCAMINA;CASMA;ANCASH;HUARAZ;COCHABAMBA;186380.00000000000;8955802.00000000000;18.00000000000;WGS84;NO IDENTIFICADO;---;---;Medio;3
35940;-77.6537782922023;-9.40143167053045;13508.00000000000;ANDEAN YUNGAR;LABOR MINERA;BOCAMINA;SANTA;ANCASH;CARHUAZ;YUNGAR;208542.00000000000;8959663.00000000000;18.00000000000;WGS84;NO IDENTIFICADO;---;---;Bajo;2
35941;-77.6536962683221;-9.4014142159465;13509.00000000000;ANDEAN YUNGAR;RESIDUO MINERO;DESMONTE DE MINA;SANTA;ANCASH;CARHUAZ;YUNGAR;208551.00000000000;8959665.00000000000;18.00000000000;WGS84;NO IDENTIFICADO;---;---;Medio;3
35942;-77.5416924368212;-9.75500808657105;14113.00000000000;QUEBRADA HERCULES;RESIDUO MINERO;DESMONTE DE MINA;HUARMEY;ANCASH;AIJA;AIJA;221149.00000000000;8920626.00000000000;18.00000000000;WGS84;NO IDENTIFICADO;---;---;Bajo;2
35943;-77.8144368946925;-8.17560317103777;14145.00000000000;PUSHAQUILCA;RESIDUO MINERO;DESMONTE DE MINA;SANTA;ANCASH;PALLASCA;PAMPAS;189865.00000000000;9095205.00000000000;18.00000000000;WGS84;NO IDENTIFICADO;ACTIVOS MINEROS S.A.C.;PCPAM DE LA EUM PUSHAQUILCA;Insignificante;1
35944;-77.8137919996676;-8.17027704664073;14146.00000000000;PUSHAQUILCA;INFRAESTRUCTURA;NO DETERMINADO;SANTA;ANCASH;PALLASCA;PAMPAS;189932.00000000000;9095795.00000000000;18.00000000000;WGS84;NO IDENTIFICADO;ACTIVOS MINEROS S.A.C.;PCPAM DE LA EUM PUSHAQUILCA;Insignificante;1
35945;-77.8086550199118;-8.1709090749978;14147.00000000000;PUSHAQUILCA;INFRAESTRUCTURA;CAMPAMENTOS, OFICINAS, TALLERES;SANTA;ANCASH;PALLASCA;PAMPAS;190499.00000000000;9095729.00000000000;18.00000000000;WGS84;NO IDENTIFICADO;ACTIVOS MINEROS S.A.C.;PCPAM DE LA EUM PUSHAQUILCA;Insignificante;1
35946;-77.7973373031006;-8.15903415222542;14148.00000000000;PUSHAQUILCA;INFRAESTRUCTURA;CAMPAMENTOS, OFICINAS, TALLERES;SANTA;ANCASH;PALLASCA;PAMPAS;191738.00000000000;9097052.00000000000;18.00000000000;WGS84;NO IDENTIFICADO;ACTIVOS MINEROS S.A.C.;PCPAM DE LA EUM PUSHAQUILCA;Insignificante;1
35947;-77.4962003207961;-9.80990716075546;14203.00000000000;PIRA 13;LABOR MINERA;TAJEO COMUNICADO;SANTA;ANCASH;RECUAY;TICAPAMPA;226188.00000000000;8914588.00000000000;18.00000000000;WGS84;NO IDENTIFICADO;---;---;Medio;3
35948;-77.4961814230955;-9.80981693459177;14204.00000000000;PIRA 13;RESIDUO MINERO;DESMONTE DE MINA;SANTA;ANCASH;RECUAY;TICAPAMPA;226190.00000000000;8914598.00000000000;18.00000000000;WGS84;NO IDENTIFICADO;---;---;Bajo;2
35949;-77.4960056847061;-9.80946580415012;14205.00000000000;PIRA 13;LABOR MINERA;BOCAMINA;SANTA;ANCASH;RECUAY;TICAPAMPA;226209.00000000000;8914637.00000000000;18.00000000000;WGS84;NO IDENTIFICADO;---;---;Medio;3
35950;-77.4955020369338;-9.80912612507088;14206.00000000000;PIRA 13;RESIDUO MINERO;DESMONTE DE MINA;SANTA;ANCASH;RECUAY;TICAPAMPA;226264.00000000000;8914675.00000000000;18.00000000000;WGS84;NO IDENTIFICADO;COMPAÑIA MINERA LINCUNA S.A.;PCPAM DE LA UNIDAD MINERA LINCUNA DOS;Bajo;2
35951;-77.495882918279;-9.80888836984694;14207.00000000000;PIRA 13;LABOR MINERA;BOCAMINA;SANTA;ANCASH;RECUAY;TICAPAMPA;226222.00000000000;8914701.00000000000;18.00000000000;WGS84;NO IDENTIFICADO;COMPAÑIA MINERA LINCUNA S.A.;PCPAM DE LA UNIDAD MINERA LINCUNA DOS;Bajo;2
35952;-77.4806004221976;-9.79864459421443;14208.00000000000;NIVEL TRES;LABOR MINERA;BOCAMINA;SANTA;ANCASH;RECUAY;TICAPAMPA;227891.00000000000;8915847.00000000000;18.00000000000;WGS84;IDENTIFICADO;---;---;Bajo;2
35953;-77.488654234452;-9.77049081873587;14210.00000000000;SAN PEDRO NUEVO;RESIDUO MINERO;DESMONTE DE MINA;SANTA;ANCASH;RECUAY;TICAPAMPA;226984.00000000000;8918956.00000000000;18.00000000000;WGS84;NO IDENTIFICADO;COMPAÑIA MINERA LINCUNA S.A.;PCPAM DE LA UNIDAD MINERA LINCUNA DOS;Medio;3
35954;-77.4713521882193;-9.76650526065673;14214.00000000000;EL TRIUNFO 1;RESIDUO MINERO;DESMONTE DE MINA;SANTA;ANCASH;RECUAY;TICAPAMPA;228880.00000000000;8919411.00000000000;18.00000000000;WGS84;IDENTIFICADO;---;---;Alto;4
35955;-77.4841955094466;-9.82504134822172;14216.00000000000;SAN SALVADOR;LABOR MINERA;TAJEO COMUNICADO;SANTA;ANCASH;RECUAY;CATAC;227518.00000000000;8912923.00000000000;18.00000000000;WGS84;NO IDENTIFICADO;---;---;Medio;3
35956;-77.4805870069345;-9.80909105070205;14224.00000000000;LA FLORIDA;LABOR MINERA;TAJEO COMUNICADO;SANTA;ANCASH;RECUAY;TICAPAMPA;227901.00000000000;8914691.00000000000;18.00000000000;WGS84;NO IDENTIFICADO;---;---;Medio;3
35957;-77.0597224389173;-9.86351500378514;14338.00000000000;MINA SANTA ANITA;LABOR MINERA;BOCAMINA;ALTO MARAÑON;ANCASH;BOLOGNESI;HUALLANCA;274124.00000000000;8908982.00000000000;18.00000000000;WGS84;NO IDENTIFICADO;ACTIVOS MINEROS S.A.C.;---;Alto;4
35958;-77.0598626420797;-9.86407457196688;14339.00000000000;MINA SANTA ANITA;LABOR MINERA;BOCAMINA;ALTO MARAÑON;ANCASH;BOLOGNESI;HUALLANCA;274109.00000000000;8908920.00000000000;18.00000000000;WGS84;NO IDENTIFICADO;ACTIVOS MINEROS S.A.C.;---;Medio;3
35959;-77.0595347912497;-9.86412177060008;14340.00000000000;MINA SANTA ANITA;LABOR MINERA;BOCAMINA;ALTO MARAÑON;ANCASH;BOLOGNESI;HUALLANCA;274145.00000000000;8908915.00000000000;18.00000000000;WGS84;NO IDENTIFICADO;ACTIVOS MINEROS S.A.C.;---;Medio;3
35960;-77.0506414397529;-9.86166309893424;14343.00000000000;MINA SANTA ANITA;LABOR MINERA;BOCAMINA;ALTO MARAÑON;ANCASH;BOLOGNESI;HUALLANCA;275119.00000000000;8909193.00000000000;18.00000000000;WGS84;NO IDENTIFICADO;ACTIVOS MINEROS S.A.C.;---;Medio;3
35961;-77.0504867684179;-9.8617092353211;14345.00000000000;MINA SANTA ANITA;RESIDUO MINERO;DESMONTE DE MINA;ALTO MARAÑON;ANCASH;BOLOGNESI;HUALLANCA;275136.00000000000;8909188.00000000000;18.00000000000;WGS84;NO IDENTIFICADO;ACTIVOS MINEROS S.A.C.;---;Medio;3
35962;-77.05463348674;-9.86307602099819;14347.00000000000;MINA SANTA ANITA;RESIDUO MINERO;RELAVES;ALTO MARAÑON;ANCASH;BOLOGNESI;HUALLANCA;274682.00000000000;8909034.00000000000;18.00000000000;WGS84;NO IDENTIFICADO;ACTIVOS MINEROS S.A.C.;---;Alto;4
35963;-76.977649906706;-9.89585271784248;14625.00000000000;MERCEDES 3;RESIDUO MINERO;DESMONTE DE MINA;ALTO MARAÑON;ANCASH;BOLOGNESI;HUALLANCA;283149.00000000000;8905459.00000000000;18.00000000000;WGS84;NO IDENTIFICADO;---;---;Insignificante;1
35964;-76.9770032039754;-9.89594691790459;14626.00000000000;MERCEDES 3;RESIDUO MINERO;DESMONTE DE MINA;ALTO MARAÑON;ANCASH;BOLOGNESI;HUALLANCA;283220.00000000000;8905449.00000000000;18.00000000000;WGS84;NO IDENTIFICADO;---;---;Insignificante;1
35965;-76.9767621521688;-9.89679805176599;14627.00000000000;MERCEDES 3;RESIDUO MINERO;DESMONTE DE MINA;ALTO MARAÑON;ANCASH;BOLOGNESI;HUALLANCA;283247.00000000000;8905355.00000000000;18.00000000000;WGS84;NO IDENTIFICADO;---;---;Insignificante;1
35966;-76.9777512117734;-9.8960238727304;14628.00000000000;MERCEDES 3;RESIDUO MINERO;DESMONTE DE MINA;ALTO MARAÑON;ANCASH;BOLOGNESI;HUALLANCA;283138.00000000000;8905440.00000000000;18.00000000000;WGS84;NO IDENTIFICADO;---;---;Insignificante;1
35967;-76.9760851265241;-9.89182124901355;14629.00000000000;MERCEDES 3;RESIDUO MINERO;DESMONTE DE MINA;ALTO MARAÑON;ANCASH;BOLOGNESI;HUALLANCA;283318.00000000000;8905906.00000000000;18.00000000000;WGS84;NO IDENTIFICADO;---;---;Bajo;2
35968;-76.9750115557135;-9.89370778185073;14630.00000000000;MERCEDES 3;RESIDUO MINERO;DESMONTE DE MINA;ALTO MARAÑON;ANCASH;BOLOGNESI;HUALLANCA;283437.00000000000;8905698.00000000000;18.00000000000;WGS84;NO IDENTIFICADO;---;---;Insignificante;1
35969;-76.9761309969437;-9.89796786368947;14632.00000000000;MERCEDES 3;RESIDUO MINERO;DESMONTE DE MINA;ALTO MARAÑON;ANCASH;BOLOGNESI;HUALLANCA;283317.00000000000;8905226.00000000000;18.00000000000;WGS84;NO IDENTIFICADO;---;---;Insignificante;1
35970;-76.9765735572174;-9.89575057526034;14633.00000000000;MERCEDES 3;RESIDUO MINERO;DESMONTE DE MINA;ALTO MARAÑON;ANCASH;BOLOGNESI;HUALLANCA;283267.00000000000;8905471.00000000000;18.00000000000;WGS84;NO IDENTIFICADO;---;---;Insignificante;1
35971;-76.9736328773783;-9.89488198083264;14634.00000000000;MERCEDES 3;RESIDUO MINERO;DESMONTE DE MINA;ALTO MARAÑON;ANCASH;BOLOGNESI;HUALLANCA;283589.00000000000;8905569.00000000000;18.00000000000;WGS84;NO IDENTIFICADO;---;---;Bajo;2
35972;-76.9758811652966;-9.89582696280495;14635.00000000000;MERCEDES 3;RESIDUO MINERO;DESMONTE DE MINA;ALTO MARAÑON;ANCASH;BOLOGNESI;HUALLANCA;283343.00000000000;8905463.00000000000;18.00000000000;WGS84;NO IDENTIFICADO;---;---;Insignificante;1
35973;-76.9754484730733;-9.89817074672053;14636.00000000000;MERCEDES 3;RESIDUO MINERO;DESMONTE DE MINA;ALTO MARAÑON;ANCASH;BOLOGNESI;HUALLANCA;283392.00000000000;8905204.00000000000;18.00000000000;WGS84;NO IDENTIFICADO;---;---;Insignificante;1
35974;-76.9762557368023;-9.89596035351153;14637.00000000000;MERCEDES 3;RESIDUO MINERO;DESMONTE DE MINA;ALTO MARAÑON;ANCASH;BOLOGNESI;HUALLANCA;283302.00000000000;8905448.00000000000;18.00000000000;WGS84;NO IDENTIFICADO;---;---;Insignificante;1
35975;-76.9747104801912;-9.89671971836885;14638.00000000000;MERCEDES 3;RESIDUO MINERO;DESMONTE DE MINA;ALTO MARAÑON;ANCASH;BOLOGNESI;HUALLANCA;283472.00000000000;8905365.00000000000;18.00000000000;WGS84;NO IDENTIFICADO;---;---;Bajo;2
35976;-76.9754243135695;-9.89870422147666;14639.00000000000;MERCEDES 3;INFRAESTRUCTURA;NO DETERMINADO;ALTO MARAÑON;ANCASH;BOLOGNESI;HUALLANCA;283395.00000000000;8905145.00000000000;18.00000000000;WGS84;NO IDENTIFICADO;---;---;Insignificante;1
35977;-76.9767192213632;-9.8972412413409;14640.00000000000;MERCEDES 3;INFRAESTRUCTURA;NO DETERMINADO;ALTO MARAÑON;ANCASH;BOLOGNESI;HUALLANCA;283252.00000000000;8905306.00000000000;18.00000000000;WGS84;NO IDENTIFICADO;---;---;Insignificante;1
35978;-76.9524881807267;-9.88809917349214;14641.00000000000;MERCEDES 3;INFRAESTRUCTURA;CAMPAMENTOS, OFICINAS, TALLERES;ALTO MARAÑON;ANCASH;BOLOGNESI;HUALLANCA;285904.00000000000;8906333.00000000000;18.00000000000;WGS84;NO IDENTIFICADO;---;---;Insignificante;1
35979;-76.9524950553645;-9.88771946785846;14642.00000000000;MERCEDES 3;INFRAESTRUCTURA;NO DETERMINADO;ALTO MARAÑON;ANCASH;BOLOGNESI;HUALLANCA;285903.00000000000;8906375.00000000000;18.00000000000;WGS84;NO IDENTIFICADO;---;---;Insignificante;1
35980;-76.9722070489359;-9.89884967501241;14643.00000000000;MERCEDES 3;RESIDUO MINERO;DESMONTE DE MINA;ALTO MARAÑON;ANCASH;BOLOGNESI;HUALLANCA;283748.00000000000;8905131.00000000000;18.00000000000;WGS84;NO IDENTIFICADO;---;---;Bajo;2
35981;-76.9727203039397;-9.89777999483531;14644.00000000000;MERCEDES 3;RESIDUO MINERO;DESMONTE DE MINA;ALTO MARAÑON;ANCASH;BOLOGNESI;HUALLANCA;283691.00000000000;8905249.00000000000;18.00000000000;WGS84;NO IDENTIFICADO;---;---;Insignificante;1
35982;-76.9724812323952;-9.89743789524369;14645.00000000000;MERCEDES 3;RESIDUO MINERO;DESMONTE DE MINA;ALTO MARAÑON;ANCASH;BOLOGNESI;HUALLANCA;283717.00000000000;8905287.00000000000;18.00000000000;WGS84;NO IDENTIFICADO;---;---;Insignificante;1
35983;-76.972025639315;-9.89747672739139;14647.00000000000;MERCEDES 3;RESIDUO MINERO;DESMONTE DE MINA;ALTO MARAÑON;ANCASH;BOLOGNESI;HUALLANCA;283767.00000000000;8905283.00000000000;18.00000000000;WGS84;NO IDENTIFICADO;---;---;Insignificante;1
35984;-76.9735666509889;-9.89753095734089;14648.00000000000;MERCEDES 3;RESIDUO MINERO;DESMONTE DE MINA;ALTO MARAÑON;ANCASH;BOLOGNESI;HUALLANCA;283598.00000000000;8905276.00000000000;18.00000000000;WGS84;NO IDENTIFICADO;---;---;Insignificante;1
35985;-76.9521711473499;-9.8884445208579;14649.00000000000;MERCEDES 3;INFRAESTRUCTURA;PLANTAS DE PROCESAMIENTO;ALTO MARAÑON;ANCASH;BOLOGNESI;HUALLANCA;285939.00000000000;8906295.00000000000;18.00000000000;WGS84;NO IDENTIFICADO;---;---;Bajo;2
35986;-76.9721984184111;-9.89893108165811;14650.00000000000;MERCEDES 3;LABOR MINERA;BOCAMINA;ALTO MARAÑON;ANCASH;BOLOGNESI;HUALLANCA;283749.00000000000;8905122.00000000000;18.00000000000;WGS84;NO IDENTIFICADO;---;---;Bajo;2
35987;-76.975119734042;-9.89655460161592;14651.00000000000;MERCEDES 3;LABOR MINERA;TAJO;ALTO MARAÑON;ANCASH;BOLOGNESI;HUALLANCA;283427.00000000000;8905383.00000000000;18.00000000000;WGS84;NO IDENTIFICADO;---;---;Insignificante;1
35988;-76.9720898842161;-9.89754866680938;14652.00000000000;MERCEDES 3;LABOR MINERA;MEDIA BARRETA;ALTO MARAÑON;ANCASH;BOLOGNESI;HUALLANCA;283760.00000000000;8905275.00000000000;18.00000000000;WGS84;NO IDENTIFICADO;---;---;Insignificante;1
35989;-76.9743074794149;-9.89640570211564;14653.00000000000;MERCEDES 3;LABOR MINERA;PIQUE;ALTO MARAÑON;ANCASH;BOLOGNESI;HUALLANCA;283516.00000000000;8905400.00000000000;18.00000000000;WGS84;NO IDENTIFICADO;---;---;Insignificante;1
35990;-76.9766103597032;-9.89275827322485;14654.00000000000;MERCEDES 3;LABOR MINERA;BOCAMINA;ALTO MARAÑON;ANCASH;BOLOGNESI;HUALLANCA;283261.00000000000;8905802.00000000000;18.00000000000;WGS84;NO IDENTIFICADO;---;---;Insignificante;1
35991;-76.9766379239899;-9.89279426929817;14655.00000000000;MERCEDES 3;RESIDUO MINERO;DESMONTE DE MINA;ALTO MARAÑON;ANCASH;BOLOGNESI;HUALLANCA;283258.00000000000;8905798.00000000000;18.00000000000;WGS84;NO IDENTIFICADO;---;---;Bajo;2
35992;-76.9728324368105;-9.89212961610453;14656.00000000000;MERCEDES 3;LABOR MINERA;MEDIA BARRETA;ALTO MARAÑON;ANCASH;BOLOGNESI;HUALLANCA;283675.00000000000;8905874.00000000000;18.00000000000;WGS84;NO IDENTIFICADO;---;---;Bajo;2
35993;-76.9728417146764;-9.89215668032547;14657.00000000000;MERCEDES 3;RESIDUO MINERO;DESMONTE DE MINA;ALTO MARAÑON;ANCASH;BOLOGNESI;HUALLANCA;283674.00000000000;8905871.00000000000;18.00000000000;WGS84;NO IDENTIFICADO;---;---;Insignificante;1
35994;-76.9774582521335;-9.89581768742248;14658.00000000000;MERCEDES 3;LABOR MINERA;PIQUE;ALTO MARAÑON;ANCASH;BOLOGNESI;HUALLANCA;283170.00000000000;8905463.00000000000;18.00000000000;WGS84;NO IDENTIFICADO;---;---;Bajo;2
35995;-76.9775027507893;-9.89563663503892;14659.00000000000;MERCEDES 3;LABOR MINERA;PIQUE;ALTO MARAÑON;ANCASH;BOLOGNESI;HUALLANCA;283165.00000000000;8905483.00000000000;18.00000000000;WGS84;NO IDENTIFICADO;---;---;Bajo;2
35996;-76.9732200136641;-9.89596915086942;14660.00000000000;MERCEDES 3;LABOR MINERA;MEDIA BARRETA;ALTO MARAÑON;ANCASH;BOLOGNESI;HUALLANCA;283635.00000000000;8905449.00000000000;18.00000000000;WGS84;NO IDENTIFICADO;---;---;Insignificante;1
35997;-76.9731779955495;-9.89656600787884;14662.00000000000;MERCEDES 3;LABOR MINERA;MEDIA BARRETA;ALTO MARAÑON;ANCASH;BOLOGNESI;HUALLANCA;283640.00000000000;8905383.00000000000;18.00000000000;WGS84;NO IDENTIFICADO;---;---;Insignificante;1
35998;-76.9740431653931;-9.89641629430645;14663.00000000000;MERCEDES 3;LABOR MINERA;BOCAMINA;ALTO MARAÑON;ANCASH;BOLOGNESI;HUALLANCA;283545.00000000000;8905399.00000000000;18.00000000000;WGS84;NO IDENTIFICADO;---;---;Bajo;2
35999;-76.9752773800132;-9.89395028757187;14664.00000000000;MERCEDES 3;LABOR MINERA;MEDIA BARRETA;ALTO MARAÑON;ANCASH;BOLOGNESI;HUALLANCA;283408.00000000000;8905671.00000000000;18.00000000000;WGS84;NO IDENTIFICADO;---;---;Insignificante;1
36000;-76.9764133025553;-9.89181932005878;14665.00000000000;MERCEDES 3;LABOR MINERA;CHIMENEA;ALTO MARAÑON;ANCASH;BOLOGNESI;HUALLANCA;283282.00000000000;8905906.00000000000;18.00000000000;WGS84;NO IDENTIFICADO;---;---;Bajo;2
36001;-76.9777045492314;-9.89584335677925;14666.00000000000;MERCEDES 3;LABOR MINERA;MEDIA BARRETA;ALTO MARAÑON;ANCASH;BOLOGNESI;HUALLANCA;283143.00000000000;8905460.00000000000;18.00000000000;WGS84;NO IDENTIFICADO;---;---;Bajo;2
36002;-76.9777963053905;-9.89594225162678;14667.00000000000;MERCEDES 3;LABOR MINERA;MEDIA BARRETA;ALTO MARAÑON;ANCASH;BOLOGNESI;HUALLANCA;283133.00000000000;8905449.00000000000;18.00000000000;WGS84;NO IDENTIFICADO;---;---;Bajo;2
36003;-76.9754489595318;-9.89825209969943;14668.00000000000;MERCEDES 3;LABOR MINERA;PIQUE;ALTO MARAÑON;ANCASH;BOLOGNESI;HUALLANCA;283392.00000000000;8905195.00000000000;18.00000000000;WGS84;NO IDENTIFICADO;---;---;Insignificante;1
36004;-76.9758919221697;-9.89762576724197;14669.00000000000;MERCEDES 3;LABOR MINERA;MEDIA BARRETA;ALTO MARAÑON;ANCASH;BOLOGNESI;HUALLANCA;283343.00000000000;8905264.00000000000;18.00000000000;WGS84;NO IDENTIFICADO;---;---;Insignificante;1
36005;-76.9763175701217;-9.89715320839585;14670.00000000000;MERCEDES 3;LABOR MINERA;MEDIA BARRETA;ALTO MARAÑON;ANCASH;BOLOGNESI;HUALLANCA;283296.00000000000;8905316.00000000000;18.00000000000;WGS84;NO IDENTIFICADO;---;---;Bajo;2
36006;-76.9768081654881;-9.89687009735495;14671.00000000000;MERCEDES 3;LABOR MINERA;MEDIA BARRETA;ALTO MARAÑON;ANCASH;BOLOGNESI;HUALLANCA;283242.00000000000;8905347.00000000000;18.00000000000;WGS84;NO IDENTIFICADO;---;---;Bajo;2
36007;-76.9768710590529;-9.89671605536045;14672.00000000000;MERCEDES 3;LABOR MINERA;PIQUE;ALTO MARAÑON;ANCASH;BOLOGNESI;HUALLANCA;283235.00000000000;8905364.00000000000;18.00000000000;WGS84;NO IDENTIFICADO;---;---;Bajo;2
36008;-76.9773060369231;-9.89627959895795;14673.00000000000;MERCEDES 3;LABOR MINERA;PIQUE;ALTO MARAÑON;ANCASH;BOLOGNESI;HUALLANCA;283187.00000000000;8905412.00000000000;18.00000000000;WGS84;NO IDENTIFICADO;---;---;Bajo;2
36009;-76.9747824777947;-9.89503794045599;14674.00000000000;MERCEDES 3;LABOR MINERA;BOCAMINA;ALTO MARAÑON;ANCASH;BOLOGNESI;HUALLANCA;283463.00000000000;8905551.00000000000;18.00000000000;WGS84;NO IDENTIFICADO;---;---;Insignificante;1
36010;-76.975273450325;-9.89481810653767;14675.00000000000;MERCEDES 3;LABOR MINERA;BOCAMINA;ALTO MARAÑON;ANCASH;BOLOGNESI;HUALLANCA;283409.00000000000;8905575.00000000000;18.00000000000;WGS84;NO IDENTIFICADO;---;---;Insignificante;1
36011;-76.9727685297073;-9.89822264973921;14676.00000000000;MERCEDES 3;LABOR MINERA;TAJO;ALTO MARAÑON;ANCASH;BOLOGNESI;HUALLANCA;283686.00000000000;8905200.00000000000;18.00000000000;WGS84;NO IDENTIFICADO;---;---;Bajo;2
36012;-76.9742595661871;-9.89448960002792;14677.00000000000;MERCEDES 3;RESIDUO MINERO;DESMONTE DE MINA;ALTO MARAÑON;ANCASH;BOLOGNESI;HUALLANCA;283520.00000000000;8905612.00000000000;18.00000000000;WGS84;NO IDENTIFICADO;---;---;Insignificante;1
36013;-76.975633446832;-9.89403859047666;14678.00000000000;MERCEDES 3;LABOR MINERA;BOCAMINA;ALTO MARAÑON;ANCASH;BOLOGNESI;HUALLANCA;283369.00000000000;8905661.00000000000;18.00000000000;WGS84;NO IDENTIFICADO;---;---;Bajo;2
36014;-76.9762551421404;-9.89586092212791;14679.00000000000;MERCEDES 3;LABOR MINERA;BOCAMINA;ALTO MARAÑON;ANCASH;BOLOGNESI;HUALLANCA;283302.00000000000;8905459.00000000000;18.00000000000;WGS84;NO IDENTIFICADO;---;---;Insignificante;1
36015;-76.9755122863349;-9.89817037155369;14680.00000000000;MERCEDES 3;LABOR MINERA;TAJEO COMUNICADO;ALTO MARAÑON;ANCASH;BOLOGNESI;HUALLANCA;283385.00000000000;8905204.00000000000;18.00000000000;WGS84;NO IDENTIFICADO;---;---;Bajo;2
36016;-76.9730228590885;-9.89653980005304;14681.00000000000;MERCEDES 3;LABOR MINERA;BOCAMINA;ALTO MARAÑON;ANCASH;BOLOGNESI;HUALLANCA;283657.00000000000;8905386.00000000000;18.00000000000;WGS84;NO IDENTIFICADO;---;---;Insignificante;1
36017;-76.9763309038131;-9.89785821358722;14683.00000000000;MERCEDES 3;LABOR MINERA;BOCAMINA;ALTO MARAÑON;ANCASH;BOLOGNESI;HUALLANCA;283295.00000000000;8905238.00000000000;18.00000000000;WGS84;NO IDENTIFICADO;---;---;Bajo;2
36018;-76.97605347213;-9.89719995914051;14684.00000000000;MERCEDES 3;LABOR MINERA;BOCAMINA;ALTO MARAÑON;ANCASH;BOLOGNESI;HUALLANCA;283325.00000000000;8905311.00000000000;18.00000000000;WGS84;NO IDENTIFICADO;---;---;Bajo;2
36019;-76.9766371760314;-9.89724172394579;14685.00000000000;MERCEDES 3;RESIDUO MINERO;DESMONTE DE MINA;ALTO MARAÑON;ANCASH;BOLOGNESI;HUALLANCA;283261.00000000000;8905306.00000000000;18.00000000000;WGS84;NO IDENTIFICADO;---;---;Bajo;2
36020;-77.8136439798505;-8.15820738820712;14686.00000000000;PUSHAQUILCA;LABOR MINERA;BOCAMINA;SANTA;ANCASH;PALLASCA;PAMPAS;189939.00000000000;9097131.00000000000;18.00000000000;WGS84;NO IDENTIFICADO;ACTIVOS MINEROS S.A.C.;PCPAM DE LA EUM PUSHAQUILCA;Bajo;2
36021;-77.8133072995839;-8.15803806372178;14687.00000000000;PUSHAQUILCA;LABOR MINERA;MEDIA BARRETA;SANTA;ANCASH;PALLASCA;PAMPAS;189976.00000000000;9097150.00000000000;18.00000000000;WGS84;NO IDENTIFICADO;ACTIVOS MINEROS S.A.C.;PCPAM DE LA EUM PUSHAQUILCA;Bajo;2
36022;-77.8132338784577;-8.15791208455223;14688.00000000000;PUSHAQUILCA;RESIDUO MINERO;DESMONTE DE MINA;SANTA;ANCASH;PALLASCA;PAMPAS;189984.00000000000;9097164.00000000000;18.00000000000;WGS84;NO IDENTIFICADO;ACTIVOS MINEROS S.A.C.;PCPAM DE LA EUM PUSHAQUILCA;Bajo;2
36023;-77.813125959661;-8.15803932370851;14689.00000000000;PUSHAQUILCA;LABOR MINERA;TAJEO COMUNICADO;SANTA;ANCASH;PALLASCA;PAMPAS;189996.00000000000;9097150.00000000000;18.00000000000;WGS84;NO IDENTIFICADO;ACTIVOS MINEROS S.A.C.;PCPAM DE LA EUM PUSHAQUILCA;Medio;3
36024;-77.813109026925;-8.15821110545621;14690.00000000000;PUSHAQUILCA;LABOR MINERA;CHIMENEA;SANTA;ANCASH;PALLASCA;PAMPAS;189998.00000000000;9097131.00000000000;18.00000000000;WGS84;NO IDENTIFICADO;ACTIVOS MINEROS S.A.C.;PCPAM DE LA EUM PUSHAQUILCA;Medio;3
36025;-77.8060144716325;-8.16416019489684;14691.00000000000;PUSHAQUILCA;LABOR MINERA;BOCAMINA;SANTA;ANCASH;PALLASCA;PAMPAS;190785.00000000000;9096478.00000000000;18.00000000000;WGS84;NO IDENTIFICADO;ACTIVOS MINEROS S.A.C.;PCPAM DE LA EUM PUSHAQUILCA;Medio;3
36026;-77.2144865592504;-9.68547392022943;14863.00000000000;MANTO;INFRAESTRUCTURA;NO DETERMINADO;ALTO MARAÑON;ANCASH;HUARI;CHAVIN DE HUANTAR;257015.00000000000;8928572.00000000000;18.00000000000;WGS84;NO IDENTIFICADO;---;---;Insignificante;1
36027;-77.2081016140294;-9.68697929080736;14864.00000000000;MANTO;LABOR MINERA;BOCAMINA;ALTO MARAÑON;ANCASH;HUARI;CHAVIN DE HUANTAR;257717.00000000000;8928410.00000000000;18.00000000000;WGS84;NO IDENTIFICADO;---;---;Bajo;2
36028;-77.2056159784494;-9.6857751017277;14865.00000000000;MANTO;LABOR MINERA;BOCAMINA;ALTO MARAÑON;ANCASH;HUARI;CHAVIN DE HUANTAR;257989.00000000000;8928545.00000000000;18.00000000000;WGS84;NO IDENTIFICADO;---;---;Bajo;2
36029;-77.205599826275;-9.68609154881477;14866.00000000000;MANTO;LABOR MINERA;BOCAMINA;ALTO MARAÑON;ANCASH;HUARI;CHAVIN DE HUANTAR;257991.00000000000;8928510.00000000000;18.00000000000;WGS84;NO IDENTIFICADO;---;---;Bajo;2
36030;-77.2054103068546;-9.68636391865462;14867.00000000000;MANTO;LABOR MINERA;BOCAMINA;ALTO MARAÑON;ANCASH;HUARI;CHAVIN DE HUANTAR;258012.00000000000;8928480.00000000000;18.00000000000;WGS84;NO IDENTIFICADO;---;---;Bajo;2
36031;-77.2046824452598;-9.68789608412473;14868.00000000000;MANTO;LABOR MINERA;BOCAMINA;ALTO MARAÑON;ANCASH;HUARI;CHAVIN DE HUANTAR;258093.00000000000;8928311.00000000000;18.00000000000;WGS84;NO IDENTIFICADO;---;---;Bajo;2
36032;-77.2062160963079;-9.68700046177193;14869.00000000000;MANTO;LABOR MINERA;PIQUE;ALTO MARAÑON;ANCASH;HUARI;CHAVIN DE HUANTAR;257924.00000000000;8928409.00000000000;18.00000000000;WGS84;NO IDENTIFICADO;---;---;Bajo;2
36033;-77.2045527344223;-9.68756249768828;14870.00000000000;MANTO;LABOR MINERA;PIQUE;ALTO MARAÑON;ANCASH;HUARI;CHAVIN DE HUANTAR;258107.00000000000;8928348.00000000000;18.00000000000;WGS84;NO IDENTIFICADO;---;---;Bajo;2
36034;-77.204425643024;-9.6862346719916;14871.00000000000;MANTO;LABOR MINERA;BOCAMINA;ALTO MARAÑON;ANCASH;HUARI;CHAVIN DE HUANTAR;258120.00000000000;8928495.00000000000;18.00000000000;WGS84;NO IDENTIFICADO;---;---;Bajo;2
36035;-77.2046059362589;-9.68594428506417;14872.00000000000;MANTO;LABOR MINERA;BOCAMINA;ALTO MARAÑON;ANCASH;HUARI;CHAVIN DE HUANTAR;258100.00000000000;8928527.00000000000;18.00000000000;WGS84;NO IDENTIFICADO;---;---;Bajo;2
36036;-77.2044979028124;-9.68753573495593;14873.00000000000;MANTO;LABOR MINERA;TAJEO COMUNICADO;ALTO MARAÑON;ANCASH;HUARI;CHAVIN DE HUANTAR;258113.00000000000;8928351.00000000000;18.00000000000;WGS84;NO IDENTIFICADO;---;---;Bajo;2
36037;-77.2045048286976;-9.68720127023574;14874.00000000000;MANTO;LABOR MINERA;PIQUE;ALTO MARAÑON;ANCASH;HUARI;CHAVIN DE HUANTAR;258112.00000000000;8928388.00000000000;18.00000000000;WGS84;NO IDENTIFICADO;---;---;Bajo;2
36038;-77.2039824186908;-9.68392369261448;14875.00000000000;MANTO;LABOR MINERA;PIQUE;ALTO MARAÑON;ANCASH;HUARI;CHAVIN DE HUANTAR;258167.00000000000;8928751.00000000000;18.00000000000;WGS84;NO IDENTIFICADO;---;---;Bajo;2
36039;-77.2045455358509;-9.68645986112379;14876.00000000000;MANTO;LABOR MINERA;TRINCHERA;ALTO MARAÑON;ANCASH;HUARI;CHAVIN DE HUANTAR;258107.00000000000;8928470.00000000000;18.00000000000;WGS84;NO IDENTIFICADO;---;---;Bajo;2
36040;-77.2070249723844;-9.68671506876721;14877.00000000000;MANTO;LABOR MINERA;TAJEO COMUNICADO;ALTO MARAÑON;ANCASH;HUARI;CHAVIN DE HUANTAR;257835.00000000000;8928440.00000000000;18.00000000000;WGS84;NO IDENTIFICADO;---;---;Bajo;2
36041;-77.2053867178596;-9.68554157777639;14878.00000000000;MANTO;RESIDUO MINERO;DESMONTE DE MINA;ALTO MARAÑON;ANCASH;HUARI;CHAVIN DE HUANTAR;258014.00000000000;8928571.00000000000;18.00000000000;WGS84;NO IDENTIFICADO;---;---;Insignificante;1
36042;-77.2052736709398;-9.68636479707624;14879.00000000000;MANTO;RESIDUO MINERO;DESMONTE DE MINA;ALTO MARAÑON;ANCASH;HUARI;CHAVIN DE HUANTAR;258027.00000000000;8928480.00000000000;18.00000000000;WGS84;NO IDENTIFICADO;---;---;Insignificante;1
36043;-77.2054992135296;-9.68602892703812;14880.00000000000;MANTO;RESIDUO MINERO;DESMONTE DE MINA;ALTO MARAÑON;ANCASH;HUARI;CHAVIN DE HUANTAR;258002.00000000000;8928517.00000000000;18.00000000000;WGS84;NO IDENTIFICADO;---;---;Insignificante;1
36044;-77.2045218667831;-9.68702039305204;14881.00000000000;MANTO;RESIDUO MINERO;DESMONTE DE MINA;ALTO MARAÑON;ANCASH;HUARI;CHAVIN DE HUANTAR;258110.00000000000;8928408.00000000000;18.00000000000;WGS84;NO IDENTIFICADO;---;---;Insignificante;1
36045;-77.2049303591497;-9.68680084628934;14882.00000000000;MANTO;LABOR MINERA;BOCAMINA;ALTO MARAÑON;ANCASH;HUARI;CHAVIN DE HUANTAR;258065.00000000000;8928432.00000000000;18.00000000000;WGS84;NO IDENTIFICADO;---;---;Bajo;2
36046;-77.2046867744224;-9.6871639472881;14883.00000000000;MANTO;LABOR MINERA;TRINCHERA;ALTO MARAÑON;ANCASH;HUARI;CHAVIN DE HUANTAR;258092.00000000000;8928392.00000000000;18.00000000000;WGS84;NO IDENTIFICADO;---;---;Bajo;2
36047;-77.204767753012;-9.68700977428359;14884.00000000000;MANTO;LABOR MINERA;TRINCHERA;ALTO MARAÑON;ANCASH;HUARI;CHAVIN DE HUANTAR;258083.00000000000;8928409.00000000000;18.00000000000;WGS84;NO IDENTIFICADO;---;---;Bajo;2
36048;-77.2049305749012;-9.6882289091678;14885.00000000000;MANTO;LABOR MINERA;BOCAMINA;ALTO MARAÑON;ANCASH;HUARI;CHAVIN DE HUANTAR;258066.00000000000;8928274.00000000000;18.00000000000;WGS84;NO IDENTIFICADO;---;---;Bajo;2
36049;-77.2049863510475;-9.68840027981758;14886.00000000000;MANTO;LABOR MINERA;BOCAMINA;ALTO MARAÑON;ANCASH;HUARI;CHAVIN DE HUANTAR;258060.00000000000;8928255.00000000000;18.00000000000;WGS84;NO IDENTIFICADO;---;---;Bajo;2
36050;-77.2049415727706;-9.68851806665461;14887.00000000000;MANTO;LABOR MINERA;TRINCHERA;ALTO MARAÑON;ANCASH;HUARI;CHAVIN DE HUANTAR;258065.00000000000;8928242.00000000000;18.00000000000;WGS84;NO IDENTIFICADO;---;---;Bajo;2
36051;-77.2039911918944;-9.68945512923466;14888.00000000000;MANTO;LABOR MINERA;TRINCHERA;ALTO MARAÑON;ANCASH;HUARI;CHAVIN DE HUANTAR;258170.00000000000;8928139.00000000000;18.00000000000;WGS84;NO IDENTIFICADO;---;---;Bajo;2
36052;-77.2039546962795;-9.68944632540205;14889.00000000000;MANTO;LABOR MINERA;PIQUE;ALTO MARAÑON;ANCASH;HUARI;CHAVIN DE HUANTAR;258174.00000000000;8928140.00000000000;18.00000000000;WGS84;NO IDENTIFICADO;---;---;Insignificante;1
36053;-77.2030382694149;-9.69000355577758;14890.00000000000;MANTO;RESIDUO MINERO;DESMONTE DE MINA;ALTO MARAÑON;ANCASH;HUARI;CHAVIN DE HUANTAR;258275.00000000000;8928079.00000000000;18.00000000000;WGS84;NO IDENTIFICADO;---;---;Insignificante;1
36054;-77.2030659508369;-9.69005760828296;14891.00000000000;MANTO;LABOR MINERA;BOCAMINA;ALTO MARAÑON;ANCASH;HUARI;CHAVIN DE HUANTAR;258272.00000000000;8928073.00000000000;18.00000000000;WGS84;NO IDENTIFICADO;---;---;Bajo;2
36055;-77.2029398969174;-9.69028437790291;14892.00000000000;MANTO;LABOR MINERA;BOCAMINA;ALTO MARAÑON;ANCASH;HUARI;CHAVIN DE HUANTAR;258286.00000000000;8928048.00000000000;18.00000000000;WGS84;NO IDENTIFICADO;---;---;Bajo;2
36056;-77.202903519172;-9.69029364999843;14893.00000000000;MANTO;RESIDUO MINERO;DESMONTE DE MINA;ALTO MARAÑON;ANCASH;HUARI;CHAVIN DE HUANTAR;258290.00000000000;8928047.00000000000;18.00000000000;WGS84;NO IDENTIFICADO;---;---;Insignificante;1
36057;-77.2026745511442;-9.69010531462581;14894.00000000000;MANTO;LABOR MINERA;BOCAMINA;ALTO MARAÑON;ANCASH;HUARI;CHAVIN DE HUANTAR;258315.00000000000;8928068.00000000000;18.00000000000;WGS84;NO IDENTIFICADO;---;---;Bajo;2
36058;-77.2024084701023;-9.69120970783597;14895.00000000000;MANTO;LABOR MINERA;BOCAMINA;ALTO MARAÑON;ANCASH;HUARI;CHAVIN DE HUANTAR;258345.00000000000;8927946.00000000000;18.00000000000;WGS84;NO IDENTIFICADO;---;---;Bajo;2
36059;-77.2006259272823;-9.69026308236909;14896.00000000000;MANTO;LABOR MINERA;PIQUE;ALTO MARAÑON;ANCASH;HUARI;CHAVIN DE HUANTAR;258540.00000000000;8928052.00000000000;18.00000000000;WGS84;NO IDENTIFICADO;---;---;Bajo;2
36060;-77.2023552581491;-9.69003505830168;14897.00000000000;MANTO;LABOR MINERA;BOCAMINA;ALTO MARAÑON;ANCASH;HUARI;CHAVIN DE HUANTAR;258350.00000000000;8928076.00000000000;18.00000000000;WGS84;NO IDENTIFICADO;---;---;Bajo;2
36061;-77.2035434526173;-9.68784917331394;14898.00000000000;MANTO;LABOR MINERA;BOCAMINA;ALTO MARAÑON;ANCASH;HUARI;CHAVIN DE HUANTAR;258218.00000000000;8928317.00000000000;18.00000000000;WGS84;NO IDENTIFICADO;---;---;Bajo;2
36062;-77.2037517234328;-9.68765802903942;14899.00000000000;MANTO;LABOR MINERA;BOCAMINA;ALTO MARAÑON;ANCASH;HUARI;CHAVIN DE HUANTAR;258195.00000000000;8928338.00000000000;18.00000000000;WGS84;NO IDENTIFICADO;---;---;Bajo;2
36063;-77.2038396291214;-9.68716939128562;14900.00000000000;MANTO;LABOR MINERA;TRINCHERA;ALTO MARAÑON;ANCASH;HUARI;CHAVIN DE HUANTAR;258185.00000000000;8928392.00000000000;18.00000000000;WGS84;NO IDENTIFICADO;---;---;Bajo;2
36064;-77.204374410457;-9.68675922755188;14901.00000000000;MANTO;LABOR MINERA;MEDIA BARRETA;ALTO MARAÑON;ANCASH;HUARI;CHAVIN DE HUANTAR;258126.00000000000;8928437.00000000000;18.00000000000;WGS84;NO IDENTIFICADO;---;---;Insignificante;1
36065;-77.2043792717784;-9.68610843258486;14902.00000000000;MANTO;RESIDUO MINERO;DESMONTE DE MINA;ALTO MARAÑON;ANCASH;HUARI;CHAVIN DE HUANTAR;258125.00000000000;8928509.00000000000;18.00000000000;WGS84;NO IDENTIFICADO;---;---;Bajo;2
36066;-77.2044694184315;-9.68596323913923;14903.00000000000;MANTO;RESIDUO MINERO;DESMONTE DE MINA;ALTO MARAÑON;ANCASH;HUARI;CHAVIN DE HUANTAR;258115.00000000000;8928525.00000000000;18.00000000000;WGS84;NO IDENTIFICADO;---;---;Bajo;2
36067;-77.2041614211795;-9.68622733143667;14904.00000000000;MANTO;LABOR MINERA;TRINCHERA;ALTO MARAÑON;ANCASH;HUARI;CHAVIN DE HUANTAR;258149.00000000000;8928496.00000000000;18.00000000000;WGS84;NO IDENTIFICADO;---;---;Bajo;2
36068;-77.204661593609;-9.68609757989934;14905.00000000000;MANTO;LABOR MINERA;BOCAMINA;ALTO MARAÑON;ANCASH;HUARI;CHAVIN DE HUANTAR;258094.00000000000;8928510.00000000000;18.00000000000;WGS84;NO IDENTIFICADO;---;---;Bajo;2
36069;-77.2045794940853;-9.68608003075579;14906.00000000000;MANTO;RESIDUO MINERO;DESMONTE DE MINA;ALTO MARAÑON;ANCASH;HUARI;CHAVIN DE HUANTAR;258103.00000000000;8928512.00000000000;18.00000000000;WGS84;NO IDENTIFICADO;---;---;Insignificante;1
36070;-77.2081169954166;-9.6865453503496;14907.00000000000;MANTO;RESIDUO MINERO;DESMONTE DE MINA;ALTO MARAÑON;ANCASH;HUARI;CHAVIN DE HUANTAR;257715.00000000000;8928458.00000000000;18.00000000000;WGS84;NO IDENTIFICADO;---;---;Insignificante;1
36071;-77.2066550445233;-9.68725975100737;14908.00000000000;MANTO;LABOR MINERA;TRINCHERA;ALTO MARAÑON;ANCASH;HUARI;CHAVIN DE HUANTAR;257876.00000000000;8928380.00000000000;18.00000000000;WGS84;NO IDENTIFICADO;---;---;Bajo;2
36072;-77.2059444943206;-9.68586337319181;14909.00000000000;MANTO;LABOR MINERA;PIQUE;ALTO MARAÑON;ANCASH;HUARI;CHAVIN DE HUANTAR;257953.00000000000;8928535.00000000000;18.00000000000;WGS84;NO IDENTIFICADO;---;---;Bajo;2
36073;-77.2163270224111;-9.68414244079491;14910.00000000000;MANTO;RESIDUO MINERO;DESMONTE DE MINA;ALTO MARAÑON;ANCASH;HUARI;CHAVIN DE HUANTAR;256812.00000000000;8928718.00000000000;18.00000000000;WGS84;NO IDENTIFICADO;---;---;Insignificante;1
36074;-77.212327027663;-9.68677129747223;14911.00000000000;MANTO;LABOR MINERA;PIQUE;ALTO MARAÑON;ANCASH;HUARI;CHAVIN DE HUANTAR;257253.00000000000;8928430.00000000000;18.00000000000;WGS84;NO IDENTIFICADO;---;---;Bajo;2
36075;-77.2124427804425;-9.68636382566753;14912.00000000000;MANTO;LABOR MINERA;TAJEO COMUNICADO;ALTO MARAÑON;ANCASH;HUARI;CHAVIN DE HUANTAR;257240.00000000000;8928475.00000000000;18.00000000000;WGS84;NO IDENTIFICADO;---;---;Insignificante;1
36076;-77.2124339082721;-9.68640003624406;14913.00000000000;MANTO;LABOR MINERA;PIQUE;ALTO MARAÑON;ANCASH;HUARI;CHAVIN DE HUANTAR;257241.00000000000;8928471.00000000000;18.00000000000;WGS84;NO IDENTIFICADO;---;---;Bajo;2
36077;-77.2140528239265;-9.68600998117266;14914.00000000000;MANTO;LABOR MINERA;MEDIA BARRETA;ALTO MARAÑON;ANCASH;HUARI;CHAVIN DE HUANTAR;257063.00000000000;8928513.00000000000;18.00000000000;WGS84;NO IDENTIFICADO;---;---;Bajo;2
36078;-77.2126248423406;-9.68634457471012;14915.00000000000;MANTO;LABOR MINERA;TAJEO COMUNICADO;ALTO MARAÑON;ANCASH;HUARI;CHAVIN DE HUANTAR;257220.00000000000;8928477.00000000000;18.00000000000;WGS84;NO IDENTIFICADO;---;---;Bajo;2
36079;-77.2112691370962;-9.68658831352711;14916.00000000000;MANTO;LABOR MINERA;MEDIA BARRETA;ALTO MARAÑON;ANCASH;HUARI;CHAVIN DE HUANTAR;257369.00000000000;8928451.00000000000;18.00000000000;WGS84;NO IDENTIFICADO;---;---;Bajo;2
36080;-77.2113499938821;-9.68641606373437;14917.00000000000;MANTO;LABOR MINERA;TAJEO COMUNICADO;ALTO MARAÑON;ANCASH;HUARI;CHAVIN DE HUANTAR;257360.00000000000;8928470.00000000000;18.00000000000;WGS84;NO IDENTIFICADO;---;---;Bajo;2
36081;-77.2114135795043;-9.68638853879117;14918.00000000000;MANTO;LABOR MINERA;TAJEO COMUNICADO;ALTO MARAÑON;ANCASH;HUARI;CHAVIN DE HUANTAR;257353.00000000000;8928473.00000000000;18.00000000000;WGS84;NO IDENTIFICADO;---;---;Bajo;2
36082;-77.2111112655834;-9.68612837552919;14919.00000000000;MANTO;LABOR MINERA;BOCAMINA;ALTO MARAÑON;ANCASH;HUARI;CHAVIN DE HUANTAR;257386.00000000000;8928502.00000000000;18.00000000000;WGS84;NO IDENTIFICADO;---;---;Bajo;2
36083;-77.2111109697104;-9.68608318570448;14920.00000000000;MANTO;RESIDUO MINERO;DESMONTE DE MINA;ALTO MARAÑON;ANCASH;HUARI;CHAVIN DE HUANTAR;257386.00000000000;8928507.00000000000;18.00000000000;WGS84;NO IDENTIFICADO;---;---;Medio;3
36084;-77.2137884259882;-9.68597553420162;14921.00000000000;MANTO;RESIDUO MINERO;DESMONTE DE MINA;ALTO MARAÑON;ANCASH;HUARI;CHAVIN DE HUANTAR;257092.00000000000;8928517.00000000000;18.00000000000;WGS84;NO IDENTIFICADO;---;---;Medio;3
36085;-77.2132377525517;-9.68673830748271;14922.00000000000;MANTO;LABOR MINERA;PIQUE;ALTO MARAÑON;ANCASH;HUARI;CHAVIN DE HUANTAR;257153.00000000000;8928433.00000000000;18.00000000000;WGS84;NO IDENTIFICADO;---;---;Bajo;2
36086;-77.2132289397059;-9.6867835560139;14923.00000000000;MANTO;LABOR MINERA;MEDIA BARRETA;ALTO MARAÑON;ANCASH;HUARI;CHAVIN DE HUANTAR;257154.00000000000;8928428.00000000000;18.00000000000;WGS84;NO IDENTIFICADO;---;---;Insignificante;1
36087;-77.2132065293175;-9.6875338823117;14924.00000000000;MANTO;LABOR MINERA;PIQUE;ALTO MARAÑON;ANCASH;HUARI;CHAVIN DE HUANTAR;257157.00000000000;8928345.00000000000;18.00000000000;WGS84;NO IDENTIFICADO;---;---;Insignificante;1
36088;-77.2138500715097;-9.68704165935608;14925.00000000000;MANTO;LABOR MINERA;TAJEO COMUNICADO;ALTO MARAÑON;ANCASH;HUARI;CHAVIN DE HUANTAR;257086.00000000000;8928399.00000000000;18.00000000000;WGS84;NO IDENTIFICADO;---;---;Bajo;2
36089;-77.2137942323153;-9.68686125313892;14926.00000000000;MANTO;LABOR MINERA;TRINCHERA;ALTO MARAÑON;ANCASH;HUARI;CHAVIN DE HUANTAR;257092.00000000000;8928419.00000000000;18.00000000000;WGS84;NO IDENTIFICADO;---;---;Bajo;2
36090;-77.21073087586;-9.68646524605416;14927.00000000000;MANTO;LABOR MINERA;BOCAMINA;ALTO MARAÑON;ANCASH;HUARI;CHAVIN DE HUANTAR;257428.00000000000;8928465.00000000000;18.00000000000;WGS84;NO IDENTIFICADO;---;---;Bajo;2
36091;-76.9771804859603;-9.89053119590496;14970.00000000000;SAN FRANCISCO 2;LABOR MINERA;BOCAMINA;ALTO MARAÑON;ANCASH;BOLOGNESI;HUALLANCA;283197.00000000000;8906048.00000000000;18.00000000000;WGS84;NO IDENTIFICADO;---;---;Bajo;2
36092;-76.980729460692;-9.89098940401008;14971.00000000000;SAN FRANCISCO 2;LABOR MINERA;BOCAMINA;ALTO MARAÑON;ANCASH;BOLOGNESI;HUALLANCA;282808.00000000000;8905995.00000000000;18.00000000000;WGS84;NO IDENTIFICADO;---;---;Bajo;2
36093;-76.9796616489313;-9.89078778349257;14974.00000000000;SAN FRANCISCO 2;LABOR MINERA;TAJEO COMUNICADO;ALTO MARAÑON;ANCASH;BOLOGNESI;HUALLANCA;282925.00000000000;8906018.00000000000;18.00000000000;WGS84;NO IDENTIFICADO;---;---;Medio;3
36094;-76.9775660596044;-9.89098090508442;14976.00000000000;SAN FRANCISCO 2;LABOR MINERA;CHIMENEA;ALTO MARAÑON;ANCASH;BOLOGNESI;HUALLANCA;283155.00000000000;8905998.00000000000;18.00000000000;WGS84;NO IDENTIFICADO;---;---;Medio;3
36095;-76.9808298444896;-9.89100689169419;14990.00000000000;SAN FRANCISCO 2;LABOR MINERA;CHIMENEA;ALTO MARAÑON;ANCASH;BOLOGNESI;HUALLANCA;282797.00000000000;8905993.00000000000;18.00000000000;WGS84;NO IDENTIFICADO;---;---;Bajo;2
36096;-76.97685623907;-9.88966530698382;14991.00000000000;SAN FRANCISCO 2;LABOR MINERA;BOCAMINA;ALTO MARAÑON;ANCASH;BOLOGNESI;HUALLANCA;283232.00000000000;8906144.00000000000;18.00000000000;WGS84;NO IDENTIFICADO;---;---;Bajo;2
36097;-76.9770375309426;-9.8894924900948;14992.00000000000;SAN FRANCISCO 2;LABOR MINERA;BOCAMINA;ALTO MARAÑON;ANCASH;BOLOGNESI;HUALLANCA;283212.00000000000;8906163.00000000000;18.00000000000;WGS84;NO IDENTIFICADO;---;---;Bajo;2
36098;-76.9784815512509;-9.89162636542614;14993.00000000000;SAN FRANCISCO 2;LABOR MINERA;CHIMENEA;ALTO MARAÑON;ANCASH;BOLOGNESI;HUALLANCA;283055.00000000000;8905926.00000000000;18.00000000000;WGS84;NO IDENTIFICADO;---;---;Bajo;2
36099;-76.977983555501;-9.89067110547512;14994.00000000000;SAN FRANCISCO 2;LABOR MINERA;TAJEO COMUNICADO;ALTO MARAÑON;ANCASH;BOLOGNESI;HUALLANCA;283109.00000000000;8906032.00000000000;18.00000000000;WGS84;NO IDENTIFICADO;---;---;Medio;3
36100;-76.9759675765968;-9.89045696958586;14995.00000000000;SAN FRANCISCO 2;LABOR MINERA;BOCAMINA;ALTO MARAÑON;ANCASH;BOLOGNESI;HUALLANCA;283330.00000000000;8906057.00000000000;18.00000000000;WGS84;NO IDENTIFICADO;---;---;Bajo;2
36101;-76.9738615663052;-9.88737781213582;14997.00000000000;SAN FRANCISCO 2;LABOR MINERA;BOCAMINA;ALTO MARAÑON;ANCASH;BOLOGNESI;HUALLANCA;283559.00000000000;8906399.00000000000;18.00000000000;WGS84;NO IDENTIFICADO;---;---;Bajo;2
36102;-76.9776025234858;-9.89098069062938;15005.00000000000;SAN FRANCISCO 2;RESIDUO MINERO;DESMONTE DE MINA;ALTO MARAÑON;ANCASH;BOLOGNESI;HUALLANCA;283151.00000000000;8905998.00000000000;18.00000000000;WGS84;NO IDENTIFICADO;---;---;Insignificante;1
36103;-76.9781375533313;-9.89050748808379;15006.00000000000;SAN FRANCISCO 2;RESIDUO MINERO;DESMONTE DE MINA;ALTO MARAÑON;ANCASH;BOLOGNESI;HUALLANCA;283092.00000000000;8906050.00000000000;18.00000000000;WGS84;NO IDENTIFICADO;---;---;Medio;3
36104;-76.9759407148948;-9.89053848327804;15009.00000000000;SAN FRANCISCO 2;RESIDUO MINERO;DESMONTE DE MINA;ALTO MARAÑON;ANCASH;BOLOGNESI;HUALLANCA;283333.00000000000;8906048.00000000000;18.00000000000;WGS84;NO IDENTIFICADO;---;---;Bajo;2
36105;-76.9801992091902;-9.88769310330527;15010.00000000000;SAN FRANCISCO 2;RESIDUO MINERO;DESMONTE DE MINA;ALTO MARAÑON;ANCASH;BOLOGNESI;HUALLANCA;282864.00000000000;8906360.00000000000;18.00000000000;WGS84;NO IDENTIFICADO;---;---;Bajo;2
36106;-76.9761935169333;-9.88860253657034;15015.00000000000;SAN FRANCISCO 2;RESIDUO MINERO;DESMONTE DE MINA;ALTO MARAÑON;ANCASH;BOLOGNESI;HUALLANCA;283304.00000000000;8906262.00000000000;18.00000000000;WGS84;NO IDENTIFICADO;---;---;Medio;3
36107;-76.9802540126284;-9.88771085969736;15020.00000000000;SAN FRANCISCO 2;LABOR MINERA;TAJEO COMUNICADO;ALTO MARAÑON;ANCASH;BOLOGNESI;HUALLANCA;282858.00000000000;8906358.00000000000;18.00000000000;WGS84;NO IDENTIFICADO;---;---;Medio;3
36108;-77.6563111725754;-8.58716177394921;15162.00000000000;HALCON;LABOR MINERA;TAJEO COMUNICADO;ALTO MARAÑON;ANCASH;SIHUAS;CASHAPAMPA;207610.00000000000;9049777.00000000000;18.00000000000;WGS84;IDENTIFICADO;---;---;Bajo;2
36109;-77.6570850976481;-8.58618055604411;15163.00000000000;HALCON;LABOR MINERA;BOCAMINA;ALTO MARAÑON;ANCASH;SIHUAS;CASHAPAMPA;207524.00000000000;9049885.00000000000;18.00000000000;WGS84;IDENTIFICADO;---;---;Insignificante;1
36110;-77.6742886188123;-8.59263056930082;15164.00000000000;HALCON;INFRAESTRUCTURA;GENERADORES Y TRANSFORMADORES ELECTRICOS;ALTO MARAÑON;ANCASH;SIHUAS;CASHAPAMPA;205634.00000000000;9049158.00000000000;18.00000000000;WGS84;IDENTIFICADO;---;---;Insignificante;1
36111;-77.6570145485267;-8.586479228429;15165.00000000000;HALCON;LABOR MINERA;CHIMENEA;ALTO MARAÑON;ANCASH;SIHUAS;CASHAPAMPA;207532.00000000000;9049852.00000000000;18.00000000000;WGS84;IDENTIFICADO;---;---;Bajo;2
36112;-77.657069017154;-8.58647885279712;15166.00000000000;HALCON;LABOR MINERA;BOCAMINA;ALTO MARAÑON;ANCASH;SIHUAS;CASHAPAMPA;207526.00000000000;9049852.00000000000;18.00000000000;WGS84;IDENTIFICADO;---;---;Bajo;2
36113;-77.6570147372266;-8.58650633493404;15167.00000000000;HALCON;RESIDUO MINERO;DESMONTE DE MINA;ALTO MARAÑON;ANCASH;SIHUAS;CASHAPAMPA;207532.00000000000;9049849.00000000000;18.00000000000;WGS84;IDENTIFICADO;---;---;Bajo;2
36114;-77.6568500734078;-8.58632675172871;15168.00000000000;HALCON;RESIDUO MINERO;DESMONTE DE MINA;ALTO MARAÑON;ANCASH;SIHUAS;CASHAPAMPA;207550.00000000000;9049869.00000000000;18.00000000000;WGS84;IDENTIFICADO;---;---;Bajo;2
36115;-77.6569299523489;-8.58606415875205;15169.00000000000;HALCON;LABOR MINERA;CHIMENEA;ALTO MARAÑON;ANCASH;SIHUAS;CASHAPAMPA;207541.00000000000;9049898.00000000000;18.00000000000;WGS84;IDENTIFICADO;---;---;Bajo;2
36116;-77.6570758308539;-8.58615351214402;15170.00000000000;HALCON;RESIDUO MINERO;DESMONTE DE MINA;ALTO MARAÑON;ANCASH;SIHUAS;CASHAPAMPA;207525.00000000000;9049888.00000000000;18.00000000000;WGS84;IDENTIFICADO;---;---;Bajo;2
36117;-77.6564941408003;-8.58605812778525;15171.00000000000;HALCON;LABOR MINERA;CHIMENEA;ALTO MARAÑON;ANCASH;SIHUAS;CASHAPAMPA;207589.00000000000;9049899.00000000000;18.00000000000;WGS84;IDENTIFICADO;---;---;Bajo;2
36118;-77.6564942665693;-8.58607619879667;15172.00000000000;HALCON;RESIDUO MINERO;DESMONTE DE MINA;ALTO MARAÑON;ANCASH;SIHUAS;CASHAPAMPA;207589.00000000000;9049897.00000000000;18.00000000000;WGS84;IDENTIFICADO;---;---;Bajo;2
36119;-77.6564297137543;-8.58593206881857;15173.00000000000;HALCON;RESIDUO MINERO;DESMONTE DE MINA;ALTO MARAÑON;ANCASH;SIHUAS;CASHAPAMPA;207596.00000000000;9049913.00000000000;18.00000000000;WGS84;IDENTIFICADO;---;---;Bajo;2
36120;-77.6576171822983;-8.58567087416676;15174.00000000000;HALCON;RESIDUO MINERO;DESMONTE DE MINA;ALTO MARAÑON;ANCASH;SIHUAS;CASHAPAMPA;207465.00000000000;9049941.00000000000;18.00000000000;WGS84;IDENTIFICADO;---;---;Bajo;2
36121;-77.6580769555632;-8.58520687041442;15175.00000000000;HALCON;LABOR MINERA;BOCAMINA;ALTO MARAÑON;ANCASH;SIHUAS;CASHAPAMPA;207414.00000000000;9049992.00000000000;18.00000000000;WGS84;IDENTIFICADO;---;---;Bajo;2
36122;-77.6580584848551;-8.58516181818195;15176.00000000000;HALCON;RESIDUO MINERO;DESMONTE DE MINA;ALTO MARAÑON;ANCASH;SIHUAS;CASHAPAMPA;207416.00000000000;9049997.00000000000;18.00000000000;WGS84;IDENTIFICADO;---;---;Insignificante;1
36123;-77.6581854519331;-8.58514287049759;15177.00000000000;HALCON;LABOR MINERA;CHIMENEA;ALTO MARAÑON;ANCASH;SIHUAS;CASHAPAMPA;207402.00000000000;9049999.00000000000;18.00000000000;WGS84;IDENTIFICADO;---;---;Bajo;2
36124;-77.6576652972855;-8.58475791324102;15178.00000000000;HALCON;RESIDUO MINERO;DESMONTE DE MINA;ALTO MARAÑON;ANCASH;SIHUAS;CASHAPAMPA;207459.00000000000;9050042.00000000000;18.00000000000;WGS84;IDENTIFICADO;---;---;Insignificante;1
36125;-77.6631743535593;-8.5806266205191;15179.00000000000;HALCON;RESIDUO MINERO;DESMONTE DE MINA;ALTO MARAÑON;ANCASH;SIHUAS;CASHAPAMPA;206849.00000000000;9050495.00000000000;18.00000000000;WGS84;IDENTIFICADO;---;---;Insignificante;1
36126;-77.661100193488;-8.57870725799358;15180.00000000000;HALCON;LABOR MINERA;PIQUE;ALTO MARAÑON;ANCASH;SIHUAS;CASHAPAMPA;207076.00000000000;9050709.00000000000;18.00000000000;WGS84;IDENTIFICADO;---;---;Bajo;2
36127;-77.6610914665607;-8.5813638754923;15181.00000000000;HALCON;RESIDUO MINERO;DESMONTE DE MINA;ALTO MARAÑON;ANCASH;SIHUAS;CASHAPAMPA;207079.00000000000;9050415.00000000000;18.00000000000;WGS84;IDENTIFICADO;---;---;Bajo;2
36128;-77.6610445541678;-8.58244850836773;15182.00000000000;HALCON;RESIDUO MINERO;DESMONTE DE MINA;ALTO MARAÑON;ANCASH;SIHUAS;CASHAPAMPA;207085.00000000000;9050295.00000000000;18.00000000000;WGS84;IDENTIFICADO;---;---;Bajo;2
36129;-77.6587252448102;-8.58313317131543;15183.00000000000;HALCON;RESIDUO MINERO;DESMONTE DE MINA;ALTO MARAÑON;ANCASH;SIHUAS;CASHAPAMPA;207341.00000000000;9050221.00000000000;18.00000000000;WGS84;IDENTIFICADO;---;---;Bajo;2
36130;-77.6579495253177;-8.58255118603618;15184.00000000000;HALCON;RESIDUO MINERO;DESMONTE DE MINA;ALTO MARAÑON;ANCASH;SIHUAS;CASHAPAMPA;207426.00000000000;9050286.00000000000;18.00000000000;WGS84;IDENTIFICADO;---;---;Bajo;2
36131;-77.6584901167444;-8.58196012272604;15185.00000000000;HALCON;LABOR MINERA;MEDIA BARRETA;ALTO MARAÑON;ANCASH;SIHUAS;CASHAPAMPA;207366.00000000000;9050351.00000000000;18.00000000000;WGS84;IDENTIFICADO;---;---;Bajo;2
36132;-77.676334031871;-8.58396006174716;15186.00000000000;HALCON;LABOR MINERA;PIQUE;ALTO MARAÑON;ANCASH;SIHUAS;CASHAPAMPA;205402.00000000000;9050116.00000000000;18.00000000000;WGS84;IDENTIFICADO;---;---;Alto;4
36133;-77.6570640393783;-8.59749368956615;15187.00000000000;HALCON;INFRAESTRUCTURA;PLANTAS DE PROCESAMIENTO;ALTO MARAÑON;ANCASH;SIHUAS;CASHAPAMPA;207535.00000000000;9048633.00000000000;18.00000000000;WGS84;IDENTIFICADO;---;---;Insignificante;1
36134;-77.2194291967069;-9.89474980586224;15212.00000000000;SANTON;LABOR MINERA;BOCAMINA;SANTA;ANCASH;RECUAY;CATAC;256625.00000000000;8905414.00000000000;18.00000000000;WGS84;NO IDENTIFICADO;---;---;Bajo;2
36135;-77.2196559703397;-9.89458562060219;15214.00000000000;SANTON;LABOR MINERA;BOCAMINA;SANTA;ANCASH;RECUAY;CATAC;256600.00000000000;8905432.00000000000;18.00000000000;WGS84;NO IDENTIFICADO;---;---;Bajo;2
36136;-77.2191484025134;-9.89501376797429;15215.00000000000;SANTON;LABOR MINERA;BOCAMINA;SANTA;ANCASH;RECUAY;CATAC;256656.00000000000;8905385.00000000000;18.00000000000;WGS84;NO IDENTIFICADO;---;---;Medio;3
36137;-77.2191025257184;-9.89496887986571;15217.00000000000;SANTON;RESIDUO MINERO;DESMONTE DE MINA;SANTA;ANCASH;RECUAY;CATAC;256661.00000000000;8905390.00000000000;18.00000000000;WGS84;NO IDENTIFICADO;---;---;Bajo;2
36138;-77.2195374798911;-9.89458640311834;15218.00000000000;SANTON;RESIDUO MINERO;DESMONTE DE MINA;SANTA;ANCASH;RECUAY;CATAC;256613.00000000000;8905432.00000000000;18.00000000000;WGS84;NO IDENTIFICADO;---;---;Bajo;2
36139;-77.2199997162262;-9.89419470761397;15220.00000000000;SANTON;LABOR MINERA;TAJEO COMUNICADO;SANTA;ANCASH;RECUAY;CATAC;256562.00000000000;8905475.00000000000;18.00000000000;WGS84;NO IDENTIFICADO;ACTIVOS MINEROS S.A.C.;---;Medio;3
36140;-77.2201385002031;-9.89450108972213;15222.00000000000;SANTON;RESIDUO MINERO;DESMONTE DE MINA;SANTA;ANCASH;RECUAY;CATAC;256547.00000000000;8905441.00000000000;18.00000000000;WGS84;NO IDENTIFICADO;ACTIVOS MINEROS S.A.C.;---;Bajo;2
36141;-77.2229310440524;-9.89499780816272;15223.00000000000;SANTON;RESIDUO MINERO;DESMONTE DE MINA;SANTA;ANCASH;RECUAY;CATAC;256241.00000000000;8905384.00000000000;18.00000000000;WGS84;NO IDENTIFICADO;ACTIVOS MINEROS S.A.C.;---;Bajo;2
36142;-77.2242128011668;-9.89448318999753;15225.00000000000;SANTON;RESIDUO MINERO;DESMONTE DE MINA;SANTA;ANCASH;RECUAY;CATAC;256100.00000000000;8905440.00000000000;18.00000000000;WGS84;NO IDENTIFICADO;ACTIVOS MINEROS S.A.C.;---;Medio;3
36143;-77.2237133216103;-9.89475764042379;15227.00000000000;SANTON;RESIDUO MINERO;DESMONTE DE MINA;SANTA;ANCASH;RECUAY;CATAC;256155.00000000000;8905410.00000000000;18.00000000000;WGS84;NO IDENTIFICADO;ACTIVOS MINEROS S.A.C.;---;Medio;3
36144;-77.224068670442;-9.89473721274636;15228.00000000000;SANTON;LABOR MINERA;BOCAMINA;SANTA;ANCASH;RECUAY;CATAC;256116.00000000000;8905412.00000000000;18.00000000000;WGS84;NO IDENTIFICADO;ACTIVOS MINEROS S.A.C.;---;Alto;4
36145;-77.2203189106399;-9.89421971378278;15231.00000000000;SANTON;RESIDUO MINERO;DESMONTE DE MINA;SANTA;ANCASH;RECUAY;CATAC;256527.00000000000;8905472.00000000000;18.00000000000;WGS84;NO IDENTIFICADO;ACTIVOS MINEROS S.A.C.;---;Bajo;2
36146;-77.2238947018271;-9.89462086761526;15235.00000000000;SANTON;LABOR MINERA;BOCAMINA;SANTA;ANCASH;RECUAY;CATAC;256135.00000000000;8905425.00000000000;18.00000000000;WGS84;NO IDENTIFICADO;ACTIVOS MINEROS S.A.C.;---;Bajo;2
36147;-77.2267203433298;-9.8892063755064;15239.00000000000;SANTON;RESIDUO MINERO;RELAVES;SANTA;ANCASH;RECUAY;CATAC;255821.00000000000;8906022.00000000000;18.00000000000;WGS84;NO IDENTIFICADO;ACTIVOS MINEROS S.A.C.;---;Alto;4
36148;-77.6871864799096;-9.18288232203316;15669.00000000000;APACHICA (DE CARBON);LABOR MINERA;BOCAMINA;SANTA;ANCASH;YUNGAY;MANCOS;204687.00000000000;8983823.00000000000;18.00000000000;WGS84;NO IDENTIFICADO;---;---;Bajo;2
36149;-77.9988361104495;-8.35805378295006;15875.00000000000;MONTECRISTO;LABOR MINERA;BOCAMINA;SANTA;ANCASH;PALLASCA;BOLOGNESI;169680.00000000000;9074861.00000000000;18.00000000000;WGS84;NO IDENTIFICADO;---;---;Bajo;2
36150;-77.7071594616578;-8.55514713589791;15876.00000000000;PUCAPAMPA;RESIDUO MINERO;DESMONTE DE MINA;SANTA;ANCASH;CORONGO;CUSCA;201984.00000000000;9053281.00000000000;18.00000000000;WGS84;NO IDENTIFICADO;---;---;Bajo;2
36151;-77.7118061892058;-8.58446204538654;15877.00000000000;RACAYCOCHA;RESIDUO MINERO;DESMONTE DE MINA;SANTA;ANCASH;CORONGO;CUSCA;201495.00000000000;9050033.00000000000;18.00000000000;WGS84;NO IDENTIFICADO;---;---;Bajo;2
36152;-77.7119071986269;-8.58462397438925;15878.00000000000;RACAYCOCHA;LABOR MINERA;TAJEO COMUNICADO;SANTA;ANCASH;CORONGO;CUSCA;201484.00000000000;9050015.00000000000;18.00000000000;WGS84;NO IDENTIFICADO;---;---;Medio;3
36153;-77.7120370091506;-8.58372854187964;15879.00000000000;RACAYCOCHA;RESIDUO MINERO;DESMONTE DE MINA;SANTA;ANCASH;CORONGO;CUSCA;201469.00000000000;9050114.00000000000;18.00000000000;WGS84;NO IDENTIFICADO;---;---;Bajo;2
36154;-77.7117926190962;-8.5838296526069;15880.00000000000;RACAYCOCHA;LABOR MINERA;BOCAMINA;SANTA;ANCASH;CORONGO;CUSCA;201496.00000000000;9050103.00000000000;18.00000000000;WGS84;NO IDENTIFICADO;---;---;Insignificante;1
36155;-77.7116829174331;-8.58372199793614;15881.00000000000;RACAYCOCHA;RESIDUO MINERO;DESMONTE DE MINA;SANTA;ANCASH;CORONGO;CUSCA;201508.00000000000;9050115.00000000000;18.00000000000;WGS84;NO IDENTIFICADO;---;---;Bajo;2
36156;-77.7115555699313;-8.59007488381518;15882.00000000000;RACAYCOCHA;LABOR MINERA;BOCAMINA;SANTA;ANCASH;CORONGO;CUSCA;201527.00000000000;9049412.00000000000;18.00000000000;WGS84;NO IDENTIFICADO;---;---;Insignificante;1
36157;-77.7874802314792;-8.16417989214563;17519.00000000000;PUSHAS;RESIDUO MINERO;DESMONTE DE MINA;SANTA;ANCASH;PALLASCA;PAMPAS;192829.00000000000;9096490.00000000000;18.00000000000;WGS84;NO IDENTIFICADO;---;---;Bajo;2
36158;-77.7872862917042;-8.16628641649388;17520.00000000000;PUSHAS;RESIDUO MINERO;DESMONTE DE MINA;SANTA;ANCASH;PALLASCA;PAMPAS;192852.00000000000;9096257.00000000000;18.00000000000;WGS84;NO IDENTIFICADO;---;---;Bajo;2
36159;-77.7876745330358;-8.16473873212421;17521.00000000000;PUSHAS;LABOR MINERA;CHIMENEA;SANTA;ANCASH;PALLASCA;PAMPAS;192808.00000000000;9096428.00000000000;18.00000000000;WGS84;NO IDENTIFICADO;---;---;Medio;3
36160;-77.7931561437322;-8.19404690999655;17523.00000000000;HUACHARA;LABOR MINERA;BOCAMINA;SANTA;ANCASH;PALLASCA;PAMPAS;192226.00000000000;9093180.00000000000;18.00000000000;WGS84;NO IDENTIFICADO;---;---;Bajo;2
36161;-77.8519278541353;-8.16101131373589;17524.00000000000;PASTO BUENO;LABOR MINERA;BOCAMINA;SANTA;ANCASH;PALLASCA;PAMPAS;185719.00000000000;9096791.00000000000;18.00000000000;WGS84;NO IDENTIFICADO;---;---;Bajo;2
36162;-77.8502895172764;-8.16779885767604;17525.00000000000;PASTO BUENO;LABOR MINERA;BOCAMINA;SANTA;ANCASH;PALLASCA;PAMPAS;185905.00000000000;9096041.00000000000;18.00000000000;WGS84;NO IDENTIFICADO;---;---;Alto;4
36163;-77.8502726020184;-8.16797063561328;17526.00000000000;PASTO BUENO;RESIDUO MINERO;DESMONTE DE MINA;SANTA;ANCASH;PALLASCA;PAMPAS;185907.00000000000;9096022.00000000000;18.00000000000;WGS84;NO IDENTIFICADO;---;---;Alto;4
36164;-77.0595216336399;-9.86347103498132;17709.00000000000;MINA SANTA ANITA;RESIDUO MINERO;DESMONTE DE MINA;ALTO MARAÑON;ANCASH;BOLOGNESI;HUALLANCA;274146.00000000000;8908987.00000000000;18.00000000000;WGS84;NO IDENTIFICADO;ACTIVOS MINEROS S.A.C.;---;Medio;3
36165;-77.0595253957191;-9.86407663244487;17710.00000000000;MINA SANTA ANITA;RESIDUO MINERO;DESMONTE DE MINA;ALTO MARAÑON;ANCASH;BOLOGNESI;HUALLANCA;274146.00000000000;8908920.00000000000;18.00000000000;WGS84;NO IDENTIFICADO;ACTIVOS MINEROS S.A.C.;---;Medio;3
36166;-77.1071886778276;-9.88715653623144;17711.00000000000;APARRE;RESIDUO MINERO;DESMONTE DE MINA;PATIVILCA;ANCASH;BOLOGNESI;AQUIA;268933.00000000000;8906334.00000000000;18.00000000000;WGS84;NO IDENTIFICADO;ACTIVOS MINEROS S.A.C.;---;Bajo;2
36167;-77.4434365042265;-9.91363724849583;17801.00000000000;QUEROCOCHA;INFRAESTRUCTURA;PLANTAS DE PROCESAMIENTO;SANTA;ANCASH;RECUAY;CATAC;232063.00000000000;8903152.00000000000;18.00000000000;WGS84;NO IDENTIFICADO;---;---;Bajo;2
36168;-77.4429659477853;-9.91286350789835;17802.00000000000;QUEROCOCHA;RESIDUO MINERO;RELAVES;SANTA;ANCASH;RECUAY;CATAC;232114.00000000000;8903238.00000000000;18.00000000000;WGS84;NO IDENTIFICADO;---;---;Medio;3
36169;-77.6834673365701;-9.69308607838386;17803.00000000000;HUYNAC;RESIDUO MINERO;DESMONTE DE MINA;HUARMEY;ANCASH;AIJA;AIJA;205530.00000000000;8927359.00000000000;18.00000000000;WGS84;NO IDENTIFICADO;---;---;Bajo;2
36170;-77.858692383946;-9.43061090117013;17917.00000000000;MINA ESPERANZA;INFRAESTRUCTURA;PLANTAS DE PROCESAMIENTO;CASMA;ANCASH;HUARAZ;COCHABAMBA;186046.00000000000;8956256.00000000000;18.00000000000;WGS84;NO IDENTIFICADO;---;---;Bajo;2
36171;-77.8531232218733;-9.43491120854711;17918.00000000000;MINA ESPERANZA;RESIDUO MINERO;DESMONTE DE MINA;CASMA;ANCASH;HUARAZ;COCHABAMBA;186662.00000000000;8955785.00000000000;18.00000000000;WGS84;NO IDENTIFICADO;---;---;Bajo;2
36172;-77.8528288222164;-9.43451609210511;17919.00000000000;MINA ESPERANZA;LABOR MINERA;CHIMENEA;CASMA;ANCASH;HUARAZ;COCHABAMBA;186694.00000000000;8955829.00000000000;18.00000000000;WGS84;NO IDENTIFICADO;---;---;Alto;4
36173;-77.8528366259038;-9.43546461918915;17920.00000000000;MINA ESPERANZA;LABOR MINERA;BOCAMINA;CASMA;ANCASH;HUARAZ;COCHABAMBA;186694.00000000000;8955724.00000000000;18.00000000000;WGS84;NO IDENTIFICADO;---;---;Bajo;2
36174;-77.4269673237416;-9.92234189920077;17921.00000000000;QUEROCOCHA;RESIDUO MINERO;DESMONTE DE MINA;SANTA;ANCASH;RECUAY;CATAC;233877.00000000000;8902202.00000000000;18.00000000000;WGS84;NO IDENTIFICADO;---;---;Bajo;2
36175;-77.4325035475617;-9.91913884977157;17922.00000000000;QUEROCOCHA;LABOR MINERA;TAJEO COMUNICADO;SANTA;ANCASH;RECUAY;CATAC;233267.00000000000;8902552.00000000000;18.00000000000;WGS84;NO IDENTIFICADO;---;---;Medio;3
36176;-77.4323411638176;-9.91936595043611;17923.00000000000;QUEROCOCHA;LABOR MINERA;BOCAMINA;SANTA;ANCASH;RECUAY;CATAC;233285.00000000000;8902527.00000000000;18.00000000000;WGS84;NO IDENTIFICADO;---;---;Bajo;2
36177;-77.427104167909;-9.92235898212343;17924.00000000000;QUEROCOCHA;LABOR MINERA;BOCAMINA;SANTA;ANCASH;RECUAY;CATAC;233862.00000000000;8902200.00000000000;18.00000000000;WGS84;NO IDENTIFICADO;---;---;Bajo;2
36178;-77.4285579667086;-9.9229810357767;17925.00000000000;QUEROCOCHA;LABOR MINERA;PIQUE;SANTA;ANCASH;RECUAY;CATAC;233703.00000000000;8902130.00000000000;18.00000000000;WGS84;NO IDENTIFICADO;---;---;Medio;3
36179;-77.4276297210922;-9.92193947708525;17926.00000000000;QUEROCOCHA;LABOR MINERA;BOCAMINA;SANTA;ANCASH;RECUAY;CATAC;233804.00000000000;8902246.00000000000;18.00000000000;WGS84;NO IDENTIFICADO;---;---;Medio;3
36180;-77.6541952364403;-9.40122071560224;17927.00000000000;ANDEAN YUNGAR;LABOR MINERA;PIQUE;SANTA;ANCASH;CARHUAZ;YUNGAR;208496.00000000000;8959686.00000000000;18.00000000000;WGS84;NO IDENTIFICADO;---;---;Medio;3
36181;-77.6545043079916;-9.40118224875572;17928.00000000000;ANDEAN YUNGAR;RESIDUO MINERO;DESMONTE DE MINA;SANTA;ANCASH;CARHUAZ;YUNGAR;208462.00000000000;8959690.00000000000;18.00000000000;WGS84;NO IDENTIFICADO;---;---;Medio;3
36182;-77.6546883442;-9.40145193381526;17929.00000000000;ANDEAN YUNGAR;LABOR MINERA;BOCAMINA;SANTA;ANCASH;CARHUAZ;YUNGAR;208442.00000000000;8959660.00000000000;18.00000000000;WGS84;NO IDENTIFICADO;---;---;Alto;4
36183;-77.6548971261059;-9.40138711396708;17930.00000000000;ANDEAN YUNGAR;RESIDUO MINERO;DESMONTE DE MINA;SANTA;ANCASH;CARHUAZ;YUNGAR;208419.00000000000;8959667.00000000000;18.00000000000;WGS84;NO IDENTIFICADO;---;---;Bajo;2
36184;-77.6550342920088;-9.40147643855963;17931.00000000000;ANDEAN YUNGAR;LABOR MINERA;TAJEO COMUNICADO;SANTA;ANCASH;CARHUAZ;YUNGAR;208404.00000000000;8959657.00000000000;18.00000000000;WGS84;NO IDENTIFICADO;---;---;Medio;3
36185;-77.6568506513347;-9.40817623824272;17932.00000000000;ANDEAN YUNGAR;LABOR MINERA;BOCAMINA;SANTA;ANCASH;CARHUAZ;YUNGAR;208210.00000000000;8958914.00000000000;18.00000000000;WGS84;NO IDENTIFICADO;---;---;Medio;3
36186;-77.6566916488502;-9.39926831042851;17933.00000000000;ANDEAN YUNGAR;RESIDUO MINERO;DESMONTE DE MINA;SANTA;ANCASH;CARHUAZ;YUNGAR;208220.00000000000;8959900.00000000000;18.00000000000;WGS84;NO IDENTIFICADO;---;---;Medio;3
36187;-77.4825358952773;-9.73529258689651;18574.00000000000;PATRICIA;RESIDUO MINERO;DESMONTE DE MINA;SANTA;ANCASH;RECUAY;RECUAY;227627.00000000000;8922856.00000000000;18.00000000000;WGS84;NO IDENTIFICADO;---;---;Bajo;2
36188;-77.4824473471184;-9.73563662396712;18575.00000000000;PATRICIA;RESIDUO MINERO;DESMONTE DE MINA;SANTA;ANCASH;RECUAY;RECUAY;227637.00000000000;8922818.00000000000;18.00000000000;WGS84;NO IDENTIFICADO;---;---;Bajo;2
36189;-77.2229453822786;-9.89441926957002;18578.00000000000;SANTON;LABOR MINERA;BOCAMINA;SANTA;ANCASH;RECUAY;CATAC;256239.00000000000;8905448.00000000000;18.00000000000;WGS84;NO IDENTIFICADO;ACTIVOS MINEROS S.A.C.;---;Bajo;2
36190;-77.2223640519608;-9.89472137410926;18579.00000000000;SANTON;LABOR MINERA;CHIMENEA;SANTA;ANCASH;RECUAY;CATAC;256303.00000000000;8905415.00000000000;18.00000000000;WGS84;NO IDENTIFICADO;ACTIVOS MINEROS S.A.C.;---;Medio;3
36191;-77.5885281482461;-9.49158122385557;18580.00000000000;SANTO TORIBIO 2;RESIDUO MINERO;DESMONTE DE MINA;SANTA;ANCASH;HUARAZ;INDEPENDENCIA;215787.00000000000;8949740.00000000000;18.00000000000;WGS84;NO IDENTIFICADO;---;---;Medio;3
36192;-77.587434296157;-9.49136341649695;18581.00000000000;SANTO TORIBIO 2;RESIDUO MINERO;DESMONTE DE MINA;SANTA;ANCASH;HUARAZ;INDEPENDENCIA;215907.00000000000;8949765.00000000000;18.00000000000;WGS84;NO IDENTIFICADO;---;---;Medio;3
36193;-77.5847256537324;-9.49428402728872;18582.00000000000;SANTO TORIBIO 2;RESIDUO MINERO;DESMONTE DE MINA;SANTA;ANCASH;HUARAZ;INDEPENDENCIA;216207.00000000000;8949444.00000000000;18.00000000000;WGS84;NO IDENTIFICADO;---;---;Medio;3
36194;-77.5833855797846;-9.49400477627276;18583.00000000000;SANTO TORIBIO 2;RESIDUO MINERO;DESMONTE DE MINA;SANTA;ANCASH;HUARAZ;INDEPENDENCIA;216354.00000000000;8949476.00000000000;18.00000000000;WGS84;NO IDENTIFICADO;---;---;Medio;3
36195;-77.5812156203945;-9.4922949058086;18584.00000000000;SANTO TORIBIO 2;LABOR MINERA;BOCAMINA;SANTA;ANCASH;HUARAZ;INDEPENDENCIA;216591.00000000000;8949667.00000000000;18.00000000000;WGS84;NO IDENTIFICADO;---;---;Bajo;2
36196;-77.1112112440933;-9.86899039366136;18585.00000000000;APARIPASHA;RESIDUO MINERO;DESMONTE DE MINA;PATIVILCA;ANCASH;BOLOGNESI;AQUIA;268479.00000000000;8908341.00000000000;18.00000000000;WGS84;NO IDENTIFICADO;---;---;Medio;3
36197;-77.1112478176803;-9.86900824215596;18586.00000000000;APARIPASHA;LABOR MINERA;BOCAMINA;PATIVILCA;ANCASH;BOLOGNESI;AQUIA;268475.00000000000;8908339.00000000000;18.00000000000;WGS84;NO IDENTIFICADO;---;---;Medio;3
36198;-77.1113042330933;-9.86927905346821;18587.00000000000;APARIPASHA;LABOR MINERA;TAJEO COMUNICADO;PATIVILCA;ANCASH;BOLOGNESI;AQUIA;268469.00000000000;8908309.00000000000;18.00000000000;WGS84;NO IDENTIFICADO;---;---;Alto;4
36199;-77.1110236381753;-9.86958813175006;18588.00000000000;APARIPASHA;RESIDUO MINERO;DESMONTE DE MINA;PATIVILCA;ANCASH;BOLOGNESI;AQUIA;268500.00000000000;8908275.00000000000;18.00000000000;WGS84;NO IDENTIFICADO;---;---;Medio;3
36200;-77.5824720093092;-9.48990913622127;18589.00000000000;SANTO TORIBIO 2;LABOR MINERA;BOCAMINA;SANTA;ANCASH;HUARAZ;INDEPENDENCIA;216451.00000000000;8949930.00000000000;18.00000000000;WGS84;NO IDENTIFICADO;---;---;Medio;3
36201;-77.1613431797733;-9.86066440076511;18590.00000000000;HUARAPASCA;LABOR MINERA;BOCAMINA;PATIVILCA;ANCASH;BOLOGNESI;AQUIA;262973.00000000000;8909227.00000000000;18.00000000000;WGS84;NO IDENTIFICADO;---;---;Alto;4
36202;-77.8504690198725;-8.16626169890306;18827.00000000000;PASTO BUENO;RESIDUO MINERO;DESMONTE DE MINA;SANTA;ANCASH;PALLASCA;PAMPAS;185884.00000000000;9096211.00000000000;18.00000000000;WGS84;NO IDENTIFICADO;---;---;Bajo;2
36203;-77.6837223918511;-8.60440174949501;18828.00000000000;RACAYCOCHA;RESIDUO MINERO;DESMONTE DE MINA;SANTA;ANCASH;CORONGO;CUSCA;204604.00000000000;9047848.00000000000;18.00000000000;WGS84;NO IDENTIFICADO;---;---;Bajo;2
36204;-77.7125094818239;-8.54793541021967;18832.00000000000;PUCAPAMPA;RESIDUO MINERO;DESMONTE DE MINA;SANTA;ANCASH;CORONGO;CUSCA;201389.00000000000;9054075.00000000000;18.00000000000;WGS84;NO IDENTIFICADO;---;---;Medio;3
36205;-77.7137587509438;-8.54745680265628;18833.00000000000;PUCAPAMPA;RESIDUO MINERO;DESMONTE DE MINA;SANTA;ANCASH;CORONGO;CUSCA;201251.00000000000;9054127.00000000000;18.00000000000;WGS84;NO IDENTIFICADO;---;---;Medio;3
36206;-77.7140592431257;-8.54759022843845;18834.00000000000;PUCAPAMPA;LABOR MINERA;TAJEO COMUNICADO;SANTA;ANCASH;CORONGO;CUSCA;201218.00000000000;9054112.00000000000;18.00000000000;WGS84;NO IDENTIFICADO;---;---;Alto;4
36207;-77.7143050830337;-8.54769693064818;18835.00000000000;PUCAPAMPA;LABOR MINERA;CHIMENEA;SANTA;ANCASH;CORONGO;CUSCA;201191.00000000000;9054100.00000000000;18.00000000000;WGS84;NO IDENTIFICADO;---;---;Alto;4
36208;-77.714830767131;-8.54758481653367;18836.00000000000;PUCAPAMPA;LABOR MINERA;TAJO;SANTA;ANCASH;CORONGO;CUSCA;201133.00000000000;9054112.00000000000;18.00000000000;WGS84;NO IDENTIFICADO;---;---;Alto;4
36209;-77.7150714971463;-8.54825175728744;18837.00000000000;PUCAPAMPA;LABOR MINERA;CHIMENEA;SANTA;ANCASH;CORONGO;CUSCA;201107.00000000000;9054038.00000000000;18.00000000000;WGS84;NO IDENTIFICADO;---;---;Medio;3
36210;-77.7139718707082;-8.54935277229892;18838.00000000000;PUCAPAMPA;LABOR MINERA;CHIMENEA;SANTA;ANCASH;CORONGO;CUSCA;201229.00000000000;9053917.00000000000;18.00000000000;WGS84;NO IDENTIFICADO;---;---;Medio;3
36211;-77.7138722178114;-8.54938057795886;18839.00000000000;PUCAPAMPA;LABOR MINERA;CHIMENEA;SANTA;ANCASH;CORONGO;CUSCA;201240.00000000000;9053914.00000000000;18.00000000000;WGS84;NO IDENTIFICADO;---;---;Bajo;2
36212;-77.7134653606129;-8.54960932033;18840.00000000000;PUCAPAMPA;LABOR MINERA;TAJEO COMUNICADO;SANTA;ANCASH;CORONGO;CUSCA;201285.00000000000;9053889.00000000000;18.00000000000;WGS84;NO IDENTIFICADO;---;---;Bajo;2
36213;-77.7143951614027;-8.55016300143473;18841.00000000000;PUCAPAMPA;LABOR MINERA;BOCAMINA;SANTA;ANCASH;CORONGO;CUSCA;201183.00000000000;9053827.00000000000;18.00000000000;WGS84;NO IDENTIFICADO;---;---;Medio;3
36214;-77.7141686248808;-8.5502188041103;18842.00000000000;PUCAPAMPA;RESIDUO MINERO;DESMONTE DE MINA;SANTA;ANCASH;CORONGO;CUSCA;201208.00000000000;9053821.00000000000;18.00000000000;WGS84;NO IDENTIFICADO;---;---;Medio;3
36215;-77.7122999522636;-8.55167759891904;18843.00000000000;PUCAPAMPA;RESIDUO MINERO;DESMONTE DE MINA;SANTA;ANCASH;CORONGO;CUSCA;201415.00000000000;9053661.00000000000;18.00000000000;WGS84;NO IDENTIFICADO;---;---;Bajo;2
36216;-77.7123119037568;-8.55080106628394;18844.00000000000;PUCAPAMPA;RESIDUO MINERO;DESMONTE DE MINA;SANTA;ANCASH;CORONGO;CUSCA;201413.00000000000;9053758.00000000000;18.00000000000;WGS84;NO IDENTIFICADO;---;---;Bajo;2
36217;-77.7116521067196;-8.54992020707553;18845.00000000000;PUCAPAMPA;RESIDUO MINERO;DESMONTE DE MINA;SANTA;ANCASH;CORONGO;CUSCA;201485.00000000000;9053856.00000000000;18.00000000000;WGS84;NO IDENTIFICADO;---;---;Bajo;2
36218;-77.7120760967527;-8.54954677717256;18846.00000000000;PUCAPAMPA;RESIDUO MINERO;DESMONTE DE MINA;SANTA;ANCASH;CORONGO;CUSCA;201438.00000000000;9053897.00000000000;18.00000000000;WGS84;NO IDENTIFICADO;---;---;Bajo;2
36219;-77.7158427658279;-8.54821020262461;18847.00000000000;PUCAPAMPA;RESIDUO MINERO;DESMONTE DE MINA;SANTA;ANCASH;CORONGO;CUSCA;201022.00000000000;9054042.00000000000;18.00000000000;WGS84;NO IDENTIFICADO;---;---;Bajo;2
36220;-77.7117425554244;-8.54987439529522;18848.00000000000;PUCAPAMPA;LABOR MINERA;BOCAMINA;SANTA;ANCASH;CORONGO;CUSCA;201475.00000000000;9053861.00000000000;18.00000000000;WGS84;NO IDENTIFICADO;---;---;Bajo;2
36221;-77.7121945428471;-8.54960919574292;18849.00000000000;PUCAPAMPA;LABOR MINERA;TAJEO COMUNICADO;SANTA;ANCASH;CORONGO;CUSCA;201425.00000000000;9053890.00000000000;18.00000000000;WGS84;NO IDENTIFICADO;---;---;Medio;3
36222;-77.7199595908533;-8.54121491384823;18850.00000000000;PUCAPAMPA;LABOR MINERA;BOCAMINA;SANTA;ANCASH;CORONGO;CUSCA;200563.00000000000;9054813.00000000000;18.00000000000;WGS84;NO IDENTIFICADO;---;---;Bajo;2
36223;-77.7210671450859;-8.54251727989063;18851.00000000000;PUCAPAMPA;RESIDUO MINERO;DESMONTE DE MINA;SANTA;ANCASH;CORONGO;CUSCA;200442.00000000000;9054668.00000000000;18.00000000000;WGS84;NO IDENTIFICADO;---;---;Bajo;2
36224;-77.7211264109045;-8.54319452547247;18852.00000000000;PUCAPAMPA;RESIDUO MINERO;DESMONTE DE MINA;SANTA;ANCASH;CORONGO;CUSCA;200436.00000000000;9054593.00000000000;18.00000000000;WGS84;NO IDENTIFICADO;---;---;Medio;3
36225;-77.7212699060587;-8.54294955859049;18853.00000000000;PUCAPAMPA;LABOR MINERA;BOCAMINA;SANTA;ANCASH;CORONGO;CUSCA;200420.00000000000;9054620.00000000000;18.00000000000;WGS84;NO IDENTIFICADO;---;---;Alto;4
36226;-77.7194086008602;-8.54543836510292;18854.00000000000;PUCAPAMPA;LABOR MINERA;BOCAMINA;SANTA;ANCASH;CORONGO;CUSCA;200627.00000000000;9054346.00000000000;18.00000000000;WGS84;NO IDENTIFICADO;---;---;Medio;3
36227;-77.7168865924378;-8.54820287493498;18855.00000000000;PUCAPAMPA;LABOR MINERA;TAJEO COMUNICADO;SANTA;ANCASH;CORONGO;CUSCA;200907.00000000000;9054042.00000000000;18.00000000000;WGS84;NO IDENTIFICADO;---;---;Alto;4
36228;-77.7105169831176;-8.5549880794441;18856.00000000000;PUCAPAMPA;RESIDUO MINERO;DESMONTE DE MINA;SANTA;ANCASH;CORONGO;CUSCA;201614.00000000000;9053296.00000000000;18.00000000000;WGS84;NO IDENTIFICADO;---;---;Bajo;2
36229;-77.7107171876259;-8.55505896042287;18857.00000000000;PUCAPAMPA;RESIDUO MINERO;DESMONTE DE MINA;SANTA;ANCASH;CORONGO;CUSCA;201592.00000000000;9053288.00000000000;18.00000000000;WGS84;NO IDENTIFICADO;---;---;Bajo;2
36230;-77.7148785747766;-8.54664478518585;18858.00000000000;PUCAPAMPA;LABOR MINERA;TAJEO COMUNICADO;SANTA;ANCASH;CORONGO;CUSCA;201127.00000000000;9054216.00000000000;18.00000000000;WGS84;NO IDENTIFICADO;---;---;Bajo;2
36231;-77.7151855841568;-8.54641674301405;18859.00000000000;PUCAPAMPA;LABOR MINERA;TAJEO COMUNICADO;SANTA;ANCASH;CORONGO;CUSCA;201093.00000000000;9054241.00000000000;18.00000000000;WGS84;NO IDENTIFICADO;---;---;Medio;3
36232;-77.7152578780466;-8.54637105814854;18860.00000000000;PUCAPAMPA;LABOR MINERA;CHIMENEA;SANTA;ANCASH;CORONGO;CUSCA;201085.00000000000;9054246.00000000000;18.00000000000;WGS84;NO IDENTIFICADO;---;---;Medio;3
36233;-77.715193317484;-8.54622694250491;18861.00000000000;PUCAPAMPA;LABOR MINERA;CHIMENEA;SANTA;ANCASH;CORONGO;CUSCA;201092.00000000000;9054262.00000000000;18.00000000000;WGS84;NO IDENTIFICADO;---;---;Medio;3
36234;-77.7154834524484;-8.54617972930856;18862.00000000000;PUCAPAMPA;LABOR MINERA;CHIMENEA;SANTA;ANCASH;CORONGO;CUSCA;201060.00000000000;9054267.00000000000;18.00000000000;WGS84;NO IDENTIFICADO;---;---;Medio;3
36235;-77.7153835446394;-8.5461713947273;18863.00000000000;PUCAPAMPA;RESIDUO MINERO;DESMONTE DE MINA;SANTA;ANCASH;CORONGO;CUSCA;201071.00000000000;9054268.00000000000;18.00000000000;WGS84;NO IDENTIFICADO;---;---;Bajo;2
36236;-77.7162110610495;-8.54638244078712;18864.00000000000;PUCAPAMPA;LABOR MINERA;BOCAMINA;SANTA;ANCASH;CORONGO;CUSCA;200980.00000000000;9054244.00000000000;18.00000000000;WGS84;NO IDENTIFICADO;---;---;Insignificante;1
36237;-77.7163385829896;-8.5464447944887;18865.00000000000;PUCAPAMPA;LABOR MINERA;CHIMENEA;SANTA;ANCASH;CORONGO;CUSCA;200966.00000000000;9054237.00000000000;18.00000000000;WGS84;NO IDENTIFICADO;---;---;Bajo;2
36238;-77.7163743138402;-8.54636322396108;18866.00000000000;PUCAPAMPA;LABOR MINERA;TAJEO COMUNICADO;SANTA;ANCASH;CORONGO;CUSCA;200962.00000000000;9054246.00000000000;18.00000000000;WGS84;NO IDENTIFICADO;---;---;Bajo;2
36239;-77.7162924314609;-8.54633669206649;18867.00000000000;PUCAPAMPA;RESIDUO MINERO;DESMONTE DE MINA;SANTA;ANCASH;CORONGO;CUSCA;200971.00000000000;9054249.00000000000;18.00000000000;WGS84;NO IDENTIFICADO;---;---;Bajo;2
36240;-77.7163925952584;-8.54638116670566;18868.00000000000;PUCAPAMPA;RESIDUO MINERO;DESMONTE DE MINA;SANTA;ANCASH;CORONGO;CUSCA;200960.00000000000;9054244.00000000000;18.00000000000;WGS84;NO IDENTIFICADO;---;---;Bajo;2
36241;-77.7165262498354;-8.5460278430781;18869.00000000000;PUCAPAMPA;LABOR MINERA;TAJO;SANTA;ANCASH;CORONGO;CUSCA;200945.00000000000;9054283.00000000000;18.00000000000;WGS84;NO IDENTIFICADO;---;---;Bajo;2
36242;-77.7166174008509;-8.54608141645991;18870.00000000000;PUCAPAMPA;RESIDUO MINERO;DESMONTE DE MINA;SANTA;ANCASH;CORONGO;CUSCA;200935.00000000000;9054277.00000000000;18.00000000000;WGS84;NO IDENTIFICADO;---;---;Insignificante;1
36243;-77.7165243938591;-8.54576582583472;18871.00000000000;PUCAPAMPA;RESIDUO MINERO;DESMONTE DE MINA;SANTA;ANCASH;CORONGO;CUSCA;200945.00000000000;9054312.00000000000;18.00000000000;WGS84;NO IDENTIFICADO;---;---;Bajo;2
36244;-77.716712700372;-8.54543922524981;18872.00000000000;PUCAPAMPA;LABOR MINERA;PIQUE;SANTA;ANCASH;CORONGO;CUSCA;200924.00000000000;9054348.00000000000;18.00000000000;WGS84;NO IDENTIFICADO;---;---;Alto;4
36245;-77.7228069347999;-8.54081541405586;18873.00000000000;PUCAPAMPA;LABOR MINERA;BOCAMINA;SANTA;ANCASH;CORONGO;CUSCA;200249.00000000000;9054855.00000000000;18.00000000000;WGS84;NO IDENTIFICADO;---;---;Bajo;2
36246;-77.7145962368082;-8.546511232563;18878.00000000000;PUCAPAMPA;RESIDUO MINERO;DESMONTE DE MINA;SANTA;ANCASH;CORONGO;CUSCA;201158.00000000000;9054231.00000000000;18.00000000000;WGS84;NO IDENTIFICADO;---;---;Medio;3
36247;-76.9776804579114;-9.89029322800201;18915.00000000000;SAN FRANCISCO 2;LABOR MINERA;BOCAMINA;ALTO MARAÑON;ANCASH;BOLOGNESI;HUALLANCA;283142.00000000000;8906074.00000000000;18.00000000000;WGS84;NO IDENTIFICADO;---;---;Bajo;2
36248;-76.980356410455;-9.89110911502182;18917.00000000000;SAN FRANCISCO 2;LABOR MINERA;TAJEO COMUNICADO;ALTO MARAÑON;ANCASH;BOLOGNESI;HUALLANCA;282849.00000000000;8905982.00000000000;18.00000000000;WGS84;NO IDENTIFICADO;---;---;Bajo;2
36249;-76.9784472252964;-9.89046046861201;18919.00000000000;SAN FRANCISCO 2;LABOR MINERA;BOCAMINA;ALTO MARAÑON;ANCASH;BOLOGNESI;HUALLANCA;283058.00000000000;8906055.00000000000;18.00000000000;WGS84;NO IDENTIFICADO;---;---;Bajo;2
36250;-77.5281202726565;-9.76112728953826;18994.00000000000;JESUS;LABOR MINERA;BOCAMINA;SANTA;ANCASH;RECUAY;RECUAY;222644.00000000000;8919960.00000000000;18.00000000000;WGS84;NO IDENTIFICADO;COMPAÑIA MINERA LINCUNA S.A.;PCPAM DE LA UNIDAD MINERA LINCUNA UNO;Bajo;2
36251;-77.5271944065991;-9.76035703688398;18995.00000000000;JESUS;LABOR MINERA;BOCAMINA;SANTA;ANCASH;RECUAY;RECUAY;222745.00000000000;8920046.00000000000;18.00000000000;WGS84;NO IDENTIFICADO;COMPAÑIA MINERA LINCUNA S.A.;PCPAM DE LA UNIDAD MINERA LINCUNA UNO;Bajo;2
36252;-77.5230256819569;-9.75718003700307;18996.00000000000;JESUS;LABOR MINERA;BOCAMINA;SANTA;ANCASH;RECUAY;RECUAY;223200.00000000000;8920401.00000000000;18.00000000000;WGS84;NO IDENTIFICADO;COMPAÑIA MINERA LINCUNA S.A.;PCPAM DE LA UNIDAD MINERA LINCUNA UNO;Medio;3
36253;-77.5264336431892;-9.75852830137578;18997.00000000000;JESUS;LABOR MINERA;BOCAMINA;SANTA;ANCASH;RECUAY;RECUAY;222827.00000000000;8920249.00000000000;18.00000000000;WGS84;NO IDENTIFICADO;COMPAÑIA MINERA LINCUNA S.A.;PCPAM DE LA UNIDAD MINERA LINCUNA UNO;Alto;4
36254;-77.5300151731801;-9.76235119144003;18998.00000000000;JESUS;RESIDUO MINERO;DESMONTE DE MINA;SANTA;ANCASH;RECUAY;RECUAY;222437.00000000000;8919823.00000000000;18.00000000000;WGS84;NO IDENTIFICADO;COMPAÑIA MINERA LINCUNA S.A.;PCPAM DE LA UNIDAD MINERA LINCUNA UNO;Bajo;2
36255;-77.5230165050561;-9.75717106859903;18999.00000000000;JESUS;RESIDUO MINERO;DESMONTE DE MINA;SANTA;ANCASH;RECUAY;RECUAY;223201.00000000000;8920402.00000000000;18.00000000000;WGS84;NO IDENTIFICADO;COMPAÑIA MINERA LINCUNA S.A.;PCPAM DE LA UNIDAD MINERA LINCUNA UNO;Bajo;2
36256;-77.5262132587373;-9.75829499085654;19000.00000000000;JESUS;RESIDUO MINERO;DESMONTE DE MINA;SANTA;ANCASH;RECUAY;RECUAY;222851.00000000000;8920275.00000000000;18.00000000000;WGS84;NO IDENTIFICADO;COMPAÑIA MINERA LINCUNA S.A.;PCPAM DE LA UNIDAD MINERA LINCUNA UNO;Medio;3
36257;-77.5337008149932;-9.76186292727048;19002.00000000000;QUEBRADA HERCULES;LABOR MINERA;BOCAMINA;HUARMEY;ANCASH;AIJA;AIJA;222032.00000000000;8919874.00000000000;18.00000000000;WGS84;NO IDENTIFICADO;COMPAÑIA MINERA LINCUNA S.A.;PCPAM UNIDAD MINERA LINCUNA UNO;Bajo;2
36258;-77.5314355735382;-9.76467200408515;19004.00000000000;QUEBRADA HERCULES;LABOR MINERA;BOCAMINA;HUARMEY;ANCASH;AIJA;AIJA;222283.00000000000;8919565.00000000000;18.00000000000;WGS84;NO IDENTIFICADO;COMPAÑIA MINERA LINCUNA S.A.;PCPAM UNIDAD MINERA LINCUNA UNO;Bajo;2
36259;-77.5321968270944;-9.75812404354341;19005.00000000000;QUEBRADA HERCULES;LABOR MINERA;BOCAMINA;HUARMEY;ANCASH;AIJA;AIJA;222194.00000000000;8920289.00000000000;18.00000000000;WGS84;NO IDENTIFICADO;COMPAÑIA MINERA LINCUNA S.A.;PCPAM UNIDAD MINERA LINCUNA UNO;Medio;3
36260;-77.533238992728;-9.76222781675025;19006.00000000000;QUEBRADA HERCULES;RESIDUO MINERO;DESMONTE DE MINA;HUARMEY;ANCASH;AIJA;AIJA;222083.00000000000;8919834.00000000000;18.00000000000;WGS84;NO IDENTIFICADO;COMPAÑIA MINERA LINCUNA S.A.;PCPAM UNIDAD MINERA LINCUNA UNO;Bajo;2
36261;-77.5330079894787;-9.76179579248907;19007.00000000000;QUEBRADA HERCULES;RESIDUO MINERO;DESMONTE DE MINA;HUARMEY;ANCASH;AIJA;AIJA;222108.00000000000;8919882.00000000000;18.00000000000;WGS84;NO IDENTIFICADO;COMPAÑIA MINERA LINCUNA S.A.;PCPAM UNIDAD MINERA LINCUNA UNO;Medio;3
36262;-77.5315444719797;-9.7646169761241;19008.00000000000;QUEBRADA HERCULES;RESIDUO MINERO;DESMONTE DE MINA;HUARMEY;ANCASH;AIJA;AIJA;222271.00000000000;8919571.00000000000;18.00000000000;WGS84;NO IDENTIFICADO;COMPAÑIA MINERA LINCUNA S.A.;PCPAM UNIDAD MINERA LINCUNA UNO;Bajo;2
36263;-77.5322435320151;-9.75827731376573;19009.00000000000;QUEBRADA HERCULES;RESIDUO MINERO;DESMONTE DE MINA;HUARMEY;ANCASH;AIJA;AIJA;222189.00000000000;8920272.00000000000;18.00000000000;WGS84;NO IDENTIFICADO;COMPAÑIA MINERA LINCUNA S.A.;PCPAM UNIDAD MINERA LINCUNA UNO;Bajo;2
36264;-77.5325433043825;-9.75816664874645;19010.00000000000;QUEBRADA HERCULES;RESIDUO MINERO;DESMONTE DE MINA;HUARMEY;ANCASH;AIJA;AIJA;222156.00000000000;8920284.00000000000;18.00000000000;WGS84;NO IDENTIFICADO;COMPAÑIA MINERA LINCUNA S.A.;PCPAM UNIDAD MINERA LINCUNA UNO;Bajo;2
36265;-77.5332933047161;-9.76218223100578;19011.00000000000;QUEBRADA HERCULES;LABOR MINERA;TAJEO COMUNICADO;HUARMEY;ANCASH;AIJA;AIJA;222077.00000000000;8919839.00000000000;18.00000000000;WGS84;NO IDENTIFICADO;COMPAÑIA MINERA LINCUNA S.A.;PCPAM UNIDAD MINERA LINCUNA UNO;Medio;3
36266;-77.5324132209471;-9.76264963152551;19012.00000000000;QUEBRADA HERCULES;LABOR MINERA;TAJEO COMUNICADO;HUARMEY;ANCASH;AIJA;AIJA;222174.00000000000;8919788.00000000000;18.00000000000;WGS84;NO IDENTIFICADO;COMPAÑIA MINERA LINCUNA S.A.;PCPAM UNIDAD MINERA LINCUNA UNO;Medio;3
36267;-77.5451679463817;-9.76524730281733;19013.00000000000;QUEBRADA HERCULES;RESIDUO MINERO;DESMONTE DE MINA;HUARMEY;ANCASH;AIJA;AIJA;220776.00000000000;8919490.00000000000;18.00000000000;WGS84;NO IDENTIFICADO;COMPAÑIA MINERA LINCUNA S.A.;PCPAM UNIDAD MINERA LINCUNA UNO;Medio;3
36268;-77.5457762954753;-9.76378791931514;19014.00000000000;QUEBRADA HERCULES;LABOR MINERA;TAJEO COMUNICADO;HUARMEY;ANCASH;AIJA;AIJA;220708.00000000000;8919651.00000000000;18.00000000000;WGS84;NO IDENTIFICADO;COMPAÑIA MINERA LINCUNA S.A.;PCPAM UNIDAD MINERA LINCUNA UNO;Bajo;2
36269;-77.5458595118846;-9.76394994903409;19015.00000000000;QUEBRADA HERCULES;RESIDUO MINERO;DESMONTE DE MINA;HUARMEY;ANCASH;AIJA;AIJA;220699.00000000000;8919633.00000000000;18.00000000000;WGS84;NO IDENTIFICADO;COMPAÑIA MINERA LINCUNA S.A.;PCPAM UNIDAD MINERA LINCUNA UNO;Medio;3
36270;-77.5345755304677;-9.7582780382678;19016.00000000000;QUEBRADA HERCULES;LABOR MINERA;TRINCHERA;HUARMEY;ANCASH;AIJA;AIJA;221933.00000000000;8920270.00000000000;18.00000000000;WGS84;NO IDENTIFICADO;---;---;Bajo;2
36271;-77.5345756671503;-9.75829610986657;19017.00000000000;QUEBRADA HERCULES;RESIDUO MINERO;DESMONTE DE MINA;HUARMEY;ANCASH;AIJA;AIJA;221933.00000000000;8920268.00000000000;18.00000000000;WGS84;NO IDENTIFICADO;---;---;Bajo;2
36272;-77.5466441538263;-9.76291394931642;19018.00000000000;QUEBRADA HERCULES;RESIDUO MINERO;DESMONTE DE MINA;HUARMEY;ANCASH;AIJA;AIJA;220612.00000000000;8919747.00000000000;18.00000000000;WGS84;NO IDENTIFICADO;---;---;Bajo;2
36273;-77.5447566085127;-9.76865704017392;19019.00000000000;QUEBRADA HERCULES;LABOR MINERA;BOCAMINA;HUARMEY;ANCASH;AIJA;AIJA;220824.00000000000;8919113.00000000000;18.00000000000;WGS84;NO IDENTIFICADO;---;---;Bajo;2
36274;-77.5450374772933;-9.76845614195955;19020.00000000000;QUEBRADA HERCULES;RESIDUO MINERO;DESMONTE DE MINA;HUARMEY;ANCASH;AIJA;AIJA;220793.00000000000;8919135.00000000000;18.00000000000;WGS84;NO IDENTIFICADO;---;---;Bajo;2
36275;-77.5377015437136;-9.77170074954724;19021.00000000000;QUEBRADA HERCULES;LABOR MINERA;TAJO;HUARMEY;ANCASH;AIJA;AIJA;221601.00000000000;8918782.00000000000;18.00000000000;WGS84;NO IDENTIFICADO;---;---;Bajo;2
36276;-77.5379018769056;-9.77169021839493;19022.00000000000;QUEBRADA HERCULES;LABOR MINERA;TRINCHERA;HUARMEY;ANCASH;AIJA;AIJA;221579.00000000000;8918783.00000000000;18.00000000000;WGS84;NO IDENTIFICADO;---;---;Bajo;2
36277;-77.5377735947938;-9.77159177654703;19023.00000000000;QUEBRADA HERCULES;RESIDUO MINERO;DESMONTE DE MINA;HUARMEY;ANCASH;AIJA;AIJA;221593.00000000000;8918794.00000000000;18.00000000000;WGS84;NO IDENTIFICADO;---;---;Bajo;2
36278;-77.5384574674918;-9.77167703572744;19024.00000000000;QUEBRADA HERCULES;LABOR MINERA;TAJEO COMUNICADO;HUARMEY;ANCASH;AIJA;AIJA;221518.00000000000;8918784.00000000000;18.00000000000;WGS84;NO IDENTIFICADO;---;---;Bajo;2
36279;-77.5390213442835;-9.77155535502504;19025.00000000000;QUEBRADA HERCULES;LABOR MINERA;TAJEO COMUNICADO;HUARMEY;ANCASH;AIJA;AIJA;221456.00000000000;8918797.00000000000;18.00000000000;WGS84;NO IDENTIFICADO;---;---;Bajo;2
36280;-77.5398139777978;-9.77156750930012;19026.00000000000;QUEBRADA HERCULES;RESIDUO MINERO;DESMONTE DE MINA;HUARMEY;ANCASH;AIJA;AIJA;221369.00000000000;8918795.00000000000;18.00000000000;WGS84;NO IDENTIFICADO;---;---;Bajo;2
36281;-77.5400406092267;-9.77142123653764;19027.00000000000;QUEBRADA HERCULES;RESIDUO MINERO;DESMONTE DE MINA;HUARMEY;ANCASH;AIJA;AIJA;221344.00000000000;8918811.00000000000;18.00000000000;WGS84;NO IDENTIFICADO;---;---;Bajo;2
36282;-77.5399589698164;-9.77146702757044;19028.00000000000;QUEBRADA HERCULES;LABOR MINERA;BOCAMINA;HUARMEY;ANCASH;AIJA;AIJA;221353.00000000000;8918806.00000000000;18.00000000000;WGS84;NO IDENTIFICADO;---;---;Bajo;2
36283;-77.5404588753243;-9.77131871363921;19029.00000000000;QUEBRADA HERCULES;LABOR MINERA;TAJEO COMUNICADO;HUARMEY;ANCASH;AIJA;AIJA;221298.00000000000;8918822.00000000000;18.00000000000;WGS84;NO IDENTIFICADO;---;---;Medio;3
36284;-77.5321579873899;-9.76503711914393;19030.00000000000;QUEBRADA HERCULES;LABOR MINERA;CHIMENEA;HUARMEY;ANCASH;AIJA;AIJA;222204.00000000000;8919524.00000000000;18.00000000000;WGS84;NO IDENTIFICADO;---;---;Bajo;2
36285;-77.532144620492;-9.76567879739793;19031.00000000000;QUEBRADA HERCULES;LABOR MINERA;TAJEO COMUNICADO;HUARMEY;ANCASH;AIJA;AIJA;222206.00000000000;8919453.00000000000;18.00000000000;WGS84;NO IDENTIFICADO;---;---;Bajo;2
36286;-77.5321484000952;-9.76497393622881;19032.00000000000;QUEBRADA HERCULES;RESIDUO MINERO;DESMONTE DE MINA;HUARMEY;ANCASH;AIJA;AIJA;222205.00000000000;8919531.00000000000;18.00000000000;WGS84;NO IDENTIFICADO;---;---;Bajo;2
36287;-77.5328663536852;-9.765953552113;19033.00000000000;QUEBRADA HERCULES;LABOR MINERA;PIQUE;HUARMEY;ANCASH;AIJA;AIJA;222127.00000000000;8919422.00000000000;18.00000000000;WGS84;NO IDENTIFICADO;---;---;Bajo;2
36288;-77.5322900918801;-9.76564156965362;19034.00000000000;QUEBRADA HERCULES;RESIDUO MINERO;DESMONTE DE MINA;HUARMEY;ANCASH;AIJA;AIJA;222190.00000000000;8919457.00000000000;18.00000000000;WGS84;NO IDENTIFICADO;---;---;Bajo;2
36289;-77.53293086889;-9.76605247137982;19035.00000000000;QUEBRADA HERCULES;RESIDUO MINERO;DESMONTE DE MINA;HUARMEY;ANCASH;AIJA;AIJA;222120.00000000000;8919411.00000000000;18.00000000000;WGS84;NO IDENTIFICADO;---;---;Bajo;2
36290;-77.5323018659384;-9.76599389851453;19036.00000000000;QUEBRADA HERCULES;LABOR MINERA;TAJEO COMUNICADO;HUARMEY;ANCASH;AIJA;AIJA;222189.00000000000;8919418.00000000000;18.00000000000;WGS84;NO IDENTIFICADO;---;---;Bajo;2
36291;-77.5324393217922;-9.76610131142721;19038.00000000000;QUEBRADA HERCULES;RESIDUO MINERO;DESMONTE DE MINA;HUARMEY;ANCASH;AIJA;AIJA;222174.00000000000;8919406.00000000000;18.00000000000;WGS84;NO IDENTIFICADO;---;---;Bajo;2
36292;-77.534610900126;-9.76656406765444;19039.00000000000;QUEBRADA HERCULES;LABOR MINERA;TAJEO COMUNICADO;HUARMEY;ANCASH;AIJA;AIJA;221936.00000000000;8919353.00000000000;18.00000000000;WGS84;NO IDENTIFICADO;---;---;Medio;3
36293;-77.534610900126;-9.76656406765444;19040.00000000000;QUEBRADA HERCULES;RESIDUO MINERO;DESMONTE DE MINA;HUARMEY;ANCASH;AIJA;AIJA;221936.00000000000;8919353.00000000000;18.00000000000;WGS84;NO IDENTIFICADO;---;---;Bajo;2
36294;-77.5384355986789;-9.76518915126039;19042.00000000000;QUEBRADA HERCULES;LABOR MINERA;TRINCHERA;HUARMEY;ANCASH;AIJA;AIJA;221515.00000000000;8919502.00000000000;18.00000000000;WGS84;NO IDENTIFICADO;---;---;Medio;3
36295;-77.5385370989991;-9.76536008344958;19043.00000000000;QUEBRADA HERCULES;RESIDUO MINERO;DESMONTE DE MINA;HUARMEY;ANCASH;AIJA;AIJA;221504.00000000000;8919483.00000000000;18.00000000000;WGS84;NO IDENTIFICADO;---;---;Bajo;2
36296;-77.5466577687979;-9.76230842031597;19044.00000000000;QUEBRADA HERCULES;LABOR MINERA;TAJEO COMUNICADO;HUARMEY;ANCASH;AIJA;AIJA;220610.00000000000;8919814.00000000000;18.00000000000;WGS84;NO IDENTIFICADO;---;---;Medio;3
36297;-77.5467492694925;-9.76236195313157;19045.00000000000;QUEBRADA HERCULES;RESIDUO MINERO;DESMONTE DE MINA;HUARMEY;ANCASH;AIJA;AIJA;220600.00000000000;8919808.00000000000;18.00000000000;WGS84;NO IDENTIFICADO;---;---;Bajo;2
36298;-77.5455480922897;-9.76372637247403;19046.00000000000;QUEBRADA HERCULES;LABOR MINERA;TRINCHERA;HUARMEY;ANCASH;AIJA;AIJA;220733.00000000000;8919658.00000000000;18.00000000000;WGS84;NO IDENTIFICADO;---;---;Medio;3
36299;-77.545326275692;-9.76450514747927;19047.00000000000;QUEBRADA HERCULES;LABOR MINERA;BOCAMINA;HUARMEY;ANCASH;AIJA;AIJA;220758.00000000000;8919572.00000000000;18.00000000000;WGS84;NO IDENTIFICADO;---;---;Medio;3
36300;-77.5450621169855;-9.76450712296427;19048.00000000000;QUEBRADA HERCULES;LABOR MINERA;BOCAMINA;HUARMEY;ANCASH;AIJA;AIJA;220787.00000000000;8919572.00000000000;18.00000000000;WGS84;NO IDENTIFICADO;---;---;Medio;3
36301;-77.5452635433662;-9.76464116015153;19049.00000000000;QUEBRADA HERCULES;RESIDUO MINERO;DESMONTE DE MINA;HUARMEY;ANCASH;AIJA;AIJA;220765.00000000000;8919557.00000000000;18.00000000000;WGS84;NO IDENTIFICADO;---;---;Medio;3
36302;-77.5379660404501;-9.76693665585311;19050.00000000000;QUEBRADA HERCULES;LABOR MINERA;BOCAMINA;HUARMEY;ANCASH;AIJA;AIJA;221568.00000000000;8919309.00000000000;18.00000000000;WGS84;NO IDENTIFICADO;---;---;Medio;3
36303;-77.5379843270217;-9.76694555573632;19051.00000000000;QUEBRADA HERCULES;RESIDUO MINERO;DESMONTE DE MINA;HUARMEY;ANCASH;AIJA;AIJA;221566.00000000000;8919308.00000000000;18.00000000000;WGS84;NO IDENTIFICADO;---;---;Medio;3
36304;-77.5435107526237;-9.77013926487898;19052.00000000000;QUEBRADA HERCULES;RESIDUO MINERO;DESMONTE DE MINA;HUARMEY;ANCASH;AIJA;AIJA;220962.00000000000;8918950.00000000000;18.00000000000;WGS84;NO IDENTIFICADO;---;---;Medio;3
36305;-77.5441450230401;-9.76969174573417;19053.00000000000;QUEBRADA HERCULES;RESIDUO MINERO;DESMONTE DE MINA;HUARMEY;ANCASH;AIJA;AIJA;220892.00000000000;8918999.00000000000;18.00000000000;WGS84;NO IDENTIFICADO;---;---;Medio;3
36306;-77.5424944681389;-9.77186375023674;19054.00000000000;QUEBRADA HERCULES;LABOR MINERA;TAJEO COMUNICADO;HUARMEY;ANCASH;AIJA;AIJA;221075.00000000000;8918760.00000000000;18.00000000000;WGS84;NO IDENTIFICADO;---;---;Medio;3
36307;-77.5410302811357;-9.77098913970872;19055.00000000000;QUEBRADA HERCULES;RESIDUO MINERO;DESMONTE DE MINA;HUARMEY;ANCASH;AIJA;AIJA;221235.00000000000;8918858.00000000000;18.00000000000;WGS84;NO IDENTIFICADO;---;---;Bajo;2
36308;-77.5543874383448;-9.76176255281457;19056.00000000000;QUEBRADA HERCULES;LABOR MINERA;TRINCHERA;HUARMEY;ANCASH;AIJA;AIJA;219761.00000000000;8919868.00000000000;18.00000000000;WGS84;NO IDENTIFICADO;---;---;Bajo;2
36309;-77.5502574308825;-9.75891096823393;19057.00000000000;QUEBRADA HERCULES;RESIDUO MINERO;DESMONTE DE MINA;HUARMEY;ANCASH;AIJA;AIJA;220212.00000000000;8920187.00000000000;18.00000000000;WGS84;NO IDENTIFICADO;---;---;Alto;4
36310;-77.5438148649412;-9.75860674320778;19058.00000000000;QUEBRADA HERCULES;LABOR MINERA;BOCAMINA;HUARMEY;ANCASH;AIJA;AIJA;220919.00000000000;8920226.00000000000;18.00000000000;WGS84;NO IDENTIFICADO;---;---;Medio;3
36311;-77.5424469449809;-9.75360183634757;19059.00000000000;QUEBRADA HERCULES;LABOR MINERA;BOCAMINA;HUARMEY;ANCASH;AIJA;AIJA;221065.00000000000;8920781.00000000000;18.00000000000;WGS84;NO IDENTIFICADO;---;---;Medio;3
36312;-77.5424568073502;-9.75370116158619;19060.00000000000;QUEBRADA HERCULES;RESIDUO MINERO;DESMONTE DE MINA;HUARMEY;ANCASH;AIJA;AIJA;221064.00000000000;8920770.00000000000;18.00000000000;WGS84;NO IDENTIFICADO;---;---;Bajo;2
36313;-77.5428584045241;-9.75260477758282;19061.00000000000;QUEBRADA HERCULES;LABOR MINERA;BOCAMINA;HUARMEY;ANCASH;AIJA;AIJA;221019.00000000000;8920891.00000000000;18.00000000000;WGS84;NO IDENTIFICADO;---;---;Medio;3
36314;-77.542859980589;-9.75281259969582;19062.00000000000;QUEBRADA HERCULES;LABOR MINERA;TRINCHERA;HUARMEY;ANCASH;AIJA;AIJA;221019.00000000000;8920868.00000000000;18.00000000000;WGS84;NO IDENTIFICADO;---;---;Medio;3
36315;-77.5428785404585;-9.75285764246039;19063.00000000000;QUEBRADA HERCULES;RESIDUO MINERO;DESMONTE DE MINA;HUARMEY;ANCASH;AIJA;AIJA;221017.00000000000;8920863.00000000000;18.00000000000;WGS84;NO IDENTIFICADO;---;---;Bajo;2
36316;-77.5357980813067;-9.75973281765959;19065.00000000000;QUEBRADA HERCULES;LABOR MINERA;TRINCHERA;HUARMEY;ANCASH;AIJA;AIJA;221800.00000000000;8920108.00000000000;18.00000000000;WGS84;NO IDENTIFICADO;---;---;Bajo;2
36317;-77.5358160254826;-9.75969653882742;19066.00000000000;QUEBRADA HERCULES;RESIDUO MINERO;DESMONTE DE MINA;HUARMEY;ANCASH;AIJA;AIJA;221798.00000000000;8920112.00000000000;18.00000000000;WGS84;NO IDENTIFICADO;---;---;Bajo;2
36318;-77.5341889202122;-9.76256412621941;19067.00000000000;QUEBRADA HERCULES;LABOR MINERA;TRINCHERA;HUARMEY;ANCASH;AIJA;AIJA;221979.00000000000;8919796.00000000000;18.00000000000;WGS84;NO IDENTIFICADO;---;---;Medio;3
36319;-77.5315016590698;-9.76497874760173;19068.00000000000;QUEBRADA HERCULES;LABOR MINERA;TRINCHERA;HUARMEY;ANCASH;AIJA;AIJA;222276.00000000000;8919531.00000000000;18.00000000000;WGS84;NO IDENTIFICADO;---;---;Bajo;2
36320;-77.5315219946704;-9.76525872242075;19069.00000000000;QUEBRADA HERCULES;LABOR MINERA;TRINCHERA;HUARMEY;ANCASH;AIJA;AIJA;222274.00000000000;8919500.00000000000;18.00000000000;WGS84;NO IDENTIFICADO;---;---;Bajo;2
36321;-77.5316050689964;-9.76540268563843;19070.00000000000;QUEBRADA HERCULES;LABOR MINERA;CHIMENEA;HUARMEY;ANCASH;AIJA;AIJA;222265.00000000000;8919484.00000000000;18.00000000000;WGS84;NO IDENTIFICADO;---;---;Medio;3
36322;-77.5428860044651;-9.75264071663054;19071.00000000000;QUEBRADA HERCULES;RESIDUO MINERO;DESMONTE DE MINA;HUARMEY;ANCASH;AIJA;AIJA;221016.00000000000;8920887.00000000000;18.00000000000;WGS84;NO IDENTIFICADO;---;---;Bajo;2
36323;-77.5555445883815;-9.76299182311561;19072.00000000000;QUEBRADA HERCULES;RESIDUO MINERO;DESMONTE DE MINA;HUARMEY;ANCASH;AIJA;AIJA;219635.00000000000;8919731.00000000000;18.00000000000;WGS84;NO IDENTIFICADO;---;---;Alto;4
36324;-77.4823541391309;-9.79801727398457;19073.00000000000;LA FLORIDA;LABOR MINERA;TAJEO COMUNICADO;SANTA;ANCASH;RECUAY;TICAPAMPA;227698.00000000000;8915915.00000000000;18.00000000000;WGS84;NO IDENTIFICADO;COMPAÑIA MINERA LINCUNA S.A.;PCPAM DE LA UNIDAD MINERA LINCUNA TRES;Medio;3
36325;-77.4821133741494;-9.79749491088538;19074.00000000000;LA FLORIDA;LABOR MINERA;TAJEO COMUNICADO;SANTA;ANCASH;RECUAY;TICAPAMPA;227724.00000000000;8915973.00000000000;18.00000000000;WGS84;NO IDENTIFICADO;COMPAÑIA MINERA LINCUNA S.A.;PCPAM DE LA UNIDAD MINERA LINCUNA TRES;Bajo;2
36326;-77.4851505671759;-9.79304473374552;19075.00000000000;LA FLORIDA;LABOR MINERA;BOCAMINA;SANTA;ANCASH;RECUAY;TICAPAMPA;227387.00000000000;8916463.00000000000;18.00000000000;WGS84;NO IDENTIFICADO;---;---;Bajo;2
36327;-77.5043367662627;-9.7844545836474;19077.00000000000;LA NEGRA COLLARAGRA;RESIDUO MINERO;DESMONTE DE MINA;SANTA;ANCASH;RECUAY;TICAPAMPA;225274.00000000000;8917398.00000000000;18.00000000000;WGS84;NO IDENTIFICADO;COMPAÑIA MINERA LINCUNA S.A.;PCPAM DE LA UNIDAD MINERA LINCUNA DOS;Medio;3
36328;-77.5034242068049;-9.78303354304261;19078.00000000000;LA NEGRA COLLARAGRA;LABOR MINERA;BOCAMINA;SANTA;ANCASH;RECUAY;TICAPAMPA;225373.00000000000;8917556.00000000000;18.00000000000;WGS84;NO IDENTIFICADO;---;---;Alto;4
36329;-77.503194611753;-9.78157132113293;19079.00000000000;LA NEGRA COLLARAGRA;LABOR MINERA;BOCAMINA;SANTA;ANCASH;RECUAY;TICAPAMPA;225397.00000000000;8917718.00000000000;18.00000000000;WGS84;NO IDENTIFICADO;---;---;Medio;3
36330;-77.5031013499312;-9.78128284002734;19080.00000000000;LA NEGRA COLLARAGRA;RESIDUO MINERO;DESMONTE DE MINA;SANTA;ANCASH;RECUAY;TICAPAMPA;225407.00000000000;8917750.00000000000;18.00000000000;WGS84;NO IDENTIFICADO;---;---;Bajo;2
36331;-77.5037436965281;-9.78190162601808;19081.00000000000;LA NEGRA COLLARAGRA;LABOR MINERA;TAJEO COMUNICADO;SANTA;ANCASH;RECUAY;TICAPAMPA;225337.00000000000;8917681.00000000000;18.00000000000;WGS84;NO IDENTIFICADO;---;---;Bajo;2
36332;-77.5039962236676;-9.7827763054504;19082.00000000000;LA NEGRA COLLARAGRA;RESIDUO MINERO;DESMONTE DE MINA;SANTA;ANCASH;RECUAY;TICAPAMPA;225310.00000000000;8917584.00000000000;18.00000000000;WGS84;NO IDENTIFICADO;---;---;Bajo;2
36333;-77.5039051942653;-9.78278601286221;19083.00000000000;LA NEGRA COLLARAGRA;LABOR MINERA;TRINCHERA;SANTA;ANCASH;RECUAY;TICAPAMPA;225320.00000000000;8917583.00000000000;18.00000000000;WGS84;NO IDENTIFICADO;---;---;Bajo;2
36334;-77.5034785944108;-9.78299699625197;19084.00000000000;LA NEGRA COLLARAGRA;RESIDUO MINERO;DESMONTE DE MINA;SANTA;ANCASH;RECUAY;TICAPAMPA;225367.00000000000;8917560.00000000000;18.00000000000;WGS84;NO IDENTIFICADO;---;---;Bajo;2
36335;-77.5029798604225;-9.78330791226362;19085.00000000000;LA NEGRA COLLARAGRA;RESIDUO MINERO;DESMONTE DE MINA;SANTA;ANCASH;RECUAY;TICAPAMPA;225422.00000000000;8917526.00000000000;18.00000000000;WGS84;NO IDENTIFICADO;---;---;Bajo;2
36336;-77.5030075279491;-9.78335289093904;19086.00000000000;LA NEGRA COLLARAGRA;LABOR MINERA;CHIMENEA;SANTA;ANCASH;RECUAY;TICAPAMPA;225419.00000000000;8917521.00000000000;18.00000000000;WGS84;NO IDENTIFICADO;---;---;Medio;3
36337;-77.502815479297;-9.78325490431365;19087.00000000000;LA NEGRA COLLARAGRA;RESIDUO MINERO;DESMONTE DE MINA;SANTA;ANCASH;RECUAY;TICAPAMPA;225440.00000000000;8917532.00000000000;18.00000000000;WGS84;NO IDENTIFICADO;---;---;Bajo;2
36338;-77.5027882854285;-9.78327317767058;19088.00000000000;LA NEGRA COLLARAGRA;LABOR MINERA;BOCAMINA;SANTA;ANCASH;RECUAY;TICAPAMPA;225443.00000000000;8917530.00000000000;18.00000000000;WGS84;NO IDENTIFICADO;---;---;Medio;3
36339;-77.6868253828342;-9.6939452279551;19099.00000000000;HUYNAC;RESIDUO MINERO;DESMONTE DE MINA;HUARMEY;ANCASH;AIJA;AIJA;205162.00000000000;8927261.00000000000;18.00000000000;WGS84;NO IDENTIFICADO;---;---;Medio;3
36340;-77.679135456736;-9.69115026258321;19101.00000000000;JONCOJIRCA;LABOR MINERA;TRINCHERA;HUARMEY;ANCASH;AIJA;LA MERCED;206004.00000000000;8927577.00000000000;18.00000000000;WGS84;NO IDENTIFICADO;---;---;Medio;3
36341;-77.6789177744325;-9.69126038807898;19102.00000000000;JONCOJIRCA;RESIDUO MINERO;DESMONTE DE MINA;HUARMEY;ANCASH;AIJA;LA MERCED;206028.00000000000;8927565.00000000000;18.00000000000;WGS84;NO IDENTIFICADO;---;---;Medio;3
36342;-77.521242724469;-9.76114214513014;19115.00000000000;JESUS;LABOR MINERA;BOCAMINA;SANTA;ANCASH;RECUAY;RECUAY;223399.00000000000;8919964.00000000000;18.00000000000;WGS84;NO IDENTIFICADO;COMPAÑIA MINERA LINCUNA S.A.;PCPAM DE LA UNIDAD MINERA LINCUNA UNO;Medio;3
36343;-77.522697528618;-9.76320070063135;19116.00000000000;JESUS;LABOR MINERA;BOCAMINA;SANTA;ANCASH;RECUAY;RECUAY;223241.00000000000;8919735.00000000000;18.00000000000;WGS84;NO IDENTIFICADO;COMPAÑIA MINERA LINCUNA S.A.;PCPAM DE LA UNIDAD MINERA LINCUNA UNO;Medio;3
36344;-77.5326113868633;-9.76114812818876;19117.00000000000;QUEBRADA HERCULES;LABOR MINERA;BOCAMINA;HUARMEY;ANCASH;AIJA;AIJA;222151.00000000000;8919954.00000000000;18.00000000000;WGS84;NO IDENTIFICADO;COMPAÑIA MINERA LINCUNA S.A.;PCPAM UNIDAD MINERA LINCUNA UNO;Medio;3
36345;-77.5290596860772;-9.76248480023824;19118.00000000000;JESUS;RESIDUO MINERO;DESMONTE DE MINA;SANTA;ANCASH;RECUAY;RECUAY;222542.00000000000;8919809.00000000000;18.00000000000;WGS84;NO IDENTIFICADO;COMPAÑIA MINERA LINCUNA S.A.;PCPAM DE LA UNIDAD MINERA LINCUNA UNO;Medio;3
36346;-77.5286098673073;-9.76202728821324;19119.00000000000;JESUS;RESIDUO MINERO;DESMONTE DE MINA;SANTA;ANCASH;RECUAY;RECUAY;222591.00000000000;8919860.00000000000;18.00000000000;WGS84;NO IDENTIFICADO;COMPAÑIA MINERA LINCUNA S.A.;PCPAM DE LA UNIDAD MINERA LINCUNA UNO;Medio;3
36347;-77.5267435030938;-9.75975494732011;19120.00000000000;JESUS;RESIDUO MINERO;DESMONTE DE MINA;SANTA;ANCASH;RECUAY;RECUAY;222794.00000000000;8920113.00000000000;18.00000000000;WGS84;NO IDENTIFICADO;COMPAÑIA MINERA LINCUNA S.A.;PCPAM DE LA UNIDAD MINERA LINCUNA UNO;Bajo;2
36348;-77.520836559066;-9.76164215459874;19121.00000000000;JESUS;RESIDUO MINERO;DESMONTE DE MINA;SANTA;ANCASH;RECUAY;RECUAY;223444.00000000000;8919909.00000000000;18.00000000000;WGS84;NO IDENTIFICADO;COMPAÑIA MINERA LINCUNA S.A.;PCPAM DE LA UNIDAD MINERA LINCUNA UNO;Bajo;2
36349;-77.5214688172407;-9.76092359728643;19122.00000000000;JESUS;RESIDUO MINERO;DESMONTE DE MINA;SANTA;ANCASH;RECUAY;RECUAY;223374.00000000000;8919988.00000000000;18.00000000000;WGS84;NO IDENTIFICADO;COMPAÑIA MINERA LINCUNA S.A.;PCPAM DE LA UNIDAD MINERA LINCUNA UNO;Medio;3
36350;-77.5223120908139;-9.76282402873792;19123.00000000000;JESUS;RESIDUO MINERO;DESMONTE DE MINA;SANTA;ANCASH;RECUAY;RECUAY;223283.00000000000;8919777.00000000000;18.00000000000;WGS84;NO IDENTIFICADO;COMPAÑIA MINERA LINCUNA S.A.;PCPAM DE LA UNIDAD MINERA LINCUNA UNO;Bajo;2
36351;-77.5227419849312;-9.76305578900449;19124.00000000000;JESUS;RESIDUO MINERO;DESMONTE DE MINA;SANTA;ANCASH;RECUAY;RECUAY;223236.00000000000;8919751.00000000000;18.00000000000;WGS84;NO IDENTIFICADO;COMPAÑIA MINERA LINCUNA S.A.;PCPAM DE LA UNIDAD MINERA LINCUNA UNO;Medio;3
36352;-77.532404863443;-9.76274909322625;19126.00000000000;QUEBRADA HERCULES;RESIDUO MINERO;DESMONTE DE MINA;HUARMEY;ANCASH;AIJA;AIJA;222175.00000000000;8919777.00000000000;18.00000000000;WGS84;NO IDENTIFICADO;COMPAÑIA MINERA LINCUNA S.A.;PCPAM UNIDAD MINERA LINCUNA UNO;Medio;3
36353;-77.53253810567;-9.7610944553922;19127.00000000000;QUEBRADA HERCULES;RESIDUO MINERO;DESMONTE DE MINA;HUARMEY;ANCASH;AIJA;AIJA;222159.00000000000;8919960.00000000000;18.00000000000;WGS84;NO IDENTIFICADO;COMPAÑIA MINERA LINCUNA S.A.;PCPAM UNIDAD MINERA LINCUNA UNO;Alto;4
36354;-77.5337468342285;-9.76186511492962;19129.00000000000;QUEBRADA HERCULES;RESIDUO MINERO;DESMONTE DE MINA;HUARMEY;ANCASH;AIJA;AIJA;222026.95000000001;8919873.72000000067;18.00000000000;WGS84;NO IDENTIFICADO;COMPAÑIA MINERA LINCUNA S.A.;PCPAM UNIDAD MINERA LINCUNA UNO;Medio;3
36355;-77.5294285487198;-9.76307845804153;19130.00000000000;JESUS;LABOR MINERA;TRINCHERA;SANTA;ANCASH;RECUAY;RECUAY;222502.00000000000;8919743.00000000000;18.00000000000;WGS84;NO IDENTIFICADO;COMPAÑIA MINERA LINCUNA S.A.;PCPAM DE LA UNIDAD MINERA LINCUNA UNO;Alto;4
36356;-77.5300881131872;-9.76235968566589;19131.00000000000;JESUS;LABOR MINERA;TRINCHERA;SANTA;ANCASH;RECUAY;RECUAY;222429.00000000000;8919822.00000000000;18.00000000000;WGS84;NO IDENTIFICADO;COMPAÑIA MINERA LINCUNA S.A.;PCPAM DE LA UNIDAD MINERA LINCUNA UNO;Alto;4
36357;-77.5207825169156;-9.76172388233697;19132.00000000000;JESUS;LABOR MINERA;TRINCHERA;SANTA;ANCASH;RECUAY;RECUAY;223450.00000000000;8919900.00000000000;18.00000000000;WGS84;NO IDENTIFICADO;COMPAÑIA MINERA LINCUNA S.A.;PCPAM DE LA UNIDAD MINERA LINCUNA UNO;Alto;4
36358;-77.5221029911666;-9.76287979640241;19133.00000000000;JESUS;LABOR MINERA;TRINCHERA;SANTA;ANCASH;RECUAY;RECUAY;223306.00000000000;8919771.00000000000;18.00000000000;WGS84;NO IDENTIFICADO;COMPAÑIA MINERA LINCUNA S.A.;PCPAM DE LA UNIDAD MINERA LINCUNA UNO;Alto;4
36359;-77.4830083821378;-9.82468859779569;19134.00000000000;SAN SALVADOR;LABOR MINERA;BOCAMINA;SANTA;ANCASH;RECUAY;CATAC;227648.00000000000;8912963.00000000000;18.00000000000;WGS84;NO IDENTIFICADO;COMPAÑIA MINERA LINCUNA S.A.;PCPAM DE LA UNIDAD MINERA LINCUNA TRES;Medio;3
36360;-77.4820687358686;-9.82453283297764;19135.00000000000;SAN SALVADOR;RESIDUO MINERO;DESMONTE DE MINA;SANTA;ANCASH;RECUAY;CATAC;227751.00000000000;8912981.00000000000;18.00000000000;WGS84;NO IDENTIFICADO;COMPAÑIA MINERA LINCUNA S.A.;PCPAM DE LA UNIDAD MINERA LINCUNA TRES;Medio;3
36361;-77.4824578803026;-9.82417754986661;19136.00000000000;SAN SALVADOR;LABOR MINERA;TRINCHERA;SANTA;ANCASH;RECUAY;CATAC;227708.00000000000;8913020.00000000000;18.00000000000;WGS84;NO IDENTIFICADO;COMPAÑIA MINERA LINCUNA S.A.;PCPAM DE LA UNIDAD MINERA LINCUNA TRES;Medio;3
36362;-77.4819378126152;-9.82408196213938;19137.00000000000;SAN SALVADOR;LABOR MINERA;TRINCHERA;SANTA;ANCASH;RECUAY;CATAC;227765.00000000000;8913031.00000000000;18.00000000000;WGS84;NO IDENTIFICADO;COMPAÑIA MINERA LINCUNA S.A.;PCPAM DE LA UNIDAD MINERA LINCUNA TRES;Muy alto;5
36363;-78.1537200486664;-8.46406421653182;1353.00000000000;LA GALGADA;RESIDUO MINERO;DESMONTE DE MINA;SANTA;ANCASH;PALLASCA;TAUCA;813417.00000000000;9063252.00000000000;17.00000000000;WGS84;NO IDENTIFICADO;---;---;Bajo;2
36364;-78.1545704808554;-8.4631759856422;1354.00000000000;LA GALGADA;INFRAESTRUCTURA;PLANTAS DE PROCESAMIENTO;SANTA;ANCASH;PALLASCA;TAUCA;813324.00000000000;9063351.00000000000;17.00000000000;WGS84;NO IDENTIFICADO;---;---;Bajo;2
36365;-78.0982990332347;-8.66115186886209;1425.00000000000;PLANTA DE FUNDICION CASA BLANCA;RESIDUO MINERO;DESMONTE DE MINA;SANTA;ANCASH;SANTA;MACATE;819360.00000000000;9041391.00000000000;17.00000000000;WGS84;NO IDENTIFICADO;---;---;Bajo;2
36366;-78.0976611485194;-8.66146321622794;1426.00000000000;PLANTA DE FUNDICION CASA BLANCA;RESIDUO MINERO;ESCORIAS;SANTA;ANCASH;SANTA;MACATE;819430.00000000000;9041356.00000000000;17.00000000000;WGS84;NO IDENTIFICADO;---;---;Bajo;2
36367;-78.0980255850704;-8.66129433703061;1427.00000000000;PLANTA DE FUNDICION CASA BLANCA;INFRAESTRUCTURA;PLANTAS DE PROCESAMIENTO;SANTA;ANCASH;SANTA;MACATE;819390.00000000000;9041375.00000000000;17.00000000000;WGS84;NO IDENTIFICADO;---;---;Bajo;2
36368;-78.0052088541669;-8.34742492686761;9092.00000000000;CUCHUPAYCO;LABOR MINERA;BOCAMINA;SANTA;ANCASH;PALLASCA;BOLOGNESI;829883.00000000000;9076041.00000000000;17.00000000000;WGS84;NO IDENTIFICADO;---;---;Insignificante;1
36369;-78.0068042534002;-8.34755442724168;9095.00000000000;CUCHUPAYCO;LABOR MINERA;BOCAMINA;SANTA;ANCASH;PALLASCA;BOLOGNESI;829707.00000000000;9076028.00000000000;17.00000000000;WGS84;NO IDENTIFICADO;---;---;Bajo;2
