ID_registro;N;UBIGEO;DEPARTAMENTO;PROVINCIA;DISTRITO;RUC;MUNI_ADMINISTRA;COD_UF;DENOMINACIÓN;ZONA;ESTE;NORTE;PERIMETRO;ÁREA_M2;ÁREA_HA;MUNI_DISPONEN;CANT_DISP;SEGREGA;CRIANZA_ANIM;QUEMA_RRSS;RRSS_SALUD;RRSS_INDU;AGUAJAL;BOFEDAL;PANTANO;AMORTIGUAMIENTO_ANP;ANP;CATEGORIA;AÑO_INCORPORACION;DOCUMENTO_INCORPORACION;DOCUMENTO_ACTUALIZACION;PLAN_RECUPERACION_RECONVERSION
36370;1;10201;Amazonas;Bagua;Bagua;20156003060;MUNICIPALIDAD PROVINCIAL BAGUA;UF0010607;Botadero Sector La Curva - Pasamayito;17;774198.0;9378758.0;609.159897;22690.724607;2.2690724607;Municipalidad distrital de Bagua, Municipalidad distrital de La Peca, Municipalidad distrital de El Parco, Municipalidad distrital de Copallin Y Municipalidad distrital de Aramango;18.64;No;No;No;Si;Si;No;No;No;No;No;Recuperación;2018;RCD N°026 -2018-OEFA/CD;;R.G.G.A. N° 004-2022-MPB-GGARS
36371;2;10205;Amazonas;Bagua;Imaza;20178082141;MUNICIPALIDAD DISTRITAL DE IMAZA;UF0009608;Botadero de Imaza;17;800200.0;9430633.0;74.749361;443.507223;0.044351;Municipalidad distrital de Imaza;6;No;No;No;Si;Si;No;No;No;No;No;Recuperación;2018;RCD N°026 -2018-OEFA/CD;;
36372;3;10306;Amazonas;Bongará;Florida;20165784287;MUNICIPALIDAD DISTRITAL DE FLORIDA;UF0009599;Botadero de Florida;18;170067.0;9352139.0;506.767869;15691.138342;1.569114;Municipalidad distrital de Florida;2.38;No;No;No;Si;No;No;No;No;No;No;Recuperación;2018;RCD N°026 -2018-OEFA/CD;;
36373;4;10307;Amazonas;Bongará;Jazan;20168006277;MUNICIPALIDAD DISTRITAL DE JAZAN;UF0009641;Botadero Sector Ñull;18;171806.0;9341396.0;218.984762;1451.432952;0.145143;Municipalidad distrital de Jazan, Municipalidad distrital de San Carlos, Municipalidad distrital de Churuja, Municipalidad distrital de Cuispes;1.61;No;No;No;Si;Si;No;No;No;No;No;Recuperación;2018;RCD N°026 -2018-OEFA/CD;;
36374;5;10301;Amazonas;Bongará;Jumbilla;20168772638;MUNICIPALIDAD PROVINCIAL DE BONGARA;UF0010713;Botadero Sector Tayaloma;18;189624.0;9347639.0;621.579952;26315.50826;2.631551;Municipalidad distrital de Bongara, Municipalidad distrital de Chisquilla, Municipalidad distrital de La Recta;1.92;Si;No;No;No;No;No;No;No;No;No;Recuperación;2018;RCD N°026 -2018-OEFA/CD;;
36375;6;10301;Amazonas;Bongará;Jumbilla;20165783809;MUNICIPALIDAD DISTRITAL DE CHISQUILLA;UF0010284;Botadero S/N;18;189882.0;9347970.0;247.580499;3669.485782;0.366949;Municipalidad distrital de Recta, Municipalidad distrital de Chisquilla, Municipalidad distrital de Corosha;6;Si;No;No;Si;Si;No;No;No;No;No;Recuperación;2018;RCD N°026 -2018-OEFA/CD;;
36376;7;10301;Amazonas;Bongará;Jumbilla;20223938125;MUNICIPALIDAD DISTRITAL DE CHILIQUIN;UF0009507;Botadero Chiliquín;18;190508.0;9324563.0;6.005311;2.869863;0.000287;Municipalidad distrital de Chiliquín;0.0015;No;No;No;No;No;No;No;No;No;No;Recuperación;2018;RCD N°026 -2018-OEFA/CD;;
36377;8;10310;Amazonas;Bongará;Shipasbamba;20165779798;MUNICIP DISTRITAL DE SHIPASBAMBA;UF0010595;Botadero Sector Huarangopata;18;169723.0;9344887.0;195.208433;2385.758245;0.238576;Municipalidad distrital de Shipasbamba;1;No;No;No;No;No;No;No;No;No;No;Recuperación;2018;RCD N°026 -2018-OEFA/CD;;
36378;9;10311;Amazonas;Bongará;Valera;20185603645;MUNICIPALIDAD DISTRITAL DE VALERA;UF0009663;Botadero de Valera;18;177407.0;9329251.0;117.057549;912.824184;0.091282;Municipalidad distrital de Valera;No Precisa;No;No;No;No;No;No;No;No;No;No;Recuperación;2018;RCD N°026 -2018-OEFA/CD;;
36379;10;10312;Amazonas;Bongará;Yambrasbamba;20165782233;MUNICIPALIDAD DISTRITAL YAMBRASBAMBA;UF0009665;Botadero de Yambrasbamba;18;175464.0;9365939.0;192.057209;2313.793443;0.231379;Municipalidad distrital de Yambrasbamba;0.8;Si;No;No;Si;No;No;No;No;No;No;Recuperación;2018;RCD N°026 -2018-OEFA/CD;;
36380;11;10312;Amazonas;Bongará;Yambrasbamba;20165782233;MUNICIPALIDAD DISTRITAL YAMBRASBAMBA;UF0037730;Botadero Sector El Mirador;18;171838.0;9374431.0;981.85;41400;4.14;Municipalidad distrital Yambrasbamba;0.42;Si;No;Si;Si;No;No;No;No;No;No;Recuperación;2024;Resolución N° 003-2024-OEFA/DSIS;;
36381;12;10103;Amazonas;Chachapoyas;Balsas;20165779879;MUNICIPALIDAD DISTRITAL DE BALSAS;UF0009574;Botadero de Balsas;17;829909.0;9244293.0;144.009361;1210.905069;0.121091;Municipalidad distrital de Balsas;0.08;Si;Si;No;No;No;No;No;No;No;No;Recuperación;2018;RCD N°026 -2018-OEFA/CD;;
36382;13;10101;Amazonas;Chachapoyas;Chachapoyas;20168007168;MUNICIPALIDAD PROVINCIAL CHACHAPOYAS;UF0010195;Botadero Quebrada El Atajo;18;185790.0;9311685.0;602.83247;11242.699211;1.12427;Municipalidad provincial de Chachapoyas, Municipalidad distrital de Sonche, Municipalidad distrital de Huancas;31.85;No;No;Si;Si;Si;No;No;No;No;No;Recuperación;2018;RCD N°026 -2018-OEFA/CD;;
36383;14;10101;Amazonas;Chachapoyas;Chachapoyas;20177726517;MUNICIPALIDAD DISTRITAL DE SOLOCO;UF0010747;Botadero Soloco;18;192534.0;9308499.0;175.032224;1632.898407;0.16329;Municipalidad distrital de Soloco;1.5;Si;No;No;No;No;No;No;No;No;No;Reconversión;2018;RCD N°026 -2018-OEFA/CD;;
36384;15;10108;Amazonas;Chachapoyas;Chachapoyas;20146919104;MUNICIPALIDAD DISTRITAL DE HUANCAS;UF0035311;Botadero Pongomia;18;181284.0;9314138.0;85;400;0.04;Municipalidad Distrital de Huancas;No precisa;No;No;No;No;No;No;No;No;No;No;Recuperación;2022;Resolución N.° 00067-2022-OEFA/DSIS;;
36385;16;10104;Amazonas;Chachapoyas;Cheto;20190691251;MUNICIPALIDAD DISTRITAL DE CHETO;UF0009586;Botadero de Cheto 1;18;201533.0;9307537.0;172;979;0.0979;Municipalidad distrital de Cheto;0;No;No;No;No;No;No;No;No;No;No;Recuperación;2018;RCD N°026 -2018-OEFA/CD;;
36386;17;10104;Amazonas;Chachapoyas;Cheto;20190691251;MUNICIPALIDAD DISTRITAL DE CHETO;UF0010216;Botadero Queminas;18;199834.0;9307869.0;228;2950;0.295;Municipalidad distrital de Cheto;0.1;Si;No;No;No;No;No;No;No;No;No;Recuperación;2018;RCD N°026 -2018-OEFA/CD;;
36387;18;10105;Amazonas;Chachapoyas;Chiliquin;20223938125;MUNICIPALIDAD DISTRITAL DE CHILIQUIN;UF0009508;Botadero Chiliquín;18;190693.0;9324475.0;7.471618;4.442419;0.000444;Municipalidad distrital de Chiliquín;0.0015;No;No;No;No;No;No;No;No;No;No;Recuperación;2018;RCD N°026 -2018-OEFA/CD;;
36388;19;10105;Amazonas;Chachapoyas;Chiliquin;20223938125;MUNICIPALIDAD DISTRITAL DE CHILIQUIN;UF0009509;Botadero Chiliquín;18;190698.0;9324431.0;4.39714;1.538618;0.000154;Municipalidad distrital de Chiliquín;0.0015;No;No;No;No;No;No;No;No;No;No;Recuperación;2018;RCD N°026 -2018-OEFA/CD;;
36389;20;10106;Amazonas;Chachapoyas;Chuquibamba;20221438249;MUNICIPALIDAD DISTRITAL DE CHUQUIBAMBA;UF0009589;Botadero de Chuquibamba;18;184565.0;9232472.0;201.081281;2303.734484;0.230373;Municipalidad distrital de Chuquibamba;0.03;No;No;No;No;No;No;No;No;No;No;Recuperación;2018;RCD N°026 -2018-OEFA/CD;;
36390;21;10109;Amazonas;Chachapoyas;La Jalca;20165783043;MUNICIPALIDAD DISTRITAL JALCA GRANDE;UF0010714;Botadero Sector Timbul;18;185986.0;9280948.0;168.266109;913.926062;0.091393;Municipalidad distrital de La Jalca;0.006;No;No;No;No;No;No;No;No;No;No;Recuperación;2018;RCD N°026 -2018-OEFA/CD;;
36391;22;10110;Amazonas;Chachapoyas;Leimebamba;20165783710;MUNICIPALIDAD DISTRITAL DE LEIMEBAMBA;UF0009618;Botadero de Leimebamba;18;194466.0;9261304.0;151;1200;0.12;Municipalidad distrital de Leimebamba;0;No;No;No;No;No;No;No;No;No;No;Recuperación;2018;RCD N°026 -2018-OEFA/CD;Resolución N.° 00136-2024-OEFA/DSIS;
36392;23;10111;Amazonas;Chachapoyas;Levanto;20165783639;MUNICIP DISTRITAL DE LEVANTO;UF0009619;Botadero de Levanto;18;180065.0;9301503.0;120.204399;847.880677;0.084788;Municipalidad distrital de Levanto;2.5;No;No;No;Si;No;No;No;No;No;No;Recuperación;2018;RCD N°026 -2018-OEFA/CD;;
36393;24;10112;Amazonas;Chachapoyas;Magdalena;20156003141;MUNICIPALIDAD DISTRITAL DE MAGDALENA;UF0009628;Botadero de Magdalena;18;180570.0;9292858.0;210.381851;2213.426043;0.221343;Municipalidad distrital de Magdalena;0.14;Si;No;No;No;No;No;No;No;No;No;Recuperación;2018;RCD N°026 -2018-OEFA/CD;;
36394;25;10113;Amazonas;Chachapoyas;Mariscal Castilla;20182762599;MUNICIPALIDAD DISTRITAL DE MARISCAL CAST;UF0009871;Botadero Mariscal Castilla;18;188681.0;9271193.0;53.383537;172.03939;0.017204;Municipalidad distrital de Mariscal Castilla;0.15;No;No;No;No;No;No;No;No;No;No;Recuperación;2018;RCD N°026 -2018-OEFA/CD;;
36395;26;10115;Amazonas;Chachapoyas;Montevideo;20165783558;MUNICIPALIDAD DISTRITAL DE MONTEVIDEO;UF0009892;Botadero Montevideo;18;192196.0;9265755.0;66.867846;264.338234;0.026434;Municipalidad distrital de Montevideo;0.12;No;No;No;No;No;No;No;No;No;No;Recuperación;2018;RCD N°026 -2018-OEFA/CD;;
36396;27;10116;Amazonas;Chachapoyas;Olleros;20187388211;MUNICIPALIDAD DISTRITAL DE OLLEROS;UF0010058;Botadero Olleros N° 1;18;204726.0;9332146.0;84.253764;564.896339;0.05649;Municipalidad distrital de Olleros;No Precisa;No;No;No;No;No;No;No;No;Si;No;Recuperación;2018;RCD N°026 -2018-OEFA/CD;;
36397;28;10116;Amazonas;Chachapoyas;Olleros;20187388211;MUNICIPALIDAD DISTRITAL DE OLLEROS;UF0010059;Botadero Olleros N° 2;18;205013.0;9332166.0;77.292991;475.412251;0.047541;Municipalidad distrital de Olleros;No Precisa;No;No;No;No;No;No;No;No;Si;No;Recuperación;2018;RCD N°026 -2018-OEFA/CD;;
36398;29;10116;Amazonas;Chachapoyas;Olleros;20187388211;MUNICIPALIDAD DISTRITAL DE OLLEROS;UF0010060;Botadero Olleros N° 3;18;204791.0;9331797.0;83.83573;559.304658;0.05593;Municipalidad distrital de Olleros;No Precisa;No;No;No;No;No;No;No;No;Si;No;Recuperación;2018;RCD N°026 -2018-OEFA/CD;;
36399;30;10116;Amazonas;Chachapoyas;Olleros;20187388211;MUNICIPALIDAD DISTRITAL DE OLLEROS;UF0038226;Botadero Llambujsha;18;202018.0;9334967.0;28.2;477;0.0477;Municipalidad distrital de Olleros;0.01;No;No;No;No;No;No;No;No;Si;No;Recuperación;2024;Resolución N° 0035-2024-OEFA/DSIS;;
36400;31;10116;Amazonas;Chachapoyas;Olleros;20187388211;MUNICIPALIDAD DISTRITAL DE OLLEROS;UF0038227;Botadero Sector Sillaconca;18;203246.0;9332785.0;28.2;479;0.0479;Municipalidad distrital de Olleros;0;No;No;No;No;No;No;No;No;No;No;Recuperación;2024;Resolución N° 0035-2024-OEFA/DSIS;;
36401;32;10117;Amazonas;Chachapoyas;Quinjalca;20165779283;MUNICIPALIDAD DISTRITAL DE QUINJALCA;UF0010223;Botadero Quinjalca;18;201734.0;9329546.0;47.340241;178.340949;0.017834;Municipalidad distrital de Quinjalca;0.03;No;No;No;No;No;No;No;No;No;No;Recuperación;2018;RCD N°026 -2018-OEFA/CD;;
36402;33;10117;Amazonas;Chachapoyas;Quinjalca;20200966083;MUNICIPALIDAD DISTRITAL DE ASUNCION;UF0009357;Botadero Asunción;18;200452.0;9332008.0;407.443872;9795.856477;0.979586;Municipalidad distrital de Asunción;0.05;No;No;No;No;No;No;No;No;No;No;Recuperación;2018;RCD N°026 -2018-OEFA/CD;;
36403;34;10117;Amazonas;Chachapoyas;Quinjalca;20202348221;MUNICIPALIDAD DISTRITAL DE GRANADA;UF0009600;Botadero de Granada;18;206100.0;9320402.0;14.131246;15.890994;0.001589;Municipalidad distrital de Granada;0.1;No;No;No;No;No;No;No;No;No;No;Recuperación;2018;RCD N°026 -2018-OEFA/CD;;
36404;35;10118;Amazonas;Chachapoyas;San Francisco de Daguas;20208022602;MUNICIP.DIST.DE SAN FRANCISCO DE DAGUAS;UF0009631;Botadero de Municipal;18;197106.0;9311022.0;118.070334;852.796255;0.08528;Municipalidad distrital de San Francisco de Daguas;0.05;Si;No;No;No;No;No;No;No;No;No;Recuperación;2018;RCD N°026 -2018-OEFA/CD;;
36405;36;10118;Amazonas;Chachapoyas;San Francisco de Daguas;20176208601;MUNICIPALIDAD DISTRITAL DE MOLINOPAMPA;UF0009629;Botadero de Molinopampa;18;201285.0;9313343.0;136.456522;1366.551949;0.136655;Municipalidad distrital de Molinopampa;0.993;No;No;No;No;No;No;No;No;No;No;Recuperación;2018;RCD N°026 -2018-OEFA/CD;;
36406;37;10119;Amazonas;Chachapoyas;San Isidro de Maino;20168006862;MUNICIPALIDAD DISTRITAL SAN ISIDRO DE MAINO;UF0009643;Botadero de San Isidro del Maino;18;180017.0;9298276.0;90.255093;456.539471;0.045654;Municipalidad distrital de San Isidro del Maino;0.2;Si;No;No;No;No;No;No;No;No;No;Recuperación;2018;RCD N°026 -2018-OEFA/CD;;
36407;38;10402;Amazonas;Condorcanqui;El Cenepa;20176214679;MUNICIPALIDAD DISTRITAL CENEPA;UF0010671;Botadero Sector Pongo Ronsoco;17;806859.0;9508509.0;305;4200;0.42;Municipalidad distrital de El Cenepa;0.571;Si;No;No;Si;No;No;No;No;No;No;Recuperación;2018;RCD N°026 -2018-OEFA/CD;Resolución N.° 00103-2024-OEFA/DSIS;
36408;39;10402;Amazonas;Condorcanqui;El Cenepa;20176214679;MUNICIPALIDAD DISTRITAL CENEPA;UF0038228;Botadero Huampani;17;815409.0;9506011.0;37.5;86.3;0.00863;Municipalidad distrital Cenepa;0.45;No;No;No;No;No;No;No;No;No;No;Recuperación;2024;Resolución N° 0035-2024-OEFA/DSIS;;
36409;40;10401;Amazonas;Condorcanqui;Nieva;20178082222;MUNICIPALIDAD PROVINCIAL CONDORCANQUI;UF0010052;Botadero Nuevo Siasmi - 3 Unidos;18;187451.0;9478361.0;567.40202;22513.302924;2.25133;Municipalidad provincial de Condorcanqui;8;Si;No;No;No;No;No;No;No;No;No;Recuperación;2018;RCD N°026 -2018-OEFA/CD;;
36410;41;10401;Amazonas;Condorcanqui;Nieva;20178082222;MUNICIPALIDAD PROVINCIAL CONDORCANQUI;UF0037731;Botadero Parcela Tarrillo;18;188103.0;9479424.0;3318.64;39566.2;3.95662;Municipalidad Provincial de Condorcanqui;4;No;No;No;Si;No;No;No;No;No;No;Recuperación;2024;Resolución N° 003-2024-OEFA/DSIS;;
36411;42;10401;Amazonas;Condorcanqui;Nieva;20178082222;MUNICIPALIDAD PROVINCIAL CONDORCANQUI;UF0038878;Botadero Sector Tayuntsa;18;171765.0;9463627.0;278;5200;0.52;Municipalidad del centro poblado de Tayuntsa;1;No;No;No;Si;No;No;No;No;No;No;Recuperación;2024;RESOLUCIÓN N° 00136-2024-OEFA/DSIS;;
36412;43;10403;Amazonas;Condorcanqui;Rio Santiago;20182121453;MUNICIPALIDAD DISTRITAL DE RIO SANTIAGO;UF0009311;Botadero Aeropuerto CN Villa Gonzalo;18;193769.0;9552986.0;416;9900;0.99;Municipalidad distrital de Río Santiago;0.599;No;No;No;No;No;No;No;No;No;No;Recuperación;2018;RCD N°026 -2018-OEFA/CD;Resolución N.° 00019-2025-OEFA/DSIS;
36413;44;10502;Amazonas;Luya;Camporredondo;20166763143;MUNICIPALIDAD DISTRITAL DE CAMPORREDONDO;UF0009519;Botadero Chongoyape;17;792883.0;9310822.0;92.411695;564.020515;0.056402;Municipalidad distrital de Camporredondo;1.43;No;No;No;No;No;No;No;No;No;No;Recuperación;2018;RCD N°026 -2018-OEFA/CD;;
36414;45;10503;Amazonas;Luya;Cocabamba;20176210681;MUNICIPALIDAD DISTRITAL DE COCABAMBA;UF0009590;Botadero de Cocabamba;18;168260.0;9267762.0;29.107315;50.09166;0.005009;Municipalidad distrital de Cocabamba;0.1;Si;No;No;No;No;No;No;No;No;No;Recuperación;2018;RCD N°026 -2018-OEFA/CD;;
36415;46;10504;Amazonas;Luya;Colcamar;20187387915;MUNICIPALIDAD DISTRITAL DE COLCAMAR;UF0009591;Botadero de Colcamar;18;172116.0;9302290.0;142.876246;1380.490364;0.138049;Municipalidad distrital de Colcamar;0.03;No;No;No;No;No;No;No;No;No;No;Recuperación;2018;RCD N°026 -2018-OEFA/CD;;
36416;47;10507;Amazonas;Luya;Longuita;20165780702;MUNICIPALIDAD DISTRITAL DE LONGUITA;UF0009622;Botadero de Longuita;17;831747.0;9292237.0;94.214943;479.996981;0.048;Municipalidad distrital de Longuita;No Precisa;Si;No;No;No;No;No;No;No;No;No;Recuperación;2018;RCD N°026 -2018-OEFA/CD;;
36417;48;10508;Amazonas;Luya;Lonya Chico;20165781181;MUNICIP. DISTRITAL DE LONYA CHICO;UF0009623;Botadero de Lonya Chico;18;172594.0;9309729.0;124.251919;947.301047;0.09473;Municipalidad distrital de Lonya Chico;0.5;No;No;No;No;No;No;No;No;No;No;Recuperación;2018;RCD N°026 -2018-OEFA/CD;;
36418;49;10508;Amazonas;Luya;Lonya Chico;20165778473;MUNICIP. DISTRITAL DE INGUILPATA;UF0009610;Botadero de Inguilpata;18;174644.0;9310249.0;40.290569;128.852401;0.012885;Municipalidad distrital de Inguilpata;No Precisa;No;No;No;Si;Si;No;No;No;No;No;Recuperación;2018;RCD N°026 -2018-OEFA/CD;;
36419;50;10508;Amazonas;Luya;Lonya Chico;20190690874;MUNICIPALIDAD DISTRITAL CONILA COHECHAN;UF0009592;Botadero de Conila;17;827091.0;9313275.0;154.926293;1298.672382;0.129867;Municipalidad distrital de Conila;3;No;No;No;No;No;No;No;No;No;No;Recuperación;2018;RCD N°026 -2018-OEFA/CD;;
36420;51;10509;Amazonas;Luya;Luya;20185609171;MUNICIPALIDAD PROVINCIAL LUYA LAMUD;UF0010563;Botadero Sector El Ayal - Lamud;18;172865.0;9316754.0;265.789953;4229.333657;0.422933;Municipalidad provincial de Luya;1.43;No;No;Si;Si;Si;No;No;No;No;No;Recuperación;2018;RCD N°026 -2018-OEFA/CD;;
36421;52;10509;Amazonas;Luya;Luya;20146919287;MUNICIPALIDAD DISTRITAL DE LUYA;UF0009625;Botadero de Luya;18;175004.0;9315763.0;243.843026;4162.925056;0.416293;Municipalidad distrital de Luya;1.2;No;No;No;No;No;No;No;No;No;No;Recuperación;2018;RCD N°026 -2018-OEFA/CD;;
36422;53;10509;Amazonas;Luya;Luya;20190690793;MUNICIPALIDAD DISTRITAL LUYA VIEJO;UF0009626;Botadero de Luya Viejo;17;828599.0;9320452.0;93.160792;492.055295;0.049206;Municipalidad distrital de Luya Viejo;0.142;No;No;No;No;No;No;No;No;No;No;Recuperación;2018;RCD N°026 -2018-OEFA/CD;;
36423;54;10509;Amazonas;Luya;Luya;20187388130;MUNICIPALIDAD DISTRITAL DE TRITA;UF0009659;Botadero de Trita;17;829557.0;9321713.0;220.635232;2771.953257;0.277195;Municipalidad distrital de Trita;1;No;No;Si;Si;No;No;No;No;No;No;Recuperación;2018;RCD N°026 -2018-OEFA/CD;;
36424;55;10511;Amazonas;Luya;María;20185607802;MUNICIPALIDAD DIST. DE MARIA;UF0010880;Botaderos María;18;171298.0;9286174.0;49.541314;140.978721;0.014098;Municipalidad distrital de Maria;0.4;No;No;No;No;No;No;No;No;No;No;Recuperación;2018;RCD N°026 -2018-OEFA/CD;;
36425;56;10512;Amazonas;Luya;Ocalli;20177726193;MUNICIPALIDAD DISTRITAL OCALLI;UF0009811;Botadero La Lagunita;17;800354.0;9307722.0;203.827839;1834.399852;0.18344;Municipalidad distrital de Ocalli;1;No;No;No;No;No;No;No;No;No;No;Recuperación;2018;RCD N°026 -2018-OEFA/CD;;
36426;57;10513;Amazonas;Luya;Ocumal;20185610421;MUNICIPALIDAD DISTRITAL DE OCUMAL;UF0009682;Botadero El Morochal;17;809502.0;9305253.0;94.65115;477.455225;0.047746;Municipalidad distrital de Ocumal;0.4;No;No;No;No;No;No;No;No;No;No;Recuperación;2018;RCD N°026 -2018-OEFA/CD;;
36427;58;10514;Amazonas;Luya;Pisuquia;20156002926;MUNICIPALIDAD DISTRITAL DE PISUQUIA;UF0009634;Botadero de Pisuquia;17;821661.0;9286584.0;36.816391;83.205242;0.008321;Municipalidad distrital de Pisuquia;No Precisa;No;No;No;No;No;No;No;No;No;No;Recuperación;2018;RCD N°026 -2018-OEFA/CD;;
36428;59;10515;Amazonas;Luya;Providencia;20221772220;MUNICIPALIDAD DISTRITAL DE MATARA;UF0010336;Botadero S/N;17;802250.0;9296520.0;39.974997;126.841861;0.012684;Municipalidad distrital de Matara, Municipalidad distrital de Providencia;0.3;No;No;No;No;No;No;No;No;No;Si;Recuperación;2018;RCD N°026 -2018-OEFA/CD;;
36429;60;10515;Amazonas;Luya;Providencia;20187384223;MUNICIPALIDAD DISTRITAL DE PROVIDENCIA;-;Botadero Municipal (Providencia);17;800653.0;9306175;400;10000;1;Municipalidad distrital de Providencia;0.16;No;No;No;No;No;No;No;No;No;No;Recuperación;2025;-;;
36430;61;10516;Amazonas;Luya;San Cristóbal;20206903211;MUNICIPALIDAD DISTRITAL DE SAN CRISTOBAL;UF0013809;Botadero de San Cristóbal;18;173028.0;9324646.0;191.769808;1831.992321;0.183199;Municipalidad distrital de San Cristóbal;0.79;Si;No;No;No;No;No;No;No;No;No;Recuperación;2021;RESOLUCION N° 00003-2021-OEFA/DSIS;;
36431;62;10517;Amazonas;Luya;San Francisco de Yeso;20175205048;MUNICIP.DIST. DE SAN FRANCISCO DEL YESO;UF0009642;Botadero de San Francisco del Yeso;18;189593.0;9263642.0;198.36715;1674.722031;0.167472;Municipalidad distrital de San Francisco del Yeso;0.1;No;No;No;No;No;No;No;No;No;No;Recuperación;2018;RCD N°026 -2018-OEFA/CD;;
36432;63;10518;Amazonas;Luya;San Jerónimo;20200967055;MUNICIPALIDAD DIST DE SAN JERONIMO PACLA;UF0010493;Botadero Sector Beshuatan;18;170791.0;9328879.0;58.611174;228.00184;0.0228;Municipalidad distrital de San Jerónimo;No Precisa;No;No;No;No;No;No;No;No;No;No;Recuperación;2018;RCD N°026 -2018-OEFA/CD;;
36433;64;10519;Amazonas;Luya;San Juan de Lopecancha;20156003736;MUNICIP. DIST. SAN JUAN DE LOPECANCHA;UF0009644;Botadero de San Juan de Lopecancha;18;183517.0;9280778.0;17.248648;23.675561;0.002368;Municipalidad distrital de San Juan de Lopecancha;No Precisa;No;No;No;Si;No;No;No;No;No;No;Recuperación;2018;RCD N°026 -2018-OEFA/CD;;
36434;65;10520;Amazonas;Luya;Santa Catalina;20205208179;MUNICIPALIDAD DISTRITAL SANTA CATALINA;UF0009645;Botadero de Santa Catalina;17;826234.0;9322701.0;107.496851;732.320846;0.073232;Municipalidad distrital de Santa Catalina;0.3;No;No;No;Si;No;No;No;No;No;No;Recuperación;2018;RCD N°026 -2018-OEFA/CD;;
36435;66;10521;Amazonas;Luya;Santo Tomas;20183970055;MUNICIPALIDAD DISTRIT SANTO TOMAS;UF0009647;Botadero de Santo Tomas;18;182228.0;9274040.0;219.149475;2122.688899;0.212269;Municipalidad distrital de Santo Tomas;0.2;No;No;Si;Si;No;No;No;No;No;No;Recuperación;2018;RCD N°026 -2018-OEFA/CD;;
36436;67;10522;Amazonas;Luya;Tingo;20170145446;MUNICIPALIDAD DISTRITAL DE TINGO;UF0009658;Botadero de Tingo;18;177425.0;9294872.0;147.712537;1408.02258;0.140802;Municipalidad distrital de Tingo;5;Si;No;Si;No;No;No;No;No;No;No;Recuperación;2018;RCD N°026 -2018-OEFA/CD;;
36437;68;10602;Amazonas;Rodríguez de Mendoza;Chirimoto;20170145365;MUNICIPALIDAD DISTRITAL DE OMIA;UF0039073;Botadero Omia 2;18;240424.0;9279311.0;115;1000;0.1;Municipalidad distrital de Omia;2;No;No;No;No;No;No;No;No;No;No;Recuperación;2024;Resolución N.° 00140-2024-OEFA/DSIS;;
36438;69;10602;Amazonas;Rodríguez de Mendoza;Chirimoto;20207202127;MUNICIPALIDAD DISTRITAL DE CHIRIMOTO;UF0009666;Botadero del anexo de Zarumilla;18;236984.0;9273538.0;64.868367;239.302265;0.02393;Municipalidad distrital de Chirimoto;0.06;No;No;Si;Si;No;No;No;No;No;No;Recuperación;2018;RCD N°026 -2018-OEFA/CD;;
36439;70;10603;Amazonas;Rodríguez de Mendoza;Cochamal;20193174800;MUNICIPALIDAD DISTRITAL DE COCHAMAL;UF0010057;Botadero Olleros;18;214510.0;9290332.0;137.396722;1083.316799;0.108332;Municipalidad distrital de Cochamal;0.05;No;No;No;No;No;No;No;No;No;No;Recuperación;2018;RCD N°026 -2018-OEFA/CD;;
36440;71;10603;Amazonas;Rodríguez de Mendoza;Cochamal;20170014341;MUNICIPALIDAD DISTRITAL DE LONGAR;UF0017077;Botadero Sector Franco;18;214576.0;9292177.0;154;1578;0.1578;Municipalidad distrital de Longar;0.21;No;No;No;No;Si;No;No;No;No;No;Recuperación;2021;RESOLUCION N° 00005-2021-OEFA;;
36441;72;10604;Amazonas;Rodríguez de Mendoza;Huambo;20166751994;MUNICIPALIDAD DISTRITAL DE HUAMBO;UF0009737;Botadero Huambo;18;220837.0;9288560.0;170.795647;1626.438699;0.162644;Municipalidad distrital de Huambo;0.5;No;No;No;No;No;No;No;No;No;No;Recuperación;2018;RCD N°026 -2018-OEFA/CD;;
36442;73;10605;Amazonas;Rodríguez de Mendoza;Limabamba;20168290137;MUNICIPALIDAD DISTRITAL DE LIMABAMBA;UF0009620;Botadero de Limabamba;18;225381.0;9281158.0;81.251016;422.603679;0.04226;Municipalidad distrital de Limabamba;0.45;No;No;No;No;Si;No;No;No;No;No;Recuperación;2018;RCD N°026 -2018-OEFA/CD;;
36443;74;10606;Amazonas;Rodríguez de Mendoza;Longar;20170014341;MUNICIPALIDAD DISTRITAL DE LONGAR;UF0009621;Botadero de Longar;18;218417.0;9292556.0;159.168785;1397.374913;0.139737;Municipalidad distrital de Longar;No Precisa;No;No;Si;Si;No;No;No;No;No;No;Recuperación;2018;RCD N°026 -2018-OEFA/CD;;
36444;75;10608;Amazonas;Rodríguez de Mendoza;Milpuc;20183972007;MUNICIPALIDAD DISTRITAL DE MILPUC;UF0009881;Botadero Milpuc;18;231648.0;9280543.0;29.328419;61.314736;0.006131;Municipalidad distrital de Milpuc;No Precisa;No;No;No;No;No;No;No;No;No;No;Recuperación;2018;RCD N°026 -2018-OEFA/CD;;
36445;76;10609;Amazonas;Rodríguez de Mendoza;Omia;20170145365;MUNICIPALIDAD DISTRITAL DE OMIA;UF0010061;Botadero Omia;18;242307.0;9282978.0;431.909549;10566.269587;1.056627;Municipalidad distrital de Omia;No Precisa;No;No;Si;No;No;No;No;No;No;No;Recuperación;2018;RCD N°026 -2018-OEFA/CD;;
36446;77;10601;Amazonas;Rodríguez de Mendoza;San Nicolás;20182762327;MUNICIPALIDAD PROVINCIAL DE ROD DE MENDO;UF0010679;Botadero Sector Pueblo Alto;18;225830.0;9293764.0;762;26700;2.67;Municipalidad provincial de Rodríguez de Mendoza, Municipalidad distrital de San Nicolas;0.3;No;No;No;No;No;No;No;No;No;No;Recuperación;2018;RCD N°026 -2018-OEFA/CD;;
36447;78;10610;Amazonas;Rodríguez de Mendoza;Santa Rosa;20168006439;MUNICIPALIDAD DISTRITAL SANTA ROSA;UF0009646;Botadero de Santa Rosa;18;227663.0;9286738.0;239;3500;0.35;Municipalidad distrital de Santa Rosa;0;No;No;No;No;No;No;No;No;No;No;Recuperación;2018;RCD N°026 -2018-OEFA/CD;Resolución N.° 00019-2025-OEFA/DSIS;
36448;79;10610;Amazonas;Rodríguez de Mendoza;Santa Rosa;20168006439;MUNICIPALIDAD DISTRITAL SANTA ROSA;UF0037732;Botadero Sector San Francisco;18;228161.0;9285110.0;493;14577;1.46;Municipalidad distrital Santa Rosa;0.3;No;No;No;No;No;No;No;No;No;No;Recuperación;2024;Resolución N° 003-2024-OEFA/DSIS;;
36449;80;10611;Amazonas;Rodríguez de Mendoza;Totora;20207202127;MUNICIPALIDAD DISTRITAL DE CHIRIMOTO;UF0010878;Botadero Zona Rural;18;229443.0;9278954.0;33.049554;55.701287;0.00557;Municipalidad distrital de Chirimoto;No Precisa;No;No;No;No;No;No;No;No;No;No;Recuperación;2018;RCD N°026 -2018-OEFA/CD;;
36450;81;10611;Amazonas;Rodríguez de Mendoza;Totora;20166753776;MUNICIPALIDAD DISTRITAL DE TOTORA;UF0010170;Botadero Punto 2;18;226621.0;9281555.0;32.346307;65.962859;0.006596;Municipalidad distrital de Totora;0.01;No;No;Si;No;No;No;No;No;No;No;Recuperación;2018;RCD N°026 -2018-OEFA/CD;;
36451;82;10611;Amazonas;Rodríguez de Mendoza;Totora;20166753776;MUNICIPALIDAD DISTRITAL DE TOTORA;UF0010169;Botadero Punto 1;18;226640.0;9281638.0;28.2769;46.398253;0.00464;Municipalidad distrital de Totora;0.01;No;No;Si;No;No;No;No;No;No;No;Recuperación;2018;RCD N°026 -2018-OEFA/CD;;
36452;83;10701;Amazonas;Utcubamba;Bagua Grande;20146917314;MUNICIPALIDAD PROVINCIAL DE UTCUBAMBA;UF0009845;Botadero Los Rollos Sector Jaguanga;17;771709.0;9368510.0;3478;195000;19.5;Municipalidad provincial de Utcubamba, Municipalidad distrital de Bagua Grande;38;No;No;No;No;No;No;No;No;No;No;Recuperación;2018;RCD N°026 -2018-OEFA/CD;Resolución N.° 00136-2024-OEFA/DSIS;R.G.M. N°23-2021-MPU/GM
36453;84;10702;Amazonas;Utcubamba;Cajaruro;20165778121;MUNICIPALIDAD DISTRITAL DE CAJARURO;UF0009578;Botadero de Cajaruro;17;783749.0;9366014.0;756.82;30000;3;Municipalidad distrital de Cajaruro;0;No;No;No;No;No;No;No;No;No;No;Recuperación;2018;RCD N°026 -2018-OEFA/CD;Resolución N.° 00147-2024-OEFA/DSIS;
36454;85;10703;Amazonas;Utcubamba;Cumba;20146918043;MUNICIPALIDAD DISTRITAL DE CUMBA;UF0009595;Botadero de Cumba;17;760249.0;9341172.0;172.438773;2146.203979;0.21462;Municipalidad distrital de Cumba;5.57;No;No;No;No;No;No;No;No;No;No;Recuperación;2018;RCD N°026 -2018-OEFA/CD;;
36455;86;10705;Amazonas;Utcubamba;Jamalca;20190339450;MUNICIPALIDAD DISTRITAL JAMALCA;UF0009800;Botadero La Caldera;17;807021.0;9351387.0;80.627134;413.429215;0.041343;Municipalidad distrital de Jamalca;4290;No;No;No;No;No;No;No;No;No;No;Recuperación;2018;RCD N°026 -2018-OEFA/CD;;
36456;87;10706;Amazonas;Utcubamba;Lonya Grande;20146917403;MUNICIPALIDAD DISTRITAL DE LONYA GRANDE;UF0009624;Botadero de Lonya Grande;17;784458.0;9324912.0;202.718699;2882.789046;0.288279;Municipalidad distrital de Lonya Grande;1.55;Si;No;No;Si;Si;No;No;No;No;No;Recuperación;2018;RCD N°026 -2018-OEFA/CD;;
36457;88;10706;Amazonas;Utcubamba;Lonya Grande;20146917403;MUNICIPALIDAD DISTRITAL DE LONYA GRANDE;UF0039124;Botadero controlado del distrito de Lonya Grande;17;781752.0;9321398.0;864.75;41916;4.19;Municipalidad distrital de Lonya Grande;9;Si;No;No;No;No;No;No;No;No;No;Recuperación;2024;Resolución N.° 00147-2024-OEFA/DSIS;;
36458;89;10707;Amazonas;Utcubamba;Yamón;20350098250;MUNICIPALIDAD DISTRITAL DE YAMÓN;UF0038229;Botadero Sector El Palto;17;777926.0;9335574.0;202;1191;0.1191;Municipalidad del centro poblado El Palto - Yamón;0.1778;No;No;No;No;No;No;No;No;No;No;Recuperación;2024;Resolución N° 0035-2024-OEFA/DSIS;;
36459;90;20201;Áncash;Aija;Aija;20191017201;MUNICIPALIDAD PROVINCIAL DE AIJA;UF0009403;Botadero Canchinchan;18;211456.0;8918305.0;93.792585;567.922205;0.056792;Municipalidad provincial de Aija;0.413;No;Si;No;No;No;No;No;No;No;No;Recuperación;2018;RCD N°026 -2018-OEFA/CD;;
36460;91;20202;Áncash;Aija;Coris;20205424386;MUNICIPALIDAD DISTRITAL DE CORIS;UF0010702;Botadero Sector Shapallu;18;202298.0;8913501.0;189.002451;1506.200216;0.15062;Municipalidad distrital de Coris;0.25;No;No;Si;No;No;No;No;No;No;No;Recuperación;2018;RCD N°026 -2018-OEFA/CD;;
36461;92;20203;Áncash;Aija;Huacllan;20191017111;MUNICIPALIDAD DISTRITAL DE HUACLLÁN;UF0010604;Botadero Sector Killiwi;18;205922.0;8914660.0;305.915276;5288.402121;0.52884;Municipalidad distrital de Huacllan;0.5;No;No;No;No;No;No;No;No;No;No;Recuperación;2018;RCD N°026 -2018-OEFA/CD;;
36462;93;20204;Áncash;Aija;La Merced;20207753191;MUNICIPALIDAD DISTRITAL DE LA MERCED;UF0009708;Botadero Fundo Mishihueta;18;213038.0;8923071.0;87.451144;434.424258;0.043442;Municipalidad distrital de La Merced;No Precisa;Si;No;No;No;No;No;No;No;No;No;Recuperación;2018;RCD N°026 -2018-OEFA/CD;;
36463;94;20205;Áncash;Aija;Succha;20202344071;MUNICIPALIDAD DISTRITAL DE SUCCHA;UF0009870;Botadero Mariash;18;209765.0;8913090.0;104.153951;712.212087;0.071221;Municipalidad distrital de Succha;0.5;Si;No;No;No;No;No;No;No;No;No;Recuperación;2018;RCD N°026 -2018-OEFA/CD;;
36464;95;20302;Áncash;Antonio Raymondi;Aczo;20208069153;MUNICIPALIDAD DISTRITAL DE CHINGAS;UF0010207;Botadero Quebrada Pasamaito;18;282743.0;8988502.0;143.68717;1468.089239;0.146809;Municipalidad distrital de Chingas;No Precisa;No;No;Si;No;No;No;No;No;No;No;Recuperación;2018;RCD N°026 -2018-OEFA/CD;;
36465;96;20302;Áncash;Antonio Raymondi;Aczo;20214747384;MUNICIPALIDAD DISTRITAL DE SAN JUAN DE RONTOY;UF0010205;Botadero Quebrada Mojonrumi-Arashpaña;18;279916.0;8986818.0;94.900411;409.607641;0.040961;Municipalidad distrital de San Juan de Rontoy;No Precisa;No;No;Si;No;No;No;No;No;No;No;Recuperación;2018;RCD N°026 -2018-OEFA/CD;;
36466;97;20303;Áncash;Antonio Raymondi;Chaccho;20209443156;CONCEJO DISTRITAL DE CHACCHO;UF0010190;Botadero Quebrada Canlla;18;270881.0;8997306.0;142.638019;1179.357681;0.117936;Municipalidad distrital de Chaccho;No Precisa;No;No;Si;No;No;No;No;No;No;No;Recuperación;2018;RCD N°026 -2018-OEFA/CD;;
36467;98;20304;Áncash;Antonio Raymondi;Chingas;20219943599;MUNICIPALIDAD DISTRITAL DE ACZO;UF0010470;Botadero Sector Aeropuerto;18;282753.0;8988950.0;110.150049;727.901057;0.07279;Municipalidad distrital de Aczo;0.05;No;No;No;No;No;No;No;No;No;No;Recuperación;2018;RCD N°026 -2018-OEFA/CD;;
36468;99;20301;Áncash;Antonio Raymondi;Llamellin;20195408557;MUNICIPALIDAD PROVINCIAL DE ANTONIO RAIMONDI;UF0009786;Botadero Jancush;18;279275.0;8994417.0;294.33606;5216.470707;0.521647;Municipalidad provincial de Antonio Raymondi;1.44;Si;No;Si;Si;No;No;No;No;No;No;Recuperación;2018;RCD N°026 -2018-OEFA/CD;;
36469;100;20305;Áncash;Antonio Raymondi;Mirgas;20203857234;MUNICIPALIDAD DISTRITAL DE MIRGAS;UF0010557;Botadero Sector de Tinyarajra;18;269982.0;8995538.0;144.648431;1207.832608;0.120783;Municipalidad distrital de Mirgas;0.07;No;No;No;No;No;No;No;No;No;No;Recuperación;2018;RCD N°026 -2018-OEFA/CD;;
36470;101;20305;Áncash;Antonio Raymondi;Mirgas;20203857234;MUNICIPALIDAD DISTRITAL DE MIRGAS;UF0037926;Botadero Sector Andasco;18;270743.86;8996832.26;1500;1500;0.15;Municipalidad distrital de Mirgas;0.3;No;No;No;Si;No;No;No;No;No;No;Recuperación;2024;Resolución N° 00019-2024-OEFA/DSIS;;
36471;102;20401;Áncash;Asunción;Chacas;20226505211;MUNICIPALIDAD PROVINCIAL DE ASUNCION;UF0010710;Botadero Sector Tacshacuna;18;240961.0;8985229.0;475.906011;11874.556725;1.187456;Municipalidad provincial de Asunción, Municipalidad distrital de Chacas, Municipalidad distrital de Acochaca;No Precisa;Si;No;Si;Si;No;No;No;No;No;No;Recuperación;2018;RCD N°026 -2018-OEFA/CD;;
36472;103;20502;Áncash;Bolognesi;Abelardo Pardo Lezameta;20219601957;MUNICIPIO DISTRITAL A PARDO LEZAMETA;UF0010699;Botadero Sector Sango Frio – El Remate;18;264717.0;8858845.0;205.047256;1638.199853;0.16382;Municipalidad distrital de Abelardo Pardo Lezameta;No Precisa;No;No;Si;No;No;No;No;No;No;No;Recuperación;2018;RCD N°026 -2018-OEFA/CD;;
36473;104;20503;Áncash;Bolognesi;Antonio Raymondi;20221631910;MUNICIPALIDAD DISTRITAL DE A RAYMONDI;UF0010200;Botadero Quebrada Huinchus;18;228706.0;8875739.0;72.207798;364.74701;0.036475;Municipalidad distrital de Antonio Raymondi;No Precisa;No;No;Si;Si;No;No;No;No;No;No;Recuperación;2018;RCD N°026 -2018-OEFA/CD;;
36474;105;20504;Áncash;Bolognesi;Aquia;20200036698;MUNICIPALIDAD DISTRITAL DE AQUIA;UF0010452;Botadero San Miguel;18;265167.0;8887776.0;353.452307;7388.089855;0.738809;Municipalidad distrital de Aquia;0.06;No;No;No;No;No;No;No;No;Si;No;Recuperación;2018;RCD N°026 -2018-OEFA/CD;;
36475;106;20504;Áncash;Bolognesi;Aquia;20200036698;MUNICIPALIDAD DISTRITAL DE AQUIA;UF0012766;Botadero Tallenga;18;266296.0;8893342.0;1000;10000;1;Municipalidad distrital de Aquia;No precisa;No;No;No;No;No;No;No;No;No;No;Recuperación;2022;Resolución N.° 00018-2022-OEFA/DSIS;;
36476;107;20506;Áncash;Bolognesi;Canis;20214896118;MUNICIPALIDAD DISTRITAL DE CANIS;UF0010185;Botadero Quebrada Ainas;18;262551.0;8857179.0;273.529628;2361.934247;0.236193;Municipalidad distrital de Canis;No Precisa;No;No;No;No;No;No;No;No;No;No;Recuperación;2018;RCD N°026 -2018-OEFA/CD;;
36477;108;20501;Áncash;Bolognesi;Chiquian;20166558051;MUNICIPALIDAD PROVINCIAL DE BOLOGNESI;UF0010839;Botadero Upayacu;18;262042.0;8879347.0;192.771568;2505.217948;0.250522;Municipalidad provincial de Bolognesi;1.67;Si;No;Si;Si;No;No;No;No;No;No;Recuperación;2018;RCD N°026 -2018-OEFA/CD;;
36478;109;20507;Áncash;Bolognesi;Colquioc;20205785486;MUNICIPALIDAD DISTRITAL DE COLQUIOC;UF0010496;Botadero Sector Callun;18;216988.0;8862001.0;530.289989;13829.651246;1.382965;Municipalidad distrital de Colquioc, Municipalidad distrital de Cajacay;2.8;Si;No;No;No;No;No;No;No;No;No;Reconversión;2018;RCD N°026 -2018-OEFA/CD;;
36479;110;20508;Áncash;Bolognesi;Huallanca;20222304921;MUNICIPALIDAD DISTRITAL DE HUALLANCA;UF0010558;Botadero Sector de Ucrucacha;18;286027.0;8903724.0;240.058318;3061.728595;0.306173;Municipalidad distrital de Huallanca;2.14;Si;No;No;No;No;No;No;No;No;No;Recuperación;2018;RCD N°026 -2018-OEFA/CD;;
36480;111;20508;Áncash;Bolognesi;Huallanca;20222304921;MUNICIPALIDAD DISTRITAL DE HUALLANCA;UF0038879;Botadero Sector Ventosilla;18;286335.0;8905301.0;590.15;20840.089;2;Municipalidad distrital de Huallanca;1;No;No;No;No;No;No;No;No;No;No;Recuperación;2024;RESOLUCIÓN N° 00136-2024-OEFA/DSIS;;
36481;112;20509;Áncash;Bolognesi;Huasta;20170997361;MUNICIPALIDAD DISTRITAL DE HUASTA;UF0009664;Botadero de Winson;18;263377.0;8881431.0;201.958742;2687.002944;0.2687;Municipalidad distrital de Huasta;0.066;No;No;No;No;No;No;No;No;No;No;Recuperación;2018;RCD N°026 -2018-OEFA/CD;;
36482;113;20510;Áncash;Bolognesi;Huayllacayan;20203904500;MUNICIPALIDAD DISTRITAL DE HUAYLLACAYAN;UF0010192;Botadero Quebrada de Cruzpata;18;230865.0;8866372.0;91.197206;372.701188;0.03727;Municipalidad distrital de Huayllacayan;No Precisa;No;No;Si;No;No;No;No;No;No;No;Recuperación;2018;RCD N°026 -2018-OEFA/CD;;
36483;114;20512;Áncash;Bolognesi;Mangas;20226974807;MUNICIPALIDAD DISTRITAL LA PRIMAVERA;UF0010498;Botadero Sector Campo Santo;18;267170.0;8856505.0;32.667784;66.282854;0.006628;Municipalidad distrital de La Primavera;No Precisa;No;No;Si;No;No;No;No;No;No;No;Recuperación;2018;RCD N°026 -2018-OEFA/CD;;
36484;115;20512;Áncash;Bolognesi;Mangas;20212823831;MUNICIPALIDAD DISTRITAL DE MANGAS;UF0010680;Botadero Sector Pukarrumi;18;269651.0;8853815.0;89.865055;554.457451;0.055446;Municipalidad distrital de Mangas;0.116;No;Si;Si;Si;No;No;No;No;No;No;Recuperación;2018;RCD N°026 -2018-OEFA/CD;;
36485;116;20513;Áncash;Bolognesi;Pacllon;20322925001;MUNICIPALIDAD DISTRITAL DE PACLLON;UF0010546;Botadero Sector de Alcupampa;18;272942.0;8867983.0;118.120284;910.759166;0.091076;Municipalidad distrital de Pacllón;0.04;No;No;No;No;No;No;No;No;No;Si;Recuperación;2018;RCD N°026 -2018-OEFA/CD;;
36486;117;20513;Áncash;Bolognesi;Pacllon;20322925001;MUNICIPALIDAD DISTRITAL DE PACLLON;UF0018186;Botadero Ahusana;18;271721.0;8867860.0;No precisa;407200;40.72;Municipalidad distrital de Pacllon;0.1;Si;No;Si;No;No;No;No;No;No;Si;Reconversión;2022;Resolución N.° 00018-2022-OEFA/DSIS;;
36487;118;20514;Áncash;Bolognesi;San Miguel de Corpanqui;20229916719;MUNICIPALIDAD DISTRITAL SAN MIGUEL DE CORPANQUI;UF0010481;Botadero Sector Antichacra;18;259015.0;8862015.0;106.645208;642.013962;0.064201;Municipalidad distrital de San Miguel Corpanqui;0.05;No;No;No;Si;No;No;No;No;No;No;Recuperación;2018;RCD N°026 -2018-OEFA/CD;;
36488;119;20515;Áncash;Bolognesi;Ticllos;20200032277;MUNICIPALIDAD DISTRITAL DE TICLLOS;UF0009727;Botadero Huacatac - Quincha Pata;18;258306.0;8864566.0;127.876887;1050.701784;0.10507;Municipalidad distrital de Ticllos;0.5;No;No;No;No;No;No;No;No;No;No;Recuperación;2018;RCD N°026 -2018-OEFA/CD;;
36489;120;20603;Áncash;Carhuaz;Amashca;20200028083;MUNICIPALIDAD DISTRITAL DE AMASHCA;UF0010648;Botadero Sector Onque - Mare;18;209250.0;8977516.0;85.327623;452.529926;0.045253;Municipalidad distrital de Amashca;No Precisa;No;No;No;No;No;No;No;No;No;No;Recuperación;2018;RCD N°026 -2018-OEFA/CD;;
36490;121;20604;Áncash;Carhuaz;Anta;20222120951;MUNICIPALIDAD DISTRITAL DE ANTA;UF0010523;Botadero Sector Chilca;18;215294.0;8964644.0;104.482284;767.079555;0.076708;Municipalidad distrital de Anta;0.05;No;No;No;No;No;No;No;No;No;No;Recuperación;2018;RCD N°026 -2018-OEFA/CD;;
36491;122;20604;Áncash;Carhuaz;Anta;20172265929;MUNICIPALIDAD DISTRITAL DE MARCARA;UF0010476;Botadero Sector Allparumi;18;213592.0;8967912.0;344.68105;7653.160334;0.765316;Municipalidad distrital de Marcara;0.08;Si;No;No;No;No;No;No;No;No;No;Recuperación;2018;RCD N°026 -2018-OEFA/CD;;
36492;123;20607;Áncash;Carhuaz;Pariahuanca;20175284592;MUNICIPALIDAD DISTRITAL DE PARIAHUANCA;UF0010636;Botadero Sector Minaspucro;18;218497.0;8964808.0;318.812021;6846.299615;0.68463;Municipalidad distrital de Pariahuanca;0.05;No;No;No;No;No;No;No;No;No;No;Recuperación;2018;RCD N°026 -2018-OEFA/CD;;
36493;124;20608;Áncash;Carhuaz;San Miguel de Aco;20198352781;MUNICIPALIDAD DISTRITAL DE SAN MIGUEL DE ACO;UF0010662;Botadero Sector Percashca;18;219109.0;8962775.0;103.762699;523.556217;0.052356;Municipalidad distrital de San Miguel de Aco;0.04;No;No;No;No;No;No;No;No;No;No;Recuperación;2018;RCD N°026 -2018-OEFA/CD;;
36494;125;20609;Áncash;Carhuaz;Shilla;20200030908;MUNICIPALIDAD DISTRITAL DE SHILLA;UF0010552;Botadero Sector de Margash;18;210882.0;8976558.0;234.700743;3152.803354;0.31528;Municipalidad distrital de Shilla, Municipalidad distrital de Ataquero;0.06;No;No;No;No;No;No;No;No;No;No;Recuperación;2018;RCD N°026 -2018-OEFA/CD;;
36495;126;20611;Áncash;Carhuaz;Yungar;20212196810;MUNICIPALIDAD DISTRITAL DE YUNGAR;UF0010732;Botadero Sector Yungar;18;215881.0;8962849.0;138;1039;0.1;Municipalidad distrital de Yungar;3;No;No;No;No;No;No;No;No;No;No;Recuperación;2018;RCD N°026 -2018-OEFA/CD;;
36496;127;20701;Áncash;Carlos Fermín Fitzcarrald;San Luis;20202020098;MUNICIPALIDAD PROV.CARLOS F. FITZCARRALD;UF0009334;Botadero Ampash;18;245596.0;8993405.0;409;10030;1;Municipalidad provincial de Carlos Fermin Fitzcarrald;0.35;No;No;No;Si;No;No;No;No;No;No;Recuperación;2018;RCD N°026 -2018-OEFA/CD;;
36497;128;20702;Áncash;Carlos Fermín Fitzcarrald;San Nicolás;20200965192;MUNICIPALIDAD DISTRITAL DE SAN NICOLAS;UF0010201;Botadero Quebrada Ichic Catcash;18;259486.0;9007669.0;124.055781;716.736658;0.071674;Municipalidad distrital de San Nicolas;No Precisa;No;No;Si;No;No;No;No;No;No;No;Recuperación;2018;RCD N°026 -2018-OEFA/CD;;
36498;129;20703;Áncash;Carlos Fermín Fitzcarrald;Yauya;20231267884;MUNICIPALIDAD DISTRITAL DE YAUYA;UF0010696;Botadero Sector San José de Chacuascancha;18;246480.0;9007831.0;233.373828;3750.475001;0.375048;Municipalidad distrital de Yauya;0.071;Si;No;No;No;No;No;No;No;No;No;Recuperación;2018;RCD N°026 -2018-OEFA/CD;;
36499;130;20802;Áncash;Casma;Buena Vista Alta;20222952256;MUNICIPALIDAD DISTRITAL DE QUILLO;UF0009775;Botadero Iquichalcan;17;817533.0;8967255.0;111.262506;837.221842;0.083722;Municipalidad distrital de Quillo;No Precisa;Si;No;No;No;No;No;No;No;No;No;Recuperación;2018;RCD N°026 -2018-OEFA/CD;;
36500;131;20802;Áncash;Casma;Buena Vista Alta;20174670693;MUNICIPALIDAD DISTRITAL DE BUENAVISTA;UF0010082;Botadero Pampa Colorada;17;809223.0;8955896.0;896;14409;1.4;Municipalidad distrital de Buena Vista Alta;0.3;No;No;Si;No;No;No;No;No;No;No;Recuperación;2018;RCD N°026 -2018-OEFA/CD;Resolución N.° 00019-2025-OEFA/DSIS;
36501;132;20802;Áncash;Casma;Buena Vista Alta;20174670693;MUNICIPALIDAD DISTRITAL DE BUENAVISTA;UF0009742;Botadero Huanchuy;17;812251.0;8963943.0;186.773917;1692.250966;0.169225;Municipalidad distrital de Buena Vista Alta;0;No;No;No;No;No;No;No;No;No;No;Recuperación;2018;RCD N°026 -2018-OEFA/CD;;
36502;133;20801;Áncash;Casma;Casma;20174929697;MUNICIPALIDAD PROVINCIAL DE CASMA;UF0009349;Botadero Antival;17;799904.0;8940923.0;1725;140000;14;Municipalidad provincial de Casma;30;No;No;Si;No;No;No;No;No;No;No;Recuperación;2018;RCD N°026 -2018-OEFA/CD;Resolución N.° 00002-2025-OEFA/DSIS;
36503;134;20801;Áncash;Casma;Casma;20174929697;MUNICIPALIDAD PROVINCIAL DE CASMA;UF0037927;Botadero de óvalo Playa Tortuga;17;786572.0;8965350.0;441;8600;0.86;No precisa;No Precisa;No;No;Si;No;Si;No;No;No;No;No;Recuperación;2024;Resolución N° 00019-2024-OEFA/DSIS;;
36504;135;20803;Áncash;Casma;Comandante Noel;20186465793;MUNICIPALIDAD DISTRITAL COMANDANTE NOEL;UF0009802;Botadero La Carbonera;17;788330.0;8950428.0;417;10821;1.1;Municipalidad distrital de Comandante Noel;8;No;No;Si;No;No;No;No;No;No;No;Recuperación;2018;RCD N°026 -2018-OEFA/CD;Resolución N.° 00024-2025-OEFA/DSIS;
36505;136;20804;Áncash;Casma;Yautan;20186203918;MUNICIPALIDAD DISTRITAL DE YAUTAN;UF0009556;Botadero Cruz Punta;17;818379.0;8949820.0;1172;59764;5.98;Municipalidad distrital de Yautan;1.13;Si;No;Si;No;No;No;No;No;No;No;Recuperación;2018;RCD N°026 -2018-OEFA/CD;Resolución N.° 00024-2025-OEFA/DSIS;
36506;137;20902;Áncash;Corongo;Aco;20223019936;MUNICIPALIDAD DISTRITAL DE ACO;UF0010542;Botadero Sector Cruzirca;18;182948.0;9056692.0;88.160667;437.067679;0.043707;Municipalidad distrital de Aco;0.079;No;Si;Si;No;No;No;No;No;No;No;Recuperación;2018;RCD N°026 -2018-OEFA/CD;;
36507;138;20903;Áncash;Corongo;Bambas;20323086274;MUNICIPALIDAD DISTRITAL DE BAMBAS;UF0009843;Botadero Los Lloques;17;830122.0;9049250.0;314;3143.47;0.31;Municipalidad distrital de Bambas;0.015;No;No;No;No;No;No;No;No;No;No;Recuperación;2018;RCD N°026 -2018-OEFA/CD;Resolución N.° 0017-2025-OEFA/DSIS;
36508;139;20903;Áncash;Corongo;Bambas;20323086274;MUNICIPALIDAD DISTRITAL DE BAMBAS;UF0040598;Botadero Sector Pilancon;17;825041.0;9049683.0;211;2500;0.25;Municipalidad distrital de Bambas;0.015;No;No;No;No;No;No;No;No;No;No;Recuperación;2025;Resolución N.° 0017-2025-OEFA/DSIS;;
36509;140;20901;Áncash;Corongo;Corongo;20202582258;MUNICIPALIDAD PROVINCIAL DE CORONGO;UF0009836;Botadero Llacllacan;18;180994.0;9050078.0;442.406168;7508.439405;0.750844;Municipalidad provincial de Corongo;3348;No;No;Si;Si;No;No;No;No;No;No;Recuperación;2018;RCD N°026 -2018-OEFA/CD;;
36510;141;20904;Áncash;Corongo;Cusca;20286842748;MUNICIPALIDAD DISTRITAL DE CUSCA;UF0010199;Botadero Quebrada Huayaracra;18;184345.0;9057566.0;152.248871;1424.157067;0.142416;Municipalidad distrital de Cusca;0.25;No;Si;Si;No;No;No;No;No;No;No;Recuperación;2018;RCD N°026 -2018-OEFA/CD;;
36511;142;20905;Áncash;Corongo;La Pampa;20175203185;MUNICIPALIDAD DISTRITAL DE LA PAMPA;UF0010198;Botadero Quebrada Huampish;18;179161.0;9038910.0;248.899503;3510.140105;0.351014;Municipalidad distrital de La Pampa;1;No;No;Si;No;No;No;No;No;No;No;Recuperación;2018;RCD N°026 -2018-OEFA/CD;;
36512;143;20906;Áncash;Corongo;Yanac;20287079754;MUNICIPALIDAD DISTRITAL DE YANAC;UF0010208;Botadero Quebrada Picha Jirca;18;184650.0;9045969.0;65.196581;206.698217;0.02067;Municipalidad distrital de Yanac;0.072;No;Si;Si;No;No;No;No;No;No;No;Recuperación;2018;RCD N°026 -2018-OEFA/CD;;
36513;144;20906;Áncash;Corongo;Yanac;20287079754;MUNICIPALIDAD DISTRITAL DE YANAC;UF0039074;Botadero Kushparinan;18;185768.0;9047318.0;45.5;126;0.012;Municipalidad distrital de Yanac;0.04;No;No;No;No;No;No;No;No;No;No;Recuperación;2024;Resolución N.° 00140-2024-OEFA/DSIS;;
36514;145;20907;Áncash;Corongo;Yupan;20323071838;MUNICIPALIDAD DISTRITAL DE YUPAN;UF0010783;Botadero Trintis;18;173097.0;9046358.0;86.908937;430.772277;0.043077;Municipalidad distrital de Yupán;0.08;No;Si;Si;No;No;No;No;No;No;No;Recuperación;2018;RCD N°026 -2018-OEFA/CD;;
36515;146;20102;Áncash;Huaraz;Cochabamba;20228111695;MUNICIPALIDAD DISTRITAL DE COCHABAMBA;UF0009917;Botadero Municipal;18;185364.0;8948935.0;173.280193;2168.940466;0.216894;Municipalidad distrital de Cochabamba;0.071;No;No;Si;Si;No;No;No;No;No;No;Recuperación;2018;RCD N°026 -2018-OEFA/CD;;
36516;147;20103;Áncash;Huaraz;Colcabamba;20212197204;MUNICIPALIDAD DISTRITAL DE COLCABAMBA;UF0009457;Botadero Cementerio;18;191229.0;8938161.0;118.380921;820.783363;0.082078;Municipalidad distrital de Colcabamba;0.036;Si;No;No;No;No;No;No;No;No;No;Recuperación;2018;RCD N°026 -2018-OEFA/CD;;
36517;148;20104;Áncash;Huaraz;Huanchay;20216270208;MUNICIPALIDAD DISTRITAL DE HUANCHAY;UF0010457;Botadero Santa Cruz;18;190509.0;8924096.0;114.825492;803.588055;0.080359;Municipalidad distrital de Huanchay;0.036;No;No;Si;No;No;No;No;No;No;No;Recuperación;2018;RCD N°026 -2018-OEFA/CD;;
36518;149;20105;Áncash;Huaraz;Independencia;20172268430;MUNICIPALIDAD PROVINCIAL DE HUARAZ;UF0010503;Botadero Sector Carhuash Jirca;18;219301.0;8943718.0;553.573591;19121.448521;1.912145;Municipalidad provincial de Huaraz;50;Si;No;No;Si;No;No;No;No;No;No;Recuperación;2018;RCD N°026 -2018-OEFA/CD;;R.A. N° 000219-2024-MPHZ/A
36519;150;20106;Áncash;Huaraz;Jangas;20206179776;MUNICIPALIDAD DISTRITAL DE JANGAS;UF0010682;Botadero Sector Punku;18;217019.0;8959138.0;218.055874;2522.432646;0.252243;Municipalidad distrital de Jangas;1.8;Si;No;No;No;No;No;No;No;No;No;Recuperación;2018;RCD N°026 -2018-OEFA/CD;;
36520;151;20108;Áncash;Huaraz;Olleros;20191512121;MUNICIPALIDAD DISTRITAL DE OLLEROS;UF0009581;Botadero de Canrey Grande;18;232241.0;8930464.0;138.10296;1208.973222;0.120897;Municipalidad distrital de Olleros;0.085;Si;No;No;No;No;No;No;No;No;No;Recuperación;2018;RCD N°026 -2018-OEFA/CD;;
36521;152;20109;Áncash;Huaraz;Pampas Grande;20206590921;MUNICIPALIDAD DISTRITAL DE PAMPAS GRANDE;UF0010602;Botadero Sector Jama;18;190064.0;8932681.0;68.015018;320.192907;0.032019;Municipalidad distrital de Pampas Grande;0.1;No;No;Si;No;No;No;No;No;No;No;Recuperación;2018;RCD N°026 -2018-OEFA/CD;;
36522;153;20110;Áncash;Huaraz;Pariacoto;20172267620;MUNICIPALIDAD DISTRITAL DE PARIACOTO;UF0010601;Botadero Sector Incun Punta;18;182433.0;8942766.0;254.176917;3537.796841;0.35378;Municipalidad distrital de Pariacoto;0.28;No;No;No;No;No;No;No;No;No;No;Recuperación;2018;RCD N°026 -2018-OEFA/CD;;
36523;154;20111;Áncash;Huaraz;Pira;20208069820;MUNICIPALIDAD DISTRITAL DE PIRA;UF0010540;Botadero Sector Cruz Punta;18;200289.0;8939408.0;155.961315;1407.311985;0.140731;Municipalidad distrital de Pira;No Precisa;No;No;No;No;No;No;No;No;No;No;Recuperación;2018;RCD N°026 -2018-OEFA/CD;;
36524;155;20112;Áncash;Huaraz;Tarica;20211220253;MUNICIPALIDAD DISTRITAL DE TARICA;UF0013649;Botadero Shallash;18;217889.0;8961588.0;177.671314;1902.25343;0.190225;Municipalidad distrital de Tarica;1.9;No;No;No;No;No;No;No;No;No;No;Recuperación;2021;RESOLUCION N° 00003-2021-OEFA/DSIS;;
36525;156;21002;Áncash;Huari;Anra;20206179695;MUNICIPALIDAD DISTRITAL DE ANRA;UF0009607;Botadero de Huaroyapampa;18;287405.0;8977783.0;133.394588;829.614511;0.082961;Municipalidad distrital de Anra;0.071;Si;No;No;No;No;No;No;No;No;No;Recuperación;2018;RCD N°026 -2018-OEFA/CD;;
36526;157;21003;Áncash;Huari;Cajay;20166604347;MUNICIPALIDAD DISTRITAL DE CAJAY;UF0010161;Botadero Pucyush;18;262628.0;8967588.0;499;7209;0.72;Municipalidad distrital de Cajay;0.25;No;No;No;No;No;No;No;No;No;No;Recuperación;2018;RCD N°026 -2018-OEFA/CD;Resolución N.° 00019-2025-OEFA/DSIS;
36527;158;21004;Áncash;Huari;Chavin de Huantar;20198250199;MUNICIPALIDAD DISTRITAL DE CHAVIN;UF0009532;Botadero Complejo Arqueológico de Agush / Sector Vilcabamba;18;261364.0;8942997.0;403.134904;8395.764741;0.839576;Municipalidad distrital de Chavín de Huantar;0.17;Si;No;No;Si;No;No;No;No;No;No;Recuperación;2018;RCD N°026 -2018-OEFA/CD;;
36528;159;21004;Áncash;Huari;Chavin de Huantar;20198250199;MUNICIPALIDAD DISTRITAL DE CHAVIN;UF0035010;Botadero Centro Ecológico Shanpon;18;260317.0;8942886.0;320;6500;0.65;Municipalidad Distrital de Chavin de Huantar;5;Si;No;No;No;No;No;No;No;No;No;Recuperación;2022;Resolución N.° 00067-2022-OEFA/DSIS;;
36529;160;21005;Áncash;Huari;Huacachi;20212177351;MUNICIPALIDAD DISTRITAL DE HUACACHI;UF0010186;Botadero Quebrada Alkuragra;18;287401.0;8968922.0;86.853059;499.250691;0.049925;Municipalidad distrital de Huacachi;No Precisa;No;No;Si;No;No;No;No;No;No;No;Recuperación;2018;RCD N°026 -2018-OEFA/CD;;
36530;161;21006;Áncash;Huari;Huacchis;20208828321;MUNICIPALIDAD DISTRITAL DE HUACCHIS;UF0010673;Botadero Sector Progreso;18;303476.0;8982786.0;151.055397;1358.40926;0.135841;Municipalidad distrital de Huacchis;0.2;No;No;No;No;No;No;No;No;No;No;Recuperación;2018;RCD N°026 -2018-OEFA/CD;;
36531;162;21006;Áncash;Huari;Huacchis;20208828321;MUNICIPALIDAD DISTRITAL DE HUACCHIS;UF0010794;Botadero Tzacacruz;18;302800.0;8985500.0;160.870743;1708.023086;0.170802;Municipalidad distrital de Huacchis;No Precisa;No;No;No;No;No;No;No;No;No;No;Recuperación;2018;RCD N°026 -2018-OEFA/CD;;
36532;163;21007;Áncash;Huari;Huachis;20208828321;MUNICIPALIDAD DISTRITAL DE HUACCHIS;UF0012763;Botadero Sector Molino Rag-Ra;18;269219.0;8958845.0;79.538742;441.36512;0.044137;Municipalidad distrital de Huacchis;0.11;Si;No;No;Si;No;No;No;No;No;No;Recuperación;2018;RCD N°026 -2018-OEFA/CD;;
36533;164;21008;Áncash;Huari;Huantar;20200033249;MUNICIPALIDAD DISTRITAL DE HUANTAR;UF0015495;Botadero De Huantar;18;261292.0;8954060.0;94.279982;517.163641;0.051716;Municipalidad distrital de Huantar;0.5;Si;No;No;No;No;No;No;No;No;No;Recuperación;2021;RESOLUCION N° 00003-2021-OEFA/DSIS;;
36534;165;21001;Áncash;Huari;Huari;20193046551;MUNICIPALIDAD PROVINCIAL DE HUARI;UF0009464;Botadero Centro Ecológico Huanchac;18;262292.0;8964067.0;316.974606;4006.63882;0.400664;Municipalidad provincial de Huari;7.76;Si;No;No;No;No;No;No;No;No;No;Recuperación;2018;RCD N°026 -2018-OEFA/CD;;
36535;166;21009;Áncash;Huari;Masin;20195410616;MUNICIPALIDAD DISTRITAL DE MASIN;UF0010689;Botadero Sector Ricodo;18;275764.0;8968198.0;175.467213;2006.785599;0.200679;Municipalidad distrital de Masin;0.14;No;No;No;No;No;No;No;No;No;No;Recuperación;2018;RCD N°026 -2018-OEFA/CD;;
36536;167;21010;Áncash;Huari;Paucas;20195406937;MUNICIPALIDAD DISTRITAL DE PAUCAS;UF0009639;Botadero de Rontoy;18;291321.0;8986149.0;320.139578;6758.121352;0.675812;Municipalidad distrital de Paucas;0.285;Si;No;No;No;No;No;No;No;No;No;Recuperación;2018;RCD N°026 -2018-OEFA/CD;;
36537;168;21011;Áncash;Huari;Ponto;20198357660;MUNICIPALIDAD DISTRITAL DE PONTO;UF0010650;Botadero Sector Pajarin;18;279430.0;8968687.0;172.959831;1557.519689;0.155752;Municipalidad distrital de Ponto;0.04;No;No;No;No;No;No;No;No;No;No;Recuperación;2018;RCD N°026 -2018-OEFA/CD;;
36538;169;21012;Áncash;Huari;Rahuapampa;20232716488;MUNICIPALIDAD DISTRITAL DE RAHUAPAMPA;UF0010581;Botadero Sector Gargahuain;18;275160.0;8967444.0;376.57452;2848.576159;0.284858;Municipalidad distrital de Rahuapampa;0.06;No;No;No;No;No;No;No;No;No;No;Recuperación;2018;RCD N°026 -2018-OEFA/CD;;
36539;170;21013;Áncash;Huari;Rapayan;20323089451;MUNICIPALIDAD DISTRITAL DE RAPAYAN;UF0010212;Botadero Quebrada Tranca;18;304488.0;8980349.0;143.291357;1118.802556;0.11188;Municipalidad distrital de Rapayan;No Precisa;No;No;Si;No;No;No;No;No;No;No;Recuperación;2018;RCD N°026 -2018-OEFA/CD;;
36540;171;21014;Áncash;Huari;San Marcos;20166544000;MUNICIPALIDAD DISTRITAL DE SAN MARCOS;UF0010530;Botadero Sector Chuchusmina;18;266690.0;8948163.0;423.427915;12434.623161;1.243462;Municipalidad distrital de San Marcos;0.12;Si;No;No;No;No;No;No;No;No;No;Recuperación;2018;RCD N°026 -2018-OEFA/CD;;
36541;172;21015;Áncash;Huari;San Pedro de Chana;20166604002;MUNICIPALIDAD DISTRITAL DE SAN PEDRO DE CHANA;UF0010204;Botadero Quebrada Mitscka;18;277655.0;8961846.0;290.968136;3751.342687;0.375134;Municipalidad distrital de San Pedro de Chana;0.71;No;No;Si;No;No;No;No;No;No;No;Recuperación;2018;RCD N°026 -2018-OEFA/CD;;
36542;173;21016;Áncash;Huari;Uco;20223022210;MUNICIPALIDAD DISTRITAL DE UCO;UF0010482;Botadero Sector Araj;18;288112.0;8986711.0;146.721451;1436.200381;0.14362;Municipalidad distrital de Uco;0.05;No;No;No;No;No;No;No;No;No;No;Recuperación;2018;RCD N°026 -2018-OEFA/CD;;
36543;174;21102;Áncash;Huarmey;Cochapeti;20222342938;MUNICIPALIDAD DISTRITAL DE COCHAPETI;UF0010870;Botadero Yanque;18;206758.0;8893842.0;90.412435;310.668329;0.031067;Municipalidad distrital de Cochapeti;0.4;No;Si;Si;Si;No;No;No;No;No;No;Recuperación;2018;RCD N°026 -2018-OEFA/CD;;
36544;175;21103;Áncash;Huarmey;Culebras;20191940513;MUNICIPALIDAD DISTRITAL DE CULEBRAS;UF0010295;Botadero S/N;17;805481.0;8901846.0;332;4602;0.46;Municipalidad distrital de Culebras;1.3;No;No;Si;No;No;No;No;No;No;No;Recuperación;2018;RCD N°026 -2018-OEFA/CD;;
36545;176;21101;Áncash;Huarmey;Huarmey;20142747155;MUNICIPALIDAD PROVINCIAL DE HUARMEY;UF0010025;Botadero Municipal de Huarmey;17;811176.0;8889748.0;915.132639;29992.066815;2.999207;Municipalidad provincial de Huarmey;4;Si;Si;Si;Si;No;No;No;No;No;No;Recuperación;2018;RCD N°026 -2018-OEFA/CD;;
36546;177;21104;Áncash;Huarmey;Huayan;20282869617;MUNICIPALIDAD DISTRITAL DE HUAYAN;UF0009319;Botadero Allhuill;18;202335.0;8906193.0;221.038817;3008.052818;0.300805;Municipalidad distrital de Huayan;4.45;No;Si;No;No;No;No;No;No;No;No;Recuperación;2018;RCD N°026 -2018-OEFA/CD;;
36547;178;21105;Áncash;Huarmey;Malvas;20199421639;MUNICIPALIDAD DISTRITAL DE MALVAS;UF0009676;Botadero El Chorro;18;208858.0;8900975.0;71.158901;325.22448;0.032522;Municipalidad distrital de Malvas;0.6;No;Si;Si;Si;No;No;No;No;No;No;Recuperación;2018;RCD N°026 -2018-OEFA/CD;;
36548;179;21202;Áncash;Huaylas;Huallanca;20207751147;MUNICIPALIDAD DISTRITAL DE STO TORIBIO;UF0010549;Botadero Sector de Cullashpunru;18;178747.0;9022920.0;268.773891;3844.562647;0.384456;Municipalidad distrital de Santo Toribio;0.09;Si;No;No;No;No;No;No;No;No;No;Recuperación;2018;RCD N°026 -2018-OEFA/CD;;
36549;180;21202;Áncash;Huaylas;Huallanca;20146925929;MUNICIPALIDAD DISTRITAL DE HUALLANCA;UF0010550;Botadero Sector de Gribaltar;18;182786.0;9026033.0;210.191994;2623.321571;0.262332;Municipalidad distrital de Huallanca, Municipalidad distrital de Yuracmarca;0.08;No;No;No;No;No;No;No;No;No;No;Recuperación;2018;RCD N°026 -2018-OEFA/CD;;
36550;181;21203;Áncash;Huaylas;Huata;20146926143;MUNICIPALIDAD DISTRITAL DE HUATA;UF0010633;Botadero Sector Matipuquio;18;185604.0;9002228.0;120.495233;945.618553;0.094562;Municipalidad distrital de Huata;No Precisa;Si;No;No;No;No;No;No;No;No;No;Recuperación;2018;RCD N°026 -2018-OEFA/CD;;
36551;182;21204;Áncash;Huaylas;Huaylas;20165814887;MUNICIPALIDAD DISTRITAL DE HUAYLAS;UF0017083;Botadero de Curcuy;18;184212.0;9017545.0;162.294582;1350.686533;0.135069;No precisa;1.3;Si;No;No;No;No;No;No;No;No;No;Recuperación;2021;RESOLUCION N° 00005-2021-OEFA;;
36552;183;21205;Áncash;Huaylas;Mato;20146926224;MUNICIPALIDAD DISTRITAL MATO;UF0010660;Botadero Sector Parpacoto;18;186937.0;9009652.0;228.782444;2129.335289;0.212934;Municipalidad distrital de Mato;0.071;No;No;No;No;No;No;No;No;No;No;Recuperación;2018;RCD N°026 -2018-OEFA/CD;;
36553;184;21206;Áncash;Huaylas;Pamparomas;20146925848;MUNICIPALIDAD DISTRITAL PAMPAROMAS;UF0010524;Botadero Sector China Pamparanan;18;171706.0;8995355.0;231.8;1365.17;0.14;Municipalidad distrital de Pamparomas;0.67;No;No;No;No;No;No;No;No;No;No;Recuperación;2018;RCD N°026 -2018-OEFA/CD;Resolución N.° 00022-2025-OEFA/DSIS;
36554;185;21207;Áncash;Huaylas;Pueblo Libre;20195410373;MUNICIPALIDAD DISTRITAL DE PUEBLO LIBRE;UF0010505;Botadero Sector Catucancha;18;191746.0;8993097.0;152.275431;1365.584383;0.136558;Municipalidad distrital de Pueblo Libre;0.08;No;No;No;No;No;No;No;No;No;No;Recuperación;2018;RCD N°026 -2018-OEFA/CD;;
36555;186;21208;Áncash;Huaylas;Santa Cruz;20146920374;MUNICIPALIDAD DISTRITAL SANTA CRUZ;UF0010553;Botadero Sector de Mirasanta;18;191818.0;9007048.0;295.948795;3313.495662;0.33135;Municipalidad distrital de Santa Cruz;0.09;Si;No;No;No;No;No;No;No;No;No;Recuperación;2018;RCD N°026 -2018-OEFA/CD;;
36556;187;21210;Áncash;Huaylas;Yuracmarca;20146926062;MUNICIPALIDAD DISTRITAL DE YURAMARCA;UF0010685;Botadero Sector Quihuay;18;179480.0;9031972.0;136.76444;976.982026;0.097698;Municipalidad distrital de Yuracmarca;1;No;No;No;No;No;No;No;No;No;No;Recuperación;2018;RCD N°026 -2018-OEFA/CD;;
36557;188;21303;Áncash;Mariscal Luzuriaga;Eleazar Guzmán Barron;20286854673;MUNIC. DISTRI. DE ELEAZAR GUZMAN BARRON;UF0010209;Botadero Quebrada Pullao;18;252999.0;9015241.0;69.836637;323.982908;0.032398;Municipalidad distrital de Eleazar Guzmán Barrón;No Precisa;No;No;No;No;No;No;No;No;No;No;Recuperación;2018;RCD N°026 -2018-OEFA/CD;;
36558;189;21304;Áncash;Mariscal Luzuriaga;Fidel Olivas Escudero;20221633882;MUNICIPALIDAD DISTRITAL DE FIDEL OLIVAS ESCUDERO;UF0009372;Botadero Barrio Rayan;18;249356.0;9025871.0;45.732901;147.355936;0.014736;Municipalidad distrital de Fidel Olivas Escudero;No Precisa;No;No;Si;No;No;No;No;No;No;No;Recuperación;2018;RCD N°026 -2018-OEFA/CD;;
36559;190;21306;Áncash;Mariscal Luzuriaga;Llumpa;20218480269;MUNICIPALIDAD DISTRITAL DE LLUMPA;UF0010692;Botadero Sector Ruquiash Pampa;18;239976.0;9009023.0;219.753046;3005.713524;0.300571;Municipalidad distrital de Llumpa;0.28;No;No;No;No;No;No;No;No;No;No;Recuperación;2018;RCD N°026 -2018-OEFA/CD;;
36560;191;21308;Áncash;Mariscal Luzuriaga;Musga;20212824641;MUNICIPALIDAD PROV DE MARISCAL LUZURIAGA;UF0010070;Botadero Pacosbamba;18;239820.0;9014669.0;197.323555;2039.700152;0.20397;Municipalidad provincial de Mariscal Luzuriaga, Municipalidad distrital de Lucma;No Precisa;Si;No;No;Si;No;No;No;No;No;No;Recuperación;2018;RCD N°026 -2018-OEFA/CD;;
36561;192;21308;Áncash;Mariscal Luzuriaga;Musga;20286864806;MUNICIPALIDAD DISTRITAL DE LLAMA;UF0010534;Botadero Sector Condorsenga;18;245775.0;9011562.0;221.402498;2295.175883;0.229518;Municipalidad distrital de Llama;0.04;No;No;No;No;No;No;No;No;No;No;Recuperación;2018;RCD N°026 -2018-OEFA/CD;;
36562;193;21402;Áncash;Ocros;Acas;20198899802;MUNICIPALIDAD DISTRITAL DE ACAS;UF0010495;Botadero Sector Callacocha;18;245364.0;8844062.0;141.796651;1022.073821;0.102207;Municipalidad distrital de Acas;No Precisa;No;No;Si;No;No;No;No;No;No;No;Recuperación;2018;RCD N°026 -2018-OEFA/CD;;
36563;194;21403;Áncash;Ocros;Cajamarquilla;20223019260;MUNICIPALIDAD DISTRITAL DE CAJAMARQUILLA;UF0010485;Botadero Sector Ashaujirca;18;259291.0;8854759.0;71.539741;333.112626;0.033311;Municipalidad distrital de Cajamarquilla;No Precisa;No;Si;No;No;No;No;No;No;No;No;Recuperación;2018;RCD N°026 -2018-OEFA/CD;;
36564;195;21404;Áncash;Ocros;Carhuapampa;20323010961;MUNICIPALIDAD DISTRITAL DE CARHUAPAMPA;UF0010203;Botadero Quebrada Minaspunta;18;254193.0;8836896.0;95.478809;482.940197;0.048294;Municipalidad distrital de Carhuapampa;No Precisa;No;No;Si;No;No;No;No;No;No;No;Recuperación;2018;RCD N°026 -2018-OEFA/CD;;
36565;196;21405;Áncash;Ocros;Cochas;20194312319;MUNICIPALIDAD DISTRITAL DE COCHAS;UF0010189;Botadero Quebrada Cabrillas;18;234951.0;8832805.0;125.347487;890.176436;0.089018;Municipalidad distrital de Cochas;No Precisa;No;No;Si;No;No;No;No;No;No;No;Recuperación;2018;RCD N°026 -2018-OEFA/CD;;
36566;197;21406;Áncash;Ocros;Congas;20155012511;MUNICIPALIDAD DISTRITAL DE CONGAS;UF0009413;Botadero Cardumpampa Peana - Sector Mirache;18;231010.0;8856274.0;150.230365;1155.08361;0.115508;Municipalidad distrital de Congas;0.071;No;No;No;No;No;No;No;No;No;No;Recuperación;2018;RCD N°026 -2018-OEFA/CD;;
36567;198;21407;Áncash;Ocros;Llipa;20228222845;MUNICIPALIDAD DISTRITAL DE LLIPA;UF0009604;Botadero de Hualturajra;18;259139.0;8851270.0;100.770651;629.480774;0.062948;Municipalidad distrital de Llipa;0.071;No;No;No;No;No;No;No;No;No;No;Recuperación;2018;RCD N°026 -2018-OEFA/CD;;
36568;199;21407;Áncash;Ocros;Llipa;20208828593;MUNIC DISTRITAL DE SAN CRISTOBAL D RAJAN;UF0009573;Botadero de Arenacoto;18;255835.0;8851516.0;85.771395;450.72628;0.045073;Municipalidad distrital de San Cristobal de Raján;0.071;No;No;No;No;No;No;No;No;No;No;Recuperación;2018;RCD N°026 -2018-OEFA/CD;;
36569;200;21401;Áncash;Ocros;Ocros;20189313544;MUNICIPALIDAD PROVINCIAL DE OCROS;UF0010489;Botadero Sector Ayar;18;236657.0;8847379.0;184.305858;1824.134859;0.182413;Municipalidad provincial de Ocros;No Precisa;No;No;Si;Si;No;No;No;No;No;No;Recuperación;2018;RCD N°026 -2018-OEFA/CD;;
36570;201;21409;Áncash;Ocros;San Pedro;20364841109;MUNICIPALIDAD DISTRITAL DE SAN PEDRO;UF0010475;Botadero Sector Allpamanca;18;226848.0;8851233.0;109.730982;762.496507;0.07625;Municipalidad distrital de San Pedro;0.114;No;No;No;No;No;No;No;No;No;No;Recuperación;2018;RCD N°026 -2018-OEFA/CD;;
36571;202;21410;Áncash;Ocros;Santiago de Chilcas;20194658371;MUNICIPALIDAD DISTRITAL DE SANTIAGO DE CHILCAS;UF0009636;Botadero de Pushpushjuran;18;241138.0;8846226.0;104.853356;623.90308;0.06239;Municipalidad distrital de Santiago de Chilcas;0.035;No;No;No;No;No;No;No;No;No;No;Recuperación;2018;RCD N°026 -2018-OEFA/CD;;
36572;203;21501;Áncash;Pallasca;Cabana;20224324601;MUNICIPALIDAD PROVINCIAL DE PALLASCA;UF0009729;Botadero Huacoloma - Manantial Amarillo;17;829199.0;9073481.0;203.392934;1845.56219;0.184556;Municipalidad provincial de Pallasca;2;No;No;Si;No;No;No;No;No;No;No;Recuperación;2018;RCD N°026 -2018-OEFA/CD;;
36573;204;21503;Áncash;Pallasca;Conchucos;20195717428;MUNICIPALIDAD DISTRITAL DE CONCHUCOS;UF0038880;Botadero Sector Chaupirca;18;188024.01;9086203.07;1242.079;49790;4.979;Municipalidad distrital de Conchucos;No precisa;Si;No;No;No;No;No;No;No;No;No;Recuperación;2024;RESOLUCIÓN N° 00136-2024-OEFA/DSIS;;
36574;205;21504;Áncash;Pallasca;Huacaschuque;20198095444;MUNICIPALIDAD DISTRITAL DE HUACASCHUQUE;UF0009831;Botadero Las Panisaras;18;171225.0;9080630.0;58.880805;218.446195;0.021845;Municipalidad distrital de Huacaschuque;0.14;No;No;No;No;Si;No;No;No;No;No;Recuperación;2018;RCD N°026 -2018-OEFA/CD;;
36575;206;21505;Áncash;Pallasca;Huandoval;20229173074;MUNICIPALIDAD DISTRITAL DE HUANDOVAL;UF0009320;Botadero Allicama;18;170292.0;9077785.0;125.359741;1011.174305;0.101117;Municipalidad distrital de Huandoval;1;Si;No;No;No;No;No;No;No;No;No;Recuperación;2018;RCD N°026 -2018-OEFA/CD;;
36576;207;21506;Áncash;Pallasca;Lacabamba;20282804248;MUNICIPALIDAD DISTRITAL DE LACABAMBA;UF0009387;Botadero Cabiña;18;180940.0;9087417.0;84.865601;478.264366;0.047826;Municipalidad distrital de Lacabamba;No Precisa;No;Si;Si;No;No;No;No;No;No;No;Recuperación;2018;RCD N°026 -2018-OEFA/CD;;
36577;208;21506;Áncash;Pallasca;Lacabamba;20195717428;MUNICIPALIDAD DISTRITAL DE CONCHUCOS;UF0010544;Botadero Sector Cumbal;18;183785.0;9085124.0;135.492323;1064.287666;0.106429;Municipalidad distrital de Conchucos;11;No;No;No;No;No;No;No;No;No;No;Recuperación;2018;RCD N°026 -2018-OEFA/CD;;
36578;209;21508;Áncash;Pallasca;Pallasca;20232936097;MUNICIPALIDAD DISTRITAL DE PALLASCA;UF0009818;Botadero La Playa;17;830036.0;9084876.0;387;10022;1;Municipalidad distrital de Pallasca;0.044;No;No;No;No;No;No;No;No;No;No;Recuperación;2018;RCD N°026 -2018-OEFA/CD;Resolución N.° 0017-2025-OEFA/DSIS;
36579;210;21509;Áncash;Pallasca;Pampas;20219340894;MUNICIPALIDAD DISTRITAL DE PAMPAS;UF0009530;Botadero Combaque;18;181668.0;9093300.0;143.442648;1243.579099;0.124358;Municipalidad distrital de Pampas;2;Si;No;No;No;No;No;No;No;No;No;Recuperación;2018;RCD N°026 -2018-OEFA/CD;;
36580;211;21510;Áncash;Pallasca;Santa Rosa;20198118835;MUNICIPALIDAD DISTRITAL DE SANTA ROSA;UF0010762;Botadero Ticahuas;17;821276.0;9056470.0;104.724003;706.276625;0.070628;Municipalidad distrital de Santa Rosa;1.5;No;No;Si;No;No;No;No;No;No;No;Recuperación;2018;RCD N°026 -2018-OEFA/CD;;
36581;212;21511;Áncash;Pallasca;Tauca;20282749042;MUNICIPALIDAD DISTRITAL DE TAUCA;UF0009394;Botadero Calaballe;17;820249.0;9064888.0;184.143719;2239.081791;0.223908;Municipalidad distrital de Tauca;2;No;No;No;No;No;No;No;No;No;No;Recuperación;2018;RCD N°026 -2018-OEFA/CD;;
36582;213;21603;Áncash;Pomabamba;Parobamba;20322944722;MUNICIPALIDAD DISTRITAL DE PAROBAMBA;UF0010516;Botadero Sector Chacpa;18;231747.0;9037607.0;55.973209;200.528977;0.020053;Municipalidad distrital de Parobamba;0.07;No;No;Si;No;No;No;No;No;No;No;Recuperación;2018;RCD N°026 -2018-OEFA/CD;;
36583;214;21601;Áncash;Pomabamba;Pomabamba;20207429091;MUNICIPALIDAD PROVINCIAL DE POMABAMBA;UF0009795;Botadero Kircabamba;18;226093.0;9027469.0;177.414378;1582.94831;0.158295;Municipalidad provincial de Pomabamba, Municipalidad distrital de Huayllan, Municipalidad distrital de Casca;9.79;Si;No;Si;Si;No;No;No;No;No;No;Recuperación;2018;RCD N°026 -2018-OEFA/CD;;
36584;215;21604;Áncash;Pomabamba;Quinuabamba;20286835709;MUNICIPALIDAD DISTRITAL DE QUINUABAMBA;UF0010555;Botadero Sector de Rupey Rajra;18;235951.0;9036910.0;123.108047;923.883675;0.092388;Municipalidad distrital de Quinuabamba;0.1;Si;No;No;No;No;No;No;No;No;No;Recuperación;2018;RCD N°026 -2018-OEFA/CD;;
36585;216;21702;Áncash;Recuay;Catac;20175283944;MUNICIPALIDAD DISTRITAL DE CATAC;UF0009572;Botadero de Aquirma;18;234896.0;8917071.0;299.767626;4799.8917;0.479989;Municipalidad distrital de Catac;2;No;No;No;No;No;No;No;No;No;No;Recuperación;2018;RCD N°026 -2018-OEFA/CD;;
36586;217;21703;Áncash;Recuay;Cotaparaco;20189311762;MUNICIPALIDAD DISTRITAL DE COTAPARACO;UF0010076;Botadero Paltachacra;18;215607.0;8893473.0;215.470813;3262.444463;0.326244;Municipalidad distrital de Cotaparaco;No Precisa;Si;No;No;No;No;No;No;No;No;No;Recuperación;2018;RCD N°026 -2018-OEFA/CD;;
36587;218;21704;Áncash;Recuay;Huayllapampa;20323083500;MUNICIPALIDAD DISTRITAL DE HUAYLLAPAMPA;UF0010501;Botadero Sector Carachuco;18;222064.0;8885985.0;153.665376;1526.237573;0.152624;Municipalidad distrital de Huayllapampa;No Precisa;Si;No;No;No;No;No;No;No;No;No;Recuperación;2018;RCD N°026 -2018-OEFA/CD;;
36588;219;21705;Áncash;Recuay;Llacllin;20200036931;MUNICIPALIDAD DISTRITAL DE LLACLLIN;UF0010556;Botadero Sector de Sillacaca;18;212064.0;8885810.0;147.878467;1039.894075;0.103989;Municipalidad distrital de Llacllín;0.11;Si;No;No;No;No;No;No;No;No;No;Recuperación;2018;RCD N°026 -2018-OEFA/CD;;
36589;220;21706;Áncash;Recuay;Marca;20146940642;MUNICIPALIDAD DISTRITAL DE MARCA;UF0009512;Botadero Chinchiguas;18;225894.0;8882889.0;132.982612;1211.856636;0.121186;Municipalidad distrital de Marca;0.014;No;No;No;No;No;No;No;No;No;No;Recuperación;2018;RCD N°026 -2018-OEFA/CD;;
36590;221;21707;Áncash;Recuay;Pampas Chico;20223388117;MUNICIPALIDAD DISTRITAL DE PAMPAS CHICO;UF0010560;Botadero Sector del Cementerio - Hualla;18;237366.0;8880791.0;117.680505;748.047739;0.074805;Municipalidad distrital de Pampas Chico;0.08;No;No;No;No;No;No;No;No;No;No;Recuperación;2018;RCD N°026 -2018-OEFA/CD;;
36591;222;21708;Áncash;Recuay;Pararin;20188903569;MUNICIPALIDAD DISTRITAL DE PARARIN;UF0010676;Botadero Sector Pucacruz;18;208922.0;8887332.0;87.044557;455.865928;0.045587;Municipalidad distrital de Pararín;No Precisa;No;No;Si;No;No;No;No;No;No;No;Recuperación;2018;RCD N°026 -2018-OEFA/CD;;
36592;223;21709;Áncash;Recuay;Tapacocha;20206591065;MUNICIPALIDAD DISTRITAL DE TAPACOCHA;UF0010211;Botadero Quebrada Shallalla;18;217891.0;8892022.0;136.511793;1156.720761;0.115672;Municipalidad distrital de Tapacocha;No Precisa;Si;No;No;No;No;No;No;No;No;No;Recuperación;2018;RCD N°026 -2018-OEFA/CD;;
36593;224;21710;Áncash;Recuay;Ticapampa;20185379079;MUNICIPALIDAD PROVINCIAL DE RECUAY;UF0009463;Botadero Centro Ecológico Chuyan ;18;230870.0;8922190.0;302.797339;5518.235267;0.551824;Municipalidad provincial de Recuay, Municipalidad distrital de Ticapampa;No Precisa;Si;No;No;Si;No;No;No;No;No;No;Recuperación;2018;RCD N°026 -2018-OEFA/CD;;
36594;225;21802;Áncash;Santa;Cáceres del Perú;20198089801;MUNICIPALIDAD DISTRITAL CACERES DEL PERU;UF0010667;Botadero Sector Pisin Alto;17;813705.0;9006843.0;194;1803;0.18;Municipalidad distrital de Cáceres del Peru;1;Si;No;Si;No;Si;No;No;No;No;No;Recuperación;2018;RCD N°026 -2018-OEFA/CD;Resolución N.° 00019-2025-OEFA/DSIS;
36595;226;21801;Áncash;Santa;Chimbote;20163065330;MUNICIPALIDAD PROVINCIAL DEL SANTA;UF0010013;Botadero Municipal – Coishco;17;762841.0;8999990.0;756.286867;35925.599733;3.59256;Municipalidad provincial del Santa, Municipalidad distrital de Coishco;280;Si;No;Si;Si;No;No;No;No;No;No;Recuperación;2018;RCD N°026 -2018-OEFA/CD;;
36596;227;21804;Áncash;Santa;Macate;20199871677;MUNICIPALIDAD DISTRITAL DE MACATE;UF0009680;Botadero El Mirador;17;819418.0;9034823.0;123;745;0.7;Municipalidad distrital de Macate;0.06;No;No;No;No;No;No;No;No;No;No;Recuperación;2018;RCD N°026 -2018-OEFA/CD;Resolución N.° 0017-2025-OEFA/DSIS;
36597;228;21805;Áncash;Santa;Moro;20186443391;MUNICIPALIDAD DISTRITAL DE MORO;UF0009355;Botadero Asentamiento Humano Nuevo Moro;17;811165.0;8989808.0;259.491905;4664.255958;0.466426;Municipalidad distrital de Moro;5;No;Si;Si;No;No;No;No;No;No;No;Recuperación;2018;RCD N°026 -2018-OEFA/CD;;
36598;229;21806;Áncash;Santa;Nepeña;20198090647;MUNICIPALIDAD DISTRITAL DE NEPEñA;UF0010746;Botadero Solivin;17;800004.0;8988665.0;2561;74000;7.4;Municipalidad distrital de Nepeña;8;No;No;Si;No;No;No;No;No;No;No;Recuperación;2018;RCD N°026 -2018-OEFA/CD;;
36599;230;21809;Áncash;Santa;Nuevo Chimbote;20282911915;MUNICIPALIDAD DISTRITAL DE NVO CHIMBOTE;UF0010088;Botadero Pampa la Carbonera;17;782122.0;8985945.0;4373.67;520874;52.08;Municipalidad distrital de Nuevo Chimbote, Municipalidad distrital de Comandante Noel;0.1;No;No;No;No;No;No;No;No;No;No;Recuperación;2018;RCD N°026 -2018-OEFA/CD;;R.G. N° 0002-2025-GGA-MPS
36600;231;21807;Áncash;Santa;Samanco;20186461615;MUNICIPALIDAD DISTRITAL DE SAMANCO;UF0009799;Botadero La Boquita;17;773315.0;8974337.0;202.742506;2498.441977;0.249844;Municipalidad distrital de Samánco;9;No;Si;Si;Si;No;No;No;No;No;No;Recuperación;2018;RCD N°026 -2018-OEFA/CD;;
36601;232;21808;Áncash;Santa;Santa;"20179525101
20174909157";"MUNICIPALIDAD DISTRITAL DE SANTA
MUNICIPALIDAD DISTRITAL DE COISHCO";UF0009732;Botadero Huamanchacate;17;763934.0;9002828.0;1362;47821;4.8;Municipalidad distrital de Santa, Municipalidad distrital de Coishco;40;Si;No;Si;No;No;No;No;No;No;No;Recuperación;2018;RCD N°026 -2018-OEFA/CD;Resolución N.° 00028-2025-OEFA/DSIS, Resolución N.° 00013-2025-OEFA/DSIS;
36602;233;21902;Áncash;Sihuas;Acobamba;20226911988;MUNICIPALIDAD DISTRITAL DE ACOBAMBA;UF0010202;Botadero Quebrada Los Ojitos;18;219071.0;9078841.0;73.414854;427.810049;0.042781;Municipalidad distrital de Acobamba;0.071;No;No;Si;No;No;No;No;No;No;No;Recuperación;2018;RCD N°026 -2018-OEFA/CD;;
36603;234;21903;Áncash;Sihuas;Alfonso Ugarte;20223020519;MUNICIPIO DISTRITAL DE ALFONSO UGARTE;UF0010213;Botadero Quebrada Viscerro Yacu;18;232470.0;9064651.0;70.538993;243.869273;0.024387;Municipalidad distrital de Alfonso Ugarte;No Precisa;No;No;No;No;No;No;No;No;No;No;Recuperación;2018;RCD N°026 -2018-OEFA/CD;;
36604;235;21904;Áncash;Sihuas;Cashapampa;20223020438;MUNICIPALIDAD DISTRITAL DE CASHAPAMPA;UF0010703;Botadero Sector Shecshe;18;207973.0;9052111.0;139.948747;1001.370434;0.100137;Municipalidad distrital de Cashapampa;No Precisa;No;No;Si;No;No;No;No;No;No;No;Recuperación;2018;RCD N°026 -2018-OEFA/CD;;
36605;236;21905;Áncash;Sihuas;Chingalpo;20206591499;MUNICIPALIDAD DISTRITAL DE CHINGALPO;UF0010215;Botadero Quebrada Zenga;18;212221.0;9074860.0;48.586596;187.376843;0.018738;Municipalidad distrital de Chingalpo;No Precisa;No;No;Si;No;No;No;No;No;No;No;Recuperación;2018;RCD N°026 -2018-OEFA/CD;;
36606;237;21906;Áncash;Sihuas;Huayllabamba;20188754890;MUNICIPALIDAD PROVINCIAL DE SIHUAS;UF0009866;Botadero Maraybamba Abajo;18;214924.0;9049706.0;233.367257;3817.580965;0.381758;Municipalidad provincial de Sihuas;5.05;No;No;No;Si;No;No;No;No;No;No;Recuperación;2018;RCD N°026 -2018-OEFA/CD;;
36607;238;21906;Áncash;Sihuas;Huayllabamba;20200032781;MUNICIPALIDAD DISTRITAL DE HUAYLLABAMBA;UF0010736;Botadero Sector Huanchi;18;217041.0;9056855.0;222.771823;2767.269659;0.276727;Municipalidad distrital de Hauyllabamba;0.1;Si;No;No;No;No;No;No;No;No;No;Recuperación;2018;RCD N°026 -2018-OEFA/CD;;
36608;239;21907;Áncash;Sihuas;Quiches;20198353915;MUNICIPALIDAD DISTRITAL DE QUICHES;UF0010486;Botadero Sector Auyubamba;18;224529.0;9071362.0;146.471617;1206.8974;0.12069;Municipalidad distrital de Quiches;0.15;No;Si;No;Si;No;No;No;No;No;No;Recuperación;2018;RCD N°026 -2018-OEFA/CD;;
36609;240;21908;Áncash;Sihuas;Ragash;20200034211;MUNICIPALIDAD DISTRITAL DE RAGASH;UF0010706;Botadero Sector Sogoranra;18;205913.0;9055993.0;81.487636;407.539602;0.040754;Municipalidad distrital de Ragash;0.35;Si;No;Si;Si;No;No;No;No;No;No;Recuperación;2018;RCD N°026 -2018-OEFA/CD;;
36610;241;21909;Áncash;Sihuas;San Juan;20200034997;MUNICIPALIDAD DISTRITAL DE SAN JUAN;UF0036265;Botadero Puca Rumi;18;215346.0;9045282.0;60;6000;0.6;Municipalidad distrital de San Juan;0.035;No;No;No;No;No;No;No;No;No;No;Recuperación;2023;Resolución N.° 00031-2023-OEFA/DSIS;;
36611;242;21910;Áncash;Sihuas;Sicsibamba;20202015094;MUNICIPALIDAD DISTRITAL DE SICSIBAMBA;UF0010578;Botadero Sector Estrellapampa;18;220532.0;9049040.0;114.585595;714.930361;0.071493;Municipalidad distrital de Sicsibamba, Municipalidad distrital de Sihuas;0.023;No;No;Si;No;No;No;No;No;No;No;Recuperación;2018;RCD N°026 -2018-OEFA/CD;;
36612;243;22003;Áncash;Yungay;Mancos;20191116365;MUNICIPALIDAD DISTRITAL DE MANCOS;UF0009764;Botadero Huellac;18;202556.0;8983531.0;233.745381;2259.116186;0.225912;Municipalidad distrital de Mancos;1.5;No;No;No;No;No;No;No;No;No;No;Recuperación;2018;RCD N°026 -2018-OEFA/CD;;
36613;244;22004;Áncash;Yungay;Matacoto;20213370210;MUNICIPALIDAD DISTRITAL DE RANRAHIRCA;UF0010715;Botadero Sector Tinco;18;199595.0;8984548.0;184.724541;1464.012313;0.146401;Municipalidad distrital de Ranrahirca;0.5;No;No;No;No;No;No;No;No;No;No;Recuperación;2018;RCD N°026 -2018-OEFA/CD;Resolución N.° 00022-2025-OEFA/DSIS;
36614;245;22005;Áncash;Yungay;Quillo;20222952256;MUNICIPALIDAD DISTRITAL DE QUILLO;UF0010592;Botadero Sector Huantaruran;17;824864.0;8967208.0;91.96;466;0.0466;Municipalidad distrital de Quillo;0.57;Si;No;No;No;No;No;No;No;No;No;Recuperación;2018;RCD N°026 -2018-OEFA/CD;Resolución N.° 00062-2024-OEFA/DSIS;
36615;246;22006;Áncash;Yungay;Ranrahirca;20213370210;MUNICIPALIDAD DISTRITAL DE RANRAHIRCA;UF0010640;Botadero Sector Monte Bello;18;201359.0;8984398.0;95.731904;460.33821;0.046034;Municipalidad distrital de Ranrahirca;0.5;No;No;No;No;No;No;No;No;No;No;Recuperación;2018;RCD N°026 -2018-OEFA/CD;Resolución N.° 00022-2025-OEFA/DSIS;
36616;247;22007;Áncash;Yungay;Shupluy;20206588943;MUNICIPALIDAD DISTRITAL DE SHUPLUY;UF0010484;Botadero Sector Arshuachanan;18;203553.0;8979850.0;159.244446;1194.572544;0.119457;Municipalidad distrital de Shupluy;0.06;No;No;No;No;No;No;No;No;No;No;Recuperación;2018;RCD N°026 -2018-OEFA/CD;;
36617;248;22008;Áncash;Yungay;Yanama;20213928989;MUNICIPALIDAD DISTRITAL DE YANAMA;UF0010548;Botadero Sector de Cochaucro;18;229096.0;9002735.0;210.881149;2000.132699;0.200013;Municipalidad distrital de Yanama;No Precisa;Si;No;No;No;No;No;No;No;No;No;Recuperación;2018;RCD N°026 -2018-OEFA/CD;;
36618;249;22001;Áncash;Yungay;Yungay;20193334262;MUNICIPALIDAD PROVINCIAL DE YUNGAY;UF0009528;Botadero Collcapampa;18;195895.0;8995019.0;286.784292;4604.735237;0.460474;Municipalidad provincial de Yungay;12;Si;No;No;No;No;No;No;No;No;No;Recuperación;2018;RCD N°026 -2018-OEFA/CD;;
36619;250;22001;Áncash;Yungay;Yungay;20210557432;MUNICIPALIDAD DISTRITAL DE MATACOTO;UF0009654;Botadero de Tarash Uran;18;198908.0;8984745.0;204.520991;2570.676174;0.257068;Municipalidad distrital de Matacoto;0.2;No;No;No;No;No;No;No;No;No;No;Recuperación;2018;RCD N°026 -2018-OEFA/CD;;
36620;251;30101;Apurímac;Abancay;Abancay;"20148182788
20175824619";"MUNICIPALIDAD PROVINCIAL DE ABANCAY
MUNICIPALIDAD DISTRITAL DE TAMBURCO";UF0010227;Botadero Quitasol Imponeda;18;724292.0;8490144.0;1263;34999;3.5;Municipalidad provincial de Abancay, Municipalidad distrital de Tamburco;0;No;No;No;No;No;No;No;No;No;No;Recuperación;2018;RCD N°026 -2018-OEFA/CD;Resolución N.° 00147-2024-OEFA/DSIS, Resolución N.° 00140-2024-OEFA/DSIS;
36621;252;30101;Apurímac;Abancay;Abancay;20148182788;MUNICIPALIDAD PROVINCIAL DE ABANCAY;UF0038230;Botadero Panamericana 01;18;726738.668;8489263.63;762.61;25738;2.57;Municipalidad provincial de Abancay;80;No;No;No;No;No;No;No;No;No;No;Recuperación;2024;Resolución N° 0035-2024-OEFA/DSIS;;
36622;253;30101;Apurímac;Abancay;Abancay;20148182788;MUNICIPALIDAD PROVINCIAL DE ABANCAY;UF0038315;Botadero Imponeda Abancay;18;723312.8608;8490077.7785;289.51;4785;0.4785;Municipalidad provincial de Abancay;80;No;No;No;No;No;No;No;No;No;No;Recuperación;2024;Resolución N.° 00052-2024-OEFA/DSIS;;
36623;254;30101;Apurímac;Abancay;Abancay;"20148182788
20175824619";"MUNICIPALIDAD PROVINCIAL DE ABANCAY
MUNICIPALIDAD DISTRITAL DE TAMBURCO";UF0037974;Botadero Pachachaca;18;723726.0;8487822.0;620.56;20000;2;Municipalidad provincial de Abancay,  Municipalidad distrital de Tamburco;60;No;No;No;No;No;No;No;No;No;No;Recuperación;2024;Resolución N.° 00052-2024-OEFA/DSIS;Resolución N.° 00140-2024-OEFA/DSIS;
36624;255;30102;Apurímac;Abancay;Chacoche;20216026048;MUNICIPALIDAD DISTRITAL DE CHACOCHE;UF0009484;Botadero Chaccocerca;18;716821.0;8457936.0;73.318705;325.460862;0.032546;Municipalidad distrital de Chacoche;0.39;No;No;Si;Si;No;No;No;No;No;No;Recuperación;2018;RCD N°026 -2018-OEFA/CD;;
36625;256;30102;Apurímac;Abancay;Chacoche;20216026048;MUNICIPALIDAD DISTRITAL DE CHACOCHE;UF0034663;Botadero Huaranginayoc;18;713048.0;8462510.0;1400;10000;1;Municipalidad Distrital de Chacoche;0.285;No;No;Si;No;No;No;No;No;No;No;Recuperación;2022;Resolución N.° 00054-2022-OEFA/DSIS;;
36626;257;30103;Apurímac;Abancay;Circa;20173249421;MUNICIPALIDAD DISTRITAL DE CIRCA;UF0009761;Botadero Huayrachina;18;729338.0;8464824.0;59.9;250;0.025;Municipalidad distrital de Circa;0.13;No;No;No;No;No;No;No;No;No;No;Recuperación;2018;RCD N°026 -2018-OEFA/CD;Resolución N.° 00028-2025-OEFA/DSIS;
36627;258;30104;Apurímac;Abancay;Curahuasi;20185897967;MUNICIPALIDAD DISTRITAL DE CURAHUASI;UF0010831;Botadero Uchupata;18;753058.0;8500385.0;329.485065;6282.037961;0.628204;Municipalidad distrital de Curahuasi;7.44;No;No;No;No;No;No;No;No;No;No;Recuperación;2018;RCD N°026 -2018-OEFA/CD;;
36628;259;30105;Apurímac;Abancay;Huanipaca;20192088772;MUNICIPALIDAD DISTRITAL HUANIPACA;UF0010071;Botadero Pacpiri;18;725002.0;8506424.0;87.23752;458.803111;0.04588;Municipalidad distrital de Huanipaca;0;No;No;No;No;No;No;No;No;No;No;Recuperación;2018;RCD N°026 -2018-OEFA/CD;;
36629;260;30105;Apurímac;Abancay;Huanipaca;20192088772;MUNICIPALIDAD DISTRITAL HUANIPACA;UF0035312;Botadero Mutcapata;18;723545.0;8508168.0;115.7;770;0.077;Municipalidad Distrital de Huanipaca;0.0006;No;No;No;No;No;No;No;No;No;No;Recuperación;2022;Resolución N.° 00067-2022-OEFA/DSIS;;
36630;261;30106;Apurímac;Abancay;Lambrama;20163033136;MUNICIPALIDAD DE LAMBRAMA;UF0010126;Botadero Paspaccata;18;740647.0;8465955.0;70.61944;290.031388;0.029003;Municipalidad distrital de Lambrama;0.95;No;No;No;Si;No;No;No;No;No;No;Recuperación;2018;RCD N°026 -2018-OEFA/CD;;
36631;262;30106;Apurímac;Abancay;Lambrama;20163033136;MUNICIPALIDAD DE LAMBRAMA;UF0034664;Botadero Tanccama;18;741261.0;8467175.0;1000;40000;4;Municipalidad Distrital de Lambrama;0.15;No;No;No;No;No;No;No;No;No;No;Recuperación;2022;Resolución N.° 00054-2022-OEFA/DSIS;;
36632;263;30106;Apurímac;Abancay;Lambrama;20148182788;MUNICIPALIDAD PROVINCIAL DE ABANCAY;UF0038316;Botadero Chocchopesana Lambrama;18;725171.8887;8481440.269;792.96;41869;4.1869;Municipalidad provincial de Abancay;80;No;No;No;No;No;No;No;No;No;No;Recuperación;2024;Resolución N.° 00052-2024-OEFA/DSIS;;
36633;264;30107;Apurímac;Abancay;Pichirhua;20148182869;MUNICIPALIDAD DISTRITAL DE PICHIRHUA;UF0010351;Botadero S/N;18;708430.0;8466654.0;27;32;0.00321;Municipalidad distrital de Pichirhua;0.97;No;No;No;No;No;No;No;No;No;No;Recuperación;2018;RCD N°026 -2018-OEFA/CD;;
36634;265;30107;Apurímac;Abancay;Pichirhua;20148182869;MUNICIPALIDAD DISTRITAL DE PICHIRHUA;UF0034665;Botadero Yura Yurac;18;709749.0;8465120.0;98.1;604;0.0604;Municipalidad Distrital de Pichirhua;0.2;No;No;No;No;No;No;No;No;No;No;Recuperación;2022;Resolución N.° 00054-2022-OEFA/DSIS;Resolución N.° 00028-2025-OEFA/DSIS;
36635;266;30108;Apurímac;Abancay;San Pedro de Cachora;20172935673;MUNICIPALIDAD DISTRITAL SAN PEDRO DE CACHORA;UF0009765;Botadero Huilcayoc;18;739128.04;8510195.59;100;451;0.0451;Municipalidad distrital de San Pedro de Cachora;0.8;No;No;No;No;No;No;No;No;No;No;Recuperación;2018;RCD N°026 -2018-OEFA/CD;Resolución N.° 00002-2025-OEFA/DSIS;
36636;267;30202;Apurímac;Andahuaylas;Andarapa;20207761886;MUNICIPALIDAD DISTRITAL DE ANDARAPA;UF0009696;Botadero en el Sector Puituc;18;676274.0;8505736.0;177;1800;0.18;Municipalidad distrital de Andarapa;0.02;No;No;No;No;No;No;No;No;No;No;Recuperación;2018;RCD N°026 -2018-OEFA/CD;Resolución N.° 00024-2025-OEFA/DSIS;
36637;268;30203;Apurímac;Andahuaylas;Chiara;20201231681;MUNICIPALIDAD DISTRITAL DE CHIARA;UF0009496;Botadero Chaupiorcco;18;644106.0;8465844.0;52.171738;152.173127;0.015217;Municipalidad distrital de Chiara;0.6;No;No;Si;No;No;No;No;No;No;No;Recuperación;2018;RCD N°026 -2018-OEFA/CD;;
36638;269;30204;Apurímac;Andahuaylas;Huancarama;20192041628;MUNICIPALIDAD DISTRITAL DE PACOBAMBA;UF0009698;Botadero en el Sector Quishuarpampa;18;708127.0;8492477.0;230;3500;0.35;Municipalidad distrital de Pacobamba;0.4;No;No;No;No;No;No;No;No;No;No;Recuperación;2018;RCD N°026 -2018-OEFA/CD;Resolución N.° 00103-2024-OEFA/DSIS;
36639;270;30205;Apurímac;Andahuaylas;Huancaray;20163031192;MUNICIPALIDAD DISTRITAL SAN ANTONIO DE CACHI;UF0010225;Botadero Quishue;18;653635.0;8477059.0;172.440774;1800.009283;0.180001;Municipalidad distrital de San Antonio de Cachi;1.43;No;No;No;No;No;No;No;No;No;No;Recuperación;2018;RCD N°026 -2018-OEFA/CD;;
36640;271;30205;Apurímac;Andahuaylas;Huancaray;20201967181;MUNICIPALIDAD DISTRITAL DE HUANCARAY;UF0010303;Botadero S/N;18;657684.0;8479531.0;210;2500;0.25;Municipalidad distrital de Huancaray;0;No;No;No;No;No;No;No;No;No;No;Recuperación;2018;RCD N°026 -2018-OEFA/CD;;
36641;272;30205;Apurímac;Andahuaylas;Huancaray;20201967181;MUNICIPALIDAD DISTRITAL DE HUANCARAY;UF0037593;Botadero Puca Puca;18;659857.0;8477617.0;142;1350;0.135;Municipalidad distrital de Huancaray;0;No;No;No;No;No;No;No;No;No;No;Recuperación;2023;Resolución N.° 00112-2023-OEFA/DSIS;;
36642;273;30206;Apurímac;Andahuaylas;Huayana;20288749443;MUNICIPALIDAD DISTRITAL DE HUAYANA;UF0009564;Botadero Curapahuaycu;18;650473.0;8445513.0;120;900;0.09;Municipalidad distrital de Huayana;0.3;No;No;No;No;No;No;No;No;No;No;Recuperación;2018;RCD N°026 -2018-OEFA/CD;Resolución N.° 00147-2024-OEFA/DSIS;
36643;274;30220;Apurímac;Andahuaylas;José María Arguedas;20600234634;MUNICIPALIDAD DISTRITAL JOSE MARIA ARGUEDAS;UF0009794;Botadero Kiñuaccasa;18;685135.0;8476549.0;263.355478;4819.573478;0.481957;Municipalidad distrital de José Maria Arguedas;0;No;No;No;No;No;No;Si;No;No;No;Recuperación;2018;RCD N°026 -2018-OEFA/CD;;
36644;275;30220;Apurímac;Andahuaylas;José María Arguedas;20600234634;MUNICIPALIDAD DISTRITAL JOSE MARIA ARGUEDAS;UF0015498;Botadero Anccasillayoc;18;683950.0;8476586.0;998;60000;6;Municipalidad distrital de José María Arguedas;2.46;No;Si;Si;No;No;No;No;No;No;No;Recuperación;2021;RESOLUCION N° 00003-2021-OEFA/DSIS;Resolución N.° 00147-2024-OEFA/DSIS;
36645;276;30219;Apurímac;Andahuaylas;Kaquiabamba;20323826651;MUNICIPALIDAD DISTRITAL DE KAQUIABAMBA;UF0009694;Botadero Chachaspucro;18;683867.0;8504853.0;102.692507;651.642865;0.065164;Municipalidad distrital de Kaquiabamba;0.3;No;No;Si;Si;No;No;No;No;No;No;Recuperación;2018;RCD N°026 -2018-OEFA/CD;;
36646;277;30219;Apurímac;Andahuaylas;Kaquiabamba;20323826651;MUNICIPALIDAD DISTRITAL DE KAQUIABAMBA;UF0042035;Botadero Tierracaliente;18;685377.0;8504060.0;121;1000;0.1;Municipalidad distrital de Kaquibamba;0.03;No;No;No;No;No;No;No;No;No;No;Recuperación;2025;Resolución N.° 00024-2025-OEFA/DSIS;;
36647;278;30207;Apurímac;Andahuaylas;Kishuara;20163027080;MUNICIPALIDAD DISTRITAL DE KISHUARA;UF0009750;Botadero Huarraccopata;18;704772.0;8483558.0;172;1700;0.17;Municipalidad distrital de Kishuara;0.5;No;No;No;No;No;No;No;No;No;No;Recuperación;2018;RCD N°026 -2018-OEFA/CD;Resolución N.° 00024-2025-OEFA/DSIS;
36648;279;30210;Apurímac;Andahuaylas;Pampachiri;20192048801;MUNICIPALIDAD DISTRITAL DE PAMPACHIRI;UF0010077;Botadero Paltalloza;18;656192.0;8432586.0;94.788215;340.048293;0.034005;Municipalidad distrital de Pampachiri;1.12;No;No;No;No;No;No;No;No;No;No;Recuperación;2018;RCD N°026 -2018-OEFA/CD;;
36649;280;30211;Apurímac;Andahuaylas;Pomacocha;20288775444;MUNICIPALIDAD DISTRITAL DE POMACOCHA;UF0009522;Botadero Chuñupucro;18;651820.0;8442514.0;133;1078;0.1;Municipalidad distrital de Pomacocha;0.016;No;No;No;No;No;No;No;No;No;No;Recuperación;2018;RCD N°026 -2018-OEFA/CD;;
36650;281;30213;Apurímac;Andahuaylas;San Jerónimo;20156959783;MUNICIPALIDAD PROVINCIAL DE ANDAHUAYLAS;UF0010447;Botadero San José;18;676843.0;8488651.0;570;26300;2.6312;Municipalidad provincial de Andahuaylas, Municipalidad distrital de Talavera, Municipalidad distrital de Pacucha;30.76;No;No;No;No;No;No;No;No;No;No;Recuperación;2018;RCD N°026 -2018-OEFA/CD;;R.G. Nº 0237-2021-GM-MPA
36651;282;30214;Apurímac;Andahuaylas;San Miguel de Chaccrampa;20192042357;MUNICIPALIDAD DISTR. S.M. DE CHACCRAMPA;UF0010167;Botadero Puncapata;18;650006.0;8456650.0;125.538752;855.631283;0.085563;Municipalidad distrital de San Miguel de Chaccrampa;0.83;No;No;No;No;No;No;No;No;No;No;Recuperación;2018;RCD N°026 -2018-OEFA/CD;;
36652;283;30215;Apurímac;Andahuaylas;Santa María de Chicmo;20164792685;MUNICIPALIDAD DISTRITAL DE SANTA MARIA DE CHICMO;UF0010873;Botadero Yuraccurva;18;655032.0;8489974.0;214.972444;2866.434193;0.286643;Municipalidad distrital de Santa Maria de Chicmo;1.58;No;No;No;No;No;No;No;No;No;No;Recuperación;2018;RCD N°026 -2018-OEFA/CD;;
36653;284;30217;Apurímac;Andahuaylas;Tumay Huaraca;20201231257;MUNICIPALIDAD DISTRITAL DE TUMAY HUARACA;UF0009781;Botadero Jalabamba;18;653820.0;8445795.0;100;700;0.07;Municipalidad distrital de Tumayhuaraca;0.2;No;No;No;No;No;No;No;No;No;No;Recuperación;2018;RCD N°026 -2018-OEFA/CD;Resolución N.° 00136-2024-OEFA/DSIS;
36654;285;30218;Apurímac;Andahuaylas;Turpo;20202321535;MUNICIPALIDAD DISTRITAL DE TURPO;UF0009538;Botadero Comunpampa;18;665892.0;8473328.0;199;1200;0.12;Municipalidad distrital de Turpo;0.7;No;No;No;No;No;No;No;No;No;No;Recuperación;2018;RCD N°026 -2018-OEFA/CD;Resolución N.° 00022-2025-OEFA/DSIS, Resolución N.° 00147-2024-OEFA/DSIS;
36655;286;30301;Apurímac;Antabamba;Antabamba;20177891127;MUNICIPALIDAD PROVINCIAL DE ANTABAMBA;UF0010751;Botadero Tahuata;18;730421.0;8409523.0;340;7700;0.77;Municipalidad provincial de Antabamba;1;No;No;No;No;No;No;No;No;No;No;Recuperación;2018;RCD N°026 -2018-OEFA/CD;Resolución N.° 00136-2024-OEFA/DSIS;
36656;287;30302;Apurímac;Antabamba;El Oro;20163777917;MUNICIPALIDAD DISTRITAL EL ORO;UF0009490;Botadero Chaonapata;18;709123.0;8428714.0;231;2900;0.29;Municipalidad distrital de El Oro;0.25;No;No;No;No;No;No;No;No;No;No;Recuperación;2018;RCD N°026 -2018-OEFA/CD;Resolución N.° 00022-2025-OEFA/DSIS;
36657;288;30303;Apurímac;Antabamba;Huaquirca;20211564181;MUNICIPALIDAD DISTRITAL DE HUAQUIRCA;UF0009440;Botadero Ccantuspata;18;728122.0;8413757.0;95.690916;499.461764;0.049946;Municipalidad distrital de Huaquirca;0.66;No;No;No;No;No;No;No;No;No;No;Recuperación;2018;RCD N°026 -2018-OEFA/CD;;
36658;289;30304;Apurímac;Antabamba;Juan Espinoza Medrano;20208750209;MUNICIPALIDAD DISTRITAL JUAN ESPINOZA MEDRANO;UF0009782;Botadero Jalajala;18;723726.0;8406166.0;180.315261;2012.056677;0.201206;Municipalidad distrital de Juan Espinoza Medrano;0.89;No;No;No;No;No;No;No;No;No;No;Recuperación;2018;RCD N°026 -2018-OEFA/CD;;
36659;290;30304;Apurímac;Antabamba;Juan Espinoza Medrano;20208750209;MUNICIPALIDAD DISTRITAL JUAN ESPINOZA MEDRANO;UF0009444;Botadero Ccauricho;18;723084.0;8407730.0;443.618891;11794.411401;1.179441;Municipalidad distrital de Juan Espinoza Medrano;0.56;No;No;No;No;No;No;No;No;No;No;Reconversión;2018;RCD N°026 -2018-OEFA/CD;;
36660;291;30305;Apurímac;Antabamba;Oropesa;20203837632;MUNICIPALIDAD DISTRITAL DE OROPESA;UF0009553;Botadero Cruz Mocco;18;762059.0;8422640.0;45;1150;0.115;Municipalidad distrital de Oropesa;1.13;No;No;No;No;No;No;No;No;No;No;Recuperación;2018;RCD N°026 -2018-OEFA/CD;;
36661;292;30305;Apurímac;Antabamba;Oropesa;20203837632;MUNICIPALIDAD DISTRITAL DE OROPESA;UF0035313;Botadero Sachaqata;18;763873.0;8421005.0;305;4500;0.45;Municipalidad Distrital de Oropesa;0.15;No;No;No;No;No;No;No;No;No;No;Recuperación;2022;Resolución N.° 00067-2022-OEFA/DSIS;;
36662;293;30306;Apurímac;Antabamba;Pachaconas;20173249340;MUNICIPALIDAD DISTRITAL DE PACHACONAS;UF0010864;Botadero Yanama;18;712191.0;8426309.0;142.984467;1306.114741;0.130611;Municipalidad distrital de Pachaconas;0.9;No;No;No;No;No;No;No;No;No;No;Recuperación;2018;RCD N°026 -2018-OEFA/CD;;
36663;294;30307;Apurímac;Antabamba;Sabaino;20177892441;MUNICIPALIDAD DISTRITAL DE SABAINO;UF0009498;Botadero Checcollone;18;722193.0;8416584.0;47.314834;112.889413;0.011289;Municipalidad distrital de Sabaino;0.65;No;No;Si;No;No;No;No;No;No;No;Recuperación;2018;RCD N°026 -2018-OEFA/CD;;
36664;295;30402;Apurímac;Aymaraes;Capaya;20148182940;MUNICIPALIDAD DISTRITAL DE CAPAYA;UF0009910;Botadero Municipal;18;681488.0;8439170.0;77.40135;476.746163;0.047675;Municipalidad distrital de Capaya;0.5;No;No;No;No;No;No;No;No;No;No;Recuperación;2018;RCD N°026 -2018-OEFA/CD;;
36665;296;30403;Apurímac;Aymaraes;Caraybamba;20208595041;MUNICIPALIDAD DISTRITAL DE CARAYBAMBA;UF0009839;Botadero Llancuchaccuni;18;700439.0;8408632.0;136.075791;1194.35959;0.119436;Municipalidad distrital de Caraybamba;1;No;No;Si;No;Si;No;No;No;No;No;Recuperación;2018;RCD N°026 -2018-OEFA/CD;;
36666;297;30401;Apurímac;Aymaraes;Chalhuanca;20165610297;MUNICIPALIDAD PROVINCIAL DE AYMARAES;UF0009889;Botadero Molle;18;681969.0;8425229.0;277;4829;0.4829;Municipalidad provincial de Aymaraes;7;No;No;No;No;No;No;No;No;No;No;Recuperación;2018;RCD N°026 -2018-OEFA/CD;Resolución N.° 00028-2025-OEFA/DSIS;
36667;298;30401;Apurímac;Aymaraes;Chalhuanca;20165610297;MUNICIPALIDAD PROVINCIAL DE AYMARAES;UF0016602;Botadero Ccoyoruna;18;696078.0;8415012.0;245;2569;0.2569;Muncipalidad provincial de Aymaraes;7;No;No;No;No;No;No;No;No;No;No;Recuperación;2021;RESOLUCION N° 00005-2021-OEFA;Resolución N.° 00028-2025-OEFA/DSIS, Resolución N.° 00002-2025-OEFA/DSIS;
36668;299;30404;Apurímac;Aymaraes;Chapimarca;20195966649;MUNICIPALIDAD DISTRITAL DE CHAPIMARCA;UF0010278;Botadero S/N;18;709257.0;8454206.0;59.909204;190.583026;0.019058;Municipalidad distrital de Chapimarca;1;No;No;No;No;No;No;No;No;No;No;Recuperación;2018;RCD N°026 -2018-OEFA/CD;;
36669;300;30405;Apurímac;Aymaraes;Colcabamba;20214752388;MUNICIPALIDAD DISTRITAL DE COLCABAMBA;UF0010743;Botadero Soccosocco;18;691175.0;8448115.0;163;811.48;0.08;Municipalidad distrital de Colcabamba;0.02;No;No;No;No;No;No;No;No;No;No;Recuperación;2018;RCD N°026 -2018-OEFA/CD;Resolución N.° 00147-2024-OEFA/DSIS;
36670;301;30406;Apurímac;Aymaraes;Cotaruse;20154571800;MUNICIPALIDAD DIST. DE COTARUSI;UF0010858;Botadero Wichinccase;18;693976.0;8406246.0;85.150223;447.503239;0.04475;Municipalidad distrital de Cotaruse;0;No;No;No;No;No;No;No;No;No;No;Recuperación;2018;RCD N°026 -2018-OEFA/CD;;
36671;302;30406;Apurímac;Aymaraes;Cotaruse;20154571800;MUNICIPALIDAD DIST. DE COTARUSI;UF0035314;Botadero Sanchihua;18;691034.0;8401687.0;119;6350;0.635;No precisa;0.57;No;No;No;No;No;No;No;No;No;No;Recuperación;2022;Resolución N.° 00067-2022-OEFA/DSIS;;
36672;303;30407;Apurímac;Aymaraes;Ihuayllo;20163027161;MUNICIPALIDAD DISTRITAL DE IHUAYLLO;UF0009451;Botadero Ccollurpascca;18;684958.0;8436348.0;93.693461;467.971079;0.046797;Municipalidad distrital de Ihuayllo;0.29;No;No;No;No;No;No;No;No;No;No;Recuperación;2018;RCD N°026 -2018-OEFA/CD;;
36673;304;30408;Apurímac;Aymaraes;Justo Apu Sahuaraura;20175825771;M.DISTRITAL JUSTO APU SAHUARAURA;UF0010125;Botadero Pasercca;18;696517.0;8436990.0;440;5500;0.55;Municipalidad distrital de Justo Apu Sahuaraura;1.6;No;No;No;No;No;No;No;No;No;No;Recuperación;2018;RCD N°026 -2018-OEFA/CD;Resolución N.° 00147-2024-OEFA/DSIS;
36674;305;30409;Apurímac;Aymaraes;Lucre;20192091641;MUNICIPALIDAD DISTRITAL DE LUCRE;UF0010166;Botadero Pumaya;18;692440.0;8455403.0;265;2742.6;0.27;Municipalidad distrital de Lucre;0.3;No;No;No;No;No;No;No;No;No;No;Recuperación;2018;RCD N°026 -2018-OEFA/CD;;
36675;306;30410;Apurímac;Aymaraes;Pocohuanca;20185589804;MUNICIPALIDAD DISTRITAL POCOHUANCA;UF0009733;Botadero Huamanchino;18;704921.93;8428175.07;124;800;0.08;Municipalidad distrital de Pocohuanca;0.13;No;No;No;No;No;No;No;No;No;No;Recuperación;2018;RCD N°026 -2018-OEFA/CD;Resolución N.° 00002-2025-OEFA/DSIS;
36676;307;30411;Apurímac;Aymaraes;San Juan de Chacña;20204474606;MUNICIPALIDAD DISTRITAL DE SAN JUAN DE CHACñA;UF0010865;Botadero Yanama;18;696700.0;8458136.0;139;1051;0.1;Municipalidad distrital de San Juan de Chacña;0.14;No;No;No;No;No;No;No;No;No;No;Recuperación;2018;RCD N°026 -2018-OEFA/CD;Resolución N.° 00002-2025-OEFA/DSIS;
36677;308;30402;Apurímac;Aymaraes;Sañayca;20148182940;MUNICIPALIDAD DISTRITAL DE CAPAYA;UF0039605;Botadero Huanupata ;18;681369.0;8435351.0;346;6000;0.6;Municipalidad distrital de Capaya;0.3;No;No;No;Si;No;No;No;No;No;No;Recuperación;2025;RESOLUCIÓN N° 00013-2025-OEFA/DSIS;;
36678;309;30412;Apurímac;Aymaraes;Sañayca;20220738427;MUNICIPALIDAD DISTRITAL DE SANAYCA;UF0009975;Botadero Municipal;18;680505.0;8430134.0;800;35000;3.5;Municipalidad distrital de Sañayca;1;No;No;No;No;No;No;No;No;No;No;Recuperación;2018;RCD N°026 -2018-OEFA/CD;Resolución N.° 00147-2024-OEFA/DSIS;
36679;310;30413;Apurímac;Aymaraes;Soraya;20148183083;MUNICIPALIDAD DISTRITO DE SORAYA;UF0009983;Botadero Municipal;18;682510.0;8433238.0;175.483482;1815.207486;0.181521;Municipalidad distrital de Soraya;0.1;Si;No;No;No;No;No;No;No;No;No;Recuperación;2018;RCD N°026 -2018-OEFA/CD;;
36680;311;30414;Apurímac;Aymaraes;Tapairihua;20156481476;MUNICIPALIDAD DISTRITAL DE TAPAIRIHUA;UF0010129;Botadero Pateonccata;18;700286.0;8435701.0;68.600699;190.909414;0.019091;Municipalidad distrital de Tapairihua;0.96;No;No;No;No;No;No;No;No;No;No;Recuperación;2018;RCD N°026 -2018-OEFA/CD;;
36681;312;30414;Apurímac;Aymaraes;Tapairihua;20156481476;MUNICIPALIDAD DISTRITAL DE TAPAIRIHUA;UF0038511;Botadero Chiccllahuito;18;701436.0;8437209.0;85;300;0.03;Municipalidad distrital de Tapairihua;0.12;No;No;No;No;No;No;No;No;No;No;Recuperación;2024;Resolución N°00087 -2024-OEFA/DSIS;;
36682;313;30415;Apurímac;Aymaraes;Tintay;20163949980;MUNICIPALIDAD DISTRITAL DE TINTAY;UF0010851;Botadero Violinpata;18;696497.0;8455699.0;90.063254;475.440773;0.047544;Municipalidad distrital de Tintay;1.37;No;No;No;Si;No;No;No;No;No;No;Recuperación;2018;RCD N°026 -2018-OEFA/CD;;
36683;314;30415;Apurímac;Aymaraes;Tintay;20163949980;MUNICIPALIDAD DISTRITAL DE TINTAY;UF0036249;Botadero Tollccahhua;18;694567.0;8455509.0;179.05;1444.65;0.14;Municipalidad distrital de Tintay;0.25;No;No;No;No;No;No;No;No;No;No;Recuperación;2023;Resolución N.° 00031-2023-OEFA/DSIS;;
36684;315;30416;Apurímac;Aymaraes;Toraya;20201958513;MUNICIPALIDAD DISTRITAL DE TORAYA;UF0010787;Botadero Tunasccata;18;684764.0;8446074.0;150;1000;0.1;Municipalidad distrital de Toraya;0.5;No;No;No;No;No;No;No;No;No;No;Recuperación;2018;RCD N°026 -2018-OEFA/CD;Resolución N.° 00147-2024-OEFA/DSIS;
36685;316;30417;Apurímac;Aymaraes;Yanaca;20175825429;MUNICIPALIDAD DISTRITAL DE YANACA;UF0009517;Botadero Chocloccata;18;699345.0;8425806.0;300;5000;0.5;Municipalidad distrital de Yanaca;0.53;No;No;Si;No;No;No;No;No;No;No;Recuperación;2018;RCD N°026 -2018-OEFA/CD;Resolución N.° 00147-2024-OEFA/DSIS;
36686;317;30601;Apurímac;Chincheros;Chincheros;20180001051;MUNICIPALIDAD PROVINCIAL DE CHINCHEROS;UF0010146;Botadero Pongoro;18;639858.0;8503603.0;381;9900;0.99;Municipalidad provincial de Chincheros;7.84;Si;Si;No;No;No;No;No;No;No;No;Recuperación;2018;RCD N°026 -2018-OEFA/CD;;
36687;318;30603;Apurímac;Chincheros;Cocharcas;20288789313;MUNICIPALIDAD DISTRITAL DE COCHARCAS;UF0009404;Botadero Cantiria;18;635417.0;8495089.0;171;972;0.09;Municipalidad distrital de Cocharcas;1.6;No;No;No;No;No;No;No;No;No;No;Recuperación;2018;RCD N°026 -2018-OEFA/CD;Resolución N.° 00140-2024-OEFA/DSIS;
36688;319;30604;Apurímac;Chincheros;Huaccana;20156963896;MUNICIPALIDAD DISTRITAL DE HUACCANA;UF0009692;Botadero en el Sector Huachibamba;18;639732.0;8524539.0;466;12800;1.28;Municipalidad distrital de Huaccana;0.3;No;No;No;No;No;No;No;No;No;No;Recuperación;2018;RCD N°026 -2018-OEFA/CD;;
36689;320;30611;Apurímac;Chincheros;Los Chankas;20601366267;MUNICIPALIDAD DISTRITAL DE LOS CHANKAS;UF0010438;Botadero Salla;18;626161.0;8515777.0;367;3049.24;0.304;Municipalidad distrital de Los Chankas;0.15;No;No;No;No;No;No;No;No;No;No;Recuperación;2018;RCD N°026 -2018-OEFA/CD;Resolución N.° 00024-2025-OEFA/DSIS;
36690;321;30605;Apurímac;Chincheros;Ocobamba;20206827441;MUNICIPALIDAD DISTRITAL DE OCOBAMBA;UF0009687;Botadero en el Sector Ayhuan;18;657539.0;8506886.0;453.73;7012;0.7;Municipalidad distrital de Ocobamba;1;No;No;No;No;No;No;No;No;No;No;Recuperación;2018;RCD N°026 -2018-OEFA/CD;Resolución N.° 00062-2024-OEFA/DSIS;
36691;322;30605;Apurímac;Chincheros;Ocobamba;20206827441;MUNICIPALIDAD DISTRITAL DE OCOBAMBA;UF0040011;Botadero Tupac Amaru;18;652772.0;8510322.0;150;1500;0.15;Municipalidad distrital de Ocobamba;4;No;No;No;No;No;No;No;No;No;No;Recuperación;2025;RESOLUCIÓN N° 00013-2025-OEFA/DSIS;;
36692;323;30606;Apurímac;Chincheros;Ongoy;20168237244;MUNICIPALIDAD DISTRITAL DE ONGOY;UF0009690;Botadero en el Sector Chiucca;18;645578.0;8516041.0;127.647732;998.885201;0.099889;Municipalidad distrital de Ongoy;0.4;No;No;Si;Si;No;No;No;No;No;No;Recuperación;2018;RCD N°026 -2018-OEFA/CD;;
36693;324;30608;Apurímac;Chincheros;Ranracancha;20210743902;MUNICIPALIDAD DISTRITAL DE RANRACANCHA;UF0009447;Botadero Ccelloplaga;18;649042.0;8503530.0;413;8050;0.805;Municipalidad distrital de Ranracancha;2.6;No;No;No;Si;No;No;No;No;No;No;Recuperación;2018;RCD N°026 -2018-OEFA/CD;;
36694;325;30607;Apurímac;Chincheros;Uranmarca;20163781949;MUNICIPALIDAD DISTRITAL DE URANMARCA;UF0009336;Botadero Anccasillay;18;645436.0;8487273.0;302;4914;0.49;Municipalidad distrital de Uranmarca;0.07;No;No;No;No;No;No;No;No;No;No;Recuperación;2018;RCD N°026 -2018-OEFA/CD;;
36695;326;30607;Apurímac;Chincheros;Uranmarca;20164792685;MUNICIPALIDAD DISTRITAL DE SANTA MARIA DE CHICMO;UF0012765;Botadero Tuminhuaycco y Manchana;18;649852.0;8495032.0;394.990735;16331;1.6331;Municipalidad distrital de Santa Maria de Chicmo;No Precisa;No;No;No;No;No;No;No;No;No;No;Recuperación;2021;RESOLUCION N° 00003-2021-OEFA/DSIS;;
36696;327;30506;Apurímac;Cotabambas;Challhuahuacho;20288774553;MUNICIPALIDAD DIST.DE CHALLHUAHUACHO;UF0010434;Botadero Saccsahuillca;18;800883.0;8440665.0;654;18400;1.84;Municipalidad distrital de Chalhuahuacho;3.29;Si;No;No;No;No;No;No;No;No;No;Recuperación;2018;RCD N°026 -2018-OEFA/CD;;
36697;328;30506;Apurímac;Cotabambas;Challhuahuacho;20288774553;MUNICIPALIDAD DIST.DE CHALLHUAHUACHO;UF0036251;Botadero Ccarayhuacho;18;785872.0;8434019.0;123;729;0.1;Municipalidad distrital de Challhuahuacho;7;Si;No;No;No;No;No;No;No;No;No;Recuperación;2023;Resolución N.° 00031-2023-OEFA/DSIS;;
36698;329;30502;Apurímac;Cotabambas;Cotabambas;20177427285;MUNICIPALIDAD DISTRITAL DE COTABAMBAS;UF0010153;Botadero Pucapuca;18;787445.0;8481074.0;210.600757;1454.559936;0.145456;Municipalidad distrital de Cotabambas;0.5;No;No;No;No;No;No;No;No;No;No;Recuperación;2018;RCD N°026 -2018-OEFA/CD;;
36699;330;30502;Apurímac;Cotabambas;Cotabambas;20177427285;MUNICIPALIDAD DISTRITAL DE COTABAMBAS;UF0018170;Botadero Sector de Cconchapallana;18;783785.0;8478359.0;246;2900;0.29;Municipalidad distrital de Cotabambas;0.57;No;No;No;No;No;No;No;No;No;No;Recuperación;2022;Resolución N.° 00018-2022-OEFA/DSIS;;
36700;331;30503;Apurímac;Cotabambas;Coyllurqui;20205028600;MUNICIPALIDAD DISTRITAL COYLLURQUI;UF0010158;Botadero Puccarumy;18;776255.0;8469523.0;716;12143;1.214;Municipalidad distrital de Coyllurqui;0.5;No;No;No;No;No;No;No;No;No;No;Recuperación;2018;RCD N°026 -2018-OEFA/CD;Resolución N.° 00103-2024-OEFA/DSIS;
36701;332;30504;Apurímac;Cotabambas;Haquira;20189921595;MUNICIPALIDAD DISTRITAL DE HAQUIRA;UF0010133;Botadero Piancalla;18;801211.0;8424746.0;721.92;26000;2.6;Municipalidad distrital de Haquira;9.62;No;No;No;No;No;No;No;No;No;No;Recuperación;2018;RCD N°026 -2018-OEFA/CD;Resolución N.° 00016-2025-OEFA/DSIS;
36702;333;30505;Apurímac;Cotabambas;Mara;20201520364;MUNICIPALIDAD DISTRITAL DE MARA;UF0010053;Botadero Ñanñaypata;18;814206.0;8440254.0;175.17913;1683.725824;0.168373;Municipalidad distrital de Mara;1.41;Si;No;Si;No;No;No;No;No;No;No;Recuperación;2018;RCD N°026 -2018-OEFA/CD;;
36703;334;30501;Apurímac;Cotabambas;Tambobamba;20161096068;MUNICIPALIDAD PROVINCIAL COTABAMBAS - APURIMAC;UF0010228;Botadero Racaypata;18;809185.0;8459607.0;717;19800;1.98;Municipalidad provincial de Cotabambas;3.87;No;No;No;No;No;No;No;No;No;No;Recuperación;2018;RCD N°026 -2018-OEFA/CD;Resolución N.° 00028-2025-OEFA/DSIS, Resolución N.° 00024-2025-OEFA/DSIS;
36704;335;30714;Apurímac;Grau;Curasco;20222376590;MUNICIPALIDAD DISTRITAL DE CURASCO;UF0010786;Botadero Tumacunca;18;762106.0;8446751.0;187.539832;1109.137782;0.110914;Municipalidad distrital de Curasco;0.66;No;No;No;No;No;No;No;No;No;No;Recuperación;2018;RCD N°026 -2018-OEFA/CD;;
36705;336;30714;Apurímac;Grau;Curasco;20222376590;MUNICIPALIDAD DISTRITAL DE CURASCO;UF0040599;Botadero Kanchakancha;18;762633.0;8446164.0;206;2800;0.28;Municipalidad distrital de Curasco;0.9;No;No;No;No;No;No;No;No;No;No;Recuperación;2025;Resolución N.° 0017-2025-OEFA/DSIS;;
36706;337;30702;Apurímac;Grau;Curpahuasi;20175826743;MUNICIPALIDAD DISTRITAL DE CURPAHUASI;UF0010234;Botadero Rayampata;18;751424.0;8443903.0;107.099708;640.38076;0.064038;Municipalidad distrital de Curpahuasi;1.05;No;No;No;No;No;No;No;No;No;No;Recuperación;2018;RCD N°026 -2018-OEFA/CD;;
36707;338;30702;Apurímac;Grau;Curpahuasi;20175826743;MUNICIPALIDAD DISTRITAL DE CURPAHUASI;UF0035315;Botadero Uyrumpa;18;751726.0;8444849.0;301;3380;0.338;Municipalidad Distrital de Curpahuasi;0.08;No;No;No;No;No;No;No;No;No;No;Recuperación;2022;Resolución N.° 00067-2022-OEFA/DSIS;;
36708;339;30703;Apurímac;Grau;Gamarra;20148183164;MUNICIPALIDAD DISTRITAL DE MARISCAL GAMARRA;UF0009358;Botadero Atún Sanjamocco;18;769569.0;8465380.0;60.428854;231.175479;0.023118;Municipalidad distrital de Mariscal Gamarra;1.13;No;No;Si;No;No;No;No;No;No;No;Recuperación;2018;RCD N°026 -2018-OEFA/CD;;
36709;340;30704;Apurímac;Grau;Huayllati;20175827634;MUNICIPALIDAD DISTRITAL DE HUAYLLATI;UF0009396;Botadero Callaccasa;18;772890.0;8458258.0;136.375199;1034.752445;0.103475;Municipalidad distrital de Huayllati;0.82;No;No;Si;No;No;No;No;No;No;No;Recuperación;2018;RCD N°026 -2018-OEFA/CD;;
36710;341;30704;Apurímac;Grau;Huayllati;20175827634;MUNICIPALIDAD DISTRITAL DE HUAYLLATI;UF0037925;Botadero Ayatulluyoq;18;773615.0;8459194.0;38;178;0.0178;Municipalidad distrital de Hayllati;0.3;No;Si;No;No;No;No;No;No;No;No;Recuperación;2024;Resolución N° 00019-2024-OEFA/DSIS;;
36711;342;30705;Apurímac;Grau;Mamara;20201760080;MUNICIPALIDAD DISTRITAL DE MAMARA;UF0038598;Botadero Ccarapichipay;18;760485.82;8425102.1;72;348;0.0348;Municipalidad distrital de Mamara;0.021;No;No;No;No;No;No;No;No;No;No;Recuperación;2024;RESOLUCIÓN N° 00103-2024-OEFA/DSIS;;
36712;343;30705;Apurímac;Grau;Mamara;20201760080;MUNICIPALIDAD DISTRITAL DE MAMARA;UF0009409;Botadero Canterea;18;759902.0;8425400.0;75.56909;376.073477;0.037607;Municipalidad distrital de Mamara;0.42;No;No;Si;No;No;No;No;No;No;No;Recuperación;2018;RCD N°026 -2018-OEFA/CD;;
36713;344;30706;Apurímac;Grau;Micaela Bastidas;20201967776;MUNICIPALIDAD DISTRITAL MICAELA BASTIDAS;UF0009743;Botadero Huanquil;18;757731.0;8439073.0;259.775681;2164.6;0.21;Municipalidad distrital de Micaela Bastidas;0.56;No;No;No;No;No;No;No;No;No;No;Recuperación;2018;RCD N°026 -2018-OEFA/CD;Resolución N.° 00140-2024-OEFA/DSIS;
36714;345;30707;Apurímac;Grau;Pataypampa;20148184136;MUNICIPALIDAD DISTRITAL DE PATAYPAMPA;UF0010859;Botadero Wiscachayoc;18;751011.0;8430869.0;60;268;0.02;Municipalidad distrital de Pataypampa;0.035;No;No;No;No;No;No;No;No;No;No;Recuperación;2018;RCD N°026 -2018-OEFA/CD;Resolución N.° 00019-2025-OEFA/DSIS;
36715;346;30708;Apurímac;Grau;Progreso;20219345004;MUNICIPALIDAD DISTRITAL DE PROGRESO;UF0009897;Botadero Mullahuacho;18;771571.0;8443999.0;174.95178;2188.936898;0.218894;Municipalidad distrital de Progreso;1.23;No;No;Si;No;No;No;No;No;No;No;Recuperación;2018;RCD N°026 -2018-OEFA/CD;;
36716;347;30708;Apurímac;Grau;Progreso;20219345004;MUNICIPALIDAD DISTRITAL DE PROGRESO;UF0039075;Botadero Accoccasa 1;18;776129.77;8437599.24;790;37200;3.72;Municipalidad distrital de Progreso;1.3;No;No;No;No;No;No;No;No;No;No;Recuperación;2024;Resolución N.° 00140-2024-OEFA/DSIS;;
36717;348;30709;Apurímac;Grau;San Antonio;20203839848;MUNICIPALIDAD DISTRITAL DE SAN ANTONIO;UF0010748;Botadero Sullocminas;18;757027.0;8431410.0;160.91;779.11;0.07;Municipalidad distrital de San Antonio;0;No;No;No;No;No;No;No;No;No;No;Recuperación;2018;RCD N°026 -2018-OEFA/CD;Resolución N.° 0017-2025-OEFA/DSIS;
36718;349;30709;Apurímac;Grau;San Antonio;20203839848;MUNICIPALIDAD DISTRITAL DE SAN ANTONIO;UF0040600;Botadero Hallkimoqo;18;756015.0;8433949.0;42.5;42.5;0.004;Municipalidad distrital de San Antonio;0.01;No;No;No;No;No;No;No;No;No;No;Recuperación;2025;Resolución N.° 0017-2025-OEFA/DSIS;;
36719;350;30710;Apurímac;Grau;Santa Rosa;20199907451;MUNICIPALIDAD DISTRITAL DE SANTA ROSA;UF0009497;Botadero Chaupiurco;18;752929.0;8437349.0;509;15200;1.52;Municipalidad distrital de Santa Rosa;0.02;No;No;No;No;No;No;No;No;No;No;Recuperación;2018;RCD N°026 -2018-OEFA/CD;Resolución N.° 0017-2025-OEFA/DSIS;
36720;351;30711;Apurímac;Grau;Turpay;20214751730;CONCEJO DISTRITAL TURPAY;UF0010119;Botadero Parccaypata;18;754491.0;8428510.0;184.85;1300;0.13;Municipalidad distrital de Turpay;0.2;No;No;No;No;No;No;No;No;No;No;Recuperación;2018;RCD N°026 -2018-OEFA/CD;Resolución N.° 0017-2025-OEFA/DSIS;
36721;352;30712;Apurímac;Grau;Vilcabamba;20203838019;MUNICIPALIDAD DISTRITAL DE VILCABAMBA;UF0009452;Botadero Cconcorpata;18;755365.0;8442216.0;172.352841;1731.324341;0.173132;Municipalidad distrital de Vilcabamba;0.55;No;No;No;Si;No;No;No;No;No;No;Recuperación;2018;RCD N°026 -2018-OEFA/CD;;
36722;353;30713;Apurímac;Grau;Virundo;20193220763;MUNICIPALIDAD DISTRITAL DE VIRUNDO;UF0009883;Botadero Minashuaycco;18;750613.0;8423816.0;111.735428;861.477536;0.086148;Municipalidad distrital de Virúndo;0.45;Si;No;Si;No;No;No;No;No;No;No;Recuperación;2018;RCD N°026 -2018-OEFA/CD;;
36723;354;40102;Arequipa;Arequipa;Alto Selva Alegre;20311886879;MUNICIPALIDAD DISTRITAL DE ALTO SELVA AL EGRE;UF0010250;Botadero Huatanay;19;233646.0;8190563.0;649.444997;11457.460727;1.145746;Municipalidad distrital de Alto Selva Alegre;0;No;No;Si;No;No;No;No;No;Si;No;Recuperación;2018;RCD N°026 -2018-OEFA/CD;;
36724;355;40102;Arequipa;Arequipa;Alto Selva Alegre;20311886879;MUNICIPALIDAD DISTRITAL DE ALTO SELVA AL EGRE;UF0017071;Botadero Ameasa Los Ángeles;19;233248.0;8189663.0;420.103606;7655.379051;0.765538;No precisa;0;No;No;No;No;No;No;No;No;No;No;Recuperación;2021;RESOLUCION N° 00005-2021-OEFA;;
36725;356;40103;Arequipa;Arequipa;Cayma;20121103754;MUNICIPALIDAD DISTRITAL DE CAYMA;UF0013886;Botadero Pampa de Condormico;19;230429.0;8197236.0;188.55976;1682.268697;0.168227;Municipalidad distrital de Cayma;0;No;No;Si;No;No;No;No;No;Si;No;Recuperación;2021;RESOLUCION N° 00003-2021-OEFA/DSIS;;
36726;357;40104;Arequipa;Arequipa;Cerro Colorado;20159515240;MUNICIPALIDAD DISTRITAL DE CERRO COLORADO;UF0010089;Botadero Pampa la Estrella y El Hueco;19;222812.0;8190402.0;500.333507;15582.238003;1.558224;Municipalidad distrital de Cerro Colorado;0;No;No;No;No;No;No;No;No;No;No;Recuperación;2018;RCD N°026 -2018-OEFA/CD;;
36727;358;40108;Arequipa;Arequipa;La Joya;20167246029;MUNICIPALIDAD DISTRITAL LA JOYA;UF0010319;Botadero S/N (Zona Palca);19;199263.0;8184169.0;160.73523;1336.684103;0.133668;Municipalidad distrital de La Joya;0.9;No;No;Si;No;No;No;No;No;No;No;Recuperación;2018;RCD N°026 -2018-OEFA/CD;;
36728;359;40108;Arequipa;Arequipa;La Joya;20167246029;MUNICIPALIDAD DISTRITAL LA JOYA;UF0017408;Botadero S/N;19;192654.0;8170656.0;951;43200;4.32;No precisa;No precisa;Si;Si;Si;No;No;No;No;No;No;No;Recuperación;2021;RESOLUCION N° 00005-2021-OEFA;Resolución N.° 00136-2024-OEFA/DSIS;
36729;360;40109;Arequipa;Arequipa;Mariano Melgar;20204266086;MUNICIPALIDAD DISTRITAL DE CHIGUATA;UF0010879;Botadero Zorro Negro;19;237281.0;8186236.0;514;11400;1.14;Municipalidad distrital de Chiguata;0;No;No;Si;No;No;No;No;No;No;No;Recuperación;2018;RCD N°026 -2018-OEFA/CD;Resolución N.° 00140-2024-OEFA/DSIS;
36730;361;40109;Arequipa;Arequipa;Mariano Melgar;20170422971;MUNICIPALIDAD DISTRITAL DE MARIANO MELGAR;UF0010334;Botadero S/N;19;234808.0;8186867.0;360.06397;8781.583283;0.878158;Municipalidad distrital de Mariano Melgar;0;No;No;Si;No;No;No;No;No;No;No;Recuperación;2018;RCD N°026 -2018-OEFA/CD;;
36731;362;40110;Arequipa;Arequipa;Miraflores;20163611512;MUNICIPALIDAD DISTRITAL DE MIRAFLORES;UF0010340;Botadero S/N;19;235059.0;8189590.0;293.534786;2822.410955;0.282241;Municipalidad distrital de Miraflores;0;No;No;Si;No;No;No;No;No;Si;No;Recuperación;2018;RCD N°026 -2018-OEFA/CD;;
36732;363;40112;Arequipa;Arequipa;Paucarpata;20167264868;MUNICIPALIDAD DISTRITAL DE PAUCARPATA;UF0009675;Botadero El Cebollar;19;236441.0;8181866.0;1390.257603;60548.183769;6.054818;Municipalidad distrital de Paucarpata;47;Si;No;Si;No;No;No;No;No;No;No;Recuperación;2018;RCD N°026 -2018-OEFA/CD;;
36733;364;40113;Arequipa;Arequipa;Pocsi;20207852849;MUNICIPALIDAD DISTRITAL DE POCSI;UF0010354;Botadero S/N;19;244938.0;8172208.0;41.369788;100.964426;0.010096;Municipalidad distrital de Pocsi;0.2;No;No;Si;No;No;No;No;No;No;No;Recuperación;2018;RCD N°026 -2018-OEFA/CD;;
36734;365;40114;Arequipa;Arequipa;Polobaya;20205316907;MUNICIPALIDAD DISTRITAL DE POLOBAYA;UF0010355;Botadero S/N;19;250144.0;8165263.0;124.074761;1024.855726;0.102486;Municipalidad distrital de Polobaya;0.2;No;No;Si;No;No;No;No;No;No;No;Recuperación;2018;RCD N°026 -2018-OEFA/CD;;
36735;366;40114;Arequipa;Arequipa;Polobaya;20205316907;MUNICIPALIDAD DISTRITAL DE POLOBAYA;UF0040012;Botadero S/N (Sector siete vueltas);19;247669.0;8159965.0;170;1691;0.1691;Municipalidad distrital de Polobaya;6;Si;No;Si;No;No;No;No;No;No;No;Recuperación;2025;RESOLUCIÓN N° 00013-2025-OEFA/DSIS;;
36736;367;40115;Arequipa;Arequipa;Quequeña;20175695380;MUNICIPALIDAD DISTRITAL DE QUEQUEÑA;UF0010359;Botadero S/N;19;239049.0;8168578.0;181;1334;0.13;Municipalidad distrital de Quequeña;0.2;No;No;No;No;No;No;No;No;No;No;Recuperación;2018;RCD N°026 -2018-OEFA/CD;Resolución N.° 00013-2025-OEFA/DSIS;
36737;368;40119;Arequipa;Arequipa;San Juan de Tarucani;20206428741;MUNICIPALIDAD DISTRITAL SAN JUAN DE TARUCANI;UF0010376;Botadero S/N;19;280509.0;8209574.0;298.603993;4869.638651;0.486964;Municipalidad distrital de San Juan de Tarucani;0.2;No;No;No;No;No;No;No;No;No;Si;Recuperación;2018;RCD N°026 -2018-OEFA/CD;;
36738;369;40120;Arequipa;Arequipa;Santa Isabel de Siguas;20272140023;MUNICIPALIDAD DISTRITAL DE SANTA ISABEL DE SIGUAS;UF0010387;Botadero S/N;18;812903.0;8198786.0;146.352082;1382.139762;0.138214;Municipalidad distrital de Santa Isabel de Siguas;0.2;No;No;Si;No;No;No;No;No;No;No;Recuperación;2018;RCD N°026 -2018-OEFA/CD;;
36739;370;40120;Arequipa;Arequipa;Santa Isabel de Siguas;20206804824;CONCEJO DISTRITAL SAN JUAN DE SIGUAS;UF0010375;Botadero S/N;18;805823.0;8191008.0;180.98203;1648.93963;0.164894;Municipalidad distrital de San Juan de Siguas;0.3;No;No;Si;No;No;No;No;No;No;No;Recuperación;2018;RCD N°026 -2018-OEFA/CD;;
36740;371;40121;Arequipa;Arequipa;Santa Rita de Siguas;20162338545;MUNICIPALIDAD DISTRITAL SANTA RITA DE SIGUAS;UF0010389;Botadero S/N;18;813594.0;8173260.0;737.411512;19388.947571;1.938895;Municipalidad distrital de Santa Rita de Siguas;0.4;Si;No;Si;No;Si;No;No;No;No;No;Recuperación;2018;RCD N°026 -2018-OEFA/CD;;
36741;372;40125;Arequipa;Arequipa;Vitor;20220889042;MUNICIPALIDAD DISTRITAL DE VITOR;UF0010416;Botadero S/N;19;184107.0;8176069.0;373.010839;4768.089416;0.476809;Municipalidad distrital de Vitor;0.2;Si;No;Si;No;No;No;No;No;No;No;Recuperación;2018;RCD N°026 -2018-OEFA/CD;;
36742;373;40125;Arequipa;Arequipa;Vitor;20220889042;MUNICIPALIDAD DISTRITAL DE VITOR;UF0037594;Botadero S/N (Vitor);19;184262.0;8177052.0;284;4900;0.49;Municipalidad distrital de Vitor;No precisa;No;No;Si;No;No;No;No;No;No;No;Recuperación;2023;Resolución N.° 00112-2023-OEFA/DSIS;;
36743;374;40128;Arequipa;Arequipa;Yura;20154489895;MUNICIPALIDAD PROVINCIAL DE AREQUIPA;UF0010196;Botadero Pampa Ispampa;19;217068.0;8199073.0;1113.408711;85162.048537;8.516205;Municipalidad provincial de Arequipa, Municipalidad distrital de Alto Selva Alegre, Municipalidad distrital de Cayma, Municipalidad distrital de Cerro Colorado, Municipalidad distrital de Characato, Municipalidad distrital de Chuiguata, Municipalidad distrital de Jacobo Hunter, Municipalidad distrital de La Joya, Municipalidad distrital de Mariano Melgar, Municipalidad distrital de Miraflores, Municipalidad distrital de Mollebaya, Municipalidad distrital de Paucarpata, Municipalidad distrital de Pocsi, Municipalidad distrital de Sabandia, Municipalidad distrital de Sachaca, Municipalidad distrital de Socabaya, Municipalidad distrital de Tiabaya, Municipalidad distrital de Uchumayo, Municipalidad distrital de Yanahuara, Municipalidad distrital de Yarabamba, Municipalidad distrital de Yura, Municipalidad distrital de José Luis Bustamante y Rivero;761;No;No;No;No;No;No;No;No;No;No;Recuperación;2018;RCD N°026 -2018-OEFA/CD;;
36744;375;40128;Arequipa;Arequipa;Yura;20154489895;MUNICIPALIDAD PROVINCIAL DE AREQUIPA;UF0010197;Botadero Quebrada Honda;19;216823.0;8198640.0;1684.522914;161026.763825;16.102676;Municipalidad provincial de Arequipa, Municipalidad distrital de Alto Selva Alegre, Municipalidad distrital de Cayma, Municipalidad distrital de Cerro Colorado, Municipalidad distrital de Characato, Municipalidad distrital de Chuiguata, Municipalidad distrital de Jacobo Hunter, Municipalidad distrital de La Joya, Municipalidad distrital de Mariano Melgar, Municipalidad distrital de Miraflores, Municipalidad distrital de Mollebaya, Municipalidad distrital de Paucarpata, Municipalidad distrital de Pocsi, Municipalidad distrital de Sabandia, Municipalidad distrital de Sachaca, Municipalidad distrital de Socabaya, Municipalidad distrital de Tiabaya, Municipalidad distrital de Uchumayo, Municipalidad distrital de Yanahuara, Municipalidad distrital de Yarabamba, Municipalidad distrital de Yura, Municipalidad distrital de José Luis Bustamante y Rivero;450;No;No;No;Si;Si;No;No;No;No;No;Reconversión;2018;RCD N°026 -2018-OEFA/CD;;R.G. N° 776-2021-MPA/GSC
36745;376;40128;Arequipa;Arequipa;Yura;20173809663;MUNICIPALIDAD DISTRITAL DE YURA;UF0017072;Botadero sector Real Progreso y Pascana;19;216799.0;8197549.0;1543.894044;155395.170596;15.539517;No precisa;No precisa;Si;No;No;No;No;No;No;No;No;No;Recuperación;2021;RESOLUCION N° 00005-2021-OEFA;;
36746;377;40128;Arequipa;Arequipa;Yura;20173809663;MUNICIPALIDAD DISTRITAL DE YURA;UF0017073;Botadero Quebrada El Cuico;19;215851.12;8198606.59;200.365808;2101.154454;0.210115;No precisa;No precisa;No;No;No;No;No;No;No;No;No;No;Recuperación;2021;RESOLUCION N° 00005-2021-OEFA;Resolución N.° 00008-2025-OEFA/DSIS;
36747;378;40203;Arequipa;Camaná;Mariano Nicolás Valcárcel;20219772417;MUNICIPALIDAD DISTRITAL DE MARIANO NICOLAS VALCARCEL;UF0010335;Botadero S/N;18;695028.0;8231211.0;202.943026;2718.509779;0.271851;Municipalidad distrital de Mariano Nicolas Valcarcel;0.2;Si;No;Si;Si;No;No;No;No;No;No;Recuperación;2018;RCD N°026 -2018-OEFA/CD;;
36748;379;40203;Arequipa;Camaná;Mariano Nicolás Valcárcel;20219772417;MUNICIPALIDAD DISTRITAL DE MARIANO NICOLAS VALCARCEL;UF0038618;Botadero Municipal (Mariano Nicolas Valcarcel);18;696598.0;8225596.0;370;8300;0.83;Municipalidad distrital de Mariano Nicolas Valcarcel;No Precisa;Si;No;Si;No;No;No;No;No;No;No;Recuperación;2024;RESOLUCIÓN N° 00103-2024-OEFA/DSIS;;
36749;380;40206;Arequipa;Camaná;Ocoña;20211371545;MUNICIPALIDAD DISTRITAL DE OCONA;UF0010344;Botadero S/N;18;700851.0;8181059.0;1013;26700;2.67;Municipalidad distrital de Ocoña;0.7;Si;No;Si;No;No;No;No;No;No;No;Recuperación;2018;RCD N°026 -2018-OEFA/CD;Resolución N.° 00103-2024-OEFA/DSIS;
36750;381;40207;Arequipa;Camaná;Quilca;20176422191;MUNICIPALIDAD PROVINCIAL DE CAMANA;UF0009997;Botadero Municipal;18;755894.0;8157969.0;998.122004;39137.061902;3.913706;Municipalidad provincial de Camana, Municipalidad distrital de José Maria Quimper, Municipalidad distrital de Mariscal Cáceres, Municipalidad distrital de Nicolas de Pierola, Municipalidad distrital de Samuel Pastor;600;Si;No;Si;Si;No;No;No;No;No;No;Recuperación;2018;RCD N°026 -2018-OEFA/CD;;
36751;382;40207;Arequipa;Camaná;Quilca;20199725930;MUNICIPALIDAD DISTRITAL DE QUILCA;UF0010361;Botadero S/N;18;775048.94;8151265.64;395;2300;0.23;Municipalidad distrital de Quilca;0.46;No;No;No;No;No;No;No;No;No;No;Recuperación;2018;RCD N°026 -2018-OEFA/CD;Resolución N.° 00136-2024-OEFA/DSIS;
36752;383;40303;Arequipa;Caravelí;Atico;20212025179;MUNICIPALIDAD DISTRITAL DE ATICO;UF0010256;Botadero S/N;18;645095.0;8205994.0;1527;33400;3.34;Municipalidad distrital de Atico;2;Si;No;Si;No;No;No;No;No;No;No;Recuperación;2018;RCD N°026 -2018-OEFA/CD;;
36753;384;40305;Arequipa;Caravelí;Bella Unión;20162405919;MUNICIPALIDAD DISTRITAL DE ACARI;UF0010247;Botadero S/N;18;538679.0;8285035.0;1021;46400;4.64;Municipalidad distrital de Acari;4;No;No;Si;No;No;No;No;No;No;No;Recuperación;2018;RCD N°026 -2018-OEFA/CD;;
36754;385;40305;Arequipa;Caravelí;Bella Unión;20147682469;MUNICIPALIDAD DISTRITAL DE BELLA UNION;UF0010259;Botadero S/N;18;526899.0;8292861.0;785;19200;1.92;Municipalidad distrital de Bella Unión;4;Si;No;No;No;Si;No;No;No;No;No;Recuperación;2018;RCD N°026 -2018-OEFA/CD;Resolución N.° 00140-2024-OEFA/DSIS;
36755;386;40306;Arequipa;Caravelí;Cahuacho;20218890327;MUNICIPALIDAD DISTRITAL DE CAHUACHO;UF0010264;Botadero S/N;18;661212.0;8285757.0;231;3291;0.33;Municipalidad distrital de Cahuacho;0.1;No;No;No;No;No;No;No;No;No;No;Recuperación;2018;RCD N°026 -2018-OEFA/CD;Resolución N.° 00019-2025-OEFA/DSIS;
36756;387;40301;Arequipa;Caravelí;Caravelí;20199539478;MUNICIPALIDAD PROVINCIAL DE CARAVELI;UF0009998;Botadero Municipal;18;671870.0;8254835.0;1801.99;55400;5.54;Municipalidad provincial de Caravelí;0.7;No;No;Si;No;No;No;No;No;No;No;Recuperación;2018;RCD N°026 -2018-OEFA/CD;Resolución N.° 00008-2025-OEFA/DSIS;
36757;388;40307;Arequipa;Caravelí;Chala;20212025098;MUNICIPALIDAD DISTRITAL DE CHALA;UF0010273;Botadero S/N;18;579728.0;8250197.0;738;20000;2;Municipalidad distrital de Chala;4;No;No;No;No;No;No;No;No;No;No;Recuperación;2018;RCD N°026 -2018-OEFA/CD;Resolución N.° 00016-2025-OEFA/DSIS;
36758;389;40308;Arequipa;Caravelí;Chaparra;20227330873;MUNICIPALIDAD DISTRITAL DE CHAPARRA;UF0010277;Botadero S/N;18;619543.0;8259972.0;112.844799;529.923897;0.052992;Municipalidad distrital de Chaparra;0.4;No;No;Si;No;No;No;No;No;No;No;Recuperación;2018;RCD N°026 -2018-OEFA/CD;Resolución N.° 00022-2025-OEFA/DSIS;
36759;390;40308;Arequipa;Caravelí;Chaparra;20227330873;MUNICIPALIDAD DISTRITAL DE CHAPARRA;UF0035316;Botadero S/N (Chaparra);18;627673.0;8265421.0;238;2100;0.21;Municipalidad distrital de Chaparra;0.4;No;No;No;No;No;No;No;No;No;No;Recuperación;2022;Resolución N.° 00067-2022-OEFA/DSIS;Resolución N.° 00028-2025-OEFA/DSIS, Resolución N.° 00103-2024-OEFA/DSIS;
36760;391;40309;Arequipa;Caravelí;Huanuhuanu;20227330016;MUNICIPALIDAD DISTRITAL DE HUANU HUANU;UF0010305;Botadero S/N;18;598554.0;8269339.0;113;1000;0.1;Municipalidad distrital de Huanuhuanu;0;Si;Si;Si;No;No;No;No;No;No;No;Recuperación;2018;RCD N°026 -2018-OEFA/CD;Resolución N.° 00002-2025-OEFA/DSIS;
36761;392;40310;Arequipa;Caravelí;Jaqui;20207861759;MUNICIPALIDAD DISTRITAL DE JAQUI;UF0010312;Botadero S/N;18;561222.0;8289770.0;808.153177;18297.241469;1.829724;Municipalidad distrital de Jaqui;0.6;No;No;Si;No;No;No;No;No;No;No;Recuperación;2018;RCD N°026 -2018-OEFA/CD;;
36762;393;40311;Arequipa;Caravelí;Lomas;20147632950;MUNICIPALIDAD DISTRITAL DE LOMAS;UF0010326;Botadero S/N;18;516935.0;8282040.0;2046;67096;6.7096;Municipalidad distrital de Lomas;0.2;No;No;No;No;No;No;No;No;No;No;Recuperación;2018;RCD N°026 -2018-OEFA/CD;Resolución N.° 00103-2024-OEFA/DSIS;
36763;394;40312;Arequipa;Caravelí;Quicacha;20202169300;MUNICIPALIDAD DISTRITAL DE QUICACHA;UF0010360;Botadero S/N;18;629463.0;8273959.0;707;15077;1.51;Municipalidad distrital de Quicacha;0.2;No;No;Si;No;No;No;No;No;No;No;Recuperación;2018;RCD N°026 -2018-OEFA/CD;Resolución N.° 00022-2025-OEFA/DSIS;
36764;395;40313;Arequipa;Caravelí;Yauca;20212024954;MUNICIPALIDAD DISTRITAL DE ATIQUIPA;UF0010257;Botadero S/N;18;560177.0;8258876.0;183.109936;1737.379997;0.173738;Municipalidad distrital de Atiquipa;0.1;No;No;Si;No;No;No;No;No;No;Si;Recuperación;2018;RCD N°026 -2018-OEFA/CD;;
36765;396;40313;Arequipa;Caravelí;Yauca;20162664426;MUNICIPALIDAD DISTRITAL DE YAUCA;UF0010418;Botadero S/N;18;549373.0;8269874.0;1633.62;25400;2.54;Municipalidad distrital de Yauca;0.5;Si;No;Si;No;No;No;No;No;No;No;Recuperación;2018;RCD N°026 -2018-OEFA/CD;Resolución N.° 00008-2025-OEFA/DSIS, Resolución N.° 00140-2024-OEFA/DSIS;
36766;397;40402;Arequipa;Castilla;Andagua;20198078604;MUNICIPALIDAD DISTRITAL DE ANDAGUA;UF0010253;Botadero S/N;18;785647.0;8283642.0;141.987059;698.923111;0.069892;Municipalidad distrital de Andagua;0.8;No;No;Si;Si;No;No;No;No;No;No;Recuperación;2018;RCD N°026 -2018-OEFA/CD;;
36767;398;40401;Arequipa;Castilla;Aplao;20208253086;MUNICIPALIDAD PROVINCIAL DE CASTILLA;UF0009999;Botadero Municipal;18;768255.0;8224392.0;1065.54;21200;2.12;Municipalidad provincial de Castilla;1.84;No;No;Si;No;No;No;No;No;No;No;Recuperación;2018;RCD N°026 -2018-OEFA/CD;Resolución N.° 00008-2025-OEFA/DSIS;
36768;399;40403;Arequipa;Castilla;Ayo;20221421869;MUNICIPALIDAD DISTRITAL AYO;UF0010258;Botadero S/N;18;794165.0;8261294.0;127.723598;1101.12616;0.110113;Municipalidad distrital de Ayo;0.3;No;No;Si;No;No;No;No;No;No;No;Recuperación;2018;RCD N°026 -2018-OEFA/CD;;
36769;400;40404;Arequipa;Castilla;Chachas;20164449875;MUNICIPALIDAD DISTRITAL DE CHACHAS;UF0010271;Botadero S/N;18;791985.0;8284590.0;313.2;2700;0.27;Municipalidad distrital de Chachas;0.5;No;No;Si;No;No;No;No;No;No;No;Recuperación;2018;RCD N°026 -2018-OEFA/CD;Resolución N.° 00002-2025-OEFA/DSIS;
36770;401;40407;Arequipa;Castilla;Huancarqui;20199706471;MUNICIPALIDAD DISTRITAL DE HUANCARQUI;UF0010304;Botadero S/N;18;771417.0;8219025.0;514.003995;12559.117104;1.255912;Municipalidad distrital de Huancarqui;1.1;Si;No;Si;No;No;No;No;No;No;No;Recuperación;2018;RCD N°026 -2018-OEFA/CD;;
36771;402;40408;Arequipa;Castilla;Machaguay;20199643968;MUNICIPALIDAD DISTRITAL DE MACHAGUAY;UF0010328;Botadero S/N;18;767696.0;8267813.0;109.43155;805.365592;0.080537;Municipalidad distrital de Machaguay;0.5;Si;No;Si;No;No;No;No;No;No;No;Recuperación;2018;RCD N°026 -2018-OEFA/CD;;
36772;403;40409;Arequipa;Castilla;Orcopampa;20172681043;MUNICIPALIDAD DISTRITAL DE ORCOPAMPA;UF0010345;Botadero S/N;18;785181.0;8311170.0;309.993412;4577.961863;0.457796;Municipalidad distrital de Orcopampa;1;Si;No;Si;No;No;No;No;No;No;No;Recuperación;2018;RCD N°026 -2018-OEFA/CD;;
36773;404;40409;Arequipa;Castilla;Orcopampa;20172681043;MUNICIPALIDAD DISTRITAL DE ORCOPAMPA;UF0035317;Botadero S/N (Orcopampa);18;784020.0;8307450.0;No precisa;17100;1.71;Municipalidad Distrital de Orcopampa;1;No;No;No;No;No;No;No;No;No;No;Recuperación;2022;Resolución N.° 00067-2022-OEFA/DSIS;;
36774;405;40410;Arequipa;Castilla;Pampacolca;20172639519;MUNICIPALIDAD DISTRITAL DE PAMPACOLCA;UF0010348;Botadero S/N;18;764501.0;8258534.0;597.07;13100;1.31;Municipalidad distrital de Pampacolca;0.9;No;No;No;No;No;No;No;No;No;No;Recuperación;2018;RCD N°026 -2018-OEFA/CD;Resolución N.° 0017-2025-OEFA/DSIS;
36775;406;40411;Arequipa;Castilla;Tipan;20203786892;MUNICIPALIDAD DISTRITAL DE TIPAN;UF0010404;Botadero S/N;18;770931.0;8255285.0;250.266268;3792.597147;0.37926;Municipalidad distrital de Tipan;0.7;Si;No;No;No;No;No;No;No;No;No;Recuperación;2018;RCD N°026 -2018-OEFA/CD;;
36776;407;40412;Arequipa;Castilla;Uñon;20199706391;MUNICIPALIDAD DISTRITAL DE UÑON;UF0009989;Botadero Municipal;18;776144.0;8259336.0;37.978388;96.648629;0.009665;Municipalidad distrital de Uñon;0.4;No;No;No;Si;No;No;No;No;No;No;Recuperación;2018;RCD N°026 -2018-OEFA/CD;;
36777;408;40413;Arequipa;Castilla;Uraca;20199641167;MUNICIPALIDAD DISTRITAL DE URACA;UF0010478;Botadero Sector Alto San Francisco;18;774429.0;8198558.0;429.382051;3583.592965;0.358359;Municipalidad distrital de Uraca;0.429;No;No;Si;No;No;No;No;No;No;No;Recuperación;2018;RCD N°026 -2018-OEFA/CD;;
36778;409;40414;Arequipa;Castilla;Viraco;20199641086;MUNICIPALIDAD DISTRITAL DE VIRACO;UF0010415;Botadero S/N;18;765979.0;8265626.0;192.384608;1625.932244;0.162593;Municipalidad distrital de Viraco;0.6;Si;No;Si;No;No;No;No;No;No;No;Recuperación;2018;RCD N°026 -2018-OEFA/CD;;
36779;410;40502;Arequipa;Caylloma;Achoma;20209175712;MUNICIPALIDAD DISTRITAL DE YANQUE;UF0010417;Botadero S/N;19;214429.0;8263827.0;406;6700;0.67;Municipalidad distrital de Yanque;0.3;No;No;Si;No;No;No;No;No;No;No;Recuperación;2018;RCD N°026 -2018-OEFA/CD;;
36780;411;40502;Arequipa;Caylloma;Achoma;20216587741;MUNICIPALIDAD DISTRITAL DE ACHOMA;UF0010248;Botadero S/N;19;207881.0;8267508.0;274.855836;3378.378787;0.337838;Municipalidad distrital de Achoma;0.5;No;No;Si;No;No;No;No;No;No;No;Recuperación;2018;RCD N°026 -2018-OEFA/CD;;
36781;412;40502;Arequipa;Caylloma;Achoma;20216587741;MUNICIPALIDAD DISTRITAL DE ACHOMA;UF0042388;"Área temporal de disposición final de residuos sólidos (Botadero Municipal)
";19;209918.0;8266277.0;83;4500;0.45;Municipalidad distrital de Achoma;No precisa;No;No;No;No;No;No;No;No;No;No;Recuperación;2025;Resolución N.° 00028-2025-OEFA/DSIS;;
36782;413;40503;Arequipa;Caylloma;Cabanaconde;20273871013;MUNICIPALIDAD DISTRITAL DE CABANACONDE;UF0010262;Botadero S/N;18;821462.0;8269600.0;406.661081;10214.778493;1.021478;Municipalidad distrital de Cabanaconde;0.9;Si;No;Si;No;No;No;No;No;No;No;Recuperación;2018;RCD N°026 -2018-OEFA/CD;;
36783;414;40504;Arequipa;Caylloma;Callalli;20199731743;MUNICIPALIDAD DISTRITAL DE CALLALLI;UF0009562;Botadero Culuyo;19;244795.0;8284471.0;447.964839;10104.765981;1.010477;Municipalidad distrital de Callalli;0.7;Si;No;No;No;No;No;No;No;No;No;Recuperación;2018;RCD N°026 -2018-OEFA/CD;;
36784;415;40506;Arequipa;Caylloma;Coporaque;20198033414;MUNICIPALIDAD PROVINCIAL DE CAYLLOMA;UF0010022;Botadero Municipal Chusñapampa;19;221901.0;8272730.0;387.866655;7468.86251;0.746886;Municipalidad provincial de Caylloma, Municipalidad distrital de Coporaque;3;Si;No;Si;Si;No;No;No;No;No;No;Recuperación;2018;RCD N°026 -2018-OEFA/CD;;
36785;416;40507;Arequipa;Caylloma;Huambo;20197944154;MUNICIPALIDAD DISTRITAL DE HUAMBO;UF0010632;Botadero Sector Matadero;18;811293.0;8255535.0;96.616766;645.514766;0.064551;Municipalidad distrital de Huambo;0.857;No;No;No;No;No;No;No;No;No;No;Recuperación;2018;RCD N°026 -2018-OEFA/CD;;
36786;417;40508;Arequipa;Caylloma;Huanca;20193358790;MUNICIPALIDAD DISTRITAL DE HUANCA CAYLLOMA;UF0010194;Botadero Quebrada del Murco;19;191531.0;8221412.0;248.176299;3173.766008;0.317377;Municipalidad distrital de Huanca;0.129;No;No;Si;No;No;No;No;No;No;No;Recuperación;2018;RCD N°026 -2018-OEFA/CD;;
36787;418;40509;Arequipa;Caylloma;Ichupampa;20228892735;MUNICIPALIDAD DISTRITAL DE ICHUPAMPA;UF0010309;Botadero S/N;19;210249.0;8268346.0;230.361302;3408.636364;0.340864;Municipalidad distrital de Ichupampa, Municipalidad distrital de Chilcaymarca;0.4;No;No;No;No;No;No;No;No;No;No;Recuperación;2018;RCD N°026 -2018-OEFA/CD;;
36788;419;40510;Arequipa;Caylloma;Lari;20312182417;MUNICIPALIDAD DISTRITAL DE LARI;UF0010321;Botadero S/N;19;203764.0;8270257.0;109.467422;763.492137;0.076349;Municipalidad distrital de Lari;0.3;No;No;No;No;No;No;No;No;No;No;Recuperación;2018;RCD N°026 -2018-OEFA/CD;;
36789;420;40511;Arequipa;Caylloma;Lluta;20193505768;MUNICIPALIDAD DISTRITAL DE LLUTA;UF0010080;Botadero Pampa Blanca;18;820343.0;8231155.0;213.821817;2645.024949;0.264502;Municipalidad distrital de Lluta;0.067;No;No;No;No;No;No;No;No;No;No;Recuperación;2018;RCD N°026 -2018-OEFA/CD;;
36790;421;40511;Arequipa;Caylloma;Lluta;20193505768;MUNICIPALIDAD DISTRITAL DE LLUTA;UF0034666;Botadero S/N (Lluta);19;181433.0;8226067.0;55;200;0.02;Municipalidad Distrital de Lluta;0.066;No;No;No;No;No;No;No;No;No;No;Recuperación;2022;Resolución N.° 00054-2022-OEFA/DSIS;;
36791;422;40512;Arequipa;Caylloma;Maca;20227619946;MUNICIPALIDAD DISTRITAL DE MACA;UF0010327;Botadero S/N;19;199913.0;8268959.0;140.895673;1264.885965;0.126489;Municipalidad distrital de Maca;0.3;No;No;No;No;No;No;No;No;No;No;Recuperación;2018;RCD N°026 -2018-OEFA/CD;;
36792;423;40513;Arequipa;Caylloma;Madrigal;20221840675;MUNICIPALIDAD DISTRITAL DE MADRIGAL;UF0010329;Botadero S/N;19;197360.0;8273875.0;123.613902;1047.339767;0.104734;Municipalidad distrital de Madrigal;0.3;No;No;No;No;No;No;No;No;No;No;Recuperación;2018;RCD N°026 -2018-OEFA/CD;;
36793;424;40520;Arequipa;Caylloma;Majes;20496934866;MUNICIPALIDAD DISTRITAL DE MAJES;UF0010331;Botadero S/N;18;804086.0;8200336.0;494.704889;10948.792762;1.094879;Municipalidad distrital de Majes;7;Si;No;Si;No;No;No;No;No;No;No;Recuperación;2018;RCD N°026 -2018-OEFA/CD;;
36794;425;40514;Arequipa;Caylloma;San Antonio de Chuca;20190521410;MUNICIPALIDAD DISTRITAL DE SAN ANTONIO DE CHUCA;UF0010365;Botadero S/N;19;275957.0;8247608.0;319.235547;4776.777281;0.477678;Municipalidad distrital de San Antonio de Chuca;0.4;No;No;Si;No;No;No;No;No;No;Si;Recuperación;2018;RCD N°026 -2018-OEFA/CD;;
36795;426;40514;Arequipa;Caylloma;San Antonio de Chuca;20190521410;MUNICIPALIDAD DISTRITAL DE SAN ANTONIO DE CHUCA;UF0042389;Botadero Yrulaca;19;266472.0;8234929.0;200;2500;0.25;Municipalidad distrital de San Antonio de Chuca;No precisa;No;No;Si;No;No;No;No;No;No;No;Recuperación;2025;Resolución N.° 00028-2025-OEFA/DSIS;;
36796;427;40515;Arequipa;Caylloma;Sibayo;20190584331;MUNICIPALIDAD DISTRITAL DE SIBAYO;UF0010394;Botadero S/N;19;235729.0;8287536.0;239;2900;0.29;Municipalidad distrital de Sibayo;0.5;No;No;No;No;No;No;No;No;No;No;Recuperación;2018;RCD N°026 -2018-OEFA/CD;Resolución N.° 00028-2025-OEFA/DSIS;
36797;428;40516;Arequipa;Caylloma;Tapay;20207864260;MUNICIPIO DISTRITAL DE TAPAY;UF0010403;Botadero S/N;19;184912.0;8275513.0;67.779313;278.007629;0.027801;Municipalidad distrital de Tapay;0.3;No;No;Si;No;No;No;No;No;No;No;Recuperación;2018;RCD N°026 -2018-OEFA/CD;;
36798;429;40517;Arequipa;Caylloma;Tisco;20190592511;MUNICIPALIDAD DISTRITAL DE TISCO;UF0010405;Botadero S/N;19;237570.0;8301824.0;105.95748;725.790708;0.072579;Municipalidad distrital de Tisco;0.3;No;No;No;No;No;No;No;No;No;No;Recuperación;2018;RCD N°026 -2018-OEFA/CD;;
36799;430;40518;Arequipa;Caylloma;Tuti;20227257777;MUNICIPALIDAD DISTRITAL DE TUTI;UF0009725;Botadero Hipo;19;230455.0;8282180.0;305.04828;5733.92092;0.573392;Municipalidad distrital de Tuti;0.7;No;No;Si;No;No;No;No;No;No;No;Recuperación;2018;RCD N°026 -2018-OEFA/CD;;
36800;431;40602;Arequipa;Condesuyos;Andaray;20227589427;MUNICIPALIDAD DISTRITAL DE YANAQUIHUA;UF0009993;Botadero Municipal;18;727807.0;8253797.0;192.283513;2580.088456;0.258009;Municipalidad distrital de Yanaquihua;1;No;No;Si;Si;No;No;No;No;No;No;Recuperación;2018;RCD N°026 -2018-OEFA/CD;;
36801;432;40602;Arequipa;Condesuyos;Andaray;20197493632;MUNICIPALIDAD DISTRITAL DE ANDARAY;UF0009904;Botadero Municipal;18;729722.0;8251315.0;218.903248;2581.207957;0.258121;Municipalidad distrital de Andaray;0.002;No;No;No;No;No;No;No;No;No;No;Recuperación;2018;RCD N°026 -2018-OEFA/CD;;
36802;433;40603;Arequipa;Condesuyos;Cayarani;20272619574;MUNICIPALIDAD DISTRITAL DE CAYARANI;UF0010269;Botadero S/N;18;821486.0;8375291.0;123.489721;915.630918;0.091563;Municipalidad distrital de Cayarani;0.4;No;No;No;No;No;No;No;No;No;No;Recuperación;2018;RCD N°026 -2018-OEFA/CD;;
36803;434;40604;Arequipa;Condesuyos;Chichas;20213227255;MUNICIPALIDAD DISTRITAL DE CHICHAS;UF0042165;Botadero SN (Chichas);18;722871.0;8280314.0;70;246;0.0246;Municipalidad distrital de Chichas;No precisa;No;No;No;No;No;No;No;No;No;No;Recuperación;2025;Resolución N.° 00026-2025-OEFA/DSIS;;
36804;435;40601;Arequipa;Condesuyos;Chuquibamba;20191802633;MUNICIPALIDAD PROVINCIAL DE CONDESUYOS;UF0010000;Botadero Municipal;18;750439.0;8248764.0;367.384217;5974.441146;0.597444;Municipalidad provincial de Condesuyos;4;No;No;No;Si;No;No;No;No;No;No;Recuperación;2018;RCD N°026 -2018-OEFA/CD;;
36805;436;40605;Arequipa;Condesuyos;Iray;20273271504;MUNICIPALIDAD DISTRITAL DE IRAY;UF0010310;Botadero S/N;18;752796.0;8244249.0;139.596815;1100.269541;0.110027;Municipalidad distrital de Iray;0.4;No;No;Si;No;No;No;No;No;No;No;Recuperación;2018;RCD N°026 -2018-OEFA/CD;;
36806;437;40606;Arequipa;Condesuyos;Río Grande;20202276301;MUNICIPALIDAD DISTRITAL DE RIO GRANDE IQUIPI;UF0010362;Botadero S/N;18;706075.0;8238061.0;253.382333;3064.508134;0.306451;Municipalidad distrital de Rio Grande;0.6;Si;No;Si;No;No;No;No;No;No;No;Recuperación;2018;RCD N°026 -2018-OEFA/CD;;
36807;438;40606;Arequipa;Condesuyos;Río Grande;20202276301;MUNICIPALIDAD DISTRITAL DE RIO GRANDE IQUIPI;UF0035318;Botadero S/N (Rio Grande);18;702359.0;8237376.0;220;1106;0.11;Municipalidad distrital de Rio Grande;0.4;Si;No;Si;No;No;No;No;No;No;No;Recuperación;2022;Resolución N.° 00067-2022-OEFA/DSIS;Resolución N.° 00136-2024-OEFA/DSIS;
36808;439;40702;Arequipa;Islay;Cocachacra;20170503628;MUNICIPALIDAD DISTRITAL DE COCACHACRA;UF0010288;Botadero S/N;19;206931.0;8109532.0;780.882444;15205.635679;1.520564;Municipalidad distrital de Cocachacra;1.1;No;No;No;No;No;No;No;No;No;No;Recuperación;2018;RCD N°026 -2018-OEFA/CD;;
36809;440;40702;Arequipa;Islay;Cocachacra;20170503628;MUNICIPALIDAD DISTRITAL DE COCACHACRA;UF0017407;Botadero Municipal;19;213677.0;8110383.0;678;18161;1.82;Municipalidad distrital de Cocachacra;8;Si;No;Si;No;No;No;No;No;No;No;Recuperación;2021;RESOLUCION N° 00005-2021-OEFA;Resolución N.° 00016-2025-OEFA/DSIS;
36810;441;40703;Arequipa;Islay;Dean Valdivia;20165870361;MUNICIPALIDAD DISTRITAL DEAN VALDIVIA;UF0010297;Botadero S/N;19;199733.0;8103424.0;376;6600;0.66;Municipalidad distrital de Dean Valdivia;0.8;Si;No;Si;No;No;No;No;No;No;No;Recuperación;2018;RCD N°026 -2018-OEFA/CD;Resolución N.° 00008-2025-OEFA/DSIS;
36811;442;40704;Arequipa;Islay;Islay;20184482208;MUNICIPALIDAD DISTRITAL ISLAY MATARANI;UF0010311;Botadero S/N;18;811192.0;8121627.0;914;25200;2.52;Municipalidad distrital de Islay;1.5;Si;No;Si;No;No;No;No;No;No;No;Recuperación;2018;RCD N°026 -2018-OEFA/CD;Resolución N.° 00008-2025-OEFA/DSIS;
36812;443;40705;Arequipa;Islay;Mejia;20198022480;MUNICIPALIDAD DISTRITAL DE MEJIA;UF0010338;Botadero S/N;19;193017.0;8107435.0;824;42500;4.25;Municipalidad distrital de Mejia;0.7;Si;Si;Si;No;No;No;No;No;No;No;Recuperación;2018;RCD N°026 -2018-OEFA/CD;Resolución N.° 00016-2025-OEFA/DSIS;
36813;444;40701;Arequipa;Islay;Mollendo;20166164789;MUNICIPALIDAD PROVINCIAL DE ISLAY;UF0010002;Botadero Municipal;18;817442.0;8118527.0;1000.19;33400;3.34;Municipalidad provincial de Islay;30;No;No;No;No;No;No;No;No;No;No;Recuperación;2018;RCD N°026 -2018-OEFA/CD;Resolución N.° 87-2024-OEFA/DSIS;
36814;445;40706;Arequipa;Islay;Punta de Bombón;20181009161;MUNICIPALIDAD DISTRITAL PUNTA DE BOMBON;UF0010358;Botadero S/N;19;204263.0;8100319.0;380.922087;7374.587281;0.737459;Municipalidad distrital de Punta de Bombon;0.5;No;No;No;No;No;No;No;No;No;No;Recuperación;2018;RCD N°026 -2018-OEFA/CD;;
36815;446;40706;Arequipa;Islay;Punta de Bombón;20181009161;MUNICIPALIDAD DISTRITAL PUNTA DE BOMBON;UF0036038;Botadero S/N (Punta de Bombón);19;218165.0;8094486.0;50;150;0.015;Municipalidad distrital de Punta de Bombón;0.5;Si;No;Si;No;No;No;No;No;No;No;Recuperación;2023;Resolución N.° 00020-2023-OEFA/DSIS;;
36816;447;40802;Arequipa;La Union;Alca;20312437776;CONCEJO DISTRITAL DE ALCA;UF0010249;Botadero S/N;18;736124.0;8324064.0;255.976803;4272.278131;0.427228;Municipalidad distrital de Alca, Municipalidad distrital de Tomepampa;0.4;No;No;No;No;No;No;No;No;No;Si;Recuperación;2018;RCD N°026 -2018-OEFA/CD;;
36817;448;40802;Arequipa;La Union;Alca;20312111749;MUNICIPALIDAD DISTRITAL DE PUYCA;UF0009962;Botadero Municipal;18;741790.0;8330490.0;112.404368;921.865256;0.092187;Municipalidad distrital de Puyca;0.067;No;No;Si;No;No;No;No;No;No;Si;Recuperación;2018;RCD N°026 -2018-OEFA/CD;;
36818;449;40803;Arequipa;La Union;Charcana;20203446366;MUNICIPALIDAD DISTRITAL DE CHARCANA;UF0009914;Botadero Municipal;18;708375.0;8316144.0;102.440966;835.098051;0.08351;Municipalidad distrital de Charcana;No Precisa;No;No;No;No;No;No;No;No;No;Si;Recuperación;2018;RCD N°026 -2018-OEFA/CD;;
36819;450;40801;Arequipa;La Union;Cotahuasi;20188297111;MUNICIPALIDAD PROVINCIAL DE LA UNION;UF0010003;Botadero Municipal;18;724082.0;8318711.0;330.728922;6018.611694;0.601861;Municipalidad provincial de La Unión;7;Si;No;Si;No;No;No;No;No;No;Si;Recuperación;2018;RCD N°026 -2018-OEFA/CD;;
36820;451;40808;Arequipa;La Union;Sayla;20312540275;MUNICIPALIDAD DISTRITAL DE SAYLA;UF0009977;Botadero Municipal;18;691120.0;8305246.0;55.928783;215.569704;0.021557;Municipalidad distrital de Sayla;0.5;No;No;Si;No;No;No;No;No;No;Si;Recuperación;2018;RCD N°026 -2018-OEFA/CD;;
36821;452;40809;Arequipa;La Union;Tauria;20197503964;MUNICIPALIDAD DISTRITAL TAURIA;UF0018163;Botadero Cari Cari;18;691786.0;8298020.0;553;14565;1.49;Municipal distrital de Tauria;0.026;No;No;No;No;No;No;No;No;No;Si;Recuperación;2022;Resolución N.° 00018-2022-OEFA/DSIS;Resolución N.° 00019-2025-OEFA/DSIS;
36822;453;40811;Arequipa;La Union;Toro;20215092306;MUNICIPALIDAD DISTRITAL DE TORO;UF0010409;Botadero S/N;18;726527.0;8311946.0;110.637828;627.143025;0.062714;Municipalidad distrital de Toro;0.5;No;No;No;No;No;No;No;No;No;Si;Recuperación;2018;RCD N°026 -2018-OEFA/CD;;
36823;454;50201;Ayacucho;Cangallo;Cangallo;20143166717;MUNICIPALIDAD PROVINCIAL DE CANGALLO;UF0010131;Botadero Paticucho;18;594766.0;8491698.0;238.079005;2653.349734;0.265335; Municipalidad provincial de Cangallo;0.42;No;No;No;Si;No;No;No;No;No;No;Recuperación;2018;RCD N°026 -2018-OEFA/CD;;
36824;455;50202;Ayacucho;Cangallo;Chuschi;20232797038;MUNICIPALIDAD DISTRITAL DE CHUSCHI;UF0010160;Botadero Puchcoyacu - Chilcapucro;18;568246.0;8496696.0;229.697345;2425.833233;0.242583;Municipalidad distrital de Chuschi;2;No;No;No;No;No;No;No;No;No;No;Recuperación;2018;RCD N°026 -2018-OEFA/CD;;
36825;456;50204;Ayacucho;Cangallo;María Parado de Bellido;20198964558;MUNICIPALIDAD DISTRITAL MARIA PARADO DE;UF0009773;Botadero Inchancca Huayco;18;580496.0;8494433.0;147.507502;1230.675771;0.123068;Municipalidad distrital de Maria Parado de Bellido;0.04;No;No;No;No;No;No;No;No;No;No;Recuperación;2018;RCD N°026 -2018-OEFA/CD;;
36826;457;50205;Ayacucho;Cangallo;Paras;20193164677;MUNICIPALIDAD DISTRITAL DE PARAS;UF0010777;Botadero Torohuichccana;18;541883.0;8499902.0;47.680552;152.849604;0.015285;Municipalidad distrital de Paras;0.057;No;No;No;No;No;No;No;No;No;No;Recuperación;2018;RCD N°026 -2018-OEFA/CD;;
36827;458;50206;Ayacucho;Cangallo;Totos;20143660169;MUNICIPALIDAD DISTRITAL DE TOTOS;UF0009388;Botadero Cabitochayoq;18;551538.0;8501671.0;119.702318;1003.564016;0.100356;Municipalidad distrital de Totos;0.129;No;No;No;No;No;No;No;No;No;No;Recuperación;2018;RCD N°026 -2018-OEFA/CD;;
36828;459;50102;Ayacucho;Huamanga;Acocro;20143628354;MUNICIPALIDAD DISTRITAL DE ACOCRO;UF0010469;Botadero Seccelambras;18;603726.0;8540310.0;215.33;917.11;0.09;Municipalidad distrital de Acocro;0.14;No;No;No;No;No;No;No;No;No;No;Recuperación;2018;RCD N°026 -2018-OEFA/CD;Resolución N.° 00024-2025-OEFA/DSIS;
36829;460;50102;Ayacucho;Huamanga;Acocro;20143628354;MUNICIPALIDAD DISTRITAL DE ACOCRO;UF0034328;Botadero Trigoloma;18;599649.0;8533130.0;272;2236;0.22;Municipalidad distrital de Acocro;0.35;No;No;No;No;No;No;No;No;No;No;Recuperación;2023;Resolución N.° 00020-2023-OEFA/DSIS;Resolución N.° 00019-2025-OEFA/DSIS;
36830;461;50102;Ayacucho;Huamanga;Acocro;20143628354;MUNICIPALIDAD DISTRITAL DE ACOCRO;UF0041838;Botadero Pampamarca - Aguidachupa;18;604107.0;8533204.0;271;2059;0.2;Municipalidad distrital de Acocro;80;No;No;No;No;No;No;No;No;No;No;Recuperación;2025;Resolución N.° 00022-2025-OEFA/DSIS;;
36831;462;50102;Ayacucho;Huamanga;Acocro;20143628354;MUNICIPALIDAD DISTRITAL DE ACOCRO;UF0042036;Botadero Seccelambras 2;18;600140.0;8532567.0;25;35;0.0035;Municipalidad distrital de Acocro;0;No;No;No;No;No;No;No;No;No;No;Recuperación;2025;Resolución N.° 00024-2025-OEFA/DSIS;;
36832;463;50103;Ayacucho;Huamanga;Acos Vinchos;20143660088;MUNICIPALIDAD DISTRITAL DE ACOS VINCHOS;UF0009899;Botadero Municipal;18;596204.0;8549240.0;268.745593;4223.518732;0.422352;Municipalidad distrital de Acos Vinchos;0.057;No;No;No;No;No;No;No;No;No;No;Recuperación;2018;RCD N°026 -2018-OEFA/CD;;
36833;464;50103;Ayacucho;Huamanga;Acos Vinchos;20143660088;MUNICIPALIDAD DISTRITAL DE ACOS VINCHOS;UF0009754;Botadero Huaychao;18;602755.0;8543019.0;300.376311;5644.931919;0.564493;Municipalidad distrital de Acos Vinchos;No Precisa;No;No;No;No;No;No;No;No;No;No;Recuperación;2018;RCD N°026 -2018-OEFA/CD;;
36834;465;50101;Ayacucho;Huamanga;Ayacucho;20143137296;MUNICIPALIDAD PROVINCIAL DE HUAMANGA;UF0009735;Botadero Huamanpampa;18;578670.0;8547905.0;417.1176;8997.611103;0.899761;Municipalidad provincial de Huamanga, Municipalidad distrital de San Juan Bautista, Municipalidad distrital de Jesús Nazareno, Municipalidad distrital de Cármen Alto, Municipalidad distrital de Andrés Avelino Cáceres;130;No;No;No;No;No;No;No;No;No;No;Recuperación;2018;RCD N°026 -2018-OEFA/CD;;
36835;466;50105;Ayacucho;Huamanga;Chiara;20185785654;MUNICIPALIDAD DISTRITAL DE CHIARA;UF0009774;Botadero Inyalla;18;586159.0;8527561.0;105.521332;608.264035;0.060826;Municipalidad distrital de Chiara;0.685;No;No;No;No;No;No;No;No;No;No;Recuperación;2018;RCD N°026 -2018-OEFA/CD;;
36836;467;50105;Ayacucho;Huamanga;Chiara;20185785654;MUNICIPALIDAD DISTRITAL DE CHIARA;UF0035319;Botadero Manallasacc;18;592852.0;8508247.0;200;500;0.05;Municipalidad Distrital de Chiara;No precisa;No;No;No;No;No;No;No;No;No;No;Recuperación;2022;Resolución N.° 00067-2022-OEFA/DSIS;;
36837;468;50105;Ayacucho;Huamanga;Chiara;20185785654;MUNICIPALIDAD DISTRITAL DE CHIARA;UF0035320;Botadero Inuyasha Alta;18;585495.0;8527563.0;150;1400;0.14;Municipalidad Distrital de Chiara;No precisa;No;No;No;No;No;No;No;No;No;No;Recuperación;2022;Resolución N.° 00067-2022-OEFA/DSIS;;
36838;469;50105;Ayacucho;Huamanga;Chiara;20185785654;MUNICIPALIDAD DISTRITAL DE CHIARA;UF0037733;Botadero Sachabamba;18;597105.0;8511848.0;154;1300;0.13;Municipalidad Distrital de Chiara;No Precisa;No;No;No;No;No;No;No;No;No;No;Recuperación;2024;Resolución N° 003-2024-OEFA/DSIS;;
36839;470;50106;Ayacucho;Huamanga;Ocros;20143671446;MUNICIPALIDAD DISTRITAL DE OCROS;UF0036257;Botadero Masotewayqo;18;619674.0;8515955.0;296;4341;0.43;Municipalidad distrital de Ocros;0.28;No;No;No;No;No;No;No;No;No;No;Recuperación;2023;Resolución N.° 00031-2023-OEFA/DSIS;;
36840;471;50106;Ayacucho;Huamanga;Ocros;20143671446;MUNICIPALIDAD DISTRITAL DE OCROS;UF0009453;Botadero Ccoracha;18;617120.0;8513721.0;147.02835;1322.451831;0.132245;Municipalidad distrital de Ocros;1125;Si;No;No;No;No;No;No;No;No;No;Recuperación;2018;RCD N°026 -2018-OEFA/CD;;
36841;472;50107;Ayacucho;Huamanga;Pacaycasa;20193105662;MUNICIPALIDAD DISTRITAL DE PACAYCASA;UF0034513;Botadero Tawaqocha;18;583180.0;8556806.0;233;3000;0.3;Municipalidad Distrital de Pacaycasa;No precisa;Si;No;Si;No;No;No;No;No;No;No;Recuperación;2022;Resolución N.° 00054-2022-OEFA/DSIS;;
36842;473;50108;Ayacucho;Huamanga;Quinua;20143629679;MUNICIPALIDAD DISTRITAL DE QUINUA;UF0009441;Botadero Ccatillos;18;594661.0;8561337.0;402.58769;9112.560484;0.911256;Municipalidad distrital de Quinua;4252;No;No;No;No;No;No;No;No;No;No;Recuperación;2018;RCD N°026 -2018-OEFA/CD;;
36843;474;50109;Ayacucho;Huamanga;San José de Ticllas;20143661483;CONCEJO DISTRITAL DE SAN JOSE DE TICLLAS;UF0010174;Botadero Purapampa;18;572694.0;8548458.0;92;400;0.04;Municipalidad distrital de San José de Ticllas;0.06;No;No;No;No;No;No;No;No;No;No;Recuperación;2018;RCD N°026 -2018-OEFA/CD;Resolución N.° 00024-2025-OEFA/DSIS;
36844;475;50111;Ayacucho;Huamanga;Santiago de Pischa;20166868328;MUNICIPALIDAD DISTRITAL DE SANTIAGO PISC;UF0034667;Botadero Huancoura;18;565109.0;8553962.0;277;300;0.03;Municipalidad Distrital Santiago de Pischa;0.1;No;No;No;No;No;No;No;No;No;No;Recuperación;2022;Resolución N.° 00054-2022-OEFA/DSIS;;
36845;476;50111;Ayacucho;Huamanga;Santiago de Pischa;20166868328;MUNICIPALIDAD DISTRITAL DE SANTIAGO PISC;UF0036254;Botadero Qayarpachi;18;571507.0;8556855.0;62;300;0.03;Municipalidad distrital de Santiago de Pischa;No Precisa;No;No;No;No;No;No;No;No;No;No;Recuperación;2023;Resolución N.° 00031-2023-OEFA/DSIS;;
36846;477;50112;Ayacucho;Huamanga;Socos;20190606164;MUNICIPALIDAD DISTRITAL DE SOCOS;UF0009504;Botadero Chilca Pucro;18;577478.0;8540599.0;470;15400;1.54;Municipalidad distrital de Socos;0.02;No;No;No;No;No;No;No;No;No;No;Recuperación;2018;RCD N°026 -2018-OEFA/CD;;
36847;478;50105;Ayacucho;Huamanga;Socos;20185785654;MUNICIPALIDAD DISTRITAL DE CHIARA;UF0035321;Botadero Accoccasa;18;580291.0;8521756.0;95;500;0.05;Municipalidad Distrital de Chiara;No precisa;No;No;No;No;No;No;No;No;No;No;Recuperación;2022;Resolución N.° 00067-2022-OEFA/DSIS;;
36848;479;50113;Ayacucho;Huamanga;Tambillo;20143137296;MUNICIPALIDAD PROVINCIAL DE HUAMANGA;UF0010832;Botadero Uchuycruz Mollepampa;18;588582.0;8541507.0;665.448426;22177.589366;2.217759;Municipalidad provincial de Huamanga, Municipalidad distrital de San Juan Bautista, Municipalidad distrital de Jesús Nazareno, Municipalidad distrital de Cármen Alto, Municipalidad distrital de Andrés Avelino Cáceres;130;No;Si;No;No;No;No;No;No;No;No;Recuperación;2018;RCD N°026 -2018-OEFA/CD;;
36849;480;50113;Ayacucho;Huamanga;Tambillo;20143659829;MUNICIPALIDAD DISTRITAL DE TAMBILLO;UF0009535;Botadero Comunhuaccta;18;596228.0;8542358.0;102.393271;606.197188;0.06062;Municipalidad distrital de Tambillo;1.52;No;No;No;No;No;No;No;No;No;No;Recuperación;2018;RCD N°026 -2018-OEFA/CD;;
36850;481;50113;Ayacucho;Huamanga;Tambillo;20143137296;MUNICIPALIDAD PROVINCIAL DE HUAMANGA;UF0034686;Botadero Cuytupata;18;588633.0;8542939.0;No precisa;10000;1;Municipalidad Provincial de Huamanga;1;No;No;No;No;No;No;No;No;No;No;Recuperación;2022;Resolución N.° 00054-2022-OEFA/DSIS;;
36851;482;50113;Ayacucho;Huamanga;Tambillo;20143137296;MUNICIPALIDAD PROVINCIAL DE HUAMANGA;UF0036585;Botadero Uchuycruz 2;18;588878.0;8542522.0;728;50000;5;Municipalidad provincial de Huamanga, Municipalidad distrital de San Juan Bautista, Municipalidad distrital de Jesús Nazareno, Municipalidad distrital de Cármen Alto;0;No;No;No;No;No;No;No;No;No;No;Recuperación;2023;Resolución N.° 0058-2023-OEFA/DSIS;;
36852;483;50114;Ayacucho;Huamanga;Vinchos;20143671527;MUNICIPALIDAD DISTRITAL DE VINCHOS;UF0009539;Botadero Condoraypata;18;569150.0;8537153.0;217.152496;2041.968921;0.204197;Municipalidad distrital de Vinchos;0.754;Si;No;No;No;No;No;No;No;No;No;Recuperación;2018;RCD N°026 -2018-OEFA/CD;;
36853;484;50302;Ayacucho;Huanca Sancos;Carapo;20175164937;MUNICIPALIDAD DISTRITAL DE CARAPO;UF0010757;Botadero Tantarcucho;18;575039.0;8470311.0;143.271069;1222.445469;0.122245;Municipalidad distrital de Carapo;0.036;No;No;No;No;No;No;No;No;No;No;Recuperación;2018;RCD N°026 -2018-OEFA/CD;;
36854;485;50302;Ayacucho;Huanca Sancos;Carapo;20175164937;MUNICIPALIDAD DISTRITAL DE CARAPO;UF0034668;Botadero Portacruz;18;568555.0;8476029.0;110;700;0.07;Municipalidad Distrotal de Carapo;No precisa;No;No;No;No;No;No;No;No;No;No;Recuperación;2022;Resolución N.° 00054-2022-OEFA/DSIS;;
36855;486;50303;Ayacucho;Huanca Sancos;Sacsamarca;20189091622;MUNICIPALIDAD DISTRITAL DE SACSAMARCA;UF0010181;Botadero Qaycupuncu;18;575453.0;8461708.0;209.624804;2210.709271;0.221071;Municipalidad distrital de Sacsamarca;0.106;No;No;No;No;No;No;No;No;No;No;Recuperación;2018;RCD N°026 -2018-OEFA/CD;;
36856;487;50301;Ayacucho;Huanca Sancos;Sancos;20223028765;MUNICIPALIDAD PROVINCIAL DE HUANCASANCOS;UF0010776;Botadero Toro Potrero;18;569557.0;8459864.0;310.949118;4294.596118;0.42946;Municipalidad provincial de Huanca Sancos;1.5;No;No;No;Si;Si;No;No;No;No;No;Recuperación;2018;RCD N°026 -2018-OEFA/CD;;
36857;488;50304;Ayacucho;Huanca Sancos;Santiago de Lucanamarca;20213832361;MUNICIPALIDAD DISTRITAL DE SANTIAGO DE LUCANAMARCA;UF0010079;Botadero Pampa 3 de Abril;18;563183.0;8466347.0;581.139164;18610.323427;1.861032;Municipalidad distrital de Santiago de Lucanamarca;0.06;No;No;No;No;No;No;No;No;No;No;Reconversión;2018;RCD N°026 -2018-OEFA/CD;;
36858;489;50402;Ayacucho;Huanta;Ayahuanco;20143157301;MUNICIPALIDAD DISTRITAL DE AYAHUANCO;UF0010603;Botadero Sector Kichkillay Wayqo;18;573314.0;8607771.0;160.157468;1449.202908;0.14492;Municipalidad distrital de Ayahuanco;0.3;No;No;No;No;No;No;No;No;No;No;Recuperación;2018;RCD N°026 -2018-OEFA/CD;;
36859;490;50402;Ayacucho;Huanta;Ayahuanco;20143157301;MUNICIPALIDAD DISTRITAL DE AYAHUANCO;UF0036261;Botadero Sabilapampa I;18;573370.0;8607250.0;332.37;6682;0.668;Municipalidad distrital de Ayahuanco;0;No;No;No;No;No;No;No;No;No;No;Reconversión;2023;Resolución N.° 00031-2023-OEFA/DSIS;;
36860;491;50409;Ayacucho;Huanta;Canayre;20574739676;MUNICIPALIDAD DISTRITAL DE CANAYRE;UF0009695;Botadero en el Sector Pacifico;18;602310.0;8642627.0;275.75046;4391.751058;0.439175;Municipalidad distrital de Canayre, Municipalidad distrital de Llochegua;2154;Si;No;Si;Si;No;No;No;No;No;No;Recuperación;2018;RCD N°026 -2018-OEFA/CD;;
36861;492;50409;Ayacucho;Huanta;Canayre;20574739676;MUNICIPALIDAD DISTRITAL DE CANAYRE;UF0037532;Botadero en el Sector Pacífico II;18;604763.0;8643422.0;260;5000;0.5;Municipalidad distrital de Canayre;2;No;No;No;No;No;No;No;No;No;No;Recuperación;2023;Resolución N.° 00102-2023-OEFA/DSIS;;
36862;493;50403;Ayacucho;Huanta;Huamanguilla;20143157564;MUNICIPALIDAD DISTRITAL DE HUAMANGUILLA;UF0010845;Botadero Vega;18;584818.0;8560842.0;557.406562;9879.044676;0.987904;Municipalidad distrital de Huamanguilla, Municipalidad distrital de Pacaycasa;1798;No;No;No;No;No;No;No;No;No;No;Recuperación;2018;RCD N°026 -2018-OEFA/CD;;
36863;494;50404;Ayacucho;Huanta;Iguain;20143148492;MUNICIPALIDAD DISTRITAL DE IGUAIN;UF0009345;Botadero Antarumi Alta;18;584955.0;8562879.0;334.20334;7512.055401;0.751206;Municipalidad distrital de Iguaín;0.3;Si;No;Si;Si;No;No;No;No;No;No;Recuperación;2018;RCD N°026 -2018-OEFA/CD;;
36864;495;50408;Ayacucho;Huanta;Llochegua;20365019879;MUNICIPALIDAD DISTRITAL DE LLOCHEGUA;UF0012774;Botadero La Playa;18;619720.0;8627484.0;513.126196;7569.035743;0.756904;Municipalidad distrital de Llochegua;2;Si;No;No;No;No;No;No;No;No;No;Recuperación;2021;RESOLUCION N° 00003-2021-OEFA/DSIS;;
36865;496;50408;Ayacucho;Huanta;Llochegua;20365019879;MUNICIPALIDAD DISTRITAL DE LLOCHEGUA;UF0036726;Botadero Fundo Santa Ana;18;613975.0;8629700.0;391;6900;0.69;Municipalidad distrital de Llochegua;4.8;No;No;No;No;No;No;No;No;No;No;Recuperación;2023;Resolución N.° 00066-2023-OEFA/DSIS;;
36866;497;50405;Ayacucho;Huanta;Luricocha;20143099262;MUNICIPALIDAD PROVINCIAL DE HUANTA;UF0009778;Botadero Izcutacucc;18;575002.0;8574360.0;702;20211;2.02;Municipalidad provincial de Huanta, Municipalidad distrital de Luricocha;15;No;No;No;No;No;No;No;No;No;No;Recuperación;2018;RCD N°026 -2018-OEFA/CD;;
36867;498;50406;Ayacucho;Huanta;Santillana;20143157483;MUNICIPALIDAD DISTRITAL DE SANTILLANA;UF0010659;Botadero Sector Parccaypata;18;579633.0;8589833.0;151;1304;0.13;Municipalidad distrital de Santillana;0.3;No;No;No;No;No;No;No;No;No;No;Recuperación;2018;RCD N°026 -2018-OEFA/CD;Resolución N.° 00019-2025-OEFA/DSIS;
36868;499;50407;Ayacucho;Huanta;Sivia;20166888353;MUNICIPALIDAD DISTRITAL DE SIVIA;UF0010687;Botadero Sector Quimtipiriqui;18;623142.0;8618315.0;224.398237;2328.353198;0.232835;Municipalidad distrital de Sivia;3;No;No;No;No;No;No;No;No;No;No;Recuperación;2018;RCD N°026 -2018-OEFA/CD;;
36869;500;50410;Ayacucho;Huanta;Uchuraccay;20574782920;MUNICIPALIDAD DISTRITAL DE UCHURACCAY;UF0010509;Botadero Sector Cementerio;18;592871.0;8588981.0;99.391752;702.056864;0.070206;Municipalidad distrital de Uchuraccay;No Precisa;No;No;No;No;No;No;No;No;No;No;Recuperación;2018;RCD N°026 -2018-OEFA/CD;;
36870;501;50410;Ayacucho;Huanta;Uchuraccay;20574782920;MUNICIPALIDAD DISTRITAL DE UCHURACCAY;UF0017215;Botadero de Tahuaccocha;18;594808.0;8590179.0;110;620;0.062;Municipalidad distrital de Uchuraccay;0.4;No;No;No;No;No;No;No;No;No;No;Recuperación;2022;Resolución N.° 00018-2022-OEFA/DSIS;;
36871;502;50510;Ayacucho;La Mar;Anchihuay;20574738866;MUNICIPALIDAD DISTRITAL DE ANCHIHUAY;UF0010778;Botadero Torrembino Pampa Hermosa;18;653971.0;8577194.0;539.768557;16729.566485;1.672957;Municipalidad distrital de Anchihuay;0.9;No;No;No;No;No;No;No;No;No;No;Recuperación;2018;RCD N°026 -2018-OEFA/CD;;
36872;503;50502;Ayacucho;La Mar;Anco;20194773120;MUNICIPALIDAD DISTRITAL DE ANCO;UF0010675;Botadero Sector Puca Puca;18;663276.0;8560861.0;123.62765;934.998965;0.0935;Municipalidad distrital de Anco;0.377;No;Si;Si;No;No;No;No;No;No;No;Recuperación;2018;RCD N°026 -2018-OEFA/CD;;
36873;504;50502;Ayacucho;La Mar;Anco;20194773120;MUNICIPALIDAD DISTRITAL DE ANCO;UF0009697;Botadero Arwimayo;18;660057.0;8566607.0;214;2900;0.29;Municipalidad distrital de Anco;0.6;Si;No;No;No;No;No;No;No;No;No;Recuperación;2018;RCD N°026 -2018-OEFA/CD;;
36874;505;50502;Ayacucho;La Mar;Anco;20194773120;MUNICIPALIDAD DISTRITAL DE ANCO;UF0038231;Botadero Pacopamba;18;632766.0;8554825.0;82.89;400;0.04;Municipalidad distrital de Anco;0.05;Si;No;No;No;No;No;No;No;No;No;Recuperación;2024;Resolución N° 0035-2024-OEFA/DSIS;;
36875;506;50502;Ayacucho;La Mar;Anco;20194773120;MUNICIPALIDAD DISTRITAL DE ANCO;UF0038232;Botadero Chiquintirca;18;639594.0;8555508.0;300;300;0.03;Municipalidad distrital de Anco;0.6;Si;No;No;No;No;No;No;No;No;No;Recuperación;2024;Resolución N° 0035-2024-OEFA/DSIS;;
36876;507;50503;Ayacucho;La Mar;Ayna;20143159001;MUNICIPALIDAD DISTRITAL AYNA SAN FRANCISCO;UF0009853;Botadero Machente;18;621269.0;8593191.0;156.427019;1769.793911;0.176979;Centro Poblado de Santa Cruz de Machente;0.2;No;Si;Si;No;No;No;No;No;No;No;Recuperación;2018;RCD N°026 -2018-OEFA/CD;;
36877;508;50503;Ayacucho;La Mar;Ayna;20143159001;MUNICIPALIDAD DISTRITAL AYNA SAN FRANCISCO;UF0009688;Botadero en el sector Aurora Alta;18;629741.0;8606197.0;260;3200;0.32;Municipalidad distrital de Ayna;4.2;Si;No;Si;Si;No;No;No;No;No;No;Recuperación;2021;RESOLUCION N° 00003-2021-OEFA/DSIS;;
36878;509;50504;Ayacucho;La Mar;Chilcas;20208090861;MUNICIPALIDAD DISTRITAL DE CHILCAS;UF0010642;Botadero Sector Motoypucro;18;617718.0;8542712.0;105.763793;669.775359;0.066978;Municipalidad distrital de Chilcas;0.3;Si;No;Si;Si;No;No;No;No;No;No;Recuperación;2018;RCD N°026 -2018-OEFA/CD;;
36879;510;50505;Ayacucho;La Mar;Chungui;20194772310;MUNICIPALIDAD DISTRITAL DE CHUNGUI;UF0010744;Botadero Soccospata;18;648224.0;8532636.0;121.513868;1175.010718;0.117501;Municipalidad distrital de Chungui;0.95;Si;No;No;No;No;No;No;No;No;No;Recuperación;2018;RCD N°026 -2018-OEFA/CD;;
36880;511;50505;Ayacucho;La Mar;Chungui;20194772310;MUNICIPALIDAD DISTRITAL DE CHUNGUI;UF0010856;Botadero Waqontohuaycco;18;649310.0;8536809.0;140.807117;858.972551;0.085897;Municipalidad distrital de Chungui;0.8;No;No;No;No;No;No;No;No;No;No;Recuperación;2018;RCD N°026 -2018-OEFA/CD;;
36881;512;50506;Ayacucho;La Mar;Luis Carranza;20219098236;MUNICIPALIDAD DISTRITAL DE LUIS CARRANZA;UF0009689;Botadero en el Sector Chispipata;18;621194.0;8536928.0;80.550144;392.173853;0.039217;Municipalidad distrital de Luis Carranza;0.3;Si;No;Si;Si;No;No;No;No;No;No;Recuperación;2018;RCD N°026 -2018-OEFA/CD;;
36882;513;50514;Ayacucho;La Mar;Ninabamba;20607926094;MUNICIPALIDAD DISTRITAL DE NINABAMBA;UF0041851;Botadero en el Sector Talavera;18;618674.0;8552289.0;260;4000;0.4;Municipalidad distrital de Ninabamba;0.12;Si;No;No;No;Si;No;No;No;No;No;Recuperación;2025;Resolución N.° 00022-2025-OEFA/DSIS;;
36883;514;50509;Ayacucho;La Mar;Samugari;20534461322;MUNICIPALIDAD DISTRITAL DE SAMUGARI;UF0009699;Botadero en el Sector Saluriaco;18;641323.0;8587318.0;214.15611;2793.9422;0.279394;Municipalidad distrital de Samugari, Municipalidad distrital de Santa Rosa;No Precisa;No;No;No;No;No;No;No;No;No;No;Recuperación;2018;RCD N°026 -2018-OEFA/CD;;
36884;515;50509;Ayacucho;La Mar;Samugari;20534461322;MUNICIPALIDAD DISTRITAL DE SAMUGARI;UF0010140;Botadero Piriato Zorza;18;648097.0;8587283.0;88.213749;426.392809;0.042639;Municipalidad distrital de Samugari;1000;No;No;No;No;No;No;No;No;No;No;Recuperación;2018;RCD N°026 -2018-OEFA/CD;;
36885;516;50509;Ayacucho;La Mar;Samugari;20534461322;MUNICIPALIDAD DISTRITAL DE SAMUGARI;UF0010440;Botadero Saluriaco;18;645354.0;8589616.0;85.434439;484.112251;0.048411;Municipalidad distrital de Samugari;2200;No;No;No;No;No;No;No;No;No;No;Recuperación;2018;RCD N°026 -2018-OEFA/CD;;
36886;517;50509;Ayacucho;La Mar;Samugari;20534461322;MUNICIPALIDAD DISTRITAL DE SAMUGARI;UF0038512;Botadero Pichiwilca Alta;18;647989.0;8583935.0;328;6500;0.65;Municipalidad distrital de Samugari;0;No;No;No;No;No;No;No;No;No;No;Recuperación;2024;Resolución N°00087 -2024-OEFA/DSIS;;
36887;518;50507;Ayacucho;La Mar;Santa Rosa;20177865045;MUNICIPALIDAD  DISTRITAL DE SANTA ROSA;UF0009543;Botadero Controlado en el Sector Simariva;18;636422.0;8594785.0;460.56733;11176.361541;1.117636;Municipalidad distrital de Santa Rosa;2.5;Si;No;Si;Si;No;No;No;No;No;No;Recuperación;2018;RCD N°026 -2018-OEFA/CD;;
36888;519;50508;Ayacucho;La Mar;Tambo;20172351175;MUNICIPALIDAD DISTRITAL DE TAMBO PROVINC;UF0009585;Botadero de Chamanapata;18;608962.0;8566214.0;426.731194;11971.570829;1.197157;Municipalidad distrital de Tambo;2.5;Si;No;Si;Si;No;No;No;No;No;No;Recuperación;2018;RCD N°026 -2018-OEFA/CD;;
36889;520;50512;Ayacucho;La Mar;Unión Progreso;20608004387;MUNICIPALIDAD DISTRITAL DE UNIÓN PROGRESO;UF0038233;Botadero Sandaripata;18;657367.0;8569551.0;336;7000;0.7;Municipalidad distrital de Unión Progreso;1.5;Si;No;No;No;No;No;No;No;No;No;Recuperación;2024;Resolución N° 0035-2024-OEFA/DSIS;;
36890;521;50602;Ayacucho;Lucanas;Aucara;20287495111;MUNICIPALIDAD DISTRITAL DE AUCARA;UF0010768;Botadero Tipinayocc;18;610276.0;8425012.0;238.0027;3613.885095;0.361389;Municipalidad distrital de Aucara;0.042;No;Si;Si;No;No;No;No;No;No;No;Recuperación;2018;RCD N°026 -2018-OEFA/CD;;
36891;522;50602;Ayacucho;Lucanas;Aucara;20223311165;MUNICIPALIDAD DISTRITAL DE SANTA ANA DE HUAYCAHUACHO;UF0009681;Botadero El Monte;18;612071.0;8425816.0;312;5900;0.59;Municipalidad distrital de Santa Ana de Huaycahuacho;0.129;No;No;No;No;No;No;No;No;No;No;Recuperación;2018;RCD N°026 -2018-OEFA/CD;Resolución N.° 00136-2024-OEFA/DSIS;
36892;523;50604;Ayacucho;Lucanas;Carmen Salcedo;20287319810;MUNICIPALIDAD DISTRITAL CARMEN SALCEDO;UF0009386;Botadero Caballoputo;18;612861.0;8412177.0;454.132698;13307.463207;1.330746;Municipalidad distrital de Cármen Salcedo;0.5;No;No;No;No;No;No;No;No;No;No;Recuperación;2018;RCD N°026 -2018-OEFA/CD;;
36893;524;50604;Ayacucho;Lucanas;Carmen Salcedo;20232203260;MUNICIPALIDAD DISTRITAL CABANA;UF0009751;Botadero Huasaputo;18;613629.0;8415403.0;635.127961;25987.170103;2.598717;Municipalidad distrital de Cabana Sur;No Precisa;No;No;No;Si;No;No;No;No;No;No;Recuperación;2018;RCD N°026 -2018-OEFA/CD;;
36894;525;50605;Ayacucho;Lucanas;Chaviña;20287533811;MUNICIPALIDAD DISTRITAL DE CHAVINA;UF0009305;Botadero Accencha;18;623213.0;8345733.0;404;11000;1.1;Municipalidad distrital de Chaviña;0.14;No;No;No;No;No;No;No;No;No;No;Recuperación;2018;RCD N°026 -2018-OEFA/CD;Resolución N.° 00136-2024-OEFA/DSIS;
36895;526;50606;Ayacucho;Lucanas;Chipao;20226228200;MUNICIPALIDAD DISTRITAL DE CHIPAO;UF0009861;Botadero Mallqui;18;622446.0;8411423.0;268;2234;0.22;Municipalidad distrital de Chipao;1527;No;No;No;No;No;No;No;No;No;No;Recuperación;2018;RCD N°026 -2018-OEFA/CD;Resolución N.° 00016-2025-OEFA/DSIS;
36896;527;50607;Ayacucho;Lucanas;Huac-Huas;20203706708;MUNICIPALIDAD DISTRITAL DE HUACUAS;UF0010230;Botadero Ranracalle;18;506372.0;8436949.0;157.065564;1487.246823;0.148725;Municipalidad distrital de Huac Huas;0.403;No;No;No;No;No;No;No;No;No;No;Recuperación;2018;RCD N°026 -2018-OEFA/CD;;
36897;528;50607;Ayacucho;Lucanas;Huac-Huas;20203706708;MUNICIPALIDAD DISTRITAL DE HUACUAS;UF0010066;Botadero Paccpamuccu;18;505595.0;8438056.0;155.797816;1326.062111;0.132606;Municipalidad distrital de Huac Huas;0.403;No;No;No;No;No;No;No;No;No;No;Recuperación;2018;RCD N°026 -2018-OEFA/CD;;
36898;529;50609;Ayacucho;Lucanas;Leoncio Prado;20201826102;MUNICIPALIDAD DIST. DE LEONCIO PRADO;UF0010775;Botadero Toro Muerto;18;534907.0;8371612.0;51.530469;147.585364;0.014759;Municipalidad distrital de Leoncio Prado;0.478;No;No;Si;No;No;No;No;No;No;No;Recuperación;2018;RCD N°026 -2018-OEFA/CD;;
36899;530;50610;Ayacucho;Lucanas;Llauta;20211432196;MUNICIPALIDAD DISTRITAL DE LLAUTA;UF0009434;Botadero Cashuaca;18;508616.0;8424025.0;176.260365;2220.160449;0.222016;Municipalidad distrital de Llauta;0.2;No;No;No;No;No;No;No;No;No;No;Recuperación;2018;RCD N°026 -2018-OEFA/CD;;
36900;531;50611;Ayacucho;Lucanas;Lucanas;20230589446;MUNICIPALIDAD DISTRITAL DE LUCANAS;UF0009309;Botadero Achachi;18;583428.0;8383072.0;297;3569;0.36;Municipalidad distrital de Lucanas;22.5;No;No;No;No;No;No;No;No;No;No;Recuperación;2018;RCD N°026 -2018-OEFA/CD;Resolución N.° 00019-2025-OEFA/DSIS;
36901;532;50612;Ayacucho;Lucanas;Ocaña;20191030649;MUNICIPALIDAD DISTRITAL DE OCAÑA;UF0009678;Botadero El Mesón;18;519650.0;8406887.0;173.47167;1907.452575;0.190745;Municipalidad distrital de Ocaña;1033;No;No;Si;No;No;No;No;No;No;No;Recuperación;2018;RCD N°026 -2018-OEFA/CD;;
36902;533;50613;Ayacucho;Lucanas;Otoca;20211432277;MUNICIPALIDAD DISTRITAL DE OTOCA;UF0010136;Botadero Piedralejo;18;530321.0;8396087.0;214.689991;2573.073487;0.257307;Municipalidad distrital de Otoca;2.23;No;No;Si;Si;No;No;No;No;No;No;Recuperación;2018;RCD N°026 -2018-OEFA/CD;;
36903;534;50601;Ayacucho;Lucanas;Puquio;20143082297;MUNICIP. PROV. DE LUCANAS PUQUIO;UF0010072;Botadero Pali ;18;596008.0;8376466.0;438.245761;10613.790889;1.061379;Municipalidad provincial de Lucanas;6;No;No;No;Si;No;No;No;No;No;No;Recuperación;2018;RCD N°026 -2018-OEFA/CD;;R.A. N° 036-2019-MPLP/A
36904;535;50614;Ayacucho;Lucanas;Saisa;20231076868;MUNICIPALIDAD DISTRITAL DE SAISA;UF0009510;Botadero Chillcalli;18;560951.0;8348493.0;409;8800;0.88;Municipalidad distrital de Saisa;0.034;No;No;No;No;No;No;No;No;No;No;Recuperación;2018;RCD N°026 -2018-OEFA/CD;Resolución N.° 00013-2025-OEFA/DSIS;
36905;536;50615;Ayacucho;Lucanas;San Cristóbal;20230590029;MUNICIPALIDAD DISTRITAL DE SAN CRISTÓBAL;UF0009446;Botadero Ccechccalla;18;585019.0;8369456.0;218;2300;0.23;Municipalidad distrital de San Cristobal;2.47;No;No;No;No;No;No;No;No;No;No;Recuperación;2018;RCD N°026 -2018-OEFA/CD;Resolución N.° 00019-2025-OEFA/DSIS;
36906;537;50616;Ayacucho;Lucanas;San Juan;20287219947;MUNICIPALIDAD DIST SAN JUAN DE LUCANAS;UF0009442;Botadero Ccatumpampa;18;586615.0;8380029.0;134.216462;738.718298;0.073872;Municipalidad distrital de San Juan;0.37;No;No;No;No;No;No;No;No;No;No;Recuperación;2018;RCD N°026 -2018-OEFA/CD;;
36907;538;50616;Ayacucho;Lucanas;San Juan;20287219947;MUNICIPALIDAD DIST SAN JUAN DE LUCANAS;UF0010842;Botadero Utec;18;584969.0;8378893.0;128.480424;511.229669;0.051123;Municipalidad distrital de San Juan;0.04;No;No;No;No;No;No;No;No;No;No;Recuperación;2018;RCD N°026 -2018-OEFA/CD;;
36908;539;50617;Ayacucho;Lucanas;San Pedro;20229995759;CONCEJO DISTRITAL SAN PEDRO LUCANAS;UF0009744;Botadero Huansupata;18;596905.0;8367653.0;117.301555;980.793468;0.098079;Municipalidad distrital de San Pedro;1267;No;No;No;No;No;No;No;No;No;No;Recuperación;2018;RCD N°026 -2018-OEFA/CD;;
36909;540;50617;Ayacucho;Lucanas;San Pedro;20229995759;CONCEJO DISTRITAL SAN PEDRO LUCANAS;UF0038513;Botadero Chinchecca;18;597960.0;8361372.0;108;661;0.061;Municipalidad distrital de San Pedro;1;No;No;No;Si;No;No;No;No;No;No;Recuperación;2024;Resolución N°00087 -2024-OEFA/DSIS;;
36910;541;50618;Ayacucho;Lucanas;San Pedro de Palco;20287355701;MUNICIPALIDAD DIST SAN PEDRO DE PALCO;UF0009460;Botadero Cementerio;18;537021.0;8406853.0;83.933905;463.528876;0.046353;Municipalidad distrital de San Pedro de Palco;0.466;No;No;Si;Si;No;No;No;No;No;No;Recuperación;2018;RCD N°026 -2018-OEFA/CD;;
36911;542;50619;Ayacucho;Lucanas;Sancos;20227231115;MUNICIPALIDAD DISTRITAL DE SANCOS;UF0009439;Botadero Ccantaccocha;18;614116.0;8333817.0;231;3527;0.35;Municipalidad distrital de Sancos;0.128;No;No;No;No;No;No;No;No;No;No;Recuperación;2018;RCD N°026 -2018-OEFA/CD;Resolución N.° 00016-2025-OEFA/DSIS;
36912;543;50621;Ayacucho;Lucanas;Santa Lucia;20188439196;MUNICIPALIDAD DISTRITAL DE SANTA LUCIA;UF0009494;Botadero Chaquillay;18;550510.0;8341871.0;145;1363;0.14;Municipalidad distrital de Santa Lucia;0.338;No;No;Si;No;No;No;No;No;No;No;Recuperación;2018;RCD N°026 -2018-OEFA/CD;Resolución N.° 00013-2025-OEFA/DSIS;
36913;544;50702;Ayacucho;Parinacochas;Chumpi;20287377691;MUNICIPALIDAD DISTRITAL DE CHUMPI;UF0010756;Botadero Tantarccasa;18;635370.0;8329239.0;567;14800;1.48;Municipalidad distrital de Chumpi;1;No;No;No;No;No;No;No;No;No;No;Recuperación;2018;RCD N°026 -2018-OEFA/CD;Resolución N.° 00136-2024-OEFA/DSIS;
36914;545;50703;Ayacucho;Parinacochas;Coronel Castañeda;20287376619;MUNICIPALIDAD DIST DE CORONEL CASTANEDA;UF0009314;Botadero Ajochiuchi;18;685003.0;8362368.0;72.623782;347.318535;0.034732;Municipalidad distrital de Coronel Castañeda;0.387;Si;No;Si;No;No;No;No;No;No;No;Recuperación;2018;RCD N°026 -2018-OEFA/CD;;
36915;546;50704;Ayacucho;Parinacochas;Pacapausa;20287376376;MUNICIPALIDAD DISTRITAL DE PACAPAUSA;UF0010156;Botadero Pucca Ccata;18;674582.0;8347745.0;445;6600;0.66;Municipalidad distrital de San Francisco de Ravacayco, Municipalidad distrital de Pacapausa;0.4;No;No;No;No;No;No;No;No;No;No;Recuperación;2018;RCD N°026 -2018-OEFA/CD;Resolución N.° 00136-2024-OEFA/DSIS;
36916;547;50705;Ayacucho;Parinacochas;Pullo;20287296348;MUNICIPALIDAD DISTRITAL DE PULLO;UF0010535;Botadero Sector Convento;18;627178.0;8317289.0;330.38;6675.96;0.67;Municipalidad distrital de Pullo;1334;Si;No;No;Si;No;No;No;No;No;No;Recuperación;2018;RCD N°026 -2018-OEFA/CD;Resolución N.° 00013-2025-OEFA/DSIS, Resolución N.° 00136-2024-OEFA/DSIS;
36917;548;50706;Ayacucho;Parinacochas;Puyusca;20287376457;MUNICIPALIDAD DISTRITAL DE PUYUSCA;UF0010159;Botadero Puchcco Yacu;18;653740.0;8310757.0;623.76;22800;2.28;Municipalidad distrital de Puyusca;0.72;Si;No;No;No;No;No;No;No;No;No;Recuperación;2018;RCD N°026 -2018-OEFA/CD;Resolución N.° 00136-2024-OEFA/DSIS;
36918;549;50708;Ayacucho;Parinacochas;Upahuacho;20287376538;MUNICIPALIDAD DISTRITAL DE UPAHUACHO;UF0009739;Botadero Huancallani;18;672674.0;8350922.0;63.302125;261.682878;0.026168;Municipalidad distrital de Upahuacho;0.565;No;No;Si;No;No;No;No;No;No;No;Recuperación;2018;RCD N°026 -2018-OEFA/CD;;
36919;550;50708;Ayacucho;Parinacochas;Upahuacho;20287376538;MUNICIPALIDAD DISTRITAL DE UPAHUACHO;UF0042164;Botadero San Roque;18;672205.0;8351685.0;90.5;3600;0.36;Municipalidad distrital de Upahuacho;0.015;No;No;No;No;No;No;No;No;No;No;Recuperación;2025;Resolución N.° 00026-2025-OEFA/DSIS;;
36920;551;50808;Ayacucho;Paucar del Sara Sara;San Javier de Alpabamba;20287585536;MUNICIPALIDAD DISTRITAL DE SAN JAVIER DE ALPABAMBA;UF0042155;Botadero Tua;18;680173.0;8335357.0;210;2194;0.22;Municipalidad distrital de San Javier de Alpabamba;0.1;No;No;No;No;No;No;No;No;No;No;Recuperación;2025;Resolución N.° 00026-2025-OEFA/DSIS;;
36921;552;50802;Ayacucho;Páucar del Sara Sara;Colta;20323235709;MUNICIPALIDAD DISTRITAL DE COLTA;UF0010184;Botadero Quchimachay;18;683565.0;8322842.0;379.68;2316.99;0.23;Municipalidad distrital de Colta;0.239;No;No;No;No;No;No;No;No;No;No;Recuperación;2018;RCD N°026 -2018-OEFA/CD;Resolución N.° 00016-2025-OEFA/DSIS;
36922;553;50803;Ayacucho;Páucar del Sara Sara;Corculla;20407213123;MUNICIPALIDAD DE CORCULLA;UF0009746;Botadero Huao;18;692629.0;8312274.0;92.557729;434.624123;0.043462;Municipalidad distrital de Corculla;0;No;No;No;No;No;No;No;No;Si;No;Recuperación;2018;RCD N°026 -2018-OEFA/CD;Resolución N.° 00022-2025-OEFA/DSIS;
36923;554;50803;Ayacucho;Páucar del Sara Sara;Corculla;20407213123;MUNICIPALIDAD DE CORCULLA;UF0041359;Botadero Chanchaura;18;693057.0;9310320.0;116.67;975;0.09756;Municipalidad distrital de Corculla;0.067;No;No;Si;No;No;No;No;No;No;No;Recuperación;2025;Resolución N° 00019-2025-OEFA/DSIS;;
36924;555;50804;Ayacucho;Páucar del Sara Sara;Lampa;20287411899;MUNICIPALIDAD DISTRITAL LAMPA;UF0040013;Botadero Yuraq Yuraq;18;678983.0;8315154.0;209;1129;0.12;Municipalidad distrital de Lampa;0.71;No;No;No;No;No;No;No;No;No;No;Recuperación;2025;RESOLUCIÓN N° 00013-2025-OEFA/DSIS;;
36925;556;50804;Ayacucho;Páucar del Sara Sara;Lampa;20287411899;MUNICIPALIDAD DISTRITAL LAMPA;UF0010132;Botadero Pelotanapampa;18;678269.0;8320509.0;299.19;2952.78;0.3;Municipalidad distrital de Lampa;0.42;No;No;No;No;No;No;No;No;No;No;Recuperación;2018;RCD N°026 -2018-OEFA/CD;Resolución N.° 00016-2025-OEFA/DSIS;
36926;557;50805;Ayacucho;Páucar del Sara Sara;Marcabamba;20287187131;MUNICIPALIDAD DISTRITAL DE MARCABAMBA;UF0010069;Botadero Pacocolla;18;678577.0;8325595.0;160;1561;0.156836;Municipalidad distrital de Marcabamba;0.236;No;No;No;No;No;No;No;No;No;No;Recuperación;2018;RCD N°026 -2018-OEFA/CD;Resolución N.° 00016-2025-OEFA/DSIS;
36927;558;50806;Ayacucho;Páucar del Sara Sara;Oyolo;20287400188;MUNICIPALIDAD DISTRITAL DE OYOLO;UF0009516;Botadero Choccalle;18;696423.0;8321048.0;95.807318;667.05151;0.066705;Municipalidad distrital de Oyolo;0.35;No;No;No;No;No;No;No;No;Si;No;Recuperación;2018;RCD N°026 -2018-OEFA/CD;;
36928;559;50807;Ayacucho;Páucar del Sara Sara;Pararca;20287583321;MUNICIPALIDAD DISTRITAL DE PARARCA;UF0040014;Botadero Cuñica;18;660299.0;8315934.0;71.9;308;0.03;Municipalidad distrital de Pararca;No Precisa;No;No;No;No;No;No;No;No;No;No;Recuperación;2025;RESOLUCIÓN N° 00013-2025-OEFA/DSIS;;
36929;560;50807;Ayacucho;Páucar del Sara Sara;Pararca;20287583321;MUNICIPALIDAD DISTRITAL DE PARARCA;UF0010173;Botadero Puqkunta;18;665269.0;8316780.0;39.5;96.3;0.09;Municipalidad distrital de Pararca;0;No;No;No;No;No;No;No;No;No;No;Recuperación;2018;RCD N°026 -2018-OEFA/CD;Resolución N.° 00016-2025-OEFA/DSIS;
36930;561;50801;Ayacucho;Páucar del Sara Sara;Pausa;20194058854;MUNICIP PROVIN PAUCAR DEL SARA SARA;UF0010128;Botadero Patapampa;18;676862.0;8312995.0;318.864696;7121.018606;0.712102;Municipalidad provincial de Paucar del Sara Sara;No Precisa;No;No;No;No;No;No;No;No;No;No;Recuperación;2018;RCD N°026 -2018-OEFA/CD;;
36931;562;50808;Ayacucho;Páucar del Sara Sara;San Javier de Alpabamba;20287585536;MUNICIPALIDAD DISTRITAL DE SAN JAVIER DE ALPABAMBA;UF0010467;Botadero Santopampa;18;680113.0;8334468.0;371.703221;2636.635911;0.263664;Municipalidad distrital de San Javier de Alpabamba;0.03;No;No;No;No;No;No;No;No;No;No;Recuperación;2018;RCD N°026 -2018-OEFA/CD;;
36932;563;50809;Ayacucho;Páucar del Sara Sara;San José de Ushua;20287583240;MUNICIPALIDAD DISTRITAL SN JOSE DE USHUA;UF0010073;Botadero Pallccapampa;18;690684.0;8316261.0;139.5;995.5;0.083587;Municipalidad distrital de San José de Ushua;0;No;No;No;No;No;No;No;No;Si;No;Recuperación;2018;RCD N°026 -2018-OEFA/CD;Resolución N.° 00019-2025-OEFA/DSIS;
36933;564;50809;Ayacucho;Páucar del Sara Sara;San José de Ushua;20287583240;MUNICIPALIDAD DISTRITAL SN JOSE DE USHUA;UF0041360;Botadero Salliscca;18;691048.0;8317182.0;89.17;500;0.05;Municipalidad distrital de San José de Ushua;0.15;No;No;No;No;No;No;No;No;No;No;Recuperación;2025;Resolución N° 00019-2025-OEFA/DSIS;;
36934;565;50902;Ayacucho;Sucre;Belén;20214704651;MUNICIPALIDAD DISTRITAL DE CHALCOS;UF0010232;Botadero Ranrapata;18;634274.0;8473244.0;141.62806;1112.639595;0.111264;Municipalidad distrital de Chalcos;No Precisa;No;Si;No;Si;No;No;No;No;No;No;Recuperación;2018;RCD N°026 -2018-OEFA/CD;;
36935;566;50902;Ayacucho;Sucre;Belén;20220338241;MUNICIPALIDAD DISTRITAL DE BELEN;UF0010078;Botadero Paltaq;18;634060.0;8473763.0;126.168382;796.964023;0.079696;Municipalidad distrital de Belén;0.192;No;Si;Si;No;No;No;No;No;No;No;Recuperación;2018;RCD N°026 -2018-OEFA/CD;;
36936;567;50904;Ayacucho;Sucre;Chilcayoc;20214704499;MUNICIPALIDAD DISTRITAL DE CHILCAYOC;UF0010760;Botadero Tastacucho;18;638351.0;8464685.0;82.715639;356.197533;0.03562;Municipalidad distrital de Chilcayoc;0.233;No;No;No;No;No;No;No;No;No;No;Recuperación;2018;RCD N°026 -2018-OEFA/CD;;
36937;568;50905;Ayacucho;Sucre;Huacaña;20287321806;CONCEJO DISTRITAL DE HUACANA;UF0009719;Botadero Hamccao;18;618215.0;8433556.0;133.793567;880.018936;0.088002;Municipalidad distrital de Huacaña;0.193;No;No;No;No;No;No;No;No;No;No;Recuperación;2018;RCD N°026 -2018-OEFA/CD;;
36938;569;50906;Ayacucho;Sucre;Morcolla;20224547812;MUNICIPALIDAD DISTRITAL DE MORCOLLA;UF0039502;Botadero Cruzpata 1;18;622631.0;8442186.0;188;1955;0.19;Municipalidad distrital de Morcolla;0.08;No;No;No;No;No;No;No;No;No;No;Recuperación;2025;Resolución N° 00008-2025-OEFA/DSIS;;
36939;570;51004;Ayacucho;Sucre;Morcolla;20224547812;MUNICIPALIDAD DISTRITAL DE MORCOLLA;UF0010781;Botadero Trancapampa;18;620945.0;8439692.0;106;576;0.057;Municipalidad distrital de Morcolla;No Precisa;No;No;Si;No;No;No;No;No;No;No;Recuperación;2018;RCD N°026 -2018-OEFA/CD;;
36940;571;50901;Ayacucho;Sucre;Querobamba;20187843431;MUNICIPALIDAD PROVINCIAL DE SUCRE;UF0009321;Botadero Almapampa;18;625265.0;8446538.0;443;11700;1.17;Municipalidad provincial de Sucre;1.86;No;No;Si;No;No;No;No;No;No;No;Recuperación;2018;RCD N°026 -2018-OEFA/CD;;R.A. N° 069-2021-MPS/A
36941;572;50908;Ayacucho;Sucre;San Pedro de Larcay;20287590963;MUNICIP. DIST. DE SAN PEDRO DE LARCAY;UF0010178;Botadero Putungo;18;653462.0;8434464.0;110.147969;894.201496;0.08942;Municipalidad distrital de San Pedro de Larcay;0.026;No;No;No;No;No;No;No;No;No;No;Recuperación;2018;RCD N°026 -2018-OEFA/CD;;
36942;573;50909;Ayacucho;Sucre;San Salvador de Quije;20221115156;MUNICIPALIDAD DISTRITAL DE SAN SALVADOR DE QUIJE;UF0009485;Botadero Chachaspata;18;636753.0;8456207.0;58.288268;232.938484;0.023294;Municipalidad distrital de San Salvador de Quije;0.021;No;No;No;No;No;No;No;No;No;No;Recuperación;2018;RCD N°026 -2018-OEFA/CD;;
36943;574;50910;Ayacucho;Sucre;Santiago de Paucaray;20201620661;MUNICIPALIDAD DISTRITAL DE SORAS;UF0009767;Botadero Huito;18;647979.0;8439733.0;85.814348;440.547032;0.044055;Municipalidad distrital de Soras;0.371;No;No;Si;No;No;No;No;No;No;No;Recuperación;2018;RCD N°026 -2018-OEFA/CD;;
36944;575;50910;Ayacucho;Sucre;Santiago de Paucaray;20207107213;MUNICIPALIDAD DISTRITAL DE SANTIAGO DE PAUCARAY;UF0036266;Botadero Linda Llocce;18;647547.0;8445607.0;120;800;0.08;Municipalidad distrital de Santiago de Paucaray;2.08;Si;No;No;No;No;No;No;No;No;No;Recuperación;2023;Resolución N.° 00031-2023-OEFA/DSIS;;
36945;576;51002;Ayacucho;Víctor Fajardo;Alcamenca;20191918933;MUNICIPALIDAD DISTRITAL DE ALCAMENCA;UF0009335;Botadero Ancapa Tiyanan;18;592104.0;8488960.0;142.497366;1351.219533;0.135122;Municipalidad distrital de Alcamenca;0.014;No;No;No;No;No;No;No;No;No;No;Recuperación;2018;RCD N°026 -2018-OEFA/CD;;
36946;577;51003;Ayacucho;Víctor Fajardo;Apongo;20221556365;MUNICIPALIDAD DISTRITAL DE APONGO;UF0009565;Botadero Curva Chulisciana;18;615670.0;8450006.0;89.394491;361.25208;0.036125;Municipalidad distrital de Apongo;0.377;No;Si;Si;No;No;No;No;No;No;No;Recuperación;2018;RCD N°026 -2018-OEFA/CD;;
36947;578;51003;Ayacucho;Víctor Fajardo;Apongo;20221556365;MUNICIPALIDAD DISTRITAL DE APONGO;UF0036250;Botadero Ayhuacca;18;616736.0;8448780.0;364;5300;0.53;Municipalidad distrital de Apongo;0.25;No;No;No;Si;No;No;No;No;No;No;Recuperación;2023;Resolución N.° 00031-2023-OEFA/DSIS;;
36948;579;51004;Ayacucho;Víctor Fajardo;Asquipata;20211431971;MUNICIPALIDAD DISTRITAL ASQUIPATA;UF0009776;Botadero Irapata;18;617675.0;8445493.0;54.2;155;0.015;Municipalidad distrital de Asquipata;0;No;Si;Si;No;No;No;No;No;No;No;Recuperación;2018;RCD N°026 -2018-OEFA/CD;Resolución N.° 00019-2025-OEFA/DSIS;
36949;580;51005;Ayacucho;Víctor Fajardo;Canaria;20200617585;MUNICIPALIDAD DISTRITAL DE CANARIA;UF0035322;Botadero Taca;18;617856.0;8456521.0;690;33400;3.34;Municipalidad Distrital de Canaria;No precisa;No;No;No;No;No;No;No;No;No;No;Recuperación;2022;Resolución N.° 00067-2022-OEFA/DSIS;;
36950;581;51005;Ayacucho;Víctor Fajardo;Canaria;20200617585;MUNICIPALIDAD DISTRITAL DE CANARIA;UF0035323;Botadero Raccaya;18;611536.0;8453619.0;413;10000;1;Municipalidad Distrital de Canaria;No precisa;No;No;No;No;No;No;No;No;No;No;Recuperación;2022;Resolución N.° 00067-2022-OEFA/DSIS;;
36951;582;51005;Ayacucho;Víctor Fajardo;Canaria;20200617585;MUNICIPALIDAD DISTRITAL DE CANARIA;UF0010120;Botadero Parisa;18;617518.0;8459888.0;138.155367;1008.851566;0.100885;Municipalidad distrital de Canaria;0.412;No;No;No;No;No;No;No;No;No;No;Recuperación;2018;RCD N°026 -2018-OEFA/CD;;
36952;583;51006;Ayacucho;Víctor Fajardo;Cayara;20200757166;MUNICIPALIDAD DISTRITAL DE CAYARA;UF0010224;Botadero Quinsahuaycco;18;611499.19;8474814.99;570;7400;0.74;Municipalidad distrital de Cayara;0.03;No;No;No;No;No;No;No;No;No;No;Recuperación;2018;RCD N°026 -2018-OEFA/CD;Resolución N.° 00008-2025-OEFA/DSIS;
36953;584;51007;Ayacucho;Víctor Fajardo;Colca;20214723108;MUNICIPALIDAD DISTRITAL DE COLCA;UF0039125;Botadero Pilluchu;18;605610.0;8485163.0;180;2000;0.2;Municipalidad distrital de Colca;0.07;No;Si;No;No;No;No;No;No;No;No;Recuperación;2024;Resolución N.° 00147-2024-OEFA/DSIS;;
36954;585;51008;Ayacucho;Víctor Fajardo;Huamanquiquia;20184168082;MUNICIPALIDAD DISTRITAL DE HUAMANQUIQUIA;UF0009315;Botadero Ajoschacra;18;579225.0;8481767.0;181.111448;1960.820003;0.196082;Municipalidad distrital de Huamanquiquia;0.16;No;No;No;No;No;No;No;No;No;No;Recuperación;2018;RCD N°026 -2018-OEFA/CD;;
36955;586;51008;Ayacucho;Víctor Fajardo;Huamanquiquia;20184168082;MUNICIPALIDAD DISTRITAL DE HUAMANQUIQUIA;UF0036258;Botadero Huayllapampa;18;582334.0;8480019.0;488;13200;1.32;Municipalidad distrital de Huamanquiquia;0.05;Si;No;No;No;No;No;No;No;No;No;Recuperación;2023;Resolución N.° 00031-2023-OEFA/DSIS;;
36956;587;51001;Ayacucho;Víctor Fajardo;Huancapi;20187842388;MUNICIPALIDAD PROVINCIAL DE FAJARDO;UF0010852;Botadero Virgenpata;18;600114.0;8480965.0;249.575558;3832.588496;0.383259;Municipalidad provincial de Víctor Fajardo;2.4;Si;No;No;Si;No;No;No;No;No;No;Recuperación;2018;RCD N°026 -2018-OEFA/CD;;
36957;588;51009;Ayacucho;Víctor Fajardo;Huancapi;20201621632;MUNICIPALIDAD DISTRITAL DE HUANCARAYLLA;UF0039126;Botadero Huancaraylla;18;597832.0;8482438.0;240;2800;0.28;Municipalidad distrital de Huancaraylla;No Precisa;No;No;No;No;No;No;No;No;No;No;Recuperación;2024;Resolución N.° 00147-2024-OEFA/DSIS;;
36958;589;51011;Ayacucho;Víctor Fajardo;Sarhua;20184168244;MUNICIPALIDAD DISTRITAL DE SARHUA;UF0010152;Botadero Pucahuaycco;18;574549.0;8488900.0;64.096484;250.417642;0.025042;Municipalidad distrital de Sarhua;0.562;No;No;No;No;No;No;No;No;No;No;Recuperación;2018;RCD N°026 -2018-OEFA/CD;;
36959;590;51012;Ayacucho;Víctor Fajardo;Vilcanchos;20223310517;MUNICIPALIDAD DISTRITAL DE VILCANCHOS;UF0009891;Botadero Mollepucro;18;550847.0;8495180.0;50.703344;170.018764;0.017002;Municipalidad distrital de Vilcanchos;0.07;No;No;Si;No;No;No;No;No;No;No;Recuperación;2018;RCD N°026 -2018-OEFA/CD;;
36960;591;51012;Ayacucho;Víctor Fajardo;Vilcanchos;20223310517;MUNICIPALIDAD DISTRITAL DE VILCANCHOS;UF0036259;Botadero Tiucapampa;18;552819.0;8495562.0;113;900;0.09;Municipalidad distrital de Vilcanchos;0;No;No;No;No;No;No;No;No;No;No;Recuperación;2023;Resolución N.° 00031-2023-OEFA/DSIS;;
36961;592;51102;Ayacucho;Vilcas Huamán;Accomarca;20185777392;MUNICIPALIDAD DISTRITAL DE ACCOMARCA;UF0009898;Botadero Municipal;18;621446.0;8475898.0;322.017271;4733.356236;0.473336;Municipalidad distrital de Accomarca;0.66;No;No;No;No;No;No;No;No;No;No;Recuperación;2018;RCD N°026 -2018-OEFA/CD;;
36962;593;51103;Ayacucho;Vilcas Huamán;Carhuanca;20183991133;MUNICIPALIDAD DISTRITAL DE CARHUANCA;UF0038619;Botadero Muyumuyu;18;632278.0;8480734.0;151;1000;0.1;Municipalidad distrital de Carhuanca;0.3;No;No;No;No;No;No;No;No;No;No;Recuperación;2024;RESOLUCIÓN N° 00103-2024-OEFA/DSIS;;
36963;594;51103;Ayacucho;Vilcas Huamán;Carhuanca;20183991133;MUNICIPALIDAD DISTRITAL DE CARHUANCA;UF0038620;Botadero Seccllaycucho;18;633662.0;8482221.0;157;1400;0.14;Municipalidad distrital de Carhuanca;0.3;No;No;Si;No;No;No;No;No;No;No;Recuperación;2024;RESOLUCIÓN N° 00103-2024-OEFA/DSIS;;
36964;595;51104;Ayacucho;Vilcas Huamán;Concepción;20170167334;MUNICIPALIDAD DISTRITAL DE CONCEPCION;UF0010177;Botadero Putacc;18;622137.0;8505632.0;111.424337;751.073329;0.075107;Municipalidad distrital de Concepción;0.866;No;No;No;No;No;No;No;No;No;No;Recuperación;2018;RCD N°026 -2018-OEFA/CD;;
36965;596;51104;Ayacucho;Vilcas Huamán;Concepción;20170167334;MUNICIPALIDAD DISTRITAL DE CONCEPCION;UF0036256;Botadero Leqlespata;18;622440.0;8506367.0;402;9100;0.91;Municipalidad distrital de Concepción;0;No;No;No;No;No;No;No;No;No;No;Recuperación;2023;Resolución N.° 00031-2023-OEFA/DSIS;;
36966;597;51105;Ayacucho;Vilcas Huamán;Huambalpa;20211661381;MUNICIPALIDAD DISTRITAL HUAMBALPA;UF0009834;Botadero Leccleja Pampa;18;617658.0;8482888.0;163;1019;0.1;Municipalidad distrital de Huambalpa;0;No;No;No;No;No;No;No;No;No;No;Recuperación;2018;RCD N°026 -2018-OEFA/CD;Resolución N.° 00062-2024-OEFA/DSIS;
36967;598;51105;Ayacucho;Vilcas Huamán;Huambalpa;20211661381;MUNICIPALIDAD DISTRITAL HUAMBALPA;UF0037595;Botadero Tara Wayqo;18;613487.0;8477792.0;318;5300;0.53;Municipalidad distrital de Huambalpa;0.03;No;No;No;No;No;No;No;No;No;No;Recuperación;2023;Resolución N.° 00112-2023-OEFA/DSIS;Resolución N.° 00022-2025-OEFA/DSIS;
36968;599;51106;Ayacucho;Vilcas Huamán;Independencia;20193164758;MUNICIPALIDAD DISTRITAL DE INDEPENDENCIA;UF0009749;Botadero Huarojoyocc;18;620386.0;8468361.0;124.857438;889.964705;0.088996;Municipalidad distrital de Independencia;0.545;No;No;No;No;No;No;No;No;No;No;Recuperación;2018;RCD N°026 -2018-OEFA/CD;;
36969;600;51107;Ayacucho;Vilcas Huamán;Saurama;20227794438;MUNICIPALIDAD DISTRITAL DE SAURAMA;UF0036253;Botadero Chakiqocha;18;635721.0;8484312.0;185;2100;0.21;Municipalidad distrital de Saurama;0.29;No;No;No;Si;No;No;No;No;No;No;Recuperación;2023;Resolución N.° 00031-2023-OEFA/DSIS;Resolución N.° 00022-2025-OEFA/DSIS;
36970;601;51101;Ayacucho;Vilcas Huamán;Vilcas Huamán;20166871035;MUNICIPALIDAD PROV DE VILCAS HUAMAN;UF0010554;Botadero Sector de Pacchapampa;18;616252.0;8488295.0;596.418388;19047.234248;1.904723;Municipalidad distrital de Vilcas Huaman;4.46;No;No;No;Si;No;No;No;No;No;No;Recuperación;2018;RCD N°026 -2018-OEFA/CD;;
36971;602;51108;Ayacucho;Vilcas Huamán;Vischongo;20185269052;MUNICIPALIDAD DISTRITAL DE VISCHONGO;UF0010874;Botadero Artesapucro;18;610136.0;8496167.0;91.265232;414.061154;0.041406;Municipalidad distrital de Vischongo;0.442;No;No;No;No;No;No;No;No;No;No;Recuperación;2018;RCD N°026 -2018-OEFA/CD;;
36972;603;51108;Ayacucho;Vilcas Huamán;Vischongo;20185269052;MUNICIPALIDAD DISTRITAL DE VISCHONGO;UF0034670;Botadero Pomacocha;18;610210.0;8492072.0;200;2300;0.23;Municipalidad Distrital de Vischongo;0.017;No;No;No;No;No;No;No;No;No;No;Recuperación;2022;Resolución N.° 00054-2022-OEFA/DSIS;;
36973;604;51108;Ayacucho;Vilcas Huamán;Vischongo;20185269052;MUNICIPALIDAD DISTRITAL DE VISCHONGO;UF0034671;Botadero Ccachubamba;18;612300.0;8495612.0;180;160;0.016;Municipalidad Distrital de Vischongo;0.011;No;No;No;No;No;No;No;No;No;Si;Recuperación;2022;Resolución N.° 00054-2022-OEFA/DSIS;;
36974;605;60202;Cajamarca;Cajabamba;Cachachi;20176204878;MUNICIPALIDAD DISTRITAL CACHACHI;UF0010263;Botadero S/N;17;802858.0;9175335.0;371;7100;0.71;Municipalidad distrital de Cachachi;0.135;No;No;No;No;No;No;No;No;No;No;Recuperación;2018;RCD N°026 -2018-OEFA/CD;Resolución N.° 00147-2024-OEFA/DSIS;
36975;606;60201;Cajamarca;Cajabamba;Cajabamba;20148288853;MUNICIPALIDAD PROVINCIAL CAJABAMBA;UF0010054;Botadero Ñuñubamba;17;821723.0;9157335.0;715;19100;1.91;Municipalidad provincial de Cajabamba;0;No;No;No;No;No;No;No;No;No;No;Recuperación;2018;RCD N°026 -2018-OEFA/CD;Resolución N.° 00147-2024-OEFA/DSIS;
36976;607;60201;Cajamarca;Cajabamba;Cajabamba;20199984871;MUNICIPALIDAD DISTRITAL DE CONDEBAMBA;UF0010292;Botadero S/N;17;823821.0;9160445.0;219;1447;0.1447;Municipalidad distrital de Condebamba;0;No;No;No;No;No;No;No;No;No;No;Recuperación;2018;RCD N°026 -2018-OEFA/CD;Resolución N.° 00147-2024-OEFA/DSIS;
36977;608;60201;Cajamarca;Cajabamba;Cajabamba;20148288853;MUNICIPALIDAD PROVINCIAL CAJABAMBA;UF0036586;Botadero Nuñumabamba;17;820526.0;9156549.0;1121.97;48261;4.8261;Municipalidad provincial de Cajabamba;14.5;No;No;No;No;No;No;No;No;No;No;Recuperación;2023;Resolución N.° 0058-2023-OEFA/DSIS;;
36978;609;60201;Cajamarca;Cajabamba;Condebamba;20199984871;MUNICIPALIDAD DISTRITAL DE CONDEBAMBA;UF0039127;Botadero Los Quengos;17;815575.0;9167095.0;579.78;19900;1.99;Municipalidad distrital de Condebamba;7;Si;No;No;No;No;No;No;No;No;No;Recuperación;2024;Resolución N.° 00147-2024-OEFA/DSIS;;
36979;610;60204;Cajamarca;Cajabamba;Sitacocha;20148291218;MUNICIPALIDAD DISTRITAL SITACOCHA LLUCH.;UF0010395;Botadero S/N;18;172124.0;9168321.0;219.053835;2828.952069;0.282895;Municipalidad distrital de Sitacocha;0.8;Si;No;No;No;No;No;No;No;No;No;Recuperación;2018;RCD N°026 -2018-OEFA/CD;;
36980;611;60102;Cajamarca;Cajamarca;Asunción;20198642861;MUNICIPALIDAD DISTRITAL DE LA ASUNCION;UF0010655;Botadero Sector Pampa El Torno;17;774107.0;9189960.0;283.292503;4162.585555;0.416259;Municipalidad distrital de Asunción;0.8;Si;No;No;No;No;No;No;No;No;No;Recuperación;2018;RCD N°026 -2018-OEFA/CD;;
36981;612;60102;Cajamarca;Cajamarca;Asunción ;20198642861;MUNICIPALIDAD DISTRITAL DE LA ASUNCION;UF0038317;Botadero Caserío Huabal;17;773548.0;9190270.0;415;10000;1;Municipalidad distrital de la Asunción;1;Si;No;No;Si;No;No;No;No;No;No;Recuperación;2024;Resolución N.° 00052-2024-OEFA/DSIS;;
36982;613;60101;Cajamarca;Cajamarca;Cajamarca;20143623042;MUNICIPALIDAD PROVINCIAL DE CAJAMARCA;UF0013666;Botadero de Shudal;17;775458.0;9203667.0;1585;67300;6.73;Municipalidad provincial de Cajamarca;0;No;No;No;No;No;No;No;No;No;No;Recuperación;2021;RESOLUCION N° 00003-2021-OEFA/DSIS;Resolución N.° 00008-2025-OEFA/DSIS;
36983;614;60101;Cajamarca;Cajamarca;Cajamarca;20143623042;MUNICIPALIDAD PROVINCIAL DE CAJAMARCA;UF0013690;Botadero Agomarca;17;775498.0;9203123.0;447;10600;1.06;Municipalidad provincial de Cajamarca;0;No;No;No;No;No;No;No;No;No;No;Recuperación;2021;RESOLUCION N° 00003-2021-OEFA/DSIS;;
36984;615;60103;Cajamarca;Cajamarca;Chetilla;20143189415;MUNICIPALIDAD DISTRITAL DE CHETILLA;UF0010280;Botadero S/N;17;755377.0;9210093.0;183.201094;1226.232197;0.122623;Municipalidad distrital de Chetilla;0.5;Si;No;No;No;No;No;No;No;No;No;Recuperación;2018;RCD N°026 -2018-OEFA/CD;;
36985;616;60104;Cajamarca;Cajamarca;Cospan;20190683070;MUNICIPALIDAD DISTRITAL COSPAN;UF0010695;Botadero Sector San Bartolo;17;769214.0;9177640.0;174;1915;0.19;Municipalidad distrital de Cospan;0;No;No;No;No;No;No;No;No;No;Si;Recuperación;2018;RCD N°026 -2018-OEFA/CD;;
36986;617;60104;Cajamarca;Cajamarca;Cospan;20190683070;MUNICIPALIDAD DISTRITAL COSPAN;UF0042163;Botadero Sector El Obelisco;17;770308.0;9177817.0;279;4115;0.4115;Municipalidad distrital de Cospán;0.25;Si;No;No;No;No;No;No;No;No;No;Recuperación;2025;Resolución N.° 00026-2025-OEFA/DSIS;;
36987;618;60105;Cajamarca;Cajamarca;Encañada;20170026609;MUNICIPALIDAD DISTRITAL DE LA ENCAñADA;UF0010241;Botadero Rodapuquio-Caserio Lloptarapampa;17;793295.0;9214170.0;331;5000;0.5;Municipalidad distrital de La Encañada;2.5;No;No;No;No;No;No;No;No;No;No;Recuperación;2018;RCD N°026 -2018-OEFA/CD;;
36988;619;60106;Cajamarca;Cajamarca;Jesús;20171779660;MUNICIPALIDAD DISTRITAL DE JESUS;UF0009428;Botadero Caserío Chuco;17;791915.0;9196716.0;352.297684;8134.258649;0.813426;Municipalidad distrital de Jesús;No Precisa;No;No;No;No;No;No;No;No;No;No;Recuperación;2018;RCD N°026 -2018-OEFA/CD;;
36989;620;60108;Cajamarca;Cajamarca;Los Baños del Inca;20143625681;MUNICIPALIDAD DISTRITAL DE B. DEL INCA;UF0010179;Botadero Puylucana;17;782401.0;9208807.0;528.089256;12739.434392;1.273943;Municipalidad distrital de Los Baños del Inka;No Precisa;No;No;No;No;No;No;No;No;No;No;Recuperación;2018;RCD N°026 -2018-OEFA/CD;;
36990;621;60109;Cajamarca;Cajamarca;Magdalena;20188992057;MUNICIPALIDAD DISTRITAL DE MAGDALENA;UF0010330;Botadero S/N;17;766602.0;9195744.0;243.654202;2550.836892;0.255084;Municipalidad distrital de Magdalena;1;No;No;No;No;No;No;No;No;No;No;Recuperación;2018;RCD N°026 -2018-OEFA/CD;;
36991;622;60109;Cajamarca;Cajamarca;Magdalena;20188992057;MUNICIPALIDAD DISTRITAL DE MAGDALENA;UF0018553;Botadero SN (Magdalena);17;755470.247;9200142.21;459.12;12607.28;1.26;Municipalidad distrital de Magdalena;2;Si;No;Si;No;Si;No;No;No;No;No;Recuperación;2022;Resolución N.° 00018-2022-OEFA/DSIS;;
36992;623;60109;Cajamarca;Cajamarca;Magdalena;20188992057;MUNICIPALIDAD DISTRITAL DE MAGDALENA;UF0036123;Botadero S/N (Del Mirme);17;762214.0;9195722.0;90;450;0.045;Municipalidad distrital de Magdalena;0;No;No;No;No;No;No;No;No;No;No;Recuperación;2023;Resolución N.° 00031-2023-OEFA/DSIS;;
36993;624;60112;Cajamarca;Cajamarca;San Juan;20166745161;MUNICIPALIDAD DISTRITAL DE SAN JUAN;UF0010372;Botadero S/N;17;777309.0;9193058.0;421.61149;10542.322391;1.054232;Municipalidad distrital de San Juan;1;Si;No;No;No;No;No;No;No;No;No;Recuperación;2018;RCD N°026 -2018-OEFA/CD;;
36994;625;60301;Cajamarca;Celendín;Celendín;20148289825;MUNICIPALIDAD PROVINCIAL DE CELENDIN;UF0010423;Botadero S/N;17;814704.0;9242101.0;680;23272;2.33;Municipalidad provincial de Celendín;10;Si;No;No;Si;No;No;No;No;No;No;Recuperación;2018;RCD N°026 -2018-OEFA/CD;Resolución N.° 00008-2025-OEFA/DSIS;
36995;626;60302;Cajamarca;Celendín;Chumuch;20207277992;MUNICIPALIDAD DISTRITAL DE CHUMUCH;UF0010617;Botadero Sector Las Rosas;17;808998.0;9268496.0;168.34003;1666.710065;0.166671;Municipalidad distrital de Chumuch;0.5;Si;No;No;No;No;No;No;No;No;No;Recuperación;2018;RCD N°026 -2018-OEFA/CD;;
36996;627;60303;Cajamarca;Celendín;Cortegana;20190685102;MUNICIPALIDAD DISTRITAL DE CORTEGANA;UF0010293;Botadero S/N;17;795383.0;9279041.0;51.724083;162.807816;0.016281;Municipalidad distrital de Cortegana;0.5;No;Si;No;No;No;No;No;No;No;No;Recuperación;2018;RCD N°026 -2018-OEFA/CD;;
36997;628;60304;Cajamarca;Celendín;Huasmin;20191948093;MUNICIPALIDAD DISTRITAL DE HUASMIN;UF0010306;Botadero S/N;17;803982.0;9242951.0;152.415262;1529.66249;0.152966;Municipalidad distrital de Huasmin;0.8;Si;No;No;No;No;No;No;No;No;No;Recuperación;2018;RCD N°026 -2018-OEFA/CD;;
36998;629;60305;Cajamarca;Celendín;Jorge Chávez;20204885223;MUNICIPALIDAD DISTRITAL DE JORGE CHAVEZ;UF0010596;Botadero Sector Huashaco;17;822331.0;9231725.0;273;2610;0.261;Municipalidad distrital de Jorge Chavez;0.15;Si;No;No;No;No;No;No;No;No;No;Recuperación;2018;RCD N°026 -2018-OEFA/CD;Resolución N.° 00008-2025-OEFA/DSIS;
36999;630;60305;Cajamarca;Celendín;Jorge Chávez;20190685013;MUNICIPALIDAD DISTRITAL DE JOSE GALVEZ;UF0010313;Botadero S/N;17;817743.0;9232762.0;353;6590;0.659;Municipalidad distrital de José Galvez;0.5;Si;No;No;No;No;No;No;No;No;No;Recuperación;2018;RCD N°026 -2018-OEFA/CD;Resolución N.° 00008-2025-OEFA/DSIS;
37000;631;60312;Cajamarca;Celendín;La Libertad de Pallan;20230873756;MUNICIPALIDAD LA LIBERTAD DE PALLAN;UF0009798;Botadero La Aviación;17;800913.0;9255787.0;307.416143;5957.487768;0.595749;Municipalidad distrital de Pallan;0.4;No;No;No;No;No;No;No;No;No;No;Recuperación;2018;RCD N°026 -2018-OEFA/CD;;
37001;632;60307;Cajamarca;Celendín;Miguel Iglesias;20194114789;MUNICIPALIDAD DISTRITAL MIGUEL IGLESIAS;UF0009545;Botadero Coriorco;17;807795.0;9263533.0;152.366549;1087.424666;0.108742;Municipalidad distrital de Miguel Iglesias;0.5;No;No;No;No;No;No;No;No;No;No;Recuperación;2018;RCD N°026 -2018-OEFA/CD;;
37002;633;60308;Cajamarca;Celendín;Oxamarca;20189262451;MUNICIPALIDAD DISTRITAL DE OXAMARCA;UF0010346;Botadero S/N;17;824300.0;9220510.0;206.626997;2241.762832;0.224176;Municipalidad distrital de Oxamarca;0.5;No;No;No;No;No;No;No;No;No;No;Recuperación;2018;RCD N°026 -2018-OEFA/CD;;
37003;634;60309;Cajamarca;Celendín;Sorochuco;20211874296;MUNICIPALIDAD DIST DE SOROCHUCO;UF0010397;Botadero S/N;17;804602.0;9235406.0;218;2000;0.2;Municipalidad distrital de Sorochuco;0.85;No;No;No;No;No;No;No;No;No;No;Recuperación;2018;RCD N°026 -2018-OEFA/CD;Resolución N.° 00008-2025-OEFA/DSIS;
37004;635;60310;Cajamarca;Celendín;Sucre;20202072489;MUNICIPALIDAD DISTRITAL DE SUCRE;UF0010398;Botadero S/N;17;819171.0;9229866.0;388;9800;0.98;Municipalidad distrital de Sucre;0.8;Si;No;No;No;No;No;No;No;No;No;Recuperación;2018;RCD N°026 -2018-OEFA/CD;Resolución N.° 00008-2025-OEFA/DSIS;
37005;636;60311;Cajamarca;Celendín;Utco;20210187759;MUNICIPALIDAD DISTRITAL DE UTCO;UF0010412;Botadero S/N;17;821800.0;9239475.0;59.644103;205.774168;0.020577;Municipalidad distrital de Utco;0.2;No;No;No;No;No;No;No;No;No;No;Recuperación;2018;RCD N°026 -2018-OEFA/CD;;
37006;637;60402;Cajamarca;Chota;Anguia;20227651599;CONCEJO DISTRITAL DE ANGUIA;UF0010255;Botadero S/N;17;764601.0;9297374.0;77.745543;306.889125;0.030689;Municipalidad distrital de Anguia;0.5;No;No;No;No;No;No;No;No;No;No;Recuperación;2018;RCD N°026 -2018-OEFA/CD;;
37007;638;60403;Cajamarca;Chota;Chadin;20216645457;MUNICIPALIDAD DISTRITAL DE CHADIN;UF0010272;Botadero S/N;17;784332.0;9283820.0;135;568;0.1;Municipalidad distrital de Chadin;0.3;No;No;No;No;No;No;No;No;No;No;Recuperación;2018;RCD N°026 -2018-OEFA/CD;;
37008;639;60419;Cajamarca;Chota;Chalamarca;20325905191;MUNICIPALIDAD DISTRITAL DE CHALAMARCA;UF0010274;Botadero S/N;17;778263.0;9280333.0;129.974034;823.717932;0.082372;Municipalidad distrital de Chalamarca;0.5;No;No;No;No;No;No;No;No;No;No;Recuperación;2018;RCD N°026 -2018-OEFA/CD;;
37009;640;60419;Cajamarca;Chota;Chalamarca;20325905191;MUNICIPALIDAD DISTRITAL DE CHALAMARCA;UF0042160;Botadero Tierra Negra;17;780995.0;9281702.0;127;750;0.075;Municipalidad distrital de Chalamarca;0.35;Si;No;No;No;No;No;No;No;No;No;Recuperación;2025;Resolución N.° 00026-2025-OEFA/DSIS;;
37010;641;60404;Cajamarca;Chota;Chiguirip;20222858233;MUNICIPALIDAD DISTRITAL DE CHIGUIRIP;UF0010281;Botadero S/N;17;753665.0;9289562.0;157.707005;1481.199086;0.14812;Municipalidad distrital de Chiguirip;0.4;No;No;No;No;No;No;No;No;No;No;Recuperación;2018;RCD N°026 -2018-OEFA/CD;;
37011;642;60405;Cajamarca;Chota;Chimban;20284157967;MUNICIPALIDAD DISTRTAL DE CHIMBAN;UF0009417;Botadero Carretera 1;17;777014.0;9308680.0;36.287571;85.300152;0.00853;Municipalidad distrital de Chimban;0.4;No;No;Si;No;No;No;No;No;No;No;Recuperación;2018;RCD N°026 -2018-OEFA/CD;;
37012;643;60405;Cajamarca;Chota;Chimban;20284157967;MUNICIPALIDAD DISTRTAL DE CHIMBAN;UF0009418;Botadero Carretera 3;17;776898.0;9309143.0;100.363089;617.72531;0.061773;Municipalidad distrital de Chimban;0.4;No;No;Si;No;No;No;No;No;No;No;Recuperación;2018;RCD N°026 -2018-OEFA/CD;;
37013;644;60405;Cajamarca;Chota;Chimban;20231993437;MUNICIPALIDAD DISTRITAL SAN LUIS DE LUCM;UF0010421;Botadero S/N;17;777732.0;9301992.0;106.77324;700.86498;0.070086;Municipalidad distrital de San Luis de Lucma;0.4;No;Si;No;Si;No;No;No;No;No;No;Recuperación;2018;RCD N°026 -2018-OEFA/CD;;
37014;645;60406;Cajamarca;Chota;Choropampa;20232633604;MUNICIPALIDAD DISTRITAL DE CHOROPAMPA;UF0010285;Botadero S/N;17;788214.0;9290930.0;21.871761;38.067787;0.003807;Municipalidad distrital de Choropampa;0.5;No;No;No;No;No;No;No;No;No;No;Recuperación;2018;RCD N°026 -2018-OEFA/CD;;
37015;646;60401;Cajamarca;Chota;Chota;20220499767;MUNICIPALIDAD PROVINCIAL DE CHOTA;UF0010424;Botadero S/N;17;759065.0;9277935.0;568;21300;2.13;Municipalidad provincial de Chota;0;No;No;No;No;No;No;No;No;No;No;Recuperación;2018;RCD N°026 -2018-OEFA/CD;Resolución N.° 00002-2025-OEFA/DSIS;
37016;647;60401;Cajamarca;Chota;Chota;20220499767;MUNICIPALIDAD PROVINCIAL DE CHOTA;UF0036036;Botadero Pingobamba Alta;17;758554.0;9278309.0;1262;48400;4.84;Municipalidad provincial de Chota;40;No;No;No;No;No;No;No;No;No;No;Recuperación;2023;Resolución N.° 00020-2023-OEFA/DSIS;Resolución N.° 00022-2025-OEFA/DSIS, Resolución N.° 00136-2024-OEFA/DSIS;
37017;648;60401;Cajamarca;Chota;Chota;20220499767;MUNICIPALIDAD PROVINCIAL DE CHOTA;UF0036798;Botadero II Pingobamba Alto;17;758619.0;9278219.0;557.9;18600;1.86;Municipalidad provincial de Chota;18;No;No;No;No;No;No;No;No;No;No;Recuperación;2023;Resolución N.° 00073-2023-OEFA/DSIS;;
37018;649;60407;Cajamarca;Chota;Cochabamba;20190666574;MUNICIPALIDAD DISTRITAL DE COCHABAMBA;UF0010289;Botadero S/N;17;731652.0;9284578.0;462;4438;0.443;Municipalidad distrital de Cochabamba;2;No;No;Si;No;No;No;No;No;No;No;Recuperación;2018;RCD N°026 -2018-OEFA/CD;Resolución N.° 00147-2024-OEFA/DSIS;
37019;650;60408;Cajamarca;Chota;Conchan;20220666680;MUNICIPALIDAD DISTRITAL DE CONCHAN;UF0010291;Botadero S/N;17;760468.0;9288257.0;55.442642;184.848729;0.018485;Municipalidad distrital de Conchán;0.5;No;No;No;No;No;No;No;No;No;No;Recuperación;2018;RCD N°026 -2018-OEFA/CD;;
37020;651;60409;Cajamarca;Chota;Huambos;20224199946;MUNICIPALIDAD DISTRITAL HUAMBOS;UF0010302;Botadero S/N;17;722790.0;9285900.0;693.66;13520.21;1.351;Municipalidad distrital de Huambos;0.4;Si;No;No;No;No;No;No;No;No;No;Recuperación;2018;RCD N°026 -2018-OEFA/CD;Resolución N.° 00136-2024-OEFA/DSIS;
37021;652;60410;Cajamarca;Chota;Lajas;20220666507;MUNICIPALIDAD DISTRITAL DE LAJAS;UF0009406;Botadero Cantera El Chirimoyo;17;749900.0;9273376.0;257;2500;0.25;Municipalidad distrital de Lajas;1.3;No;No;No;No;No;No;No;No;No;No;Recuperación;2018;RCD N°026 -2018-OEFA/CD;Resolución N.° 00002-2025-OEFA/DSIS;
37022;653;60411;Cajamarca;Chota;Llama;20200949405;MUNICIPALIDAD DISTRITAL DE LLAMA;UF0010324;Botadero S/N;17;708663.0;9276898.0;266.842756;3007.103273;0.30071;Municipalidad distrital de Llama;0.8;No;No;No;No;No;No;No;No;No;No;Recuperación;2018;RCD N°026 -2018-OEFA/CD;;
37023;654;60412;Cajamarca;Chota;Miracosta;20326364208;MUNICIPALIDAD DE MIRACOSTA;UF0010339;Botadero S/N;17;686529.0;9296500.0;15.802563;15.314969;0.001532;Municipalidad distrital de Miracosta;0.5;No;No;No;No;No;No;No;No;No;No;Recuperación;2018;RCD N°026 -2018-OEFA/CD;;
37024;655;60413;Cajamarca;Chota;Paccha;20201509719;MUNICIPALIDAD DISTRITAL DE PACCHA;UF0010347;Botadero S/N;17;784665.0;9280405.0;50.556092;141.704856;0.01417;Municipalidad distrital de Paccha;0.8;No;No;No;No;No;No;No;No;No;No;Recuperación;2018;RCD N°026 -2018-OEFA/CD;;
37025;656;60413;Cajamarca;Chota;Paccha;20201509719;MUNICIPALIDAD DISTRITAL DE PACCHA;UF0042159;Botadero Paccha Baja;17;784483.0;9281704.0;129;748;0.0748;Municipalidad distrital de Paccha;1.2;No;No;No;No;No;No;No;No;No;No;Recuperación;2025;Resolución N.° 00026-2025-OEFA/DSIS;;
37026;657;60414;Cajamarca;Chota;Pion;20209237769;MUNICIPALIDAD DISTRITAL DE PION;UF0010353;Botadero S/N;17;778727.0;9316238.0;52.9755;150.629274;0.015063;Municipalidad distrital de Pión;0.35;No;No;No;No;No;No;No;No;No;No;Recuperación;2018;RCD N°026 -2018-OEFA/CD;;
37027;658;60414;Cajamarca;Chota;Pion;20209237769;MUNICIPALIDAD DISTRITAL DE PION;UF0009959;Botadero Municipal ;17;778622.0;9316523.0;60.294308;217.452879;0.021745;Municipalidad distrital de Pión;0.35;No;No;No;No;No;No;No;No;No;No;Recuperación;2018;RCD N°026 -2018-OEFA/CD;;
37028;659;60415;Cajamarca;Chota;Querocoto;20198789705;MUNICIPALIDAD DISTRITAL DE QUEROCOTO;UF0010571;Botadero Sector El Mirador;17;717469.0;9297840.0;154.753219;1590.647996;0.159065;Municipalidad distrital de Querocoto;1;No;No;No;No;No;No;No;No;No;No;Recuperación;2018;RCD N°026 -2018-OEFA/CD;;
37029;660;60415;Cajamarca;Chota;Querocoto;20198789705;MUNICIPALIDAD DISTRITAL DE QUEROCOTO;UF0015774;Botadero Los Vientos;17;718569.0;9297108.0;171.128973;1980.659833;0.198066;Municipalidad distrital de Querocoto;2;No;No;No;No;No;No;No;No;No;No;Recuperación;2021;RESOLUCION N° 00005-2021-OEFA;;
37030;661;60416;Cajamarca;Chota;San Juan de Licupis;20195770663;MUNICIPALIDAD DISTRITAL DE SAN JUAN DE L;UF0010374;Botadero S/N;17;694213.0;9289489.0;143;693;0.069;Municipalidad distrital de San Juan de Licupis;0.35;No;No;No;No;No;No;No;No;No;No;Recuperación;2018;RCD N°026 -2018-OEFA/CD;;
37031;662;60416;Cajamarca;Chota;San Juan de Licupis;20195770663;MUNICIPALIDAD DISTRITAL DE SAN JUAN DE L;UF0035324;Botadero El Rejo;17;693190.0;9287929.0;46;128;0.0128;Municipalidad Distrital de San Juan de Lupis;0.07;No;No;Si;No;No;No;No;No;No;No;Recuperación;2022;Resolución N.° 00067-2022-OEFA/DSIS;Resolución N.° 00136-2024-OEFA/DSIS;
37032;663;60417;Cajamarca;Chota;Tacabamba;20220666418;MUNICIPALIDAD DISTRITAL DE TACABAMBA;UF0010399;Botadero S/N;17;765283.0;9294282.0;296.51;3201;0.32;Municipalidad distrital de Tacabamba;4.7;No;No;No;No;No;No;No;No;No;No;Recuperación;2018;RCD N°026 -2018-OEFA/CD;Resolución N.° 0017-2025-OEFA/DSIS;
37033;664;60417;Cajamarca;Chota;Tacabamba;20220666418;MUNICIPALIDAD DISTRITAL DE TACABAMBA;UF0038881;Botadero La Legua;17;761995.0;9289746.0;438;11000;1.1;Municipalidad distrital de Tacabamba;4.7;Si;No;No;No;No;No;No;No;No;No;Recuperación;2024;RESOLUCIÓN N° 00136-2024-OEFA/DSIS;;
37034;665;60417;Cajamarca;Chota;Tacabamba;20220666418;MUNICIPALIDAD DISTRITAL DE TACABAMBA;UF0040601;Botadero La Pucara;17;777637.0;9290060.0;184;2253;0.2253;Municipalidad del Centro Poblado La Pucara;1.5;No;No;No;No;No;No;No;No;No;No;Recuperación;2025;Resolución N.° 0017-2025-OEFA/DSIS;;
37035;666;60418;Cajamarca;Chota;Tocmoche;20180961705;MUNICIPALIDAD DISTRITAL DE TOCMOCHE;UF0010406;Botadero S/N;17;681341.0;9290940.0;90.778158;451.578939;0.045158;Municipalidad distrital de Tocmoche;0.4;No;No;No;Si;No;No;No;No;No;No;Recuperación;2018;RCD N°026 -2018-OEFA/CD;;
37036;667;60502;Cajamarca;Contumazá;Chilete;20184880513;MUNICIPALIDAD DISTRITAL DE CHILETE;UF0010282;Botadero S/N;17;736039.0;9200405.0;336;6773;0.6773;Municipalidad distrital de Chilete;3;No;No;No;No;No;No;No;No;No;No;Recuperación;2018;RCD N°026 -2018-OEFA/CD;;
37037;668;60501;Cajamarca;Contumazá;Contumazá;20191657447;MUNICIPALIDAD PROVINCIAL DE CONTUMAZA;UF0010087;Botadero Pampa El Carbón;17;740754.0;9187926.0;746.71;14000;1.4;Municipalidad provincial de Contumazá, Municipalidad distrital de Santa Cruz de Toledo;9.53;No;No;No;No;No;No;No;No;No;No;Recuperación;2018;RCD N°026 -2018-OEFA/CD;Resolución N.° 00140-2024-OEFA/DSIS;
37038;669;60503;Cajamarca;Contumazá;Cupisnique;20205407961;MUNICIPALIDAD DISTRITAL CUPISNIQUE;UF0010015;Botadero Municipal (Cruz Chiquita);17;717045.0;9188451.0;87.690387;403.78635;0.040379;Municipalidad distrital de Cupisnique;0.5;No;No;No;No;No;No;No;No;No;No;Recuperación;2018;RCD N°026 -2018-OEFA/CD;;
37039;670;60505;Cajamarca;Contumazá;San Benito;20182901386;MUNICIPALIDAD DISTRITAL DE SAN BENITO;UF0010366;Botadero S/N;17;726439.0;9175810.0;112.866135;790.327492;0.079033;Municipalidad distrital de San Benito;0.5;No;No;Si;No;No;No;No;No;No;No;Recuperación;2018;RCD N°026 -2018-OEFA/CD;;
37040;671;60506;Cajamarca;Contumazá;Santa Cruz de Toledo;20192439826;MUNICIPALIDAD DISTRITAL DE GUZMANGO;UF0009707;Botadero Fila El Romero;17;733586.0;9186169.0;216.44389;2267.20193;0.22672;Municipalidad distrital de Guzmángo;0.5;No;No;No;No;No;No;No;No;No;No;Recuperación;2018;RCD N°026 -2018-OEFA/CD;;
37041;672;60507;Cajamarca;Contumazá;Tantarica;20210893467;MUNICIPALIDAD DISTRITAL DE TANTARICA;UF0010402;Botadero S/N;17;728192.0;9192702.0;121.762828;924.971745;0.092497;Municipalidad distrital de Tantarica;0.5;No;No;Si;Si;No;No;No;No;No;No;Recuperación;2018;RCD N°026 -2018-OEFA/CD;;
37042;673;60508;Cajamarca;Contumazá;Yonan;20189022655;MUNICIPALIDAD DISTRITAL DE YONAN;UF0010420;Botadero S/N;17;704908.0;9200107.0;276;4200;0.42;Municipalidad distrital de Yonán;2024-11-03 00:00:00;Si;No;Si;No;Si;No;No;No;No;No;Recuperación;2018;RCD N°026 -2018-OEFA/CD;Resolución N.° 00103-2024-OEFA/DSIS;
37043;674;60602;Cajamarca;Cutervo;Callayuc;20207884619;MUNICIPALIDAD DISTRITAL DE CALLAYUC;UF0010266;Botadero S/N;17;731276.0;9316981.0;142;942;0.0942;Municipalidad distrital de Callayuc;0;No;No;No;No;No;No;No;No;No;No;Recuperación;2018;RCD N°026 -2018-OEFA/CD;Resolución N.° 00136-2024-OEFA/DSIS;
37044;675;60602;Cajamarca;Cutervo;Callayuc;20207884619;MUNICIPALIDAD DISTRITAL DE CALLAYUC;UF0038882;Botadero Los Pinos;17;732122.0;9315367.0;221;2839;0.2839;Municipalidad distrital de Callayuc;3;Si;No;No;Si;No;No;No;No;No;No;Recuperación;2024;RESOLUCIÓN N° 00136-2024-OEFA/DSIS;;
37045;676;60603;Cajamarca;Cutervo;Choros;20283914802;MUNICIPALIDAD DISTRITAL DE CHOROS;UF0010286;Botadero S/N;17;755028.0;9347783.0;319;7000;0.7;Municipalidad distrital de Choros;1.22;No;No;Si;No;No;No;No;No;No;No;Recuperación;2018;RCD N°026 -2018-OEFA/CD;Resolución N.° 00136-2024-OEFA/DSIS;
37046;677;60604;Cajamarca;Cutervo;Cujillo;20201571350;MUNICIPALIDAD DISTRITAL DE CUJILLO;UF0010294;Botadero S/N;17;768629.0;9323486.0;68;261;0.02;Municipalidad distrital de Cujillo;0;No;No;No;No;No;No;No;No;No;Si;Recuperación;2018;RCD N°026 -2018-OEFA/CD;Resolución N.° 00136-2024-OEFA/DSIS;
37047;678;60604;Cajamarca;Cutervo;Cujillo;20201571350;MUNICIPALIDAD DISTRITAL DE CUJILLO;UF0038883;Botadero Sector El Puntacho;17;766109.0;9324384.0;127;800;0.08;Municipalidad distrital de Cujillo;0.5;No;No;Si;No;No;No;No;No;No;No;Recuperación;2024;RESOLUCIÓN N° 00136-2024-OEFA/DSIS;;
37048;679;60601;Cajamarca;Cutervo;Cutervo;20174691267;MUNICIPALIDAD PROVINCIAL DE CUTERVO;UF0010425;Botadero S/N;17;742041.0;9296165.0;796.15;17000;1.7;Municipalidad provincial de Cutervo;40;No;No;No;No;No;No;No;No;No;No;Recuperación;2018;RCD N°026 -2018-OEFA/CD;;
37049;680;60606;Cajamarca;Cutervo;Pimpingos;20232258242;MUNICIPALIDAD DISTRITAL DE PIMPINGOS;UF0010352;Botadero S/N;17;747173.0;9329767.0;208.01;1185;0.1185;Municipalidad distrital de Pimpingos;1.412;No;No;No;No;No;No;No;No;No;No;Recuperación;2018;RCD N°026 -2018-OEFA/CD;Resolución N.° 00013-2025-OEFA/DSIS, Resolución N.° 00136-2024-OEFA/DSIS;
37050;681;60607;Cajamarca;Cutervo;Querocotillo;20205390201;MUNICIPALIDAD DISTRITAL DE QUEROCOTILLO;UF0009964;Botadero Municipal;17;716874.0;9306362.0;105.978491;700.237408;0.070024;Municipalidad distrital de Querocotillo;0.5;No;No;Si;No;No;No;No;No;No;No;Recuperación;2018;RCD N°026 -2018-OEFA/CD;;
37051;682;60607;Cajamarca;Cutervo;Querocotillo;20205390201;MUNICIPALIDAD DISTRITAL DE QUEROCOTILLO;UF0038885;Botadero Limapampa;17;720235.0;9307066.0;382;10142;1.0142;Municipalidad distrital de Querecotillo;3.7;Si;No;No;No;No;No;No;No;No;No;Recuperación;2024;RESOLUCIÓN N° 00136-2024-OEFA/DSIS;;
37052;683;60608;Cajamarca;Cutervo;San Andrés de Cutervo;20220894399;MUNICIPALIDAD DISTRITAL SAN ANDRES;UF0009819;Botadero La Pucarilla;17;751505.0;9308374.0;299.97602;5088.096633;0.50881;Municipalidad distrital de San Andrés de Cutervo;0.8;No;No;No;No;No;No;No;No;Si;No;Recuperación;2018;RCD N°026 -2018-OEFA/CD;;
37053;684;60608;Cajamarca;Cutervo;San Andrés de Cutervo;20220894399;MUNICIPALIDAD DISTRITAL SAN ANDRES;UF0042157;Botadero Sector Las Arenitas - Chonta Cruz;17;753360.0;9313336.0;360;4700;0.47;Municipalidad distrital de San Andrés de Cutervo;2;No;No;No;No;No;No;No;No;No;No;Recuperación;2025;Resolución N.° 00026-2025-OEFA/DSIS;;
37054;685;60609;Cajamarca;Cutervo;San Juan de Cutervo;20311131487;MUNICIPALIDAD DISTRITAL DE SAN JUAN DE CUTERVO;UF0010373;Botadero S/N;17;765905.0;9319262.0;58.533273;175.417102;0.017542;Municipalidad distrital de San Juan de Cutervo;0.5;No;No;No;No;No;No;No;No;No;No;Recuperación;2018;RCD N°026 -2018-OEFA/CD;;
37055;686;60610;Cajamarca;Cutervo;San Luis de Lucma;20220894551;MUNICIPALIDAD DISTRITAL LA RAMADA;UF0010765;Botadero Tierra Amarilla- Caserío El Tambillo;17;768824.0;9307956.0;64.669386;246.187473;0.024619;Municipalidad distrital de La Ramada;0.4;No;No;No;No;No;No;No;No;No;No;Recuperación;2018;RCD N°026 -2018-OEFA/CD;;
37056;687;60610;Cajamarca;Cutervo;San Luis de Lucma;20231993437;MUNICIPALIDAD DISTRITAL DE SAN LUIS DE LUCMA;-;Botadero S/N (Lucma);17;765260.0;9304876.0;109;730;0.073;Municipalidad distrital de San Luis de Lucma;0.7;No;No;No;No;No;No;No;No;No;No;Recuperación;2025;-;;
37057;688;60611;Cajamarca;Cutervo;Santa Cruz;20222223173;MUNICIPALIDAD DISTRITAL DE SANTA CRUZ;UF0010386;Botadero S/N;17;737654.0;9325374.0;47.611167;145.531258;0.014553;Municipalidad distrital de Santa Cruz;0.35;No;No;No;No;No;No;No;No;No;No;Recuperación;2018;RCD N°026 -2018-OEFA/CD;;
37058;689;60611;Cajamarca;Cutervo;Santa Cruz;20222223173;MUNICIPALIDAD DISTRITAL DE SANTA CRUZ;UF0039128;Botadero La Fila;17;739316.0;9323763.0;81.1;402;0.0402;Municipalidad distrital de Santa Cruz;0.35;No;No;Si;No;No;No;No;No;No;No;Recuperación;2024;Resolución N.° 00147-2024-OEFA/DSIS;;
37059;690;60612;Cajamarca;Cutervo;Santo Domingo de la Capilla;20220894470;MUNI. DIST. STO. DOMINGO DE LA CAPILLA;UF0010391;Botadero S/N;17;737084.0;9309945.0;248;1962;0.1962;Municipalidad distrital de Santo Domingo de la Capilla;0;No;No;No;No;No;No;No;No;No;No;Recuperación;2018;RCD N°026 -2018-OEFA/CD;Resolución N.° 00136-2024-OEFA/DSIS;
37060;691;60612;Cajamarca;Cutervo;Santo Domingo de la Capilla;20220894470;MUNI. DIST. STO. DOMINGO DE LA CAPILLA;UF0038886;Botadero Santa Rita;17;736930.0;9309924.0;120;820;0.082;Municipalidad distrital de Santo Domingo de la Capilla;2.3;No;No;No;No;No;No;No;No;No;No;Recuperación;2024;RESOLUCIÓN N° 00136-2024-OEFA/DSIS;;
37061;692;60614;Cajamarca;Cutervo;Socota;20190166920;MUNICIPALIDAD DISTRITAL DE SOCOTA;UF0010693;Botadero Sector Salamanca;17;755889.0;9301416.0;245;2257;0.2257;Municipalidad distrital de Socota;4.23;No;No;Si;No;No;No;No;No;No;No;Recuperación;2018;RCD N°026 -2018-OEFA/CD;Resolución N.° 00147-2024-OEFA/DSIS;
37062;693;60615;Cajamarca;Cutervo;Toribio Casanova;20226359215;MUNICIPALIDAD DIST TORIBIO CASANOVA;UF0010408;Botadero S/N;17;756202.0;9338094.0;103.739827;660.373003;0.066037;Municipalidad distrital de Toribio Casanova;0.2;No;No;No;No;No;No;No;No;No;No;Recuperación;2018;RCD N°026 -2018-OEFA/CD;;
37063;694;60701;Cajamarca;Hualgayoc;Bambamarca;20148260843;MUNICIPALIDAD PROVINCIAL DE HUALGAYOC;UF0010427;Botadero S/N;17;773493.0;9258178.0;205;2574;0.2574;Municipalidad provincial de Hualgayoc-Bambamarca;0;No;No;No;No;No;No;No;No;No;No;Recuperación;2018;RCD N°026 -2018-OEFA/CD;Resolución N.° 00008-2025-OEFA/DSIS;
37064;695;60701;Cajamarca;Hualgayoc;Bambamarca;20148260843;MUNICIPALIDAD PROVINCIAL DE HUALGAYOC;UF0017467;Botadero S/N  (Cuñacales Alto);17;776131.0;9259369.0;468.509225;9218.249146;0.921825;No precisa;19;Si;No;No;No;No;No;No;No;No;No;Recuperación;2021;RESOLUCION N° 00005-2021-OEFA;;R.A. N° 384-2020-A-MPH-BCA
37065;696;60701;Cajamarca;Hualgayoc;Bambamarca;20148260843;MUNICIPALIDAD PROVINCIAL DE HUALGAYOC;UF0018887;Botadero Shihua;17;772834.0;9257003.0;557;6000;0.6;Municipalidad Provincial de Hualgayoc;14;Si;No;No;No;No;No;No;No;No;No;Recuperación;2022;Resolución N.° 00054-2022-OEFA/DSIS;;
37066;697;60701;Cajamarca;Hualgayoc;Bambamarca;20148260843;MUNICIPALIDAD PROVINCIAL DE HUALGAYOC;UF0036916;Botadero Uñigán Chala;17;777422.0;9261829.0;249.7;2537;0.2537;Municipalidad Provincial de Hualgayoc;18;No;No;No;No;No;No;No;No;No;No;Recuperación;2023;Resolución N.° 00085-2023-OEFA/DSIS;;
37067;698;60702;Cajamarca;Hualgayoc;Chugur;20166727422;MUNICIPALIDAD DISTRITAL DE CHUGUR;UF0010287;Botadero S/N;17;750225.0;9262430.0;124.822771;918.189452;0.091819;Municipalidad distrital de Chugur;0.5;No;No;No;No;No;No;No;No;No;No;Recuperación;2018;RCD N°026 -2018-OEFA/CD;;
37068;699;60702;Cajamarca;Hualgayoc;Chugur;20166727422;MUNICIPALIDAD DISTRITAL DE CHUGUR;UF0035325;Botadero Chencho;17;754304.0;9259228.0;100.4;468;0.0468;Municipalidad Distrital de Chugur;0.5;No;No;No;No;No;No;No;No;No;No;Recuperación;2022;Resolución N.° 00067-2022-OEFA/DSIS;;
37069;700;60702;Cajamarca;Hualgayoc;Chugur;20166727422;MUNICIPALIDAD DISTRITAL DE CHUGUR;UF0035326;Botadero Pampa Grande;17;756506.0;9257462.0;122;734;0.0734;Municipalidad Distrital de Chugur;0.5;No;No;No;No;No;No;No;No;No;No;Recuperación;2022;Resolución N.° 00067-2022-OEFA/DSIS;;
37070;701;60702;Cajamarca;Hualgayoc;Chugur;20166727422;MUNICIPALIDAD DISTRITAL DE CHUGUR;UF0037533;Botadero Chencho Sector Los Gentiles;17;753954.42;9259383.52;127;893;0.08;Municipalidad distrital de Chugur;0.09;No;No;No;No;No;No;No;No;No;No;Recuperación;2023;Resolución N.° 00102-2023-OEFA/DSIS;Resolución N.° 0017-2025-OEFA/DSIS;
37071;702;60703;Cajamarca;Hualgayoc;Hualgayoc;20207278298;MUNICIPALIDAD DISTRITAL DE HUALGAYOC;UF0010639;Botadero Sector Molinopampa;17;766712.0;9251953.0;666;47100;4.71;Municipalidad distrital de Hualgayoc;1.6;No;No;No;No;No;No;No;No;No;No;Recuperación;2018;RCD N°026 -2018-OEFA/CD;;
37072;703;60802;Cajamarca;Jaén;Bellavista;20215745032;MUNICIPALIDAD DISTRITAL BELLAVISTA;UF0010260;Botadero S/N;17;752696.0;9371033.0;293.830078;3883.530874;0.388353;Municipalidad distrital de Bellavista;0.6;No;No;No;No;No;No;No;No;No;No;Recuperación;2018;RCD N°026 -2018-OEFA/CD;;
37073;704;60803;Cajamarca;Jaén;Chontali;20201602506;MUNICIPALIDAD DISTRITAL DE CHONTALI;UF0009916;Botadero Municipal ;17;711522.0;9372752.0;123.327057;782.563443;0.078256;Municipalidad distrital de Chontalí;0.4;No;No;Si;No;No;No;No;No;No;No;Recuperación;2018;RCD N°026 -2018-OEFA/CD;;
37074;705;60804;Cajamarca;Jaén;Colasay;20217197148;MUNICIPALIDAD DISTRITAL DE COLASAY;UF0010290;Botadero S/N;17;714750.0;9336943.0;60.245494;249.594893;0.024959;Municipalidad distrital de Colasay;0.4;No;No;No;No;No;No;No;No;No;No;Recuperación;2018;RCD N°026 -2018-OEFA/CD;;
37075;706;60805;Cajamarca;Jaén;Huabal;20228707261;MUNICIPALIDAD DISTRITAL DE HUABAL;UF0010301;Botadero S/N;17;733119.0;9379503.0;171;1300;0.13;Municipalidad distrital de Huabal;1;No;No;No;No;No;No;No;No;No;No;Recuperación;2018;RCD N°026 -2018-OEFA/CD;Resolución N.° 00022-2025-OEFA/DSIS;
37076;707;60801;Cajamarca;Jaén;Jaén;20201987297;MUNICIPALIDAD PROVINCIAL DE JAEN;UF0010428;Botadero S/N;17;746832.0;9367456.0;3614;118000;11.8;Municipalidad provincial de Jaén;86;No;No;No;No;No;No;No;No;No;No;Recuperación;2018;RCD N°026 -2018-OEFA/CD;;
37077;708;60806;Cajamarca;Jaén;Las Pirias;20232146959;MUNICIPALIDAD DISTRITAL LAS PIRIAS;UF0010323;Botadero S/N;17;739942.0;9375863.0;166.728127;1392.773637;0.139277;Municipalidad distrital de Las Pirias;0.4;No;No;No;No;No;No;No;No;No;No;Recuperación;2018;RCD N°026 -2018-OEFA/CD;;
37078;709;60807;Cajamarca;Jaén;Pomahuaca;20201570892;MUNICIPALIDAD DISTRITAL DE POMAHUACA;UF0010033;Botadero Municipal lugar denominado Piedra Grande;17;697076.0;9340269.0;157.781409;1616.758464;0.161676;Municipalidad distrital de Pomahuaca;1.5;No;No;No;No;No;No;No;No;No;No;Recuperación;2018;RCD N°026 -2018-OEFA/CD;;
37079;710;60807;Cajamarca;Jaén;Pomahuaca;20201570892;MUNICIPALIDAD DISTRITAL DE POMAHUACA;UF0038514;Botadero Sector Pichina;17;716865.0;9364108.0;134;1000;0.1;Municipalidad del centro poblado Palo Blanco;0.9;No;No;No;No;No;No;No;No;No;No;Recuperación;2024;Resolución N°00087 -2024-OEFA/DSIS;;
37080;711;60808;Cajamarca;Jaén;Pucara;20203936029;MUNICIPALIDAD DISTRITAL PUCARA;UF0009961;Botadero Municipal;17;708410.0;9331866.0;285.355782;5586.900015;0.55869;Municipalidad distrital de Pucará;2.5;No;No;No;No;No;No;No;No;No;No;Recuperación;2018;RCD N°026 -2018-OEFA/CD;;
37081;712;60809;Cajamarca;Jaén;Sallique;20221770871;MUNICIPALIDAD DISTRITAL DE SALLIQUE;UF0010363;Botadero S/N;17;686102.0;9373526.0;122.787164;931.320331;0.093132;Municipalidad distrital de Sallique;0.4;Si;No;No;No;No;No;No;No;No;No;Recuperación;2018;RCD N°026 -2018-OEFA/CD;;
37082;713;60810;Cajamarca;Jaén;San Felipe;20221770952;MUNICIPALIDAD DISTRITAL DE SAN FELIPE;UF0010368;Botadero S/N;17;681109.0;9354362.0;142.633264;1287.971582;0.128797;Municipalidad distrital de San Felipe;0.5;No;No;No;No;No;No;No;No;No;No;Recuperación;2018;RCD N°026 -2018-OEFA/CD;;
37083;714;60810;Cajamarca;Jaén;San Felipe;20221770952;MUNICIPALIDAD DISTRITAL DE SAN FELIPE;UF0013860;Botadero Sector Zapote;17;682746.0;9353913.0;167.724918;1441.102575;0.14411;Municipalidad distrital de San Felipe;0.85;Si;No;Si;No;No;No;No;No;No;No;Recuperación;2021;RESOLUCION N° 00003-2021-OEFA/DSIS;;
37084;715;60810;Cajamarca;Jaén;San Felipe;20221770952;MUNICIPALIDAD DISTRITAL DE SAN FELIPE;UF0013859;Botadero Sector Alambe;17;686535.0;9361134.0;123.687018;890.059178;0.089006;Municipalidad distrital de San Felipe;0;No;No;No;No;No;No;No;No;No;No;Recuperación;2021;RESOLUCION N° 00003-2021-OEFA/DSIS;;
37085;716;60810;Cajamarca;Jaén;San Felipe;20221770952;MUNICIPALIDAD DISTRITAL DE SAN FELIPE;UF0038515;Botadero Sector Carrizal Alto;17;682709.0;9357709.0;402;9900;0.99;Municipalidad distrital de San Felipe;1.5;No;No;No;No;No;No;No;No;No;No;Recuperación;2024;Resolución N°00087 -2024-OEFA/DSIS;;
37086;717;60811;Cajamarca;Jaén;San José del Alto;20311257235;MUNICIPALIDAD DIST SAN JOSE DEL ALTO;UF0010371;Botadero S/N;17;720688.0;9395922.0;93.009744;553.892485;0.055389;Municipalidad distrital de San José del Alto;0.4;No;No;No;No;No;No;No;No;No;No;Recuperación;2018;RCD N°026 -2018-OEFA/CD;;
37087;718;60812;Cajamarca;Jaén;Santa Rosa;20215744907;MUNICIPALIDAD DISTRITAL DE SANTA ROSA;UF0010390;Botadero S/N;17;769380.0;9394796.0;138.579482;812.173128;0.081217;Municipalidad distrital de Santa Rosa;0.8;No;No;No;No;No;No;No;No;No;No;Recuperación;2018;RCD N°026 -2018-OEFA/CD;;
37088;719;60903;Cajamarca;San Ignacio;Huarango;20143189091;MUNICIPALIDAD DISTRITAL DE HUARANGO;UF0009525;Botadero Cigarro de Oro;17;747656.0;9412764.0;137.507438;1133.868493;0.113387;Municipalidad distrital de Huarango;0.5;No;No;No;No;No;No;No;No;No;No;Recuperación;2018;RCD N°026 -2018-OEFA/CD;;
37089;720;60903;Cajamarca;San Ignacio;Huarango;20229489039;MUNICIPALIDAD DISTRITAL DE CHIRINOS;UF0010283;Botadero S/N;17;744519.0;9412439.0;142.655789;1390.108972;0.139011;Municipalidad distrital de Chirinos;0.5;No;Si;Si;No;No;No;No;No;No;No;Recuperación;2018;RCD N°026 -2018-OEFA/CD;;
37090;721;60904;Cajamarca;San Ignacio;La Coipa;20192245461;MUNICIPALIDAD DISTRITAL LA COIPA;UF0010316;Botadero S/N;17;736019.0;9403124.0;33.797527;67.814925;0.006781;Municipalidad distrital de La Coipa;0.5;No;No;No;No;No;No;No;No;No;No;Recuperación;2018;RCD N°026 -2018-OEFA/CD;;
37091;722;60905;Cajamarca;San Ignacio;Namballe;20326259081;MUNICIPALIDAD DISTRITAL DE NAMBALLE;UF0010594;Botadero Sector Huarangal;17;710887.0;9448215.0;328.194814;6122.254618;0.612225;Municipalidad distrital de Namballe;0.8;No;No;No;No;No;No;No;No;No;No;Recuperación;2018;RCD N°026 -2018-OEFA/CD;;
37092;723;60901;Cajamarca;San Ignacio;San Ignacio;20148261572;MUNICIPALIDAD PROVINCIAL SAN IGNACIO;UF0010429;Botadero S/N;17;724273.0;9431249.0;641;19300;1.93;Municipalidad provincial de San Ignacio;4.5;No;No;No;No;No;No;No;No;No;No;Recuperación;2018;RCD N°026 -2018-OEFA/CD;;
37093;724;60906;Cajamarca;San Ignacio;San José de Lourdes;20203823259;MUNICIPALIDAD DISTRITAL DE TABACONAS;UF0009470;Botadero Cercado de Tabaconas;17;730014.0;9435107.0;50.314523;157.368563;0.015737;Municipalidad distrital de Tabaconas;0.5;No;No;No;No;No;No;No;No;No;No;Recuperación;2018;RCD N°026 -2018-OEFA/CD;;
37094;725;60906;Cajamarca;San Ignacio;San José de Lourdes;20201842647;MUNICIPALIDAD DISTRITAL DE SAN JOSE DE LOURDES;UF0010032;Botadero Municipal lugar denominado Los Carchucos;17;731669.0;9436350.0;255.874505;1006.879146;0.100688;Municipalidad distrital de San José de Lourdes;0.5;No;No;Si;No;No;No;No;No;No;No;Recuperación;2018;RCD N°026 -2018-OEFA/CD;;
37095;726;61002;Cajamarca;San Marcos;Chancay;20175087681;MUNICIPALIDAD DISTRITAL DE CHANCAY;UF0010275;Botadero S/N;17;818012.0;9180659.0;150.279091;1207.743202;0.120774;Municipalidad distrital de Chancay;0.5;No;No;No;No;No;No;No;No;No;No;Recuperación;2018;RCD N°026 -2018-OEFA/CD;;
37096;727;61003;Cajamarca;San Marcos;Eduardo Villanueva;20179251133;MUNICIPALIDAD DIST.EDUARDO VILLANUEVA;UF0010298;Botadero S/N;17;816799.0;9175055.0;421;11108;1.11;Municipalidad distrital de Eduardo Vilanueva;2.25;No;No;No;No;No;No;No;No;No;No;Recuperación;2018;RCD N°026 -2018-OEFA/CD;Resolución N.° 00019-2025-OEFA/DSIS, Resolución N.° 0017-2025-OEFA/DSIS;
37097;728;61004;Cajamarca;San Marcos;Gregorio Pita;20178079604;MUNICIPALIDAD DISTRITAL GREGORIO PITA;UF0010300;Botadero S/N;17;813996.0;9195546.0;219;2861;0.29;Municipalidad distrital de Gregorio Pita;2;No;No;No;No;No;No;No;No;No;No;Recuperación;2018;RCD N°026 -2018-OEFA/CD;;
37098;729;61005;Cajamarca;San Marcos;Ichocan;20179133521;MUNICIPALIDAD DISTRITAL DE ICHOCAN;UF0010308;Botadero S/N;17;817100.0;9183525.0;399;8120;0.812;Municipalidad distrital de Ichocan;0.42;No;No;No;No;No;No;No;No;No;No;Recuperación;2018;RCD N°026 -2018-OEFA/CD;Resolución N.° 00019-2025-OEFA/DSIS;
37099;730;61006;Cajamarca;San Marcos;José Manuel Quiroz;20185011985;MUNICIPALIDAD DISTRIT JOSE MANUEL QUIROZ;UF0010314;Botadero S/N;17;826248.0;9186104.0;214.774238;2475.466245;0.247547;Municipalidad distrital de José Manuel Quiróz;0.1;No;No;No;No;No;No;No;No;No;No;Recuperación;2018;RCD N°026 -2018-OEFA/CD;;
37100;731;61007;Cajamarca;San Marcos;José Sabogal;20201596859;MUNICIPALIDAD DISTRITAL DE JOSE SABOGAL;UF0010315;Botadero S/N;17;824404.0;9197154.0;293.229623;5514.98809;0.551499;Municipalidad distrital de José Sabogal;0.5;No;No;No;No;No;No;No;No;No;No;Recuperación;2018;RCD N°026 -2018-OEFA/CD;;
37101;732;61001;Cajamarca;San Marcos;Pedro Gálvez;20175083937;MUNICIPALIDAD PROVINCIAL SAN MARCOS;UF0009503;Botadero Chiclayito - Tirimarca;17;811535.0;9187595.0;502.02606;8315.996889;0.8316;Municipalidad provincial de San Marcos;5;No;Si;No;No;No;No;No;No;No;No;Recuperación;2018;RCD N°026 -2018-OEFA/CD;;
37102;733;61001;Cajamarca;San Marcos;Pedro Gálvez;20175083937;MUNICIPALIDAD PROVINCIAL SAN MARCOS;UF0009455;Botadero Celda Transitoria Sector Palenque;17;809258.0;9189341.0;577;14400;1.44;Municipalidad provincial de San Marcos;8;No;No;No;No;No;No;No;No;No;No;Recuperación;2018;RCD N°026 -2018-OEFA/CD;Resolución N.° 00062-2024-OEFA/DSIS;
37103;734;61102;Cajamarca;San Miguel;Bolívar;20222046964;MUNICIPALIDAD DISTRITAL DE BOLIVAR;UF0010261;Botadero S/N;17;700719.0;9228338.0;92.173296;549.425953;0.054943;Municipalidad distrital de Bolivar;0.4;No;No;Si;No;No;No;No;No;No;No;Recuperación;2018;RCD N°026 -2018-OEFA/CD;;
37104;735;61102;Cajamarca;San Miguel;Bolívar;20222046964;MUNICIPALIDAD DISTRITAL DE BOLIVAR;UF0035327;Botadero cercano al caserío San José;17;697630.0;9227264.0;162.5;740;0.074;Municipalidad distrital de Bolivar;0;No;No;Si;No;No;No;No;No;No;No;Recuperación;2022;Resolución N.° 00067-2022-OEFA/DSIS;;
37105;736;61104;Cajamarca;San Miguel;Catilluc;20191949499;MUNICIPALIDAD DISTRITAL DE CATILLUC;UF0009804;Botadero La Conga;17;744923.0;9247267.0;196;1906;0.1906;Municipalidad distrital de Catilluc;2.5;No;No;No;No;No;No;No;No;No;No;Recuperación;2018;RCD N°026 -2018-OEFA/CD;Resolución N.° 00028-2025-OEFA/DSIS;
37106;737;61105;Cajamarca;San Miguel;El Prado;20220310664;MUNICIPALIDAD DISTRITAL EL PRADO;UF0010299;Botadero S/N;17;721981.0;9220932.0;85.98165;450.079308;0.045008;Municipalidad distrital de El Prado;0.5;No;No;Si;No;No;No;No;No;No;No;Recuperación;2018;RCD N°026 -2018-OEFA/CD;;
37107;738;61106;Cajamarca;San Miguel;La Florida;20180976214;MUNICIPALIDAD DISTRITAL DE LA FLORIDA;UF0010318;Botadero S/N;17;704235.0;9241446.0;121.536322;911.971785;0.091197;Municipalidad distrital de La Florida;0.4;No;No;Si;No;No;No;No;No;No;No;Recuperación;2018;RCD N°026 -2018-OEFA/CD;;
37108;739;61102;Cajamarca;San Miguel;Nanchoc;20222046964;MUNICIPALIDAD DISTRITAL DE BOLIVAR;UF0035973;Botadero zona Maychil de la Comunidad de Maychil;17;697532.0;9226495.0;85.6;400;0.04;Municipalidad distrital de Bolivar;0.25;No;No;Si;No;No;No;No;No;No;No;Recuperación;2022;Resolución N.° 00067-2022-OEFA/DSIS;;
37109;740;61108;Cajamarca;San Miguel;Nanchoc;20176288958;CONCEJO DISTRITAL DE NANCHOC;UF0010341;Botadero S/N;17;692654.0;9226872.0;123.028202;789.62433;0.078962;Municipalidad distrital de Nanchoc;0.35;No;No;No;No;No;No;No;No;No;No;Recuperación;2018;RCD N°026 -2018-OEFA/CD;;
37110;741;61109;Cajamarca;San Miguel;Niepos;20174715972;MUNICIPALIDAD DISTRITAL DE NIEPOS;UF0010342;Botadero S/N;17;706373.0;9234163.0;139.75019700000000;1092.621275;0.109262;Municipalidad distrital de Niepos;0.35;No;No;No;No;No;No;No;No;No;No;Recuperación;2018;RCD N°026 -2018-OEFA/CD;;
37111;742;61110;Cajamarca;San Miguel;San Gregorio;20208735587;MUNICIPALIDAD DISTRITAL DE SAN GREGORIO;UF0010369;Botadero S/N;17;710452.6;9219363.28;41.3;60.6;0.006;Municipalidad distrital de San Gregorio;0.35;No;No;Si;Si;No;No;No;No;No;No;Recuperación;2018;RCD N°026 -2018-OEFA/CD;Resolución N.° 00008-2025-OEFA/DSIS;
37112;743;61101;Cajamarca;San Miguel;San Miguel;20143625843;MUNICIPALIDAD PROVINCIAL SAN MIGUEL;UF0010430;Botadero S/N;17;737465.0;9224322.0;309;5000;0.5;Municipalidad provincial de San Miguel;2.83;No;No;No;No;No;No;No;No;No;No;Recuperación;2018;RCD N°026 -2018-OEFA/CD;Resolución N.° 00062-2024-OEFA/DSIS;
37113;744;61101;Cajamarca;San Miguel;San Miguel;20201594481;MUNICIPALIDAD DISTRITAL DE LLAPA;UF0010325;Botadero S/N;17;741541.0;9226376.0;287;3996;0.3996;Municipalidad distrital de Llapa;0.5;No;No;Si;No;No;No;No;No;No;No;Recuperación;2018;RCD N°026 -2018-OEFA/CD;Resolución N.° 00140-2024-OEFA/DSIS;
37114;745;61111;Cajamarca;San Miguel;San Silvestre de Cochan;20195252956;MUNICIP DISTRITAL DE SAN SILVESTRE DE CO;UF0010383;Botadero S/N;17;745464.0;9228404.0;210;2000;0.2;Municipalidad distrital de San Silvestre de Conchán;0.14;No;No;No;No;No;No;No;No;No;No;Recuperación;2018;RCD N°026 -2018-OEFA/CD;Resolución N.° 00016-2025-OEFA/DSIS;
37115;746;61112;Cajamarca;San Miguel;Tongod;20148290165;MUNICIPALIDAD DISTRITAL DE TONGOD;UF0010407;Botadero S/N;17;742086.0;9250716.0;162;1308;0.13;Municipalidad distrital de Tongod;0;No;No;No;No;No;No;No;No;No;No;Recuperación;2018;RCD N°026 -2018-OEFA/CD;;
37116;747;61113;Cajamarca;San Miguel;Union Agua Blanca;20194071524;MUNICIPALIDAD DISTRITAL UNION AGUA BLANC;UF0010411;Botadero S/N;17;714370.0;9220395.0;329.591316;4500;0.45;Municipalidad distrital de Unión Agua Blanca;0.034;No;No;No;No;No;No;No;No;No;No;Recuperación;2018;RCD N°026 -2018-OEFA/CD;Resolución N.° 00016-2025-OEFA/DSIS;
37117;748;61202;Cajamarca;San Pablo;San Bernardino;20172446800;MUNICIPALIDAD PROVINCIAL DE SAN PABLO;UF0015642;Botadero S/N;17;739407.0;9203717.0;636;11500;1.15;Municipalidad Provincial de San Pablo;5;No;No;No;No;No;No;No;No;No;No;Recuperación;2021;RESOLUCION N° 00005-2021-OEFA;Resolución N.° 00103-2024-OEFA/DSIS;
37118;749;61202;Cajamarca;San Pablo;San Bernardino;20172446800;MUNICIPALIDAD PROVINCIAL DE SAN PABLO;UF0009823;Botadero Laberia Paredones;17;739539.0;9203403.0;380;4700;0.47;Municipalidad provincial de San Pablo;0;No;Si;No;No;No;No;No;No;No;No;Recuperación;2018;RCD N°026 -2018-OEFA/CD;Resolución N.° 00008-2025-OEFA/DSIS;
37119;750;61202;Cajamarca;San Pablo;San Bernardino;20194799781;MUNICIPALIDAD DISTRITAL SAN BERNARDINO;UF0010367;Botadero S/N;17;739462.0;9207068.0;189;1670;0.167;Municipalidad distrital de San Bernardino;0.4;No;No;No;No;No;No;No;No;No;No;Recuperación;2018;RCD N°026 -2018-OEFA/CD;Resolución N.° 00008-2025-OEFA/DSIS;
37120;751;61203;Cajamarca;San Pablo;San Luis;20175092332;MUNICIPALIDAD DISTRITAL DE SAN LUIS;UF0010378;Botadero S/N;17;734166.0;9207328.0;69.188855;315.597033;0.03156;Municipalidad distrital de San Luis;0.35;No;No;Si;No;No;No;No;No;No;No;Recuperación;2018;RCD N°026 -2018-OEFA/CD;;
37121;752;61204;Cajamarca;San Pablo;Tumbaden;20201943168;MUNICIPALIDAD DISTRITAL DE TUMBADEN;UF0009828;Botadero Las Flores;17;750323.0;9223051.0;264.35;1027;0.1027;Municipalidad distrital de Tumbaden;0.5;No;No;No;No;No;No;No;No;No;No;Recuperación;2018;RCD N°026 -2018-OEFA/CD;Resolución N.° 00008-2025-OEFA/DSIS, Resolución N.° 00136-2024-OEFA/DSIS;
37122;753;61302;Cajamarca;Santa Cruz;Andabamba;20197637901;MUNICIPALIDAD DISTRITAL DE ANDABAMBA;UF0010252;Botadero S/N;17;741534.0;9262750.0;156.355497;1655.754069;0.165575;Municipalidad distrital de Andabamba;0.4;No;No;No;No;No;No;No;No;No;No;Recuperación;2018;RCD N°026 -2018-OEFA/CD;;
37123;754;61303;Cajamarca;Santa Cruz;Catache;20185117627;MUNICIPALIDAD DISTRITAL DE CATACHE;UF0010268;Botadero S/N;17;715332.0;9262838.0;911;23600;2.36;Municipalidad distrital de Catache;0.424;Si;No;Si;No;No;No;No;No;No;No;Recuperación;2018;RCD N°026 -2018-OEFA/CD;;
37124;755;61304;Cajamarca;Santa Cruz;Chancay Baños;20202315055;MUNICIPALIDAD DISTRITAL DE CHANCAY BAÑOS;UF0018178;Botadero SN;17;737152.0;9271944.0;121;1093;0.1093;Municipalidad distrital de Chancay Baños;0.5;No;No;Si;No;No;No;No;No;No;No;Recuperación;2022;Resolución N.° 00018-2022-OEFA/DSIS;Resolución N.° 00147-2024-OEFA/DSIS;
37125;756;61304;Cajamarca;Santa Cruz;Chancay Baños;20202315055;MUNICIPALIDAD DISTRITAL DE CHANCAY BAÑOS;UF0010704;Botadero Sector Shinguiloma;17;735718.0;9273058.0;152.925748;1301.656536;0.130166;Municipalidad distrital de Chancaybaños;0.5;No;No;No;No;No;No;No;No;Si;No;Recuperación;2018;RCD N°026 -2018-OEFA/CD;;
37126;757;61305;Cajamarca;Santa Cruz;La Esperanza;20179249660;MUNICIPALIDAD DISTRITAL DE LA ESPERANZA;UF0010317;Botadero S/N;17;733038.0;9270253.0;29.363555;52.345719;0.005235;Municipalidad distrital de La Esperanza;0.3;No;No;Si;No;No;No;No;No;No;No;Recuperación;2018;RCD N°026 -2018-OEFA/CD;;
37127;758;61306;Cajamarca;Santa Cruz;Ninabamba;20186865384;MUNICIPALIDAD DISTRITAL DE NINABAMBA;UF0009844;Botadero Los Pinos;17;744624.0;9264585.0;86.480704;487.078999;0.048708;Municipalidad distrital de Ninabamba;No Precisa;No;No;No;No;No;No;No;No;No;No;Recuperación;2018;RCD N°026 -2018-OEFA/CD;;
37128;759;61306;Cajamarca;Santa Cruz;Ninabamba;20186865384;MUNICIPALIDAD DISTRITAL DE NINABAMBA;UF0042390;Botadero La Playa (Ninabamba);17;744232.0;9265049.0;71.2;358;0.0358;Municipalidad distrital de  Ninabamba;0.7;No;No;Si;No;No;No;No;No;No;No;Recuperación;2025;Resolución N.° 00028-2025-OEFA/DSIS;;
37129;760;61307;Cajamarca;Santa Cruz;Pulan;20179249589;MUNICIPALIDAD DISTRITAL DE PULAN;UF0010357;Botadero S/N;17;730363.0;9254723.0;116.588504;820.763304;0.082076;Municipalidad distrital de Pulan;0.5;No;No;No;No;No;No;No;No;No;No;Recuperación;2018;RCD N°026 -2018-OEFA/CD;;
37130;761;61307;Cajamarca;Santa Cruz;Pulán;20179249589;MUNICIPALIDAD DISTRITAL DE PULAN;UF0035328;Botadero La Florida;17;730366.0;9254934.0;197;2450;0.24;Municipalidad distrital de Pulán;0.5;No;No;No;No;No;No;No;No;No;No;Recuperación;2022;Resolución N.° 00067-2022-OEFA/DSIS;Resolución N.° 00147-2024-OEFA/DSIS;
37131;762;61301;Cajamarca;Santa Cruz;Santa Cruz;20200367376;MUNICIPALIDAD PROVINCIAL DE SANTA CRUZ;UF0010431;Botadero S/N;17;725094.0;9268421.0;1400;75700;7.57;Municipalidad provincial de Santa Cruz;4.7;No;No;No;No;No;No;No;No;No;No;Recuperación;2018;RCD N°026 -2018-OEFA/CD;Resolución N.° 00136-2024-OEFA/DSIS;
37132;763;61308;Cajamarca;Santa Cruz;Saucepampa;20166741174;MUNICIPALIDAD DISTRITAL DE SAUCEPAMPA;UF0010392;Botadero S/N;17;730326.0;9259675.0;79;360;0.036;Municipalidad distrital de Saucepampa;0.34;No;No;No;Si;No;No;No;No;No;No;Recuperación;2018;RCD N°026 -2018-OEFA/CD;Resolución N.° 00013-2025-OEFA/DSIS;
37133;764;61309;Cajamarca;Santa Cruz;Sexi;20222936561;MUNICIPALIDAD DISTRITAL DE SEXI;UF0010393;Botadero S/N;17;715059.0;9273843.0;239;3653;0.37;Municipalidad distrital de Sexi;0.07;No;Si;Si;No;No;No;No;No;No;No;Recuperación;2018;RCD N°026 -2018-OEFA/CD;;
37134;765;61310;Cajamarca;Santa Cruz;Uticyacu;20226747142;MUNICIPALIDAD DISTRITAL DE UTICYACU;UF0010413;Botadero S/N;17;744911.0;9267823.0;59.503031;241.950196;0.024195;Municipalidad distrital de Uticyacu;0.3;No;No;No;No;No;No;No;No;No;No;Recuperación;2018;RCD N°026 -2018-OEFA/CD;;
37135;766;61311;Cajamarca;Santa Cruz;Yauyucan;20186864906;MUNICIPALIDAD DISTRITAL DE YAUYUCAN;UF0010419;Botadero S/N;17;741119.0;9261719.0;90.150593;597.153234;0.059715;Municipalidad distrital de Yauyucan;0.6;No;No;No;No;No;No;No;No;No;No;Recuperación;2018;RCD N°026 -2018-OEFA/CD;;
37136;767;80201;Cusco;Acomayo;Acomayo;20167768076;MUNICIPALIDAD PROVINCIAL DE ACOMAYO;UF0009759;Botadero Huaynapata;19;208598.0;8459742.0;166.352368;1649.696185;0.16497;Municipalidad provincial de Acomayo;3.23;Si;No;No;No;No;No;No;No;No;No;Recuperación;2018;RCD N°026 -2018-OEFA/CD;;
37137;768;80201;Cusco;Acomayo;Acomayo;20167768076;MUNICIPALIDAD PROVINCIAL DE ACOMAYO;UF0013850;Botadero Torrechayoc;19;210829.0;8460611.0;129.428712;964.536854;0.096454;Municipalidad provincial de Acomayo;1;No;No;No;No;No;No;No;No;No;No;Recuperación;2021;RESOLUCION N° 00003-2021-OEFA/DSIS;;
37138;769;80203;Cusco;Acomayo;Acos;20187503095;MUNICIPALIDAD DISTRITAL DE ACOS;UF0009392;Botadero Cachipata Tinco;19;203469.0;8455056.0;96.076311;521.989345;0.052199;Municipalidad distrital de Acos;0.5;No;No;No;No;No;No;No;No;No;No;Recuperación;2018;RCD N°026 -2018-OEFA/CD;;
37139;770;80204;Cusco;Acomayo;Mosoc Llacta;20167772855;MUNICIPALIDAD DISTRITAL DE MOSOC LLACTA;UF0010740;Botadero Singuña Huaycco;19;235451.0;8439914.0;107.269212;648.832409;0.064883;Municipalidad distrital de Mosoc Llacta;1.3;No;No;No;Si;No;No;No;No;No;No;Recuperación;2018;RCD N°026 -2018-OEFA/CD;;
37140;771;80205;Cusco;Acomayo;Pomacanchi;20159329535;MUNICIPALIDAD DISTRITAL DE POMACANCHI;UF0009854;Botadero Machumarangate;19;219904.0;8448333.0;147.585179;1348.068608;0.134807;Municipalidad distrital de Pomacanchi;3;No;No;No;No;No;No;No;No;No;No;Recuperación;2018;RCD N°026 -2018-OEFA/CD;;
37141;772;80206;Cusco;Acomayo;Rondocan;20161205371;MUNICIPALIDAD DISTRITAL DE RONDOCAN;UF0009526;Botadero Cirhuelayoc Huaycco;19;199014.0;8474725.0;231.860204;1888.570754;0.188857;Municipalidad distrital de Rondocan;1500;No;No;Si;No;No;No;No;No;No;No;Recuperación;2018;RCD N°026 -2018-OEFA/CD;;
37142;773;80207;Cusco;Acomayo;Sangarara;20168076216;MUNICIPALIDAD DISTRITAL DE SANGARARA;UF0010834;Botadero Umasiri-Gallo-Kacca;19;219523.0;8456054.0;249.282071;3381.683377;0.338168;Municipalidad distrital de Sangarará;1.6;No;No;No;No;No;No;No;No;No;No;Recuperación;2018;RCD N°026 -2018-OEFA/CD;;
37143;774;80302;Cusco;Anta;Ancahuasi;20223561510;MUNICIPALIDAD DISTRITAL DE ANCAHUASI;UF0010449;Botadero San Marcos;18;790293.0;8509717.0;245;3052;0.3052;Municipalidad distrital de Ancahuasi;4;No;No;No;No;No;No;No;No;No;No;Recuperación;2018;RCD N°026 -2018-OEFA/CD;Resolución N.° 00028-2025-OEFA/DSIS;
37144;775;80301;Cusco;Anta;Anta;20159310192;MUNICIPALIDAD DISTRITAL DE PUCYURA - ANTA;UF0009398;Botadero Callpitocasa;18;811104.0;8510049.0;400;3473;0.34;Municipalidad distrital de Pucyura;1.5;No;No;No;No;No;No;No;No;No;No;Recuperación;2018;RCD N°026 -2018-OEFA/CD;Resolución N.° 00103-2024-OEFA/DSIS;
37145;776;80301;Cusco;Anta;Anta;20200953691;MUNICIPALIDAD PROVINCIAL DE ANTA;UF0013379;Botadero Kehuar;18;808939.0;8512346.0;701.83;29000;2.9;Municipalidad provincial de Anta;0;No;No;No;No;No;No;No;No;No;No;Recuperación;2021;RESOLUCION N° 00003-2021-OEFA/DSIS;;
37146;777;80303;Cusco;Anta;Cachimayo;20224090189;MUNICIPALIDAD DISTRITRAL DE CACHIMAYO;UF0010442;Botadero San Agustín;18;816543.0;8509199.0;131.753073;1210.79681;0.12108;Municipalidad distrital de Cachimayo;0.71;No;No;No;No;Si;No;No;No;No;No;Recuperación;2018;RCD N°026 -2018-OEFA/CD;;
37147;778;80304;Cusco;Anta;Chinchaypujio;20221643926;MUNICIPALIDAD DISTRITAL DE CHINCHAYPUCYO;UF0009880;Botadero Millimicti;18;800183.0;8489821.0;260.901145;4640.308058;0.464031;Municipalidad distrital de Chinchaypujio;0.2;Si;No;Si;No;Si;No;No;No;No;No;Recuperación;2018;RCD N°026 -2018-OEFA/CD;;
37148;779;80304;Cusco;Anta;Chinchaypujio;20221643926;MUNICIPALIDAD DISTRITAL DE CHINCHAYPUCYO;UF0038234;Botadero Concahuaylla;18;796850.0;8488348.0;93;470;0.04;No precisa;0;No;No;No;No;No;No;No;No;No;No;Recuperación;2024;Resolución N° 0035-2024-OEFA/DSIS;;
37149;780;80304;Cusco;Anta;Chinchaypujio;20221643926;MUNICIPALIDAD DISTRITAL DE CHINCHAYPUCYO;UF0038235;Botadero Pitillihuaypata;18;798069.0;8493411.0;130;800;0.08;Municipalidad distrital de Chinchaypujio;0.14;No;No;No;No;No;No;No;No;No;No;Recuperación;2024;Resolución N° 0035-2024-OEFA/DSIS;;
37150;781;80305;Cusco;Anta;Huarocondo;20165711727;MUNICIPALIDAD DISTRITAL HUAROCONDO;UF0010121;Botadero Paropiso;18;800128.0;8519094.0;201.119322;2489.173404;0.248917;Municipalidad distrital de Huarocondo;0.436;Si;No;No;No;No;No;No;No;No;No;Recuperación;2018;RCD N°026 -2018-OEFA/CD;;
37151;782;80305;Cusco;Anta;Huarocondo;20165711727;MUNICIPALIDAD DISTRITAL HUAROCONDO;UF0036723;Botadero Simacancha;18;799957.0;8518144.0;270;2600;0.26;Municipalidad distrital de Huarocondo;2.47;No;No;No;No;No;No;No;No;No;No;Recuperación;2023;Resolución N.° 00066-2023-OEFA/DSIS;;
37152;783;80306;Cusco;Anta;Limatambo;20200650442;MUNICIPIO DISTRITAL DE LIMATAMBO;UF0010218;Botadero Quichiorqo;18;775426.0;8508614.0;373;2589;0.25;Municipalidad distrital de Limatambo;2;No;No;No;No;No;No;No;No;Si;No;Recuperación;2018;RCD N°026 -2018-OEFA/CD;;
37153;784;80306;Cusco;Anta;Limatambo;20200650442;MUNICIPIO DISTRITAL DE LIMATAMBO;UF0035329;Botadero Qellomolleyoc;18;775326.0;8509063.0;244;2743;0.2743;Municipalidad Distrital de Limatambo;2;No;No;No;No;No;No;No;No;Si;No;Recuperación;2022;Resolución N.° 00067-2022-OEFA/DSIS;Resolución N.° 87-2024-OEFA/DSIS;
37154;785;80307;Cusco;Anta;Mollepata;20317920025;MUNICIPALIDAD DISTRITAL DE MOLLEPATA;UF0010142;Botadero Pisonaypata;18;768066.0;8505175.0;446,31;8840;0.884;Municipalidad distrital de Mollepata;0.07;No;No;No;No;No;No;No;No;Si;No;Recuperación;2018;RCD N°026 -2018-OEFA/CD;Resolución N.° 87-2024-OEFA/DSIS;
37155;786;80309;Cusco;Anta;Zurite;20159309003;MUNICIPALIDAD DISTRITAL ZURITE;UF0009780;Botadero Jachin;18;796087.0;8509807.0;258.278428;3318.9922;0.331899;Municipalidad distrital de Zurite;0.8;No;No;No;No;No;No;No;No;No;No;Recuperación;2018;RCD N°026 -2018-OEFA/CD;;
37156;787;80401;Cusco;Calca;Calca;20156074242;MUNICIPALIDAD PROVINCIAL DE CALCA;UF0009445;Botadero Ccaytupampa;19;179906.0;8523574.0;820;33400;3.34;Municipalidad provincial de Calca;8;No;No;No;No;Si;No;No;No;No;No;Recuperación;2018;RCD N°026 -2018-OEFA/CD;Resolución N.° 0017-2025-OEFA/DSIS;
37157;788;80401;Cusco;Calca;Calca;20147303115;MUNICIPALIDAD DISTRITAL DE LAMAY;UF0009580;Botadero de Campanachayoq;19;181376.0;8522617.0;411;5600;0.56;Municipalidad distrital de Lamay;4;No;No;No;No;No;No;No;No;No;No;Recuperación;2018;RCD N°026 -2018-OEFA/CD;Resolución N.° 00022-2025-OEFA/DSIS;
37158;789;80402;Cusco;Calca;Coya;20200464819;MUNICIPALIDAD DISTRITAL DE COYA;UF0009627;Botadero de Macay;19;183412.0;8519495.0;159.3527;1731.888218;0.173189;Municipalidad distrital de Coya;0.08;No;No;Si;No;No;No;No;No;No;No;Recuperación;2018;RCD N°026 -2018-OEFA/CD;;
37159;790;80404;Cusco;Calca;Lares;20159312055;MUNICIPALIDAD DISTRITAL DE LARES;UF0010100;Botadero Pantiyoc;18;819722.0;8553808.0;188.412725;2142.373404;0.214237;Municipalidad distrital de Lares;0.8;No;No;No;No;No;No;No;No;No;No;Recuperación;2018;RCD N°026 -2018-OEFA/CD;;
37160;791;80405;Cusco;Calca;Pisac;20147552506;MUNICIPALIDAD DISTRITAL DE PISAC;UF0009876;Botadero Matara-Ayaquira;19;192597.0;8513238.0;633;16400;1.64;Municipalidad distrital de Pisac;2.6;No;No;No;No;No;No;No;No;No;No;Recuperación;2018;RCD N°026 -2018-OEFA/CD;Resolución N.° 00103-2024-OEFA/DSIS;
37161;792;80406;Cusco;Calca;San Salvador;20177395146;MUNICIPALIDAD DISTRITAL DE SAN SALVADOR;UF0010068;Botadero Paco Pata;19;197998.0;8506443.0;401;4553;0.45;Municipalidad distrital de San Salvador;0.45;Si;No;No;No;No;No;No;No;No;No;Recuperación;2018;RCD N°026 -2018-OEFA/CD;;
37162;793;80407;Cusco;Calca;Taray;20171146209;MUNICIPALIDAD DISTRITAL DE TARAY;UF0009763;Botadero Huchuy Paullochayoc;19;189114.0;8513962.0;363.200685;4663.659437;0.466366;Municipalidad distrital de Taray;0.5;Si;No;No;No;No;No;No;No;No;No;Recuperación;2018;RCD N°026 -2018-OEFA/CD;;
37163;794;80408;Cusco;Calca;Yanatile;20177429229;MUNICIPALIDAD DISTRITAL DE YANATILE CALC;UF0009323;Botadero Alto Arenal;18;790538.0;8600759.0;340.949765;7326.026018;0.732603;Municipalidad distrital de Yanatile;2;No;No;Si;Si;No;No;No;No;No;No;Reconversión;2018;RCD N°026 -2018-OEFA/CD;;
37164;795;80502;Cusco;Canas;Checca;20189848227;MUNICIPALIDAD DISTRITAL DE CHECCA;UF0009493;Botadero Chaqueña;19;240797.0;8398498.0;309;2100;0.21;Municipalidad distrital de Checca;0.892;No;No;No;No;No;No;No;No;No;No;Recuperación;2018;RCD N°026 -2018-OEFA/CD;Resolución N.° 00022-2025-OEFA/DSIS;
37165;796;80502;Cusco;Canas;Checca;20189848227;MUNICIPALIDAD DISTRITAL DE CHECCA;UF0013584;Botadero Cunsa Cunsa;19;237842.0;8406705.0;170;1120;0.112;Municipalidad distrital de Checca;0;No;No;No;No;No;No;No;No;No;No;Recuperación;2021;RESOLUCION N° 00003-2021-OEFA/DSIS;;
37166;797;80503;Cusco;Canas;Kunturkanki;20189848570;MUNICIPALIDAD DISTRITAL DE KUNTURKANKI;UF0010157;Botadero Puccacca;19;250888.0;8391775.0;160;800;0.08;Municipalidad distrital de Kunturkanki;0;No;No;No;Si;No;No;No;No;No;No;Recuperación;2018;RCD N°026 -2018-OEFA/CD;;
37167;798;80503;Cusco;Canas;Kunturkanki;20189848570;MUNICIPALIDAD DISTRITAL DE KUNTURKANKI;UF0013583;Botadero Huancolluse;19;252528.0;8389050.0;210;3200;0.32;Municipalidad distrital de Kunturkanki;0;No;No;No;No;No;No;No;No;No;No;Recuperación;2021;RESOLUCION N° 00003-2021-OEFA/DSIS;;
37168;799;80503;Cusco;Canas;Kunturkanki;20189848570;MUNICIPALIDAD DISTRITAL DE KUNTURKANKI;UF0013871;Botadero Kirkohuaraca;19;250081.0;8391555.0;80;300;0.03;Municipalidad distrital de Kunturkanki;0;Si;No;No;No;No;No;No;No;No;No;Recuperación;2021;RESOLUCION N° 00003-2021-OEFA/DSIS;;
37169;800;80503;Cusco;Canas;Kunturkanki;20189848570;MUNICIPALIDAD DISTRITAL DE KUNTURKANKI;UF0036799;Botadero Apacheta 1;19;252857.0;8400067.0;420;10000;1;Municipalidad distrital de Kunturkanki;0.5;No;No;No;No;No;No;No;No;No;No;Recuperación;2023;Resolución N.° 00073-2023-OEFA/DSIS;;
37170;801;80504;Cusco;Canas;Langui;20209003938;MUNICIPALIDAD DISTRITAL DE LANGUI;UF0009343;Botadero Antahuayco;19;256297.0;8402755.0;660;12375;1.2375;Municipalidad distrital de Langui;0.014;No;No;No;No;No;No;No;No;No;No;Recuperación;2018;RCD N°026 -2018-OEFA/CD;Resolución N.° 00147-2024-OEFA/DSIS;
37171;802;80505;Cusco;Canas;Layo;20209488419;MUNICIPALIDAD DISTRITAL DE LAYO;UF0009397;Botadero Callejón Pampa;19;268777.0;8396042.0;256;2817;0.28;Municipalidad distrital de Layo;0;No;No;No;No;No;No;No;No;No;No;Recuperación;2018;RCD N°026 -2018-OEFA/CD;;
37172;803;80506;Cusco;Canas;Pampamarca;20220549292;MUNICIPALIDAD DISTRITAL DE PAMPAMARCA;UF0009601;Botadero de Hantapampa;19;234025.0;8434826.0;144.811456;1294.651704;0.129465;Municipalidad distrital de Pampamarca;0.33;No;No;Si;No;No;No;No;No;No;No;Recuperación;2018;RCD N°026 -2018-OEFA/CD;;
37173;804;80507;Cusco;Canas;Quehue;20201528187;MUNICIPALIDAD DISTRITAL DE QUEHUE;UF0009785;Botadero Janansaya-Lluscapampa;19;237055.0;8409346.0;49.614825;148.190651;0.014819;Municipalidad distrital de Quehue;1;No;No;Si;No;No;No;No;No;No;No;Recuperación;2018;RCD N°026 -2018-OEFA/CD;;
37174;805;80508;Cusco;Canas;Tupac Amaru;20200544413;MUNICIPALIDAD DISTRITAL DE TUPAC AMARU;UF0009308;Botadero Aceroncca-Barrio Pampachiri;19;233280.0;8433148.0;266.223506;3318.906107;0.331891;Municipalidad distrital de Tupac Amaru;0.25;No;No;No;No;No;No;No;No;No;No;Recuperación;2018;RCD N°026 -2018-OEFA/CD;;
37175;806;80508;Cusco;Canas;Tupac Amaru;20170325185;MUNICIPALIDAD PROVINCIAL CANAS YANAOCA;UF0009571;Botadero de Apacheta;19;232932.0;8427266.0;478.470506;14776.032808;1.477603;Municipalidad provincial de Canas;4.5;Si;No;No;No;Si;No;No;No;No;No;Recuperación;2018;RCD N°026 -2018-OEFA/CD;;
37176;807;80501;Cusco;Canas;Yanaoca;20170325185;MUNICIPALIDAD PROVINCIAL CANAS YANAOCA;UF0036424;Botadero de RRSS de la Comunidad de Qquechaqquechua;19;233981.0;8428250.0;518;19000;1.8;Municipalidad provincial de Canas;5;Si;No;No;No;No;No;No;No;No;No;Recuperación;2023;Resolución N.° 0045-2023-OEFA/DSIS;;
37177;808;80602;Cusco;Canchis;Checacupe;20147495600;MUNICIPALIDAD DISTRITAL DE CHECACUPE;UF0010750;Botadero Tafiales pampa;19;235580.0;8445463.0;61.444693;192.133406;0.019213;Municipalidad distrital de Checacupe;0.5;No;No;No;No;No;No;No;No;No;No;Recuperación;2018;RCD N°026 -2018-OEFA/CD;;
37178;809;80602;Cusco;Canchis;Checacupe;20147495600;MUNICIPALIDAD DISTRITAL DE CHECACUPE;UF0009857;Botadero Mal Paso;19;234390.0;8450024.0;97.00149;614.114973;0.061412;Municipalidad distrital de Checacupe;0.5;No;No;No;No;No;No;No;No;No;No;Recuperación;2018;RCD N°026 -2018-OEFA/CD;;
37179;810;80602;Cusco;Canchis;Checacupe;20147495600;MUNICIPALIDAD DISTRITAL DE CHECACUPE;UF0038516;Botadero Kulawapata;19;236162.403;8447679.704;325.03;6749.19;0.67;Municipalidad distrital de Checacupe;3.26;No;No;No;No;Si;No;No;No;No;No;Recuperación;2024;Resolución N°00087 -2024-OEFA/DSIS;;
37180;811;80603;Cusco;Canchis;Combapata;20216274459;MUNICIPALIDAD  DISTRITAL DE COMBAPATA;UF0009888;Botadero Molino Huasa;19;236672.0;8440991.0;396;9500;0.95;Municipalidad distrital de Combapata;1.57;No;No;No;No;No;No;No;No;No;No;Recuperación;2018;RCD N°026 -2018-OEFA/CD;;
37181;812;80604;Cusco;Canchis;Marangani;20189921838;MUNICIP. DISTRITAL DE MARANGANI CANCHIS;UF0010244;Botadero Rumicruz;19;266926.22;8411394.39;156;1500;0.15;Municipalidad distrital de Maranganí;0.6;No;No;No;No;No;No;No;No;No;No;Recuperación;2018;RCD N°026 -2018-OEFA/CD;Resolución N.° 00147-2024-OEFA/DSIS;
37182;813;80604;Cusco;Canchis;Marangani;20189921838;MUNICIP. DISTRITAL DE MARANGANI CANCHIS;UF0039278;Botadero Sayripampa;19;272072.0;8405583.0;112;1000;0.1;Municipalidad distrital de Marangani;0.8;No;No;No;No;No;No;No;No;No;No;Recuperación;2025;RESOLUCIÓN N° 00002-2025-OEFA/DSIS;;
37183;814;80604;Cusco;Canchis;Marangani;20189921838;MUNICIP. DISTRITAL DE MARANGANI CANCHIS;UF0039280;Botadero Accokunka;19;277963.0;8403479.0;98.6;1000;0.1;Municipalidad distrital de Marangani;0.6;No;No;No;No;No;No;No;No;No;No;Recuperación;2025;RESOLUCIÓN N° 00002-2025-OEFA/DSIS;;
37184;815;80605;Cusco;Canchis;Pitumarca;20159345573;MUNICIPALIDAD DISTRITAL DE PITUMARCA;UF0010183;Botadero Qquentiyo;19;239078.0;8452124.0;221.80355;3087.55821;0.308756;Municipalidad distrital de Pitumarca;1.5;No;Si;Si;No;No;No;No;No;No;No;Recuperación;2018;RCD N°026 -2018-OEFA/CD;;
37185;816;80606;Cusco;Canchis;San Pablo;20159340181;MUNICIPALIDAD DISTRITAL DE SAN PABLO;UF0009391;Botadero Cachipamapa;19;248376.0;8428791.0;202.69766;2588.417145;0.258842;Municipalidad distrital de San Pablo;0.35;No;No;Si;Si;No;No;No;No;No;No;Recuperación;2018;RCD N°026 -2018-OEFA/CD;;
37186;817;80607;Cusco;Canchis;San Pedro;20159345492;MUNICIPALIDAD DISTRITAL DE SAN PEDRO;UF0009390;Botadero Cachicachipampa;19;248084.0;8429065.0;342;3540.08;0.3539;Municipalidad distrital de San Pedro;0.5;Si;No;No;No;No;No;No;No;No;No;Recuperación;2018;RCD N°026 -2018-OEFA/CD;Resolución N.° 00008-2025-OEFA/DSIS;
37187;818;80601;Cusco;Canchis;Sicuani;20147421070;MUNICIPALIDAD PROVINCIAL DE CANCHIS;UF0009520;Botadero Choquechallocpata o Chacuchayocpata;19;261508.0;8421805.0;1320;88200;8.82;Municipalidad provincial de Canchis;45;No;No;No;No;Si;No;No;No;No;No;Recuperación;2018;RCD N°026 -2018-OEFA/CD;Resolución N.° 00028-2025-OEFA/DSIS;
37188;819;80608;Cusco;Canchis;Tinta;20171116041;MUNICIPALIDAD DISTRITAL DE TINTA;UF0009389;Botadero Cachicachi;19;241659.0;8432083.0;606;17343;1.73;Municipalidad distrital de Tinta;2.131;No;No;Si;No;No;No;No;No;No;No;Recuperación;2018;RCD N°026 -2018-OEFA/CD;;
37189;820;80702;Cusco;Chumbivilcas;Capacmarca;20224796014;MUNICIPALIDAD DISTRITAL DE CAPACMARCA;UF0009617;Botadero de Labosorqqo;18;820169.0;8449121.0;348;7900;0.79;Municipalidad distrital de Capacmarca;1.14;No;No;No;No;No;No;No;No;No;No;Recuperación;2018;RCD N°026 -2018-OEFA/CD;Resolución N.° 00136-2024-OEFA/DSIS;
37190;821;80703;Cusco;Chumbivilcas;Chamaca;20172494952;MUNICIPALIDAD DISTRITAL DE CHAMACA;UF0009614;Botadero de Jahuankiri;19;192869.0;8416324.0;156.616824;1563.080163;0.156308;Municipalidad distrital de Chamaca;1;Si;No;No;No;No;No;No;No;No;No;Recuperación;2018;RCD N°026 -2018-OEFA/CD;;
37191;822;80704;Cusco;Chumbivilcas;Colquemarca;20214936519;MUNICIPALIDAD DISTRITAL DE COLQUEMARCA;UF0009633;Botadero de Perccabamba;18;820371.0;8419079.0;462;11000;1.1;Municipalidad distrital de Colquemarca;4;No;No;No;No;No;No;No;No;No;No;Recuperación;2018;RCD N°026 -2018-OEFA/CD;Resolución N.° 0017-2025-OEFA/DSIS;
37192;823;80705;Cusco;Chumbivilcas;Livitaca;20278211895;MUNICIPALIDAD DISTRITAL DE LIVITACA;UF0010709;Botadero Sector Tacomocco;19;210796.0;8416696.0;476;7700;0.77;Municipalidad distrital de Livitaca;2.5;No;No;No;No;No;No;No;No;No;No;Recuperación;2018;RCD N°026 -2018-OEFA/CD;Resolución N.° 00136-2024-OEFA/DSIS;
37193;824;80706;Cusco;Chumbivilcas;Llusco;20209099510;MUNICIPALIDAD DISTRITAL DE LLUSCO;UF0009584;Botadero de Ccancahui Pampa;18;809381.0;8414209.0;106.924033;740.610349;0.074061;Municipalidad distrital de Llusco;1;No;No;No;No;No;No;No;No;No;No;Recuperación;2018;RCD N°026 -2018-OEFA/CD;;
37194;825;80707;Cusco;Chumbivilcas;Quiñota;20209184380;MUNICIPIO DISTRITAL DE QUINOTA;UF0009660;Botadero de Tunyo Maranserayocpata;18;808073.0;8417161.0;90.657541;3100;0.31;Municipalidad distrital de Quiñota;0.57;Si;No;No;Si;No;No;No;No;No;No;Recuperación;2018;RCD N°026 -2018-OEFA/CD;Resolución N.° 00002-2025-OEFA/DSIS;
37195;826;80701;Cusco;Chumbivilcas;Santo Tomas;20181709066;MUNICIPALIDAD PROVINCIAL DE CHUMBIVILCAS;UF0009603;Botadero de Hatunpata;18;812662.0;8399225.0;373.14394;8878.214164;0.887821;Municipalidad provincial de Chumbivilcas;0;No;No;No;No;No;No;No;No;No;No;Recuperación;2018;RCD N°026 -2018-OEFA/CD;;R.A. N° 450-2021-MPCH
37196;827;80701;Cusco;Chumbivilcas;Santo Tomas;20181709066;MUNICIPALIDAD PROVINCIAL DE CHUMBIVILCAS;UF0036895;Botadero Huisayuyo Campanuta;18;820434.0;8400272.0;1783.71;80000;8;Municipalidad provincial de Chumbivilcas;8;No;No;No;No;No;No;No;No;No;No;Recuperación;2023;Resolución N.° 00066-2023-OEFA/DSIS;;
37197;828;80708;Cusco;Chumbivilcas;Velille;20161209792;MUNICIPALIDAD DISTRITAL DE VELILLE;UF0010620;Botadero Sector Llasaqchahuana;19;189020.0;8391331.0;199.278267;2634.846747;0.263485;Municipalidad distrital de Velille;1;No;No;No;No;No;No;No;No;No;No;Recuperación;2018;RCD N°026 -2018-OEFA/CD;;
37198;829;80708;Cusco;Chumbivilcas;Velille;20161209792;MUNICIPALIDAD DISTRITAL DE VELILLE;UF0010468;Botadero Sañopalla;19;188116.0;8395077.0;188.574845;1542.608703;0.154261;Municipalidad distrital de Velille;1.8;No;No;No;No;No;No;No;No;No;No;Recuperación;2018;RCD N°026 -2018-OEFA/CD;;
37199;830;80708;Cusco;Chumbivilcas;Velille;20161209792;MUNICIPALIDAD DISTRITAL DE VELILLE;UF0040015;Botadero Casa Blanca;19;191334.0;8394874.0;150;2078;0.2078;Municipalidad distrital de Velille;No Precisa;No;No;No;No;No;No;No;No;No;No;Recuperación;2025;RESOLUCIÓN N° 00013-2025-OEFA/DSIS;;
37200;831;80103;Cusco;Cusco;Poroy;20170060963;MUNICIPALIDAD DISTRITAL DE POROY;UF0009602;Botadero de Hatumpampa;18;820698.0;8505557.0;139.461207;1113.376429;0.111338;Municipalidad distrital de Poroy;0;No;No;Si;Si;No;No;No;No;No;No;Recuperación;2018;RCD N°026 -2018-OEFA/CD;;
37201;832;80105;Cusco;Cusco;San Sebastián;20177217043;MUNICIPALIDAD PROVINCIAL DEL CUSCO;UF0013373;Botadero San Antonio;19;183508.0;8500264.0;714.889363;19953.295068;1.99533;Municipalidad provincial de Cusco;0;No;No;No;No;No;No;No;No;No;No;Recuperación;2021;RESOLUCION N° 00003-2021-OEFA/DSIS;;
37202;833;80106;Cusco;Cusco;Santiago;20177217043;MUNICIPALIDAD PROVINCIAL DEL CUSCO;UF0009616;Botadero de Jaquira;18;822848.0;8499907.0;1108.404315;63761.383252;6.376138;Municipalidad provincial de Cusco, Municipalidad distrital de Wanchaq, Municipalidad distrital de Santiago, Municipalidad distrital de San Jerónimo, Municipalidad distrital de San Sebastián, Municipalidad distrital de Saylla, Municipalidad distrital de Ccorca;390;No;No;No;Si;Si;No;No;No;No;No;Recuperación;2018;RCD N°026 -2018-OEFA/CD;;
37203;834;80808;Cusco;Espinar;Alto Pichigua;20317347112;MUNICIPALIDAD DISTRITAL ALTO PICHIGUA;UF0009326;Botadero Alto Pichigua;19;257925.0;8365973.0;180;1600;0.16;Municipalidad distrital de Alto Pichigua;0;No;No;No;No;No;No;No;No;No;No;Recuperación;2018;RCD N°026 -2018-OEFA/CD;Resolución N.° 00062-2024-OEFA/DSIS;
37204;835;80808;Cusco;Espinar;Alto Pichigua;20317347112;MUNICIPALIDAD DISTRITAL ALTO PICHIGUA;UF0037596;Botadero Accocunca;19;258127.0;8365709.0;447;11000;1.1;Municipalidad distrital de Pichigua;No precisa;No;No;No;No;No;No;No;No;No;No;Recuperación;2023;Resolución N.° 00112-2023-OEFA/DSIS;;
37205;836;80802;Cusco;Espinar;Condoroma;20147419768;MUNICIPALIDAD DISTRITAL DE CONDOROMA;UF0010551;Botadero Sector de Ichuccollo;19;270665.0;8310456.0;412;10000;1;Municipalidad distrital de Condoroma;0.5;No;No;No;No;No;No;No;No;No;No;Recuperación;2018;RCD N°026 -2018-OEFA/CD;Resolución N.° 00062-2024-OEFA/DSIS;
37206;837;80803;Cusco;Espinar;Coporaque;20147419687;MUNICIPALIDAD DISTRITAL DE COPORAQUE;UF0010454;Botadero San Pedro de la Comunidad Campesina de Tacrara;19;228426.0;8362754.0;97.565598;609.627521;0.060963;Municipalidad distrital de Coporaque;0.8;No;No;Si;Si;No;No;No;No;No;No;Recuperación;2018;RCD N°026 -2018-OEFA/CD;;
37207;838;80803;Cusco;Espinar;Coporaque;20147419687;MUNICIPALIDAD DISTRITAL DE COPORAQUE;UF0038887;Botadero Nuevo Tacrara;19;228640.0;8362729.0;79.5;400;0.0426;Municipalidad distrital de Coporaque;0.03;No;No;No;No;No;No;No;No;No;No;Recuperación;2024;RESOLUCIÓN N° 00136-2024-OEFA/DSIS;;
37208;839;80801;Cusco;Espinar;Espinar;20147346434;MUNICIPALIDAD PROVINCIAL DE ESPINAR;UF0009342;Botadero Antaccollana;19;242719.0;8363995.0;759.087247;34005.313816;3.400531;Municipalidad provincial de Espinar;42;Si;No;No;Si;Si;No;No;No;No;No;Recuperación;2018;RCD N°026 -2018-OEFA/CD;;
37209;840;80804;Cusco;Espinar;Ocoruro;20278022570;CONCEJO DISTRITAL DE OCORURO;UF0010716;Botadero Sector Trapiche;19;271439.0;8334411.0;286.3;2900;0.29;Municipalidad distrital de Ocoruro;0.4;No;No;No;No;No;No;No;No;No;No;Recuperación;2018;RCD N°026 -2018-OEFA/CD;Resolución N.° 0017-2025-OEFA/DSIS;
37210;841;80805;Cusco;Espinar;Pallpata;20222360677;MUNICIPALIDAD DISTRITAL DE PALLPATA;UF0009341;Botadero Antacama;19;261625.0;8354089.0;570;15700;1.57;Municipalidad distrital de Pallpata;14.5;No;No;No;No;No;No;No;No;No;No;Recuperación;2018;RCD N°026 -2018-OEFA/CD;Resolución N.° 00013-2025-OEFA/DSIS;
37211;842;80806;Cusco;Espinar;Pichigua;20147419504;MUNICIPALIDAD DISTRITAL DE PICHIGUA;UF0009882;Botadero Minas Quincay;19;240639.0;8375595.0;159.251794;1343.760251;0.134376;Municipalidad distrital de Pichigua;0.1;No;No;No;No;No;No;No;No;No;No;Recuperación;2018;RCD N°026 -2018-OEFA/CD;;
37212;843;80807;Cusco;Espinar;Suyckutambo;20202175024;CONSEJO DISTRITAL SUYKUTAMBO;UF0010547;Botadero Sector de Chaquimayo;19;229163.0;8361687.0;210.84015;2251.309639;0.225131;Municipalidad distrital de Suyckutambo;0.5;No;No;No;Si;No;No;No;No;No;No;Recuperación;2018;RCD N°026 -2018-OEFA/CD;;
37213;844;80902;Cusco;La Convención;Echarati;20159368271;MUNICIPALIDAD DISTRITAL DE ECHARATI;UF0018556;Botadero Alto Ivanqui;18;749552.0;8602936.0;5000;5000;0.5;Municipalidad distrital de Echarati;1.93;Si;No;No;No;No;No;No;No;No;No;Reconversión;2022;Resolución N.° 00018-2022-OEFA/DSIS;;
37214;845;80902;Cusco;La Convención;Echarati;20159368271;MUNICIPALIDAD DISTRITAL DE ECHARATI;UF0018199;Botadero Kiteni;18;709400.0;8601561.0;No precisa;No precisa;No precisa;Municipalidad distrital de Echarati;1.5;Si;No;No;No;No;No;No;No;No;No;Reconversión;2022;Resolución N.° 00018-2022-OEFA/DSIS;;
37215;846;80902;Cusco;La Convención;Echarati;20159368271;MUNICIPALIDAD DISTRITAL DE ECHARATI;UF0009448;Botadero Ccochayoc;18;762072.0;8582790.0;449.610554;10298.617979;1.029862;Municipalidad distrital de Echarati;1;Si;No;No;No;No;No;No;No;No;No;Reconversión;2018;RCD N°026 -2018-OEFA/CD;;R.G.R.N.G.A. N° 017-2020-GRNGA-MPLC
37216;847;80902;Cusco;La Convención;Echarati;20159368271;MUNICIPALIDAD DISTRITAL DE ECHARATI;UF0037534;Área degradada de Inquilhuato;18;724048.0;8622669.0;528;18300;1.83;Municipalidad distrital de Echarati;0.38;No;No;No;No;No;No;No;No;No;No;Recuperación;2023;Resolución N.° 00102-2023-OEFA/DSIS;;
37217;848;80902;Cusco;La Convención;Echarati;20159368271;MUNICIPALIDAD DISTRITAL DE ECHARATI;UF0037535;Botadero Alto Rosalinas;18;751232.7575;8603071.11;395;100000;10;Municipalidad distrital de Echarati;0;No;No;No;No;No;No;No;No;No;No;Recuperación;2023;Resolución N.° 00102-2023-OEFA/DSIS;;
37218;849;80902;Cusco;La Convención;Echarati;20159368271;MUNICIPALIDAD DISTRITAL DE ECHARATI;UF0037846;Botadero de Cachingari;18;735111.0;8638803.0;237;3000;0.3;Municipalidad distrital de Echarati;0.2;No;No;Si;No;No;No;No;No;No;No;Recuperación;2024;Resolución N° 00008-2024-OEFA/DSIS;;
37219;850;80902;Cusco;La Convención;Echarati;20159368271;MUNICIPALIDAD DISTRITAL DE ECHARATI;UF0037847;Botadero de Alto Pachiri;18;735920.0;8620510.0;341;5000;0.5;Municipalidad distrital de Echarati;0.0271;No;No;No;No;No;No;No;No;No;No;Recuperación;2024;Resolución N° 00008-2024-OEFA/DSIS;;
37220;851;80902;Cusco;La Convención;Echarati;20159368271;MUNICIPALIDAD DISTRITAL DE ECHARATI;UF0037848;Botadero de Pangoa;18;728990.0;8632749.0;361;7600;0.76;Municipalidad distrital de Echarati;0.5;No;No;No;No;No;No;No;No;No;No;Recuperación;2024;Resolución N° 00008-2024-OEFA/DSIS;;
37221;852;80902;Cusco;La Convención;Echarati;20159368271;MUNICIPALIDAD DISTRITAL DE ECHARATI;UF0037849;Botadero de Poyentimari;18;729754.0;8635615.0;32.4;100;0.01;Municipalidad distrital de Echarati;0.02;No;No;No;No;No;No;No;No;No;No;Recuperación;2024;Resolución N° 00008-2024-OEFA/DSIS;;
37222;853;80902;Cusco;La Convención;Echarati;20159368271;MUNICIPALIDAD DISTRITAL DE ECHARATI;UF0039503;Área degradada por Residuos Sólidos Ivochote;18;725360.69;8623295.0;42;107;0.0107;Municipalidad distrital de Echarati;No Precisa;No;No;No;No;No;No;No;No;No;No;Recuperación;2025;Resolución N° 00008-2025-OEFA/DSIS;;
37223;854;80902;Cusco;La Convención;Echarati;20159368271;MUNICIPALIDAD DISTRITAL DE ECHARATI;UF0041839;Área degradada por residuos sólidos de la comunidad Nativa de Koribeni;18;734074.0;8604284.0;155;1300;0.13;Municipalidad distrital de Echarati;0;No;No;No;No;No;No;No;No;No;No;Recuperación;2025;Resolución N.° 00022-2025-OEFA/DSIS;;
37224;855;80903;Cusco;La Convención;Huayopata;20202455817;MUNICIPALIDAD DISTRITAL DE HUAYOPATA;UF0010788;Botadero Tunaschayoc;18;768612.0;8563238.0;141.716111;1178.896407;0.11789;Municipalidad distrital de Huayopata;2.5;Si;No;No;Si;No;No;No;No;Si;No;Recuperación;2018;RCD N°026 -2018-OEFA/CD;;
37225;856;80911;Cusco;La Convención;Inkawasi;20600234880;MUNICIPALIDAD DISTRITAL DE INKAWASI;UF0009930;Botadero Municipal;18;687905.0;8530021.0;87.519171;557.871197;0.055787;Municipalidad distrital de Inkawasi;0.021;No;No;No;No;No;No;No;No;No;No;Recuperación;2018;RCD N°026 -2018-OEFA/CD;;
37226;857;80907;Cusco;La Convención;Kimbiri;20178199251;MUNICIPALIDAD DISTRITAL DE KIMBIRI;UF0009541;Botadero Controlado en el Sector Alto Sampantuari;18;632057.0;8606762.0;417.462788;8110.543285;0.811054;Municipalidad distrital de Kimbiri;7;Si;Si;Si;Si;Si;No;No;No;No;No;Recuperación;2018;RCD N°026 -2018-OEFA/CD;;
37227;858;80907;Cusco;La Convención;Kimbiri;20178199251;MUNICIPALIDAD DISTRITAL DE KIMBIRI;UF0035031;Área de Mejoramiento y ampliación del servicio de limpieza pública en la zona de Kimbiri y centros poblados del distrito de Kimbiri La Convención - Cusco;18;637058.706;8606360.51;1045;53000;5.3;No precisa;0;No;No;No;No;No;No;No;No;No;No;Reconversión;2023;Resolución N.° 00098-2023-OEFA/DSIS;;
37228;859;80915;Cusco;La Convención;Kumpirushiato;20608010212;MUNICIPALIDAD DISTRITAL DE KUMPIRUSHIATO;UF0036913;Botadero Municipal Simentohato;18;686997.801;8600301.0;550.27;15927;1.5927;Municipalidad distrital de Kumpirushiato;0.5;No;No;No;Si;No;No;No;No;No;No;Recuperación;2023;Resolución N.° 00085-2023-OEFA/DSIS;;
37229;860;80915;Cusco;La Convención;Kumpirushiato;20608010212;MUNICIPALIDAD DISTRITAL DE KUMPIRUSHIATO;UF0036914;Botadero Municipal Manatarushiato;18;689393.73;8600609.29;228.96;37144.5;3.71445;Municipalidad distrital de Kumpirushiato;0.9;No;No;No;Si;No;No;No;No;No;No;Recuperación;2023;Resolución N.° 00085-2023-OEFA/DSIS;;
37230;861;80917;Cusco;La Convención;Manitea;20607936171;MUNICIPALIDAD DISTRITAL DE MANITEA;UF0038236;Botadero Qorichayocc;18;651349.0;8590756.0;564.7;21000;2.1;Municipalidad distrital de Manitea;1;No;No;No;No;No;No;No;No;No;No;Recuperación;2024;Resolución N° 0035-2024-OEFA/DSIS;;
37231;862;80914;Cusco;La Convención;Megantoni;20601625017;MUNICIPALIDAD DISTRITAL DE MEGANTONI;UF0016998;Botadero de la Comunidad Nativa de Miaria;18;717948.0;8748655.0;No precisa;30000;3;Municipalidad distrital de Megantoni;No precisa;Si;No;Si;No;No;No;No;No;No;No;Reconversión;2022;Resolución N.° 00018-2022-OEFA/DSIS;;
37232;863;80914;Cusco;La Convención;Megantoni;20601625017;MUNICIPALIDAD DISTRITAL DE MEGANTONI;UF0010814;Botadero ubicado en la Comunidad Nativa de Megantoni;18;724321.0;8702995.0;117.338163;1095.642076;0.109564;Municipalidad distrital de Megantoni;0.35;No;No;No;No;No;No;No;No;No;No;Recuperación;2018;RCD N°026 -2018-OEFA/CD;;
37233;864;80914;Cusco;La Convención;Megantoni;20601625017;MUNICIPALIDAD DISTRITAL DE MEGANTONI;UF0035330;Área Degradada por residuos sólidos de la CCNN Camisea;18;723684.0;8703044.0;100;600;0.06;Municipalidad distrital de Megantoni;0.8;Si;No;No;No;No;No;No;No;No;No;Recuperación;2022;Resolución N.° 00067-2022-OEFA/DSIS;;
37234;865;80914;Cusco;La Convención;Megantoni;20601625017;MUNICIPALIDAD DISTRITAL DE MEGANTONI;UF0037536;Botadero de la comunidad Nativa de Camisea cercano a la Comisaria;18;724309.0;8702149.0;163;1500;0.15;Municipalidad distrital de Megantoni;0;No;No;No;No;No;No;No;No;No;No;Recuperación;2023;Resolución N.° 00102-2023-OEFA/DSIS;;
37235;866;80914;Cusco;La Convención;Megantoni;20601625017;MUNICIPALIDAD DISTRITAL DE MEGANTONI;UF0037537;Botadero de la comunidad Nativa de Shivankoreni;18;724538.0;8704386.0;173;1100;0.11;Municipalidad distrital de Megantoni;0.5;No;No;Si;No;No;No;No;No;No;No;Recuperación;2023;Resolución N.° 00102-2023-OEFA/DSIS;;
37236;867;80914;Cusco;La Convención;Megantoni;20601625017;MUNICIPALIDAD DISTRITAL DE MEGANTONI;UF0037538;Área degradada por residuos sólidos Las Palmeras;18;716662.0;8733424.0;120;900;0.09;Municipalidad distrital de Megantoni;0.03;No;No;No;No;No;No;No;No;No;No;Recuperación;2023;Resolución N.° 00102-2023-OEFA/DSIS;;
37237;868;80914;Cusco;La Convención;Megantoni;20601625017;MUNICIPALIDAD DISTRITAL DE MEGANTONI;UF0037539;Área degradada por residuos sólidos de CCNN Nueva Vida;18;707490.0;8727686.0;209;1700;0.17;Municipalidad distrital de Megantoni;0.03;No;No;No;No;No;No;No;No;No;No;Recuperación;2023;Resolución N.° 00102-2023-OEFA/DSIS;;
37238;869;80914;Cusco;La Convención;Megantoni;20601625017;MUNICIPALIDAD DISTRITAL DE MEGANTONI;UF0039504;Área degradada por Residuos Sólidos de la Comunidad Nativa de Cashiriari;18;738028.64;8692435.25;45;118;0.118;Municipalidad distrital de Megantoni;0.033;No;No;No;No;No;No;No;No;No;No;Recuperación;2025;Resolución N° 00008-2025-OEFA/DSIS;;
37239;870;80905;Cusco;La Convención;Ocobamba;20277520126;MUNICIPALIDAD DISTRITAL DE OCOBAMBA;UF0009348;Botadero Antibamba;18;778708.0;8580050.0;104.475096;723.67739;0.072368;Municipalidad distrital de Ocobamba;2;No;No;No;Si;No;No;No;No;No;No;Recuperación;2018;RCD N°026 -2018-OEFA/CD;;
37240;871;80905;Cusco;La Convención;Ocobamba;20277520126;MUNICIPALIDAD DISTRITAL DE OCOBAMBA;UF0010343;Botadero S/N;18;776955.0;8574420.0;154.544482;1353.926598;0.135393;Municipalidad distrital de Ocobamba;0.8;No;No;No;No;No;No;No;No;No;No;Recuperación;2018;RCD N°026 -2018-OEFA/CD;;
37241;872;80910;Cusco;La Convención;Pichari;20317337150;MUNICIPALIDAD DISTRITAL DE PICHARI;UF0009542;Botadero Controlado en el Sector San Martín de Otari;18;624784.0;8621060.0;427.831002;8813.036568;0.881304;Municipalidad distrital de Pichari;13.32;Si;No;Si;Si;Si;No;No;No;No;No;Recuperación;2018;RCD N°026 -2018-OEFA/CD;;R.G.R.N.G.A. N° 001-2022-GRNGA-MPLC
37242;873;80906;Cusco;La Convención;Quellouno;20170327129;MUNICIPALIDAD DISTRITAL DE QUELLOUNO;UF0009887;Botadero Molemotello;18;762817.0;8600364.0;300;5000;0.5;Municipalidad distrital de Quellouno;0;No;Si;No;Si;No;No;No;No;No;No;Recuperación;2018;RCD N°026 -2018-OEFA/CD;;
37243;874;80906;Cusco;La Convención;Quellouno;20170327129;MUNICIPALIDAD DISTRITAL DE QUELLOUNO;UF0017080;Botadero Tunasmoco;18;764414.0;8600527.0;912;46100;4.61;Municipalida distrital de Quellouno;3;No;No;No;No;No;No;No;No;No;No;Reconversión;2021;RESOLUCION N° 00005-2021-OEFA;;R.G.R.N.G.A. N° 002-2023-GRNGA-MPLC
37244;875;80901;Cusco;La Convención;Santa Ana;20187459258;MUNICIPALIDAD PROVINCIAL LA CONVENCIÓN;UF0010767;Botadero Tiobamba;18;750788.0;8580916.0;1300;100000;10;Municipalidad provincial de La Convención, Municipalidad distrital de Maranura;45;Si;No;No;Si;No;No;No;No;No;No;Recuperación;2018;RCD N°026 -2018-OEFA/CD;;
37245;876;80908;Cusco;La Convención;Santa Teresa;20159340008;MUNICIPALIDAD DISTRITAL DE SANTA TERESA;UF0009649;Botadero de Sebadillayoc;18;758277.0;8551490.0;483;6321.5;0.63215;Municipalidad distrital de Santa Teresa;1.41;No;No;No;No;No;No;No;No;Si;No;Recuperación;2018;RCD N°026 -2018-OEFA/CD;Resolución N.° 00103-2024-OEFA/DSIS;
37246;877;80909;Cusco;La Convención;Vilcabamba;20170327391;MUNICIPALIDAD DISTRITAL DE VILCABAMBA;UF0010451;Botadero San Martín;18;701080.0;8585899.0;177.298143;1839.182708;0.183918;Consejo Menor de San Martín;No Precisa;No;No;No;No;No;No;No;No;No;No;Recuperación;2018;RCD N°026 -2018-OEFA/CD;;
37247;878;80909;Cusco;La Convención;Vilcabamba;20170327391;MUNICIPALIDAD DISTRITAL DE VILCABAMBA;UF0010613;Botadero Sector Lamaypampa;18;721808.0;8545841.0;238.251217;3127.141711;0.312714;Municipalidad distrital de Vilcabamba;No Precisa;No;No;No;No;No;No;No;No;No;No;Recuperación;2018;RCD N°026 -2018-OEFA/CD;;
37248;879;80913;Cusco;La Convención;Villa Kintiarina;20601012937;MUNICIPALIDAD DISTRITAL DE VILLA KINTIARINA;UF0037597;Botadero Sector Villa Sol;18;661237.0;8572286.0;281;5000;0.5;Municipalidad distrital de Villa Kintiarina;0.5;No;No;No;No;No;No;No;No;No;No;Recuperación;2023;Resolución N.° 00112-2023-OEFA/DSIS;;
37249;880;80912;Cusco;La Convención;Villa Virgen;20600223071;MUNICIPALIDAD DISTRITAL DE VILLA VIRGEN;UF0037599;Botadero controlado Florida Alta;18;663882.0;8564060.0;200;2500;0.25;Municipalidad distrital de Villa Virgen;0.5;No;No;No;No;No;No;No;No;No;No;Reconversión;2023;Resolución N.° 00112-2023-OEFA/DSIS;;
37250;881;81002;Cusco;Paruro;Accha;20158906903;MUNICIPALIDAD DISTRITAL DE ACCHA;UF0009852;Botadero Machaqhuaypata;19;193294.0;8450921.0;100.582634;545.115224;0.054512;Municipalidad distrital de Accha;0.35;No;Si;No;Si;No;No;No;No;No;No;Recuperación;2018;RCD N°026 -2018-OEFA/CD;;
37251;882;81003;Cusco;Paruro;Ccapi;20158907039;MUNICIPALIDAD DISTRITAL DE CCAPI;UF0010500;Botadero Sector Capuliyoq;18;814420.0;8466720.0;192.721897;2508.447465;0.250845;Municipalidad distrital de Ccapi;0.45;No;No;No;No;No;No;No;No;No;No;Recuperación;2018;RCD N°026 -2018-OEFA/CD;;
37252;883;81005;Cusco;Paruro;Huanoquite;20159363121;MUNICIPALIDAD DISTRITAL DE HUANOQUITE;UF0009771;Botadero Incahui Pampa;18;822468.0;8487182.0;181.62739;2026.638056;0.202664;Municipalidad distrital de Huanoquite;0.5;No;No;No;No;No;No;No;No;No;No;Recuperación;2018;RCD N°026 -2018-OEFA/CD;;
37253;884;81006;Cusco;Paruro;Omacha;20159308619;MUNICIPALIDAD DISTRITAL DE OMACHA;UF0009344;Botadero Antallaje Jatta;19;202799.0;8442039.0;58.708708;223.840916;0.022384;Municipalidad distrital de Omacha;0.35;No;No;No;No;No;No;No;No;No;No;Recuperación;2018;RCD N°026 -2018-OEFA/CD;;
37254;885;81007;Cusco;Paruro;Paccaritambo;20195435791;MUNICIPALIDAD DISTRITAL DE PACCARITAMBO;UF0009310;Botadero Acuira;19;180430.0;8476611.0;82.363829;442.9128;0.044291;Municipalidad distrital de Paccaritambo;0.05;No;No;No;Si;No;No;No;No;No;No;Recuperación;2018;RCD N°026 -2018-OEFA/CD;;
37255;886;81001;Cusco;Paruro;Paruro;20159308708;MUNICIPALIDAD PROVINCIAL DE PARURO;UF0009635;Botadero de Pumapampa;19;192801.0;8475212.0;733.44;14500;1.45;Municipalidad provincial de Paruro;0;No;No;No;No;No;No;No;No;No;No;Recuperación;2018;RCD N°026 -2018-OEFA/CD;Resolución N.° 0017-2025-OEFA/DSIS;
37256;887;81001;Cusco;Paruro;Paruro;20159308708;MUNICIPALIDAD PROVINCIAL DE PARURO;UF0017085;Botadero Maqtapujio;19;194369.0;8475939.0;392.836677;6085.501408;0.60855;Municipalidad provincial de Paruro;1.88;No;No;No;No;No;No;No;No;No;No;Recuperación;2021;RESOLUCION N° 00005-2021-OEFA;;
37257;888;81008;Cusco;Paruro;Pillpinto;20216274530;MUNICIPALIDAD DISTRITAL DE PILLPINTO;UF0009605;Botadero de Huancapata;19;201297.0;8454882.0;62.696808;238.091301;0.023809;Municipalidad distrital de Pillpinto;0.76;No;No;No;No;No;No;No;No;No;No;Recuperación;2018;RCD N°026 -2018-OEFA/CD;;
37258;889;81009;Cusco;Paruro;Yaurisque;20170329415;MUNICIPALIDAD DISTRITAL DE YAURISQUE;UF0009566;Botadero Cusibamba;19;181761.0;8485877.0;105.923565;664.274105;0.066427;Municipalidad distrital de Yaurisque;0.6;No;No;No;No;No;No;No;No;No;No;Recuperación;2018;RCD N°026 -2018-OEFA/CD;;
37259;890;81102;Cusco;Paucartambo;Caicay;20209184461;MUNICIPALIDAD DISTRITAL DE CAYCAY;UF0010854;Botadero Wacaayu-Wachana;19;207598.0;8496125.0;139.187354;907.997974;0.0908;Municipalidad distrital de Caicay;1.2;No;No;Si;Si;No;No;No;No;No;No;Recuperación;2018;RCD N°026 -2018-OEFA/CD;;
37260;891;81103;Cusco;Paucartambo;Challabamba;20168076640;MUNICIPALIDAD DISTRITAL DE CHALLABAMBA;UF0009449;Botadero Ccollota;19;210599.0;8541218.0;394;8752;0.87;Municipalidad distrital de Challabamba;8;No;No;No;No;No;No;No;No;No;No;Recuperación;2018;RCD N°026 -2018-OEFA/CD;Resolución N.° 00136-2024-OEFA/DSIS;
37261;892;81104;Cusco;Paucartambo;Colquepata;20226560824;MUNICIPALIDAD DISTRITAL DE CCATCCA;UF0010101;Botadero de Altoserranuyoc;19;226010.0;8496301.0;1122.6;81400;8.135;Municipalidad distrital de Ccatca;0;No;No;No;No;No;No;No;No;No;No;Recuperación;2018;RCD N°026 -2018-OEFA/CD;;R.A. N° 151-2020-MPQ/U
37262;893;81104;Cusco;Paucartambo;Colquepata;20217203997;MUNICIPALIDAD DISTRITAL COLQUEPATA PAUCA;UF0009792;Botadero Juchuipata;19;209039.0;8522444.0;320.547646;6246.079817;0.624608;Municipalidad distrital de Colquepata;0.32;Si;No;Si;No;Si;No;No;No;No;No;Recuperación;2018;RCD N°026 -2018-OEFA/CD;;
37263;894;81105;Cusco;Paucartambo;Huancarani;20222954623;MUNICIPALIDAD DISTRITAL HUANCARANI;UF0009835;Botadero Limpoccocha-Queuñacancha;19;212668.0;8508936.0;149.739819;1184.638607;0.118464;Municipalidad distrital de Huancarani;1.5;Si;No;No;No;No;No;No;No;No;No;Recuperación;2018;RCD N°026 -2018-OEFA/CD;;
37264;895;81106;Cusco;Paucartambo;Kosñipata;20159309933;MUNICIPALIDAD DISTRITAL DE KOSÑIPATA;UF0010846;Botadero Villa de María;19;239529.0;8570097.0;453.348797;9208.402844;0.92084;Municipalidad distrital de Kosñipata;1.2;No;No;No;No;Si;No;No;No;Si;No;Recuperación;2018;RCD N°026 -2018-OEFA/CD;;
37265;896;81106;Cusco;Paucartambo;Kosñipata;20159309933;MUNICIPALIDAD DISTRITAL DE KOSÑIPATA;UF0016703;Botadero Aguas Santas;19;238621.0;8567524.0;62.419773;220.750183;0.022075;Municipalidad distrital de Kosñipata;3;No;No;No;No;No;No;No;No;Si;No;Recuperación;2021;RESOLUCION N° 00005-2021-OEFA;;
37266;897;81106;Cusco;Paucartambo;Kosñipata;20159309933;MUNICIPALIDAD DISTRITAL DE KOSÑIPATA;UF0018173;Botadero Primavera;19;234431.0;8567674.0;320;6400;0.64;Municipalidad distrital de Kosñipata;0;No;No;No;No;No;No;No;No;Si;No;Recuperación;2022;Resolución N.° 00018-2022-OEFA/DSIS;;
37267;898;81101;Cusco;Paucartambo;Paucartambo;20200557159;MUNICIPALIDAD PROVINCIAL DE PAUCARTAMBO;UF0009842;Botadero Lluscapata;19;218369.0;8531072.0;297.086493;4457.769922;0.445777;Municipalidad provincial de Paucartambo;3;Si;No;No;No;No;No;No;No;No;No;Recuperación;2018;RCD N°026 -2018-OEFA/CD;;
37268;899;81101;Cusco;Paucartambo;Paucartambo;20200557159;MUNICIPALIDAD PROVINCIAL DE PAUCARTAMBO;UF0013853;Botadero Manzanares;19;219181.0;8531761.0;200.333097;2445.334154;0.244533;Municipalidad provincial de Paucartambo;3;Si;No;No;No;No;No;No;No;No;No;Recuperación;2021;RESOLUCION N° 00003-2021-OEFA/DSIS;;
37269;900;81202;Cusco;Quispicanchi;Andahuaylillas;20202187201;MUNICIPALIDAD DISTRITAL DE ANDAHUAYLILLAS;UF0009513;Botadero Chippta;19;208508.0;8486737.0;401;7700;0.77;Municipalidad distrital de Andahuaylillas;2.5;No;No;No;No;No;No;No;No;No;No;Recuperación;2018;RCD N°026 -2018-OEFA/CD;Resolución N.° 00016-2025-OEFA/DSIS;
37270;901;81203;Cusco;Quispicanchi;Camanti;20170326076;MUNICIPALIDAD DISTRITAL DE CAMANTI;UF0009351;Botadero Arazá;19;310104.0;8536211.0;195.351389;1414.657373;0.141466;Municipalidad distrital de Camanti;1;No;No;No;No;No;No;No;No;No;No;Recuperación;2018;RCD N°026 -2018-OEFA/CD;;
37271;902;81203;Cusco;Quispicanchi;Camanti;20170326076;MUNICIPALIDAD DISTRITAL DE CAMANTI;UF0018188;Botadero Palcamayo;19;317463.0;8539746.0;603.56;20077.8;2;Municipalidad distrital de Camanti;4.12;No;No;No;Si;No;No;No;No;No;No;Reconversión;2022;Resolución N.° 00018-2022-OEFA/DSIS;;
37272;903;81204;Cusco;Quispicanchi;Ccarhuayo;20221781211;MUNICIPALIDAD DISTRITAL DE CCARHUAYO;UF0010065;Botadero Paccollo;19;244328.0;8491145.0;227.024399;2834.98843;0.283499;Municipalidad distrital de Ccarhuayo;1;No;No;No;No;Si;No;No;No;No;No;Recuperación;2018;RCD N°026 -2018-OEFA/CD;;
37273;904;81205;Cusco;Quispicanchi;Ccatcca;20226560824;MUNICIPALIDAD DISTRITAL DE CCATCCA;UF0018202;Botadero Andayaque ;19;238461.0;8497127.0;820;30382;3.94;Municipalidad distrital de Ccatcca;4;No;No;No;No;No;No;No;No;No;No;Recuperación;2022;Resolución N.° 00018-2022-OEFA/DSIS;Resolución N.° 00022-2025-OEFA/DSIS;
37274;905;81206;Cusco;Quispicanchi;Cusipata;20195485209;MUNICIPALIDAD DISTRITAL DE CUSIPATA;UF0009450;Botadero Ccollpapata;19;228977.0;8462204.0;155.781762;1400.992008;0.140099;Municipalidad distrital de Cusipata;1;No;No;No;No;No;No;No;No;No;No;Recuperación;2018;RCD N°026 -2018-OEFA/CD;;
37275;906;81206;Cusco;Quispicanchi;Cusipata;20195485209;MUNICIPALIDAD DISTRITAL DE CUSIPATA;UF0018165;Botadero Cuncacancha;19;229831.576;8459240.729;124.76;800;0.08;Municipalidad distrital de Cusipata;3;Si;No;No;No;No;No;No;No;No;No;Recuperación;2022;Resolución N.° 00018-2022-OEFA/DSIS;;
37276;907;81207;Cusco;Quispicanchi;Huaro;20147301333;MUNICIPALIDAD DISTRITAL DE HUARO;UF0009718;Botadero Haciendapata;19;214222.0;8485787.0;265;4207;0.42;Municipalidad distrital de Huaro;0.5;No;No;No;No;No;No;No;No;No;No;Recuperación;2018;RCD N°026 -2018-OEFA/CD;Resolución N.° 00147-2024-OEFA/DSIS;
37277;908;81208;Cusco;Quispicanchi;Lucre;20171798885;MUNICIPALIDAD DISTRITAL DE LUCRE;UF0010741;Botadero Sinwaran;19;203806.0;8488538.0;802;10000;1;Municipalidad distrital de Lucre;0.96;No;No;No;No;No;No;No;No;No;No;Reconversión;2018;RCD N°026 -2018-OEFA/CD;Resolución N.° 00147-2024-OEFA/DSIS;
37278;909;81208;Cusco;Quispicanchi;Lucre;20201000361;MUNICIPALIDAD DISTRITAL DE OROPESA;UF0010139;Botadero Pinagua;19;204791.0;8496484.0;591;22100;2.21;Municipalidad distrital de Oropesa;7;No;No;No;No;No;No;No;No;No;No;Recuperación;2018;RCD N°026 -2018-OEFA/CD;Resolución N.° 00016-2025-OEFA/DSIS;
37279;910;81209;Cusco;Quispicanchi;Marcapata;20214061474;MUNICIPALIDAD DISTRITAL DE MARCAPATA;UF0009437;Botadero Ccachubamba;19;286660.0;8497860.0;157.326514;1407.374858;0.140737;Municipalidad distrital de Marcapata;0.42;Si;Si;No;No;No;No;No;No;No;No;Recuperación;2018;RCD N°026 -2018-OEFA/CD;;
37280;911;81210;Cusco;Quispicanchi;Ocongate;20195499765;MUNICIPALIDAD DISTRITAL DE OCONGATE;UF0010145;Botadero Polvorín - Lequepata;19;238907.0;8490908.0;411.232451;10553.175669;1.055318;Municipalidad distrital de Ocongate;3.5;Si;No;No;No;Si;No;No;No;No;No;Reconversión;2018;RCD N°026 -2018-OEFA/CD;;
37281;912;81212;Cusco;Quispicanchi;Quiquijana;20159386415;MUNICIPALIDAD DISTRITAL DE QUIQUIJANA;UF0010229;Botadero Rakaypata;19;225630.0;8468611.0;428.108431;9015.798322;0.90158;Municipalidad distrital de Quiquijana;0.8;No;No;No;No;No;No;No;No;No;No;Recuperación;2018;RCD N°026 -2018-OEFA/CD;;
37282;913;81212;Cusco;Quispicanchi;Quiquijana;20159386415;MUNICIPALIDAD DISTRITAL DE QUIQUIJANA;UF0015496;Botadero Cerro Curi;19;226025.0;8468339.0;49.175691;148.400024;0.01484;Municipalidad distrital de Quiquijana;0.1;No;No;No;No;No;No;No;No;No;No;Recuperación;2021;RESOLUCION N° 00003-2021-OEFA/DSIS;;
37283;914;81212;Cusco;Quispicanchi;Quiquijana;20159386415;MUNICIPALIDAD DISTRITAL DE QUIQUIJANA;UF0038318;Botadero Condenaduyoc;19;222074.96;8475179.77;67.8;239;0.0239;Comunidad Tio;No precisa;No;No;No;No;No;No;No;No;No;No;Recuperación;2024;Resolución N.° 00052-2024-OEFA/DSIS;;
37284;915;81201;Cusco;Quispicanchi;Urcos;20187172129;MUNICIPALIDAD PROVINCIAL DE QUISPICANCHI-URCOS;UF0009632;Botadero de Oxabamba;19;217389.0;8483369.0;287.99705;4014.145142;0.401415;Municipalidad provincial de Quispicanchis;10;Si;No;No;No;Si;No;No;No;No;No;Recuperación;2018;RCD N°026 -2018-OEFA/CD;;R.A. N° 192-2023-A-MPQ/U
37285;916;81201;Cusco;Quispicanchi;Urcos;20147301333;MUNICIPALIDAD DISTRITAL DE HUARO;UF0036722;Botadero Cerro Wiracochan - Sector Qochayoqpata;19;214342.28;8486668.98;1100;75000;7.5;Municipalidad distrital de Huaro;2.6;Si;No;No;No;No;No;No;No;No;No;Recuperación;2023;Resolución N.° 00066-2023-OEFA/DSIS;;
37286;917;81305;Cusco;Urubamba;Maras;20147567449;MUNICIPALIDAD PROVINCIAL DE URUBAMBA;UF0009615;Botadero de Jahuayccollay;18;813482.0;8525283.0;568.532317;13773.914256;1.377391;Municipalidad provincial de Urubamba, Municipalidad distrital de Maras, Municipalidad distrital de Chinchero, Municipalidad distrital de Ollantaytambo, Municipalidad distrital de Yucay, Municipalidad distrital de Machupicchu, Municipalidad distrital de Huayllabamba;34;No;No;No;No;Si;No;No;No;No;No;Recuperación;2018;RCD N°026 -2018-OEFA/CD;;R.G.M.A. N° 001-2024-GMA/MPU
37287;918;90201;Huancavelica;Acobamba;Acobamba;20191121954;MUNICIPALIDAD PROVINCIAL ACOBAMBA;UF0009890;Botadero Mollebamba;18;547082.0;8577761.0;584.958871;19160.374199;1.916037;Municipalidad provincial de Acobamba;6714;Si;No;No;Si;No;No;No;No;No;No;Reconversión;2018;RCD N°026 -2018-OEFA/CD;;
37288;919;90202;Huancavelica;Acobamba;Andabamba;20190174949;MUNICIPALIDAD DISTRITAL DE ANDABAMBA;UF0010871;Botadero Yaulipampa;18;542394.0;8596942.0;81.129915;353.331767;0.035333;Municipalidad distrital de Andabamba;0.05;No;No;No;No;No;No;No;No;No;No;Recuperación;2018;RCD N°026 -2018-OEFA/CD;;
37289;920;90203;Huancavelica;Acobamba;Anta;20191015925;MUNICIPALIDAD DISTRITAL DE ANTA;UF0009443;Botadero Ccatunpata;18;539383.0;8582769.0;48.004783;141.661687;0.014166;Municipalidad distrital de Anta;0.07;No;No;Si;No;No;No;No;No;No;No;Recuperación;2018;RCD N°026 -2018-OEFA/CD;;
37290;921;90204;Huancavelica;Acobamba;Caja;20202510427;MUNICIPALIDAD DISTRITAL DE CAJA;UF0038506;Botadero Acco;18;556080.542;8573742.49;518;13800;1.38;Municipalidad distrital de Caja;0.4;Si;No;No;Si;No;No;No;No;No;No;Recuperación;2024;Resolución N°00087 -2024-OEFA/DSIS;;
37291;922;90205;Huancavelica;Acobamba;Marcas;20202510427;MUNICIPALIDAD DISTRITAL DE CAJA;UF0010187;Botadero Quebrada Añaswacra;18;560776.0;8569190.0;188.806919;1640.609177;0.164061;Municipalidad distrital de Caja;0.6;No;No;No;No;No;No;No;No;No;No;Recuperación;2018;RCD N°026 -2018-OEFA/CD;;
37292;923;90205;Huancavelica;Acobamba;Marcas;20202510699;MUNICIPALIDAD DISTRITAL DE MARCAS;UF0010809;Botadero ubicado en el Sector denominado Allpaccocha;18;567069.0;8577182.0;115.372369;819.309137;0.081931;Municipalidad distrital de Marcas;0.4;No;No;No;No;No;No;No;No;No;No;Recuperación;2018;RCD N°026 -2018-OEFA/CD;;
37293;924;90206;Huancavelica;Acobamba;Paucara;20175954661;MUNICIPALIDAD DISTRITAL DE PAUCARA;UF0010599;Botadero Sector Huaytapampa;18;531010.0;8592986.0;343.459153;4692.161181;0.469216;Municipalidad distrital de Paucara;2.14;Si;No;No;No;No;No;No;No;No;No;Recuperación;2018;RCD N°026 -2018-OEFA/CD;;
37294;925;90207;Huancavelica;Acobamba;Pomacocha;20190174787;MUNICIPALIDAD DISTRITAL DE POMACOCHA;UF0010807;Botadero ubicado en el lugar denominado Sector Chorrillo Huaycco;18;550810.0;8576623.0;45.310472;131.01911;0.013102;Municipalidad distrital de Pomacocha;0.057;Si;Si;No;No;No;No;No;No;No;No;Recuperación;2018;RCD N°026 -2018-OEFA/CD;;
37295;926;90207;Huancavelica;Acobamba;Pomacocha;20190174787;MUNICIPALIDAD DISTRITAL DE POMACOCHA;UF0035331;Botadero Sector Secclla;18;549469.0;8576998.0;No precisa;20000;2;Municipalidad Distrital de Pomacocha;0.014;No;No;No;No;No;No;No;No;No;No;Recuperación;2022;Resolución N.° 00067-2022-OEFA/DSIS;;
37296;927;90202;Huancavelica;Acobamba;Rosario;20190174949;MUNICIPALIDAD DISTRITAL DE ANDABAMBA;UF0037032;Botadero Tantarcancha Huayco;18;542242.36;8596035.44;86.7;446;0.0446;Municipalidad distrital de Andabamba;0.142;No;No;No;No;No;No;No;No;No;No;Recuperación;2023;Resolución N.° 00098-2023-OEFA/DSIS;Resolución N.° 00008-2025-OEFA/DSIS;
37297;928;90208;Huancavelica;Acobamba;Rosario;20202510770;MUNICIPALIDAD DISTRITAL DE ROSARIO;UF0010806;Botadero ubicado en el lugar denominado Quinuatarpuna / Ccalapata;18;545405.0;8593596.0;50.326352;154.781632;0.015478;Municipalidad distrital de Rosario;0.04;No;No;Si;No;No;No;No;No;No;No;Recuperación;2018;RCD N°026 -2018-OEFA/CD;;
37298;929;90208;Huancavelica;Acobamba;Rosario;20202510770;MUNICIPALIDAD DISTRITAL DE ROSARIO;UF0034672;Botadero Huachaypampa - Llipllina;18;544176.29;8591914.66;420.56;7650.5;0.76505;Municipalidad distrital de Rosario;0.0639;No;No;No;No;No;No;No;No;No;No;Recuperación;2022;Resolución N.° 00054-2022-OEFA/DSIS;;
37299;930;90302;Huancavelica;Angaraes;Anchonga;20154442821;MUNICIPALIDAD DISTRITAL DE ANCHONGA;UF0009303;Botadero Acantilado en el Sector denominado Ccarahuayuna;18;533670.0;8572196.0;52.959229;140.868406;0.014087;Municipalidad distrital de Anchonga;0.042;No;No;No;No;No;No;No;No;No;No;Recuperación;2018;RCD N°026 -2018-OEFA/CD;;
37300;931;90302;Huancavelica;Angaraes;Anchonga;20154442821;MUNICIPALIDAD DISTRITAL DE ANCHONGA;UF0037600;Botadero Sector Palerca;18;533418.0;8573354.0;289;4400;0.44;Municipalidad distrital de Anchonga;0.014;Si;No;No;No;No;No;No;No;No;No;Recuperación;2023;Resolución N.° 00112-2023-OEFA/DSIS;;
37301;932;90303;Huancavelica;Angaraes;Callanmarca;20156695948;MUNICIPALIDAD DISTRITAL DE CALLANMARCA;UF0010700;Botadero Sector Santuchayocc;18;540065.0;8578020.0;120.179115;840.730326;0.084073;Municipalidad distrital de Callanmarca;0.071;Si;No;No;No;No;No;No;No;No;No;Recuperación;2018;RCD N°026 -2018-OEFA/CD;;
37302;933;90305;Huancavelica;Angaraes;Chincho;20154442660;MUNICIPALIDAD DISTRITAL DE CHINCHO;UF0009848;Botadero lugar denominado Jasiwaccta;18;568987.0;8565339.0;55.010077;195.419967;0.019542;Municipalidad distrital de Chincho;0.01;No;No;Si;No;No;No;No;No;No;No;Recuperación;2018;RCD N°026 -2018-OEFA/CD;;
37303;934;90306;Huancavelica;Angaraes;Congalla;20154442589;MUNICIPALIDAD DISTRITAL DE CONGALLA;UF0009546;Botadero Cornetapata;18;553748.0;8567883.0;58.176371;226.827272;0.022683;Municipalidad distrital de Congalla;0.002;No;No;No;No;No;No;No;No;No;No;Recuperación;2018;RCD N°026 -2018-OEFA/CD;;
37304;935;90306;Huancavelica;Angaraes;Congalla;20154442589;MUNICIPALIDAD DISTRITAL DE CONGALLA;UF0013586;Botadero Aleluya;18;554880.0;8565893.0;72.797169;356.688336;0.035669;Municipalidad distrital de Congalla;0.2;No;No;Si;No;No;No;No;No;No;No;Recuperación;2021;RESOLUCION N° 00003-2021-OEFA/DSIS;;
37305;936;90306;Huancavelica;Angaraes;Congalla;20154442589;MUNICIPALIDAD DISTRITAL DE CONGALLA;UF0036724;Botadero Cunyacc;18;550958.0;8568406.0;248;3400;0.34;Municipalidad distrital de Congalla;0.1;Si;No;No;No;No;No;No;No;No;No;Recuperación;2023;Resolución N.° 00066-2023-OEFA/DSIS;;
37306;937;90307;Huancavelica;Angaraes;Huanca-huanca;20154443470;MUNICIPALIDAD DISTRITAL DE HUANCA-HUANCA;UF0009302;Botadero Acantilado 2: Sector Denominado Ccinganlincca;18;542290.0;8570624.0;66.743557;287.861952;0.028786;Municipalidad distrital de Huanca Huanca;0.071;No;No;No;No;No;No;No;No;No;No;Recuperación;2018;RCD N°026 -2018-OEFA/CD;;
37307;938;90307;Huancavelica;Angaraes;Huanca-huanca;20154443470;MUNICIPALIDAD DISTRITAL DE HUANCA-HUANCA;UF0009301;Botadero Acantilado 1: Sector denominado Accomaccmana;18;542554.0;8571907.0;24.463787;36.834414;0.003683;Municipalidad distrital de Huanca Huanca;0.07;No;No;No;No;No;No;No;No;No;No;Recuperación;2018;RCD N°026 -2018-OEFA/CD;;
37308;939;90307;Huancavelica;Angaraes;Huanca-huanca;20154443470;MUNICIPALIDAD DISTRITAL DE HUANCA-HUANCA;UF0036725;Botadero Carhuaccpampa;18;539174.0;8571660.0;167;5000;0.5;Municipalidad distrital de Huanca Huanca;0.143;No;No;Si;No;No;No;No;No;No;No;Recuperación;2023;Resolución N.° 00066-2023-OEFA/DSIS;;
37309;940;90308;Huancavelica;Angaraes;Huayllay Grande;20154443046;MUNICIPALIDAD DISTRITAL DE HUAYLLAY GRANDE;UF0009304;Botadero Acantilado en el Sector denominado San Pedro ;18;534983.0;8571391.0;117.509757;661.294229;0.066129;Municipalidad distrital de Huayllay Grande;0.085;No;No;No;No;No;No;No;No;No;No;Recuperación;2018;RCD N°026 -2018-OEFA/CD;;
37310;941;90309;Huancavelica;Angaraes;Julcamarca;20154443399;MUNICIPALIDAD DISTRITAL DE JULCAMARCA;UF0010049;Botadero Muyurina – San Cristóbal;18;559942.0;8561851.0;96.90881;604.301948;0.06043;Municipalidad distrital de Julcamarca;0.04;No;No;No;No;No;No;No;No;No;No;Recuperación;2018;RCD N°026 -2018-OEFA/CD;;
37311;942;90301;Huancavelica;Angaraes;Lircay;20154441779;MUNICIPALIDAD PROVINCIAL ANGARAES LIRCAY;UF0009318;Botadero Allccosayanan;18;531979.0;8566544.0;479.720318;12764.661347;1.276466;Municipalidad provincial de Angaraes;5;Si;No;No;No;No;No;No;No;No;No;Reconversión;2018;RCD N°026 -2018-OEFA/CD;;"R.G.M. N° 213-2022-MPAL/ALC/GM
R.G.M. N° 247-2023-MPAL/ALC/GM"
37312;943;90311;Huancavelica;Angaraes;Santo Tomas de Pata;20154442741;MUNICIPALIDAD DISTRITAL DE SAN ANTONIO DE ANTAPARCO;UF0009416;Botadero Carhuapampa – Mollecucho;18;563547.0;8551849.0;71.662879;314.773501;0.031477;Municipalidad distrital de San Antonio de Antaparco;0.02;No;No;No;No;No;No;No;No;No;No;Recuperación;2018;RCD N°026 -2018-OEFA/CD;;
37313;944;90311;Huancavelica;Angaraes;Santo Tomas de Pata;20191121288;MUNICIPALIDAD DISTRITAL DE SANTO TOMAS DE PATA;UF0010663;Botadero Sector Pichuspata;18;563419.0;8551239.0;55.814479;173.272668;0.017327;Municipalidad distrital de Santo Tomas de Pata, Municipalidad distrital de San Antonio de Antaparco;0.021;No;No;No;No;No;No;No;No;No;No;Recuperación;2018;RCD N°026 -2018-OEFA/CD;;
37314;945;90312;Huancavelica;Angaraes;Secclla;20154443127;MUNICIPALIDAD DISTRITAL DE SECCLLA;UF0009753;Botadero Huayao ;18;557469.0;8556531.0;238.905865;2621.566643;0.262157;Municipalidad distrital de Secclla;0.423;Si;No;No;Si;No;No;No;No;No;No;Recuperación;2018;RCD N°026 -2018-OEFA/CD;;
37315;946;90312;Huancavelica;Angaraes;Secclla;20154443127;MUNICIPALIDAD DISTRITAL DE SECCLLA;UF0037734;Botadero Tantarcancha Huayco 2;18;556477.44;8555179.0;492;15000;1.5;Municipalidad distrital de Secclla;0.085;Si;No;No;Si;No;No;No;No;No;No;Recuperación;2024;Resolución N° 003-2024-OEFA/DSIS;;
37316;947;90402;Huancavelica;Castrovirreyna;Arma;20207341241;MUNICIPALIDAD DISTRITAL DE ARMA;UF0010483;Botadero Sector Arapa;18;440235.0;8549875.0;268.490042;4579.756211;0.457976;Municipalidad distrital de Arma;0.143;No;No;No;No;No;No;No;No;No;No;Recuperación;2018;RCD N°026 -2018-OEFA/CD;;
37317;948;90402;Huancavelica;Castrovirreyna;Arma;20226683314;MUNICIPALIDAD DISTRITAL DE AURAHUA;UF0010513;Botadero Sector Cerro Paquisca;18;438104.0;8555746.0;171.319918;1824.374864;0.182437;Municipalidad distrital de Aurahua;0.03;No;No;No;No;No;No;No;No;No;No;Recuperación;2018;RCD N°026 -2018-OEFA/CD;;
37318;949;90401;Huancavelica;Castrovirreyna;Aurahua;20226683314;MUNICIPALIDAD DISTRITAL DE AURAHUA;UF0034673;Botadero Acco;18;438466.0;8559237.0;199;1761;0.17;Municipalidad Distrital de Aurahua;0.085;No;No;No;Si;No;No;No;No;No;No;Recuperación;2022;Resolución N.° 00054-2022-OEFA/DSIS;;
37319;950;90404;Huancavelica;Castrovirreyna;Capillas;20191164173;MUNICIPALIDAD DISTRITAL DE CAPILLAS;UF0010492;Botadero Sector Azafrán;18;439055.0;8529268.0;568.890346;18997.025958;1.899703;Municipalidad distrital de Capillas;0.071;No;No;No;No;No;No;No;No;No;No;Recuperación;2018;RCD N°026 -2018-OEFA/CD;;
37320;951;90401;Huancavelica;Castrovirreyna;Castrovirreyna;20146911979;MUNICIPALIDAD PROVINCIAL CASTROVIRREYNA;UF0010517;Botadero Sector Chalhuanca;18;465577.0;8530808.0;469.155337;14386.706287;1.438671;Municipalidad provincial de Castrovirreyna;0.667;Si;No;No;Si;No;No;No;No;No;No;Recuperación;2018;RCD N°026 -2018-OEFA/CD;;"R.A. N° 008-2024-A/MPC
R.A. N° 008-2024-A/MPC"
37321;952;90405;Huancavelica;Castrovirreyna;Chupamarca;20198524078;MUNICIPALIDAD DISTRITAL DE CHUPAMARCA;UF0010480;Botadero sector Anta;18;434273.0;8558650.0;106;350;0.035;Municipalidad distrital de Chupamarca;0.002;No;No;Si;No;No;No;No;No;No;No;Recuperación;2018;RCD N°026 -2018-OEFA/CD;Resolución N.° 0017-2025-OEFA/DSIS;
37322;953;90405;Huancavelica;Castrovirreyna;Chupamarca;20198524078;MUNICIPALIDAD DISTRITAL DE CHUPAMARCA;UF0009837;Botadero Llactahuaycco;18;433686.0;8558754.0;107.961218;788.666759;0.078867;Municipalidad distrital de Chupamarca;0.002;No;No;No;No;No;No;No;No;No;No;Recuperación;2018;RCD N°026 -2018-OEFA/CD;;
37323;954;90405;Huancavelica;Castrovirreyna;Chupamarca;20198524078;MUNICIPALIDAD DISTRITAL DE CHUPAMARCA;UF0035332;Botadero Sector Monte Monte;18;433180.0;8558632.0;10;180;0.018;Municipalidad Distrital de Chupamarca;0.01285;No;No;Si;No;No;No;No;No;No;No;Recuperación;2022;Resolución N.° 00067-2022-OEFA/DSIS;;
37324;955;90406;Huancavelica;Castrovirreyna;Cocas;20202944699;MUNICIPALIDAD DISTRITAL DE COCAS;UF0009721;Botadero Hatun Occo;18;460796.0;8534609.0;294.848201;5153.515115;0.515352;Municipalidad distrital de Cocas;0.029;No;No;No;No;No;No;No;No;No;No;Recuperación;2018;RCD N°026 -2018-OEFA/CD;;
37325;956;90406;Huancavelica;Castrovirreyna;Cocas;20202944699;MUNICIPALIDAD DISTRITAL DE COCAS;UF0010487;Botadero Sector Auyunco;18;459478.0;8532871.0;185.189594;2019.111875;0.201911;Municipalidad distrital de Cocas;0.05;No;No;Si;No;No;No;No;No;No;No;Recuperación;2018;RCD N°026 -2018-OEFA/CD;;
37326;957;90407;Huancavelica;Castrovirreyna;Huachos;20207341089;MUNICIPALIDAD DISTRITAL DE HUACHOS;UF0009730;Botadero Huajintay - Condormarca;18;444312.0;8537847.0;140.380681;1155.780815;0.115578;Municipalidad distrital de Huachos;0.143;No;No;No;No;No;No;No;No;No;No;Reconversión;2018;RCD N°026 -2018-OEFA/CD;;R.G.M. N° 079-2020-MPC-GM-trc
37327;958;90408;Huancavelica;Castrovirreyna;Huamatambo;20203975270;MUNICIPALIDAD DISTRITAL DE HUAMATAMBO;UF0010690;Botadero Sector Rio Seco;18;426507.0;8552508.0;96.157012;491.648347;0.049165;Municipalidad distrital de Huamatambo;0.04;No;No;Si;No;No;No;No;No;No;No;Recuperación;2018;RCD N°026 -2018-OEFA/CD;;
37328;959;90409;Huancavelica;Castrovirreyna;Mollepampa;20202597875;MUNICIPALIDAD DISTRITAL DE MOLLEPAMPA;UF0013581;Botadero Sector Lucma;18;454805.0;8527882.0;142.387968;1277.956625;0.127796;Municipalidad distrital de Mollepampa;0.05;Si;No;No;No;No;No;No;No;No;No;Recuperación;2018;RCD N°026 -2018-OEFA/CD;;
37329;960;90409;Huancavelica;Castrovirreyna;Mollepampa;20202597875;MUNICIPALIDAD DISTRITAL DE MOLLEPAMPA;UF0010130;Botadero Paticucho;18;454951.0;8528073.0;240.385298;3452.389698;0.345239;Municipalidad distrital de Mollepampa;0.035;Si;No;No;No;No;No;No;No;No;No;Recuperación;2018;RCD N°026 -2018-OEFA/CD;;
37330;961;90410;Huancavelica;Castrovirreyna;San Juan;20207340431;MUNICIPALIDAD DISTRITAL DE SAN JUAN;UF0010583;Botadero Sector Guindasniyo;18;431317.0;8540150.0;50.934358;152.240826;0.015224;Municipalidad distrital de San Juan;0.035;No;No;Si;No;No;No;No;No;No;No;Recuperación;2018;RCD N°026 -2018-OEFA/CD;;
37331;962;90410;Huancavelica;Castrovirreyna;San Juan;20207340431;MUNICIPALIDAD DISTRITAL DE SAN JUAN;UF0040602;Botadero San Juan;18;431260.0;8539962.0;172;1824;0.1824;Municipalidad distrital de San Juan;0.05;No;No;No;No;No;No;No;No;No;No;Recuperación;2025;Resolución N.° 0017-2025-OEFA/DSIS;;
37332;963;90411;Huancavelica;Castrovirreyna;Santa Ana;20190351824;MUNICIPALIDAD DISTRITAL DE SANTA ANA;UF0009847;Botadero lugar denominado Accoccasa;18;483244.0;8555350.0;130.790864;1016.202238;0.10162;Municipalidad distrital de Santa Ana;0.01;No;No;No;No;No;No;No;No;No;No;Recuperación;2018;RCD N°026 -2018-OEFA/CD;;
37333;964;90412;Huancavelica;Castrovirreyna;Tantara;20203775696;MUNICIPALIDAD DISTRITAL DE TANTARA;UF0010507;Botadero Sector Ccanccaullo;18;428962.0;8552942.0;168.779936;1526.229657;0.152623;Municipalidad distrital de Tantara;0.02;No;No;Si;No;No;No;No;No;No;No;Recuperación;2018;RCD N°026 -2018-OEFA/CD;;
37334;965;90413;Huancavelica;Castrovirreyna;Ticrapo;20191126751;MUNICIPALIDAD DISTRITAL DE TICRAPO;UF0010614;Botadero Sector Lanriapata;18;453885.0;8519105.0;354.279921;7069.293086;0.706929;Municipalidad distrital de Ticrapo;0.057;No;No;No;No;No;No;No;No;No;No;Recuperación;2018;RCD N°026 -2018-OEFA/CD;;
37335;966;90413;Huancavelica;Castrovirreyna;Ticrapo;20191126751;MUNICIPALIDAD DISTRITAL DE TICRAPO;UF0042162;Botadero Sector Ahuanacruz;18;454304.0;8518875.0;667;27200;2.72;Municipalidad distrital de Ticrapo;2.6;No;No;No;No;No;No;No;No;No;No;Reconversión;2025;Resolución N.° 00026-2025-OEFA/DSIS;;
37336;967;90502;Huancavelica;Churcampa;Anco;20199462661;MUNICIPALIDAD DISTRITAL DE ANCO;UF0010600;Botadero Sector Humaconca;18;542256.0;8599280.0;131.650476;1134.500485;0.11345;Municipalidad distrital de Anco;0.035;No;Si;Si;No;No;No;No;No;No;No;Recuperación;2018;RCD N°026 -2018-OEFA/CD;;
37337;968;90502;Huancavelica;Churcampa;Anco;20199462661;MUNICIPALIDAD DISTRITAL DE ANCO;UF0018179;Botadero Ocros Bajo;18;541380.0;8600194.0;100;20000;2;Municipalidad distrtital de Anco;1.8;No;Si;No;Si;No;No;No;No;No;No;Recuperación;2022;Resolución N.° 00018-2022-OEFA/DSIS;;
37338;969;90501;Huancavelica;Churcampa;Churcampa;20165762470;MUNICIPALIDAD PROVINCIAL CHURCAMPA;UF0009505;Botadero Chilcapucro;18;564909.0;8590501.0;292;4450;0.45;Municipalidad provincial de Churcampa;0.28;No;No;No;No;No;No;No;No;No;No;Recuperación;2018;RCD N°026 -2018-OEFA/CD;;
37339;970;90511;Huancavelica;Churcampa;Cosme;20541376136;MUNICIPALIDAD DISTRITAL DE COSME;UF0009769;Botadero Ichupata;18;539469.0;8610664.0;149.916684;1157.094562;0.115709;Municipalidad distrital de Cosme;0.057;No;No;Si;No;No;No;No;No;No;No;Recuperación;2018;RCD N°026 -2018-OEFA/CD;;
37340;971;90504;Huancavelica;Churcampa;El Carmen;20222402183;MUNICIPALIDAD DISTRITAL DE EL CARMEN;UF0010593;Botadero Sector Huaranccapata;18;551702.0;8590330.0;77.464775;388.098013;0.03881;Municipalidad distrital de El Cármen;0.045;No;No;No;No;No;No;No;No;No;No;Recuperación;2018;RCD N°026 -2018-OEFA/CD;;
37341;972;90504;Huancavelica;Churcampa;El Carmen;20222402183;MUNICIPALIDAD DISTRITAL DE EL CARMEN;UF0037540;Botadero Chamanapata;18;552619.0;8590158.0;51;160;0.016;Municipalidad distrital de El Carmen;0.028;Si;No;No;No;No;No;No;No;No;No;Recuperación;2023;Resolución N.° 00102-2023-OEFA/DSIS;;
37342;973;90505;Huancavelica;Churcampa;La Merced;20228547639;MUNICIPALIDAD DISTRITAL DE LA MERCED;UF0010701;Botadero Sector Sayarillo;18;568981.0;8585768.0;128.822535;955.391329;0.095539;Municipalidad distrital de La Merced;0.05;No;No;No;Si;No;No;No;No;No;No;Recuperación;2018;RCD N°026 -2018-OEFA/CD;;
37343;974;90506;Huancavelica;Churcampa;Locroja;20222405794;MUNICIPALIDAD DISTRITAL DE LOCROJA;UF0010521;Botadero Sector Chicabamba;18;561264.0;8589907.0;119.413531;871.660617;0.087166;Municipalidad distrital de Locroja;0.045;No;No;Si;Si;No;No;No;No;No;No;Recuperación;2018;RCD N°026 -2018-OEFA/CD;;
37344;975;90510;Huancavelica;Churcampa;Pachamarca;20199466063;MUNICIPALIDAD DISTRITAL DE PACHAMARCA;UF0009376;Botadero Barrio Texas;18;551361.0;8617853.0;199.884145;2035.095121;0.20351;Municipalidad distrital de Pachamarca;0.021;No;No;No;No;No;No;No;No;No;No;Recuperación;2018;RCD N°026 -2018-OEFA/CD;;
37345;976;90507;Huancavelica;Churcampa;Paucarbamba;20191125275;MUNICIPALIDAD DISTRITAL DE PAUCARBAMBA;UF0010056;Botadero Ñuñuurqo;18;552454.0;8611700.0;348;5817;0.58;Municipalidad distrital de Paucarbamba;3;No;No;No;No;No;No;No;No;No;No;Recuperación;2018;RCD N°026 -2018-OEFA/CD;;
37346;977;90507;Huancavelica;Churcampa;Paucarbamba;20287884011;MUNICIPALIDAD DISTRITAL DE CHINCHIHUASI;UF0009862;Botadero Mamachapampa;18;550581.0;8616912.0;307.188787;6551.88486;0.655188;Municipalidad distrital de Chinchihuasi;0.15;Si;No;Si;No;No;No;No;No;No;No;Recuperación;2018;RCD N°026 -2018-OEFA/CD;;
37347;978;90508;Huancavelica;Churcampa;San Miguel de Mayocc;20206342430;MUNICIPALIDAD DISTRITAL DE SAN MIGUEL DE MAYOCC;UF0010380;Botadero Yanarumi;18;566489.0;8586059.0;344;6400;0.64;Municipalidad distrital de San Miguel de Mayocc;0.4;No;No;No;No;No;No;No;No;No;No;Recuperación;2018;RCD N°026 -2018-OEFA/CD;Resolución N.° 00002-2025-OEFA/DSIS;
37348;979;90509;Huancavelica;Churcampa;San Pedro de Coris;20199460375;MUNICIPALIDAD DIST DE SAN PEDRO DE CORIS;UF0010758;Botadero Tantarhuayco;18;562539.0;8608073.0;143.926737;1209.539088;0.120954;Municipalidad distrital de San Pedro de Coris;0.857;No;No;Si;No;No;No;No;No;No;No;Recuperación;2018;RCD N°026 -2018-OEFA/CD;;
37349;980;90102;Huancavelica;Huancavelica;Acobambilla;20154442155;MUNICIPALIDAD DISTRITAL DE ACOBAMBILLA;UF0010597;Botadero Sector Huayllapampa;18;465073.0;8600333.0;45.884541;133.884098;0.013388;Municipalidad distrital de Acobambilla;0.06;No;No;No;No;No;No;No;No;No;No;Recuperación;2018;RCD N°026 -2018-OEFA/CD;;
37350;981;90102;Huancavelica;Huancavelica;Acobambilla;20154442155;MUNICIPALIDAD DISTRITAL DE ACOBAMBILLA;UF0018180;Botadero del distrito de Acobambilla;18;470856.0;8603300.0;93.3;543;0.05;Municipalidad distrital de Acobambilla;0.17;No;No;No;No;No;No;No;No;No;No;Recuperación;2022;Resolución N.° 00018-2022-OEFA/DSIS;Resolución N.° 00136-2024-OEFA/DSIS;
37351;982;90103;Huancavelica;Huancavelica;Acoria;20176705061;MUNICIPALIDAD DISTRITAL DE ACORIA;UF0010721;Botadero Sector Urpay;18;516688.0;8601325.0;205.322008;2181.538821;0.218154;Municipalidad distrital de Acoria;1143;Si;No;No;No;No;No;No;No;No;No;Recuperación;2018;RCD N°026 -2018-OEFA/CD;;
37352;983;90118;Huancavelica;Huancavelica;Ascensión;20485962400;MUNICIPALIDAD DISTRITAL DE ASCENSIÓN;UF0010231;Botadero Ranracucho;18;500310.0;8589497.0;874.68;45000;4.5;Municipalidad distrital de Ascensión, Municipalidad provincial de Huancavelica;0;No;No;No;No;No;No;No;No;No;No;Recuperación;2018;RCD N°026 -2018-OEFA/CD;Resolución N.° 00002-2025-OEFA/DSIS;
37353;984;90104;Huancavelica;Huancavelica;Conayca;20154441850;MUNICIPALIDAD DISTRITAL DE CONAYCA;UF0010665;Botadero Sector Piscco Pucyo;18;498324.0;8614979.0;446.776437;13084.277992;1.308428;Municipalidad distrital de Conayca;0.05;Si;No;No;No;No;No;No;No;No;No;Recuperación;2018;RCD N°026 -2018-OEFA/CD;;
37354;985;90105;Huancavelica;Huancavelica;Cuenca;20198193454;MUNICIPALIDAD DISTRITAL DE CUENCA;UF0010537;Botadero Sector Corunya;18;495751.0;8625737.0;40.091071;98.077257;0.009808;Municipalidad distrital de Cuenca;0.01;No;Si;Si;No;No;No;No;No;No;No;Recuperación;2018;RCD N°026 -2018-OEFA/CD;;
37355;986;90105;Huancavelica;Huancavelica;Cuenca;20198193454;MUNICIPALIDAD DISTRITAL DE CUENCA;UF0035333;Botadero Sector Accotupe;18;495402.0;8626372.0;100;603;0.0603;Municipalidad Distrital de Cuenca;0.5;No;No;Si;No;No;No;No;No;No;No;Recuperación;2022;Resolución N.° 00067-2022-OEFA/DSIS;;
37356;987;90106;Huancavelica;Huancavelica;Huachocolpa;20190345182;MUNICIPALIDAD DISTRITAL DE HUACHOCOLPA;UF0010110;Botadero Paraje Pirata Comunidad Campesina de Huachocolpa;18;506285.0;8556833.0;145.808444;1325.549561;0.132555;Municipalidad distrital de Huachocolpa;0.17;No;No;No;No;No;No;No;No;No;No;Recuperación;2018;RCD N°026 -2018-OEFA/CD;;
37357;988;90101;Huancavelica;Huancavelica;Huancavelica;20171725144;MUNICIPALIDAD PROVINCIAL DE HUANCAVELICA;UF0009757;Botadero Huayllachay - Pampachacra;18;509465.0;8582608.0;1172.729931;89503.816059;8.950382;Municipalidad provincial de Huancavelica;35;Si;Si;Si;Si;Si;No;No;No;No;No;Recuperación;2018;RCD N°026 -2018-OEFA/CD;;
37358;989;90119;Huancavelica;Huancavelica;Huando;20208070917;MUNICIP DISTRITAL DE MARISCAL CACERES;UF0010588;Botadero Sector Hualhuas;18;506376.0;8614516.0;47.188359;103.396401;0.01034;Municipalidad distrital de Mariscal Cáceres;0.2;No;No;No;No;No;No;No;No;No;No;Recuperación;2018;RCD N°026 -2018-OEFA/CD;;
37359;990;90119;Huancavelica;Huancavelica;Huando;20208070917;MUNICIP DISTRITAL DE MARISCAL CACERES;UF0036041;Botadero ubicado en el barrio Huayhuas;18;506452.0;8614432.0;46.08;99.34;0.01;Municipalidad distrital de Mariscal Caceres;0.03;No;No;No;No;No;No;No;No;No;No;Recuperación;2023;Resolución N.° 00020-2023-OEFA/DSIS;;
37360;991;90107;Huancavelica;Huancavelica;Huayllahuara;20208070755;MUNICIPALIDAD DISTRITAL DE HUAYLLAHUARA;UF0010526;Botadero Sector Chocco Pampa;18;480751.0;8629113.0;125.580174;923.192767;0.092319;Municipalidad distrital de Huayllahuara;0.4;No;No;No;No;No;No;No;No;No;No;Recuperación;2018;RCD N°026 -2018-OEFA/CD;;
37361;992;90109;Huancavelica;Huancavelica;Laria;20191693249;MUNICIPALIDAD DISTRITAL DE LARIA;UF0010719;Botadero Sector Uchcupuro;18;495688.0;8611397.0;119.50852;663.688751;0.066369;Municipalidad distrital de Laria;0.09;No;No;No;No;No;No;No;No;No;No;Recuperación;2018;RCD N°026 -2018-OEFA/CD;;
37362;993;90109;Huancavelica;Huancavelica;Laria;20191693249;MUNICIPALIDAD DISTRITAL DE LARIA;UF0009352;Botadero Armahuaycco;18;495909.0;8610940.0;81.943795;361.80969;0.036181;Municipalidad distrital de Laria;0.09;No;Si;No;No;No;No;No;No;No;No;Recuperación;2018;RCD N°026 -2018-OEFA/CD;;
37363;994;90110;Huancavelica;Huancavelica;Manta;20154441931;MUNICIPALIDAD DISTRITAL DE MANTA;UF0010677;Botadero Sector Puccacocha;18;476928.0;8603484.0;97.606513;603.14269;0.060314;Municipalidad distrital de Manta;0.5;No;No;No;No;No;No;No;No;No;No;Recuperación;2018;RCD N°026 -2018-OEFA/CD;;
37364;995;90111;Huancavelica;Huancavelica;Mariscal Cáceres;20230401820;MUNICIPALIDAD DISTRITAL DE HUANDO;UF0010805;Botadero ubicado en el lugar denominado Pampaccocha;18;506647.0;8612689.0;211.196714;3070.414111;0.307041;Municipalidad distrital de Huando;1;No;No;No;No;No;No;No;No;No;No;Recuperación;2018;RCD N°026 -2018-OEFA/CD;;
37365;996;90112;Huancavelica;Huancavelica;Moya;20189996251;MUNICIPALIDAD DISTRITAL MOYA;UF0010835;Botadero Unchul;18;483869.0;8626901.0;64.504268;279.399873;0.02794;Municipalidad distrital de Moya;0.02;No;No;Si;No;No;No;No;No;No;No;Recuperación;2018;RCD N°026 -2018-OEFA/CD;;
37366;997;90113;Huancavelica;Huancavelica;Nuevo Occoro;20199190211;MUNICIPALIDAD DISTRITAL DE NUEVO OCCORO;UF0010799;Botadero ubicado en el Barrio Centro;18;498010.0;8607793.0;83.760566;522.169721;0.052217;Municipalidad distrital de Nuevo Occoro;0.1;No;No;No;No;No;No;No;No;No;No;Recuperación;2018;RCD N°026 -2018-OEFA/CD;;
37367;998;90113;Huancavelica;Huancavelica;Nuevo Occoro;20199190211;MUNICIPALIDAD DISTRITAL DE NUEVO OCCORO;UF0037850;Botadero del Sector Pampahuasi;18;498233.0;8607230.0;130;910;0.091;Municipalidad distrital de Nuevo Occoro;0.6;No;No;Si;No;No;No;No;No;No;No;Recuperación;2024;Resolución N° 00008-2024-OEFA/DSIS;;
37368;999;90114;Huancavelica;Huancavelica;Palca;20199463129;MUNICIPALIDAD DISTRITAL DE PALCA;UF0010586;Botadero Sector Horno Cucho;18;502525.0;8600730.0;107.371581;640.03714;0.064004;Municipalidad distrital de Palca;0.02;No;Si;Si;No;No;No;No;No;No;No;Recuperación;2018;RCD N°026 -2018-OEFA/CD;;
37369;1000;90115;Huancavelica;Huancavelica;Pilchaca;20154442074;MUNICIPALIDAD DISTRITAL DE PILCHACA;UF0009867;Botadero Marayniyocc;18;490177.0;8629241.0;209.180525;2622.61493;0.262261;Municipalidad distrital de Pilchaca;0.02;No;No;No;Si;No;No;No;No;No;No;Recuperación;2018;RCD N°026 -2018-OEFA/CD;;
37370;1001;90115;Huancavelica;Huancavelica;Pilchaca;20154442074;MUNICIPALIDAD DISTRITAL DE PILCHACA;UF0010774;Botadero Tomapata;18;489776.0;8628836.0;178.570722;1850.963947;0.185096;Municipalidad distrital de Pilchaca;0.214;Si;No;No;Si;No;No;No;No;No;No;Reconversión;2018;RCD N°026 -2018-OEFA/CD;;
37371;1002;90116;Huancavelica;Huancavelica;Vilca;20190345425;MUNICIPALIDAD DISTRITAL DE VILCA;UF0010112;Botadero Paraje Ranrapata;18;480286.0;8620965.0;76.684371;350.810462;0.035081;Municipalidad distrital de Vilca;0.05;No;No;No;No;No;No;No;No;No;No;Recuperación;2018;RCD N°026 -2018-OEFA/CD;;
37372;1003;90117;Huancavelica;Huancavelica;Yauli;20171725144;MUNICIPALIDAD PROVINCIAL DE HUANCAVELICA;UF0038294;Botadero Nueva Esperanza;18;518734.14;8582489.81;600;22500;2.25;Municipalidad provincial de Huancavelica, Municipalidad distrital de Ascensión;42;No;No;No;No;No;No;No;No;No;No;Recuperación;2024;Resolución N°00087 -2024-OEFA/DSIS;;
37373;1004;90602;Huancavelica;Huaytará;Ayavi;20192215553;MUNICIPALIDAD DISTRITAL DE AYAVI;UF0009360;Botadero Av. Los Libertadores – Cercado Aniso;18;461880.0;8485303.0;63.155968;276.591168;0.027659;Municipalidad distrital de Ayavi;0.04;No;Si;Si;No;No;No;No;No;No;No;Recuperación;2018;RCD N°026 -2018-OEFA/CD;;
37374;1005;90603;Huancavelica;Huaytará;Córdova;20208070674;MUNICIPALIDAD DISTRITAL DE CORDOVA;UF0010624;Botadero Sector Los Blancos;18;479921.0;8448017.0;79.489124;393.733325;0.039373;Municipalidad distrital de Cordova;0.03;No;Si;Si;No;No;No;No;No;No;No;Recuperación;2018;RCD N°026 -2018-OEFA/CD;;
37375;1006;90604;Huancavelica;Huaytará;Huayacundo Arma;20228547396;MUNICIPALIDAD DISTRITAL HUAYACUNDO ARMA;UF0010804;Botadero ubicado en el lugar denominado Aguasanta - Yaaccero;18;464945.0;8502247.0;136.199559;1182.440096;0.118244;Municipalidad distrital de Huayacundo Arma;0.02;No;No;Si;No;No;No;No;No;No;No;Recuperación;2018;RCD N°026 -2018-OEFA/CD;;
37376;1007;90604;Huancavelica;Huaytará;Huayacundo Arma;20162316495;MUNICIPALIDAD PROVINCIAL DE HUAYTARA;UF0040208;Botadero Municipal Acco;18;465035.39;8498017.8;206.73;2764.75;0.27;Municipalidad provincial de Huaytará;0.85;Si;No;No;No;No;No;No;No;No;No;Recuperación;2025;RESOLUCIÓN N° 00016-2025-OEFA/DSIS;;
37377;1008;90601;Huancavelica;Huaytará;Huaytará;20162316495;MUNICIPALIDAD PROVINCIAL DE HUAYTARA;UF0009411;Botadero Caracol;18;461751.0;8495200.0;109.390209;760.291069;0.076029;Municipalidad provincial de Huaytara;0.7;No;No;Si;Si;No;No;No;No;No;No;Recuperación;2018;RCD N°026 -2018-OEFA/CD;;
37378;1009;90605;Huancavelica;Huaytará;Laramarca;20287815710;MUNICIPALIDAD DISTRITAL LARAMARCA;UF0010686;Botadero Sector Quillco;18;495882.0;8458044.0;67.862998;288.117062;0.028812;Municipalidad distrital de Laramarca;0.03;No;Si;Si;No;No;No;No;No;No;No;Recuperación;2018;RCD N°026 -2018-OEFA/CD;;
37379;1010;90605;Huancavelica;Huaytará;Laramarca;20287815710;MUNICIPALIDAD DISTRITAL LARAMARCA;UF0009300;Botadero 1: Lugar Ubicado en el Sector Pucarumi;18;496223.0;8458292.0;60.14956;204.643694;0.020464;Municipalidad distrital de Laramarca;0.01;No;Si;Si;No;No;No;No;No;No;No;Recuperación;2018;RCD N°026 -2018-OEFA/CD;;
37380;1011;90606;Huancavelica;Huaytará;Ocoyo;20216221096;MUNICIPALIDAD DISTRITAL DE OCOYO;UF0009554;Botadero Cruz Pata;18;497636.0;8451136.0;170.073258;1418.212537;0.141821;Municipalidad distrital de Ocoyo;0.05;Si;No;No;No;No;No;No;No;No;No;Recuperación;2018;RCD N°026 -2018-OEFA/CD;;
37381;1012;90607;Huancavelica;Huaytará;Pilpichaca;20199460456;MUNICIPALIDAD DISTRITAL DE PILPICHACA;UF0010532;Botadero Sector Chupa Bado;18;500921.0;8526501.0;138.137148;1161.244041;0.116124;Municipalidad distrital de Pilpichaca;0.42;Si;No;No;Si;No;No;No;No;No;No;Recuperación;2018;RCD N°026 -2018-OEFA/CD;;
37382;1013;90608;Huancavelica;Huaytará;Querco;20218710957;MUNICIPALIDAD DISTRITAL DE QUERCO;UF0010439;Botadero Sallamocco;18;502423.0;8455162.0;68.503269;242.961601;0.024296;Municipalidad distrital de Querco;0.03;Si;No;No;No;No;No;No;No;No;No;Recuperación;2018;RCD N°026 -2018-OEFA/CD;;
37383;1014;90609;Huancavelica;Huaytará;Quito-arma;20212174255;MUNICIPALIDAD DISTRITAL DE QUITO ARMA;UF0010508;Botadero Sector Ccollccapampa;18;463370.0;8502376.0;104.149794;659.679816;0.065968;Municipalidad distrital de Quito Arma;0.03;No;No;No;No;No;No;No;No;No;No;Recuperación;2018;RCD N°026 -2018-OEFA/CD;;
37384;1015;90610;Huancavelica;Huaytará;San Antonio de Cusicancha;20204367354;MUNICIPALIDAD DISTRITAL DE SAN ANTONIO DE CUSICANCHA;UF0010661;Botadero Sector Pauccaro;18;467839.0;8506988.0;91.886099;511.322185;0.051132;Municipalidad distrital de San Antonio de Cusicancha;0.04;No;No;No;No;No;No;No;No;No;No;Recuperación;2018;RCD N°026 -2018-OEFA/CD;;
37385;1016;90611;Huancavelica;Huaytará;San Francisco de Sangayaico;20193992651;MUNICIPALIDAD DIST. SAN FCO. SANGAYAICO;UF0010657;Botadero Sector Pantacca;18;473712.0;8474263.0;83.900529;442.463303;0.044246;Municipalidad distrital de San Francisco de Sangayaico;0.05;No;No;No;No;No;No;No;No;No;No;Recuperación;2018;RCD N°026 -2018-OEFA/CD;;
37386;1017;90612;Huancavelica;Huaytará;San Isidro;20192383006;CONSEJO DISTRITAL DE SAN ISIDRO;UF0010370;Botadero S/N;18;474058.0;8457122.0;84.604295;396.321406;0.039632;Municipalidad distrital de San Isidro;0.02;No;No;No;No;No;No;No;No;No;No;Recuperación;2018;RCD N°026 -2018-OEFA/CD;;
37387;1018;90613;Huancavelica;Huaytará;Santiago de Chocorvos;20201148783;MUNICIPALIDAD DISTRITAL DE SANTIAGO DE CHOCORVOS;UF0009863;Botadero Manian;18;471177.0;8471889.0;146.281545;1110.660529;0.111066;Municipalidad distrital de Santiago de Chocorvos;0.03;No;No;No;No;No;No;No;No;No;No;Recuperación;2018;RCD N°026 -2018-OEFA/CD;;
37388;1019;90614;Huancavelica;Huaytará;Santiago de Quirahuara;20202618031;MUNICIPALIDAD DISTRITAL DE SANTIAGO DE QUIRAHUARA;UF0009840;Botadero Lloccepata;18;501564.0;8446078.0;139.885802;1192.73707;0.119274;Municipalidad distrital de Santiago de Quirahuara;0.035;No;No;No;No;No;No;No;No;No;No;Recuperación;2018;RCD N°026 -2018-OEFA/CD;;
37389;1020;90615;Huancavelica;Huaytará;Santo Domingo de Capillas;20223466444;MUNICIPALIDAD DISTRITAL SANTO DOMINGO DE CAPILLAS;UF0009752;Botadero Huayai - Anexo Huañacancha;18;478803.0;8482041.0;174.688461;1762.751982;0.176275;Municipalidad distrital de Santo Domingo de Capillas;0.06;No;No;No;No;No;No;No;No;No;No;Recuperación;2018;RCD N°026 -2018-OEFA/CD;;
37390;1021;90616;Huancavelica;Huaytará;Tambo;20192207453;MUNICIPALIDAD DISTRITAL DE TAMBO;UF0010400;Botadero S/N;18;470019.0;8486090.0;147.426077;1259.047556;0.125905;Municipalidad distrital de Tambo;0.03;No;No;No;No;No;No;No;No;No;No;Recuperación;2018;RCD N°026 -2018-OEFA/CD;;
37391;1022;90702;Huancavelica;Tayacaja;Acostambo;20287881691;MUNICIPALIDAD DISTRITAL DE ACOSTAMBO;UF0010730;Botadero Sector Yanarumi;18;490794.0;8632822.0;128.260338;863.898405;0.08639;Municipalidad distrital de Acostambo, Municipalidad distrital de Ñahuimpuquio;0.143;No;No;Si;No;No;No;No;No;No;No;Recuperación;2018;RCD N°026 -2018-OEFA/CD;;
37392;1023;90702;Huancavelica;Tayacaja;Acostambo;20199190050;MUNICIPALIDAD DISTRITAL DE IZCUCHACA;UF0010519;Botadero Sector Chamana;18;504405.0;8616693.0;292.203172;3176.007609;0.317601;Municipalidad distrital de Izcuchaca;0.5;No;Si;Si;Si;No;No;No;No;No;No;Recuperación;2018;RCD N°026 -2018-OEFA/CD;;
37393;1024;90720;Huancavelica;Tayacaja;Andaymarca;20600171390;MUNICIPALIDAD DISTRITAL DE ANDAYMARCA;UF0009662;Botadero de Umacunka;18;539187.0;8639317.0;186.951132;1786.639657;0.178664;Municipalidad distrital de Andaymarca;0.029;Si;No;Si;No;No;No;No;No;No;No;Recuperación;2018;RCD N°026 -2018-OEFA/CD;;
37394;1025;90720;Huancavelica;Tayacaja;Andaymarca;20600171390;MUNICIPALIDAD DISTRITAL DE ANDAYMARCA;UF0042156;Botadero Huayraccasa;18;539034.0;8638043.0;114;258;0.0258;Municipalidad distrital de Andaymarca;0.11;No;No;Si;No;No;No;No;No;No;No;Recuperación;2025;Resolución N.° 00026-2025-OEFA/DSIS;;
37395;1026;90725;Huancavelica;Tayacaja;Cochabamba;20608006282;MUNICIPALIDAD DISTRITAL DE COCHABAMBA;UF0036255;Botadero Songonaq;18;553319.0;8652757.0;64;240;0.024;Municipalidad distrital de Cochabamba;0.014;No;No;No;No;No;No;No;No;No;No;Recuperación;2023;Resolución N.° 00031-2023-OEFA/DSIS;;
37396;1027;90725;Huancavelica;Tayacaja;Cochabamba;20608006282;MUNICIPALIDAD DISTRITAL DE COCHABAMBA;UF0040603;Botadero Uchuyranra;18;553959.0;8653841.0;82;406;0.0406;Municipalidad distrital de Cochabamba;0.14;No;No;No;No;No;No;No;No;No;No;Recuperación;2025;Resolución N.° 0017-2025-OEFA/DSIS;;
37397;1028;90705;Huancavelica;Tayacaja;Colcabamba;20185726216;MUNICIPALIDAD DISTRITAL DE COLCABAMBA;UF0010515;Botadero Sector Chacas Alto;18;534572.0;8630376.0;428.72;4269.61;0.4269;Municipalidad distrital de Colcabamba;4;No;No;No;No;No;No;No;No;No;No;Recuperación;2018;RCD N°026 -2018-OEFA/CD;Resolución N.° 87-2024-OEFA/DSIS;
37398;1029;90706;Huancavelica;Tayacaja;Daniel Hernandez;20208070836;MUNICIPALIDAD DISTRITAL DE DANIEL HERNANDEZ;UF0038319;Botadero Corral y Leccles Pampa;18;519943.0;8631635.0;245;2587;0.2587;Municipalidad distrital de Daniel Hernandez;0.42;Si;No;No;No;No;No;No;No;No;No;Recuperación;2024;Resolución N.° 00052-2024-OEFA/DSIS;;
37399;1030;90707;Huancavelica;Tayacaja;Huachocolpa;20188457178;MUNICIPALIDAD DISTRITAL DE HUACHOCOLPA;UF0010631;Botadero Sector Mataccocha;18;547464.0;8667824.0;127.846285;1032.187746;0.103219;Municipalidad distrital de Huachocolpa;0.07;No;No;No;No;No;No;No;No;No;No;Recuperación;2018;RCD N°026 -2018-OEFA/CD;;
37400;1031;90709;Huancavelica;Tayacaja;Huaribamba;20199261925;MUNICIPALIDAD DISTRITAL DE HUARIBAMBA;UF0010531;Botadero Sector Chullincuy;18;508923.0;8643380.0;70.084064;321.405256;0.032141;Municipalidad distrital de Huaribamba;0.09;No;No;Si;No;No;No;No;No;No;No;Recuperación;2018;RCD N°026 -2018-OEFA/CD;;
37401;1032;90709;Huancavelica;Tayacaja;Huaribamba;20199261925;MUNICIPALIDAD DISTRITAL DE HUARIBAMBA;UF0009691;Botadero Melchorpampa;18;507440.0;8644780.0;707.498954;28952.86615;2.895287;Municipalidad distrital de Huaribamba;0.16;No;No;No;No;No;No;No;No;No;No;Recuperación;2018;RCD N°026 -2018-OEFA/CD;;
37402;1033;90701;Huancavelica;Tayacaja;Pampas;20190345344;MUNICIPALIDAD PROVINCIAL DE TAYACAJA;UF0009722;Botadero Hatunpampa;18;513706.0;8627425.0;545.495552;17747.202442;1.77472;Municipalidad provincial de Tayacaja, Municipalidad distrital de Ahuaycha, Municipalidad distrital de Acraquia, Municipalidad distrital de Daniel Hernández;11;Si;No;Si;No;No;No;No;No;No;No;Recuperación;2018;RCD N°026 -2018-OEFA/CD;;
37403;1034;90711;Huancavelica;Tayacaja;Pazos;20204457001;MUNICIPALIDAD DISTRITAL DE PAZOS;UF0010638;Botadero Sector Molinohuaycco;18;493556.0;8643616.0;130.261413;830.533539;0.083053;Municipalidad distrital de Pazos;0.11;No;No;No;No;No;No;No;No;No;No;Recuperación;2018;RCD N°026 -2018-OEFA/CD;;
37404;1035;90722;Huancavelica;Tayacaja;Pichos;20601081530;MUNICIPALIDAD DISTRITAL DE PICHOS;UF0010843;Botadero Vacacorral;18;505631.0;8647931.0;404.11;3184.58;0.32;Municipalidad distrital de Pichos;1.2;Si;Si;No;No;No;No;No;No;No;No;Recuperación;2018;RCD N°026 -2018-OEFA/CD;Resolución N.° 00136-2024-OEFA/DSIS;
37405;1036;90713;Huancavelica;Tayacaja;Quishuar;20287893869;MUNICIPALIDAD DE QUISHUAR;UF0009700;Botadero en el Sector Soroche;18;524021.0;8648512.0;96.727661;579.854453;0.057985;Municipalidad distrital de Quishuar;0.08;No;No;Si;No;No;No;No;No;No;No;Recuperación;2018;RCD N°026 -2018-OEFA/CD;;
37406;1037;90713;Huancavelica;Tayacaja;Quishuar;20287893869;MUNICIPALIDAD DE QUISHUAR;UF0038617;Botadero Uchcupata;18;524086.0;8647543.0;132;1124;0.11;Municipalidad distrital de Quishuar;0.14;Si;No;No;No;No;No;No;No;No;No;Recuperación;2024;RESOLUCIÓN N° 00103-2024-OEFA/DSIS;;
37407;1038;90714;Huancavelica;Tayacaja;Salcabamba;20170342519;MUNICIPALIDAD DISTRITAL DE SALCABAMBA;UF0010754;Botadero Tambillacasa;18;523024.0;8657240.0;79.1608;416.803892;0.04168;Municipalidad distrital de Salcabamba;0.014;No;No;No;No;No;No;No;No;No;No;Recuperación;2018;RCD N°026 -2018-OEFA/CD;;
37408;1039;90715;Huancavelica;Tayacaja;Salcahuasi;20231431781;MUNICIPALIDAD DISTRITAL DE SALCAHUASI;UF0010720;Botadero Sector Uchuyccaparina;18;525505.0;8660864.0;70.304235;318.254139;0.031825;Municipalidad distrital de Salcahuasi, Municipalidad distrital de San Marcos de Rocchac;0.04;No;No;No;No;No;No;No;No;No;No;Recuperación;2018;RCD N°026 -2018-OEFA/CD;Resolución N.° 0017-2025-OEFA/DSIS;
37409;1040;90716;Huancavelica;Tayacaja;San Marcos de Rocchac;20231941551;MUNICIPALIDAD DIST SAN MARCOS DE ROCCHAC;UF0010379;Botadero S/N;18;514670.0;8663059.0;136;1100;0.11;Municipalidad distrital de San Marcos de Rocchac;0.08;No;No;No;No;No;No;No;No;No;No;Recuperación;2018;RCD N°026 -2018-OEFA/CD;Resolución N.° 00013-2025-OEFA/DSIS;
37410;1041;90723;Huancavelica;Tayacaja;Santiago de Tucuma;20601530776;MUNICIPALIDAD DISTRITAL DE SANTIAGO DE TUCUMA;UF0009630;Botadero de Moronquiyoc;18;511502.0;8638161.0;77.535003;324.81046;0.032481;Municipalidad distrital de Santiago de Tucuma;0.0714;Si;No;Si;No;No;No;No;No;No;No;Recuperación;2018;RCD N°026 -2018-OEFA/CD;;
37411;1042;90717;Huancavelica;Tayacaja;Surcubamba;20232724588;MUNICIPALIDAD DISTRITAL DE SURCUBAMBA;UF0009594;Botadero de Cornetillo;18;540290.0;8662097.0;151.85241;1331.732275;0.133173;Municipalidad distrital de Surcabamba;0.25;Si;No;No;Si;No;No;No;No;No;No;Recuperación;2018;RCD N°026 -2018-OEFA/CD;;
37412;1043;90718;Huancavelica;Tayacaja;Tintay Puncu;20287820632;MUNICIPALIDAD DIST DE TINTAY PUNCU;UF0010491;Botadero Sector Aychahuarcuna;18;551994.0;8658422.0;146.075183;1394.882581;0.139488;Municipalidad distrital de Tintay Puncu;0.12;No;No;Si;No;No;No;No;No;No;No;Recuperación;2018;RCD N°026 -2018-OEFA/CD;;
37413;1044;90718;Huancavelica;Tayacaja;Tintay Puncu;20287820632;MUNICIPALIDAD DIST DE TINTAY PUNCU;UF0036262;Botadero Legles;18;551765.66;8657323.23;259.46;3808.03;0.3808;Municipalidad distrital de Tintay Puncu;0.098;Si;No;No;No;No;No;No;No;No;No;Recuperación;2023;Resolución N.° 00031-2023-OEFA/DSIS;;
37414;1045;100202;Huánuco;Ambo;Cayna;20191219415;MUNICIPALIDAD DISTRITAL DE CAYNA;UF0009702;Botadero Escalón;18;346879.0;8865456.0;121.861003;809.638905;0.080964;Municipalidad distrital de Cayna;0.5;No;No;No;No;No;No;No;No;No;No;Recuperación;2018;RCD N°026 -2018-OEFA/CD;;
37415;1046;100202;Huánuco;Ambo;Cayna;20191219415;MUNICIPALIDAD DISTRITAL DE CAYNA;UF0017076;Botadero Utagayna;18;346280.0;8865747.0;186.460204;1952.684427;0.195268;Municipalidad distrital de Cayna;0.6;No;No;No;Si;No;No;No;No;No;No;Recuperación;2021;RESOLUCION N° 00005-2021-OEFA;;R.A. N° 009-2024-MPA/A
37416;1047;100203;Huánuco;Ambo;Colpas;20159008062;MUNICIPALIDAD DISTRITAL DE COLPAS;UF0010214;Botadero Quebrada Yapanacuy;18;345210.0;8864423.0;54.290827;171.027378;0.017103;Municipalidad distrital de Colpas;No Precisa;No;No;Si;No;No;No;No;No;No;No;Recuperación;2018;RCD N°026 -2018-OEFA/CD;;
37417;1048;100204;Huánuco;Ambo;Conchamarca;20206555859;MUNICIPALIDAD DISTRITAL DE CONCHAMARCA;UF0009555;Botadero Cruz Punta;18;367571.0;8889527.0;39.59054;97.068438;0.009707;Municipalidad distrital de Conchamarca;No Precisa;No;No;No;No;No;No;No;No;No;No;Recuperación;2018;RCD N°026 -2018-OEFA/CD;;
37418;1049;100205;Huánuco;Ambo;Huacar;20189021764;MUNICIPALIDAD DISTRITAL DE HUACAR;UF0010239;Botadero Huacaspata;18;362537.0;8877498.0;402;2700;0.27;Municipalidad distrital de Huacar;0.06;No;No;No;No;No;No;No;No;No;No;Recuperación;2018;RCD N°026 -2018-OEFA/CD;Resolución N.° 00013-2025-OEFA/DSIS;
37419;1050;100205;Huánuco;Ambo;Huacar;20189021764;MUNICIPALIDAD DISTRITAL DE HUACAR;UF0017070;Botadero Yana Rumi;18;363324.0;8873542.0;206.05045;2603.644929;0.260364;Municipalidad distrital de Huacar;4;No;No;No;No;No;No;No;No;No;No;Recuperación;2021;RESOLUCION N° 00005-2021-OEFA;;
37420;1051;100206;Huánuco;Ambo;San Francisco;20158997941;MUNICIPALIDAD DISTRITAL DE SAN FRANCISCO;UF0010063;Botadero Ongoy;18;358002.0;8856993.0;142.869918;1354.81445;0.135481;Municipalidad distrital de San Francisco ;0.29;No;No;No;Si;No;No;No;No;No;No;Recuperación;2018;RCD N°026 -2018-OEFA/CD;;
37421;1052;100207;Huánuco;Ambo;San Rafael;20200197357;MUNICIPALIDAD DISTRITAL DE SAN RAFAEL;UF0010830;Botadero Uchuc Huariaca;18;371103.0;8857783.0;53.971946;182.92342;0.018292;Municipalidad distrital de San Rafael;1.5;No;Si;No;No;No;No;No;No;No;No;Recuperación;2018;RCD N°026 -2018-OEFA/CD;;
37422;1053;100208;Huánuco;Ambo;Tomay Kichwa;20199470842;MUNICIPALIDAD DISTRITAL DE TOMAY-KICHWA;UF0010219;Botadero Quichqui;18;366928.0;8887466.0;248;2200;0.22;Municipalidad distrital de Tomay Kichua;0.428;Si;No;No;No;No;No;No;No;No;No;Recuperación;2018;RCD N°026 -2018-OEFA/CD;;
37423;1054;100307;Huánuco;Dos de Mayo;Chuquis;20145883378;MUNICIPALIDAD DISTRITAL DE CHUQUIS;UF0009521;Botadero Choqueragra;18;312917.0;8930034.0;61.2695;231.080809;0.023108;Municipalidad distrital de Chuquis;0.1;No;No;No;No;No;No;No;No;No;No;Recuperación;2018;RCD N°026 -2018-OEFA/CD;;
37424;1055;100307;Huánuco;Dos de Mayo;Chuquis;20145883378;MUNICIPALIDAD DISTRITAL DE CHUQUIS;UF0038237;Botadero Rambrayacu;18;313474.0;8928982.0;65.2;243;0.02;Municipalidad distrital de Chuquis;0.15;No;No;No;No;No;No;No;No;No;No;Recuperación;2024;Resolución N° 0035-2024-OEFA/DSIS;;
37425;1056;100301;Huánuco;Dos de Mayo;La Unión;20145850798;MUNICIPALIDAD PROVINCIAL DOS DE MAYO;UF0009486;Botadero Pachachaca;18;303141.0;8913365.0;372.362194;7391.118577;0.739112;Municipalidad provincial de Dos de Mayo;3.89;Si;No;No;Si;No;No;No;No;No;No;Recuperación;2018;RCD N°026 -2018-OEFA/CD;;
37426;1057;100301;Huánuco;Dos de Mayo;La Unión;20145850798;MUNICIPALIDAD PROVINCIAL DOS DE MAYO;UF0042161;Botadero Municipal de Guellaycancha;18;303790.0;8909999.0;753;32712;3.27;Municipalidad provincial de Dos de Mayo, Municipalidad distrital de Ripan;4;No;No;No;No;No;No;No;No;No;No;Recuperación;2025;Resolución N.° 00026-2025-OEFA/DSIS;;
37427;1058;100313;Huánuco;Dos de Mayo;Pachas;20194119403;MUNICIPALIDAD DISTRITAL DE PACHAS;UF0009312;Botadero Agoucro;18;305061.0;8928127.0;221.470976;3173.515742;0.317352;Municipalidad distrital de Pachas;4;No;Si;Si;No;No;No;No;No;No;No;Recuperación;2018;RCD N°026 -2018-OEFA/CD;;
37428;1059;100316;Huánuco;Dos de Mayo;Quivilla;20168795093;MUNICIPALIDAD DISTRITAL DE MARIAS;UF0009895;Botadero Muchinga;18;312132.0;8938042.0;115.137691;1001.898388;0.10019;Municipalidad distrital de Marias;0.2;No;No;No;No;No;No;No;No;No;No;Recuperación;2018;RCD N°026 -2018-OEFA/CD;;
37429;1060;100316;Huánuco;Dos de Mayo;Quivilla;20145883530;MUNICIPALIDAD DISTRITAL DE QUIVILLA;UF0009846;Botadero Lucmapata;18;310953.0;8939392.0;72.630449;303.429023;0.030343;Municipalidad distrital de Quivilla;0.12;No;No;No;No;No;No;No;No;No;No;Recuperación;2018;RCD N°026 -2018-OEFA/CD;;
37430;1061;100317;Huánuco;Dos de Mayo;Ripan;20144801459;MUNICIPALIDAD DISTRITAL DE RIPAN;UF0010738;Botadero Quishuar/Shengua/Ullucpata;18;301893.0;8914476.0;97.392556;576.844624;0.057684;Municipalidad distrital de Ripán;15;No;No;Si;No;No;No;No;No;No;No;Recuperación;2018;RCD N°026 -2018-OEFA/CD;;
37431;1062;100321;Huánuco;Dos de Mayo;Shunqui;20145882720;MUNICIPALIDAD DISTRITAL DE SHUNQUI;UF0009740;Botadero Huancarumi;18;303980.0;8923418.0;100.132538;552.683715;0.055268;Municipalidad distrital de Shunqui;0.02;No;No;No;No;No;No;No;No;No;No;Recuperación;2018;RCD N°026 -2018-OEFA/CD;;
37432;1063;100321;Huánuco;Dos de mayo;Shunqui;20145882720;MUNICIPALIDAD DISTRITAL DE SHUNQUI;UF0036042;Botadero Jucho de Shunqui;18;303649.3;8922525.2;200;250;0.25;No dispone;0;No;No;No;No;No;No;No;No;No;No;Recuperación;2023;Resolución N.° 00020-2023-OEFA/DSIS;;
37433;1064;100321;Huánuco;Dos de Mayo;Shunqui;20145882720;MUNICIPALIDAD DISTRITAL DE SHUNQUI;UF0036426;Botadero Anta Tuna de Shunqui;18;303636.97;8924384.38;400;10000;1;Municipalidad distrital de Shunqui;0.1;No;No;No;No;No;No;No;No;No;No;Recuperación;2023;Resolución N.° 0045-2023-OEFA/DSIS;;
37434;1065;100322;Huánuco;Dos de Mayo;Sillapata;20144292040;MUNICIPALIDAD DISTRITAL DE SILLAPATA;UF0009715;Botadero Gochachakis;18;305078.0;8919052.0;73.806772;386.754241;0.038675;Municipalidad distrital de Sillapata;0.08;No;Si;No;No;No;No;No;No;No;No;Recuperación;2018;RCD N°026 -2018-OEFA/CD;;
37435;1066;100323;Huánuco;Dos de Mayo;Yanas;20224405279;MUNICIPALIDAD DISTRITAL DE YANAS;UF0009433;Botadero Casharragra Pucapampa;18;308221.0;8925960.0;83.067089;465.011884;0.046501;Municipalidad distrital de Yanas;0.1;No;No;No;No;No;No;No;No;No;No;Recuperación;2018;RCD N°026 -2018-OEFA/CD;;
37436;1067;100402;Huánuco;Huacaybamba;Canchabamba;20155012430;MUNICIPALIDAD DISTRITAL DE CANCHABAMBA;UF0009770;Botadero Shiracapatak;18;266684.0;9017533.0;158;801.5;0.1;Municipalidad distrital de Canchabamba;0.1;No;No;No;No;No;No;No;No;No;No;Recuperación;2018;RCD N°026 -2018-OEFA/CD;;
37437;1068;100403;Huánuco;Huacaybamba;Cochabamba;20161052524;MUNICIPALIDAD DISTRITAL DE COCHABAMBA;UF0009313;Botadero Agua Rica;18;298849.0;8995428.0;121.643179;693.897453;0.06939;Municipalidad distrital de Cochabamba;No Precisa;No;No;No;No;No;No;No;No;No;No;Recuperación;2018;RCD N°026 -2018-OEFA/CD;;
37438;1069;100401;Huánuco;Huacaybamba;Huacaybamba;20155012359;MUNICIPALIDAD PROVINCIAL DE HUACAYBAMBA;UF0009875;Botadero Matacaballo;18;283620.0;8998767.0;205.716262;2729.566454;0.272957;Municipalidad provincial de Huacaybamba;0.4;Si;No;Si;Si;No;No;No;No;No;No;Recuperación;2018;RCD N°026 -2018-OEFA/CD;;
37439;1070;100404;Huánuco;Huacaybamba;Pinra;20215446710;MUNICIPALIDAD DISTRITAL DE PINRA;UF0010464;Botadero Santa Rosa;18;274862.0;9012400.0;51.695526;170.986427;0.017099;Municipalidad distrital de Pinra;No Precisa;No;No;No;No;No;No;No;No;No;No;Recuperación;2018;RCD N°026 -2018-OEFA/CD;;
37440;1071;100502;Huánuco;Huamalíes;Arancay;20194942509;MUNICIPALIDAD DISTRITAL DE ARANCAY;UF0010643;Botadero Sector Muchkacoto;18;307303.0;8986624.0;181.112183;1666.598316;0.16666;Municipalidad distrital de Arancay;0.4;No;No;No;No;No;No;No;No;No;No;Recuperación;2018;RCD N°026 -2018-OEFA/CD;;
37441;1072;100503;Huánuco;Huamalíes;Chavín de Pariarca;20204863769;MUNICIPALIDAD DIST. CHAVIN PARIARCA;UF0010589;Botadero Sector Huamanpampa;18;305869.0;8959159.0;202.621949;2856.031145;0.285603;Municipalidad distrital de Chavín de Pariarca;1890;No;No;Si;No;No;No;No;No;No;No;Recuperación;2018;RCD N°026 -2018-OEFA/CD;;
37442;1073;100504;Huánuco;Huamalíes;Jacas Grande;20198652238;MUNICIPALIDAD DISTRITAL DE JACAS GRANDE;UF0010761;Botadero Tauriyoj;18;309952.0;8944797.0;110.854304;656.836946;0.065684;Municipalidad distrital de Jacas Grande;0.5;No;No;No;No;No;No;No;No;No;No;Recuperación;2018;RCD N°026 -2018-OEFA/CD;;
37443;1074;100504;Huánuco;Huamalíes;Jacas Grande;20198652238;MUNICIPALIDAD DISTRITAL DE JACAS GRANDE;UF0036920;Botadero Piquimachay;18;308789.0;8946357.0;100;600;0.06;Municipalidad distrital de Jacas Grande;0.2;No;No;No;No;No;No;No;No;No;No;Recuperación;2023;Resolución N.° 00085-2023-OEFA/DSIS;;
37444;1075;100505;Huánuco;Huamalíes;Jircan;20285613770;MUNICIPALIDAD DISTRITAL DE JIRCAN;UF0010728;Botadero Sector Wischasmachay;18;311448.0;8976551.0;61.524213;235.797856;0.02358;Municipalidad distrital de Jircan;1;No;No;No;Si;No;No;No;No;No;No;Recuperación;2018;RCD N°026 -2018-OEFA/CD;;
37445;1076;100506;Huánuco;Huamalíes;Miraflores;20221866984;MUNICIPALIDAD DISTRITAL DE MIRAFLORES;UF0010433;Botadero Sacayhua;18;299288.0;8949905.0;65.955886;287.829785;0.028783;Municipalidad distrital de Miraflores;0.047;No;No;No;No;No;No;No;No;No;No;Recuperación;2018;RCD N°026 -2018-OEFA/CD;;
37446;1077;100506;Huánuco;Huamalíes;Miraflores;20221866984;MUNICIPALIDAD DISTRITAL DE MIRAFLORES;UF0036587;Botadero Gauguiz;18;302026.0;8950762.0;384;8000;0.88;Municipalidad distrital de Miraflores;0.8;Si;No;No;No;No;No;No;No;No;No;Recuperación;2023;Resolución N.° 0058-2023-OEFA/DSIS;;
37447;1078;100507;Huánuco;Huamalíes;Monzón;20194118342;MUNICIPALIDAD DISTRITAL DE MONZON;UF0017075;Botadero Chaupiyacu;18;349749.0;8972978.0;382;5802;0.58;Municipalidad distrital de Monzón, Municipalidad del centro poblado de Cachicoto;0.5;No;No;No;No;No;No;No;No;No;No;Recuperación;2021;RESOLUCION N° 00005-2021-OEFA;;
37448;1079;100507;Huánuco;Huamalíes;Monzón;20194118342;MUNICIPALIDAD DISTRITAL DE MONZON;UF0013582;Botadero Chipaco;18;337262.0;8973526.0;110.706652;785.092071;0.078509;Municipalidad distrital de Monzón;0.3;No;No;No;No;No;No;No;No;No;No;Recuperación;2021;RESOLUCION N° 00003-2021-OEFA/DSIS;;
37449;1080;100507;Huánuco;Huamalíes;Monzón;20194118342;MUNICIPALIDAD DISTRITAL DE MONZON;UF0010443;Botadero San Benito;18;346040.0;8974234.0;47.817551;159.016272;0.015902;Municipalidad distrital de Monzón;2.5;No;No;No;No;No;No;No;No;No;No;Recuperación;2018;RCD N°026 -2018-OEFA/CD;;
37450;1081;100508;Huánuco;Huamalíes;Punchao;20183847521;MUNICIPALIDAD DISTRITAL DE PUNCHAO;UF0010733;Botadero Sector Zanja;18;301697.0;8953583.0;201.624467;2861.325725;0.286133;Municipalidad distrital de Punchao;0.056;No;Si;Si;No;No;No;No;No;No;No;Recuperación;2018;RCD N°026 -2018-OEFA/CD;;
37451;1082;100509;Huánuco;Huamalíes;Puños;20201617104;MUNICIPALIDAD DISTRITAL DE PUÑOS;UF0010148;Botadero Potgaragra;18;291454.0;8949916.0;74.167807;335.78621;0.033579;Municipalidad distrital de Puños;No Precisa;No;No;No;No;No;No;No;No;No;No;Recuperación;2018;RCD N°026 -2018-OEFA/CD;;
37452;1083;100510;Huánuco;Huamalíes;Singa;20184282535;MUNICIPALIDAD DISTRITAL DE SINGA;UF0010154;Botadero Pucarramrash;18;303331.0;8962126.0;199.15706;2069.884343;0.206988;Municipalidad distrital de Singa;0.143;No;No;Si;No;No;No;No;No;No;No;Recuperación;2018;RCD N°026 -2018-OEFA/CD;;
37453;1084;100511;Huánuco;Huamalíes;Tantamayo;20210735390;MUNICIPALIDAD DISTRITAL DE TANTAMAYO;UF0009872;Botadero Markajuahuan;18;311133.0;8961774.0;88.256111;474.992364;0.047499;Municipalidad distrital de Tantamayo;0.1;No;No;No;No;No;No;No;No;No;No;Recuperación;2018;RCD N°026 -2018-OEFA/CD;;
37454;1085;100103;Huánuco;Huánuco;Chinchao;20166915181;MUNICIPALIDAD DISTRITAL DE CHINCHAO;UF0010848;Botadero Villa Sol;18;383329.0;8915480.0;111.334251;847.566644;0.084757;Municipalidad distrital de Chinchao;1;No;No;No;No;No;No;No;No;No;No;Recuperación;2018;RCD N°026 -2018-OEFA/CD;;
37455;1086;100103;Huánuco;Huánuco;Chinchao;20166915181;MUNICIPALIDAD DISTRITAL DE CHINCHAO;UF0039505;Botadero de Tungra Baja;18;381937.86;8914727.47;884.82;35219.82;3.52;Municipalidad del centro poblado de Pachachupan;0.16;No;No;No;No;No;No;No;No;No;No;Recuperación;2025;Resolución N° 00008-2025-OEFA/DSIS;;
37456;1087;100104;Huánuco;Huánuco;Churubamba;20160927896;MUNICIPALIDAD DISTRITAL DE CHURUBAMBA;UF0009713;Botadero Galloragra;18;375755.0;8913234.0;54.853018;179.472823;0.017947;Municipalidad distrital de Churubamba;0.2;No;No;No;No;No;No;No;No;No;No;Recuperación;2018;RCD N°026 -2018-OEFA/CD;;
37457;1088;100101;Huánuco;Huánuco;Huánuco;20146008845;MUNICIPALIDAD PROVINCIAL DE HUANUCO;UF0009506;Botadero Chilepampa;18;360556.0;8903793.0;788.60379;43189.327112;4.318933;Municipalidad provincial de Huánuco, Municipalidad distrital de Amarilis, Municipalidad distrital de Pillco Marca, Municipalidad distrital de Santa Maria del Valle;156;No;No;No;No;No;No;No;No;No;No;Recuperación;2018;RCD N°026 -2018-OEFA/CD;;R.G. N° 011-2021-MPHCO/GSA
37458;1089;100101;Huánuco;Huánuco;Huánuco;20146008845;MUNICIPALIDAD PROVINCIAL DE HUANUCO;UF0035334;Ex Botadero de Marabamba;18;359751.0;8900123.0;2500;50000;5;No precisa;0;No;No;No;No;No;No;No;No;No;No;Recuperación;2022;Resolución N.° 00067-2022-OEFA/DSIS;;
37459;1090;100105;Huánuco;Huánuco;Margos;20168795760;MUNICIPALIDAD DISTRITAL DE MARGOS;UF0009755;Botadero Huaychaugoto;18;333266.0;8894255.0;103.232387;673.022429;0.067302;Municipalidad distrital de Margos;3.42;No;No;No;No;No;No;No;No;No;No;Recuperación;2018;RCD N°026 -2018-OEFA/CD;;
37460;1091;100106;Huánuco;Huánuco;Quisqui (Kichki);20166913561;MUNICIPALIDAD DISTRITAL DE QUISQUI (KICHKI);UF0009515;Botadero Chirimoya Pampa;18;348118.21;8904853.97;160;1100;0.11;Municipalidad distrital de Quisqui;16.43;No;No;No;No;No;No;No;No;No;No;Recuperación;2018;RCD N°026 -2018-OEFA/CD;Resolución N.° 00008-2025-OEFA/DSIS;
37461;1092;100107;Huánuco;Huánuco;San Francisco de Cayran;20165847114;MUNICIPALIDAD DISTRITAL DE SAN FCO DE CA;UF0009723;Botadero Higuscancha;18;359186.0;8897042.0;128.979729;1050.935359;0.105094;Municipalidad distrital de  San Francisco de Cayran;No Precisa;No;No;No;No;No;No;No;No;No;No;Recuperación;2018;RCD N°026 -2018-OEFA/CD;;
37462;1093;100107;Huánuco;Huánuco;San Francisco de San Cayran;20165847114;MUNICIPALIDAD DISTRITAL DE SAN FCO DE CA;UF0036427;Botadero Cunyaq;18;357596.97;8896923.87;582.15;19522.505;1.9;Municipalidad distrital San Francisco de Cayran;411.82;Si;No;No;No;No;No;No;No;No;No;Recuperación;2023;Resolución N.° 0045-2023-OEFA/DSIS;;
37463;1094;100113;Huánuco;Huánuco;San Pablo de Pillao;20601131812;MUNICIPALIDAD DISTRITAL DE SAN PABLO DE PILLAO;UF0040604;Botadero San Pablo de Pillao;18;391888.0;8916988.0;290;4500;0.45;Municipalidad distrital de San Pablo de Pillao;2;No;No;No;No;No;No;No;No;No;No;Recuperación;2025;Resolución N.° 0017-2025-OEFA/DSIS;;
37464;1095;100108;Huánuco;Huánuco;San Pedro de Chaulan;20203976756;MUNICIPALIDAD DISTRITAL DE SAN PEDRO DE CHAULAN;UF0010118;Botadero Parash Pampa;18;339011.0;8887522.0;139.799068;1068.519459;0.106852;Municipalidad distrital de San Pedro de Chaulan;0.1;No;No;No;No;No;No;No;No;No;No;Recuperación;2018;RCD N°026 -2018-OEFA/CD;;
37465;1096;100109;Huánuco;Huánuco;Santa María del Valle;20184296838;MUNICIPALIDAD DISTRITAL DE SANTA MARIA DEL VALLE;UF0010460;Botadero Santa María del Valle;18;371552.0;8909859.0;199.484474;2650.31954;0.265032;Municipalidad distrital de Amarilis;No Precisa;No;No;No;No;No;No;No;No;No;No;Recuperación;2018;RCD N°026 -2018-OEFA/CD;;
37466;1097;100112;Huánuco;Huánuco;Yacus;20529085401;MUNICIPALIDAD DISTRITAL DE YACUS;UF0009896;Botadero Mujinete;18;336161.0;8895705.0;105.470146;711.138083;0.071114;Municipalidad distrital de Yacus;0.77;No;No;No;No;No;No;No;No;No;No;Recuperación;2018;RCD N°026 -2018-OEFA/CD;;
37467;1098;100110;Huánuco;Huánuco;Yarumayo;20172372920;MUNICIPALIDAD DISTRITAL DE YARUMAYO;UF0009788;Botadero Jatun Loma;18;341855.0;8895302.0;39.061716;95.107364;0.009511;Municipalidad distrital de Yarumayo;0.05;Si;No;Si;No;No;No;No;No;No;No;Recuperación;2018;RCD N°026 -2018-OEFA/CD;;
37468;1099;101002;Huánuco;Lauricocha;Baños;20145883459;MUNICIPALIDAD DISTRITAL DE BANOS;UF0010246;Botadero Cochambra;18;310331.0;8883751.0;132.539733;1094.047309;0.109405;Municipalidad distrital de Baños;0.3;No;No;Si;No;No;No;No;No;No;No;Recuperación;2018;RCD N°026 -2018-OEFA/CD;;
37469;1100;101001;Huánuco;Lauricocha;Jesús;20176232227;MUNICIPALIDAD DISTRITAL DE  SAN MIGUEL DE CAURI;UF0009856;Botadero Makanin;18;323330.0;8880376.0;79.417953;408.428194;0.040843;Municipalidad distrital de San Miguel de Cauri;0.06;Si;No;Si;No;No;No;No;No;No;No;Recuperación;2018;RCD N°026 -2018-OEFA/CD;;
37470;1101;101001;Huánuco;Lauricocha;Jesús;20182308952;MUNICIPALIDAD PROVINCIAL DE LAURICOCHA;UF0010176;Botadero Purupampa;18;320358.0;8883862.0;252.407892;2746.911839;0.274691;Municipalidad provincial de Lauricocha;0.59;Si;No;No;Si;No;No;No;No;No;No;Recuperación;2018;RCD N°026 -2018-OEFA/CD;;
37471;1102;101001;Huánuco;Lauricocha;Jesús;20182308952;MUNICIPALIDAD PROVINCIAL DE LAURICOCHA;UF0009559;Botadero Cruzpunta;18;317325.0;8885096.0;224.231639;2982.361826;0.298236;Municipalidad provincial de Lauricocha;No Precisa;No;No;No;Si;No;No;No;No;No;No;Recuperación;2018;RCD N°026 -2018-OEFA/CD;;
37472;1103;101003;Huánuco;Lauricocha;Jivia;20205975773;MUNICIPALIDAD DISTRITAL DE JIVIA;UF0009738;Botadero Huampón;18;313237.0;8890337.0;104.161988;666.473221;0.066647;Municipalidad distrital de Jivia;No Precisa;No;No;No;No;No;No;No;No;No;No;Recuperación;2018;RCD N°026 -2018-OEFA/CD;;
37473;1104;101004;Huánuco;Lauricocha;Queropalca;20223516565;MUNICIPALIDAD DISTRITAL DE QUEROPALCA;UF0010771;Botadero Toctochaca;18;303672.0;8874582.0;131.140899;1179.586715;0.117959;Municipalidad distrital de Queropalca;0.15;No;No;No;No;No;No;No;No;No;Si;Recuperación;2018;RCD N°026 -2018-OEFA/CD;;
37474;1105;101004;Huánuco;Lauricocha;Queropalca;20223516565;MUNICIPALIDAD DISTRITAL DE QUEROPALCA;UF0037033;Botadero Curupata;18;304491.0;8874888.0;105;211;0.0211;Municipalidad distrital de Queropalca;0.096;Si;No;No;No;No;No;No;No;No;Si;Recuperación;2023;Resolución N.° 00098-2023-OEFA/DSIS;;
37475;1106;101005;Huánuco;Lauricocha;Rondos;20213882890;MUNICIPALIDAD DISTRITAL DE RONDOS;UF0010833;Botadero Ucro Pampa;18;313613.0;8896925.0;113.328271;706.632362;0.070663;Municipalidad distrital de Rondos;0.17;No;No;No;Si;No;No;No;No;No;No;Recuperación;2018;RCD N°026 -2018-OEFA/CD;;
37476;1107;101006;Huánuco;Lauricocha;San Francisco de Asís;20213726766;MUNICIPAL DISTRITAL SAN FCO DE ASIS;UF0010868;Botadero Yanatini;18;315941.0;8894233.0;153.174563;1386.031676;0.138603;Municipalidad distrital de San Francisco de Asís;0.08;No;No;Si;Si;No;No;No;No;No;No;Recuperación;2018;RCD N°026 -2018-OEFA/CD;;
37477;1108;101007;Huánuco;Lauricocha;San Miguel de Cauri;20176232227;MUNICIPALIDAD DISTRITAL DEL SAN MIGUEL DE CAURI;-;Botadero Chauli;18;322328.0;8879925.0;178;1800;0.18;Municipalidad distrital de San Miguel de Cauri;0.5;No;No;No;No;No;No;No;No;No;No;Recuperación;2025;-;;
37478;1109;100602;Huánuco;Leoncio Prado;Daniel Alomía Robles;20204809390;MUNICIPALIDAD DISTRITAL DE HERMILIO VALD;UF0009353;Botadero Arroyo Grande;18;409166.0;8981175.0;67.667854;265.180867;0.026518;Municipalidad distrital de Hermilio Valdizán;No Precisa;No;No;No;No;No;No;No;No;No;No;Recuperación;2018;RCD N°026 -2018-OEFA/CD;;
37479;1110;100604;Huánuco;Leoncio Prado;José Crespo y Castillo;20172361138;MUNICIPALIDAD DISTRITAL J.CRESPO Y CASTI;UF0009830;Botadero Las Mercedes;18;377439.0;9017031.0;192.620136;2097.85943;0.209786;Municipalidad distrital de José Crespo y Castillo, Municipalidad distrital de Pueblo Nuevo, Municipalidad distrital de Santo Domingo de Anda;18.6;No;No;No;No;No;No;No;No;Si;No;Recuperación;2018;RCD N°026 -2018-OEFA/CD;;
37480;1111;100604;Huánuco;Leoncio Prado;José Crespo y Castillo;20172361138;MUNICIPALIDAD DISTRITAL J.CRESPO Y CASTI;UF0017074;Botadero Nuevo Copal;18;378491.0;9009297.0;356.703601;7721.685837;0.772169;Municipalidad distrital Jose Crespo y Castillo, Municipalidad distrital de Pueblo Nuevo, Municpalidad distrital de  Santo Domingo;215;No;No;No;No;No;No;No;No;No;No;Recuperación;2021;RESOLUCION N° 00005-2021-OEFA;;
37481;1112;100607;Huánuco;Leoncio Prado;Pucayacu;20601182662;MUNICIPALIDAD DISTRITAL DE PUCAYACU;UF0010155;Botadero Pucayacu;18;376957.0;9033737.0;234.753129;2836.171626;0.283617;Municipalidad distrital de Pucayacu;2380;No;No;No;No;No;No;No;No;Si;No;Recuperación;2018;RCD N°026 -2018-OEFA/CD;;
37482;1113;100609;Huánuco;Leoncio Prado;Pueblo Nuevo;20601448026;MUNICIPALIDAD DISTRITAL DE PUEBLO NUEVO;UF0042391;Botadero La Esperanza;18;388776.0;8995479.0;111;587;0.0587;Municipalidad distrital de Pueblo Nuevo;0.11;No;No;No;No;No;No;No;No;No;No;Recuperación;2025;Resolución N.° 00028-2025-OEFA/DSIS;;
37483;1114;100601;Huánuco;Leoncio Prado;Rupa-Rupa;20200042744;MUNICIPALIDAD PROVINCIAL LEONCIO PRADO;UF0009815;Botadero La Moyuna;18;390253.0;8974090.0;227.484984;1735.681615;0.173568;Municipalidad provincial de Leoncio Prado, Municipalidad distrital de Mariano Damaso Beraún, Municipalidad distrital de Luyando, Municipalidad distrital de Daniel Alomia Robles, Municipalidad distrital de Castillo Grande;35.6;Si;Si;Si;Si;No;No;No;No;No;No;Recuperación;2018;RCD N°026 -2018-OEFA/CD;;R.A. N° 473-2021-MPLP
37484;1115;100610;Huánuco;Leoncio Prado;Santo Domingo de Anda;20601561914;MUNICIPALIDAD DISTRITAL DE SANTO DOMINGO DE ANDA;UF0042392;Botadero Cerro Azul;18;383375.0;9006030.0;84.9;351;0.0351;Municipalidad distrital de Santa Domingo de Anda;0.75;No;No;No;No;No;No;No;No;No;No;Recuperación;2025;Resolución N.° 00028-2025-OEFA/DSIS;;
37485;1116;100704;Huánuco;Marañon;La Morada;20601122805;MUNICIPALIDAD DISTRITAL DE LA MORADA;UF0042393;Botadero Municipal La Morada;18;360388.0;9030206.0;172;1655;0.165;Municipalidad distrital de La Mejorada;0.5;No;No;No;No;No;No;No;No;No;No;Recuperación;2025;Resolución N.° 00028-2025-OEFA/DSIS;;
37486;1117;100705;Huánuco;Marañon;Santa Rosa de Alto Yanajanca;20601123011;MUNICIPALIDAD DISTRITAL DE SANTA ROSA DE ALTO YANAJANCA;UF0042394;Botadero Santa Rosa de Alto Yanajanca;18;354414.0;9042545.0;146;4580;0.458;Municipalidad distrital de Santa Rosa de Alto Yanajanca;0.75;No;No;No;No;No;No;No;No;No;No;Recuperación;2025;Resolución N.° 00028-2025-OEFA/DSIS;;
37487;1118;100702;Huánuco;Marañón;Cholon;20321337547;MUNICIPALIDAD DISTRITAL DE CHOLON;UF0009714;Botadero Garhuacruz;18;292086.0;9042593.0;151.112683;1537.230263;0.153723;Municipalidad distrital de Cholon;0.5;No;No;No;No;No;No;No;No;No;No;Recuperación;2018;RCD N°026 -2018-OEFA/CD;;
37488;1119;100702;Huánuco;Marañón;Cholon;20321337547;MUNICIPALIDAD DISTRITAL DE CHOLON;UF0042158;Botadero Sinchi Roca;18;347665.0;9059201.0;209;2700;0.27;Municipalidad centro poblado de Paraíso;0.5;No;No;No;No;No;No;No;No;No;No;Recuperación;2025;Resolución N.° 00026-2025-OEFA/DSIS;;
37489;1120;100701;Huánuco;Marañón;Huacrachuco;20228453146;MUNICIPALIDAD PROVINCIAL DEL MARANON;UF0010590;Botadero Sector Huambo;18;258991.0;9053244.0;130.383024;1112.240936;0.111224;Municipalidad provincial de Marañon;1093;No;No;Si;Si;No;No;No;No;No;No;Recuperación;2018;RCD N°026 -2018-OEFA/CD;;
37490;1121;100701;Huánuco;Marañón;Huacrachuco;20228453146;MUNICIPALIDAD PROVINCIAL DEL MARANON;UF0017082;Botadero Pumachupay;18;263319.0;9049812.0;302.078;5592.116206;0.559212;Municipalidad de Huacrachuco;1.84;No;No;No;No;No;No;No;No;No;No;Recuperación;2021;RESOLUCION N° 00005-2021-OEFA;;
37491;1122;100703;Huánuco;Marañón;San Buenaventura;20228715281;MUNICIPALIDAD DISTRITAL DE SAN BUENAVENTURA;UF0010210;Botadero Quebrada Ramos Capilla;18;259738.0;9030381.0;129.374524;1179.990028;0.117999;Municipalidad distrital de San Buenaventura;0.1;No;No;No;No;No;No;No;No;No;No;Recuperación;2018;RCD N°026 -2018-OEFA/CD;;
37492;1123;100802;Huánuco;Pachitea;Chaglla;20160934591;MUNICIPALIDAD DISTRITAL DE CHAGLLA;UF0009364;Botadero Azul Cucho;18;403203.0;8914570.0;95.780329;610.614522;0.061061;Municipalidad distrital de Chaglla;1177;No;Si;Si;No;No;No;No;No;No;No;Recuperación;2018;RCD N°026 -2018-OEFA/CD;;
37493;1124;100801;Huánuco;Pachitea;Panao;20183995121;MUNICIPALIDAD PROVINCIAL DE PACHITEA;UF0010062;Botadero Once Amigos;18;390025.0;8905063.0;421.627732;9231.839314;0.923184;Municipalidad provincial de Pachitea, Municipalidad distrital de Molino;3.22;No;Si;No;No;No;No;No;No;No;No;Recuperación;2018;RCD N°026 -2018-OEFA/CD;;
37494;1125;100801;Huánuco;Pachitea;Panao;20160934591;MUNICIPALIDAD DISTRITAL DE CHAGLLA;UF0013585;Botadero Mesapampa;18;397290.0;8911406.0;126.757923;964.833272;0.096483;Municipalidad distrital de Chaglla;No Precisa;Si;No;Si;No;No;No;No;No;No;No;Recuperación;2021;RESOLUCION N° 00003-2021-OEFA/DSIS;;
37495;1126;100801;Huánuco;Pachitea;Panao;20207155536;MUNICIPALIDAD DISTRITAL DE MOLINO;UF0042046;Botadero de Molino - Once Amigos;18;390011.0;8904883.0;267;2767;0.28;Municipalidad distrital de Molino;1;No;No;No;No;No;No;No;No;No;No;Recuperación;2025;Resolución N.° 00024-2025-OEFA/DSIS;;
37496;1127;100804;Huánuco;Pachitea;Umari;20206649918;MUNICIPALIDAD DISTRITAL DE UMARI;UF0009838;Botadero Llampoloma;18;385150.0;8910073.0;100.511225;638.336583;0.063834;Municipalidad distrital de Umari;0.35;No;No;No;No;No;No;No;No;No;No;Recuperación;2018;RCD N°026 -2018-OEFA/CD;;R.A. N° 443-2021-MPP/A
37497;1128;100902;Huánuco;Puerto Inca;Codo del Pozuzo;20227391155;MUNICIPALIDAD DIST DE CODO DEL POZUZO;UF0009777;Botadero Isleria;18;454893.0;8924879.0;196.218554;2099.263535;0.209926;Municipalidad distrital de Codo del Pozuzo;No Precisa;No;No;No;No;No;No;No;No;No;No;Recuperación;2018;RCD N°026 -2018-OEFA/CD;;
37498;1129;100902;Huánuco;Puerto Inca;Codo del Pozuzo;20227391155;MUNICIPALIDAD DIST DE CODO DEL POZUZO;UF0037735;Botadero Municipal Alto Mashoca;18;449208.634;8935658.841;1421.163;100000;10;Municipalidad distrital de Codo del Pozuzo;2;No;No;No;No;No;No;No;No;No;No;Recuperación;2024;Resolución N° 003-2024-OEFA/DSIS;;
37499;1130;100903;Huánuco;Puerto Inca;Honoria;20172345876;MUNICIPALIDAD DISTRITAL DE HONORIA;UF0009832;Botadero Laureano Alfonso;18;531538.0;9031091.0;422.980939;12486.254663;1.248625;Municipalidad distrital de Honoria;No Precisa;No;No;No;No;No;No;No;No;No;No;Recuperación;2018;RCD N°026 -2018-OEFA/CD;;
37500;1131;100903;Huánuco;Puerto Inca;Honoria;20172345876;MUNICIPALIDAD DISTRITAL DE HONORIA;UF0038623;Botadero Municipal de Honoria;18;530467.0;9029430.0;1000;30000;3;Municipalidad distrital de Honoria;1;No;No;No;No;No;No;No;No;No;No;Recuperación;2024;RESOLUCIÓN N° 00103-2024-OEFA/DSIS;;
37501;1132;100901;Huánuco;Puerto Inca;Puerto Inca;20189307226;MUNICIPALIDAD PROVINCIAL DE PUERTO INCA;UF0010163;Botadero Puerto Inca;18;504775.0;8962247.0;423.15;5450.4;0.54;Municipalidad provincial de Puerto Inca;2829;No;No;Si;Si;No;No;No;No;Si;No;Recuperación;2018;RCD N°026 -2018-OEFA/CD;Resolución N.° 00103-2024-OEFA/DSIS;
37502;1133;100904;Huánuco;Puerto Inca;Tournavista;20191978910;MUNICIPALIDAD DISTRITAL DE TOURNAVISTA;UF0009829;Botadero Las Lomas;18;533286.0;9011747.0;72.128416;280.270244;0.028027;Municipalidad distrital de Tournavista;1;No;Si;No;No;No;No;No;No;No;No;Recuperación;2018;RCD N°026 -2018-OEFA/CD;;
37503;1134;100905;Huánuco;Puerto Inca;Yuyapichis;20190702988;MUNICIPALIDAD DISTRITAL DE YUYAPICHIS;UF0009813;Botadero La Loma;18;502215.0;8936342.0;246.210718;3927.637355;0.392764;Municipalidad distrital de Yuyapichis;No Precisa;No;No;No;No;No;No;No;No;Si;No;Recuperación;2018;RCD N°026 -2018-OEFA/CD;;
37504;1135;101104;Huánuco;Yarowilca;Aparicio Pomares;20171840245;MUNICIPALIDAD DISTRITAL DE APARICIO POMARES;UF0010737;Botadero Shaywua;18;319101.0;8922887.0;57.424782;179.652221;0.017965;Municipalidad distrital de Aparicio Pomares;No Precisa;No;No;No;No;No;No;No;No;No;No;Recuperación;2018;RCD N°026 -2018-OEFA/CD;;
37505;1136;101102;Huánuco;Yarowilca;Cahuac;20221866712;MUNICIPALIDAD DISTRITAL DE CAHUAC;UF0010857;Botadero Santa Rosa;18;321997.0;8909141.0;399.293576;9530.399313;0.95304;Municipalidad distrital de Cahuac;No Precisa;No;No;No;No;No;No;No;No;No;No;Reconversión;2018;RCD N°026 -2018-OEFA/CD;;
37506;1137;101103;Huánuco;Yarowilca;Chacabamba;20178524349;MUNICIPALIDAD DISTRITAL DE CHACABAMBA;UF0009483;Botadero Chacabamba;18;323477.0;8905453.0;63.420963;242.876304;0.024288;Municipalidad distrital de Chacabamba;0.09;No;No;Si;No;No;No;No;No;No;No;Recuperación;2018;RCD N°026 -2018-OEFA/CD;;
37507;1138;101101;Huánuco;Yarowilca;Chavinillo;20205976079;MUNICIPALIDAD PROVINCIAL DE YAROWILCA;UF0009426;Botadero Cascón;18;322293.0;8910023.0;69.620418;302.249655;0.030225;Municipalidad distrital de Yarowilca;No Precisa;No;No;No;No;No;No;No;No;No;No;Recuperación;2018;RCD N°026 -2018-OEFA/CD;;
37508;1139;101108;Huánuco;Yarowilca;Choras;20447367131;MUNICIPALIDAD DISTRITAL DE CHORAS;UF0010780;Botadero Tranca;18;323599.0;8903584.0;55.916913;196.59387;0.019659;Municipalidad distrital de Choras;0.35;No;No;No;No;No;No;No;No;No;No;Recuperación;2018;RCD N°026 -2018-OEFA/CD;;
37509;1140;101105;Huánuco;Yarowilca;Jacas Chico;20198440052;MUNICIPALIDAD DISTRITAL DE JACAS CHICO;UF0009518;Botadero Chogripaqui;18;335235.0;8906357.0;55.315;223.063039;0.022306;Municipalidad distrital de Jacas Chico;0.3;No;No;No;No;No;No;No;No;No;No;Recuperación;2018;RCD N°026 -2018-OEFA/CD;;
37510;1141;101106;Huánuco;Yarowilca;Obas;20166892971;MUNICIPALIDAD DISTRITAL DE OBAS;UF0010453;Botadero San Pedro de Quilo;18;316748.0;8916204.0;47.908844;138.79721;0.01388;Municipalidad distrital de Obas;0.25;No;No;No;No;No;No;No;No;No;No;Recuperación;2018;RCD N°026 -2018-OEFA/CD;;
37511;1142;101107;Huánuco;Yarowilca;Pampamarca;20215446809;MUNICIPALIDAD DISTRITAL DE PAMPAMARCA;UF0018176;Botadero Pacay;18;312519.0;8927841.0;164;1755;0.18;Municipalidad distrital de Pampamarca;0.028;No;No;No;No;No;No;No;No;No;No;Recuperación;2022;Resolución N.° 00018-2022-OEFA/DSIS;;
37512;1143;101107;Huánuco;Yarowilca;Pampamarca;20215446809;MUNICIPALIDAD DISTRITAL DE PAMPAMARCA;UF0009365;Botadero Azuljircan;18;312778.0;8927842.0;113.257157;877.3745;0.087737;Municipalidad distrital de Pampamarca;No Precisa;No;No;No;No;No;No;No;No;No;No;Recuperación;2018;RCD N°026 -2018-OEFA/CD;;
37513;1144;110202;Ica;Chincha;Alto Laran;20191161743;MUNICIPALIDAD DISTRITAL DE ALTO LARAN;UF0010522;Botadero Sector Chichicama;18;383989.0;8514679.0;449.660459;4839.670123;0.483967;Municipalidad distrital de Alto Laran;2.5;No;No;Si;No;No;No;No;No;No;No;Recuperación;2018;RCD N°026 -2018-OEFA/CD;;
37514;1145;110203;Ica;Chincha;Chavin;20192391521;MUNICIPALIDAD DISTRITAL DE CHAVIN;UF0010279;Botadero S/N;18;401048.0;8554410.0;69.867401;357.006734;0.035701;Municipalidad distrital de Chavín;0.01;No;No;No;No;No;No;No;No;No;No;Recuperación;2018;RCD N°026 -2018-OEFA/CD;;
37515;1146;110205;Ica;Chincha;El Carmen;20188799729;MUNICIPALIDAD DEL DISTRITO DE EL CARMEN;UF0010085;Botadero Pampa del Carmen;18;389824.0;8505641.0;1149;48500;4.85;Municipalidad distrital de El Cármen;6;Si;No;No;No;No;No;No;No;No;No;Recuperación;2018;RCD N°026 -2018-OEFA/CD;Resolución N.° 00024-2025-OEFA/DSIS;
37516;1147;110207;Ica;Chincha;Pueblo Nuevo;20146898697;MUNICIPALIDAD PROVINCIAL DE CHINCHA;UF0010653;Botadero Sector Pampa de Ñoco;18;380922.0;8523056.0;10114.71;2089024.03;208.9024;Municipalidad distrital de Sunampe, Municipalidad distrital de Chincha Baja, Municipalidad distrital de Grocio Prado, Municipalidad distrital de Pueblo Nuevo, Municipalidad distrital de Tambo de Mora, Municipalidad provincial de Chincha, Municipalidad distrital de Alto Laran;220;Si;Si;Si;Si;No;No;No;No;No;No;Recuperación;2018;RCD N°026 -2018-OEFA/CD;Resolución N.° 87-2024-OEFA/DSIS;R.M. N° 1293-2023-GM MPCH
37517;1148;110208;Ica;Chincha;San Juan de Yanac;20206955521;MUNICIPALIDAD DISTRITAL DE SAN JUAN DE Y;UF0010377;Botadero S/N;18;412740.0;8538230.0;146.408147;1366.415924;0.136642;Municipalidad distrital de San Juan de Yanac;0.01;No;No;No;No;No;No;No;No;No;No;Recuperación;2018;RCD N°026 -2018-OEFA/CD;;
37518;1149;110209;Ica;Chincha;San Pedro de Huacarpana;20278758401;MUNICIPALIDAD DISTRITAL DE SAN PEDRO DE HUACARPANA;UF0010382;Botadero S/N;18;430246.0;8557995.0;62.41221;239.714417;0.023971;Municipalidad distrital de San Pedro de Huacarpana;No Precisa;No;No;No;No;No;No;No;No;No;No;Recuperación;2018;RCD N°026 -2018-OEFA/CD;;
37519;1150;110209;Ica;Chincha;San Pedro de Huacarpana;20278758401;MUNICIPALIDAD DISTRITAL DE SAN PEDRO DE HUACARPANA;UF0009971;Botadero Municipal;18;430907.0;8557673.0;39.547424;87.689834;0.008769;Municipalidad distrital de San Pedro de Huacarpana;0.3;No;No;No;No;No;No;No;No;No;No;Recuperación;2018;RCD N°026 -2018-OEFA/CD;;
37520;1151;110102;Ica;Ica;La Tinguiña;"20175231987
20175239023
20175229907";"MUNICIPALIDAD DISTRITAL DE LA TINGUIÑA
MUNICIPALIDAD DISTRITAL DE PARCONA
MUNICIPALIDAD DISTRITAL DE SUBTANJALLA";UF0010623;Botadero Sector Lomo Largo;18;427500.0;8448712.0;2012;185000;18.5;Municipalidad distrital de Tinguiña, Municipalidad distrital de Parcona, Municipalidad distrital de Subtanjalla;20;Si;No;Si;Si;No;No;No;No;No;No;Recuperación;2018;RCD N°026 -2018-OEFA/CD;;
37521;1152;110104;Ica;Ica;Ocucaje;20176310040;MUNICIPALIDAD DISTRITAL DE OCUCAJE;UF0042166;Botadero Sector Chiquerillo;18;427895.0;8405840.0;529;3700;0.37;Municipalidad distrital de Ocucaje;1;No;No;Si;No;No;No;No;No;No;No;Recuperación;2025;Resolución N.° 00026-2025-OEFA/DSIS;;
37522;1153;110109;Ica;Ica;San José de Los Molinos;20198806481;MUNICIPALIDAD DISTRITAL SAN JOSE MOLINOS;UF0010564;Botadero Sector El Boquerón;18;428838.0;8458751.0;160.441786;1363.208898;0.136321;Municipalidad distrital de San José de Los Molinos;5;Si;No;No;No;No;No;No;No;No;No;Recuperación;2018;RCD N°026 -2018-OEFA/CD;;
37523;1154;110110;Ica;Ica;San Juan Bautista;20148420981;MUNICIPALIDAD DIST. DE SAN JUAN BAUTISTA;UF0009469;Botadero Centro Poblado El Olivo;18;423097.0;8457277.0;384;9291;0.93;Municipalidad distrital de San Juan Bautista;2.5;No;No;No;No;No;No;No;No;No;No;Recuperación;2018;RCD N°026 -2018-OEFA/CD;Resolución N.° 00024-2025-OEFA/DSIS;
37524;1155;110111;Ica;Ica;Santiago;20142167744;MUNICIPALIDAD PROVINCIAL DE ICA;UF0009827;Botadero Las Antenas;18;436314.0;8409218.0;1483.611235;78594.426864;7.859443;Municipalidad distrital de Ocucaje;0.3;No;No;No;No;No;No;No;No;No;No;Recuperación;2018;RCD N°026 -2018-OEFA/CD;;
37525;1156;110111;Ica;Ica;Santiago;20147711159;MUNICIPALIDAD DISTRITAL DE SANTIAGO;UF0009329;Botadero Altura del Km 352.5 Carretera Panamericana Sur;18;442395.0;8404079.0;1094.372947;75213.442372;7.521344;Municipalidad distrital de Tate, Municipalidad distrital de Pachacutec, Municipalidad distrital de Salas, Municipalidad distrital de Ocucaje, Municipalidad distrital de Subtanjalla;21;Si;No;No;Si;No;No;No;No;No;No;Recuperación;2018;RCD N°026 -2018-OEFA/CD;;
37526;1157;110111;Ica;Ica;Santiago;20368105563;MUNICIPALIDAD DISTRITAL DE PUEBLO NUEVO;UF0009328;Botadero altura del Km 344 Carretera Panamericana Sur;18;435057.0;8410582.0;1626.431297;55437.789679;5.543779;Municipalidad distrital de Pueblo Nuevo, Municipalidad distrital de Tate, Municipalidad distrital de Pachacutec, Municipalidad distrital de Salas;130;Si;No;No;No;No;No;No;No;No;No;Recuperación;2018;RCD N°026 -2018-OEFA/CD;Resolución N.° 00024-2025-OEFA/DSIS;
37527;1158;110114;Ica;Ica;Yauca del Rosario;20193995242;MUNICIPALIDAD DISTRITAL YAUCA DEL ROSARI;UF0009466;Botadero Centro Poblado de Santuario ;18;437691.0;8436832.0;77.990174;305.713681;0.030571;Municipalidad distrital de Yauca del Rosario;0.05;No;No;No;No;No;No;No;No;No;No;Recuperación;2018;RCD N°026 -2018-OEFA/CD;;
37528;1159;110114;Ica;Ica;Yauca del Rosario;20193995242;MUNICIPALIDAD DISTRITAL YAUCA DEL ROSARI;UF0009327;Botadero altura de Km 5 Trayecto Ica - Pampahuasi;18;432843.0;8437848.0;260.19814;3634.616231;0.363462;Municipalidad distrital de Yauca del Rosario, Municipalidad distrital de Los Aquijes;No Precisa;No;No;No;No;No;No;No;No;No;No;Recuperación;2018;RCD N°026 -2018-OEFA/CD;;
37529;1160;110114;Ica;Ica;Yauca del Rosario;20195122238;MUNICIPALIDAD DISTRITAL DE LOS AQUIJES;UF0009944;Botadero Municipal;18;434453.0;8437331.0;117.20739;745.527205;0.074553;Municipalidad distrital de Los Aquijes;0.01;No;No;Si;No;No;No;No;No;No;No;Recuperación;2018;RCD N°026 -2018-OEFA/CD;;
37530;1161;110114;Ica;Ica;Yauca del Rosario;20195122238;MUNICIPALIDAD DISTRITAL DE LOS AQUIJES;UF0009945;Botadero Municipal;18;433238.0;8438093.0;359.643424;5339.854722;0.533985;Municipalidad distrital de Los Aquijes;0.01;Si;No;Si;No;No;No;No;No;No;No;Recuperación;2018;RCD N°026 -2018-OEFA/CD;;
37531;1162;110114;Ica;Ica;Yauca del Rosario;20193995242;MUNICIPALIDAD DISTRITAL YAUCA DEL ROSARI;UF0035335;Botadero Santuario;18;438153.0;8436587.0;No precisa;105;0.0105;Municipalidad Distrital Yauca del Rosario;0.02;No;No;Si;No;No;No;No;No;No;No;Recuperación;2022;Resolución N.° 00067-2022-OEFA/DSIS;;
37532;1163;110114;Ica;Ica;Yauca del Rosario;20193995242;MUNICIPALIDAD DISTRITAL YAUCA DEL ROSARI;UF0036040;Botadero Casa Blanca;18;444565.0;8443627.0;No precisa;370;0.037;Municipalidad Distrital Yauca del Rosario;0.035;No;No;No;No;No;No;No;No;No;No;Recuperación;2023;Resolución N.° 00020-2023-OEFA/DSIS;;
37533;1164;110302;Ica;Nasca;Changuillo;20198498727;MUNICIPALIDAD DISTRITAL DE CHANGUILLO;UF0010276;Botadero S/N;18;477293.0;8377739.0;10.096018;6.3485;0.000635;Municipalidad distrital de Changuillo;0.01;No;No;Si;Si;No;No;No;No;No;No;Recuperación;2018;RCD N°026 -2018-OEFA/CD;;
37534;1165;110303;Ica;Nasca;El Ingenio;20162456408;MUNICIPALIDAD DISTRITAL DE EL INGENIO;UF0009468;Botadero Centro Poblado El Estudiante;18;487285.0;8379873.0;1582.29;39866.04;39.86;Municipalidad distrital de Ingenio;0;No;No;Si;No;No;No;No;No;No;No;Recuperación;2018;RCD N°026 -2018-OEFA/CD;Resolución N.° 00008-2025-OEFA/DSIS;
37535;1166;110304;Ica;Nasca;Marcona;20147705850;MUNICIPALIDAD PROVINCIAL DE NASCA;UF0013587;Botadero Sector Orcona;18;513004.0;8365134.0;912.323874;33259.302602;3.32593;No Precisa;No Precisa;No Precisa;No Precisa;No Precisa;No Precisa;No Precisa;No;No;No;No;No;Recuperación;2018;RCD N°026 -2018-OEFA/CD;;
37536;1167;110301;Ica;Nasca;Nasca;20147705850;MUNICIPALIDAD PROVINCIAL DE NASCA;UF0010510;Botadero Sector Cerrillo mancha verde;18;500087.0;8354191.0;1734.866352;71664.844858;7.166484;Municipalidad provincial de Nasca, Municipalidad distrital de Vista Alegre;18.55;Si;No;Si;No;No;No;No;No;No;No;Recuperación;2018;RCD N°026 -2018-OEFA/CD;;
37537;1168;110301;Ica;Nasca;Nasca;20147705850;MUNICIPALIDAD PROVINCIAL DE NASCA;UF0036915;Botadero Municipal centro Poblado Orcona - Sector El Trigal II;18;512602.0;8366191.0;1164;51120;5.112;Municipalidad provincial de Nasca;31.8;Si;No;Si;No;No;No;No;No;No;No;Recuperación;2023;Resolución N.° 00085-2023-OEFA/DSIS;;
37538;1169;110305;Ica;Nasca;Vista Alegre;20147706155;MUNICIPALIDAD DISTRITAL DE VISTA ALEGRE;UF0010615;Botadero Sector Las Lomas;18;508127.0;8357518.0;1141;22558;2.256;Municipalidad distrital de Vista Alegre;18;Si;No;Si;No;Si;No;No;No;No;No;Recuperación;2018;RCD N°026 -2018-OEFA/CD;;"R.A. N° 06-2024-AMPN
D.A. N° 004-2023-A-MDVA"
37539;1170;110402;Ica;Palpa;Llipata;20147704373;MUNICIPALIDAD PROVINCIAL DE PALPA;UF0009330;Botadero altura del Km 413.5 Carretera Panamerica Sur;18;483018.0;8383699.0;177.853016;1666.223392;0.166622;Municipalidad provincial de Palpa, Municipalidad distrital de Llipata;4.6;Si;No;Si;No;No;No;No;No;No;No;Recuperación;2018;RCD N°026 -2018-OEFA/CD;;
37540;1171;110403;Ica;Palpa;Río Grande;20193999825;MUNICIPALIDAD DISTRITAL DE RIO GRANDE;UF0010572;Botadero Sector El Pernil ;18;476865.0;8396257.0;364.168838;3395.186261;0.339519;Municipalidad distrital de Rio Grande;No Precisa;Si;No;Si;No;No;No;No;No;No;No;Recuperación;2018;RCD N°026 -2018-OEFA/CD;;
37541;1172;110403;Ica;Palpa;Río Grande;20193999825;MUNICIPALIDAD DISTRITAL DE RIO GRANDE;UF0010609;Botadero Sector La Isla;18;479881.0;8400491.0;62.614737;223.804943;0.02238;Municipalidad distrital de Río Grande;0.5;Si;No;Si;No;No;No;No;No;No;No;Recuperación;2018;RCD N°026 -2018-OEFA/CD;;
37542;1173;110404;Ica;Palpa;Santa Cruz;20201053308;MUNICIPALIDAD DISTRITAL SANTA CRUZ;UF0010385;Botadero S/N;18;475134.0;8398810.0;292.826816;5219.605646;0.521961;Municipalidad distrital de Santa Cruz;0.2;No;No;Si;No;No;No;No;No;No;No;Recuperación;2018;RCD N°026 -2018-OEFA/CD;;
37543;1174;110405;Ica;Palpa;Tibillo;20222390665;MUNICIPALIDAD DISTRITAL TIBILLO;UF0010527;Botadero Sector Chochoca;18;480513.0;8441567.0;58.788427;177.462263;0.017746;Municipalidad distrital de Tibillo;0.1;No;No;Si;No;No;No;No;No;No;No;Recuperación;2018;RCD N°026 -2018-OEFA/CD;;
37544;1175;110502;Ica;Pisco;Huancano;20163557127;MUNICIPALIDAD DISTRITAL DE HUANCANO;UF0009331;Botadero altura del Km 70 Carretera Libertadores Wari;18;435882.0;8497029.0;194.355555;2030.060187;0.203006;Municipalidad distrital de Huancano;1.2;No;No;No;No;No;No;No;No;No;No;Recuperación;2018;RCD N°026 -2018-OEFA/CD;;
37545;1176;110503;Ica;Pisco;Humay;20206518571;MUNICIPALIDAD DISTRITAL DE HUMAY;UF0010432;Botadero S/N;18;396894.0;8479092.0;331;6886;0.68;Municipalidad distrital de Humay;3.609;Si;No;Si;Si;No;No;No;No;No;No;Recuperación;2018;RCD N°026 -2018-OEFA/CD;Resolución N.° 00022-2025-OEFA/DSIS;
37546;1177;110504;Ica;Pisco;Independencia;20172509143;MUNICIPALIDAD DISTRITAL DE INDEPENDENCIA;UF0010622;Botadero Sector Lomas de Cabeza;18;393568.0;8493700.0;438.964629;6358.024206;0.635802;Municipalidad distrital de Independencia;7;No;No;Si;No;No;No;No;No;No;No;Recuperación;2018;RCD N°026 -2018-OEFA/CD;;
37547;1178;110505;Ica;Pisco;Paracas;20162427301;MUNICIPALIDAD DISTRITAL DE PARACAS;UF0009332;Botadero altura del Km 9.5 Carretera Santana Chiri;18;368044.0;8472412.0;892;45848;4.58;Municipalidad distrital de Paracas;21;Si;No;Si;No;No;No;No;No;Si;No;Recuperación;2018;RCD N°026 -2018-OEFA/CD;Resolución N.° 00024-2025-OEFA/DSIS;R.G. N° 019-2022-MPP-GSCASP
37548;1179;110506;Ica;Pisco;San Andrés;20148421103;MUNICIPALIDAD PROVINCIAL DE PISCO;UF0009711;Botadero Fundo Santa Martha;18;369745.0;8480269.0;1636.16119;156497.218448;15.649722;Municipalidad provincial de Pisco;33.84;Si;No;Si;No;Si;No;No;No;No;No;Recuperación;2018;RCD N°026 -2018-OEFA/CD;;R.G. N° 024-2022-MPP-GSCASP
37549;1180;110506;Ica;Pisco;San Andrés;20184022207;MUNICIPALIDAD DISTRITAL DE SAN ANDRES;UF0010364;Botadero S/N;18;369716.0;8480779.0;543.737152;19127.046018;1.912705;Municipalidad distrital de San Andrés;20;Si;No;Si;No;No;No;No;No;No;No;Recuperación;2018;RCD N°026 -2018-OEFA/CD;;R.G. N° 003-2022-MPP-GSCASP
37550;1181;110507;Ica;Pisco;San Clemente;20163579791;MUNICIPALIDAD DISTRITAL DE SAN CLEMENTE;UF0010506;Botadero Sector Caucato;18;373514.0;8490214.0;2487;229000;22.9;Municipalidad distrital de San Clemente;60;Si;No;Si;Si;No;No;No;No;No;No;Recuperación;2018;RCD N°026 -2018-OEFA/CD;;
37551;1182;110508;Ica;Pisco;Tupac Amaru Inca;20147604310;MUNICIPALIDAD DISTRITAL TUPAC AMARU INCA;UF0010654;Botadero Sector Pampa de Ocas;18;377391.0;8481613.0;581.951918;11777.30697;1.177731;Municipalidad distrital de Tupac Amaru Inca;5;Si;No;Si;No;No;No;No;No;No;No;Recuperación;2018;RCD N°026 -2018-OEFA/CD;;R.G. N° 017-2022-MPP-GSCASP
37552;1183;120301;Junín;Chanchamayo;Chanchamayo;20146663461;MUNICIPALIDAD PROVINCIAL DE CHANCHAMAYO;UF0010656;Botadero Sector Pampa Michi;18;470889.0;8790004.0;451.256156;10742.772782;1.074277;Municipalidad provincial de Chanchamayo;285;Si;No;No;Si;No;No;No;No;No;No;Recuperación;2018;RCD N°026 -2018-OEFA/CD;;R.D. Nº 066-2013/DSB/DIGESA/SA
37553;1184;120302;Junín;Chanchamayo;Perene;20195238961;MUNICIPALIDAD DISTRITAL PERENE;UF0009477;Botadero Cerro Gavilán;18;472746.0;8787184.0;635.351272;20143.817622;2.014382;Municipalidad distrital de Perené;35;Si;No;No;No;No;No;No;No;No;No;Recuperación;2018;RCD N°026 -2018-OEFA/CD;;"R.G. N° 328-2022/MPH-GDE
R.G. N° 296-2023/MPCH-GDE"
37554;1185;120303;Junín;Chanchamayo;Pichanaqui;20146640843;MUNICIPALIDAD DISTRITAL DE PICHANAQUI;UF0009325;Botadero Alto Kimiriki;18;513363.0;8789958.0;2195;170300;17.03;Municipalidad distrital de Pichanaki;38;Si;No;No;No;Si;No;No;No;No;No;Reconversión;2018;RCD N°026 -2018-OEFA/CD;Resolución N.° 00002-2025-OEFA/DSIS;"R.A. N° 117-2021/MPCH
R.G Nº 125-2025/MPCH-GDE"
37555;1186;120304;Junín;Chanchamayo;San Luis de Shuaro;20204460648;MUNICIPALIDAD DIST SAN LUIS DE SHUARO;UF0010172;Botadero Puñizas;18;470407.0;8799110.0;271.62847;5125.889257;0.512589;Municipalidad distrital de San Luis de Shuaro;1;No;No;No;No;No;No;No;No;No;No;Recuperación;2018;RCD N°026 -2018-OEFA/CD;;
37556;1187;120304;Junín;Chanchamayo;San Luis de Shuaro;20204460648;MUNICIPALIDAD DIST SAN LUIS DE SHUARO;UF0013004;Botadero Municipal Pampa Rica;18;466299.0;8797078.0;52.826088;180.618965;0.018062;Municipalidad distrital San Luis de Shuaro;0.9;No;No;No;No;No;No;No;No;No;No;Recuperación;2021;RESOLUCION N° 00003-2021-OEFA/DSIS;;
37557;1188;120305;Junín;Chanchamayo;San Ramón;20146657142;MUNICIPALIDAD DISTRITAL DE SAN RAMON;UF0010448;Botadero San Juan de Tulumayo;18;460499.0;8767194.0;1055;49313;4.93;Municipalidad distrital de San Ramón;28;Si;No;No;No;No;No;No;No;No;No;Reconversión;2018;RCD N°026 -2018-OEFA/CD;;
37558;1189;120306;Junín;Chanchamayo;Vitoc;20201191280;MUNICIPALIDAD DISTRITAL DE VITOC;UF0010134;Botadero Piedra Blanca;18;463412.0;8761492.0;139.929881;1320.875626;0.132088;Municipalidad distrital de Vitoc;0.5;No;No;No;No;No;No;No;No;No;No;Recuperación;2018;RCD N°026 -2018-OEFA/CD;;
37559;1190;120902;Junín;Chupaca;Ahuac;20204050318;MUNICIPALIDAD DISTRITAL DE AHUAC;UF0009316;Botadero Alanya;18;465996.0;8662859.0;499.058831;14081.839961;1.408184;Municipalidad distrital de Ahuac;0.5;Si;No;No;No;No;No;No;No;No;No;Recuperación;2018;RCD N°026 -2018-OEFA/CD;;R.G. N° 01-2021-MPCH/GGA
37560;1191;120903;Junín;Chupaca;Chongos Bajo;20201934509;MUNICPALIDAD DISTRITAL DE CHONGOS BAJO;UF0017736;Botadero Chongos Bajo;18;472913.3;8658386.8;236;2900;0.29;Municipalidad distrital de Chongos Bajo;0.5;No;No;No;No;No;No;No;No;No;No;Recuperación;2022;Resolución N.° 00018-2022-OEFA/DSIS;Resolución N.° 00147-2024-OEFA/DSIS;R.G. N° 01-2025-GGA-MPCH
37561;1192;120904;Junín;Chupaca;Huachac;20215165036;MUNICIPALIDAD DISTRITAL DE HUACHAC;UF0009924;Botadero Municipal;18;464262.0;8671332.0;298.948423;4730.15694;0.473016;Municipalidad distrital de Huachac;0.7;No;No;No;No;No;No;No;No;No;No;Recuperación;2018;RCD N°026 -2018-OEFA/CD;;
37562;1193;120905;Junín;Chupaca;Huamancaca Chico;20281096363;MUNCIPALIDAD DIST DE HUAMANCACA CHICO;UF0010108;Botadero Paraje Huascan;18;472267.0;8663635.0;372.357622;7842.000061;0.7842;Municipalidad distrital de Huamancaca Chico;0.857;No;No;No;No;No;No;No;No;No;No;Reconversión;2018;RCD N°026 -2018-OEFA/CD;;R.G.G.A. N° 010-2020-MPCH
37563;1194;120101;Junín;Chupaca;Huamancaca Chico;20174790320;MUNICIPALIDAD PROVINCIAL DE CHUPACA;UF0009534;Botadero Común;18;471850.0;8663605.0;548.209293;13914.954988;1.391495;Municipalidad provincial de Chupaca, Municipalidad distrital de Huamancaca Chico, Municipalidad distrital de Chongos Bajo, Municipalidad distrital de Tres de Diciembre;30;No;No;No;No;No;No;No;No;No;No;Recuperación;2018;RCD N°026 -2018-OEFA/CD;;
37564;1195;120907;Junín;Chupaca;San Juan de Jarpa;20318848379;MUNICIP. DISTRITAL DE SAN JUAN DE JARPA;UF0009768;Botadero Huntaypampa;18;453703.0;8659181.0;67.293468;284.465398;0.028447;Municipalidad distrital de San Juan de Jarpa;0.05;No;No;Si;No;No;No;No;No;No;No;Recuperación;2018;RCD N°026 -2018-OEFA/CD;;
37565;1196;120907;Junín;Chupaca;San Juan de Jarpa;20318848379;MUNICIP. DISTRITAL DE SAN JUAN DE JARPA;UF0034674;Botadero La Quebrada Jarpa;18;454216.17;8659213.52;No precisa;No precisa;No precisa;Municipalidad Distrital San Juan de Jarpa;1;No;No;No;No;No;No;No;No;No;No;Recuperación;2022;Resolución N.° 00054-2022-OEFA/DSIS;;
37566;1197;120909;Junín;Chupaca;Yanacancha;20204050580;MUNICIPALIDAD DISTRIT.DE YANACANCHA;UF0009462;Botadero Centro;18;458862.0;8649870.0;68.8;231;0.02;Municipalidad distrital de Yanacancha;0.028;No;No;No;No;No;No;No;No;No;No;Recuperación;2018;RCD N°026 -2018-OEFA/CD;Resolución N.° 00136-2024-OEFA/DSIS;
37567;1198;120202;Junín;Concepción;Aco;20180414992;MUNICIPALIDAD DISTRITAL DE ACO;UF0009851;Botadero Machairon;18;457610.0;8680369.0;188.650895;2035.657792;0.203566;Municipalidad distrital de Aco;0.35;No;No;No;No;No;No;No;No;No;No;Recuperación;2018;RCD N°026 -2018-OEFA/CD;;
37568;1199;120203;Junín;Concepción;Andamarca;20191908547;MUNICIPALIDAD DISTRITAL DE ANDAMARCA;UF0010731;Botadero Sector Yialula;18;521348.0;8703868.0;91.64906;523.301446;0.05233;Municipalidad distrital de Andamarca;0.12;No;No;No;No;No;No;No;No;No;No;Recuperación;2018;RCD N°026 -2018-OEFA/CD;;
37569;1200;120204;Junín;Concepción;Chambara;20191894490;MUNICIPALIDAD DISTRITAL DE CHAMBARA;UF0009824;Botadero Lamblaspuquio;18;457661.0;8670472.0;142.101757;1495.822302;0.149582;Municipalidad distrital de Chambara;0.4;No;No;Si;No;No;No;No;No;No;No;Recuperación;2018;RCD N°026 -2018-OEFA/CD;;
37570;1201;120205;Junín;Concepción;Cochas;20201188149;MUNICIPALIDAD DISTRITAL DE COCHAS;UF0010441;Botadero Salviapata;18;489231.0;8709881.0;183;1636;0.16;Municipalidad distrital de Cochas;0.1;No;No;No;No;No;No;No;No;No;No;Recuperación;2018;RCD N°026 -2018-OEFA/CD;Resolución N.° 00019-2025-OEFA/DSIS;
37571;1202;120206;Junín;Concepción;Comas;20221558902;MUNICIPALIDAD DISTRITAL DE COMAS;UF0009859;Botadero Malcopata/Paraje Illpa;18;492007.0;8703946.0;242.004812;2244.84798;0.224485;Municipalidad distrital de Comas;3;Si;No;No;No;No;No;No;No;No;No;Recuperación;2018;RCD N°026 -2018-OEFA/CD;;
37572;1203;120207;Junín;Concepción;Heroinas Toledo;20201188491;MUNICIPALIDAD DISTRITAL HEROINAS DE TOLEDO;UF0018554;Botadero Mushcapata;18;465820.0;8690037.0;100;60;0.006;Municipalidad distrital Heroinas de Toledo;0.016;No;No;No;No;No;No;No;No;No;No;Recuperación;2022;Resolución N.° 00018-2022-OEFA/DSIS;;
37573;1204;120208;Junín;Concepción;Manzanares;20201188220;MUNICIPALIDAD DISTRITAL DE MANZANARES;UF0009874;Botadero Mata Cruz;18;462823.0;8673062.0;175;1900;0.186568;Municipalidad distrital de Manzanares;0.5;No;No;Si;No;No;No;No;No;No;No;Recuperación;2018;RCD N°026 -2018-OEFA/CD;Resolución N.° 00002-2025-OEFA/DSIS;
37574;1205;120209;Junín;Concepción;Mariscal Castilla;20203809931;MUNICIPALIDAD DISTRITAL DE MARISCAL CAST;UF0010769;Botadero Tiripata;18;490361.0;8717482.0;132.736065;741.531505;0.074153;Municipalidad distrital de Mariscal Castilla;0.5;No;No;No;No;No;No;No;No;No;No;Recuperación;2018;RCD N°026 -2018-OEFA/CD;;
37575;1206;120210;Junín;Concepción;Matahuasi;20205308556;MUNICIPALIDAD DISTRITAL DE MATAHUASI;UF0009734;Botadero Huamanhuaca;18;460261.0;8687820.0;433.874874;5200;0.52;Municipalidad distrital de Matahuasi;0.1;Si;No;Si;No;No;No;No;No;No;No;Recuperación;2018;RCD N°026 -2018-OEFA/CD;Resolución N.° 0017-2025-OEFA/DSIS;
37576;1207;120211;Junín;Concepción;Mito;20201188068;MUNICIPALIDAD DISTRITAL DE MITO;UF0009368;Botadero Barrio Junín;18;462670.0;8680468.0;91.384887;582.053041;0.058205;Municipalidad distrital de Mito;0.15;No;No;No;No;No;No;No;No;No;No;Recuperación;2018;RCD N°026 -2018-OEFA/CD;;
37577;1208;120213;Junín;Concepción;Orcotuna;20205376390;MUNICIPALIDAD DISTRITAL DE ORCOTUNA;UF0009810;Botadero La Isla;18;467757.0;8677768.0;246.857359;3704.354552;0.370435;Municipalidad distrital de Orcotuna;0.5;No;No;No;No;No;No;No;No;No;No;Recuperación;2018;RCD N°026 -2018-OEFA/CD;Resolución N.° 00028-2025-OEFA/DSIS;R.G.E.M.A. N° 002-2022-GEMA/MPC
37578;1209;120214;Junín;Concepción;San José de Quero;20191894571;MUNICIPALIDAD DISTRITAL DE SAN JOSE DE Q;UF0009501;Botadero Chicche Corral;18;442125.0;8663105.0;132.97691;650.85164;0.065085;Municipalidad distrital de San José de Quero;0.9;No;No;No;No;No;No;No;No;No;No;Recuperación;2018;RCD N°026 -2018-OEFA/CD;;
37579;1210;120215;Junín;Concepción;Santa Rosa de Ocopa;20199260791;MUNICIPALIDAD DISTRITAL SANTA ROSA DE OC;UF0009362;Botadero Aylapampa;18;466671.0;8687584.0;375.839346;7699.396192;0.76994;Municipalidad distrital de Santa Rosa de Ocopa;0.6;Si;No;No;No;No;No;No;No;No;No;Recuperación;2018;RCD N°026 -2018-OEFA/CD;;
37580;1211;120203;Junín;Huancayo;Andamarca;20221788908;MUNICIPALIDAD DISTRITAL STO DOM ACOBAMBA;UF0015501;Botadero Verde Pampa;18;521758.0;8699347.0;217.284172;2864.402952;0.28644;Municipalidad distrital de Santo Domingo de Acobamba;0.2;No;No;No;No;No;No;No;No;No;No;Recuperación;2021;RESOLUCION N° 00003-2021-OEFA/DSIS;;
37581;1212;120104;Junín;Huancayo;Carhuacallanga;20318766569;MUNICIPALIDAD DISTRITAL CARHUACALLANGA;UF0009414;Botadero Carhuacallanga;18;478273.0;8634234.0;77.976002;433.286047;0.043329;Municipalidad distrital de Carhuacallanga;0.05;No;No;Si;No;No;No;No;No;No;No;Recuperación;2018;RCD N°026 -2018-OEFA/CD;;
37582;1213;120105;Junín;Huancayo;Chacapampa;20281982568;MUNICIPALIDAD DISTRITAL DE CHACAPAMPA;UF0010270;Botadero S/N;18;473698.0;8635179.0;42.38149;126.168271;0.012617;Municipalidad distrital de Chacapampa;0.03;No;No;No;No;No;No;No;No;No;No;Recuperación;2018;RCD N°026 -2018-OEFA/CD;;
37583;1214;120105;Junín;Huancayo;Chacapampa;20281982568;MUNICIPALIDAD DISTRITAL DE CHACAPAMPA;UF0039506;Botadero Carahuayo;18;473886.04;8635956.26;100;1000;0.1;Municipalidad distrital de Chacapampa;0.01;No;No;No;No;No;No;No;No;No;No;Recuperación;2025;Resolución N° 00008-2025-OEFA/DSIS;;
37584;1215;120106;Junín;Huancayo;Chicche;20228778525;MUNICIPALIDAD DISTRITAL DE CHICCHE;UF0040016;Botadero paraje Condorey;18;467782.0;8644196.0;120;700;0.07;Municipalidad distrital de Chicche;No Precisa;No;No;No;No;No;No;No;No;No;No;Recuperación;2025;RESOLUCIÓN N° 00013-2025-OEFA/DSIS;;
37585;1216;120107;Junín;Huancayo;Chilca;20133696823;MUNICIPALIDAD PROVINCIAL DE HUANCAYO;UF0009371;Botadero Barrio Progreso ;18;475166.0;8662278.0;1075.7;46211.84;4.6211;Municipalidad distrital de Pilcomayo, Municipalidad distrital de Chilca, Municipalidad provincial de Huancayo, Municipalidad distrital de Huancán;250;Si;No;No;Si;Si;No;No;No;No;No;Recuperación;2018;RCD N°026 -2018-OEFA/CD;;"R.G.S.P N° 00040-2018-MPH/GSP
R.G.S.P. N° 424-2019-MPH/GSP
R.G.S.P. N° 204-2021-MPH/GSP
R.G.S.P. N° 363-2021-MPH/GSP
R.G.S.P. N° 574-2022-MPH/GSP
R.G.S.P. N° 105-2024-MPH/GSP"
37586;1217;120107;Junín;Huancayo;Chilca;20133696661;MUNICIPALIDAD DISTRITAL DE CHILCA;UF0037034;Botadero Mayopampa;18;475122.532;8662401.692;797.16;30594;3.05947;Municipalidad distrital de Chilca;90;No;No;No;No;No;No;No;No;No;No;Recuperación;2023;Resolución N.° 00098-2023-OEFA/DSIS;;R.G.S.P. N° 215-2024-MPH/GSP
37587;1218;120108;Junín;Huancayo;Chongos Alto;20223724591;MUNICIPALIDAD DISTRITAL CHONGOS ALTO;UF0010114;Botadero Paraje Santa Rosa;18;469127.0;8638812.0;237.60565;2373.722391;0.237372;Municipalidad distrital de Chongos Alto;1;Si;No;No;No;No;No;No;No;No;No;Reconversión;2018;RCD N°026 -2018-OEFA/CD;;
37588;1219;120111;Junín;Huancayo;Chupuro;20202667750;MUNICIPALIDAD DISTRITAL DE CHUPURO;UF0010111;Botadero Paraje Playa Hermosa;18;473571.0;8655518.0;316.701301;6949.179254;0.694918;Municipalidad distrital de Chupuro;0.3;No;No;No;No;No;No;No;No;No;No;Recuperación;2018;RCD N°026 -2018-OEFA/CD;;
37589;1220;120112;Junín;Huancayo;Colca;20318814717;MUNICIPALIDAD DISTRITAL DE COLCA;UF0010102;Botadero Paraje Alfacorral;18;475760.8;8637594.96;173;1800;0.18;Municipalidad distrital de Colca;0.07;No;No;No;No;No;No;No;No;No;No;Recuperación;2018;RCD N°026 -2018-OEFA/CD;Resolución N.° 00008-2025-OEFA/DSIS;
37590;1221;120905;Junín;Huancayo;El Tambo;20133696823;MUNICIPALIDAD PROVINCIAL DE HUANCAYO;UF0013852;Botadero El Edén;18;474373.0;8665692.0;903.607011;33626.134321;3.362613;Municipalidad distrital de El Tambo;0;No;No;No;No;No;No;No;No;No;No;Recuperación;2021;RESOLUCION N° 00003-2021-OEFA/DSIS;;R.G.S.P. N° 047-2018-MPH/GSP
37591;1222;120114;Junín;Huancayo;El Tambo;20133696742;MUNICIPALIDAD DISTRITAL DE EL TAMBO;UF0009814;Botadero La Mejorada;18;473759.0;8667944.0;726.101297;19703.214665;1.970321;Municipalidad distrital de El Tambo;190;Si;No;No;Si;No;No;No;No;No;No;Recuperación;2018;RCD N°026 -2018-OEFA/CD;;R.G.S.P. N° 347-2022-MPH/GSP
37592;1223;120114;Junín;Huancayo;El Tambo;20133696742;MUNICIPALIDAD DISTRITAL DE EL TAMBO;UF0009686;Botadero El Porvenir;18;473493.0;8669597.0;1188;84174;8.42;Municipalidad distrital de El Tambo;105.00;No;No;No;No;No;No;No;No;No;No;Recuperación;2018;RCD N°026 -2018-OEFA/CD;Resolución N.° 0017-2025-OEFA/DSIS;
37593;1224;120114;Junín;Huancayo;El Tambo;20133696742;MUNICIPALIDAD DISTRITAL DE EL TAMBO;UF0013851;Botadero Agua de las Virgenes;18;474263.157775;8666116.38039;936.354606;48549.898509;4.85499;Municipalidad distrital de El Tambo;0;No;No;No;No;No;No;No;No;No;No;Recuperación;2021;RESOLUCION N° 00003-2021-OEFA/DSIS;;R.G.S.P. N° 255-2022-MPH/GSP
37594;1225;120116;Junín;Huancayo;Huacrapuquio;20188334840;MUNICIPALIDAD DISTRITAL VIQUES;UF0009475;Botadero Cerro Cuchimachay;18;473919.0;8654051.0;264.361785;3459.743442;0.345974;Municipalidad distrital de Viques;0.5;Si;No;No;No;No;No;No;No;No;No;Reconversión;2018;RCD N°026 -2018-OEFA/CD;;"R.G.S.P. N° 178-2021-MPH/GSP
R.G.S.P. N° 187-2022-MPH/GSP"
37595;1226;120116;Junín;Huancayo;Huacrapuquio;20180401238;MUNICIPALIDAD DISTRITAL DE HUACRAPUQUIO;UF0040605;Botadero Tucushatana;18;477541.0;8653381.0;107;7500;0.75;Municipalidad distrital de Huacrapuquio;228.5;No;No;No;No;No;No;No;No;No;No;Recuperación;2025;Resolución N.° 0017-2025-OEFA/DSIS;;
37596;1227;120117;Junín;Huancayo;Hualhuas;20204039268;MUNICIPALIDAD DISTRITAL DE HUALHUAS;UF0010104;Botadero Paraje Chauca;18;473224.0;8676980.0;229.288587;2308.746797;0.230875;Municipalidad distrital de Hualhuas;0.286;No;No;No;No;No;No;No;No;No;No;Recuperación;2018;RCD N°026 -2018-OEFA/CD;;"R.G.S.P. N° 139-2022-MPH/GSP
R.G.S.P. N° 401-2024-MPH/GSP"
37597;1228;120119;Junín;Huancayo;Huancan;20133696823;MUNICIPALIDAD PROVINCIAL DE HUANCAYO;UF0009369;Botadero Barrio Mantaro;18;475049.0;8661729.0;749.34;28703.13;2.87;Municipalidad provincial de Huancayo, Municipalidad distrital de Huancán;200;No;No;No;Si;No;No;No;No;No;No;Recuperación;2018;RCD N°026 -2018-OEFA/CD;;"R.G.S.P N° 00040-2018-MPH/GSP
R.G.S.P. N° 424-2019-MPH/GSP
R.G.S.P. N° 204-2021-MPH/GSP
R.G.S.P. N° 363-2021-MPH/GSP
R.G.S.P. N° 574-2022-MPH/GSP
R.G.S.P. N° 105-2024-MPH/GSP"
37598;1229;120119;Junín;Huancayo;Huancan;20208754379;MUNICIPALIDAD DISTRITAL TRES DE DICIEMBRE;UF0038238;Botadero Sector Mayopampa;18;474766.0;8661975.0;76.6;420;0.04;Municipalidad distrital Tres de Diciembre;No precisa;No;No;No;No;No;No;No;No;No;No;Recuperación;2024;Resolución N° 0035-2024-OEFA/DSIS;;
37599;1230;120120;Junín;Huancayo;Huasicancha;20318794180;MUNICIPALIDAD DISTRITAL DE HUASICANCHA;UF0010462;Botadero Santa Rosa;18;468819.0;8636732.0;81.711124;373.705022;0.037371;Municipalidad distrital de Huasicancha;0.25;No;No;Si;No;No;No;No;No;No;No;Recuperación;2018;RCD N°026 -2018-OEFA/CD;;
37600;1231;120121;Junín;Huancayo;Huayucachi;20199806344;MUNICIPALIDAD DISTRITAL DE HUAYUCACHI;UF0009480;Botadero Cerro San Cristóbal;18;477098.0;8657433.0;332.49312;4442.311003;0.444231;Municipalidad distrital de Huayucachi;1.5;No;No;No;No;No;No;No;No;No;No;Recuperación;2018;RCD N°026 -2018-OEFA/CD;;
37601;1232;120122;Junín;Huancayo;Ingenio;20172730940;MUNICIPALIDAD DISTRITAL DE INGENIO;UF0010691;Botadero Sector Rumichaca;18;472526.0;8685572.0;227;2963;0.3;Municipalidad distrital de Ingenio;0.286;No;No;No;No;No;No;No;No;No;No;Recuperación;2018;RCD N°026 -2018-OEFA/CD;Resolución N.° 00140-2024-OEFA/DSIS;
37602;1233;120124;Junín;Huancayo;Pariahuanca;20219100311;MUNICIPALIDAD DISTRITAL DE PARIAHUANCA;UF0040207;Botadero Sector Chuyas;18;512994.0;8671902.0;75;270;0.02;Municipalidad distrital de Pariahuanca;No precisa;No;No;No;No;No;No;No;No;No;No;Recuperación;2025;RESOLUCIÓN N° 00016-2025-OEFA/DSIS;;
37603;1234;120124;Junín;Huancayo;Pariahuanca;20219100311;MUNICIPALIDAD DISTRITAL DE PARIAHUANCA;UF0009693;Botadero en el Sector Lampa (Borde de una Carretera);18;511044.0;8675888.0;159.45;741.18;0.037;Municipalidad distrital de Pariahuanca;0;No;No;No;No;No;No;No;No;No;No;Recuperación;2018;RCD N°026 -2018-OEFA/CD;Resolución N.° 00140-2024-OEFA/DSIS;
37604;1235;120125;Junín;Huancayo;Pilcomayo;20199800061;MUNICIPALIDAD DISTRITAL DE PILCOMAYO;UF0009957;Botadero Municipal;18;473226.0;8668572.0;340.68514;5589.80131;0.55898;Municipalidad distrital de Pilcomayo;7;No;No;No;No;No;No;No;No;No;No;Recuperación;2018;RCD N°026 -2018-OEFA/CD;;R.G.S.P. N° 179-2021-MPH/GSP
37605;1236;120126;Junín;Huancayo;Pucara;20204457001;MUNICIPALIDAD DISTRITAL DE PAZOS;UF0035974;Botadero Sector Cochabamba;18;491751.0;8647581.0;No precisa;8000;0.8;Municipalidad Distrital de Pazos;0.143;No;No;No;No;No;No;No;No;No;No;Recuperación;2022;Resolución N.° 00067-2022-OEFA/DSIS;;
37606;1237;120126;Junín;Huancayo;Pucara;20202656634;MUNICIPALIDAD DISTRITAL DE PUCARA;UF0010235;Botadero Retamal;18;482138.0;8654750.0;206.007216;2029.696601;0.20297;Municipalidad distrital de Pucara;0.4;Si;No;No;No;No;No;No;No;No;No;Recuperación;2018;RCD N°026 -2018-OEFA/CD;;
37607;1238;120127;Junín;Huancayo;Quichuay;20210911031;MUNICIPALIDAD DISTRITAL DE QUICHUAY;UF0010779;Botadero Torrio;18;470130.0;8686146.0;186.782817;2015.064541;0.201506;Municipalidad distrital de Quichuay;0.086;No;No;No;No;No;No;No;No;No;No;Reconversión;2018;RCD N°026 -2018-OEFA/CD;;
37608;1239;120129;Junín;Huancayo;San Agustín;20199818351;MUNICIPALIDAD DIST.SAN AGUSTIN DE CAJAS;UF0012760;Botadero Sector Coyllor;18;470832.42;8672912.26;340;4757;0.47;Municipalidad distrital de San Agustin de Cajas;9;No;No;Si;No;No;No;No;No;No;No;Recuperación;2021;RESOLUCION N° 00003-2021-OEFA/DSIS;Resolución N.° 00140-2024-OEFA/DSIS;
37609;1240;120130;Junín;Huancayo;San Jerónimo de Tunan;20185716172;MUNICIPALIDAD DISTRITAL DE SAN JERONIMO DE TUNAN;UF0009877;Botadero Mayopata;18;467712.0;8678504.0;465.901205;13951.326448;1.395133;Municipalidad distrital de San Jerónimo de Tunán;15;Si;No;No;No;No;No;No;No;No;No;Recuperación;2018;RCD N°026 -2018-OEFA/CD;;
37610;1241;120132;Junín;Huancayo;Saño;20223230246;MUNICIPALIDAD DISTRITAL DE SAÑO;UF0010105;Botadero Paraje Cruzpata;18;472982.0;8679348.0;220.834981;3020.268121;0.302027;Municipalidad distrital de Saño;1800;Si;No;No;No;No;No;No;No;No;No;Recuperación;2018;RCD N°026 -2018-OEFA/CD;;
37611;1242;120132;Junín;Huancayo;Saño;20206723077;MUNICIPALIDAD DISTRITAL DE QUILCAS HYO;UF0009370;Botadero Barrio Pampa;18;471448.0;8679252.0;511.54;9710;0.97;Municipalidad distrital de Quilcas;1.5;No;No;No;No;No;No;No;No;No;No;Recuperación;2018;RCD N°026 -2018-OEFA/CD;;
37612;1243;120133;Junín;Huancayo;Sapallanga;20195243299;MUNICIPALIDAD DISTRITAL SAPALLANGA;UF0010109;Botadero Paraje Iscocusana;18;477238.0;8657178.0;359.891817;5741.450357;0.574145;Municipalidad distrital de Sapallanga;7210;No;No;Si;No;No;No;No;No;No;No;Recuperación;2018;RCD N°026 -2018-OEFA/CD;;R.G.S.P. N° 426-2021-MPH/GSP
37613;1244;120134;Junín;Huancayo;Sicaya;20199818351;MUNICIPALIDAD DIST.SAN AGUSTIN DE CAJAS;UF0010127;Botadero Patancoto;18;471080.0;8674001.0;470.73;6720;0.672;Municipalidad distrital de San Agustín de Cajas;1;No;No;Si;No;No;No;No;No;No;No;Recuperación;2018;RCD N°026 -2018-OEFA/CD;Resolución N.° 87-2024-OEFA/DSIS;R.G.S.P. N° 54-2025-MPH/GSP
37614;1245;120134;Junín;Huancayo;Sicaya;20172752323;MUNICIPALIDAD DISTRITAL DE SICAYA;UF0015497;Botadero El Molino;18;470719.0;8672050.0;312.706576;6165.56087;0.616556;Municipalidad distrital de Sicaya;3.522;No;Si;No;No;No;No;No;No;No;No;Recuperación;2021;RESOLUCION N° 00003-2021-OEFA/DSIS;;"R.G.S.P. N° 404-2021-MPH/GSP
R.G.S.P. N° 348-2024-MPH/GSP"
37615;1246;120136;Junín;Huancayo;Viques;20202667750;MUNICIPALIDAD DISTRITAL DE CHUPURO;UF0039076;Botadero Sector Playa Hermosa;18;473625.0;8654840.0;128;1140;0.1;Municipalidad distrital de Chupuro;0.3;Si;Si;No;No;No;No;No;No;No;No;Recuperación;2024;Resolución N.° 00140-2024-OEFA/DSIS;;
37616;1247;120402;Junín;Jauja;Acolla;20199256417;MUNICIPALIDAD DISTRITAL DE ACOLLA;UF0010115;Botadero Paraje Shunta;18;440856.0;8706464.0;285;5379;0.53;Municipalidad distrital de Acolla;2.5;No;No;No;No;No;No;No;No;No;No;Recuperación;2018;RCD N°026 -2018-OEFA/CD;Resolución N.° 00136-2024-OEFA/DSIS;
37617;1248;120403;Junín;Jauja;Apata;20208820266;MUNICIPALIDAD DISTRITAL DE APATA;UF0009736;Botadero Huamantanga;18;461025.0;8690331.0;307;5394;0.5;Municipalidad distrital de Apata ;2.5;No;No;No;No;No;No;No;No;No;No;Recuperación;2018;RCD N°026 -2018-OEFA/CD;Resolución N.° 00147-2024-OEFA/DSIS;
37618;1249;120404;Junín;Jauja;Ataura;20201912955;MUNICIPALIDAD DISTRITAL DE ATAURA JAUJA;UF0015500;Botadero Sector Lucle;18;449409.0;8696154.0;489;12875;1.2;Municipalidad distrital de Ataura;0.5;No;No;Si;No;No;No;No;No;No;No;Recuperación;2021;RESOLUCION N° 00003-2021-OEFA/DSIS;Resolución N.° 00147-2024-OEFA/DSIS;
37619;1250;120405;Junín;Jauja;Canchayllo;20174802786;MUNICIPALIDAD DISTRITAL DE CANCHAYLLO;UF0009791;Botadero Juchapata;18;421992.0;8696433.0;155.852458;1562.367093;0.156237;Municipalidad distrital de Canchayllo;0.3;Si;No;No;No;No;No;No;No;No;Si;Recuperación;2018;RCD N°026 -2018-OEFA/CD;;
37620;1251;120406;Junín;Jauja;Curicaca;20174821497;MUNICIPALIDAD DISTRITAL DE CURICACA;UF0009337;Botadero Anchipampa;18;427669.0;8696242.0;235.895709;3263.22061;0.326322;Municipalidad distrital de Curicaca;0.25;Si;No;No;No;No;No;No;No;No;No;Recuperación;2018;RCD N°026 -2018-OEFA/CD;;
37621;1252;120408;Junín;Jauja;Huamali;20179329779;MUNICIPALIDAD DISTRITAL DE HUAMALI;UF0010107;Botadero Paraje Derecho;18;452976.0;8694233.0;120;1000;0.1;Municipalidad distrital de Huamali;0.1;No;No;No;No;No;No;No;No;No;No;Recuperación;2018;RCD N°026 -2018-OEFA/CD;Resolución N.° 0017-2025-OEFA/DSIS;
37622;1253;120409;Junín;Jauja;Huaripampa;20201784264;MUNICIPALIDAD DISTRITAL DE HUARIPAMPA;UF0009488;Botadero Challhua;18;448569.0;8695662.0;240.183512;3524.108199;0.352411;Municipalidad distrital de Huaripampa;0.2;No;No;Si;No;No;No;No;No;No;No;Recuperación;2018;RCD N°026 -2018-OEFA/CD;;
37623;1254;120409;Junín;Jauja;Huaripampa;20201784264;MUNICIPALIDAD DISTRITAL DE HUARIPAMPA;UF0042349;Botadero Sector Isla Grande;18;449326.0;8695592.0;110;741;0.0741;Municipalidad distrital de Huaripampa;0.07;No;No;No;No;No;No;No;No;No;No;Recuperación;2025;Resolución N.° 00028-2025-OEFA/DSIS;;
37624;1255;120410;Junín;Jauja;Huertas;20191874464;MUNICIPALIDAD DISTRITAL DE HUERTAS;UF0040606;Botadero detrás del Cementerio 1;18;449260.0;8699735.0;130;967;0.0967;Municipalidad distrital de Huertas;0.01;No;No;No;No;No;No;No;No;No;No;Recuperación;2025;Resolución N.° 0017-2025-OEFA/DSIS;;
37625;1256;120411;Junín;Jauja;Janjaillo;20202655662;MUNICIPALIDAD DISTRITAL DE JANJAILLO;UF0009491;Botadero Chapacamino;18;433645.48;8699659.44;158;1600;0.16;Municipalidad distrital de Janjaillo;0.007;No;No;No;No;No;No;No;No;No;No;Recuperación;2018;RCD N°026 -2018-OEFA/CD;Resolución N.° 00008-2025-OEFA/DSIS;R.A. N° 201-2021-MPJ/A
37626;1257;120411;Junín;Jauja;Janjaillo;20318861391;MUNICIPALIDAD DISTRITAL DE POMACANCHA;UF0040920;Botadero Rirpa;18;432262.0;8702090.0;32;70;0.0007;Municipalidad distrital de Pomacancha;0.01;No;No;No;No;No;No;No;No;No;No;Recuperación;2025;Resolución N.° 0017-2025-OEFA/DSIS;;
37627;1258;120412;Junín;Jauja;Julcán;20227999161;MUNICIPALIDAD DISTRITAL DE JULCAN;UF0010175;Botadero Purijrumi (Tinyajcucho);18;452408.0;8698718.0;175.119293;1814.205447;0.181421;Municipalidad distrital de Julcán;0.05;No;No;No;No;No;No;No;No;No;No;Recuperación;2018;RCD N°026 -2018-OEFA/CD;;
37628;1259;120413;Junín;Jauja;Leonor Ordoñez;20280881326;MUNICIPALIDAD DISTRITAL DE LEONOR ORDONEZ;UF0040607;Botadero Puente Comunal;18;455396.0;8689075.0;191;1231;0.1231;Municipalidad distrital de Leonor Ordoñez;0.01;No;No;No;No;No;No;No;No;No;No;Recuperación;2025;Resolución N.° 0017-2025-OEFA/DSIS;;
37629;1260;120414;Junín;Jauja;Llocllapampa;20189993154;MUNICIPALIDAD DISTRITAL DE LLOCLLAPAMPA;UF0010863;Botadero Yacupata, Cuncupuro, Desamparados;18;431784.0;8693647.0;300;1750;0.167116;Municipalidad distrital de Llocllapampa;0.3;No;No;No;No;No;No;No;No;No;No;Recuperación;2018;RCD N°026 -2018-OEFA/CD;Resolución N.° 00147-2024-OEFA/DSIS;R.A. N° 053-2022-MPJ/A
37630;1261;120414;Junín;Jauja;Llocllapampa;20189993154;MUNICIPALIDAD DISTRITAL DE LLOCLLAPAMPA;UF0039129;Área de disposición final del distrito de Llocllapampa;18;425582.01;8696722.47;289;4800;0.48;Municipalidad distrital de Llocllapampa;0.55;No;No;No;No;No;No;No;No;No;No;Reconversión;2024;Resolución N.° 00147-2024-OEFA/DSIS;;
37631;1262;120416;Junín;Jauja;Masma;20206087651;MUNICIPALIDAD DISTRITAL DE MASMA;UF0018182;Botadero Sector Quishuarnioc;18;455674.0;8698204.0;324;6309;0.6309;Municipalidad distrital de Masma;No precisa;No;No;No;No;No;No;No;No;No;No;Recuperación;2022;Resolución N.° 00018-2022-OEFA/DSIS;;R.A. N° 062-2022-MPJ/A
37632;1263;120417;Junín;Jauja;Masma Chicche;20206811103;MUNICIPALIDAD DISTRITAL DE MASMA CHICCHE;UF0037851;Area de disposicion final de RRSS de la Municipalidad distrital de Masma Chicche;18;459034.0;8695387.0;173;2100;0.21;Municipalidad distrital de Masma Chicche;0.11;No;No;No;No;No;No;No;No;No;No;Recuperación;2024;Resolución N° 00008-2024-OEFA/DSIS;Resolución N.° 00008-2025-OEFA/DSIS;
37633;1264;120419;Junín;Jauja;Monobamba;20229755871;MUNICIPALIDAD DISTRITAL MONOBAMBA;UF0009375;Botadero Barrio Santa Rosa;18;464536.0;8744930.0;247.15068;3867.247706;0.386725;Municipalidad distrital de Monobamba;2.86;No;No;No;No;No;No;No;No;No;No;Recuperación;2018;RCD N°026 -2018-OEFA/CD;;R.A. N° 172-2021-MPJ/A
37634;1265;120419;Junín;Jauja;Monobamba;20229755871;MUNICIPALIDAD DISTRITAL MONOBAMBA;UF0036588;Botadero Sector Culipampa;18;464496.0;8746024.0;370.75;7388;0.7988;Municipalidad distrital de Monobamba;0.302;Si;No;No;No;No;No;No;No;No;No;Reconversión;2023;Resolución N.° 0058-2023-OEFA/DSIS;;
37635;1266;120420;Junín;Jauja;Muqui;20201784183;MUNICIPALIDAD DISTRITAL DE MUQUI;UF0009461;Botadero Cementerio de Muqui;18;452187.0;8691049.0;291.676712;3656.289907;0.365629;Municipalidad distrital de Muqui, Municipalidad distrital de Leonor Ordoñez;0.5;Si;Si;Si;No;No;No;No;No;No;No;Reconversión;2018;RCD N°026 -2018-OEFA/CD;;R.G. N° 010-2020-MPJ/GDAYF
37636;1267;120421;Junín;Jauja;Muquiyauyo;20163707463;MUNICIPALIDAD DISTRITAL DE MUQUIYAUYO;UF0010652;Botadero Sector Palo Seco;18;452141.035;8694285.143;206;2272.03;0.227;Municipalidad distrital de Muquiyauyo;0.01;No;No;No;No;No;No;No;No;No;No;Recuperación;2018;RCD N°026 -2018-OEFA/CD;;
37637;1268;120422;Junín;Jauja;Paca;20191870710;MUNICIPALIDAD DISTRITAL DE PACA;UF0009772;Botadero Incañan;18;443138.0;8705001.0;137.804536;966.098835;0.09661;Municipalidad distrital de Paca;0.25;No;No;No;No;No;No;No;No;No;No;Recuperación;2018;RCD N°026 -2018-OEFA/CD;;
37638;1269;120423;Junín;Jauja;Paccha;20218531271;MUNICIPALIDAD DISTRITAL DE PACCHA;UF0009561;Botadero Culujo;18;446812.0;8687973.0;139.401684;1323.831393;0.132383;Municipalidad distrital de Paccha;0.25;No;No;No;No;No;No;No;No;No;No;Recuperación;2018;RCD N°026 -2018-OEFA/CD;;R.A. N° 184-2021-MPJ/A
37639;1270;120423;Junín;Jauja;Paccha;20218531271;MUNICIPALIDAD DISTRITAL DE PACCHA;UF0037852;Botadero Mito Pasana;18;445417.0;8683501.0;30;15000;1.5;Municipalidad distrital de Paccha;0.25;No;No;No;No;No;No;No;No;No;No;Recuperación;2024;Resolución N° 00008-2024-OEFA/DSIS;;
37640;1271;120425;Junín;Jauja;Parco;20204027251;MUNICIPALIDAD DISTRITAL DE PARCO;UF0037853;Botadero Mesapata;18;442823.0;8695178.0;60;1730;0.173;Municipalidad distrital de Parco;No precisa;Si;No;No;No;No;No;No;No;No;No;Recuperación;2024;Resolución N° 00008-2024-OEFA/DSIS;;
37641;1272;120427;Junín;Jauja;Ricran;20280875431;MUNICIPALIDAD DISTRITAL DE RICRAN;UF0013007;Botadero Uyuncuy;18;443559.0;8722741.0;128.789606;1080.730231;0.108073;Municipalidad distrital de Ricran;0.02;No;No;No;Si;No;No;No;No;No;No;Recuperación;2021;RESOLUCION N° 00003-2021-OEFA/DSIS;;
37642;1273;120428;Junín;Jauja;San Lorenzo;20213376684;MUNICIPALIDAD DISTRITAL EL MANTARO;UF0009809;Botadero La Isla;18;455195.0;8690981.0;377;6900;0.69;Municipalidad distrital de El Mantaro;0.42;No;No;No;No;No;No;No;No;No;No;Recuperación;2018;RCD N°026 -2018-OEFA/CD;;R.A. N° 178-2022-MPJ/A
37643;1274;120428;Junín;Jauja;San Lorenzo;20208823443;MUNICIPALIDAD DISTRITAL DE SAN LORENZO;UF0040608;Botadero San Lorenzo;18;459914.0;8690469.0;321;5000;0.5;Municipalidad distrital de San Lorenzo;0.214;No;No;No;No;No;No;No;No;No;No;Recuperación;2025;Resolución N.° 0017-2025-OEFA/DSIS;;
37644;1275;120429;Junín;Jauja;San Pedro de Chunan;20204462772;MUNICIPALIDAD DISTRITAL SAN PEDRO CHUNAN;UF0010381;Botadero S/N;18;445871.0;8704324.0;105.501505;600.511356;0.060051;Municipalidad distrital de San Pedro de Chunan;0.5;No;No;No;No;No;No;No;No;No;No;Recuperación;2018;RCD N°026 -2018-OEFA/CD;;R.A. N° 082-2021-MPJ/A
37645;1276;120430;Junín;Jauja;Sausa;20183093941;MUNICIPALIDAD PROVINCIAL JAUJA;UF0009855;Botadero Macón;18;446190.0;8696320.0;592.767203;21126.980416;2.112698;Municipalidad provincial de Jauja, Municipalidad distrital de Pancan, Municipalidad distrital de Ataura;9.2;No;No;No;No;No;No;No;No;No;No;Recuperación;2018;RCD N°026 -2018-OEFA/CD;;R.A. N° 216-2021-MPJ/A
37646;1277;120430;Junín;Jauja;Sausa;20180415379;MUNICIPALIDAD DISTRITAL DE YAUYOS;UF0010872;Botadero Yauyos Paraje Macón;18;446265.0;8696049.0;419.722598;9843.450199;0.984345;Municipalidad distrital de Yauyos;1;Si;No;No;No;No;No;No;No;No;No;Recuperación;2018;RCD N°026 -2018-OEFA/CD;;R.A. N° 250-2021-MPJ/A
37647;1278;120430;Junín;Jauja;Sausa;20188462503;MUNICIPALIDAD DISTRITAL DE SAUSA;UF0038888;Botadero Luli Isla;18;448963.0;8696109.0;203;2200;0.22;Municipalidad distrital de Sausa;2;No;No;No;No;No;No;No;No;No;No;Recuperación;2024;RESOLUCIÓN N° 00136-2024-OEFA/DSIS;;R.A. N° 009-2021-MPJ/A
37648;1279;120431;Junín;Jauja;Sincos;20191873492;MUNICIPALIDAD DISTRITAL DE SINCOS;UF0035336;Botadero Sector Pirámide;18;457808.0;8686170.0;248;2152;0.2;Municipalidad Distrital de Sincos;0.5;No;No;No;No;No;No;No;No;No;No;Recuperación;2022;Resolución N.° 00067-2022-OEFA/DSIS;Resolución N.° 00140-2024-OEFA/DSIS;
37649;1280;120432;Junín;Jauja;Tunan Marca;20225807010;MUNICIPALIDAD DISTRITAL DE TUNANMARCA;UF0010784;Botadero Trocha Carrozable Hacia Pomacancha;18;437470.0;8702315.0;241;3600;0.36;Municipalidad distrital de Tunan Marca;0.0288;No;No;No;No;No;No;No;No;No;No;Recuperación;2018;RCD N°026 -2018-OEFA/CD;Resolución N.° 0017-2025-OEFA/DSIS;
37650;1281;120432;Junín;Jauja;Tunan Marca;20225807010;MUNICIPALIDAD DISTRITAL DE TUNANMARCA;UF0042037;Botadero Paraje Churriapampa;18;435488.0;8705868.0;218;2553;0.26;Municipalidad distrital de Tunanmarca;0.04;No;No;Si;No;No;No;No;No;No;No;Recuperación;2025;Resolución N.° 00024-2025-OEFA/DSIS;;R.A. N° 104-2022-MPJ/A
37651;1282;120433;Junín;Jauja;Yauli;20209528062;MUNICIPALIDAD DISTRITAL DE YAULI;UF0037854;Botadero Paraje Juñash;18;446088.0;8708980.0;260;42000;4.2;Municipalidad distrital de Yauli;0.6;No;No;No;No;No;No;No;No;No;No;Recuperación;2024;Resolución N° 00008-2024-OEFA/DSIS;;
37652;1283;120502;Junín;Junín;Carhuamayo;20185644830;MUNICIPALIDAD DISTRITAL DE CARHUAMAYO;UF0009705;Botadero Estancia Acerocancha;18;385860.57;8793419.77;424;11700;1.17;Municipalidad distrital de Carhuamayo ;6;No;No;No;No;No;No;No;No;Si;No;Recuperación;2018;RCD N°026 -2018-OEFA/CD;Resolución N.° 00002-2025-OEFA/DSIS;
37653;1284;120501;Junín;Junín;Junín;20177653960;MUNICIPALIDAD PROVINCIAL DE JUNIN;UF0010093;Botadero Pampa Victoria;18;396103.0;8760049.0;970;54200;5.42;Municipalidad provincial de Junín;4;No;No;No;Si;No;No;No;No;Si;No;Recuperación;2018;RCD N°026 -2018-OEFA/CD;;R.A. N° 085-2022-MPJ/A
37654;1285;120503;Junín;Junín;Ondores;20177653889;MUNICIPALIDAD DISTRITAL DE ONDORES;UF0009361;Botadero Ayac;18;373669.0;8774679.0;158.345113;1749.066352;0.174907;Municipalidad distrital de Ondores ;0.4;No;No;No;No;No;No;No;No;Si;No;Recuperación;2018;RCD N°026 -2018-OEFA/CD;;
37655;1286;120504;Junín;Junín;Ulcumayo;20171329206;MUNICIPALIDAD DISTRITAL ULCUMAYO;UF0010103;Botadero Paraje Canrullan;18;404745.0;8787503.0;284;2800;0.28;Municipalidad distrital de Ulcumayo;0.6;Si;No;No;No;No;No;No;No;No;No;Recuperación;2018;RCD N°026 -2018-OEFA/CD;Resolución N.° 00002-2025-OEFA/DSIS, Resolución N.° 00147-2024-OEFA/DSIS;R.A. N° 332-2022-MPJ/A
37656;1287;120604;Junín;Satipo;Mazamari - Pangoa;20190003541;MUNICIPALIDAD DISTRITAL DE MAZAMARI;UF0010708;Botadero Sector Sonomoro;18;557343.0;8746818.0;330.292795;7250.783857;0.725078;Municipalidad distrital de Mazamari;1.5;No;No;No;No;No;No;No;No;No;No;Recuperación;2018;RCD N°026 -2018-OEFA/CD;;R.G. N° 00915-2024-GM/MPS
37657;1288;120604;Junín;Satipo;Mazamari - Pangoa;20146673776;MUNICIPALIDAD DISTRITAL DE PANGOA;UF0009465;Botadero Centro Ecoturístico de Protección Ambiental;18;558431.0;8738528.0;728.97087;32830.733571;3.283073;Municipalidad distrital de Pangoa;16.13;Si;No;No;Si;No;No;No;No;No;No;Reconversión;2018;RCD N°026 -2018-OEFA/CD;;
37658;1289;120604;Junín;Satipo;Mazamari - Pangoa;20146673776;MUNICIPALIDAD DISTRITAL DE PANGOA;UF0009710;Botadero Fundo El Labriego;18;556111.0;8737788.0;687;19500;1.95;Municipalidad distrital de Pangoa;10;No;No;No;No;No;No;No;No;No;No;Recuperación;2018;RCD N°026 -2018-OEFA/CD;;
37659;1290;120605;Junín;Satipo;Pampa Hermosa;20191871449;MUNICIPALIDAD DISTRITAL DE PAMPA HERMOSA;UF0009806;Botadero La Cumbre;18;526758.0;8741271.0;377.509559;5183.284576;0.518328;Municipalidad distrital de Pampa Hermosa;1;No;No;No;No;No;No;No;No;No;No;Recuperación;2018;RCD N°026 -2018-OEFA/CD;Resolución N.° 00024-2025-OEFA/DSIS;
37660;1291;120607;Junín;Satipo;Rio Negro;"20146674403
20146678221
20146675124
20146672371";"MUNICIPALIDAD PROVINCIAL SATIPO
MUNICIPALIDAD DISTRITAL DE RIO NEGRO
MUNICIPALIDAD DISTRITAL DE COVIRIALI
MUNICIPALIDAD DISTRITAL DE LLAYLLA";UF0009821;Botadero La Rinconada;18;538035.0;8761690.0;423.406479;12117.475701;1.211748;Municipalidad provincial de Satipo, Municipalidad distrital de Coviriali, Municipalidad distrital de Llaylla, Municipalidad distrital de Rio Negro;27;No;No;No;No;No;No;No;No;No;No;Recuperación;2018;RCD N°026 -2018-OEFA/CD;Resolución N.° 0017-2025-OEFA/DSIS;
37661;1292;120607;Junín;Satipo;Rio Negro;20146674403;MUNICIPALIDAD PROVINCIAL SATIPO;UF0009816;Botadero La Paz;18;538387.0;8760395.0;383.461444;9771.865533;0.977187;Municipalidad provincial de Satipo;No Precisa;No;No;No;Si;No;No;No;No;No;No;Recuperación;2018;RCD N°026 -2018-OEFA/CD;;R.A. N° 230-2022-MPYLO/ALC
37662;1293;120608;Junín;Satipo;Rio Tambo;20199368053;MUNICIPALIDAD DISTRITAL RIO TAMBO SATIPO;UF0010724;Botadero Sector Vankori;18;582753.0;8766668.0;137.721369;683.216347;0.068322;Municipalidad distrital de Rio Tambo;0.18;No;No;No;No;No;No;No;No;No;No;Recuperación;2018;RCD N°026 -2018-OEFA/CD;;
37663;1294;120608;Junín;Satipo;Rio Tambo;20199368053;MUNICIPALIDAD DISTRITAL RIO TAMBO SATIPO;UF0010164;Botadero Puerto Ocopa;18;576433.0;8769478.0;500.043785;13966.522555;1.396652;Municipalidad distrital de Rio Tambo;1.5;No;No;No;No;No;No;No;No;No;No;Recuperación;2018;RCD N°026 -2018-OEFA/CD;;
37664;1295;120608;Junín;Satipo;Río Tambo;20199368053;MUNICIPALIDAD DISTRITAL RIO TAMBO SATIPO;UF0040210;Botadero Napati;18;548372.92;8786205.74;103.57;729.29;0.07923;Municipalidad del centro poblado Napati;0.3;No;No;No;No;No;No;No;No;No;No;Recuperación;2025;RESOLUCIÓN N° 00016-2025-OEFA/DSIS;;
37665;1296;120608;Junín;Satipo;Río Tambo;20199368053;MUNICIPALIDAD DISTRITAL RIO TAMBO SATIPO;UF0040211;Botadero Valle Esmeralda;18;602081.52;8657531.96;242.66;1157.82;0.12;Municipalidad del centro poblado Valle Esmeralda;1;No;No;No;No;No;No;No;No;No;No;Recuperación;2025;RESOLUCIÓN N° 00016-2025-OEFA/DSIS;;
37666;1297;120608;Junín;Satipo;Río Tambo;20199368053;MUNICIPALIDAD DISTRITAL RIO TAMBO SATIPO;UF0040212;Botadero Selva de Oro;18;603959.14;8670984.6;113.17;917.91;0.09179;Municipalidad del centro poblado Selva de Oro;1;No;No;No;No;No;No;No;No;No;No;Recuperación;2025;RESOLUCIÓN N° 00016-2025-OEFA/DSIS;;
37667;1298;120609;Junín;Satipo;Vizcatán del Ene;20601068681;MUNICIPALIDAD DISTRITAL DE VIZCATÁN DEL ENE;UF0036264;Botadero de Amazonas - Vizcatán del Ene;18;603500.0;8653900.0;300;2500;0.25;Municipalidad distrital de Vizcatán del Ene;0.643;No;No;No;No;No;No;No;No;No;No;Recuperación;2023;Resolución N.° 00031-2023-OEFA/DSIS;;
37668;1299;120702;Junín;Tarma;Acobamba;20185655441;MUNICIPALIDAD DISTRITAL DE ACOBAMBA;UF0010862;Botadero Yacujochana;18;426844.0;8745455.0;517.244509;15337.5852;1.533759;Municipalidad distrital de Acobamba;3;No;No;No;No;No;No;No;No;No;No;Reconversión;2018;RCD N°026 -2018-OEFA/CD;;
37669;1300;120703;Junín;Tarma;Huaricolca;20180273132;MUNICIPALIDAD DISTRIT HUARICOLCA;UF0009569;Botadero de Anjush (Época de Lluvias);18;429883.0;8722475.0;94.221265;589.704543;0.05897;Municipalidad distrital de Huaricolca;0.15;No;No;No;No;No;No;No;No;No;No;Recuperación;2018;RCD N°026 -2018-OEFA/CD;;
37670;1301;120703;Junín;Tarma;Huaricolca;20180273132;MUNICIPALIDAD DISTRIT HUARICOLCA;UF0038239;Botadero Sector Chuc Chun Chanca;18;427560.3;8726986.1;448;10000;1;Municipalidad distrital de Huaricolca;1;No;No;No;No;No;No;No;No;No;No;Recuperación;2024;Resolución N° 0035-2024-OEFA/DSIS;;
37671;1302;120704;Junín;Tarma;Huasahuasi;20189998466;MUNICIPALIDAD DISTRITAL DE HUASAHUASI;UF0010113;Botadero Paraje San Juan Pata;18;438276.0;8755005.0;464;10400;1.04;Municipalidad distrital de Huasahuasi;3.5;No;No;No;No;No;No;No;No;No;No;Recuperación;2018;RCD N°026 -2018-OEFA/CD;Resolución N.° 00147-2024-OEFA/DSIS;
37672;1303;120705;Junín;Tarma;La Unión;20188469346;MUNICIPALID. DISTRITAL LA UNION LETICIA;UF0010629;Botadero Sector Lutia 2;18;417293.0;8743161.0;224.996123;2763.368275;0.276337;Municipalidad distrital de La Unión;1867;No;No;No;No;No;No;No;No;No;No;Recuperación;2018;RCD N°026 -2018-OEFA/CD;;
37673;1304;120706;Junín;Tarma;Palca;20194077484;MUNICIPALIDAD DISTRITAL DE PALCA;UF0013693;Botadero Municipal;18;435465.0;8744517.0;294.518626;5552.996335;0.5553;Municipalidad distrital de Palca;1;No;No;No;No;No;No;No;No;No;No;Recuperación;2018;RCD N°026 -2018-OEFA/CD;;
37674;1305;120708;Junín;Tarma;San Pedro de Cajas;20188130411;MUNICIPALIDAD DISTRITAL PALCAMAYO;UF0009893;Botadero Muchanacusha;18;411948.0;8752215.0;565;9400;0.94;Municipalidad distrital de Palcamayo;7;No;No;No;No;No;No;No;No;No;No;Recuperación;2018;RCD N°026 -2018-OEFA/CD;Resolución N.° 00147-2024-OEFA/DSIS;
37675;1306;120708;Junín;Tarma;San Pedro de Cajas;20199817893;MUNICIPALID.DISTRITAL SAN PEDRO DE CAJAS;UF0017081;Botadero S/N;18;399281.0;8753664.0;494;14500;1.45;Municipalidad distrital de San Pedro de Cajas;0.57;No;No;No;No;No;No;No;No;No;No;Recuperación;2021;RESOLUCION N° 00005-2021-OEFA;Resolución N.° 00147-2024-OEFA/DSIS;
37676;1307;120709;Junín;Tarma;Tapo;20212642704;MUNICIPALIDAD DISTRITAL DE TAPO;UF0009492;Botadero Chaprinca;18;439007.0;8743106.0;286.935604;3866.73468;0.386673;Municipalidad distrital de Tapo;0.5;No;No;No;No;No;No;No;No;No;No;Recuperación;2018;RCD N°026 -2018-OEFA/CD;;
37677;1308;120802;Junín;Yauli;Chacapalpa;20185740987;MUNICIPALIDAD DISTRITAL DE CHACAPALPA;UF0009858;Botadero Mal Viento y Jaranaco;18;416281.0;8703935.0;145.05344;1494.791014;0.149479;Municipalidad distrital de Chacapalpa;0.1;Si;No;No;No;No;No;No;No;No;No;Reconversión;2018;RCD N°026 -2018-OEFA/CD;;
37678;1309;120803;Junín;Yauli;Huay-Huay;20146506284;MUNICIPALIDAD DISTRITAL DE HUAYHUAY;UF0010838;Botadero Uñuc Machay;18;402899.0;8704682.0;386;61890;6.189;Municipalidad distrital de Huayhuay;0.3;No;No;No;No;No;No;No;No;No;No;Recuperación;2018;RCD N°026 -2018-OEFA/CD;Resolución N.° 00140-2024-OEFA/DSIS;
37679;1310;120801;Junín;Yauli;La Oroya;20120385004;MUNICIPALIDAD PROV. DE YAULI LA OROYA;UF0009748;Botadero Huaripuquio;18;406618.0;8719938.0;630;24000;2.4;Municipalidad provincial de Yauli;6;No;No;No;No;No;No;No;No;No;No;Recuperación;2018;RCD N°026 -2018-OEFA/CD;Resolución N.° 00019-2025-OEFA/DSIS;R.A. N° 230-2022-MPYLO/ALC
37680;1311;120804;Junín;Yauli;Marcapomacocha;20199759672;MUNICIPALIDAD DISTRITAL MARCAPOMACOCHA;UF0009728;Botadero Huachac;18;356128.0;8738214.0;230;3277;0.3;Municipalidad distrital de Marcapomacocha;0.1;No;No;No;No;No;No;No;No;No;No;Recuperación;2018;RCD N°026 -2018-OEFA/CD;Resolución N.° 00147-2024-OEFA/DSIS;
37681;1312;120805;Junín;Yauli;Morococha;20146501487;CONCEJO DISTRITAL DE MOROCOCHA;UF0009322;Botadero Alpamina;18;378697.0;8717253.0;309.450639;6401.650974;0.640165;Municipalidad distrital de Morococha;0.5;No;No;No;No;No;No;No;No;No;No;Reconversión;2018;RCD N°026 -2018-OEFA/CD;;R.G. Nº 002-2018-MPYLO/GGASP
37682;1313;120806;Junín;Yauli;Paccha;20146510800;MUNICIPALIDAD DISTRITAL DE PACCHA;UF0009873;Botadero Masajcancha;18;396637.0;8730067.0;441;12100;1.21;Municipalidad distrital de Paccha;0.8;No;No;No;No;No;No;No;No;No;No;Recuperación;2018;RCD N°026 -2018-OEFA/CD;Resolución N.° 00140-2024-OEFA/DSIS;
37683;1314;120807;Junín;Yauli;Santa Bárbara de Carhuacayan;20146511954;MUNICIPALIDAD DIST STA BARBARA CARHUACAY;UF0010867;Botadero Yanapaccha;18;359210.0;8762353.0;342.924611;7334.245452;0.733425;Municipalidad distrital de Santa Barbara de Carhuacayan;0.6;Si;No;No;No;No;No;No;No;No;No;Recuperación;2018;RCD N°026 -2018-OEFA/CD;;"R.A. N° 008-2022-MPYLO/ALC
R.G. N° 0135-2024-MPYLO/GSPGA"
37684;1315;120808;Junín;Yauli;Santa Rosa de Sacco;20146510982;MUNICIPALIDAD DISTR DE SANTA ROSA DE S;UF0010764;Botadero Ticlacancha;18;395061.0;8718797.0;377.666632;9086.260973;0.908626;Municipalidad distrital de Santa Rosa de Sacco;0.8;No;No;No;No;No;No;No;No;No;No;Recuperación;2018;RCD N°026 -2018-OEFA/CD;;R.A. N° 071-2021-MPYLO/ALC
37685;1316;120809;Junín;Yauli;Suitucancha;20206081539;MUNICIPALIDAD DISTRITAL SUITUCANCHA;UF0010243;Botadero Rosa Cruz;18;399558.0;8696827.0;81.020899;353.535012;0.035354;Municipalidad distrital de Suitucancha;0.3;No;No;No;No;No;No;No;No;Si;No;Recuperación;2018;RCD N°026 -2018-OEFA/CD;;R.A. N° 113-2022-MPYLO/ALC
37686;1317;120810;Junín;Yauli;Yauli;20146511873;MUNICIPALIDAD DISTRITAL DE YAULI;UF0009560;Botadero Cuchihuasi;18;382645.0;8710907.0;216.435308;3008.379941;0.300838;Municipalidad distrital de Yauli;2;Si;No;Si;No;No;No;No;No;No;No;Recuperación;2018;RCD N°026 -2018-OEFA/CD;;R.A. N° 0783-2021-MPYLO/ALC
37687;1318;130201;La Libertad;Ascope;Ascope;20187052221;MUNICIPALIDAD PROVINCIAL DE ASCOPE;UF0009801;Botadero La Calera;17;711715.0;9149590.0;234.160503;1646.126502;0.164613;Municipalidad provincial de Ascope;5.32;Si;No;Si;Si;No;No;No;No;No;No;Recuperación;2018;RCD N°026 -2018-OEFA/CD;;
37688;1319;130208;La Libertad;Ascope;Casa Grande;20438599194;MUNICIPALIDAD DISTRITAL DE CASA GRANDE;UF0010242;Botadero Roma;17;705055.0;9140997.0;709.279766;24178.9641;2.417896;Municipalidad distrital de Casa Grande;18.4;Si;Si;Si;No;Si;No;No;No;No;No;Recuperación;2018;RCD N°026 -2018-OEFA/CD;;
37689;1320;130202;La Libertad;Ascope;Chicama;20178833643;MUNICIPALIDAD DISTRITAL DE CHICAMA;UF0040609;Botadero Sausal;17;720703.0;9143324.0;311;4443;0.44;Municipalidad del Centro Poblado Sausal;0.78;No;No;Si;No;No;No;No;No;No;No;Recuperación;2025;Resolución N.° 0017-2025-OEFA/DSIS;;
37690;1321;130202;La Libertad;Ascope;Chicama;20185157921;MUNICIPALIDAD DISTRITAL DE SANTIAGO DE C;UF0010149;Botadero Pozo Uno - Cartavio;17;698725.0;9132794.0;471.680954;7764.418651;0.776442;Municipalidad distrital de Santiago de Cao, Municipalidad distrital de Chicama;1.7;Si;No;Si;No;Si;No;No;No;No;No;Recuperación;2018;RCD N°026 -2018-OEFA/CD;;
37691;1322;130202;La Libertad;Ascope;Chicama;20178833643;MUNICIPALIDAD DISTRITAL DE CHICAMA;UF0010566;Botadero Sector El Cerro;17;706428.0;9133804.0;520;14900;1.49;Municipalidad distrital de Chicama;10.4;No;No;No;No;No;No;No;No;No;No;Recuperación;2018;RCD N°026 -2018-OEFA/CD;Resolución N.° 00147-2024-OEFA/DSIS;
37692;1323;130203;La Libertad;Ascope;Chocope;20175640135;MUNICIPALIDAD DISTRITAL DE CHOCOPE;UF0010502;Botadero Sector Careaga;17;700981.0;9134941.0;768;23000;2.3;Municipalidad distrital de Chocope;6.3;Si;No;Si;No;No;No;No;No;No;No;Recuperación;2018;RCD N°026 -2018-OEFA/CD;Resolución N.° 00022-2025-OEFA/DSIS;
37693;1324;130204;La Libertad;Ascope;Magdalena de Cao;20179753660;MUNICIPALIDAD DISTRITAL DE MAGDALENA DE CAO;UF0010565;Botadero Sector El Brujo;17;685800.0;9125827.0;208.339564;2827.722694;0.282772;Municipalidad distrital de Magdalena de Cao;2.2;No;No;Si;No;Si;No;No;No;No;No;Recuperación;2018;RCD N°026 -2018-OEFA/CD;;
37694;1325;130204;La Libertad;Ascope;Magdalena de Cao;20179753660;MUNICIPALIDAD DISTRITAL DE MAGDALENA DE CAO;UF0010668;Botadero Sector Playa La Boacana;17;684838.0;9126816.0;141.588291;1398.305916;0.139831;Municipalidad distrital de Magdalena de Cao;2.2;No;No;Si;No;Si;No;No;No;No;No;Recuperación;2018;RCD N°026 -2018-OEFA/CD;;
37695;1326;130204;La Libertad;Ascope;Magdalena de Cao;20179753660;MUNICIPALIDAD DISTRITAL DE MAGDALENA DE CAO;UF0037601;Botadero Municipal Sector Nuevo Ticmar;17;689358.72;9132909.52;1152;62700;6.27;Municipalidad distrital de Magdalena de Cao;2.5;No;No;Si;No;No;No;No;No;No;No;Recuperación;2023;Resolución N.° 00112-2023-OEFA/DSIS;;
37696;1327;130205;La Libertad;Ascope;Paijan;20207890261;MUNICIPALIDAD DISTRITAL DE PAIJAN;UF0010608;Botadero Sector La Hormiguita;17;687435.0;9149183.0;558;15900;1.59;Municipalidad distrital de Paiján, Municipalidad distrital de Razuri;17.2;No;No;Si;No;No;No;No;No;No;No;Recuperación;2018;RCD N°026 -2018-OEFA/CD;Resolución N.° 00008-2025-OEFA/DSIS;
37697;1328;130206;La Libertad;Ascope;Rázuri;20178843282;MUNICIPALIDAD DISTRITAL DE RAZURI;UF0010051;Botadero Nuevo Malabrigo;17;673550.24;9148696.407;1370;69200;6.92;Municipalidad distrital de Razuri, Municipalidad distrital de Chugay;5;Si;No;No;No;No;No;No;No;No;No;Recuperación;2018;RCD N°026 -2018-OEFA/CD;Resolución N.° 00002-2025-OEFA/DSIS;
37698;1329;130207;La Libertad;Ascope;Santiago de Cao;20185157921;MUNICIPALIDAD DISTRITAL DE SANTIAGO DE C;UF0039500;Botadero Las Huertas;17;694992.0;9130467.0;824;40000;4;Municipalidad distrital de Santiago de Cao;6;Si;No;Si;No;No;No;No;No;No;No;Recuperación;2025;Resolución N° 00008-2025-OEFA/DSIS;;
37699;1330;130301;La Libertad;Bolívar;Bolívar;20202505695;MUNICIPALIDAD PROVINCIAL DE BOLIVAR;UF0009885;Botadero Miskiyaku;18;196782.0;9211260.0;249.989132;3508.118138;0.350812;Municipalidad provincial de Bolivar;No Precisa;No;No;No;No;No;No;No;No;No;No;Recuperación;2018;RCD N°026 -2018-OEFA/CD;;
37700;1331;130301;La Libertad;Bolívar;Bolívar;20202505695;MUNICIPALIDAD PROVINCIAL DE BOLIVAR;UF0036252;Botadero Sector Ullachi;18;200196.0;9206347.0;200;2400;0.24;Municipalidad provincial de Bolivar;0.71;No;No;No;Si;No;No;No;No;No;No;Recuperación;2023;Resolución N.° 00031-2023-OEFA/DSIS;;
37701;1332;130304;La Libertad;Bolívar;Longotea;20216644990;MUNICIPALIDAD DISTRITAL DE LONGOTEA;UF0010568;Botadero Sector El Horno;18;181690.0;9220566.0;85.554896;484.92846;0.048493;Municipalidad distrital de Longotea, Municipalidad distrital de Sayapullo;1.5;No;No;Si;Si;Si;No;No;No;No;No;Recuperación;2018;RCD N°026 -2018-OEFA/CD;;
37702;1333;130304;La Libertad;Bolívar;Longotea;20220981011;MUNICIPALIDAD DISTRITAL DE UCHUMARCA;UF0010618;Botadero Sector Liván;18;188338.0;9217566.0;58.881966;238.690177;0.023869;Municipalidad distrital de Uchumarca, Municipalidad distrital de Longotea;No Precisa;No;No;Si;Si;Si;No;No;No;No;No;Recuperación;2018;RCD N°026 -2018-OEFA/CD;;
37703;1334;130306;La Libertad;Bolívar;Ucuncha;20215275133;MUNICIPALIDAD DISTRITAL DE UCUNCHA;UF0010533;Botadero Sector Chururco;18;184203.0;9209352.0;327.347359;5420.037993;0.542004;Municipalidad distrital de Ucuncha;0.6;No;No;No;No;No;No;No;No;No;No;Recuperación;2018;RCD N°026 -2018-OEFA/CD;;
37704;1335;130401;La Libertad;Chepén;Chepén;20178862074;MUNICIPALIDAD PROVINCIAL DE CHEPEN;UF0010752;Botadero Talambo;17;678277.0;9198218.0;3170;362000;36.2;Municipalidad provincial de Chepén, Municipalidad distrital de Talambo, Municipalidad distrital de Chequen;50;Si;No;Si;Si;No;No;No;No;No;No;Recuperación;2018;RCD N°026 -2018-OEFA/CD;;
37705;1336;130402;La Libertad;Chepén;Pacanga;20182163962;MUNICIPALIDAD DISTRITAL DE PACANGA;UF0010511;Botadero Sector Cerro Blanco;17;674486.0;9214251.0;1205.661782;45329.338172;4.532934;Municipalidad distrital de Pacanga, Municipalidad distrital de Pueblo Nuevo;12;Si;No;Si;No;Si;No;No;No;No;No;Recuperación;2018;RCD N°026 -2018-OEFA/CD;;
37706;1337;130403;La Libertad;Chepén;Pueblo Nuevo;20192401004;MUNICIPALIDAD DISTRITAL DE PUEBLO NUEVO;UF0010574;Botadero Sector El Tablazo;17;661375.0;9200889.0;564.175321;8581.761427;0.858176;Municipalidad distrital de Pueblo Nuevo;16.4;Si;No;Si;No;Si;No;No;No;No;No;Recuperación;2018;RCD N°026 -2018-OEFA/CD;;
37707;1338;131101;La Libertad;Gran Chimú;Cascas;20184048427;MUNICIPALIDAD PROVINCIAL GRAN CHIMU;UF0010074;Botadero Palo Santo;17;741688.0;9169523.0;688.70654;13191.102316;1.31911;Municipalidad provincial de Gran Chimú;No Precisa;No;No;Si;Si;No;No;No;No;No;No;Recuperación;2018;RCD N°026 -2018-OEFA/CD;;
37708;1339;131102;La Libertad;Gran Chimú;Lucma;20274239906;MUNICIPALIDAD DISTRITAL DE LUCMA;UF0010625;Botadero Sector Los Pulites;17;769103.0;9154387.0;96.640806;686.644462;0.068664;Municipalidad distrital de Lucma, Municipalidad distrital de Sartimbamba;4.6;No;No;Si;No;Si;No;No;No;No;No;Recuperación;2018;RCD N°026 -2018-OEFA/CD;;
37709;1340;131103;La Libertad;Gran Chimú;Marmot;20217925194;MUNICIPALIDAD DISTRITAL DE MARMOT;UF0010567;Botadero Sector El Choloque;17;761995.0;9148581.0;127.094348;979.681222;0.097968;Municipalidad distrital de Marmot, Municipalidad distrital de Paiján;3.6;No;No;Si;No;Si;No;No;No;No;No;Recuperación;2018;RCD N°026 -2018-OEFA/CD;;
37710;1341;131104;La Libertad;Gran Chimú;Sayapullo;20206380528;MUNICIPALIDAD DISTRITAL DE SAYAPULLO;UF0010584;Botadero Sector Higuspampa;17;777934.0;9160423.0;250.011435;1219.647741;0.121965;Municipalidad distrital de Sayapullo, Municipalidad distrital de Lucma;5.3;No;No;Si;Si;Si;No;No;No;No;No;Recuperación;2018;RCD N°026 -2018-OEFA/CD;;
37711;1342;130502;La Libertad;Julcán;Calamarca;20210717731;MUNICIPALIDAD DISTRITAL DE CALAMARCA;UF0039281;Botadero Municipal Sector Mexico;17;784579.0;9096769.0;65;300;0.03;Municipalidad distrital de Calamarca;1.53;No;No;Si;No;No;No;No;No;No;No;Recuperación;2025;RESOLUCIÓN N° 00002-2025-OEFA/DSIS;;
37712;1343;130502;La Libertad;Julcán;Calamarca;20210717731;MUNICIPALIDAD DISTRITAL DE CALAMARCA;UF0039077;Botadero Calamarca 2;17;785530.34;9095398.78;105;603.75;0.06;Municipalidad distrital de Calamarca;0;No;No;Si;No;No;No;No;No;No;No;Recuperación;2024;Resolución N.° 00140-2024-OEFA/DSIS;;
37713;1344;130503;La Libertad;Julcán;Carabamba;20206513005;MUNICIPALIDAD DISTRITAL DE CARABAMBA;UF0010539;Botadero Sector Cruz Amarilla;17;765493.0;9102671.0;163.941132;1609.217317;0.160922;Municipalidad distrital de Carabamba;4.4;No;Si;No;No;Si;No;No;No;No;No;Recuperación;2018;RCD N°026 -2018-OEFA/CD;;
37714;1345;130504;La Libertad;Julcán;Huaso;20211492687;MUNICIPALIDAD DISTRITAL DE HUASO;UF0010307;Botadero S/N;17;784444.0;9090107.0;113.969951;789.617946;0.078962;Municipalidad distrital de Huaso;0.5;No;No;No;No;Si;No;No;No;No;No;Recuperación;2018;RCD N°026 -2018-OEFA/CD;;
37715;1346;130504;La Libertad;Julcán;Huaso;20210717731;MUNICIPALIDAD DISTRITAL DE CALAMARCA;UF0009395;Botadero Calamarca;17;784876.0;9090089.0;58.760304;164.407709;0.016441;Municipalidad distrital de Calamarca, Municipalidad distrital de Huaso;3.8;No;No;No;No;Si;No;No;No;No;No;Recuperación;2018;RCD N°026 -2018-OEFA/CD;;
37716;1347;130501;La Libertad;Julcán;Julcán;20202951393;MUNICIPALIDAD PROVINCIAL DE JULCAN;UF0009431;Botadero Caserios de San Pedro y Chuan;17;778378.0;9105549.0;331.767174;5602.011929;0.560201;Municipalidad provincial de Julcán;0.6;No;Si;No;Si;No;No;No;No;No;No;Recuperación;2018;RCD N°026 -2018-OEFA/CD;;
37717;1348;130602;La Libertad;Otuzco;Agallpampa;20230013811;MUNICIPALIDAD DISTRITAL DE AGALLPAMPA;UF0010619;Botadero Sector Llamobamba;17;772365.0;9116001.0;207.888128;2766.574425;0.276657;Municipalidad distrital de Agallpampa;6.6;No;No;No;No;Si;No;No;No;No;No;Recuperación;2018;RCD N°026 -2018-OEFA/CD;;
37718;1349;130602;La Libertad;Otuzco;Agallpampa;20230013811;MUNICIPALIDAD DISTRITAL DE AGALLPAMPA;UF0038507;Botadero Sector Quisday;17;770142.0;9117844.0;113;180;0.015;Municipalidad distrital de Agallpampa, Caserio de Yanacancha y C.P. Motil;0.06;No;No;Si;No;No;No;No;No;No;No;Recuperación;2024;Resolución N°00087 -2024-OEFA/DSIS;;
37719;1350;130604;La Libertad;Otuzco;Charat;20200320221;MUNICIPALIDAD DISTRITAL DE CHARAT;UF0009807;Botadero La Gacha;17;781325.0;9134472.0;92.752104;572.897135;0.05729;Municipalidad distrital de Charat;1.9;No;No;Si;No;Si;No;No;No;No;No;Recuperación;2018;RCD N°026 -2018-OEFA/CD;;
37720;1351;130605;La Libertad;Otuzco;Huaranchal;20164108539;MUNICIPALIDAD DISTRITAL DE HUARANCHAL;UF0010569;Botadero Sector El Huayco;17;782188.0;9148668.0;298.511893;5421.683663;0.542168;Municipalidad distrital de Marcabal;3.4;No;No;No;Si;Si;No;No;No;No;No;Recuperación;2018;RCD N°026 -2018-OEFA/CD;;
37721;1352;130606;La Libertad;Otuzco;La Cuesta;20274327864;MUNICIPALIDAD DISTRITAL DE LA CUESTA;UF0010562;Botadero Sector El Arco;17;752753.0;9123977.0;39.75827;80.643401;0.008064;Municipalidad distrital de La Cuesta;0.5;No;No;No;Si;Si;No;No;No;No;No;Recuperación;2018;RCD N°026 -2018-OEFA/CD;;
37722;1353;130606;La Libertad;Otuzco;La Cuesta;20274327864;MUNICIPALIDAD DISTRITAL DE LA CUESTA;UF0042038;Botadero Sector El Arco 2;17;752714.0;9123877.0;60;193;0.019;Municipalidad distrital La Cuesta;0.1;No;No;Si;No;No;No;No;No;No;No;Recuperación;2025;Resolución N.° 00024-2025-OEFA/DSIS;;
37723;1354;130608;La Libertad;Otuzco;Mache;20221375069;MUNICIPALIDAD DISTRITAL DE MACHE;UF0010612;Botadero Sector La Soledad;17;770558.0;9111484.0;115.26971;906.06006;0.090606;Municipalidad distrital de Mache;2.1;No;No;No;No;Si;No;No;No;No;No;Recuperación;2018;RCD N°026 -2018-OEFA/CD;;
37724;1355;130601;La Libertad;Otuzco;Otuzco;20165341377;MUNICIPALIDAD PROVINCIAL DE OTUZCO;UF0010645;Botadero Sector Nanday Mejico;17;767272.0;9124337.0;230;3052;0.31;Municipalidad provincial de Otuzco;1.43;No;No;Si;Si;No;No;No;No;No;No;Recuperación;2018;RCD N°026 -2018-OEFA/CD;;
37725;1356;130610;La Libertad;Otuzco;Paranday;20201254117;MUNICIPALIDAD DISTRITAL PARANDAY;UF0010116;Botadero Paranday;17;752370.0;9127536.0;45.709267;125.699483;0.01257;Municipalidad distrital de Paranday;1.6;No;No;Si;No;Si;No;No;No;No;No;Recuperación;2018;RCD N°026 -2018-OEFA/CD;;
37726;1357;130611;La Libertad;Otuzco;Salpo;20199828666;MUNICIPALIDAD DISTRITAL DE SALPO;UF0010664;Botadero Sector Piedras Quemadas;17;763896.0;9114680.0;311.812679;4888.52096;0.488852;Municipalidad distrital de Salpo;0;No;No;No;No;Si;No;No;No;No;No;Recuperación;2018;RCD N°026 -2018-OEFA/CD;Resolución N.° 00024-2025-OEFA/DSIS;
37727;1358;130611;La Libertad;Otuzco;Salpo;20199828666;MUNICIPALIDAD DISTRITAL DE SALPO;UF0042039;Botadero Sector Los Ushcos;17;763047.0;9117138.0;104;660;0.06;Municipalidad distrital de Salpo;0.57;No;No;No;No;No;No;No;No;No;No;Recuperación;2025;Resolución N.° 00024-2025-OEFA/DSIS;;
37728;1359;130613;La Libertad;Otuzco;Sinsicap;20205876791;MUNICIPALIDAD DISTRITAL DE SINSICAP;UF0010238;Botadero Rivera del Rio Sinsicap;17;747665.0;9131386.0;35.234228;66.975516;0.006698;Municipalidad distrital de Sinsicap;0;No;No;No;No;No;No;No;No;No;No;Recuperación;2018;RCD N°026 -2018-OEFA/CD;Resolución N.° 00008-2025-OEFA/DSIS;
37729;1360;130613;La Libertad;Otuzco;Sinsicap;20205876791;MUNICIPALIDAD DISTRITAL DE SINSICAP;UF0039501;Botadero Sector Caysharin;17;750769.0;9131536.0;245;572;0.0572;Municipalidad distrital de Sinsicap;2.14;No;No;No;No;No;No;No;No;No;No;Recuperación;2025;Resolución N° 00008-2025-OEFA/DSIS;;
37730;1361;130614;La Libertad;Otuzco;Usquil;20203917407;MUNICIPALIDAD DISTRITAL USQUIL;UF0009677;Botadero El Horcon;17;783950.0;9132975.0;156.115121;1628.129788;0.162813;Municipalidad distrital de Usquil;1.8;No;No;No;No;Si;No;No;No;No;No;Recuperación;2018;RCD N°026 -2018-OEFA/CD;;
37731;1362;130614;La Libertad;Otuzco;Usquil;20203917407;MUNICIPALIDAD DISTRITAL USQUIL;UF0034675;Botadero El Conil;17;784229.68;9136566.33;548.02;12500;1.25;Municipalidad Dsitrital de Usquil;1.75;Si;No;Si;No;No;No;No;No;No;No;Recuperación;2022;Resolución N.° 00054-2022-OEFA/DSIS;;
37732;1363;130702;La Libertad;Pacasmayo;Guadalupe;20182029999;MUNICIPALIDAD DISTRITAL DE GUADALUPE;UF0010573;Botadero Sector El Portachuelo;17;664696.0;9196348.0;2591;83200;8.32;Municipalidad distrital de Guadalupe, Municipalidad distrital de Pacanga, Municipalidad distrital de Pueblo Nuevo;10;Si;No;Si;No;Si;No;No;No;No;No;Recuperación;2018;RCD N°026 -2018-OEFA/CD;Resolución N.° 00147-2024-OEFA/DSIS;
37733;1364;130702;La Libertad;Pacasmayo;Guadalupe;"20182029999
20182163962
20192401004";"MUNICIPALIDAD DISTRITAL DE GUADALUPE
MUNICIPALIDAD DISTRITAL DE PACANGA
MUNICIPALIDAD DISTRITAL DE PUEBLO NUEVO";UF0040610;Botadero Nuevo portachuelo;17;663143.0;9196374.0;1929;56900;5.69;Municipalidad distrital de Guadalupe, Municipalidad distrital de Pacanga y Municipalidad distrital de Pueblo Nuevo;33;No;No;No;No;No;No;No;No;No;No;Recuperación;2025;Resolución N.° 0017-2025-OEFA/DSIS;;
37734;1365;130703;La Libertad;Pacasmayo;Jequetepeque;"20164091466
20175113194";"MUNICIPALIDAD PROVINCIAL DE PACASMAYO
MUNICIPALIDAD DISTRITAL DE PACASMAYO";UF0010616;Botadero Sector Las Palmeras;17;658506.0;9183572.0;1042;40000;4;Municipalidad distrital de Pacasmayo;18.2;Si;No;Si;No;Si;No;No;No;No;No;Recuperación;2018;RCD N°026 -2018-OEFA/CD;;
37735;1366;130703;La Libertad;Pacasmayo;Jequetepeque;20170040695;MUNICIPALIDAD DISTRITAL DE JEQUETEPEQUE;UF0010477;Botadero Sector Alto Jequetepeque;17;657582.0;9186117.0;830;45000;4.5;Municipalidad distrital de Jequetepeque;4.8;Si;No;Si;No;Si;No;No;No;No;No;Recuperación;2018;RCD N°026 -2018-OEFA/CD;Resolución N.° 00002-2025-OEFA/DSIS;
37736;1367;130705;La Libertad;Pacasmayo;San José;20184047889;MUNICIPALIDAD DISTRITAL DE SAN JOSE;UF0010514;Botadero Sector Cerro San José;17;670891.0;9188230.0;399.335386;9385.23616;0.938524;Municipalidad distrital de San José;2.83;Si;No;Si;Si;Si;No;No;No;No;No;Recuperación;2018;RCD N°026 -2018-OEFA/CD;;
37737;1368;130705;La Libertad;Pacasmayo;San José;20164091466;MUNICIPALIDAD PROVINCIAL DE PACASMAYO;UF0009864;Botadero Cerro San José;17;668287.0;9185387.0;787.714711;29093.546748;2.909355;Municipalidad provincial de Pacasmayo;No Precisa;Si;No;Si;No;No;No;No;No;No;No;Recuperación;2018;RCD N°026 -2018-OEFA/CD;;
37738;1369;130701;La Libertad;Pacasmayo;San Pedro de Lloc;20164091466;MUNICIPALIDAD PROVINCIAL DE PACASMAYO;UF0009454;Botadero Cebruna;17;666096.0;9183487.0;398.777825;7515.14737;0.751515;Municipalidad provincial de Pacasmayo;No Precisa;Si;No;Si;No;No;No;No;No;No;No;Recuperación;2018;RCD N°026 -2018-OEFA/CD;;
37739;1370;130802;La Libertad;Pataz;Buldibuyo;20231574116;MUNICIPALIDAD DISTRITAL DE BULDIBUYO;UF0010075;Botadero Palomar;18;237007.0;9100685.0;213.988219;2679.70223;0.26797;Municipalidad distrital de Buldibuyo;2.5;No;No;Si;Si;Si;No;No;No;Si;No;Recuperación;2018;RCD N°026 -2018-OEFA/CD;;
37740;1371;130803;La Libertad;Pataz;Chillia;20187651361;MUNICIPALIDAD DISTRITAL DE CHILLIA;UF0010712;Botadero Sector Taulish;18;221564.0;9097749.0;219.270752;2985.177061;0.298518;Municipalidad distrital de Chilia;9;No;Si;Si;Si;Si;No;No;No;No;No;Recuperación;2018;RCD N°026 -2018-OEFA/CD;;
37741;1372;130803;La Libertad;Pataz;Chillia;20187651361;MUNICIPALIDAD DISTRITAL DE CHILLIA;UF0042040;Botadero Sector Rago;18;219356.0;9107271.0;99.7;631;0.0631;Municipalidad distrital de Chillia;0.5;No;No;No;No;No;No;No;No;No;No;Recuperación;2025;Resolución N.° 00024-2025-OEFA/DSIS;;
37742;1373;130804;La Libertad;Pataz;Huancaspata;20212669734;MUNICIPALIDAD DISTRITAL DE HUANCASPATA;UF0010644;Botadero Sector Murmuncho;18;247482.0;9062665.0;176.674858;1144.693404;0.114469;Municipalidad distrital de Huancaspata;4.3;No;No;Si;Si;Si;No;No;No;No;No;Recuperación;2018;RCD N°026 -2018-OEFA/CD;;
37743;1374;130805;La Libertad;Pataz;Huaylillas;20187651019;MUNICIPALIDAD DISTRITAL DE HUAYLILLAS;UF0010611;Botadero Sector La Plata;18;241792.0;9094144.0;27.22959;45.126346;0.004513;Municipalidad distrital de Huaylillas;2.4;No;Si;No;No;Si;No;No;No;No;No;Recuperación;2018;RCD N°026 -2018-OEFA/CD;;
37744;1375;130805;La Libertad;Pataz;Huaylillas;20187651019;MUNICIPALIDAD DISTRITAL DE HUAYLILLAS;UF0038517;Botadero Macull;18;240193.0;9095908.0;250;3500;0.35;Municipalidad distrital de Huaylillas;No Precisa;No;No;Si;No;No;No;No;No;No;No;Recuperación;2024;Resolución N°00087 -2024-OEFA/DSIS;;
37745;1376;130806;La Libertad;Pataz;Huayo;20314401221;MUNICIPALIDAD DISTRITAL DE HUAYO;UF0009340;Botadero Anexo Santa Cruz;18;215096.0;9114962.0;120.099746;701.634851;0.070163;Municipalidad distrital de Huayo;2.9;No;No;No;Si;Si;No;No;No;No;No;Recuperación;2018;RCD N°026 -2018-OEFA/CD;;
37746;1377;130808;La Libertad;Pataz;Parcoy;20200270968;MUNICIPALIDAD DISTRITAL DE PARCOY;UF0010621;Botadero Sector Llaupa;18;218901.0;9121141.0;348.478247;8052.786513;0.805279;Municipalidad distrital de Parcoy;5;No;No;Si;No;Si;No;No;No;Si;No;Recuperación;2018;RCD N°026 -2018-OEFA/CD;;
37747;1378;130808;La Libertad;Pataz;Parcoy;20200270968;MUNICIPALIDAD DISTRITAL DE PARCOY;UF0040017;Botadero Collona;18;211860.0;9123878.0;174;1800;0.18;Municipalidad distrital de Parcoy;45;Si;No;No;No;No;No;No;No;No;No;Recuperación;2025;RESOLUCIÓN N° 00013-2025-OEFA/DSIS;;
37748;1379;130809;La Libertad;Pataz;Pataz;20275817814;MUNICIPALIDAD DISTRITAL DE PATAZ;UF0010683;Botadero Sector Pushgil;18;218165.0;9139518.0;115.186444;772.117479;0.077212;Municipalidad distrital de Pataz, Municipalidad distrital de Huaranchal;No Precisa;Si;No;Si;No;Si;No;No;No;Si;No;Recuperación;2018;RCD N°026 -2018-OEFA/CD;;
37749;1380;130809;La Libertad;Pataz;Pataz;20275817814;MUNICIPALIDAD DISTRITAL DE PATAZ;UF0018168;Botadero Calquiche;18;208554.082;9136106.72;696.8;20000;2;Municipalidad distrital de Pataz ;7.64;No;No;No;No;No;No;No;No;Si;No;Reconversión;2022;Resolución N.° 00018-2022-OEFA/DSIS;;
37750;1381;130810;La Libertad;Pataz;Piás;20201991057;MUNICIPALIDAD DISTRITAL DE PIÁS;UF0010684;Botadero Sector Quebrada Trancahuayco;18;219043.0;9129043.0;113.058505;735.344914;0.073534;Municipalidad distrital de Pias;0.9;No;No;No;Si;Si;No;No;No;Si;No;Recuperación;2018;RCD N°026 -2018-OEFA/CD;;
37751;1382;130810;La Libertad;Pataz;Piás;20201991057;MUNICIPALIDAD DISTRITAL DE PIÁS;UF0036245;Botadero Quizancruz;18;220132.0;9125980.0;190;2400;0.24;Municipalidad distrital de Piás;0.571;No;No;Si;No;No;No;No;No;Si;No;Recuperación;2023;Resolución N.° 00031-2023-OEFA/DSIS;;
37752;1383;130811;La Libertad;Pataz;Santiago de Challas;20354035589;MUNICIPALIDAD DISTRITAL DE SANTIAGO DE CHALLAS;UF0010681;Botadero Sector Pumya;18;245243.0;9068831.0;431.319689;4629.134028;0.462913;Municipalidad distrital de Santiago de Challas, Municipalidad distrital de Urpay;1.7;No;No;Si;Si;Si;No;No;No;No;No;Recuperación;2018;RCD N°026 -2018-OEFA/CD;;
37753;1384;130812;La Libertad;Pataz;Taurija;20220331581;MUNICIPALIDAD DISTRITAL DE TAURIJA;UF0010626;Botadero Sector Los Sharpos;18;235174.0;9082204.0;113.616219;957.484902;0.095748;Municipalidad distrital de Taurija;2;No;No;No;Si;Si;No;No;No;No;No;Recuperación;2018;RCD N°026 -2018-OEFA/CD;;
37754;1385;130801;La Libertad;Pataz;Tayabamba;20226962892;MUNICIPALIDAD PROVINCIAL DE PATAZ;UF0010841;Botadero Urpaycito;18;244892.0;9088069.0;288.339419;2994.324517;0.299432;Municipalidad provincial de Pataz;2.5;Si;No;No;No;No;No;No;No;No;No;Recuperación;2018;RCD N°026 -2018-OEFA/CD;;
37755;1386;130902;La Libertad;Sanchez Carrion;Chugay;20205367994;CONCEJO DISTRITAL CHUGAY;UF0010528;Botadero Sector Chogollpaque;18;187090.0;9138509.0;173.858119;2014.489187;0.201449;Municipalidad distrital de Chugay, Municipalidad distrital de Sanagoran;6.4;No;No;Si;No;Si;No;No;No;No;No;Recuperación;2018;RCD N°026 -2018-OEFA/CD;;
37756;1387;130903;La Libertad;Sanchez Carrion;Cochorco;20197793431;MUNICIPALIDAD DISTRITAL DE COCHORCO;UF0010627;Botadero Sector Lucma;18;200938.0;9135392.0;141.696749;1122.982773;0.112298;Municipalidad distrital de Cochorco;6.3;No;No;Si;Si;Si;No;No;No;No;No;Recuperación;2018;RCD N°026 -2018-OEFA/CD;;
37757;1388;130904;La Libertad;Sanchez Carrion;Curgos;20213758293;MUNICIPALIDAD DISTRITAL DE CURGOS;UF0010541;Botadero Sector Cruz Verde - la Conga;18;172941.0;9133338.0;157.841411;1564.85431;0.156485;Municipalidad distrital de Curgos;5.7;Si;No;No;No;Si;No;No;No;No;No;Recuperación;2018;RCD N°026 -2018-OEFA/CD;;
37758;1389;130901;La Libertad;Sanchez Carrion;Huamachuco;20141897935;MUNICIPALIDAD PROVINCIAL SANCHEZ CARRION;UF0010840;Botadero Coipín;17;824963.0;9137078.0;214.646986;2596.534072;0.259653;Municipalidad provincial de Sanchez Carrión;45.6;No;No;No;No;No;No;No;No;No;No;Recuperación;2018;RCD N°026 -2018-OEFA/CD;;R.A. N° 171-2020-MPSC
37759;1390;130905;La Libertad;Sanchez Carrion;Marcabal;20208154428;MUNICIPALIDAD DISTRITAL MARCABAL;UF0010570;Botadero Sector El Minyo;17;827040.0;9146851.0;85.30248;392.017681;0.039202;Municipalidad distrital de Marcabal, Municipalidad distrital de Compin;4.3;No;No;Si;No;Si;No;No;No;No;No;Recuperación;2018;RCD N°026 -2018-OEFA/CD;;
37760;1391;130906;La Libertad;Sanchez Carrion;Sanagoran;20219792876;MUNICIPALIDAD DISTRITAL DE SANAGORAN;UF0010455;Botadero Sanagoran;17;815517.0;9138146.0;97.722514;594.62117;0.059462;Municipalidad distrital de Sanagoran, Municipalidad distrital de Chugay;0;No;No;Si;No;Si;No;No;No;No;No;Recuperación;2018;RCD N°026 -2018-OEFA/CD;Resolución N.° 00024-2025-OEFA/DSIS;
37761;1392;130906;La Libertad;Sanchez Carrion;Sanagoran;20219792876;MUNICIPALIDAD DISTRITAL DE SANAGORAN;UF0042041;Botadero Sector Shilomas;17;814775.0;9135738.0;83.6;381;0.038;Municipalidad distrital de Sanagoran;0;No;No;No;No;No;No;No;No;No;No;Recuperación;2025;Resolución N.° 00024-2025-OEFA/DSIS;;
37762;1393;130906;La Libertad;Sanchez Carrion;Sanagoran;20219792876;MUNICIPALIDAD DISTRITAL DE SANAGORAN;UF0042042;Botadero Sector Agopampa;17;816518.0;9138410.0;178;1863;0.18;Municipalidad distrital de Sanagoran;1.14;Si;No;No;No;No;No;No;No;No;No;Recuperación;2025;Resolución N.° 00024-2025-OEFA/DSIS;;
37763;1394;130907;La Libertad;Sanchez Carrion;Sarin;20207747204;MUNICIPALIDAD DISTRITAL DE SARIN;UF0010577;Botadero Sector El Tunel;18;177829.0;9128925.0;166.38349;1403.022534;0.140302;Municipalidad distrital de Sarin;6.7;No;No;No;No;Si;No;No;No;No;No;Recuperación;2018;RCD N°026 -2018-OEFA/CD;;
37764;1395;130907;La Libertad;Sanchez Carrion;Sarin;20207747204;MUNICIPALIDAD DISTRITAL DE SARIN;UF0041361;Botadero Sector El Alizo;18;180485.0;9126052.0;255;1500;0.15;Municipalidad distrital de Sarin;7;No;No;No;No;No;No;No;No;No;No;Recuperación;2025;Resolución N° 00019-2025-OEFA/DSIS;;
37765;1396;130908;La Libertad;Sanchez Carrion;Sartimbamba;20275306721;MUNICIPALIDAD DISTRITAL DE SARTIMBAMBA;UF0018184;Botadero Palo Redondo;18;202012.9;9147416.72;10000;10000;1;Municipalidad distrital de Sartibamba;0.3;No;No;No;Si;No;No;No;No;No;No;Recuperación;2022;Resolución N.° 00018-2022-OEFA/DSIS;;
37766;1397;130908;La Libertad;Sanchez Carrion;Sartimbamba;20275306721;MUNICIPALIDAD DISTRITAL DE SARTIMBAMBA;UF0010494;Botadero Sector Blanquillo;18;197355.0;9147617.0;186.376374;1856.588421;0.185659;Municipalidad distrital de Sartimbamba, Municipalidad distrital de Huaranchal;9.2;No;No;Si;No;Si;No;No;No;No;No;Recuperación;2018;RCD N°026 -2018-OEFA/CD;;
37767;1398;131002;La Libertad;Santiago de Chuco;Angasmarca;20201403724;MUNICIPALIDAD DISTRITAL DE ANGASMARCA;UF0010576;Botadero Sector El Totoropampa;17;825335.0;9099718.0;173;2000;0.2;Municipalidad distrital de Angasmarca;5;No;Si;Si;No;No;No;No;No;No;No;Recuperación;2018;RCD N°026 -2018-OEFA/CD;Resolución N.° 00024-2025-OEFA/DSIS;
37768;1399;131003;La Libertad;Santiago de Chuco;Cachicadan;20219792957;MUNICIPALIDAD DISTRITAL DE CACHICADAN;UF0010606;Botadero Sector La Concepción;17;814335.0;9102963.0;303.188339;5116.979415;0.511698;Municipalidad distrital de Cachicadan;5.4;No;No;Si;No;Si;No;No;No;No;No;Recuperación;2018;RCD N°026 -2018-OEFA/CD;;
37769;1400;131004;La Libertad;Santiago de Chuco;Mollebamba;20314566816;MUNICIPALIDAD DISTRITAL DE MOLLEBAMBA;UF0010520;Botadero Sector Charrapampa;18;169847.0;9098610.0;262.222908;3340.972638;0.334097;Municipalidad distrital de Mollebamba;1.6;No;No;Si;Si;Si;No;No;No;No;No;Recuperación;2018;RCD N°026 -2018-OEFA/CD;Resolución N.° 00062-2024-OEFA/DSIS;
37770;1401;131004;La Libertad;Santiago de Chuco;Mollebamba;20314566816;MUNICIPALIDAD DISTRITAL DE MOLLEBAMBA;UF0038518;Botadero de la Municipalidad distrital de Mollebamba;18;171717.0;9098879.0;695;25900;2.59;Municipalidad distrital de Mollebamba;0.49;No;No;Si;No;No;No;No;No;No;No;Recuperación;2024;Resolución N°00087 -2024-OEFA/DSIS;;
37771;1402;131005;La Libertad;Santiago de Chuco;Mollepata;20275974243;MUNICIPALIDAD DISTRITAL DE MOLLEPATA;UF0010649;Botadero Sector Paccha;18;175909.0;9098649.0;104.014201;564.020321;0.056402;Municipalidad distrital de Mollepata;1.8;No;No;Si;Si;Si;No;No;No;No;No;Recuperación;2018;RCD N°026 -2018-OEFA/CD;;
37772;1403;131006;La Libertad;Santiago de Chuco;Quiruvilca;20192751919;MUNICIPALIDAD DISTRITAL DE QUIRUVILCA;UF0010582;Botadero Sector Graciela;17;797690.0;9115493.0;759.003508;20432.051483;2.043205;Municipalidad distrital de Quiruvilca;9;Si;No;No;No;Si;No;No;No;No;No;Recuperación;2018;RCD N°026 -2018-OEFA/CD;;
37773;1404;131007;La Libertad;Santiago de Chuco;Santa Cruz de Chuca;20192420998;MUNICIPALIDAD DE SANTA CRUZ DE CHUCA;UF0010529;Botadero Sector Chorobal;17;814454.0;9100882.0;154.425163;1431.877204;0.143188;Municipalidad distrital de Santa Cruz de Chuca;2.1;Si;No;No;Si;Si;No;No;No;No;No;Recuperación;2018;RCD N°026 -2018-OEFA/CD;;
37774;1405;131001;La Libertad;Santiago de Chuco;Santiago de Chuco;20187630101;MUNICIPALIDAD PROVINC SANTIAGO DE CHUCO;UF0010055;Botadero Ñuñuma;17;812902.0;9098691.0;284.501025;4338.472187;0.433847;Municipalidad distrital de Santiago de Chuco;7.4;Si;No;No;Si;No;No;No;No;No;No;Recuperación;2018;RCD N°026 -2018-OEFA/CD;;R.A. N° 045-2022-MPSCH
37775;1406;131008;La Libertad;Santiago de Chuco;Sitabamba;20206511053;MUNICIPALIDAD DISTRITAL DE SITABAMBA;UF0010237;Botadero Rivera del Rio San Sebastián;18;197051.0;9114038.0;182.777263;1363.11625;0.136312;Municipalidad distrital de Sitabamba;2.3;No;No;No;Si;Si;No;No;No;No;No;Recuperación;2018;RCD N°026 -2018-OEFA/CD;;
37776;1407;130102;La Libertad;Trujillo;El Porvenir;20147170565;MUNICIPALIDAD DISTRITAL DE EL PORVENIR;UF0009683;Botadero El Murallón - Inoperativo;17;721000.0;9108563.0;3423.789907;229389.924402;22.938992;Municipalidad distrital de El Porvenir, Municipalidad distrital de Florencia de Mora;0;Si;Si;Si;Si;Si;No;No;No;No;No;Recuperación;2018;RCD N°026 -2018-OEFA/CD;;
37777;1408;130104;La Libertad;Trujillo;Huanchaco;"20175639391
20147170565
20170044844
20167736468
20164091547
20167741208
20165281617
20174738085";"MUNICIPALIDAD PROVINCIAL DE TRUJILLO
MUNICIPALIDAD DISTRITAL DE EL PORVENIR
MUNICIPALIDAD DISTRITAL DE FLORENCIA DE MORA
MUNICIPALIDAD DISTRITAL DE HUANCHACO
MUNICIPALIDAD DISTRITAL DE LA ESPERANZA
MUNICIPALIDAD DISTRITAL DE MOCHE
MUNICIPALIDAD DISTRITAL DE SALAVERRY
MUNICIPALIDAD DISTRITAL DE VITOR LARCO HERRERA";UF0009679;Botadero El Milagro;17;715277.0;9112223.0;2657.215779;433372.064816;43.337206;Municipalidad provincial de Trujillo, Municipalidad distrital de Huanchaco, Municipalidad distrital de El Porvenir, Municipalidad distrital de Salaverry, Municipalidad distrital de La Esperanza, Municipalidad distrital de Víctor Larco, Municipalidad distrital de Moche;1061;Si;Si;Si;Si;Si;No;No;No;No;No;Recuperación;2018;RCD N°026 -2018-OEFA/CD;;
37778;1409;130104;La Libertad;Trujillo;Huanchaco;"20167736468
20175639391
20170044844
20164091547
20167741208";"MUNICIPALIDAD DISTRITAL DE HUANCHACO
MUNICIPALIDAD PROVINCIAL DE TRUJILLO
MUNICIPALIDAD DISTRITAL DE FLORENCIA DE MORA
MUNICIPALIDAD DISTRITAL DE LA ESPERANZA
MUNICIPALIDAD DISTRITAL DE MOCHE";UF0016598;El Rellenito;17;715663.0;9111245.0;9668;376600;37.66;Municipalidad Distrital de Huanchaco, Municipalidad Distrital de Moche, Municipalidad Distrital de Florencia de Mora, Municipalidad Distrital de La Esperanza, Municipalidad Provincial de Trujillo;No precisa;Si;Si;Si;No;No;No;No;No;No;No;Recuperación;2021;RESOLUCION N° 00005-2021-OEFA;Resolución N.° 00103-2024-OEFA/DSIS;
37779;1410;130106;La Libertad;Trujillo;Laredo;20178186869;MUNICIPALIDAD DISTRITAL DE LAREDO;UF0010444;Botadero San Idelfonso;17;726544.0;9107599.0;1163.61934;77382.251006;7.738225;Municipalidad distrital de Laredo;23.8;Si;No;Si;No;Si;No;No;No;No;No;Recuperación;2018;RCD N°026 -2018-OEFA/CD;;
37780;1411;130108;La Libertad;Trujillo;Poroto;20197196000;MUNICIPALIDAD DISTRITAL DE POROTO;UF0010717;Botadero Sector Tres Cruces;17;742463.0;9108859.0;308;4895;0.48;Municipalidad distrital de Poroto;5;No;No;Si;No;No;No;No;No;No;No;Recuperación;2018;RCD N°026 -2018-OEFA/CD;Resolución N.° 00062-2024-OEFA/DSIS;
37781;1412;130108;La Libertad;Trujillo;Poroto;20197196000;MUNICIPALIDAD DISTRITAL DE POROTO;UF0037602;Botadero Compartición;17;747394.0;9109991.0;30;50;0.005;Municipalidad distrital de Poroto;2.5;No;No;No;No;No;No;No;No;No;No;Recuperación;2023;Resolución N.° 00112-2023-OEFA/DSIS;;
37782;1413;130110;La Libertad;Trujillo;Simbal;20195198994;MUNICIPALIDAD DISTRITAL DE SIMBAL;UF0010669;Botadero Sector Playa Ñary;17;739140.0;9122408.0;467.36;12247.97;1.2247;Municipalidad distrital de Simbal;2;No;No;Si;No;Si;No;No;No;No;No;Recuperación;2018;RCD N°026 -2018-OEFA/CD;Resolución N.° 00136-2024-OEFA/DSIS;
37783;1414;131202;La Libertad;Viru;Chao;20204639028;MUNICIPALIDAD DISTRITAL DE CHAO;UF0010575;Botadero Sector El Tizal;17;749628.0;9051573.0;545;13100;1.31;Municipalidad distrital de Chao;64;Si;No;Si;No;No;No;No;No;No;No;Recuperación;2018;RCD N°026 -2018-OEFA/CD;Resolución N.° 00062-2024-OEFA/DSIS;
37784;1415;131203;La Libertad;Viru;Guadalupito;20275441857;MUNICIPALIDAD DISTRITAL DE GUADALUPITO;UF0010674;Botadero Sector Proyecto Chavimochic;17;763869.0;9011086.0;1543;25015;2.5;Municipalidad distrital de Guadalupito;4.5;Si;No;Si;No;No;No;No;No;No;No;Recuperación;2018;RCD N°026 -2018-OEFA/CD;Resolución N.° 00024-2025-OEFA/DSIS;
37785;1416;131201;La Libertad;Viru;Viru;20166028842;MUNICIPALIDAD PROVINCIAL DE VIRU;UF0010875;Botadero Zaraque;17;752154.0;9072231.0;1360;84100;8.41;Municipalidad provincial de Virú;24.22;Si;No;Si;Si;Si;No;No;No;No;No;Recuperación;2018;RCD N°026 -2018-OEFA/CD;Resolución N.° 00024-2025-OEFA/DSIS, Resolución N.° 00062-2024-OEFA/DSIS;
37786;1417;140116;Lambayeque;Chiclayo;Cayalti;20396019826;MUNICIPALIDAD DISTRITAL DE CAYALTI;UF0010044;Botadero Municipal Sector Pampas de Songoy;17;669309.0;9240614.0;1021;45343;4.53;Municipalidad distrital de Cayalti;17;No;No;Si;No;No;No;No;No;No;No;Recuperación;2018;RCD N°026 -2018-OEFA/CD;;
37787;1418;140102;Lambayeque;Chiclayo;Chongoyape;"20164032702
20200949405";"MUNICIPALIDAD DISTRITAL DE CHONGOYAPE
MUNICIPALIDAD DISTRITAL DE LLAMA";UF0010021;Botadero Municipal Chongoyape - Cerro Racarrumi;17;680259.0;9265326.0;568;14500;1.45;Municipalidad distrital de Chongoyape, Municipalidad distrital de Llama;10;Si;No;Si;Si;Si;No;No;No;No;Si;Recuperación;2018;RCD N°026 -2018-OEFA/CD;Resolución N.° 00016-2025-OEFA/DSIS, Resolución N.° 00062-2024-OEFA/DSIS;
37788;1419;140107;Lambayeque;Chiclayo;Lagunas;20162213254;MUNICIPALIDAD DE LAGUNAS MOCUPE;UF0010512;Botadero Sector Cerro La Guitarra;17;646325.0;9230742.0;1155.14322;45104.43703;4.510444;Municipalidad distrital de Lagunas;6897;No;No;Si;No;No;No;No;No;No;No;Recuperación;2018;RCD N°026 -2018-OEFA/CD;;
37789;1420;140107;Lambayeque;Chiclayo;Lagunas;20162213254;MUNICIPALIDAD DE LAGUNAS MOCUPE;UF0039381;Botadero Cerro La Guitarra II;17;649055.69;9229712.34;1795.47;92735.25;9.2735;Municipalidad distrital de Lagunas;16.8;No;No;Si;No;No;No;No;No;No;No;Recuperación;2025;Resolución N° 00008-2025-OEFA/DSIS;;
37790;1421;140109;Lambayeque;Chiclayo;Nueva Arica;20162368533;MUNICIPALIDAD DE NUEVA ARICA;UF0010036;Botadero Municipal Nueva Arica - Leque Leque;17;682949.0;9239024.0;470;10396;1.04;Municipalidad distrital de Nueva Arica;No Precisa;No;No;Si;No;No;No;No;No;No;No;Recuperación;2021;RESOLUCION N° 00005-2021-OEFA;;
37791;1422;140109;Lambayeque;Chiclayo;Nueva Arica;20162368533;MUNICIPALIDAD DE NUEVA ARICA;UF0017468;Botadero Municipal de Nueva Arica;17;685985.0;9239503.0;606;16800;1.7;Municipalidad distrital de Nueva Arica;2;Si;No;Si;No;No;No;No;No;No;No;Recuperación;2018;RCD N°026 -2018-OEFA/CD;Resolución N.° 00022-2025-OEFA/DSIS;
37792;1423;140110;Lambayeque;Chiclayo;Oyotun;20171775834;MUNICIPALIDAD DISTRITAL DE OYOTUN;UF0010037;Botadero Municipal Nueva Esperanza;17;688462.0;9241978.0;2752;70400;7.04;Municipalidad distrital de Oyotún;2.39;No;No;No;No;No;No;No;No;No;No;Recuperación;2018;RCD N°026 -2018-OEFA/CD;Resolución N.° 00013-2025-OEFA/DSIS;
37793;1424;140110;Lambayeque;Chiclayo;Oyotun;20171775834;MUNICIPALIDAD DISTRITAL DE OYOTUN;UF0010040;Botadero Municipal San Juan;17;688435.0;9242584.0;293.17657;4243.40115;0.42434;Municipalidad distrital de Oyotún;2.39;No;Si;Si;No;No;No;No;No;No;No;Recuperación;2018;RCD N°026 -2018-OEFA/CD;;
37794;1425;140117;Lambayeque;Chiclayo;Patapo;20396058724;MUNICIPALIDAD DISTRITAL DE PATAPO;UF0010147;Botadero Posope Alto;17;652337.0;9255762.0;656;25186;2.52;Municipalidad distrital de Patapo;13.6;Si;Si;Si;Si;Si;No;No;No;No;No;Recuperación;2018;RCD N°026 -2018-OEFA/CD;;
37795;1426;140111;Lambayeque;Chiclayo;Picsi;20146791540;MUNICIPALIDAD DISTRITAL DE PICSI;UF0010634;Botadero Sector Medano;17;636619.0;9258085.0;1436;91018;9.1;Municipalidad distrital de Picsi;6.57;Si;No;Si;No;Si;No;No;No;No;No;Recuperación;2018;RCD N°026 -2018-OEFA/CD;Resolución N.° 00147-2024-OEFA/DSIS;
37796;1427;140112;Lambayeque;Chiclayo;Pimentel;20162368614;MUNICIPALIDAD DISTRITAL DE SANTA ROSA;UF0010041;Botadero Municipal Santa Rosa Sector Laguna Chica;17;619858.0;9241748.0;1733;143948;14.4;Municipalidad distrital de Santa Rosa, Municipalidad distrital de Pimentel;13.5;Si;No;Si;No;No;No;No;No;No;No;Recuperación;2018;RCD N°026 -2018-OEFA/CD;Resolución N.° 00136-2024-OEFA/DSIS;
37797;1428;140112;Lambayeque;Chiclayo;Pimentel;"20191711328
20164032613
20147103299
20191574665";"MUNICIPALIDAD DISTRITAL DE MONSEFU
MUNICIPALIDAD DISTRITAL DE PIMENTEL
MUNICIPALIDAD DISTRITAL DE ETEN
MUNICIPALIDAD DISTRITAL DEL PUERTO ETEN";UF0010034;Botadero Municipal Monsefú - Sorrocote;17;620584.0;9242660.0;5421;507427;50.7;Municipalidad distrital de Monsefú, Municipalidad distrital de Etén, Municipalidad distrital de Etén Puerto;66.86;Si;No;Si;Si;Si;No;No;No;No;No;Recuperación;2018;RCD N°026 -2018-OEFA/CD;Resolución N.° 00013-2025-OEFA/DSIS, Resolución N.° 00140-2024-OEFA/DSIS;
37798;1429;140112;Lambayeque;Chiclayo;Pimentel;20164032613;MUNICIPALIDAD DISTRITAL DE PIMENTEL;UF0010038;Botadero Municipal Pimentel;17;618732.0;9241602.0;2037.870608;104654.625689;10.465463;Municipalidad distrital de Pimentel, Municipalidad distrital de Santa Rosa;25.02;Si;No;Si;No;Si;No;No;No;No;No;Recuperación;2018;RCD N°026 -2018-OEFA/CD;;
37799;1430;140118;Lambayeque;Chiclayo;Pomalca;20396129508;MUNICIPALIDAD DISTRITAL DE POMALCA;UF0010039;Botadero Municipal Pomalca - Carretera al C.P San Luis;17;633614.0;9248352.0;2538;314068;31.4;Municipalidad distrital de Pomalca;14;Si;No;Si;No;No;No;No;No;No;No;Recuperación;2018;RCD N°026 -2018-OEFA/CD;;
37800;1431;140119;Lambayeque;Chiclayo;Pucala;20396017963;MUNICIPALIDAD DISTRITAL DE PUCALA;UF0009299;Botadero Huacachina;17;655365.0;9250474.0;1283;25407;2.54;Municipalidad distrital de Pucala;7.24;Si;No;Si;Si;Si;No;No;No;No;No;Recuperación;2018;RCD N°026 -2018-OEFA/CD;;
37801;1432;140115;Lambayeque;Chiclayo;Saña;"20141784901
20148364975
20180571311
20185129129
20396019826
20191574665
20173119641";"MUNICIPALIDAD PROVINCIAL DE CHICLAYO
MUNICIPALIDAD DISTRITAL JOSE LEONARDO ORTIZ
MUNICIPALIDAD DISTRITAL DE REQUE
MUNICIPALIDAD DISTRITAL DE ZAÑA
MUNICIPALIDAD DISTRITAL DE CAYALTI
MUNICIPALIDAD DISTRITAL DEL PUERTO ETEN
MUNICIPALIDAD DISTRITAL DE LA VICTORIA";UF0010096;Botadero Pampas de Reque;17;640781.0;9236516.0;24912.1865;3070098.564826;307.009856;Municipalidad provincial de Chiclayo, Municipalidad distrital de Reque, Municipalidad distrital de José Leonardo Ortéz, Municipalidad distrital de Saña, Municipalidad distrital de La Víctoria;250;Si;Si;Si;Si;Si;No;No;No;No;No;Recuperación;2018;RCD N°026 -2018-OEFA/CD;;
37802;1433;140120;Lambayeque;Chiclayo;Tuman;20396073791;MUNICIPALIDAD DISTRITAL DE TUMAN;UF0009401;Botadero Campo Pavillas;17;643391.0;9257747.0;1324;93209;9.32;Municipalidad distrital de Tumán;522.8;Si;No;No;Si;Si;No;No;No;No;No;Recuperación;2018;RCD N°026 -2018-OEFA/CD;Resolución N.° 00136-2024-OEFA/DSIS;
37803;1434;140202;Lambayeque;Ferreñafe;Cañaris;20176249111;MUNICIPALIDAD DISTRITAL DE KANARIS;UF0010474;Botadero Sector Alisal;17;692078.0;9331041.0;144;1000;0.1;Municipalidad distrital de Cañaris;No Precisa;No;No;Si;Si;No;No;No;No;No;No;Recuperación;2018;RCD N°026 -2018-OEFA/CD;;
37804;1435;140202;Lambayeque;Ferreñafe;Cañaris;20176249111;MUNICIPALIDAD DISTRITAL DE KANARIS;UF0036800;Botadero Sector Densilde;17;692583.0;9330264.0;No precisa;5000;0.5;Municipalidad distrital de Cañaris;No Precisa;No;No;No;No;No;No;No;No;No;No;Recuperación;2023;Resolución N.° 00073-2023-OEFA/DSIS;;
37805;1436;140203;Lambayeque;Ferreñafe;Incahuasi;20177779041;MUNICIPALIDAD DISTRITAL DE INCAHUASI;UF0010545;Botadero Sector Danzana;17;686113.0;9310268.0;90.815938;478.374197;0.047837;Municipalidad distrital de Incahuasi;6;No;No;No;No;No;No;No;No;No;No;Recuperación;2018;RCD N°026 -2018-OEFA/CD;;
37806;1437;140204;Lambayeque;Ferreñafe;Manuel Antonio Mesones Muro;20162368452;MUNICIP. PROVINCIAL DE FERREÑAFE;UF0009408;Botadero Canteras de Santa Lucia;17;644269.0;9266816.0;3005.38;410841.39;41.08;Municipalidad provincial de Ferreñafe, Municipalidad distrital de Mesones Muro, Municipalidad distrital de Pueblo Nuevo;22.24;Si;Si;Si;Si;No;No;No;No;No;No;Recuperación;2018;RCD N°026 -2018-OEFA/CD;;
37807;1438;140205;Lambayeque;Ferreñafe;Pitipo;20190364055;MUNICIPALIDAD DISTRITAL DE PITIPO;UF0010711;Botadero Sector Tamborreal;17;643967.0;9279834.0;750;21600;2.16;Municipalidad distrital de Pitipo;8;Si;No;Si;Si;No;No;No;No;No;No;Recuperación;2018;RCD N°026 -2018-OEFA/CD;;
37808;1439;140302;Lambayeque;Lambayeque;Chochope;20204507971;MUNICIPALIDAD DISTRITAL DE CHOCHOPE;UF0009726;Botadero Huaca Colorada;17;648965.0;9319358.0;192.925421;2432.824252;0.243282;Municipalidad distrital de Chochope;No Precisa;No;No;Si;No;No;No;No;No;No;No;Recuperación;2018;RCD N°026 -2018-OEFA/CD;;
37809;1440;140303;Lambayeque;Lambayeque;Illimo;20170302134;MUNICIPALIDAD DISTRITAL DE ILLIMO;UF0010543;Botadero Sector Culpón;17;626752.0;9285039.0;583;11054.840227;1.105484;Municipalidad distrital de Illimo, Municipalidad distrital de Tucume;3.77;No;No;Si;Si;No;No;No;No;No;No;Recuperación;2018;RCD N°026 -2018-OEFA/CD;;
37810;1441;140304;Lambayeque;Lambayeque;Jayanca;20141785037;MUNICIPALIDAD DISTRITAL DE JAYANCA;UF0037067;Botadero del Sector Zurita de la Viña;17;639999.0;9296592.0;855;39305;3.93;Municipalidad Distrital de Jayanca;10;Si;No;Si;Si;Si;No;No;No;No;No;Recuperación;2023;Resolución N.° 00099-2023-OEFA/DSIS;Resolución N.° 0017-2025-OEFA/DSIS;
37811;1442;140301;Lambayeque;Lambayeque;Lambayeque;"20175975234
20190384757
20171775915
20163164401";"MUNICIPALIDAD PROVINCIAL DE LAMBAYEQUE
MUNICIPALIDAD DISTRITAL DE MOCHUMI
MUNICIPALIDAD DISTRITAL DE TUCUME
MUNICIPALIDAD DISTRITAL DE SAN JOSE";UF0010028;Botadero Municipal de Lambayeque;17;611581.0;9257926.0;4897.4;308806;30.9;Municipalidad provincial de Lambayeque, Municipalidad distrital de San José, Municipalidad distrital de Mochumí, Municipalidad distrital de Túcume;50;No;No;No;No;No;No;No;No;No;No;Recuperación;2018;RCD N°026 -2018-OEFA/CD;Resolución N.° 00008-2025-OEFA/DSIS;R.A. N° 347-2018-MPL-A
37812;1443;140305;Lambayeque;Lambayeque;Mochumi;20190384757;MUNICIPALIDAD DISTRITAL DE MOCHUMI;UF0010043;Botadero Municipal Sector Huaca Quemada;17;623270.0;9276920.0;676;26200;2.62;Municipalidad distrital de Mochumi;7414;No;No;No;No;No;No;No;No;No;No;Recuperación;2018;RCD N°026 -2018-OEFA/CD;;
37813;1444;140306;Lambayeque;Lambayeque;Morrope;20198667260;MUNICIPALIDAD DISTRITAL DE MORROPE;UF0010035;Botadero Municipal Morrope;17;596774.0;9284073.0;5148;360085;36;Municipalidad distrital de Morrope;6.28;Si;No;Si;Si;Si;No;No;No;No;No;Recuperación;2018;RCD N°026 -2018-OEFA/CD;Resolución N.° 00002-2025-OEFA/DSIS;
37814;1445;140307;Lambayeque;Lambayeque;Motupe;20162368703;MUNICIPALIDAD DISTRITAL DE MOTUPE;UF0010694;Botadero Sector Salitral;17;639352.0;9321724.0;1395;98425;9.84;Municipalidad distrital de Motupe;11;Si;No;Si;No;No;No;No;No;No;No;Recuperación;2018;RCD N°026 -2018-OEFA/CD;Resolución N.° 00140-2024-OEFA/DSIS;
37815;1446;140310;Lambayeque;Lambayeque;Motupe;20163866855;MUNICIPALIDAD DISTRITAL DE SALAS;UF0018536;Botadero Sector Los Tres Cerritos;17;648177.0;9309183.0;357;4537;0.45;Municipalidad distrital de Salas;6.4;No;No;Si;No;No;No;No;No;No;No;Recuperación;2022;Resolución N.° 00018-2022-OEFA/DSIS;;
37816;1447;140308;Lambayeque;Lambayeque;Olmos;20175975315;MUNICIPALIDAD DISTRITAL DE OLMOS;UF0010610;Botadero Sector La Juliana;17;641434.0;9338076.0;685;23863;2.39;Municipalidad distrital de Olmos;24;Si;Si;Si;No;No;No;No;No;No;No;Recuperación;2018;RCD N°026 -2018-OEFA/CD;Resolución N.° 00147-2024-OEFA/DSIS;
37817;1448;140309;Lambayeque;Lambayeque;Pacora;20147103370;MUNICIPALIDAD DISTRITAL DE PACORA;UF0009427;Botadero Caserío Casa Embarrada;17;625427.0;9289979.0;626;8606;0.86;Municipalidad distrital de Pacora, Municipalidad distrital de Jayanca;4.28;No;No;Si;No;No;No;No;No;No;No;Recuperación;2018;RCD N°026 -2018-OEFA/CD;;
37818;1449;140310;Lambayeque;Lambayeque;Salas;20163866855;MUNICIPALIDAD DISTRITAL DE SALAS;UF0009354;Botadero Asentamiento Humano - José Olaya;17;653223.0;9306857.0;299.962418;3799.899922;0.37999;Municipalidad distrital de Salas;3;No;No;Si;No;No;No;No;No;No;No;Recuperación;2018;RCD N°026 -2018-OEFA/CD;;
37819;1450;140311;Lambayeque;Lambayeque;San José;20163164401;MUNICIPALIDAD DISTRITAL DE SAN JOSE;UF0010587;Botadero Sector Huaca Blanca;17;615968.0;9250792.0;668.811664;26444.617966;2.644462;Municipalidad distrital de San José;0;No;No;No;No;No;No;No;No;No;No;Recuperación;2018;RCD N°026 -2018-OEFA/CD;Resolución N.° 00024-2025-OEFA/DSIS;
37820;1451;140311;Lambayeque;Lambayeque;San José;20163164401;MUNICIPALIDAD DISTRITAL DE SAN JOSE;UF0036039;Botadero Sector Huaca Blanca - Pampa de Perros;17;615123.0;9250575.0;859;36773;3.68;Municipalidad distrital de San Jose;0;No;No;No;No;No;No;No;No;No;No;Recuperación;2023;Resolución N.° 00020-2023-OEFA/DSIS;Resolución N.° 0017-2025-OEFA/DSIS;
37821;1452;140312;Lambayeque;Lambayeque;Tucume;20171775915;MUNICIPALIDAD DISTRITAL DE TUCUME;UF0009430;Botadero Caserío Torromotal;17;628728.0;9283211.0;273.261886;3178.913351;0.317891;Municipalidad distrital de Tucume;0;No;No;No;Si;No;No;No;No;No;No;Recuperación;2018;RCD N°026 -2018-OEFA/CD;;
37822;1453;150202;Lima;Barranca;Paramonga;20142701597;MUNICIPALIDAD PROVINCIAL DE BARRANCA;UF0010117;Botadero Pararín;18;189139.0;8822346.0;2998.93;97239.41;9.72;Municipalidad provincial de Barranca, Municipalidad distrital de Supe Puerto, Municipalidad distrital de Supe, Municipalidad distrital de Paramónga, Municipalidad distrital de Pativilca;110;Si;Si;Si;Si;Si;No;No;No;No;No;Recuperación;2018;RCD N°026 -2018-OEFA/CD;Resolución N.° 00140-2024-OEFA/DSIS;
37823;1454;150202;Lima;Barranca;Paramonga;20188938354;MUNICIPALIDAD DISTRITAL DE PARAMONGA;UF0013855;Botadero Cerro la Horca;18;187387.614799;8822080.8464;1701.160032;153298.5449;15.329854;Municipalidad distrital de Supe, Municipalidad distrital de Paramonga;No Precisa;Si;No;Si;No;No;No;No;No;No;No;Recuperación;2021;RESOLUCION N° 00003-2021-OEFA/DSIS;;
37824;1455;150301;Lima;Cajatambo;Cajatambo;20188234209;MUNICIPALIDAD PROVINCIAL DE CAJATAMBO;UF0010488;Botadero Sector Ayajilca;18;281376.0;8841742.0;164.403073;1730.135708;0.173014;Municipalidad provincial de Cajatambo;No Precisa;No;No;No;No;No;No;No;No;No;No;Recuperación;2018;RCD N°026 -2018-OEFA/CD;;
37825;1456;150301;Lima;Cajatambo;Cajatambo;20188234209;MUNICIPALIDAD PROVINCIAL DE CAJATAMBO;UF0039282;Botadero Tupiac;18;275140.0;8842832.0;114;800;0.08;Municipalidad provincial de Cajatambo;No Precisa;No;No;Si;Si;No;No;No;No;No;No;Recuperación;2025;RESOLUCIÓN N° 00002-2025-OEFA/DSIS;;
37826;1457;150302;Lima;Cajatambo;Copa;20194885271;MUNICIPALIDAD DISTRITAL DE COPA;UF0039283;Botadero Churcaparumi;18;270516.0;8850872.0;88;200;0.02;Municipalidad distrital de Copa;0.3;No;No;Si;Si;No;No;No;No;No;No;Recuperación;2025;RESOLUCIÓN N° 00002-2025-OEFA/DSIS;;
37827;1458;150302;Lima;Cajatambo;Copa;20194885271;MUNICIPALIDAD DISTRITAL DE COPA;UF0039284;Botadero Pueblo Viejo;18;271291.0;8847219.0;51.1;200;0.02;Municipalidad distrital de Copa;0.1;No;No;Si;Si;No;No;No;No;No;No;Recuperación;2025;RESOLUCIÓN N° 00002-2025-OEFA/DSIS;;
37828;1459;150304;Lima;Cajatambo;Huancapon;20228450805;MUNICIPALIDAD DISTRITAL DE HUANCAPON;UF0010206;Botadero Quebrada Murpa;18;267304.0;8833989.0;79.613842;356.294846;0.035629;Municipalidad distrital de Huancapon;0.125;No;No;No;No;No;No;No;No;No;No;Recuperación;2018;RCD N°026 -2018-OEFA/CD;;
37829;1460;150402;Lima;Canta;Arahuay;20211843579;MUNICIPALIDAD DISTRITAL DE ARAHUAY;UF0009822;Botadero La Tranca;18;318451.0;8715496.0;74.333851;348.64237;0.034864;Municipalidad distrital de Arahuay;No Precisa;No;No;No;No;No;No;No;No;No;No;Recuperación;2018;RCD N°026 -2018-OEFA/CD;;
37830;1461;150401;Lima;Canta;Canta;20170855141;MUNICIPALIDAD PROVINCIAL DE CANTA;UF0010067;Botadero Pachacamac;18;338526.0;8570006.0;365.585226;5996.087012;0.599609;Municipalidad provincial de Canta, Municipalidad distrital de San Buenaventura;1.74;No;No;No;Si;No;No;No;No;No;No;Recuperación;2018;RCD N°026 -2018-OEFA/CD;;
37831;1462;150403;Lima;Canta;Huamantanga;20206112604;MUNICIPALIDAD DISTRITAL DE HUAMANTANGA;UF0010141;Botadero Piscocoto;18;308527.0;8728704.0;162.542466;1563.880427;0.156388;Municipalidad distrital de Huamantanga;No Precisa;No;No;Si;No;No;No;No;No;No;No;Recuperación;2018;RCD N°026 -2018-OEFA/CD;;
37832;1463;150403;Lima;Canta;Huamantanga;20206112604;MUNICIPALIDAD DISTRITAL DE HUAMANTANGA;UF0039285;Botadero Quipan;18;305525.0;8730923.0;133;1100;0.11;Municipalidad distrital de Huamantanga;0.2;No;No;No;No;No;No;No;No;No;No;Recuperación;2025;RESOLUCIÓN N° 00002-2025-OEFA/DSIS;;
37833;1464;150403;Lima;Canta;Huamantanga;20206112604;MUNICIPALIDAD DISTRITAL DE HUAMANTANGA;UF0039286;Botadero Marco;18;305362.0;8734685.0;108;400;0.04;Municipalidad distrital de Huamantanga;0.1;No;Si;No;No;No;No;No;No;No;No;Recuperación;2025;RESOLUCIÓN N° 00002-2025-OEFA/DSIS;;
37834;1465;150404;Lima;Canta;Huaros;20198248372;MUNICIPALIDAD DISTRITAL DE HUAROS;UF0009495;Botadero Chaucruz;18;327781.0;8738505.0;133.478285;1124.063257;0.112406;Municipalidad distrital de Huaros;No Precisa;No;mp;Si;No;No;No;No;No;No;No;Recuperación;2018;RCD N°026 -2018-OEFA/CD;;
37835;1466;150404;Lima;Canta;Huaros;20198248372;MUNICIPALIDAD DISTRITAL DE HUAROS;UF0039287;Botadero Sector Pachachaca;18;332574.0;8738472.0;138;735;0.0735;Municipalidad distrital de Huaros;0.3;No;No;Si;No;No;No;No;No;No;No;Recuperación;2025;RESOLUCIÓN N° 00002-2025-OEFA/DSIS;;
37836;1467;150405;Lima;Canta;Lachaqui;20232238560;MUNICIPALIDAD DISTRITAL DE LACHAQUI;UF0010658;Botadero Sector Parcaqui;18;321176.0;8721500.0;83.992508;407.826642;0.040783;Municipalidad distrital de Lachaqui;2.5;No;No;No;No;No;No;No;No;No;No;Recuperación;2018;RCD N°026 -2018-OEFA/CD;;
37837;1468;150407;Lima;Canta;Santa Rosa de Quives;20143772129;MUNICIPALIDAD DISTRITAL DE SANTA ROSA DE QUIVES;UF0010220;Botadero Quilca;18;286823.0;8706060.0;183.867342;1857.187164;0.185719;Municipalidad distrital de Santa Rosa de Quives;No Precisa;No;No;No;No;No;No;No;No;No;No;Recuperación;2018;RCD N°026 -2018-OEFA/CD;;
37838;1469;150502;Lima;Cañete;Asia;20140080471;MUNICIPALIDAD DISTRITAL DE ASIA;UF0009648;Botadero de Sarapampa;18;333240.0;8583610.0;3596;88900;8.89;Municipalidad distrital de Asia;42;No;No;No;No;No;No;No;No;No;No;Recuperación;2018;RCD N°026 -2018-OEFA/CD;Resolución N.° 00016-2025-OEFA/DSIS, Resolución N.° 00002-2025-OEFA/DSIS;
37839;1470;150503;Lima;Cañete;Calango;20199187008;MUNICIPALIDAD DISTRITAL DE CALANGO;UF0018171;Botadero San Juan de Correviento;18;329201.0;8617073.0;952.33;42060.9;4.2060900000000000;Municipalidad distrital de Calango;1;Si;No;No;No;No;No;No;No;No;No;Recuperación;2022;Resolución N.° 00018-2022-OEFA/DSIS;;
37840;1471;150504;Lima;Cañete;Cerro Azul;20160852195;MUNICIPALIDAD DISTRITRAL DE CERRO AZUL;UF0009471;Botadero Cerro Azul;18;338514.0;8570016.0;2159.848092;96212.940957;9.621294;Municipalidad distrital de Cerro Azul;26;Si;Si;Si;No;No;No;No;No;No;No;Recuperación;2018;RCD N°026 -2018-OEFA/CD;;
37841;1472;150505;Lima;Cañete;Chilca;20171719179;MUNICIPALIDAD DISTRITAL DE CHILCA;UF0010081;Botadero Pampa Calanguillo;18;316591.0;8616481.0;1786.716935;82176.023284;8.217602;Municipalidad distrital de Chilca;0;Si;No;Si;No;No;No;No;No;No;No;Recuperación;2018;RCD N°026 -2018-OEFA/CD;Resolución N.° 00019-2025-OEFA/DSIS;
37842;1473;150506;Lima;Cañete;Coayllo;20158939585;MUNICIPALIDAD DISTRITAL DE COAYLLO;UF0013738;Botadero Piedra Hueca;18;341541.0;8592966.0;97.911581;614.660501;0.061466;Municipalidad distrital de Coayllo;No Precisa;No;No;No;No;No;No;No;No;No;No;Recuperación;2021;RESOLUCION N° 00003-2021-OEFA/DSIS;;
37843;1474;150507;Lima;Cañete;Imperial;20162290089;MUNICIPALIDAD DISTRITAL DE IMPERIAL;UF0009474;Botadero Cerro Candela;18;350549.0;8557255.0;2122.65;199100;19.9097;Municipalidad distrital de Imperial;40;Si;No;Si;No;No;No;No;No;No;No;Recuperación;2018;RCD N°026 -2018-OEFA/CD;;
37844;1475;150514;Lima;Cañete;Imperial;20158939402;MUNICIPALIDAD DISTRITAL DE SAN LUIS;UF0009298;Botadero Cerro Gallito;18;350436.0;8558901.0;700;14800;1.48;Municipalidad distrital de San Luis;8;Si;No;Si;No;No;No;No;No;No;No;Recuperación;2018;RCD N°026 -2018-OEFA/CD;Resolución N.° 00002-2025-OEFA/DSIS;
37845;1476;150508;Lima;Cañete;Lunahuana;20155998556;MUNICIPALIDAD DISTRITAL DE LUNAHUANA;UF0010463;Botadero Santa Rosa;18;377306.0;8567202.0;891;31000;3.1;Municipalidad distrital de Lunahuaná;2;Si;No;No;No;No;No;No;No;No;No;Recuperación;2018;RCD N°026 -2018-OEFA/CD;Resolución N.° 87-2024-OEFA/DSIS;
37846;1477;150509;Lima;Cañete;Mala;"20158939666
20155998718";"MUNICIPALIDAD DISTRITAL DE MALA
MUNICIPALIDAD DISTRITAL DE SANTA CRUZ DE FLORES";UF0010876;Botadero Zona de Calicanto;18;327097.0;8593352.0;2287.446792;127648.524927;12.764852;Municipalidad distrital de Mala, Municipalidad Distrital de Asia, Municipalidad Distrital de Santa Cruz de Flores;20;Si;Si;Si;Si;No;No;No;No;No;No;Recuperación;2018;RCD N°026 -2018-OEFA/CD;Resolución N.° 00136-2024-OEFA/DSIS;
37847;1478;150509;Lima;Cañete;Mala;20158939666;MUNICIPALIDAD DISTRITAL DE MALA;UF0013856;Botadero Pampa Lumbreras;18;330801.0;8603059.0;1131;55000;5.5;Municipalidad distrital de Mala;35;Si;No;No;No;No;No;No;No;No;No;Recuperación;2021;RESOLUCION N° 00003-2021-OEFA/DSIS;Resolución N.° 00028-2025-OEFA/DSIS;
37848;1479;150510;Lima;Cañete;Nuevo Imperial;20148181544;MUNICIPALIDAD DISTRITAL NUEVO IMPERIAL;UF0010019;Botadero Municipal Centro Poblado Augusto B. Leguia;18;362403.0;8555255.0;2160;25000;2.5;Municipalidad distrital de Nuevo Imperial, Municipalidad provincial de Cañete;No precisa;No;No;No;No;No;No;No;No;No;No;Recuperación;2018;RCD N°026 -2018-OEFA/CD;;
37849;1480;150510;Lima;Cañete;Nuevo Imperial;20148181544;MUNICIPALIDAD DISTRITAL NUEVO IMPERIAL;UF0010020;Botadero Municipal Centro Poblado Carmen Alto;18;357883.47;8559756.84;1413.7;40500;4.05;Municipalidad distrital de Nuevo Imperial;8;Si;No;Si;Si;No;No;No;No;No;No;Recuperación;2018;RCD N°026 -2018-OEFA/CD;;
37850;1481;150512;Lima;Cañete;Quilmana;20175307711;MUNICIPALIDAD DISTRITAL DE QUILMANA;UF0010095;Botadero Pampas de Quilmana;18;349425.0;8574738.0;2622;99300;9.93;Municipalidad distrital de Quilmana;22;No;No;No;No;No;No;No;No;No;No;Recuperación;2018;RCD N°026 -2018-OEFA/CD;Resolución N.° 00002-2025-OEFA/DSIS;
37851;1482;150513;Lima;Cañete;San Antonio;20158939313;MUNICIPALIDAD DISTRITAL DE SAN ANTONIO;UF0034676;Botadero de San Antonio - Cañete;18;319921.5;8603408.9;1230;26200;2.62;Municipalidad Distrital de San Antonio;9;Si;No;Si;No;No;No;No;No;No;No;Recuperación;2022;Resolución N.° 00054-2022-OEFA/DSIS;Resolución N.° 00008-2025-OEFA/DSIS;
37852;1483;150501;Lima;Cañete;San Vicente de Cañete;20154440373;MUNICIPALIDAD PROVINCIAL DE CANETE;UF0012759;Botadero de Pampa Clarita;18;352071.0;8545251.0;4738.186914;917265.560828;91.726556;Municipalidad provincial de Cañete;No Precisa;No;No;No;No;No;No;No;No;No;No;Recuperación;2021;RESOLUCION N° 00003-2021-OEFA/DSIS;;
37853;1484;150515;Lima;Cañete;Santa Cruz de Flores;20155998718;MUNICIPALIDAD DISTRITAL DE SANTA CRUZ DE FLORES;UF0036423;Botadero Quebrada Jaboncillo - Cañete;18;323669.6;8615592.4;1557.61;123800;12.38;Municipalidad distrital de Santa Cruz de Flores;10;No;No;No;Si;No;No;No;No;No;No;Recuperación;2023;Resolución N.° 0045-2023-OEFA/DSIS;;
37854;1485;150516;Lima;Cañete;Zuñiga;20182750311;MUNICIPALIDAD DISTRITAL DE ZUÑIGA;UF0018167;Botadero Municipal de Zuñiga;18;388983.0;8580900.0;614;21392;2.14;Municipalidad distrital de Zuñiga;0;No;No;No;No;No;No;No;No;No;No;Recuperación;2022;Resolución N.° 00018-2022-OEFA/DSIS;Resolución N.° 0017-2025-OEFA/DSIS, Resolución N.° 00013-2025-OEFA/DSIS;
37855;1486;150602;Lima;Huaral;Atavillos Alto;20205877763;MUNICIPALIDAD DISTRITAL DE ATAVILLOS ALTO;UF0039288;Botadero Pasac;18;317081.0;8755644.0;70.1;200;0.02;Municipalidad distrital de Atavillos Alto;No Precisa;No;No;Si;No;No;No;No;No;No;No;Recuperación;2025;RESOLUCIÓN N° 00002-2025-OEFA/DSIS;;
37856;1487;150602;Lima;Huaral;Atavillos Alto;20205877763;MUNICIPALIDAD DISTRITAL DE ATAVILLOS ALTO;UF0039289;Botadero Calera;18;327130.0;8757066.0;89;300;0.03;Municipalidad distrital de Atavillos Alto;No Precisa;No;No;No;Si;Si;No;No;No;No;No;Recuperación;2025;RESOLUCIÓN N° 00002-2025-OEFA/DSIS;;
37857;1488;150602;Lima;Huaral;Atavillos Alto;20205877763;MUNICIPALIDAD DISTRITAL DE ATAVILLOS ALTO;UF0009865;Botadero Maranio;18;319484.0;8758142.0;144.726063;1391.698359;0.13917;Municipalidad distrital de Atavillos Alto;0.006;No;No;No;No;No;No;No;No;No;No;Recuperación;2018;RCD N°026 -2018-OEFA/CD;;
37858;1489;150603;Lima;Huaral;Atavillos Bajo;20188945644;MUNICIPALIDAD DISTRITAL DE ATAVILLOS BAJO;UF0039290;Botadero Sector Callao;18;303391.0;8743271.0;252;3000;0.3;Municipalidad distrital de Atavillos Bajo;0.1;Si;No;Si;Si;No;No;No;No;No;No;Recuperación;2025;RESOLUCIÓN N° 00002-2025-OEFA/DSIS;;
37859;1490;150603;Lima;Huaral;Atavillos Bajo;20188945644;MUNICIPALIDAD DISTRITAL DE ATAVILLOS BAJO;UF0039291;Botadero Culluti Rumi;18;303221.0;8750705.0;105;200;0.02;Municipalidad distrital de Atavillos Bajo;0.1;No;No;No;Si;No;No;No;No;No;No;Recuperación;2025;RESOLUCIÓN N° 00002-2025-OEFA/DSIS;;
37860;1491;150603;Lima;Huaral;Atavillos Bajo;20188945644;MUNICIPALIDAD DISTRITAL DE ATAVILLOS BAJO;UF0010745;Botadero Sococoto;18;299282.0;8745896.0;179.462217;1491.611455;0.149161;Municipalidad distrital de Atavillos Bajo;No Precisa;No;No;No;No;No;No;No;No;No;No;Recuperación;2018;RCD N°026 -2018-OEFA/CD;;
37861;1492;150603;Lima;Huaral;Atavillos Bajo;20188945644;MUNICIPALIDAD DISTRITAL DE ATAVILLOS BAJO;UF0010829;Botadero Ucana;18;301196.0;8743989.0;33.819469;56.678056;0.005668;Municipalidad distrital de Atavillos Bajo;No Precisa;No;No;No;No;No;No;No;No;No;No;Recuperación;2018;RCD N°026 -2018-OEFA/CD;;
37862;1493;150603;Lima;Huaral;Atavillos Bajo;20188945644;MUNICIPALIDAD DISTRITAL DE ATAVILLOS BAJO;UF0010222;Botadero Quinchiura;18;300936.0;8744064.0;83.223105;455.729147;0.045573;Municipalidad distrital de Atavillos Bajo;No Precisa;No;No;No;No;No;No;No;No;No;No;Recuperación;2018;RCD N°026 -2018-OEFA/CD;;
37863;1494;150605;Lima;Huaral;Chancay;20163051118;MUNICIPALIDAD DISTRITAL DE CHANCAY;UF0009717;Botadero Grita Lobos;18;246204.0;8730337.0;818.228788;42219.280274;4.221928;Municipalidad distrital de Chancay;36;Si;No;Si;Si;No;No;No;No;No;No;Recuperación;2018;RCD N°026 -2018-OEFA/CD;;
37864;1495;150605;Lima;Huaral;Chancay;20163051118;MUNICIPALIDAD DISTRITAL DE CHANCAY;UF0009674;Botadero El Cascajo;18;252637.0;8717046.0;1383.180396;63237.6306;6.323763;Municipalidad distrital de Chancay;No Precisa;No;No;No;No;No;No;No;No;No;No;Recuperación;2018;RCD N°026 -2018-OEFA/CD;;
37865;1496;150601;Lima;Huaral;Huaral;"20188948741
20188930027
20188920498";"MUNICIPALIDAD PROVINCIAL DE HUARAL
MUNICIPALIDAD DISTRITAL DE AUCALLAMA
MUNICIPALIDAD DISTRITAL DE SAYAN";UF0010083;Botadero Pampa de Los Perros;18;250469.0;8734334.0;5995;818000;81.8;Municipalidad provincial de Huaral, Municipalidad distrital de Aucallama;81;Si;No;Si;No;No;No;No;No;No;No;Recuperación;2018;RCD N°026 -2018-OEFA/CD;Resolución N.° 00008-2025-OEFA/DSIS;
37866;1497;150606;Lima;Huaral;Ihuari;20204942391;MUNICIPALIDAD DISTRITAL DE IHUARI;UF0009886;Botadero Mitochupa;18;286845.0;8762922.0;105.397225;688.771508;0.068877;Municipalidad distrital de Ihuari;No Precisa;No;No;No;No;No;No;No;No;No;No;Recuperación;2018;RCD N°026 -2018-OEFA/CD;;
37867;1498;150607;Lima;Huaral;Lampian;20205878069;MUNICIPALIDAD DISTRITAL DE LAMPIAN;UF0009805;Botadero La Cruz;18;298914.0;8757341.0;133.907737;1089.085351;0.108909;Municipalidad distrital de Lampián;No Precisa;No;No;No;Si;No;No;No;No;No;No;Recuperación;2018;RCD N°026 -2018-OEFA/CD;;
37868;1499;150607;Lima;Huaral;Lampian;20205878069;MUNICIPALIDAD DISTRITAL DE LAMPIAN;UF0039292;Botadero Sector Acay;18;299165.0;8753098.0;110;700;0.07;Municipalidad distrital de Lampian;0.5;No;No;No;Si;No;No;No;No;No;No;Reconversión;2025;RESOLUCIÓN N° 00002-2025-OEFA/DSIS;;
37869;1500;150608;Lima;Huaral;Pacaraos;20205822519;MUNICIPALIDAD DISTRITAL DE PACARAOS;UF0009731;Botadero Hualish;18;320327.0;8763185.0;117.301966;535.734818;0.053573;Municipalidad distrital de Pacaraos;No Precisa;No;No;No;No;No;No;No;No;No;No;Recuperación;2018;RCD N°026 -2018-OEFA/CD;;
37870;1501;150608;Lima;Huaral;Pacaraos;20205822519;MUNICIPALIDAD DISTRITAL DE PACARAOS;UF0009514;Botadero Chiraparca;18;320045.0;8762783.0;95.911685;509.585342;0.050959;Municipalidad distrital de Pacaraos;No Precisa;No;No;No;No;No;No;No;No;No;No;Recuperación;2018;RCD N°026 -2018-OEFA/CD;;
37871;1502;150608;Lima;Huaral;Pacaraos;20205822519;MUNICIPALIDAD DISTRITAL DE PACARAOS;UF0039293;Botadero Tampoquiro;18;322141.0;8769343.0;40.9;100;0.01;Municipalidad distrital de Pacaraos;0;No;No;No;Si;No;No;No;No;No;No;Recuperación;2025;RESOLUCIÓN N° 00002-2025-OEFA/DSIS;;
37872;1503;150609;Lima;Huaral;San Miguel de Acos;20213364759;MUNICIPALIDAD DISTRITAL DE SAN MIGUEL DE ACOS;UF0010651;Botadero Sector Palca;18;300301.0;8752849.0;93.671547;522.724067;0.052272;Municipalidad distrital de San Miguel de Acos;No Precisa;No;No;Si;Si;No;No;No;No;No;No;Recuperación;2018;RCD N°026 -2018-OEFA/CD;;
37873;1504;150609;Lima;Huaral;San Miguel de Acos;20213364759;MUNICIPALIDAD DISTRITAL DE SAN MIGUEL DE ACOS;UF0040213;Botadero Palca II (Botadero Municipal Palca 2);18;301531.0;8753435.0;173;1352;0.1352;Municipalidad distrital de San Miguel de Acos;0.25;No;No;Si;No;No;No;No;No;No;No;Recuperación;2025;RESOLUCIÓN N° 00016-2025-OEFA/DSIS;;
37874;1505;150610;Lima;Huaral;Santa Cruz de Andamarca;20205877925;MUNICIPALIDAD DISTRITAL DE SANTA CRUZ DE ANDAMARCA;UF0010591;Botadero Sector Huancayo;18;320889.0;8760823.0;90.835978;387.718887;0.038772;Municipalidad distrital de Santa Cruz de Andamarca;0.009;No;No;No;No;No;No;No;No;No;No;Recuperación;2018;RCD N°026 -2018-OEFA/CD;;
37875;1506;150610;Lima;Huaral;Santa Cruz de Andamarca;20205822519;MUNICIPALIDAD DISTRITAL DE PACARAOS;UF0039294;Botadero Yargyacu;18;325822.0;8772828.0;72.2;300;0.03;Municipalidad distrital de Pacaraos;0.1;No;No;No;Si;No;No;No;No;No;No;Recuperación;2025;RESOLUCIÓN N° 00002-2025-OEFA/DSIS;;
37876;1507;150611;Lima;Huaral;Sumbilca;20188762647;MUNICIPALIDAD DISTRITAL DE SUMBILCA;UF0010718;Botadero Sector Tuctucancha;18;301576.0;8738564.0;35.342685;71.523426;0.007152;Municipalidad distrital de Sumbilca;0.007;No;No;No;No;No;No;No;No;No;No;Recuperación;2018;RCD N°026 -2018-OEFA/CD;;
37877;1508;150611;Lima;Huaral;Sumbilca;20188762647;MUNICIPALIDAD DISTRITAL DE SUMBILCA;UF0010598;Botadero Sector Huayrumpampa;18;301619.0;8739237.0;41.94365;110.383661;0.011038;Municipalidad distrital de Sumbilca;No Precisa;No;No;No;No;No;No;No;No;No;No;Recuperación;2018;RCD N°026 -2018-OEFA/CD;;
37878;1509;150612;Lima;Huaral;Veintisiete de Noviembre;20205780506;MUNICIPALIDAD DISTRITAL VEINTISIETE DE NOVIEMBRE;UF0010666;Botadero Sector Pishcahuana;18;305764.0;8761990.0;267.4;931.08;0.09;Municipalidad distrital de Veintisiete de Noviembre;No Precisa;No;No;No;No;No;No;No;No;No;No;Recuperación;2018;RCD N°026 -2018-OEFA/CD;Resolución N.° 00002-2025-OEFA/DSIS;
37879;1510;150702;Lima;Huarochirí;Antioquia;20298709857;MUNICIPALIDAD DISTRITAL DE ANTIOQUIA;UF0009570;Botadero de Antioquia;18;337378.0;8665529.0;154.930027;1649.534038;0.164953;Municipalidad distrital de Antioquia;2;No;No;No;No;No;No;No;No;No;No;Recuperación;2018;RCD N°026 -2018-OEFA/CD;;
37880;1511;150705;Lima;Huarochirí;Chicla;20174879495;MUNICIPALIDAD DISTRITAL DE CHICLA;UF0013739;Botadero Municipal de Chicla;18;361809.0;8703285.0;266;2500;0.25;Municipalidad distrital de Chicla;No Precisa;No;No;No;No;No;No;No;No;No;No;Reconversión;2021;RESOLUCION N° 00003-2021-OEFA/DSIS;;
37881;1512;150707;Lima;Huarochirí;Huachupampa;20218598774;MUNICIPALIDAD DISTRITAL DE HUACHUPAMPA;UF0037928;Botadero Huaylilpo;18;326581.283;8701700.342;No precisa;13000;1.3;Municipalidad distrital de Huachupampa;0.14;No;No;No;No;No;No;No;No;No;No;Recuperación;2024;Resolución N° 00019-2024-OEFA/DSIS;;
37882;1513;150708;Lima;Huarochirí;Huanza;20218049835;MUNICIPALIDAD DISTRITAL DE HUANZA;UF0009502;Botadero Chicla;18;335829.0;8710547.0;92.873993;572.335881;0.057234;Municipalidad distrital de Huanza;0.57;No;No;No;No;No;No;No;No;No;No;Recuperación;2018;RCD N°026 -2018-OEFA/CD;;
37883;1514;150708;Lima;Huarochirí;Huanza;20218049835;MUNICIPALIDAD DISTRITAL DE HUANZA;UF0039295;Botadero Sector Aulincha;18;336008.0;8712618.0;169.44;1704;0.1704;Municipalidad distrital de Huanza;0.37;Si;No;No;Si;No;No;No;No;No;No;Reconversión;2025;RESOLUCIÓN N° 00002-2025-OEFA/DSIS;;
37884;1515;150709;Lima;Huarochirí;Huarochirí;20253020955;MUNICIPALIDAD DISTRITAL DE SAN LORENZO DE QUINTI;UF0010471;Botadero Sector Agua Pampa;18;367815.0;8656906.0;83.85571;421.305699;0.042131;Municipalidad distrital de San Lorenzo de Quinti;No Precisa;No;No;No;No;No;No;No;No;No;No;Recuperación;2018;RCD N°026 -2018-OEFA/CD;;
37885;1516;150701;Lima;Huarochirí;Matucana;20137289921;MUNICIPALIDAD PROVINCIAL DE HUAROCHIRI MATUCANA;UF0010561;Botadero Sector Eduardo de Habich;18;345209.0;8688248.0;329;5931;0.59;Municipalidad distrital de Huarochiri, Municipalidad distrital de Surco;2;Si;No;No;No;No;No;No;No;No;No;Recuperación;2018;RCD N°026 -2018-OEFA/CD;;
37886;1517;150715;Lima;Huarochirí;San Andres de Tupicocha;20298614635;MUNICIPALIDAD DE SAN ANDRES DE TUPICOCHA;UF0010792;Botadero Tupicocha;18;341559.0;8671591.0;126.103837;1138.404749;0.11384;Municipalidad distrital de San Andrés de Tupicocha;0.15;No;No;No;No;No;No;No;No;No;No;Recuperación;2018;RCD N°026 -2018-OEFA/CD;;
37887;1518;150717;Lima;Huarochirí;San Bartolome;20197061333;MUNICIPALIDAD DISTRITAL DE SAN BARTOLOME;UF0009966;Botadero Municipal;18;333353.0;8683428.0;188;2787;0.28;Municipalidad distrital de San Bartolomé;1;No;No;No;No;No;No;No;No;No;No;Recuperación;2018;RCD N°026 -2018-OEFA/CD;Resolución N.° 00028-2025-OEFA/DSIS;
37888;1519;150719;Lima;Huarochirí;San Juan de Iris;20209689660;MUNICIPALIDAD DISTRITAL SAN JUAN DE IRIS;UF0009766;Botadero Huiticocha;18;331982.0;8707948.0;120.393054;1032.956398;0.103296;Municipalidad distrital de San Juan de Iris;0.06;No;No;Si;No;No;No;No;No;No;No;Recuperación;2018;RCD N°026 -2018-OEFA/CD;;
37889;1520;150720;Lima;Huarochirí;San Juan de Tantaranche;20262617085;MUNICIPALIDAD  DISTRITAL DE SAN JUAN DE TANTARANCHE;UF0012761;Botadero Mandagua;18;372169.0;8660903.0;12.000052;9.000078;0.0009;Municipalidad distrital de San Juan de Tantaranche;0.15;No;No;No;No;No;No;No;No;No;No;Recuperación;2021;RESOLUCION N° 00003-2021-OEFA/DSIS;;
37890;1521;150722;Lima;Huarochirí;San Mateo;20196625608;MUNICIPALIDAD DE SAN MATEO;UF0010490;Botadero Sector Ayar Alto;18;357376.0;8697418.0;473;9000;0.9;Municipalidad distrital de San Mateo;1.5;No;No;Si;No;No;No;No;No;No;No;Recuperación;2018;RCD N°026 -2018-OEFA/CD;;
37891;1522;150724;Lima;Huarochirí;San Pedro de Casta;20308738664;MUNICIPALIDAD DISTRITAL DE SAN PEDRO DE CASTA;UF0010773;Botadero Tomanguía;18;326160.0;8698945.0;92.204627;518.387408;0.051839;Municipalidad distrital de San Pedro de Casta;0.15;No;No;No;No;No;No;No;No;No;No;Recuperación;2018;RCD N°026 -2018-OEFA/CD;;
37892;1523;150712;Lima;Huarochirí;San Pedro de Laraos;20339031038;MUNICIPALIDAD DISTRITAL DE SAN PEDRO DE LARAOS;UF0009476;Botadero Cerro Culipampa;18;331996.0;8709612.0;125.03538;685.248067;0.068525;Municipalidad distrital de San Pedro de Laraos;0.021;No;No;Si;No;No;No;No;No;No;No;Recuperación;2018;RCD N°026 -2018-OEFA/CD;;
37893;1524;150726;Lima;Huarochirí;Sangallaya;20205137131;MUNICIPALIDAD DISTRITAL SANGALLAYA;UF0010456;Botadero Sangallaya;18;366175.0;8654910.0;77.990527;406.794948;0.040679;Municipalidad distrital de Sangallaya;No Precisa;No;No;No;No;No;No;No;No;No;No;Recuperación;2018;RCD N°026 -2018-OEFA/CD;;
37894;1525;150727;Lima;Huarochirí;Santa Cruz de Cocachacra;20189602571;MUNICIPALIDAD DISTRITAL DE STA CRUZ DE C;UF0010472;Botadero Sector Agua Salada;18;330140.0;8679973.0;246.74246;4269.301859;0.42693;Municipalidad distrital de Santa Cruz de Cocachacra;No Precisa;No;No;No;No;No;No;No;No;No;No;Recuperación;2018;RCD N°026 -2018-OEFA/CD;;
37895;1526;150730;Lima;Huarochirí;Santiago de Tuna;20206864215;MUNICIPALIDAD DISTRITAL DE SANTIAGO DE TUNA;UF0009482;Botadero Cervamtes;18;334514.0;8672672.0;122.540445;749.057121;0.074906;Municipalidad distrital de Santiago de Tuna;0.3;No;No;No;No;No;No;No;No;No;No;Recuperación;2018;RCD N°026 -2018-OEFA/CD;;
37896;1527;150802;Lima;Huaura;Ambar;20146686240;MUNICIPALIDAD DISTRITAL DE AMBAR;UF0010707;Botadero Sector Somsa;18;248270.0;8804475.0;222;2500;0.25;Municipalidad distrital de Ambar;0.43;No;No;Si;No;No;No;No;No;No;No;Recuperación;2018;RCD N°026 -2018-OEFA/CD;Resolución N.° 00002-2025-OEFA/DSIS;
37897;1528;150801;Lima;Huaura;Huacho;20141418557;MUNICIPALIDAD PROVINCIAL DE HUAURA-HUACHO;UF0010092;Botadero Pampa Salinas;18;217588.0;8765598.0;2844.889157;404969.66294;40.496966;Municipalidad provincial de Huaura, Municipalidad distrital de Vegueta, Municipalidad distrital de Caleta de Carquín, Municipalidad distrital de Hualmay, Municipalidad distrital de Santa Maria;74.93;Si;No;Si;Si;No;No;No;No;No;No;Recuperación;2018;RCD N°026 -2018-OEFA/CD;;R.G. N° 020-2022-GDEYGA-MPH-H
37898;1529;150807;Lima;Huaura;Leoncio Prado;20230825948;MUNICIPALIDAD DISTRITAL LEONCIO PRADO;UF0010538;Botadero Sector Crucirca;18;288920.0;8776849.0;95.975692;602.983402;0.060298;Municipalidad distrital de Leoncio Prado;No Precisa;No;No;Si;Si;No;No;No;No;No;No;Recuperación;2018;RCD N°026 -2018-OEFA/CD;;
37899;1530;150808;Lima;Huaura;Paccho;20198961966;MUNICIPALIDAD DISTRITAL DE PACCHO;UF0009954;Botadero Municipal;18;288240.0;8787958.0;37.847062;72.199594;0.00722;Municipalidad distrital de Paccho;0.0002;No;No;No;No;No;No;No;No;No;No;Recuperación;2018;RCD N°026 -2018-OEFA/CD;;
37900;1531;150811;Lima;Huaura;Sayan;20188920498;MUNICIPALIDAD DISTRITAL DE SAYAN;UF0010090;Botadero Pampa Maní;18;258509.0;8768949.0;2614;128481;12.85;Municipalidad distrital de Sayán;16;Si;No;Si;No;No;No;No;No;No;No;Recuperación;2018;RCD N°026 -2018-OEFA/CD;Resolución N.° 00008-2025-OEFA/DSIS;
37901;1532;150102;Lima;Lima;Ancón;20131378468;MUNICIPALIDAD DISTRITAL DE ANCON;UF0036922;Botadero La Vizcacha;18;269903.0;8693697.0;858.653537;33770.637002;3.377064;No precisa;No precisa;No;No;Si;No;No;No;No;No;No;No;Recuperación;2021;RESOLUCION N° 00005-2021-OEFA;;
37902;1533;150106;Lima;Lima;Carabayllo;20518396332;PROGRAMA DE GOBIERNO REGIONAL DE LIMA METROPOLITANA;UF0017088;Nueva Jerusalén;18;274156.0;8691604.0;810.421415;10451.397428;1.04514;No precisa;No precisa;No;No;No;No;No;No;No;No;No;No;Recuperación;2021;RESOLUCION N° 00005-2021-OEFA;;R.S. N° D000119-2022-MML-GSCGA-SGA
37903;1534;150107;Lima;Lima;Chaclacayo;20131368233;MUNICIPALIDAD DE CHACLACAYO;UF0013857;Botadero Municipal;18;306268.0;8674013.0;547.021536;19535.600363;1.95356;Municipalidad distrital de Chaclacayo;0;No;No;No;No;No;No;No;No;No;No;Recuperación;2021;RESOLUCION N° 00003-2021-OEFA/DSIS;;
37904;1535;150101;Lima;Lima;Lima;20131380951;MUNICIPALIDAD METROPOLITANA DE LIMA;UF0035736;El Montón;18;275927.0;8668546.0;447.447148;12264.695446;1.22647;No precisa;No precisa;No;No;No;No;No;No;No;No;No;No;Recuperación;2021;RESOLUCION N° 00005-2021-OEFA;;
37905;1536;150118;Lima;Lima;Lurigancho;-;POR DETERMINAR;UF0042044;Botadero La Vizcachera;18;287066.0;8671927.0;1405.55;84350.63;8.435;No precisa;0;No;Si;No;No;No;No;No;No;No;No;Recuperación;2025;Resolución N.° 00024-2025-OEFA/DSIS;;
37906;1537;150902;Lima;Oyón;Andajes;20227388871;MUNICIPALIDAD DISTRITAL DE ANDAJES;UF0010137;Botadero Pilcahuay;18;292252.0;8804983.0;95.976263;566.850234;0.056685;Municipalidad distrital de Andajes;No Precisa;No;No;Si;No;No;No;No;No;No;No;Recuperación;2018;RCD N°026 -2018-OEFA/CD;;
37907;1538;150903;Lima;Oyón;Caujul;20221420200;MUNICIPALIDAD DISTRITAL DE CAUJUL;UF0009531;Botadero Comín;18;283430.0;8805112.0;48.031565;143.170555;0.014317;Municipalidad distrital de Caujul;No Precisa;No;No;Si;No;No;No;No;No;No;No;Recuperación;2018;RCD N°026 -2018-OEFA/CD;;
37908;1539;150904;Lima;Oyón;Cochamarca;20210698095;MUNICIPALIDAD DISTRITAL DE COCHAMARCA;UF0018183;Botadero Agopununan;18;266975.52;8798161.02;150;2000;0.2;Municipalidad distrital de Cochamarca;0.5;No;No;Si;No;No;No;No;No;No;No;Recuperación;2022;Resolución N.° 00018-2022-OEFA/DSIS;;
37909;1540;150901;Lima;Oyón;Oyón;20173189932;MUNICIPALIDAD PROVINCIAL DE OYON;UF0010559;Botadero Sector de Yanapacza;18;310077.0;8817980.0;319.267925;5874.91121;0.587491;Municipalidad provincial de Oyón;9;No;No;No;No;No;No;No;No;No;No;Recuperación;2018;RCD N°026 -2018-OEFA/CD;;
37910;1541;150901;Lima;Oyón;Oyón;20179697069;MUNICIPALIDAD DE PACHANGARA;UF0010641;Botadero Sector Moroc;18;296490.0;8811305.0;250.050602;2934.435088;0.293444;Municipalidad distrital de Pachangara;32263;Si;No;Si;Si;No;No;No;No;No;No;Recuperación;2018;RCD N°026 -2018-OEFA/CD;;
37911;1542;150901;Lima;Oyón;Oyón;20173189932;MUNICIPALIDAD PROVINCIAL DE OYON;UF0013858;Botadero de Rumari;18;309017.0;8819190.0;199.787473;2241.615173;0.224162;Municipalidad provincial de Oyón;9;No;No;No;No;No;No;No;No;No;No;Recuperación;2021;RESOLUCION N° 00003-2021-OEFA/DSIS;;
37912;1543;151004;Lima;Yauyos;Ayaviri;20208088611;MUNICIPALIDAD DISTRITAL DE AYAVIRI;UF0013737;Botadero Huayllasi;18;375213.0;8630462.0;67.038215;241.614695;0.024161;Municipalidad distrital de Ayaviri;No Precisa;No;No;No;No;No;No;No;No;No;No;Recuperación;2021;RESOLUCION N° 00003-2021-OEFA/DSIS;;
37913;1544;151005;Lima;Yauyos;Azángaro;20211821095;MUNICIPALIDAD DISTRITAL DE AZANGARO;UF0009868;Botadero Marcocancha;18;407352.0;8565786.0;228.156855;2593.737154;0.259374; Municipalidad distrital de Azángaro;No Precisa;No;No;No;No;No;No;No;No;No;No;Recuperación;2018;RCD N°026 -2018-OEFA/CD;;
37914;1545;151006;Lima;Yauyos;Cacra;20172255885;MUNICIPALIDAD DISTRITAL DE CACRA;UF0009817;Botadero La Peña;18;415093.0;8583372.0;143.666722;1257.884675;0.125788;Municipalidad distrital de Cacra;No Precisa;No;No;No;No;No;No;No;No;No;No;Recuperación;2018;RCD N°026 -2018-OEFA/CD;;
37915;1546;151007;Lima;Yauyos;Carania;20322817534;MUNICIPALIDAD DISTRITAL DE CARANIA;-;Botadero Carania;18;406660.0;8635773.0;58;180;0.018;Municipalidad distrital de Carania;0.003;Si;No;No;No;No;No;No;No;No;No;Recuperación;2025;-;;
37916;1547;151008;Lima;Yauyos;Catahuasi;20176171686;MUNICIPALIDAD DISTRITAL DE CATAHUASI;UF0009672;Botadero detrás del Cementerio;18;400006.0;8587484.0;217;2008;0.2;Municipalidad distrital de Catahuasi;0.63;No;No;No;No;No;No;No;No;No;No;Recuperación;2018;RCD N°026 -2018-OEFA/CD;Resolución N.° 00013-2025-OEFA/DSIS;
37917;1548;151009;Lima;Yauyos;Chocos;20155998807;MUNICIPALIDAD DISTRITAL DE CHOCOS;UF0010791;Botadero Tupe;18;406599.0;8572419.0;90.315934;490.355282;0.049036;Municipalidad distrital de Chocos;No Precisa;No;No;No;No;No;No;No;No;No;No;Recuperación;2018;RCD N°026 -2018-OEFA/CD;;
37918;1549;151012;Lima;Yauyos;Hongos;20183958781;MUNICIPALIDAD DISTRITAL HONGOS;UF0010094;Botadero Pampachacra;18;416388.0;8582873.0;291.733062;3020.176779;0.302018;Municipalidad distrital de Hongos;0.047;No;No;No;No;No;No;No;No;No;No;Recuperación;2018;RCD N°026 -2018-OEFA/CD;;
37919;1550;151013;Lima;Yauyos;Huampará;20195577073;MUNICIPALIDAD DISTRITAL DE HUAMPARA;UF0013736;Botadero Huampará;18;373182.0;8633244.0;45.104682;141.142117;0.014114;Municipalidad distrital de Huampará;No Precisa;No;No;No;No;No;No;No;No;No;No;Recuperación;2021;RESOLUCION N° 00003-2021-OEFA/DSIS;;
37920;1551;151014;Lima;Yauyos;Huancaya;20177685659;MUNICIPALIDAD DISTRITAL DE HUANCAYA;UF0009741;Botadero Huancaya;18;412784.0;8650323.0;145.990891;1509.672084;0.150967;Municipalidad distrital de Huancaya;No Precisa;No;No;No;No;No;No;No;No;No;Si;Recuperación;2018;RCD N°026 -2018-OEFA/CD;;
37921;1552;151015;Lima;Yauyos;Huangascar;20176171503;MUNICIPALIDAD DISTRITAL DE HUANGASCAR;UF0010637;Botadero Huchucurume;18;408881.0;8574018.0;139.957612;953.410218;0.095341;Municipalidad distrital de Huangascar;0.035;No;No;No;No;No;No;No;No;No;No;Recuperación;2021;RESOLUCION N° 00003-2021-OEFA/DSIS;;
37922;1553;151018;Lima;Yauyos;Laraos;20190173039;MUNICIPALIDAD DISTRITAL DE LARAOS YAUYOS;UF0009941;Botadero Municipal;18;415944.0;8633486.0;311.321082;4033.724413;0.403372;Municipalidad distrital de Laraos;No Precisa;No;No;No;No;No;No;No;No;No;Si;Recuperación;2018;RCD N°026 -2018-OEFA/CD;;
37923;1554;151020;Lima;Yauyos;Madean;20195465356;MUNICIPALIDAD DISTRITAL DE MADEAN;UF0013735;Botadero Quebrada Uyru Rume;18;415080.0;8568859.0;149.637691;1574.21244;0.157421;Municipalidad distrital de Madean;No Precisa;No;No;No;No;No;No;No;No;No;No;Recuperación;2021;RESOLUCION N° 00003-2021-OEFA/DSIS;;
37924;1555;151021;Lima;Yauyos;Miraflores;20190173110;MUNICIPALIDAD DISTRITAL DE MIRAFLORES;-;Botadero Miraflores;18;411581.0;8643017.0;46;90;0.009;Municipalidad distrital de Miraflores;0.0025;No;No;No;No;No;No;No;No;No;No;Recuperación;2025;-;;
37925;1556;151022;Lima;Yauyos;Omas;20207113612;MUNICIPALIDAD DISTRITAL DE OMAS;UF0010099;Botadero Pan de Azúcar;18;359042.0;8615320.0;126.13522;792.81852;0.079282;Municipalidad distrital de Omas;No Precisa;No;No;No;No;No;No;No;No;No;No;Recuperación;2018;RCD N°026 -2018-OEFA/CD;;
37926;1557;151023;Lima;Yauyos;Putinza;20182110095;MUNICIPALIDAD DISTRITAL DE PUTINZA;UF0018166;Botadero Putinza;18;395595.0;8601154.0;1279;No precisa;No precisa;Municipalidad distrital de Putinza;3.6;No;No;Si;No;No;No;No;No;No;No;Recuperación;2022;Resolución N.° 00018-2022-OEFA/DSIS;;
37927;1558;151024;Lima;Yauyos;Quinches;20322700262;MUNICIPALIDAD DISTRITAL DE QUINCHES;UF0010106;Botadero Paraje de Urcos;18;372211.0;8637555.0;67.103422;249.307797;0.024931; Municipalidad distrital de Quinches;No Precisa;No;No;No;No;No;No;No;No;No;No;Recuperación;2018;RCD N°026 -2018-OEFA/CD;;
37928;1559;151025;Lima;Yauyos;Quinocay;20195570141;MUNICIPALIDAD DISTRITAL DE QUINOCAY;UF0009356;Botadero Astacocha;18;366448.0;8633230.0;441.800142;13339.853737;1.333985;Municipalidad distrital de Quinocay;No Precisa;No;No;No;No;No;No;No;No;No;No;Recuperación;2018;RCD N°026 -2018-OEFA/CD;;
37929;1560;151027;Lima;Yauyos;San Pedro de Pilas;20195570061;MUNIC DIST SAN PEDRO DE PILAS;UF0010135;Botadero Piedra Cilindro;18;365923.0;8622788.0;163.801359;1889.543757;0.188954;Municipalidad distrital de San Pedro de Pilas;No Precisa;No;No;No;No;No;No;No;No;No;No;Recuperación;2018;RCD N°026 -2018-OEFA/CD;;
37930;1561;151032;Lima;Yauyos;Viñac;20175163451;MUNICIPALIDAD DISTRITAL DE VINAC;UF0009956;Botadero Huchurume;18;415175.0;8570651.0;33.637628;73.625269;0.007363;Municipalidad distrital de Viñac;No Precisa;No;No;No;No;No;No;No;No;No;No;Recuperación;2021;RESOLUCION N° 00003-2021-OEFA/DSIS;;
37931;1562;151033;Lima;Yauyos;Vitis;20224676388;MUNICIPALIDAD DISTRITAL DE VITIS;-;Botadero Vitis;18;412327.0;8648599.0;48;80;0.008;Municipalidad distrital de Vitis;0.0015;No;No;No;No;No;No;No;No;No;No;Recuperación;2025;-;;
37932;1563;151001;Lima;Yauyos;Yauyos;20172247513;MUNICIPALIDAD PROVINCIAL DE YAUYOS;UF0009760;Botadero Huayñia;18;404125.0;8623204.0;243.88388;3051.304852;0.30513;Municipalidad provincial de Yauyos;0.7;No;No;Si;No;No;No;No;No;No;No;Recuperación;2018;RCD N°026 -2018-OEFA/CD;;
37933;1564;151001;Lima;Yauyos;Yauyos;20172247513;MUNICIPALIDAD PROVINCIAL DE YAUYOS;UF0009218;Botadero Huayñia 2;18;403934.0;8623032.0;289;4200;0.42;Municipalidad provincial de Yauyos;0.45;No;No;No;No;No;No;No;No;No;No;Reconversión;2023;Resolución N.° 00007-2023-OEFA/DSIS;;
37934;1565;160202;Loreto;Alto Amazonas;Balsapuerto;20220541801;MUNICIPALIDAD DISTRITAL DE BALSAPUERTO;UF0010800;Botadero ubicado en el Centro Poblado de Balsapuerto ;18;327387.0;9354688.0;159.853917;1689.805303;0.168981;Municipalidad distrital de Balsapuerto;No Precisa;No;No;No;No;No;No;No;No;No;No;Recuperación;2018;RCD N°026 -2018-OEFA/CD;;
37935;1566;160205;Loreto;Alto Amazonas;Jeberos;20205141163;MUNICIPALIDAD DISTRITAL DE JEBEROS;UF0009869;Botadero margén izquierda de la trocha carrozable Jeberos-Yurimaguas;18;358052.0;9413930.0;456.655926;13840.961642;1.384096;Municipalidad distrital de Jeberos;No Precisa;No;No;No;No;No;No;No;No;No;No;Recuperación;2018;RCD N°026 -2018-OEFA/CD;;
37936;1567;160206;Loreto;Alto Amazonas;Lagunas;20197990938;MUNICIPALIDAD DISTRITAL DE LAGUNAS;UF0010821;Botadero ubicado en la localidad de Lagunas;18;425054.0;9419347.0;167.562728;2032.359997;0.203236;Municipalidad distrital de Lagunas;3;No;No;No;No;No;No;No;No;Si;No;Recuperación;2018;RCD N°026 -2018-OEFA/CD;;
37937;1568;160210;Loreto;Alto Amazonas;Santa Cruz;20318420000;MUNICIPALIDAD DISTRITAL DE SANTA CRUZ;UF0010826;Botadero ubicado en la localidad de Santa Cruz;18;404054.0;9389793.0;88.320685;462.533288;0.046253;Municipalidad distrital de Santa Cruz;0.4;No;No;No;No;No;No;No;No;No;No;Recuperación;2018;RCD N°026 -2018-OEFA/CD;;
37938;1569;160211;Loreto;Alto Amazonas;Teniente Cesar López Rojas;20218524819;MUNICIPALIDAD DISTRITAL DE TENIENTE CESAR LOPEZ;UF0010813;Botadero ubicado en la carretera Shucush Yacu 1.5;18;404312.0;9333352.0;98.373312;579.849229;0.057985;Municipalidad distrital de Teniente Cesar Lopez Rojas;0.2;No;No;No;No;No;No;No;No;No;No;Recuperación;2018;RCD N°026 -2018-OEFA/CD;;
37939;1570;160201;Loreto;Alto Amazonas;Yurimaguas;20177662446;MUNICIPALIDAD PROVINCIAL DE ALTO AMAZONA;UF0010798;Botadero ubicado a la altura del Km 8 de la vía Yurimaguas Tarapoto;18;373453.0;9344310.0;974;40000;4;Municipalidad provincial de Alto Amazonas ;85;Si;No;No;No;No;No;No;No;No;No;Recuperación;2018;RCD N°026 -2018-OEFA/CD;Resolución N.° 0017-2025-OEFA/DSIS;
37940;1571;160706;Loreto;Datem del Marañón;Andoas;20493452241;MUNICIPALIDAD DISTRITAL DE ANDOAS;UF0010254;Botadero S/N;18;337830.0;9689915.0;146.449188;1297.47142;0.129747;Municipalidad distrital de Andoas;0.04;No;No;Si;No;No;No;No;No;No;No;Recuperación;2018;RCD N°026 -2018-OEFA/CD;;
37941;1572;160706;Loreto;Datem del Marañón;Andoas;20493452241;MUNICIPALIDAD DISTRITAL DE ANDOAS;UF0037603;Botadero KM.1;18;339483.0;9692516.0;180;1500;0.15;Municipalidad distrital de Andoas;0.25;No;No;No;No;No;No;No;No;No;No;Recuperación;2023;Resolución N.° 00112-2023-OEFA/DSIS;;
37942;1573;160706;Loreto;Datem del Marañón;Andoas;20493452241;MUNICIPALIDAD DISTRITAL DE ANDOAS;UF0037604;Botadero KM.7;18;340634.0;9692052.0;190;2500;0.25;Municipalidad distrital de Andoas;2;Si;No;Si;No;Si;No;No;No;No;No;Recuperación;2023;Resolución N.° 00112-2023-OEFA/DSIS;;
37943;1574;160701;Loreto;Datem del Marañón;Barranca;20493465491;MUNICIPALIDAD PROVINCIAL DATEM DEL MARAñON;UF0039498;Botadero CC.NN. Nueva Esperanza;18;254575.79;9437207.97;116;640;0.06;Municipalidad provincial de Datem Del Marañon ;0.2;No;No;No;No;No;No;No;No;No;No;Recuperación;2025;Resolución N° 00008-2025-OEFA/DSIS;;
37944;1575;160702;Loreto;Datem del Marañón;Cahuapanas;20191636369;MUNICIPALIDAD DISTRITAL DE CAHUAPANAS;UF0010265;Botadero S/N;18;273641.0;9420162.0;102.133273;660.369605;0.066037;Municipalidad distrital de Cahuapanas;No Precisa;No;No;No;No;No;No;No;No;No;No;Recuperación;2018;RCD N°026 -2018-OEFA/CD;;
37945;1576;160703;Loreto;Datem del Marañón;Manseriche;20176689359;MUNICIPALIDAD DISTRITAL DE  MANSERICHE;UF0010332;Botadero S/N;18;226763.0;9492994.0;297.109907;2859.320649;0.285932;Municipalidad distrital de Manseriche;0.07;No;No;No;No;No;No;No;No;No;No;Recuperación;2018;RCD N°026 -2018-OEFA/CD;;
37946;1577;160703;Loreto;Datem del Marañón;Manseriche;20176689359;MUNICIPALIDAD DISTRITAL DE  MANSERICHE;UF0009429;Botadero Caserío Félix Flores;18;222594.0;9487942.0;21.455258;27.076508;0.002708;Municipalidad distrital de Manseriche;0.8;No;No;No;No;No;No;No;No;No;No;Recuperación;2018;RCD N°026 -2018-OEFA/CD;;
37947;1578;160704;Loreto;Datem del Marañón;Morona;20202591591;MUNICIPALIDAD DISTRITAL DE MORONA;UF0009374;Botadero Barrio San Juan;18;254619.0;9520792.0;19.209469;29.364383;0.002936;Municipalidad distrital de Morona;0.2;No;No;No;No;No;No;No;No;No;No;Recuperación;2018;RCD N°026 -2018-OEFA/CD;;
37948;1579;160704;Loreto;Datem del Marañón;Morona;20202591591;MUNICIPALIDAD DISTRITAL DE MORONA;UF0009367;Botadero Barrio Centro;18;254749.0;9521483.0;4.347057;1.503768;0.00015;Municipalidad distrital de Morona;0.2;No;No;No;No;No;No;No;No;No;No;Recuperación;2018;RCD N°026 -2018-OEFA/CD;;
37949;1580;160704;Loreto;Datem del Marañón;Morona;20202591591;MUNICIPALIDAD DISTRITAL DE MORONA;UF0009373;Botadero Barrio San Ignacio;18;253939.0;9522430.0;54.25268;178.208436;0.017821;Municipalidad distrital de Morona;0.2;No;No;No;No;No;No;No;No;No;No;Recuperación;2018;RCD N°026 -2018-OEFA/CD;;
37950;1581;160705;Loreto;Datem del Marañón;Pastaza;20191636016;MUNICIPALIDAD DISTRITAL DE PASTAZA;UF0010350;Botadero S/N;18;324228.0;9484702.0;346.551515;5484.189979;0.548419;Municipalidad distrital de Pastaza;3;No;No;No;Si;No;Si;No;No;No;No;Recuperación;2018;RCD N°026 -2018-OEFA/CD;;
37951;1582;160705;Loreto;Datem del Marañón;Pastaza;20493465491;MUNICIPALIDAD PROVINCIAL DATEM DEL MARAñON;UF0010426;Botadero S/N;18;329565.0;9470221.0;296.090082;6416.017873;0.641602;Municipalidad provincial de Datem Del Marañon ;7.76;No;No;Si;Si;No;No;No;No;No;No;Recuperación;2018;RCD N°026 -2018-OEFA/CD;;
37952;1583;160302;Loreto;Loreto;Parinari;20195690988;MUNICIPALIDAD DISTRITAL DE PARINARI;UF0010349;Botadero S/N;18;568517.0;9492662.0;15.778138;15.546354;0.001555;Municipalidad distrital de Parinari;1.13;No;Si;Si;No;No;No;No;No;Si;No;Recuperación;2018;RCD N°026 -2018-OEFA/CD;;
37953;1584;160303;Loreto;Loreto;Tigre;20220897908;MUNICIPALIDAD DISTRITAL DE EL TIGRE;UF0010818;Botadero ubicado en la Localidad de Intuto;18;526105.0;9613428.0;654;16892;1.68;Municipalidad distrital de El Tigre (Comunidades: Intuto, 28 de Julio, Alfonso Ugarte y Santa Maria de Providencia;0.6;No;No;Si;No;No;No;No;No;No;No;Recuperación;2018;RCD N°026 -2018-OEFA/CD;Resolución N.° 00136-2024-OEFA/DSIS;
37954;1585;160304;Loreto;Loreto;Trompeteros;20197978725;MUNICIPALIDAD DISTRITAL DE TROMPETEROS;UF0010795;Botadero Ubicadao en la localidad de Villa Trompeteros;18;493575.0;9580391.0;430.834793;5572.026175;0.557203;Municipalidad distrital de Trompeteros;1;No;Si;Si;No;No;No;No;No;No;No;Recuperación;2018;RCD N°026 -2018-OEFA/CD;;
37955;1586;160305;Loreto;Loreto;Urarinas;20188775111;MUNICIPALIDAD DISTRITAL DE URARINAS;UF0010810;Botadero ubicado en la calle Helbecio Bardales;18;486977.0;9466273.0;129.252304;1011.583586;0.101158;Municipalidad distrital de Urarinas;0.5;Si;No;No;No;No;No;No;No;Si;No;Recuperación;2018;RCD N°026 -2018-OEFA/CD;;
37956;1587;160305;Loreto;Loreto;Urarinas;20188775111;MUNICIPALIDAD DISTRITAL DE URARINAS;UF0034601;Botadero S/N (Urarinas);18;485941.0;9467909.0;40;104;0.1;Municipalidad distrital de Urarinas;1.2;No;No;No;No;No;No;No;No;Si;No;Recuperación;2023;Resolución N.° 00020-2023-OEFA/DSIS;;
37957;1588;160402;Loreto;Mariscal Ramón Castilla;Pebas;20195103101;MUNICIPALIDAD DISTRITAL DE PEBAS;UF0010822;Botadero ubicado en la localidad de Pebas;19;181641.0;9632637.0;100.080862;644.023982;0.064402;Municipalidad distrital de Pebas;3.16;No;No;Si;No;No;No;No;No;No;No;Recuperación;2018;RCD N°026 -2018-OEFA/CD;;
37958;1589;160401;Loreto;Mariscal Ramón Castilla;Ramón Castilla;20280417131;MUNICIPALIDAD PROVINCIAL MARISCAL RAMON CASTILLA;UF0010812;Botadero ubicado en la carretera Caballococha-Cushillo Cocha;19;334424.0;9565633.0;857.936442;13158.592139;1.315859;Municipalidad provincial de Mariscal Ramón Castilla ;10.45;No;No;No;No;No;No;No;No;No;No;Recuperación;2018;RCD N°026 -2018-OEFA/CD;;R.A. N° 083-2024-MPMRC
37959;1590;160404;Loreto;Mariscal Ramón Castilla;San Pablo;20208084896;MUNICIPALIDAD DISTRITAL DE SAN PABLO;UF0010824;Botadero ubicado en la localidad de San Pablo;19;267099.53;9554992.87;194;1600;0.16;Municipalidad distrital de San Pablo;3;No;No;No;No;No;No;No;No;No;No;Recuperación;2018;RCD N°026 -2018-OEFA/CD;;
37960;1591;160403;Loreto;Mariscal Ramón Castilla;Yavari;20176710064;MUNICIPALIDAD DISTRITAL DE YAVARI;UF0010819;Botadero ubicado en la Localidad de Islandia;19;384073.0;9518170.0;338.222881;4978.24281;0.497824;Municipalidad distrital de Yavari;1.23;Si;No;Si;No;No;No;No;No;No;No;Recuperación;2018;RCD N°026 -2018-OEFA/CD;;
37961;1592;160102;Loreto;Maynas;Alto Nanay;20177730204;MUNICIPALIDAD DISTRITAL DE ALTO NANAY;UF0010797;Botadero ubicado a la altura del Km 1 de la carretera San Juan de Raya;18;644758.0;9570466.0;131.715075;1147.201291;0.11472;Municipalidad distrital de Alto Nanay;2;No;No;No;No;No;No;No;No;Si;No;Recuperación;2018;RCD N°026 -2018-OEFA/CD;;
37962;1593;160102;Loreto;Maynas;Alto Nanay;20177730204;MUNICIPALIDAD DISTRITAL DE ALTO NANAY;-;Botadero de la localidad de Santa Maria de Nanay;18;644486.0;9570922.0;182;1467;0.14;Municipalidad distrital de Alto Nanay;0.8;No;No;No;No;No;No;No;No;No;No;Recuperación;2025;-;;
37963;1594;160103;Loreto;Maynas;Fernando Lores;20197968762;MUNICIPALIDAD DISTRITAL DE FERNANDO LORES;UF0010802;Botadero ubicado en el Centro Poblado Tamshiyacu ;18;705306.0;9557381.0;222.439242;2365.388621;0.236539;Municipalidad distrital de Fernando Lores;4;No;No;No;No;No;No;No;No;No;No;Recuperación;2018;RCD N°026 -2018-OEFA/CD;;
37964;1595;160105;Loreto;Maynas;Las Amazonas;20176222426;MUNICIPALIDAD DISTRITAL DE LAS AMAZONAS;UF0010322;Botadero S/N;18;748271.0;9622172.0;62.95624;257.541248;0.025754;Municipalidad distrital de Las Amazonas;1;No;Si;No;No;No;No;No;No;No;No;Recuperación;2018;RCD N°026 -2018-OEFA/CD;;
37965;1596;160106;Loreto;Maynas;Mazan;"20197929198
20178698843";"MUNICIPALIDAD DISTRITAL DE MAZAN
MUNICIPALIDAD DISTRITAL DE INDIANA";UF0010337;Botadero S/N;18;714718.0;9613416.0;497;6142;0.61;Municipalidad distrital de Mazán, Municipalidad distrital de Indiana;2.11;No;No;No;No;No;No;No;No;No;No;Recuperación;2018;RCD N°026 -2018-OEFA/CD;Resolución N.° 87-2024-OEFA/DSIS;
37966;1597;160106;Loreto;Maynas;Mazan;20178698843;MUNICIPALIDAD DISTRITAL DE INDIANA;UF0010817;Botadero ubicado en la localidad de Indiana;18;715448.0;9613150.0;92.980323;444.596871;0.04446;Municipalidad distrital de Indiana;2;No;Si;No;No;No;No;No;No;No;No;Recuperación;2018;RCD N°026 -2018-OEFA/CD;;
37967;1598;160107;Loreto;Maynas;Napo;20165973683;MUNICIPALIDAD DIST. DEL NAPO;UF0010825;Botadero ubicado en la localidad de Santa Clotilde;18;646367.0;9723006.0;272.144899;3123.197954;0.31232;Municipalidad distrital de Napo;No Precisa;Si;No;No;No;No;No;No;No;No;No;Recuperación;2018;RCD N°026 -2018-OEFA/CD;;
37968;1599;160108;Loreto;Maynas;Punchana;20147161574;MUNICIPALIDAD DISTRITAL DE PUNCHANA;UF0018850;Botadero S/N (Punchana);18;694263.0;9588927.0;612;4025;0.4;Municipalidad distrital de Punchana;No Precisa;No;Si;No;No;No;No;No;No;No;No;Recuperación;2023;Resolución N.° 00077-2023-OEFA/DSIS;;
37969;1600;160110;Loreto;Maynas;Torres Causana;20174999393;MUNICIPALIDAD DISTRITAL DE TORRES CAUSANA;UF0010801;Botadero ubicado en el centro poblado de Cabo Pantoja;18;480430.0;9893080.0;37.903651;89.514026;0.008951;Municipalidad distrital de Torres Causana;1;No;No;No;No;No;No;No;No;No;No;Recuperación;2018;RCD N°026 -2018-OEFA/CD;;
37970;1601;160801;Loreto;Putumayo;Putumayo;20567286780;MUNICIPALIDAD PROVINCIAL DEL PUTUMAYO;UF0010823;Botadero ubicado en la localidad de San Antonio de El Estrecho;18;759758.0;9728458.0;152.617999;1397.145327;0.139715;Municipalidad provincial de Putumayo;1;No;No;Si;Si;No;No;No;No;No;No;Recuperación;2018;RCD N°026 -2018-OEFA/CD;;
37971;1602;160802;Loreto;Putumayo;Rosa Panduro;20567286941;MUNICIPALIDAD DISTRITAL DE ROSA PANDURO;UF0018164;Botadero Municipal Comunidad Santa Mercedes-Rosa Panduro;18;677102.272;9802153.697;100;2500;0.25;Municipalidad distrital de Rosa Panduro;0.025;No;No;No;Si;No;No;No;No;No;No;Recuperación;2022;Resolución N.° 00018-2022-OEFA/DSIS;;
37972;1603;160803;Loreto;Putumayo;Teniente Manuel Clavero;20493394704;MUNICIPALIDAD DISTRITAL TENIENTE MANUEL CLAVERO;UF0010422;Botadero S/N;18;535520.0;9958522.0;74.715593;343.165367;0.034317;Municipalidad distrital de Teniente Manuel Clavero;0.3;No;No;No;Si;No;No;No;No;No;No;Recuperación;2018;RCD N°026 -2018-OEFA/CD;;
37973;1604;160502;Loreto;Requena;Alto Tapiche;20193443479;MUNICIPALIDAD DISTRITAL DE ALTO TAPICHE;UF0010251;Botadero S/N;18;600404.0;9334296.0;130.52005;1265.332875;0.126533;Municipalidad distrital de Alto Tapiche;0.06;No;No;No;No;No;Si;No;No;No;No;Recuperación;2018;RCD N°026 -2018-OEFA/CD;;
37974;1605;160503;Loreto;Requena;Capelo;20213749031;MUNICIPALIDAD DISTRITAL DE CAPELO;UF0010267;Botadero S/N;18;593176.0;9402389.0;142.531474;1148.252757;0.114825;Municipalidad distrital de Capelo;No Precisa;No;No;No;No;No;No;No;No;No;No;Recuperación;2018;RCD N°026 -2018-OEFA/CD;;
37975;1606;160504;Loreto;Requena;Emilio San Martin;20206075997;MUNICIPALIDAD DISTRITAL DE EMILIO SAN MARTIN;UF0009423;Botadero carretera Tamanco - 28 de Julio;18;580485.0;9356902.0;120.139528;786.178596;0.078618;Municipalidad distrital de Emilio San Martín;No Precisa;No;No;No;No;No;No;No;No;No;No;Recuperación;2018;RCD N°026 -2018-OEFA/CD;;
37976;1607;160510;Loreto;Requena;Jenaro Herrera;20202367951;MUNICIPALIDAD DE JENARO HERRERA;UF0010820;Botadero ubicado en la localidad de Jenaro Herrera;18;648567.0;9458487.0;293.236372;2866.446215;0.286645;Municipalidad distrital de Jenaro Herrera;0.5;No;No;Si;No;No;No;No;No;Si;No;Recuperación;2018;RCD N°026 -2018-OEFA/CD;;
37977;1608;160505;Loreto;Requena;Maquia;20199428994;MUNICIPALIDAD DISTRITAL DE MAQUIA;UF0010333;Botadero S/N;18;544875.0;9354988.0;134.646063;1228.162759;0.122816;Municipalidad distrital de Maquia;No Precisa;No;No;No;No;No;No;No;No;No;No;Recuperación;2018;RCD N°026 -2018-OEFA/CD;;
37978;1609;160505;Loreto;Requena;Maquia;20199428994;MUNICIPALIDAD DISTRITAL DE MAQUIA;-;Botadero Municipal San Roque;18;545261.0;9355456.0;50.5;124;0.0124;Municipalidad distrital de Maquia;0.15;No;No;No;No;No;No;No;No;No;No;Recuperación;2025;-;;
37979;1610;160506;Loreto;Requena;Puinahua;20201315949;MUNICIPALIDAD DISTRITAL DEL PUINAHUA;UF0010356;Botadero S/N;18;571920.0;9417747.0;107.737652;479.228185;0.047923;Municipalidad distrital de Puinahua;0.2;No;No;No;No;No;No;No;Si;Si;No;Recuperación;2018;RCD N°026 -2018-OEFA/CD;;
37980;1611;160506;Loreto;Requena;Puinahua;20201315949;MUNICIPALIDAD DISTRITAL DEL PUINAHUA;-;Botadero Municipal Bretaña;18;572158.0;9418502.0;53;96;0.009;Municipalidad distrital de Puinahua;0.186;Si;No;Si;Si;No;No;No;No;No;No;Recuperación;2025;-;;
37981;1612;160501;Loreto;Requena;Requena;20165979967;MUNICIPALIDAD PROVINCIAL DE REQUENA;UF0009421;Botadero carretera Requena - Yaquerana;18;627573.0;9436505.0;273.248179;3330.196191;0.33302; Municipalidad provincial de Requena;11.25;Si;No;Si;No;No;No;No;No;Si;No;Recuperación;2018;RCD N°026 -2018-OEFA/CD;;
37982;1613;160501;Loreto;Requena;Requena;20165979967;MUNICIPALIDAD PROVINCIAL DE REQUENA;UF0009422;Botadero carretera Requena-Yaquerana;18;627140.0;9437835.0;318.078878;4357.899448;0.43579;Municipalidad provincial de Requena ;11.25;Si;No;Si;No;No;No;No;No;Si;No;Recuperación;2018;RCD N°026 -2018-OEFA/CD;;
37983;1614;160507;Loreto;Requena;Saquena;20175981471;MUNICIPALIDAD DISTRITAL DE SAQUENA;UF0010815;Botadero ubicado en la localidad de Bagazan;18;663461.0;9477438.0;161;1769;0.18;Municipalidad distrital de Saquena;0.613;No;No;Si;No;No;No;No;No;Si;No;Recuperación;2018;RCD N°026 -2018-OEFA/CD;Resolución N.° 00140-2024-OEFA/DSIS;
37984;1615;160508;Loreto;Requena;Soplin;20205141830;MUNICIPALIDAD DISTRITAL DE SOPLIM (CURIN;UF0010396;Botadero S/N;18;644528.0;9335414.0;238.102062;1280.586854;0.128059;Municipalidad distrital de Soplín;0.03;No;No;No;No;No;No;No;No;No;No;Recuperación;2018;RCD N°026 -2018-OEFA/CD;;
37985;1616;160509;Loreto;Requena;Tapiche;20229244869;MUNICIPALIDAD DISTRITAL DE TAPICHE;UF0010827;Botadero ubicado en la localidado de Iberia;18;595465.0;9370733.0;61.125806;246.203537;0.02462;Municipalidad distrital de Emilio Tapiche;0.02;No;No;No;No;No;No;No;No;No;No;Recuperación;2018;RCD N°026 -2018-OEFA/CD;;
37986;1617;160511;Loreto;Requena;Yaquerana;20171691908;MUNICIPALIDAD DISTRITAL DE YAQUERANA;UF0010816;Botadero ubicado en la localidad de Colonia Angamos;18;735150.0;9431816.0;110.620825;843.813046;0.084381;Municipalidad distrital de Yaquerana;0.08;No;No;Si;Si;No;No;No;No;No;No;Recuperación;2018;RCD N°026 -2018-OEFA/CD;;
37987;1618;160601;Loreto;Ucayali;Contamana;20147142197;MUNICIPALIDAD PROVINCIAL DE UCAYALI;UF0010698;Botadero Sector San Salvador (Km 1 de la Carretera Contamana Aguas- Calientes);18;498616.0;9189500.0;578.668316;18417.492564;1.841749;Municipalidad provincial de Ucayali ;15;No;No;Si;Si;No;No;No;No;No;No;Recuperación;2018;RCD N°026 -2018-OEFA/CD;;
37988;1619;160601;Loreto;Ucayali;Contamana;20147142197;MUNICIPALIDAD PROVINCIAL DE UCAYALI;UF0015499;Lugar Alterno Temporal De La Disposición Final De Residuos Sólido Municipales;18;504131.0;9199843.0;705.712412;30327.539887;3.032754;Municipalidad provincial de Ucayali;18;Si;No;No;No;No;No;No;No;No;No;Recuperación;2021;RESOLUCION N° 00003-2021-OEFA/DSIS;;
37989;1620;160602;Loreto;Ucayali;Inahuaya;20166783411;MUNICIPALIDAD DISTRITAL DE INAHUAYA;UF0009420;Botadero carretera Inahuaya-Ipuano;18;471683.0;9213977.0;58.485014;240.100078;0.02401;Municipalidad distrital de Inahuaya;1.2;No;No;Si;No;No;No;No;Si;Si;No;Recuperación;2018;RCD N°026 -2018-OEFA/CD;;
37990;1621;160603;Loreto;Ucayali;Padre Márquez;20198298710;MUNICIPALIDAD DISTRITAL DE PADRE MARQUEZ;UF0009424;Botadero carretera Tiruntan-Maiscal Castilla;18;518450.0;9120292.0;35.333734;96.054089;0.009605;Municipalidad distrital de Padre Marquez;4;No;No;Si;No;No;No;No;No;No;No;Recuperación;2018;RCD N°026 -2018-OEFA/CD;;
37991;1622;160604;Loreto;Ucayali;Pampa Hermosa;20192061491;MUNICIPALIDAD DISTRITAL DE PAMPA HERMOSA;UF0009668;Botadero del Centro Poblado de Pampa Hermosa;18;466950.0;9203290.0;216.225085;3126.582573;0.312658;Municipalidad distrital de Pampa Hermosa;3;No;No;Si;No;No;No;No;No;Si;No;Recuperación;2018;RCD N°026 -2018-OEFA/CD;;
37992;1623;160605;Loreto;Ucayali;Sarayacu;20206071738;MUNICIPALIDAD DISTRITAL DE SARAYACU;-;Botadero carretera Juancito – Santa Rita;18;515720.0;9334964.0;250;3500;0.35;Municipalidad distrital de Sarayacu;0.3;No;No;No;No;No;No;No;No;No;No;Recuperación;2025;-;;
37993;1624;160606;Loreto;Ucayali;Vargas Guerra;20166783501;MUNICIPALIDAD DISTRITAL DE VARGAS GUERRA;UF0010808;Botadero ubicado en el ramal Izquierdo de la Carretera Orellana-Inuruya;18;481421.0;9236019.0;457.985883;4176.596634;0.41766;Municipalidad distrital de Vargas Guerra;No Precisa;No;No;Si;No;No;No;No;No;Si;No;Recuperación;2018;RCD N°026 -2018-OEFA/CD;;
37994;1625;160606;Loreto;Ucayali;Vargas Guerra;20166783501;MUNICIPALIDAD DISTRITAL DE VARGAS GUERRA;UF0035337;Botadero ubicado en la carretera Orellana / Catalina KM 4;18;480023.3;9235336.7;220;3000;0.3;Municipalidad Distrital de Vargas Guerra;2.649;No;No;No;No;No;No;No;No;Si;No;Recuperación;2022;Resolución N.° 00067-2022-OEFA/DSIS;;
37995;1626;170202;Madre de Dios;Manu;Fitzcarrald;20163212227;MUNICIPALIDAD DISTRITAL DE FITZCARRALD;UF0010023;Botadero Municipal de Boca Manu;19;292823.0;8643001.0;76.456274;357.634799;0.035763;Municipalidad distrital de Fitzcarrald;0.5;No;No;No;No;No;No;No;No;Si;No;Recuperación;2018;RCD N°026 -2018-OEFA/CD;;
37996;1627;170204;Madre de Dios;Manu;Huepetuhe;20232820111;MUNICIPALIDAD DISTRITAL DE HUEPETUHE;UF0010026;Botadero Municipal de Huepetuhe;19;332583.0;8562954.0;193.612959;2145.52213;0.214552;Municipalidad distrital de Huepetuhe;3.5;No;Si;Si;Si;Si;No;No;No;No;No;Recuperación;2018;RCD N°026 -2018-OEFA/CD;;
37997;1628;170203;Madre de Dios;Manu;Madre de Dios;20162281845;MUNICIPALIDAD PROVINCIAL DE MANU;UF0009640;Botadero de Salvación;19;243178.0;8581562.0;673.139063;19454.641341;1.945464;Municipalidad provincial de Manú;1;No;No;No;No;No;No;No;No;No;No;Recuperación;2018;RCD N°026 -2018-OEFA/CD;Resolución N.° 00008-2025-OEFA/DSIS;
37998;1629;170203;Madre de Dios;Manu;Madre de Dios;20162310888;MUNICIPALIDAD DISTRITAL DE MADRE DE DIOS;UF0010024;Botadero Municipal de Colorado;19;348203.0;8603843.0;385.514762;7609.696214;0.76097;Municipalidad distrital de Madre de Dios;2;No;No;No;Si;Si;No;No;No;No;No;Recuperación;2018;RCD N°026 -2018-OEFA/CD;;
37999;1630;170203;Madre de Dios;Manu;Madre de Dios;20162310888;MUNICIPALIDAD DISTRITAL DE MADRE DE DIOS;UF0036921;Botadero Municipal de Colorado II;19;347779.0;8598157.0;1142;20000;2;Municipalidad distrital de Madre de Dios;3.5;No;No;Si;No;No;No;No;No;No;No;Recuperación;2023;Resolución N.° 00085-2023-OEFA/DSIS;;
38000;1631;170201;Madre de Dios;Manu;Manu;20162281845;MUNICIPALIDAD PROVINCIAL DE MANU;UF0018172;Botadero Municipal Salvacion;19;243119.0;8581599.0;333;74000;0.74;Municipalidad Provincial de Manu;2.085;No;No;No;No;No;No;No;No;No;No;Recuperación;2022;Resolución N.° 00018-2022-OEFA/DSIS;Resolución N.° 00028-2025-OEFA/DSIS;
38001;1632;170302;Madre de Dios;Tahuamanu;Iberia;20199902068;MUNICIPALIDAD DISTRITAL DE IBERIA;UF0010027;Botadero Municipal de Iberia;19;446869.0;8743504.0;279.585207;3367.412254;0.336741;Municipalidad distrital de Iberia;3.5;No;No;Si;No;No;No;No;No;No;No;Recuperación;2018;RCD N°026 -2018-OEFA/CD;;
38002;1633;170302;Madre de Dios;Tahuamanu;Iberia;20199902068;MUNICIPALIDAD DISTRITAL DE IBERIA;UF0041362;Botadero Municipal de Iberia II;19;444894.0;8747273.0;333;40000;4;Municipalidad distrital de Iberia;5.62;No;No;Si;No;No;No;No;No;No;No;Recuperación;2025;Resolución N° 00019-2025-OEFA/DSIS;;
38003;1634;170301;Madre de Dios;Tahuamanu;Iñapari;20162315502;MUNICIPALIDAD PROVINCIAL DE TAHUAMANU;UF0009611;Botadero de Iñapari;19;439234.0;8785398.0;337.513112;6516.042124;0.651604;Municipalidad provincial de Tahuamanu;1;No;No;Si;Si;Si;No;No;No;No;No;Recuperación;2018;RCD N°026 -2018-OEFA/CD;;
38004;1635;160108;Madre de Dios;Tahuamanu;Tahuamanu;20208309138;MUNICIPALIDAD DISTRITAL DE TAHUAMANU;UF0036912;Botadero Municipal (Tahuamanu);19;472787.9689;8713464.621273;600;20000;2;Municipalidad distrital de Tahuamanu;1;No;No;No;No;No;No;No;No;No;No;Recuperación;2023;Resolución N.° 00085-2023-OEFA/DSIS;;
38005;1636;170102;Madre de Dios;Tambopata;Inambari;20170258216;MUNICIPALIDAD DISTRITAL DE INAMBARI;UF0010029;Botadero Municipal de Mazuko;19;350169.0;8552142.0;254.903706;4692.164514;0.469216;Municipalidad distrital de Inambari;5;No;No;Si;Si;No;No;No;No;No;No;Recuperación;2018;RCD N°026 -2018-OEFA/CD;;
38006;1637;170104;Madre de Dios;Tambopata;Laberinto;20191237405;MUNICIPALIDAD DISTRITAL DE LABERINTO;UF0010030;Botadero Municipal de Puerto Rosario;19;437532.0;8594810.0;303;6400;0.64;Municipalidad distrital de Laberinto;5;No;No;Si;Si;No;No;No;No;No;No;Recuperación;2018;RCD N°026 -2018-OEFA/CD;;
38007;1638;170103;Madre de Dios;Tambopata;Las Piedras;20213017871;MUNICIPALIDAD DISTRITAL DE LAS PIEDRAS;UF0010046;Botadero Municipal Sector Varsovia;19;483045.0;8643756.0;326.200027;6562.890122;0.656289;Municipalidad distrital de Las Piedras;3.6;No;No;No;No;No;No;No;No;No;No;Recuperación;2018;RCD N°026 -2018-OEFA/CD;;
38008;1639;170103;Madre de Dios;Tambopata;Las Piedras;20213017871;MUNICIPALIDAD DISTRITAL DE LAS PIEDRAS;UF0037606;Botadero Municipal Botijon;19;485514.0;8641938.0;817.03;29300;2.93;Municipalidad distrital de Las Piedras;No precisa;No;No;No;No;No;No;No;No;No;No;Recuperación;2023;Resolución N.° 00112-2023-OEFA/DSIS;;
38009;1640;170103;Madre de Dios;Tambopata;Las Piedras;20213017871;MUNICIPALIDAD DISTRITAL DE LAS PIEDRAS;UF0037607;Botadero Municipal Alegria;19;488109.0;8659773.0;400;10000;1;Municipalidad distrital de Las Piedras;No precisa;No;No;No;No;No;No;No;No;No;No;Recuperación;2023;Resolución N.° 00112-2023-OEFA/DSIS;;
38010;1641;170101;Madre de Dios;Tambopata;Tambopata;20162298659;MUNICIPALIDAD PROVINCIAL DE TAMBOPATA;UF0009671;Botadero del Prado;19;478245.0;8616629.0;1940.390576;179493.921029;17.949392;Municipalidad provincial de Tambopata, Municipalidad distrital de Las Piedras;26;No;No;No;Si;Si;No;No;No;No;No;Recuperación;2018;RCD N°026 -2018-OEFA/CD;;
38011;1642;180202;Moquegua;General Sánchez Cerro;Chojata;20285714533;MUNICIPALIDAD DISTRITAL DE CHOJATA;UF0035338;Botadero de Qoraypampa;19;315615.0;8185900.0;103;629;0.0682;Municipalidad distrital de Chojata;0.1;No;No;No;No;No;No;No;No;No;No;Recuperación;2022;Resolución N.° 00067-2022-OEFA/DSIS;Resolución N.° 0017-2025-OEFA/DSIS, Resolución N.° 00136-2024-OEFA/DSIS;
38012;1643;180202;Moquegua;General Sánchez Cerro;Chojata;20285714533;MUNICIPALIDAD DISTRITAL DE CHOJATA;UF0009724;Botadero Hiluhuya;19;314107.0;8186342.0;60;216;0.0216;Municipalidad distrital de Chojata;0.67;No;No;No;No;No;No;No;No;No;No;Recuperación;2018;RCD N°026 -2018-OEFA/CD;Resolución N.° 0017-2025-OEFA/DSIS;
38013;1644;180204;Moquegua;General Sánchez Cerro;Ichuña;20285763313;MUNICIPALIDAD DISTRITAL DE ICHUNA;UF0009333;Botadero Amahuani;19;333599.0;8214213.0;90.385573;525.093866;0.052509;Municipalidad distrital de Ichuña;0.54;No;No;Si;No;No;No;No;No;No;No;Recuperación;2018;RCD N°026 -2018-OEFA/CD;;
38014;1645;180204;Moquegua;General Sánchez Cerro;Ichuña;20285763313;MUNICIPALIDAD DISTRITAL DE ICHUNA;UF0036263;Botadero Yanacancha Q’ucho-Huancuni;19;343835.36;8214959.29;208;2592;0.26;Municipalidad distrital de Ichuña;0.5;No;No;No;No;No;No;No;No;No;No;Recuperación;2023;Resolución N.° 00031-2023-OEFA/DSIS;Resolución N.° 00024-2025-OEFA/DSIS;
38015;1646;180205;Moquegua;General Sánchez Cerro;La Capilla;20285766681;MUNICIPALIDAD DISTRITAL LA CAPILLA;UF0009833;Botadero Layanque;19;268098.0;8144891.0;226;1178;0.11;Municipalidad distrital de  La Capilla;0.3;Si;No;Si;No;No;No;No;No;No;No;Recuperación;2018;RCD N°026 -2018-OEFA/CD;Resolución N.° 00016-2025-OEFA/DSIS;
38016;1647;180206;Moquegua;General Sánchez Cerro;Lloque;20223517880;MUNICIPALIDAD DISTRITAL DE LLOQUE;UF0009745;Botadero Huanule;19;314747.0;8193686.0;105.867075;666.401336;0.06664;Municipalidad distrital de Lloque;0.47;No;No;Si;No;No;No;No;No;No;No;Recuperación;2018;RCD N°026 -2018-OEFA/CD;;
38017;1648;180206;Moquegua;General Sánchez Cerro;Lloque;20209306833;MUNICIPALIDAD DISTRITAL DE YUNGA;UF0010785;Botadero Tucac;19;314061.0;8201508.0;100.405415;670.027376;0.067003;Municipalidad distrital de Yunga;0;No;No;Si;No;No;No;No;No;No;No;Recuperación;2018;RCD N°026 -2018-OEFA/CD;;
38018;1649;180211;Moquegua;General Sánchez Cerro;Lloque;20209306833;MUNICIPALIDAD DISTRITAL DE YUNGA;UF0034677;Botadero de Tucac 2;19;313529.65;8200585.48;80;341;0.0341;Municipalidad Distrital de Yunga;0.057;No;No;Si;No;No;No;No;No;No;No;Recuperación;2022;Resolución N.° 00054-2022-OEFA/DSIS;Resolución N.° 00062-2024-OEFA/DSIS;
38019;1650;180207;Moquegua;General Sánchez Cerro;Matalaque;20285732191;MUNICIPALIDAD DISTRITAL DE MATALAQUE;UF0010782;Botadero Trigomonte;19;306452.0;8173012.0;171.9;906.9;0.09;Municipalidad distrital de Matalaque;0.11;No;No;Si;Si;No;No;No;No;No;No;Recuperación;2018;RCD N°026 -2018-OEFA/CD;Resolución N.° 00103-2024-OEFA/DSIS;
38020;1651;180201;Moquegua;General Sánchez Cerro;Omate;20193063218;MUNICIPALIDAD PROVINCIAL GRAL.SANCHEZ C;UF0009473;Botadero Cerro Blanco (Tamaña);19;286673.0;8157473.0;442;10189;1.01;Municipalidad provincial de Sanchez Cerro, Municipalidad distrital de Coalaque;2.3;No;No;No;No;No;No;No;No;No;No;Recuperación;2018;RCD N°026 -2018-OEFA/CD;Resolución N.° 0017-2025-OEFA/DSIS, Resolución N.° 00140-2024-OEFA/DSIS;
38021;1652;180208;Moquegua;General Sánchez Cerro;Puquina;20214579066;MUNICIPALIDAD DISTRITAL DE PUQUINA;UF0010465;Botadero Santa Rosa;19;262880.0;8164659.0;814.496487;29091.828561;2.909183;Municipalidad distrital de Puquina;0.71;No;No;Si;No;No;No;No;No;No;No;Recuperación;2018;RCD N°026 -2018-OEFA/CD;;
38022;1653;180209;Moquegua;General Sánchez Cerro;Quinistaquillas;20285717478;MUNICIPALIDAD DISTRITAL QUINISTAQUILLAS;UF0009812;Botadero La Laja;19;298601.0;8145610.0;93.458071;429.205281;0.042921;Municipalidad distrital de Quinistaquillas;0.74;No;No;Si;No;No;No;No;No;No;No;Recuperación;2018;RCD N°026 -2018-OEFA/CD;;
38023;1654;180209;Moquegua;General Sánchez Cerro;Quinistaquillas;20285717478;MUNICIPALIDAD DISTRITAL QUINISTAQUILLAS;UF0037541;Botadero La Laja 2;19;298419.0;8146059.0;260;2068;0.21;Municipalidad distrital de Quinistaquillas;5.6;No;No;No;No;No;No;No;No;No;No;Recuperación;2023;Resolución N.° 00102-2023-OEFA/DSIS;Resolución N.° 00016-2025-OEFA/DSIS;
38024;1655;180210;Moquegua;General Sánchez Cerro;Ubinas;20206556316;MUNICIPALIDAD DISTRITAL DE UBINAS;UF0010410;Botadero S/N;19;303005.0;8187102.0;85.528343;493.252823;0.049325;Municipalidad distrital de Ubinas;0.4;No;No;Si;No;No;No;No;No;Si;No;Recuperación;2018;RCD N°026 -2018-OEFA/CD;;
38025;1656;180210;Moquegua;General Sánchez Cerro;Ubinas;20206556316;MUNICIPALIDAD DISTRITAL DE UBINAS;UF0039499;Botadero Corahuaya (Q’orawaya);19;300968.0;8188707.0;58;133;0.0133;Municipalidad distrital de Ubinas;No Precisa;No;No;Si;No;No;No;No;No;No;No;Recuperación;2025;Resolución N° 00008-2025-OEFA/DSIS;;
38026;1657;180301;Moquegua;Ilo;Ilo;20154491873;MUNICIPALIDAD PROVINCIAL DE ILO;UF0010084;Botadero Pampa de Palo;19;257178.0;8040702.0;2143;269000;26.9;Municipalidad provincial de Ilo, Municipalidad distrital de Algarrobal, Municipalidad distrital de Pacocha;55;No;No;No;No;No;No;No;No;No;No;Recuperación;2018;RCD N°026 -2018-OEFA/CD;Resolución N.° 00016-2025-OEFA/DSIS;
38027;1658;180101;Moquegua;Mariscal Nieto;Moquegua;20154469941;MUNICIPALIDAD PROVINCIAL MARISCAL NIETO;UF0010193;Botadero Quebrada Cementerio N°02;19;298479.0;8096997.0;1135.600883;31611.901206;3.16119;Municipalidad provincial de Mariscal Nieto, Municipalidad distrital de Samegua;25.19;Si;Si;Si;No;Si;No;No;No;No;No;Recuperación;2018;RCD N°026 -2018-OEFA/CD;Resolución N.° 00136-2024-OEFA/DSIS;R.A. N° 00519-2022-A/MPMN
38028;1659;180101;Moquegua;Mariscal Nieto;Moquegua;"20154469941
20154470108";"MUNICIPALIDAD PROVINCIAL MARISCAL NIETO
MUNICIPALIDAD DISTRITAL DE SAMEGUA";UF0010191;Botadero Quebrada Cementerio N°01;19;297748.0;8097040.0;1026.239087;59344.554027;5.934455;Municipalidad provincial de Mariscal Nieto, Municipalidad distrital de Samegua;27;Si;No;Si;Si;Si;No;No;No;No;No;Recuperación;2018;RCD N°026 -2018-OEFA/CD;;R.A. N° 00519-2022-A/MPMN
38029;1660;180105;Moquegua;Mariscal Nieto;San Cristóbal;20147775122;MUNICIPALIDAD DIST.SAN CRISTOBAL-CALACOA;UF0009487;Botadero Challapatja;19;323971.0;8150873.0;241;3744;0.3744;Municipalidad distrital de San Cristobal de Calacoa, Municipalidad distrital de Cuchumbaya;0.47;No;No;No;No;Si;No;No;No;No;No;Recuperación;2018;RCD N°026 -2018-OEFA/CD;Resolución N.° 0017-2025-OEFA/DSIS;
38030;1661;180106;Moquegua;Mariscal Nieto;Torata;20171880115;MUNICIPALIDAD DISTRITAL DE TORATA;UF0009524;Botadero Chuvilaque;19;301258.0;8111570.0;288.611968;4938.8974;0.49389;Municipalidad distrital de Torata;0.25;No;No;Si;No;Si;No;No;No;No;No;Recuperación;2018;RCD N°026 -2018-OEFA/CD;;
38031;1662;180106;Moquegua;Mariscal Nieto;Torata;20170623526;MUNICIPALIDAD DISTRITAL CARUMAS;UF0009511;Botadero Chilligua;19;322082.0;8131973.0;122.279135;893.551219;0.089355;Municipalidad distrital de Carumas;0.63;No;No;Si;No;Si;No;No;No;No;No;Recuperación;2018;RCD N°026 -2018-OEFA/CD;;
38032;1663;180106;Moquegua;Mariscal Nieto;Torata;20171880115;MUNICIPALIDAD DISTRITAL DE TORATA;UF0018201;Botadero distrital de Torata;19;301254.768;8110719.981;982.553;48430;4.843;Municipalidad distrital de Torata;2.5;Si;No;No;Si;No;No;No;No;No;No;Reconversión;2022;Resolución N.° 00018-2022-OEFA/DSIS;;
38033;1664;190202;Pasco;Daniel Alcides Carrión;Chacayan;20162538391;MUNICIPALIDAD DISTRITAL DE CHACAYAN;UF0010236;Botadero Ricachacuna;18;342306.0;8845599.0;177.202135;1502.310761;0.150231;Municipalidad distrital de Chacayán;1.2;No;No;Si;No;No;No;No;No;No;No;Recuperación;2018;RCD N°026 -2018-OEFA/CD;;
38034;1665;190203;Pasco;Daniel Alcides Carrión;Goyllarisquizga;20183798210;MUNICIPALIDAD DISTRITAL GOYLLARISQUIZGA;UF0009808;Botadero La Gasha;18;345514.0;8842794.0;102.443109;682.840428;0.068284;Municipalidad distrital de Goyllarisquizga;No Precisa;No;No;No;No;No;No;No;No;No;No;Recuperación;2018;RCD N°026 -2018-OEFA/CD;;
38035;1666;190204;Pasco;Daniel Alcides Carrión;Paucar;20162537319;MUNICIPALIDAD DISTRITAL DE PAUCAR;UF0009783;Botadero Jamama;18;341434.0;8853790.0;237.159101;2447.860786;0.244786;Municipalidad distrital de Paucar;0.3;No;No;No;No;No;No;No;No;No;No;Recuperación;2018;RCD N°026 -2018-OEFA/CD;;
38036;1667;190205;Pasco;Daniel Alcides Carrión;San Pedro de Pillao;20193984712;MUNICIPIO DISTRITAL SAN PEDRO DE PILLAO;UF0010853;Botadero Vizcacha;18;337186.0;8845458.0;86.447328;449.98454;0.044998;Municipalidad distrital de San Pedro de Pillao;0.14;No;No;No;No;No;No;No;No;No;No;Recuperación;2018;RCD N°026 -2018-OEFA/CD;;R.G.M. N° 326-2020-GM-MPSAC-YHCA
38037;1668;190205;Pasco;Daniel Alcides Carrión;San Pedro de Pillao;20154623290;MUNICIPALIDAD PROVINCIAL DANIEL CARRION;UF0009784;Botadero Jamana;18;335042.0;8843919.0;379.344207;7396.465887;0.739647;Municipalidad provincial de Daniel Alcides Carrión;0.2;No;No;No;No;No;No;No;No;No;No;Recuperación;2018;RCD N°026 -2018-OEFA/CD;;R.A. N° 214-2018-A-MPDC/YHCA
38038;1669;190206;Pasco;Daniel Alcides Carrión;Santa Ana de Tusi;20168802561;MUNICIPALIDAD DISTRITAL STA ANA DE TUSI;UF0010793;Botadero Almarumi;18;352037.0;8841513.0;80.015386;341.978205;0.034198;Municipalidad distrital de Santa Ana de Tusi;2.35;No;No;No;No;No;No;No;No;No;No;Recuperación;2018;RCD N°026 -2018-OEFA/CD;;R.A. N° 301-2021-A-MPDAC-YHCA
38039;1670;190206;Pasco;Daniel Alcides Carrión;Santa Ana de Tusi;20168802561;MUNICIPALIDAD DISTRITAL STA ANA DE TUSI;UF0035897;Botadero Shegshin;18;350522.76;8844695.04;2655.12;270;0.27;Municipalidad distrital de Santa Ana de Tusi;0.42;Si;No;No;No;No;No;No;No;No;No;Recuperación;2023;Resolución N.° 00020-2023-OEFA/DSIS;Resolución N.° 87-2024-OEFA/DSIS;
38040;1671;190207;Pasco;Daniel Alcides Carrión;Tapuc;20232667681;CONCEJO DISTRITAL DE TAPUC;UF0009410;Botadero Capillajirca;18;340198.0;8844576.0;117.881876;789.294313;0.078929;Municipalidad distrital de Tapuc;0.14;No;Si;No;No;No;No;No;No;No;No;Recuperación;2018;RCD N°026 -2018-OEFA/CD;;
38041;1672;190208;Pasco;Daniel Alcides Carrión;Vilcabamba;20163069831;MUNICIP. DISTRITAL DE VILCABAMBA;UF0009789;Botadero Jeriragra;18;341708.0;8840320.0;65.637655;249.441638;0.024944;Municipalidad distrital de Vilcabamba;0.02;No;Si;Si;No;No;No;No;No;No;No;Recuperación;2018;RCD N°026 -2018-OEFA/CD;;
38042;1673;190201;Pasco;Daniel Alcides Carrión;Yanahuanca;20154623290;MUNICIPALIDAD PROVINCIAL DANIEL CARRION;UF0009756;Botadero Huaychaumarca;18;328230.0;8834814.0;352.059322;8885.221973;0.888522;Municipalidad provincial de Daniel Alcides Carrión;No Precisa;No;No;No;No;No;No;No;No;No;No;Recuperación;2018;RCD N°026 -2018-OEFA/CD;;R.A. N° 623-2019-A-MPDAC-YHCA
38043;1674;190308;Pasco;Oxapampa;Constitución;20207763820;MUNICIPALIDAD DISTRITAL CONSTITUCION;UF0009547;Botadero costado de la Carretera Belaunde Terry;18;498074.0;8908080.0;611.030443;16447.612791;1.644761;Municipalidad distrital de Constitución;7.7;No;Si;Si;Si;Si;No;No;No;Si;No;Recuperación;2018;RCD N°026 -2018-OEFA/CD;;
38044;1675;190303;Pasco;Oxapampa;Huancabamba;20190242961;MUNICIPALIDAD PROVINCIAL OXAPAMPA;UF0010445;Botadero San Jorge Gramazo;18;448534.0;8837501.0;461.81821;7218.861767;0.721886;Municipalidad provincial de Oxapampa, Municipalidad distrital de Huancabamba, Municipalidad distrital de Chontabamba;2;No;No;No;No;No;No;No;No;No;No;Recuperación;2018;RCD N°026 -2018-OEFA/CD;;R.G. N° 007-2021-GRB-M.P.O
38045;1676;190303;Pasco;Oxapampa;Huancabamba;20288291595;MUNICIPALIDAD DISTRITAL DE HUANCABAMBA;UF0009860;Botadero Mallampampa;18;429955.0;8840013.0;343.132073;5007.760359;0.500776;Municipalidad distrital de Huancabamba;0.2;No;No;No;No;Si;No;No;No;No;No;Recuperación;2018;RCD N°026 -2018-OEFA/CD;;
38046;1677;190304;Pasco;Oxapampa;Palcazu;20156656021;MUNICIPALIDAD DISTRITAL PALCAZU;UF0009359;Botadero Av. 18 de Julio;18;483050.0;8874463.0;458.862275;8360.83838;0.836084;Municipalidad distrital de Palcazu;2;Si;No;No;No;No;No;No;No;Si;No;Recuperación;2018;RCD N°026 -2018-OEFA/CD;;
38047;1678;190305;Pasco;Oxapampa;Pozuzo;20205095544;MUNICIPALIDAD DISTRITAL DE POZUZO;UF0010150;Botadero Prusia;18;438782.0;8883447.0;258.794667;4785.163609;0.478516;Municipalidad distrital de Pozuzo;1.69;Si;No;No;No;No;No;No;No;No;No;Recuperación;2018;RCD N°026 -2018-OEFA/CD;;R.G. N° 008-2021-GRB-M.P.O
38048;1679;190306;Pasco;Oxapampa;Puerto Bermúdez;20215430554;MUNICIPALIDAD DISTRITAL PUERTO BERMUDEZ;UF0010466;Botadero Santa Rosa de Chivis;18;501896.0;8857400.0;640;10000;1;Municipalidad distrital de Puerto Bermudez;6;No;No;No;Si;No;No;No;No;No;No;Recuperación;2018;RCD N°026 -2018-OEFA/CD;;
38049;1680;190307;Pasco;Oxapampa;Villa Rica;20204172855;MUNICIPALIDAD DISTRITAL DE VILLA RICA;UF0010446;Botadero San José;18;467173.0;8811271.0;166.657782;1813.947859;0.181395;Municipalidad distrital de Villa Rica;12;Si;Si;No;No;No;No;No;No;No;No;Recuperación;2018;RCD N°026 -2018-OEFA/CD;;
38050;1681;190103;Pasco;Pasco;Huariaca;20183998651;MUNICIPALIDAD DISTRITAL DE HUARIACA;UF0009432;Botadero Cashamachay;18;368576.0;8846413.0;449.001346;12422.395956;1.24224;Municipalidad distrital de Huariaca;3285;Si;No;No;No;No;No;No;No;No;No;Reconversión;2018;RCD N°026 -2018-OEFA/CD;;R.A. Nº 470-2018-HMPP/A
38051;1682;190104;Pasco;Pasco;Huayllay;20190184821;MUNICIPALIDAD DISTRITAL DE HUAYLLAY;UF0010233;Botadero Rauyhuana;18;350240.0;8783198.0;340.502875;4991.830232;0.499183;Municipalidad distrital de Huayllay;7;No;No;No;No;No;No;No;No;No;No;Recuperación;2018;RCD N°026 -2018-OEFA/CD;;R.A. N° 0100-2021-A-HMPP-PASCO
38052;1683;190105;Pasco;Pasco;Ninacaca;20168804343;MUNICIPALIDAD DISTRITAL DE NINACACA;UF0010836;Botadero Pichausacancha;18;378025.0;8797829.0;630.627703;25652.750932;2.565275;Municipalidad distrital de Ninacaca;0.82;No;No;No;No;No;No;No;No;Si;No;Recuperación;2018;RCD N°026 -2018-OEFA/CD;;
38053;1684;190105;Pasco;Pasco;Ninacaca;20288350605;MUNICIPALIDAD DISTRITAL DE HUACHON;UF0009712;Botadero Gallahuari - Quiparacra;18;402935.0;8823565.0;194.7968;1308.228818;0.130823;Municipalidad distrital de Huachón;1;Si;No;No;No;No;No;No;No;No;No;Recuperación;2018;RCD N°026 -2018-OEFA/CD;;
38054;1685;190106;Pasco;Pasco;Pallanchacra;20205094068;MUNICIPALIDAD DISTRITAL DE PALLANCHACRA;UF0009415;Botadero Carhuacayan;18;364891.0;8849192.0;117.413838;819.108722;0.081911;Municipalidad distrital de Pallanchacra;3.5;No;Si;No;No;No;No;No;No;No;No;Recuperación;2018;RCD N°026 -2018-OEFA/CD;;R.A. N° 390-2018-HMPP/A
38055;1686;190107;Pasco;Pasco;Paucartambo;20191043546;MUNICIPALIDAD DISTRITAL DE PAUCARTAMBO;UF0010458;Botadero Santa Cruz;18;414129.0;8809333.0;156.895796;1556.917983;0.155692;Municipalidad distrital de Paucartambo;4;Si;No;No;No;No;No;No;No;No;No;Recuperación;2018;RCD N°026 -2018-OEFA/CD;;"R.A. N° 287-2019-A-HMPP-PASCO
R.A. N° 248-2024-A-HMPP-PASCO"
38056;1687;190108;Pasco;Pasco;San Francisco de Asís de Yarusyacan;20162332261;MUNICIPALIDAD DISTRITAL DE SAN FRANCISCO DE ASIS DE YARUSYACAN;UF0009894;Botadero Huarmi Ishpanan;18;368577.0;8840046.0;127.40915;997.186471;0.099719;Municipalidad distrital de San Francisco de Yarusyacan;0.91;No;No;No;No;No;No;No;No;No;No;Recuperación;2018;RCD N°026 -2018-OEFA/CD;;R.A. N°  086-2021-A-HMPP-PASCO
38057;1688;190110;Pasco;Pasco;Ticlacayan;20168299436;MUNICIPALIDAD DISTRITAL DE TICLACAYAN;UF0009849;Botadero Luquiakuna;18;371414.0;8835963.0;254.816569;3903.417129;0.390342;Municipalidad distrital de Ticlacayan;1.5;No;No;No;No;No;No;No;No;No;No;Recuperación;2018;RCD N°026 -2018-OEFA/CD;;R.A. N° 243-2020-A-HMPP-PASCO
38058;1689;190112;Pasco;Pasco;Vicco;20183850823;MUNICIPALIDAD DISTRITAL DE VICCO;UF0010772;Botadero Tomachishga;18;362338.0;8804040.0;514.24588;11011.387569;1.101139;Municipalidad distrital de Vicco;0.298;No;No;No;No;No;No;No;No;Si;No;Recuperación;2018;RCD N°026 -2018-OEFA/CD;;R.A. N° 001-2021-A-HMPP-PASCO
38059;1690;200201;Piura;Ayabaca;Ayabaca;20194832746;MUNICIPALIDAD DISTRITAL DE LAGUNAS AYABA;UF0009938;Botadero Municipal;17;660903.0;9480348.0;287.886174;4551.455732;0.455146;Municipalidad distrital de Lagunas;0.06;Si;No;No;No;No;No;No;No;No;No;Recuperación;2018;RCD N°026 -2018-OEFA/CD;;
38060;1691;200201;Piura;Ayabaca;Ayabaca;20161350461;MUNICIPALIDAD PROVINCIAL DE AYABACA;UF0009996;Botadero Municipal;17;640404.0;9486262.0;441.119091;8040.891605;0.804089;Municipalidad provincial de Ayabaca;4;Si;Si;Si;Si;No;No;No;No;No;No;Recuperación;2018;RCD N°026 -2018-OEFA/CD;;R.G. N° 388-2024-MPA-GM
38061;1692;200201;Piura;Ayabaca;Ayabaca;20161350461;MUNICIPALIDAD PROVINCIAL DE AYABACA;UF0012574;Botadero Culuguero;17;638730.0;9484035.0;261;4200;0.42;Municipalidad provincial de Ayabaca;5.6;No;No;No;No;No;No;No;No;No;No;Recuperación;2024;Resolución N.° 00140-2024-OEFA/DSIS;;
38062;1693;200202;Piura;Ayabaca;Frías;20146728007;MUNICIPALIDAD DISTRITAL DE FRÍAS;UF0038320;Botadero Municipal de Mastrante;17;615227.0;9455466.0;288.2;4200;0.42;Municipalidad distrital de Frías;3;No;No;Si;No;No;No;No;No;No;No;Recuperación;2024;Resolución N.° 00052-2024-OEFA/DSIS;;
38063;1694;200203;Piura;Ayabaca;Jilili;20177840646;MUNICIPALIDAD DISTRITAL JILILI;UF0009933;Botadero Municipal;17;631620.0;9494048.0;87.417205;474.29429;0.047429;Municipalidad distrital de Jilili;2;Si;No;No;Si;No;No;No;No;No;No;Recuperación;2018;RCD N°026 -2018-OEFA/CD;;
38064;1695;200204;Piura;Ayabaca;Lagunas;20194832746;MUNICIPALIDAD DISTRITAL DE LAGUNAS AYABA;UF0035339;Botadero Municipal de Lagunas;17;627834.0;9470505.0;214;1700;0.17;Municipalidad Distrital de Lagunas;0.75;No;No;Si;No;No;No;No;No;No;No;Recuperación;2022;Resolución N.° 00067-2022-OEFA/DSIS;Resolución N.° 00140-2024-OEFA/DSIS;
38065;1696;200205;Piura;Ayabaca;Montero;20168891998;MUNICIPALIDAD DISTRITAL MONTERO;UF0009951;Botadero Municipal;17;623248.0;9485920.0;160.116176;1580.237403;0.158024;Municipalidad distrital de Montero, Municipalidad distrital de Sicchez;0.45;Si;No;No;No;No;No;No;No;No;No;Recuperación;2018;RCD N°026 -2018-OEFA/CD;;
38066;1697;200206;Piura;Ayabaca;Pacaipampa;20165913788;MUNICIPALIDAD  DISTRITAL DE  PACAIPAMPA;UF0010123;Botadero Parque de Tratamiento Las Juntas;17;644142.0;9447309.0;379.59;2648.16;0.26;Municipalidad distrital de Pacaipampa;0.5;Si;No;Si;No;No;No;No;No;No;No;Recuperación;2018;RCD N°026 -2018-OEFA/CD;;
38067;1698;200207;Piura;Ayabaca;Paimas;20191570911;MUNICIPALIDAD DISTRITAL DE PAIMAS;UF0010585;Botadero Sector Hogueron;17;604239.0;9487829.0;286.959325;5170.925573;0.517093;Municipalidad distrital de Paimas;2143;Si;No;Si;Si;No;No;No;No;No;No;Recuperación;2018;RCD N°026 -2018-OEFA/CD;;
38068;1699;200207;Piura;Ayabaca;Paimas;20191570911;MUNICIPALIDAD DISTRITAL DE PAIMAS;UF0036037;Botadero Tomapampa de Jambur;17;609076.0;9490736.0;No precisa;150;0.015;Municipalidad distrital de Paimas;2;No;No;Si;No;No;No;No;No;No;No;Recuperación;2023;Resolución N.° 00020-2023-OEFA/DSIS;;
38069;1700;200208;Piura;Ayabaca;Sapillica;20205446789;MUNICIPALIDAD DISTRITAL DE SAPILLICA;UF0009976;Botadero Municipal;17;608824.0;9471833.0;172.278435;1869.360164;0.186936;Municipalidad distrital de Sapillica;2;Si;Si;Si;No;No;No;No;No;No;No;Recuperación;2018;RCD N°026 -2018-OEFA/CD;;
38070;1701;200209;Piura;Ayabaca;Sicchez;20165923821;MUNICIPALIDAD DISTRITAL DE SíCCHEZ;UF0009980;Botadero Municipal;17;637868.0;9494325.0;176.867943;2206.533631;0.220653;Municipalidad distrital de Montero;No Precisa;Si;No;Si;Si;No;No;No;No;No;No;Recuperación;2018;RCD N°026 -2018-OEFA/CD;;
38071;1702;200209;Piura;Ayabaca;Sicchez;20165923821;MUNICIPALIDAD DISTRITAL DE SíCCHEZ;UF0009685;Botadero El Noque;17;634615.0;9495921.0;196.585852;2737.238524;0.273724;Municipalidad distrital de Sicchez;0.214;No;No;No;No;No;No;No;No;No;No;Recuperación;2018;RCD N°026 -2018-OEFA/CD;;
38072;1703;200210;Piura;Ayabaca;Suyo;20161411605;MUNICIPALIDAD DISTRITAL DE SUYO;UF0009984;Botadero Municipal;17;611312.0;9502628.0;342.697167;7446.675324;0.744668;Municipalidad distrital de Suyo;5;Si;No;No;No;No;No;No;No;No;No;Recuperación;2018;RCD N°026 -2018-OEFA/CD;;
38073;1704;200210;Piura;Ayabaca;Suyo;20161411605;MUNICIPALIDAD DISTRITAL DE SUYO;UF0037608;Botadero de Suyo;17;613204.0;9505825.0;304;5200;0.52;Municipalidad distrital de Suyo;7;Si;No;Si;No;No;No;No;No;No;No;Recuperación;2023;Resolución N.° 00112-2023-OEFA/DSIS;;
38074;1705;200302;Piura;Huancabamba;Canchaque;20193227857;MUNICIPALIDAD DISTRITAL DE CANCHAQUE;UF0013372;Botadero Municipal del Sector Hualtacal;17;643218.0;9401375.0;431.359215;6500;0.65;Municipalidad distrital de Canchaque;12;No;No;No;No;No;No;No;No;No;No;Recuperación;2021;RESOLUCION N° 00003-2021-OEFA/DSIS;Resolución N.° 00103-2024-OEFA/DSIS;
38075;1706;200301;Piura;Huancabamba;Huancabamba;20147026529;MUNICIPALIDAD PROVINCIAL DE HUANCABAMBA;UF0010122;Botadero Parque de Tratamiento de Residuos Solidos;17;670100.0;9415580.0;721.79394;28848.275736;2.884828;Municipalidad provincial de Huancabamba, Municipalidad distrital de El Cármen de La Frontera;10;Si;No;No;Si;No;No;No;No;No;No;Recuperación;2018;RCD N°026 -2018-OEFA/CD;;
38076;1707;200301;Piura;Huancabamba;Huancabamba;20147026529;MUNICIPALIDAD PROVINCIAL DE HUANCABAMBA;UF0036425;Botadero Municipal Caserio El Tambo;17;669030.0;9423929.0;No precisa;105652.96;10.56;Municipalidad provincial de Huancabamba;13;Si;No;No;Si;No;No;No;No;No;No;Recuperación;2023;Resolución N.° 0045-2023-OEFA/DSIS;;
38077;1708;200304;Piura;Huancabamba;Huarmaca;20172619241;MUNICIPALIDAD DISTRITAL HUARMACA;UF0009925;Botadero Municipal;17;663490.0;9382996.0;114.537785;830.142478;0.083014;Municipalidad distrital de Huarmaca;21;Si;Si;Si;Si;No;No;No;No;No;No;Recuperación;2018;RCD N°026 -2018-OEFA/CD;;
38078;1709;200304;Piura;Huancabamba;Huarmaca;20172619241;MUNICIPALIDAD DISTRITAL HUARMACA;UF0037542;Botadero Municipal de Huarmaca;17;664275.0;9384410.0;310;2100;0.21;Municipalidad distrital de Huarmaca;7.7;No;No;No;Si;No;No;No;No;No;No;Recuperación;2023;Resolución N.° 00102-2023-OEFA/DSIS;;
38079;1710;200305;Piura;Huancabamba;Lalaquiz;20168879866;MUNICIPALIDAD DISTRITAL DE LALAQUIZ;UF0009939;Botadero Municipal;17;646590.0;9421264.0;276.816243;4814.838585;0.481484;Municipalidad distrital de Lalaquiz;0.14;No;No;No;No;No;No;No;No;No;No;Recuperación;2018;RCD N°026 -2018-OEFA/CD;;
38080;1711;200306;Piura;Huancabamba;San Miguel de El Faique;20171659842;MUNICIPAL.DISTRI.SAN MIGUEL DE EL FAIQUE;UF0037543;Botadero Municipal de Los Corrales;17;650693.0;9399145.0;306;30000;3;Municipalidad Distrital de San Miguel de El Faique;0.7;No;No;No;Si;No;No;No;No;No;No;Recuperación;2023;Resolución N.° 00102-2023-OEFA/DSIS;;
38081;1712;200307;Piura;Huancabamba;Sondor;20146733698;MUNICIPALIDAD DISTRITAL SONDOR;UF0009981;Botadero Municipal;17;675424.0;9410314.0;231.695295;2592.131835;0.259213;Municipalidad distrital de Sondor;1;Si;No;No;No;No;No;No;No;No;No;Recuperación;2018;RCD N°026 -2018-OEFA/CD;;
38082;1713;200308;Piura;Huancabamba;Sondorillo;20193227938;MUNICIPALIDAD DISTRITAL DE SONDORILLO;UF0009982;Botadero Municipal;17;673682.0;9406474.0;159.901631;1432.67386;0.143267;Municipalidad distrital de Sondorillo;0.4;Si;No;No;No;No;No;No;No;No;No;Recuperación;2018;RCD N°026 -2018-OEFA/CD;;
38083;1714;200402;Piura;Morropón;Buenos Aires;20171662631;MUNICIPALIDAD DE BUENOS AIRES;UF0009908;Botadero Municipal;17;615913.0;9415357.0;556.004795;17031.874271;1.703187;Municipalidad distrital de Buenos Aires;4;Si;Si;Si;Si;No;No;No;No;No;No;Recuperación;2018;RCD N°026 -2018-OEFA/CD;;
38084;1715;200403;Piura;Morropón;Chalaco;20146979344;MUNICIPALIDAD DISTRITAL DE CHALACO;UF0009913;Botadero Municipal;17;633580.0;9442203.0;150.275724;1407.830404;0.140783;Municipalidad distrital de Chalaco;0.571;Si;No;No;No;No;No;No;No;No;No;Recuperación;2018;RCD N°026 -2018-OEFA/CD;;
38085;1716;200403;Piura;Morropón;Chalaco;20146979344;MUNICIPALIDAD DISTRITAL DE CHALACO;UF0037609;Botadero Municipal de Chalaco;17;633451.0;9442093.0;100;600;0.06;Municipalidad distrital de Chalaco;1.5;Si;No;No;Si;No;No;No;No;No;No;Recuperación;2023;Resolución N.° 00112-2023-OEFA/DSIS;;
38086;1717;200401;Piura;Morropón;Chulucanas;20105266988;MUNICIPALIDAD PROVINCIAL DE MORROPON - C HULUCANAS;UF0010004;Botadero Municipal;17;590792.0;9438289.0;727.616559;26336.187658;2.633619;Municipalidad provincial de Morropon - Chulucanas;50;Si;Si;Si;Si;No;No;No;No;No;No;Recuperación;2018;RCD N°026 -2018-OEFA/CD;;
38087;1718;200404;Piura;Morropón;La Matanza;20147030631;MUNICIPALIDAD DISTRITAL LA MATANZA;UF0009937;Botadero Municipal;17;599971.0;9422772.0;476;12700;1.27;Municipalidad distrital de La Matanza;12;Si;No;Si;No;No;No;No;No;No;No;Recuperación;2018;RCD N°026 -2018-OEFA/CD;Resolución N.° 87-2024-OEFA/DSIS;
38088;1719;200405;Piura;Morropón;Morropón;20148445037;MUNICIPALIDAD DISTRITAL DE MORROPON;UF0009952;Botadero Municipal;17;609842.0;9428423.0;1310;38100;3.81;Municipalidad distrital de Morropon;8.3;No;No;Si;No;No;No;No;No;No;No;Recuperación;2018;RCD N°026 -2018-OEFA/CD;Resolución N.° 00062-2024-OEFA/DSIS;
38089;1720;200406;Piura;Morropón;Salitral;20171659842;MUNICIPAL.DISTRI.SAN MIGUEL DE EL FAIQUE;UF0009969;Botadero Municipal;17;638545.0;9397366.0;247.670031;3877.570861;0.387757;Municipalidad distrital de San Miguel de Faique, Municipalidad distrital de Canchaque;0.5;Si;No;Si;Si;No;No;No;No;No;No;Recuperación;2018;RCD N°026 -2018-OEFA/CD;;
38090;1721;200406;Piura;Morropón;Salitral;20171246092;MUNICIPALIDAD DISTRITAL SALITRAL MORROPO;UF0009965;Botadero Municipal;17;629975.0;9409682.0;69.266791;303.157251;0.030316;Municipalidad distrital de Salitral;4.43;Si;No;Si;Si;No;No;No;No;No;No;Recuperación;2018;RCD N°026 -2018-OEFA/CD;;
38091;1722;200406;Piura;Morropón;Salitral;20171659842;MUNICIPAL.DISTRI.SAN MIGUEL DE EL FAIQUE;UF0037544;Botadero Municipal de El Faique;17;650693.0;9396585.0;138;1200;0.12;Municipalidad Distrital de San Miguel de El Faique;No precisa;No;Si;No;No;No;No;No;No;No;No;Recuperación;2023;Resolución N.° 00102-2023-OEFA/DSIS;;
38092;1723;200406;Piura;Morropón;Salitral;20171246092;MUNICIPALIDAD DISTRITAL SALITRAL MORROPO;UF0037610;Botadero de Malacasí;17;626977.0;9408765.0;253;4000;0.4;Municipalidad distrital de Salitral;2;Si;No;Si;Si;No;No;No;No;No;No;Recuperación;2023;Resolución N.° 00112-2023-OEFA/DSIS;;
38093;1724;200407;Piura;Morropón;San Juan de Bigote;20158887259;MUNICIPALIDAD DISTRITAL DE SAN JUAN DE BIGOTE;UF0009968;Botadero Municipal;17;631558.0;9411419.0;355.808072;6911.222431;0.691122;Municipalidad distrital de San Juan de Bigote;1.88;Si;Si;Si;Si;No;No;No;No;No;No;Recuperación;2018;RCD N°026 -2018-OEFA/CD;;
38094;1725;200408;Piura;Morropón;Santa Catalina de Mossa;20146979263;MUNICIPALIDAD DISTRITAL SANTA CATALINA MOSSA;UF0010384;Botadero S/N;17;622692.0;9434974.0;104.448821;692.141804;0.069214;Municipalidad distrital de Santa Catalina de Mossa;No Precisa;Si;No;Si;No;No;No;No;No;No;No;Recuperación;2018;RCD N°026 -2018-OEFA/CD;;
38095;1726;200409;Piura;Morropón;Santo Domingo;20158863074;MUNICIPALIDAD DISTRITAL DE SANTO DOMINGO;UF0009974;Botadero Municipal;17;624644.0;9443242.0;248.19144;3822.50132;0.38225;Municipalidad distrital de Santo Domingo;0.8;Si;No;No;No;No;No;No;No;No;No;Recuperación;2018;RCD N°026 -2018-OEFA/CD;;
38096;1727;200409;Piura;Morropón;Santo Domingo;20158863074;MUNICIPALIDAD DISTRITAL DE SANTO DOMINGO;UF0013370;Botadero del Caserío Ñoma;17;629548.0;9444212.0;99.771527;566.796089;0.05668;Municipalidad distrital de Santo Domingo;0.051;Si;No;No;No;No;No;No;No;No;No;Recuperación;2021;RESOLUCION N° 00003-2021-OEFA/DSIS;;
38097;1728;200410;Piura;Morropón;Yamango;20170301596;MUNICIPALIDAD DISTRITAL DE YAMANGO;UF0009992;Botadero Municipal;17;635570.0;9424652.0;86.074046;521.733181;0.052173;Municipalidad distrital de Yamango;2;Si;Si;Si;No;No;No;No;No;No;No;Recuperación;2018;RCD N°026 -2018-OEFA/CD;;
38098;1729;200502;Piura;Paita;Amotape;20199165021;MUNICIPALIDAD DISTRITAL DE AMOTAPE;UF0009903;Botadero Municipal;17;497682.0;9466026.0;303.157811;5668.445321;0.566845;Municipalidad distrital de Amotape;1;Si;No;Si;No;No;No;No;No;No;No;Recuperación;2018;RCD N°026 -2018-OEFA/CD;;
38099;1730;200503;Piura;Paita;Arenal;20190793681;MUNICIPALIDAD DISTRITAL 'EL ARENAL';UF0009918;Botadero Municipal;17;495291.0;9459371.0;1328.773768;81552.609165;8.155261;Municipalidad distrital de Colán, Municipalidad distrital de El Arenal;0.5;Si;No;Si;No;No;No;No;No;No;No;Recuperación;2018;RCD N°026 -2018-OEFA/CD;Resolución N.° 00062-2024-OEFA/DSIS;
38100;1731;200504;Piura;Paita;Colan;20187684618;MUNICIPALIDAD DISTRITAL DE COLAN;UF0009922;Botadero Municipal;17;494889.0;9456654.0;1277.698622;54228.198888;5.42282;Municipalidad distrital de El Arenal, Municipalidad distrital de La Huaca;1.2;No;No;Si;No;No;No;No;No;No;No;Recuperación;2018;RCD N°026 -2018-OEFA/CD;Resolución N.° 00062-2024-OEFA/DSIS;
38101;1732;200505;Piura;Paita;La Huaca;20146697527;MUNICIPALIDAD DISTRITAL DE LA HUACA;UF0009936;Botadero Municipal;17;507248.0;9455243.0;386.641181;5299.916853;0.529992;Municipalidad distrital de Colán;3;Si;No;Si;Si;No;No;No;No;No;No;Recuperación;2018;RCD N°026 -2018-OEFA/CD;;
38102;1733;200505;Piura;Paita;La Huaca;20146697527;MUNICIPALIDAD DISTRITAL DE LA HUACA;UF0037611;Botadero Municipal La Huaca;17;507483.0;9455491.0;438;8600;0.86;Municipalidad distrital de La Huaca;6;Si;No;Si;Si;No;No;No;No;No;No;Recuperación;2023;Resolución N.° 00112-2023-OEFA/DSIS;;
38103;1734;200501;Piura;Paita;Paita;20162361440;MUNICIPALIDAD PROVINCIAL DE PAITA;UF0010006;Botadero Municipal;17;493363.0;9435801.0;2984.925114;368951.303306;36.89513;Municipalidad provincial de Paita;60;Si;Si;Si;Si;Si;No;No;No;No;No;Recuperación;2018;RCD N°026 -2018-OEFA/CD;;R.G.M. N° 006-2025-MPP/GM
38104;1735;200501;Piura;Paita;Paita;20356546661;MUNICIPALIDAD DEL C.P LA ISLILLA;UF0035340;Botadero del Centro Poblado de La Islilla;17;479559.0;9425027.0;400;4200;0.42;Municipalidad Delegada del Centro Poblado de la Islilla;1;No;No;Si;No;No;No;No;No;No;No;Recuperación;2022;Resolución N.° 00067-2022-OEFA/DSIS;;
38105;1736;200501;Piura;Paita;Paita;20525734243;MUNICIPALIDAD DEL CENTRO POBLADO LA CALETA LA TORTUGA;UF0035341;Botadero del Centro Poblado de La Tortuga;17;484211.0;9419117.0;300;2100;0.21;Municipalidad Delegada del Centro Poblado de La Tortuga;1;No;No;Si;No;No;No;No;No;No;No;Recuperación;2022;Resolución N.° 00067-2022-OEFA/DSIS;;
38106;1737;200501;Piura;Paita;Paita;20162361440;MUNICIPALIDAD PROVINCIAL DE PAITA;UF0039296;Botadero 2 La Islilla;17;482453.0;9424895.0;256;2700;0.27;Municipalidad del centro poblado La Islilla;1.5;Si;No;Si;No;No;No;No;No;No;No;Recuperación;2025;RESOLUCIÓN N° 00002-2025-OEFA/DSIS;;
38107;1738;200501;Piura;Paita;Paita;20162361440;MUNICIPALIDAD PROVINCIAL DE PAITA;UF0039297;Botadero 3 La Islilla;17;482927.0;9425197.0;250;2500;0.25;Municipalidad del centro poblado La Islilla;1.5;Si;No;Si;No;No;No;No;No;No;No;Recuperación;2025;RESOLUCIÓN N° 00002-2025-OEFA/DSIS;;
38108;1739;200501;Piura;Paita;Paita;20162361440;MUNICIPALIDAD PROVINCIAL DE PAITA;UF0039298;Botadero 2 La Tortuga;17;485924.0;9417062.0;150;1500;0.15;Municipalidad del centro poblado de la Tortuga;0.67;No;No;Si;No;No;No;No;No;No;No;Recuperación;2025;RESOLUCIÓN N° 00002-2025-OEFA/DSIS;;
38109;1740;200506;Piura;Paita;Tamarindo;20146992367;MUNICIPALIDAD DISTRITAL DE TAMARINDO;UF0009986;Botadero Municipal;17;501527.0;9462366.0;557;17300;1.73;Municipalidad distrital de Tamarindo;2;No;No;No;No;No;No;No;No;No;No;Recuperación;2018;RCD N°026 -2018-OEFA/CD;Resolución N.° 00136-2024-OEFA/DSIS;
38110;1741;200507;Piura;Paita;Vichayal;20168899204;MUNICIPALIDAD DISTRITAL DE VICHAYAL;UF0009991;Botadero Municipal;17;493858.0;9463125.0;285.131151;3516.248082;0.351625;Municipalidad distrital de Vichayal;4;Si;No;Si;No;No;No;No;No;No;No;Recuperación;2018;RCD N°026 -2018-OEFA/CD;;
38111;1742;200507;Piura;Paita;Vichayal;20168899204;MUNICIPALIDAD DISTRITAL DE VICHAYAL;UF0013849;Botadero La Chivera;17;489554.0;9463941.0;536;13500;1.35;Municipalidad distrital de Vichayal;4;Si;No;No;No;No;No;No;No;No;No;Recuperación;2021;RESOLUCION N° 00003-2021-OEFA/DSIS;;
38112;1743;200802;Piura;Piura;Bellavista de La Unión;20177659224;MUNICIPALIDAD DISTRITAL DE BELLAVISTA DE LA UNION;UF0017087;Botadero S/N;17;523047.0;9405886.0;486.020738;16187.760465;1.618776;Municipalidad distrital de Vice, Municipalidad distrital de Rinconada Llicuar;15;No;No;Si;No;No;No;No;No;No;No;Recuperación;2021;RESOLUCION N° 00005-2021-OEFA;;
38113;1744;200104;Piura;Piura;Castilla;20154477374;MUNICIPALIDAD PROVINCIAL DE PIURA;UF0010007;Botadero Municipal;17;548857.0;9427827.0;3239.44547;645344.833357;64.534483;Municipalidad provincial de Piura, Municipalidad distrital de Catacaos, Municipalidad distrital de Castilla, Municipalidad distrital de Veintiseis de Octubre;420;No;No;Si;No;No;No;No;No;No;No;Recuperación;2018;RCD N°026 -2018-OEFA/CD;Resolución N.° 00024-2025-OEFA/DSIS;
38114;1745;200105;Piura;Piura;Catacaos;20159249698;MUNICIPALIDAD DISTRITAL DE CATACAOS;UF0013740;Botadero Loma de los Zorros;17;534607.0;9417112.0;777.641185;16786.086666;1.678609;Municipalidad distrital de Catacaos;3;Si;Si;Si;Si;Si;No;No;No;No;No;Recuperación;2021;RESOLUCION N° 00003-2021-OEFA/DSIS;;R.A. N° 0856-2021-A/MPP
38115;1746;200107;Piura;Piura;Cura Mori;20146721924;MUNICIPALIDAD  DISTRITAL DE CURA MORI;UF0010296;Botadero S/N;17;538942.0;9411665.0;192.320854;2553.758465;0.255376;Municipalidad distrital de Cura Mori;10.79;No;No;Si;No;No;No;No;No;No;No;Recuperación;2018;RCD N°026 -2018-OEFA/CD;;R.A. N° 0986-2021-A/MPP
38116;1747;200108;Piura;Piura;El Tallan;20161499936;MUNICIPALIDAD DISTRITAL DE EL TALLAN;UF0013741;Botadero Sector Panamericana;17;545348.0;9399790.0;666.490805;21891.276608;2.189128;Municipalidad distrital de El Tallan;2;No;No;Si;No;No;No;No;No;No;No;Recuperación;2021;RESOLUCION N° 00003-2021-OEFA/DSIS;;R.A. N° 0239-2022-A/MPP
38117;1748;200109;Piura;Piura;La Arena;20161499936;MUNICIPALIDAD DISTRITAL DE EL TALLAN;UF0009923;Botadero Sinchao Grande;17;535328.0;9402687.0;216;2800;0.28;Municipalidad distrital de El Tallán;0.2;Si;No;Si;No;No;No;No;No;No;No;Recuperación;2018;RCD N°026 -2018-OEFA/CD;;
38118;1749;200109;Piura;Piura;La Arena;20171253544;MUNICIPALIDAD DISTRITAL DE LA ARENA;UF0009934;Botadero Municipal;17;534314.0;9408256.0;398.341094;8988.782303;0.898878;Municipalidad distrital de La Arena;28;Si;No;Si;No;No;No;No;No;No;No;Recuperación;2018;RCD N°026 -2018-OEFA/CD;;"O.M. N° 024-2021-MDLA/A
R.A. N° 228-2024-MDLA/A
R.A. N° 0230-2023-A/MPP"
38119;1750;200110;Piura;Piura;La Unión;20146722653;MUNICIPALIDAD DISTRITAL DE LA UNION;UF0010320;Botadero S/N;17;523457.0;9403504.0;1926.04386;209010.642709;20.901064;Municipalidad distrital de La Unión, Municipalidad distrital de Vice, Municipalidad distrital de Bellavista de La Unión;37.5;Si;No;Si;No;No;No;No;No;No;No;Recuperación;2018;RCD N°026 -2018-OEFA/CD;;
38120;1751;200110;Piura;Piura;La Unión;"20159249779
20159229581
20146722653";"MUNICIPALIDAD DISTRITAL DE VICE
MUNICIPALIDAD DISTRITAL DE RINCONADA DE LLICUAR
MUNICIPALIDAD DISTRITAL DE LA UNION";UF0009990;Botadero Municipal;17;520164.0;9402973.0;2594.25;137400;13.74;Municipalidad distrital de La Unión, Municipalidad distrital de Vice, Municipalidad distrital de Rinconada Llicuar;22.5;Si;No;Si;No;No;No;No;No;No;No;Recuperación;2018;RCD N°026 -2018-OEFA/CD;;
38121;1752;200111;Piura;Piura;Las Lomas;20147034467;MUNICIPALIDAD DISTRITAL DE LAS LOMAS;UF0009942;Botadero Municipal;17;584795.0;9486968.0;1257;33000;3.3;Municipalidad distrital de Las Lomas;12;Si;No;No;No;No;No;No;No;No;No;Recuperación;2018;RCD N°026 -2018-OEFA/CD;Resolución N.° 00062-2024-OEFA/DSIS;
38122;1753;200114;Piura;Piura;Tambo Grande;20146736875;MUNICIPALIDAD DISTRITAL DE TAMBOGRANDE;UF0010401;Botadero S/N;17;571732.0;9455950.0;569;20038.686885;1.62;Municipalidad distrital de Tambogrande;13;Si;No;Si;No;No;No;No;No;No;No;Recuperación;2018;RCD N°026 -2018-OEFA/CD;;
38123;1754;200114;Piura;Piura;Tambo Grande;20146736875;MUNICIPALIDAD DISTRITAL DE TAMBOGRANDE;UF0013311;Botadero del Centro Poblado de Malingas;17;582433.0;9452867.0;336.541907;6186.505979;0.618651;Municipalidad del Centro Poblado de Malingas;No Precisa;Si;Si;Si;Si;No;No;No;No;No;No;Recuperación;2021;RESOLUCION N° 00003-2021-OEFA/DSIS;;
38124;1755;200804;Piura;Sechura;Cristo Nos Valga;20165924984;MUNICIPALIDAD DISTRITAL DE BERNAL;UF0009907;Botadero Municipal;17;531967.0;9394291.0;860;45000;4.5;Municipalidad distrital de Bernal;3;Si;No;Si;Si;No;No;No;No;No;No;Recuperación;2018;RCD N°026 -2018-OEFA/CD;Resolución N.° 00019-2025-OEFA/DSIS, Resolución N.° 00140-2024-OEFA/DSIS;
38125;1756;200804;Piura;Sechura;Cristo Nos Valga;20171665141;MUNICIPALIDAD DISTRITAL CRISTO NOS VALGA;UF0009919;Botadero Municipal;17;532121.0;9394149.0;157.471495;1467.982047;0.146798;Municipalidad distrital de Cristo Nos Valga, Municipalidad distrital de Bernal;12;Si;No;Si;No;No;No;No;No;No;No;Recuperación;2018;RCD N°026 -2018-OEFA/CD;;
38126;1757;200801;Piura;Sechura;Sechura;20525300910;MUNICIPALIDAD DELEGADA DEL CENTRO POBLADO MENOR DE PARACHIQUE - LA BOCANA;UF0035342;Botadero de Residuos Sólidos de Parachique;17;517375.0;9364674.0;No precisa;25000;25;Municipalidad Delegada de Parachique-La Bocana;10;Si;No;Si;No;Si;No;No;No;No;No;Recuperación;2022;Resolución N.° 00067-2022-OEFA/DSIS;;
38127;1758;200805;Piura;Sechura;Vice;20146721410;MUNICIPALIDAD PROVINCIAL DE SECHURA;UF0013832;Botadero Municipal Sector La Antena;17;519106.0;9393066.0;3703.429215;553382.326827;55.338233;Municipalidad provincial de Sechura;25;Si;No;Si;No;No;No;No;No;No;No;Recuperación;2021;RESOLUCION N° 00003-2021-OEFA/DSIS;;
38128;1759;200603;Piura;Sullana;Ignacio Escudero;20176975289;MUNICIPALIDAD IGNACIO ESCUDERO;UF0009929;Botadero Municipal;17;513294.0;9466290.0;880.705857;19193.319085;1.919332;Municipalidad distrital de Ignacio Escudero;35;Si;No;Si;No;No;No;No;No;No;No;Recuperación;2018;RCD N°026 -2018-OEFA/CD;;
38129;1760;200603;Piura;Sullana;Ignacio Escudero;20176975289;MUNICIPALIDAD IGNACIO ESCUDERO;UF0036917;Botadero Temporal de Ignacio Escudero;17;512074.0;9465054.0;No precisa;2500;0.25;Municipalidad distrital de Ignacio Escudero;No Precisa;Si;Si;No;Si;No;No;No;No;No;No;Recuperación;2023;Resolución N.° 00085-2023-OEFA/DSIS;;
38130;1761;200603;Piura;Sullana;Ignacio Escudero;20176975289;MUNICIPALIDAD IGNACIO ESCUDERO;UF0036918;Botadero Ignacio Escudero;17;512794.0;9467204.0;No precisa;21100;2.11;Municipalidad distrital de Ignacio Escudero;2;No;No;No;No;No;No;No;No;No;No;Recuperación;2023;Resolución N.° 00085-2023-OEFA/DSIS;;
38131;1762;200607;Piura;Sullana;Lancones;20158835887;MUNICIPALIDAD DISTRITAL DE LANCONES;UF0036919;Botadero Alamor - Lancones;17;565353.0;9504272.0;No precisa;1324.304;0.1324;Municipalidad distrital de Lancones;3.5;Si;Si;No;Si;No;No;No;No;No;No;Recuperación;2023;Resolución N.° 00085-2023-OEFA/DSIS;;
38132;1763;200605;Piura;Sullana;Marcavelica;20159215106;MUNICIPALIDAD DISTRITAL DE MARCAVELICA;UF0009948;Botadero Municipal;17;533122.0;9466563.0;788;15900;1.59;Municipalidad distrital de Marcavelica;4.5;Si;No;Si;No;No;No;No;No;No;No;Recuperación;2018;RCD N°026 -2018-OEFA/CD;;
38133;1764;200605;Piura;Sullana;Marcavelica;20165925794;MUNICIPALIDAD DISTRITAL DE SALITRAL;UF0010437;Botadero Salitral;17;531370.0;9466528.0;391.619179;8701.098299;0.87011;Municipalidad distrital de Salitral;3;No;No;Si;No;No;No;No;No;No;No;Recuperación;2018;RCD N°026 -2018-OEFA/CD;;
38134;1765;200605;Piura;Sullana;Marcavelica;20159215106;MUNICIPALIDAD DISTRITAL DE MARCAVELICA;UF0035343;Botadero Monterón;17;522907.0;9462187.0;1980;33300;3.33;Municipalidad Distrital de Marcavelica;0.5;Si;No;Si;No;No;No;No;No;No;No;Recuperación;2022;Resolución N.° 00067-2022-OEFA/DSIS;;
38135;1766;200606;Piura;Sullana;Miguel Checa;20165923155;MUNICIPALIDAD DISTRITAL MIGUEL CHECA;UF0009950;Botadero Municipal;17;522288.0;9457420.0;932;31100;3.11;Municipalidad distrital de Miguel Checa;4;Si;No;Si;No;No;No;No;No;No;No;Recuperación;2018;RCD N°026 -2018-OEFA/CD;;
38136;1767;200607;Piura;Sullana;Querecotillo;20158835887;MUNICIPALIDAD DISTRITAL DE LANCONES;UF0009940;Botadero Municipal;17;548962.0;9487568.0;360.446347;8900.104763;0.89001;Municipalidad distrital de Lancones;11;No;No;Si;No;No;No;No;No;No;No;Recuperación;2018;RCD N°026 -2018-OEFA/CD;;
38137;1768;200607;Piura;Sullana;Querecotillo;20146761985;MUNICIPALIDAD DISTRITAL DE QUERECOTILLO;UF0009963;Botadero Municipal;17;540402.0;9471323.0;1406;80000;8;Municipalidad distrital de Querecotillo, Municipalidad distrital de Salitral;10;Si;No;Si;No;No;No;No;No;No;No;Recuperación;2018;RCD N°026 -2018-OEFA/CD;Resolución N.° 87-2024-OEFA/DSIS;
38138;1769;200608;Piura;Sullana;Salitral;20165925794;MUNICIPALIDAD DISTRITAL DE SALITRAL;UF0035975;Botadero Salitral 2;17;533747.0;9466160.0;655;14000;1.4;Municipalidad Distrital de Salitral;No precisa;Si;No;Si;No;No;No;No;No;No;No;Recuperación;2022;Resolución N.° 00067-2022-OEFA/DSIS;;
38139;1770;200601;Piura;Sullana;Sullana;20154477021;MUNICIPALIDAD PROVINCIAL DE SULLANA;UF0010009;Botadero Municipal;17;541132.0;9459687.0;1719.58652;165182.991625;16.518299;Municipalidad provincial de Sullana, Municipalidad distrital de Bellavista;100;Si;Si;Si;Si;No;No;No;No;No;No;Recuperación;2018;RCD N°026 -2018-OEFA/CD;;R.G. N° 001-2024/MPS-GGA
38140;1771;200601;Piura;Sullana;Sullana;20154477021;MUNICIPALIDAD PROVINCIAL DE SULLANA;UF0035344;Botadero Zona Industrial I;17;536296.0;9456659.0;578;20000;2;Municipalidad Provincial de Sullana;12;Si;No;Si;No;Si;No;No;No;No;No;Recuperación;2022;Resolución N.° 00067-2022-OEFA/DSIS;;
38141;1772;200702;Piura;Talara;El Alto;20179834317;MUNICIPALIDAD DISTRITAL DE EL ALTO;UF0009921;Botadero Municipal;17;477780.0;9530944.0;1160;130500;13.5;Municipalidad distrital de El Alto;4;Si;No;Si;No;No;No;No;No;No;No;Recuperación;2018;RCD N°026 -2018-OEFA/CD;;
38142;1773;200703;Piura;Talara;La Brea;20146694854;MUNICIPALIDAD DISTRITAL DE LA BREA;UF0009935;Botadero Municipal;17;467376.0;9487683.0;564.595851;13665.806109;1.366581;Municipalidad distrital de La Brea - Negritos;4;Si;No;Si;Si;Si;No;No;No;No;No;Recuperación;2018;RCD N°026 -2018-OEFA/CD;;
38143;1774;200703;Piura;Talara;La Brea;20146694854;MUNICIPALIDAD DISTRITAL DE LA BREA;UF0035345;Botadero El Acholado;17;471779.0;9487534.0;441;11600;1.16;Municipalidad Distrital de la Brea;4.9;Si;No;Si;No;Si;No;No;No;No;No;Recuperación;2022;Resolución N.° 00067-2022-OEFA/DSIS;;
38144;1775;200704;Piura;Talara;Lobitos;20161458075;MUNICIPALIDAD DISTRITAL DE LOBITOS;UF0009943;Botadero Municipal;17;470424.0;9509154.0;294.210511;5381.864581;0.538186;Municipalidad distrital de Lobitos;0.5;Si;No;Si;No;No;No;No;No;No;No;Recuperación;2018;RCD N°026 -2018-OEFA/CD;;
38145;1776;200705;Piura;Talara;Los Organos;20147047950;MUNICIPALIDAD DIST. DE LOS ORGANOS;UF0009946;Botadero Municipal;17;487707.0;9538788.0;681;25407;2.42;Municipalidad distrital de Los Órganos;21;Si;Si;Si;No;No;No;No;No;No;No;Recuperación;2018;RCD N°026 -2018-OEFA/CD;;
38146;1777;200706;Piura;Talara;Mancora;20193051635;MUNICIPALIDAD DISTRITAL DE MANCORA;UF0009947;Botadero Municipal;17;492651.0;9543177.0;769;28100;2.81;Municipalidad distrital de Mancora;8;Si;No;Si;No;No;No;No;No;No;No;Recuperación;2018;RCD N°026 -2018-OEFA/CD;;
38147;1778;200701;Piura;Talara;Pariñas;20146713824;MUNICIPALIDAD PROVINCIAL DE TALARA;UF0010010;Botadero Municipal;17;470910.0;9497025.0;511.295095;16515.584505;1.651558;Municipalidad provincial de Talara;30;Si;No;Si;Si;No;No;No;No;No;No;Recuperación;2018;RCD N°026 -2018-OEFA/CD;;"R.S. N° 001-2022-SGAS-GSP-MPT
R.S. N° 001-2025-SGAS-GSP/MPT"
38148;1779;200701;Piura;Talara;Pariñas;20146713824;MUNICIPALIDAD PROVINCIAL DE TALARA;UF0035346;Botadero El Patero;17;470399.0;9493370.0;300;4000;0.4;Municipalidad Provincial de Talara;7;Si;No;No;No;No;No;No;No;No;No;Recuperación;2022;Resolución N.° 00067-2022-OEFA/DSIS;;
38149;1780;210202;Puno;Azángaro;Achaya;20204083836;MUNICIPALIDAD DISTRITAL DE ACHAYA;UF0010436;Botadero salida a la Comunidad Collana;19;375226.0;8309999.0;83.170652;424.155843;0.042416;Municipalidad distrital de Achaya;No Precisa;No;No;No;No;No;No;No;No;No;No;Recuperación;2018;RCD N°026 -2018-OEFA/CD;;
38150;1781;210203;Puno;Azángaro;Arapa;20185892906;MUNICIPALIDAD DISTRITAL ARAPA;UF0009536;Botadero Comunidad de Yanico Cutiri;19;376793.0;8327643.0;318.014304;4942.195065;0.49422;Municipalidad distrital de Arapa;No Precisa;No;No;No;No;No;No;No;No;No;No;Recuperación;2018;RCD N°026 -2018-OEFA/CD;;
38151;1782;210203;Puno;Azángaro;Arapa;20185892906;MUNICIPALIDAD DISTRITAL ARAPA;UF0009467;Botadero centro poblado de Villa Betanzos;19;377029.0;8322624.0;49.446937;132.131644;0.013213;Municipalidad distrital de Arapa;0.25;No;No;No;No;No;No;No;No;No;No;Recuperación;2018;RCD N°026 -2018-OEFA/CD;;
38152;1783;210204;Puno;Azángaro;Asillo;20200712146;MUNICIPALIDAD DISTRITAL DE ASILLO;UF0010697;Botadero Sector San Luis;19;358331.0;8367333.0;211.527478;2841.770004;0.284177;Municipalidad distrital de Asillo;1.5;No;No;Si;No;No;No;No;No;No;No;Recuperación;2018;RCD N°026 -2018-OEFA/CD;;
38153;1784;210201;Puno;Azángaro;Azángaro;20172499679;MUNICIPALIDAD PROVINCIAL DE AZANGARO;UF0009762;Botadero Huayrapata Cruz Cunca;19;373236.0;8350263.0;584.662406;22585.175579;2.258518;Municipalidad provincial de Azángaro;15;No;No;No;No;No;No;No;No;No;No;Recuperación;2018;RCD N°026 -2018-OEFA/CD;;R.G. N° 582-2024-MPA/GM
38154;1785;210201;Puno;Azángaro;Azángaro;20172499679;MUNICIPALIDAD PROVINCIAL DE AZANGARO;UF0035347;Botadero Pinayani;19;370847.59;8347905.06;530;5300;0.53;Municipalidad Provincial de Azángaro;21.22;No;No;No;No;No;No;No;No;No;No;Recuperación;2022;Resolución N.° 00067-2022-OEFA/DSIS;;
38155;1786;210205;Puno;Azángaro;Caminaca;20219957204;MUNICIPALIDAD DISTRITAL DE CAMINACA;UF0009382;Botadero C.C. Pilhuani;19;384551.0;8306102.0;373.315965;6271.831452;0.627183;Municipalidad distrital de Caminaca;0.02;No;No;No;No;No;No;No;No;No;No;Recuperación;2018;RCD N°026 -2018-OEFA/CD;;
38156;1787;210206;Puno;Azángaro;Chupa;20199931599;MUNICIPALIDAD DISTRITAL DE CHUPA;UF0010753;Botadero Taller-Garaje Municipal en el barrio Chipinta;19;393959.0;8329404.0;177.242138;1737.831846;0.173783;Municipalidad distrital de Chupa;No Precisa;No;No;Si;No;No;No;No;No;No;No;Recuperación;2018;RCD N°026 -2018-OEFA/CD;;
38157;1788;210206;Puno;Azángaro;Chupa;20199931599;MUNICIPALIDAD DISTRITAL DE CHUPA;UF0035348;Botadero Choco / Sector Cala Cruz;19;401211.6;8325205.14;51.69;167;0.0167;Municipalidad distrital de Chupa;0.53;Si;No;No;No;No;No;No;No;No;No;Recuperación;2022;Resolución N.° 00067-2022-OEFA/DSIS;;
38158;1789;210206;Puno;Azángaro;Chupa;20199931599;MUNICIPALIDAD DISTRITAL DE CHUPA;UF0038519;Botadero Sinticunca;19;396908.0;8325712.0;124;914;0.0914;Municipalidad distrital de Chupa;0.9;No;No;No;No;No;No;No;No;No;No;Recuperación;2024;Resolución N° 00062-2024-OEFA/DSIS;;
38159;1790;210207;Puno;Azángaro;José Domingo Choquehuanca;20205940554;MUNICIPALIDAD DIST.JOSE DGO.CHOQUEHUANCA;UF0010064;Botadero Osocco;19;357030.0;8338273.0;392.686988;8590.69454;0.859069;Municipalidad distrital de José Domingo Choquehuanca;No Precisa;Si;No;No;No;No;No;No;No;No;No;Recuperación;2018;RCD N°026 -2018-OEFA/CD;;
38160;1791;210208;Puno;Azángaro;Muñani;20172856706;MUNICIPALIDAD DISTRITAL DE MUÑANI;UF0009878;Botadero Mayupampa;19;398499.0;8369258.0;216.81269;2554.953373;0.255495;Municipalidad distrital de Muñani;No Precisa;No;No;Si;No;No;No;No;No;No;No;Recuperación;2018;RCD N°026 -2018-OEFA/CD;;
38161;1792;210208;Puno;Azángaro;Muñani;20172856706;MUNICIPALIDAD DISTRITAL DE MUÑANI;UF0037929;Botadero Ichoccollo pampa - Muñani;19;401338.0;8370710.0;140;1200;0.12;Municipalidad distrital de Muñani;1.14;No;No;No;No;No;No;No;No;No;No;Recuperación;2024;Resolución N° 00019-2024-OEFA/DSIS;;
38162;1793;210209;Puno;Azángaro;Potoni;20198476243;MUNICIPALIDAD DISTRITAL DE POTONI;UF0009380;Botadero C.C. Huayrapata;19;378658.0;8409336.0;302.80875;4640.98448;0.464098;Municipalidad distrital de Potoni;0.114;No;No;No;No;No;No;No;No;No;No;Recuperación;2018;RCD N°026 -2018-OEFA/CD;;
38163;1794;210209;Puno;Azángaro;Potoni;20198893359;MUNICIPALIDAD DISTRITAL DE ANTAUTA;UF0009412;Botadero Carccantira;19;363187.0;8413675.0;120.155116;885.234135;0.088523;Municipalidad distrital de Antauta;0.286;No;No;No;No;No;No;No;No;No;No;Recuperación;2018;RCD N°026 -2018-OEFA/CD;;
38164;1795;210210;Puno;Azángaro;Saman;20190225101;MUNICIPALIDAD DISTRITAL DE SAMAN;UF0010749;Botadero Surajachi;19;389543.0;8306882.0;1022;28866;2.88;Municipalidad distrital de Samán;0.1;No;No;No;No;No;No;No;No;No;No;Recuperación;2018;RCD N°026 -2018-OEFA/CD;Resolución N.° 00019-2025-OEFA/DSIS;
38165;1796;210211;Puno;Azángaro;San Anton;20193989439;MUNICIPALIDAD DISTRITAL SAN ANTON;UF0010729;Botadero Sector Yahuasi;19;357036.0;8386662.0;157.198202;1540.932798;0.154093;Municipalidad distrital de San Antón;1.28;No;No;No;No;Si;No;No;No;No;No;Recuperación;2018;RCD N°026 -2018-OEFA/CD;;
38166;1797;210211;Puno;Azángaro;San Antón;20193989439;MUNICIPALIDAD DISTRITAL SAN ANTON;UF0035349;Botadero Canllipata;19;360277.0;8388681.0;230;3870;0.387;Municipalidad Distrital de San Antón;2.37;No;No;No;No;No;No;No;No;No;No;Recuperación;2022;Resolución N.° 00067-2022-OEFA/DSIS;;
38167;1798;210212;Puno;Azángaro;San José;20214366747;MUNICIPALIDAD DISTRITAL DE SAN JOSE;UF0010091;Botadero Pampa Pajonal de San José;19;375606.0;8375196.0;285.853663;4126.877214;0.412688;Municipalidad distrital de San José;1.2;No;No;No;No;No;No;No;No;No;No;Recuperación;2018;RCD N°026 -2018-OEFA/CD;;
38168;1799;210213;Puno;Azángaro;San Juan de Salinas;20219093358;MUNICIPALIDAD DISTRITAL DE SAN JUAN DE SALINAS;UF0009383;Botadero C.C. Primer Orurillo;19;381438.0;8342772.0;95.932207;513.003503;0.0513;Municipalidad distrital de San Juan de Salinas;0.02;No;No;No;No;Si;No;No;No;No;No;Recuperación;2018;RCD N°026 -2018-OEFA/CD;;
38169;1800;210214;Puno;Azángaro;Santiago de Pupuja;20227108691;MUNICIPALIDAD DIST SANTIAGO DE PUPUJA;UF0009384;Botadero C.C. Pupuja;19;363529.0;8334542.0;158.369054;1482.616926;0.148262;Municipalidad distrital de Santiago de Pupuja;0.05;No;No;Si;No;No;No;No;No;No;No;Recuperación;2018;RCD N°026 -2018-OEFA/CD;;
38170;1801;210215;Puno;Azángaro;Tirapata;20221111673;MUNICIPALIDAD DISTRITAL TIRAPATA;UF0010672;Botadero Sector Porkepata;19;349252.0;8346552.0;132.938018;977.670753;0.097767;Municipalidad distrital de Tirapata;0.14;No;No;Si;No;Si;No;No;No;No;No;Recuperación;2018;RCD N°026 -2018-OEFA/CD;;
38171;1802;210302;Puno;Carabaya;Ajoyani;20207352871;MUNICIPALIDAD DISTRITAL DE AJOYANI;UF0010766;Botadero Tijerachupa - Aurora;19;366665.0;8424706.0;269.400692;4115.605878;0.411561;Municipalidad distrital de Ajoyani;0.3;No;No;No;No;No;No;No;No;No;No;Reconversión;2018;RCD N°026 -2018-OEFA/CD;;
38172;1803;210303;Puno;Carabaya;Ayapata;20202885315;MUNICIPALIDAD DISTRITAL AYAPATA;UF0009350;Botadero Apacheta;19;347445.0;8476535.0;367;4400;0.44;Municipalidad distrital de Ayapata;1.1;No;No;No;No;No;No;No;No;No;No;Recuperación;2018;RCD N°026 -2018-OEFA/CD;Resolución N.° 00008-2025-OEFA/DSIS;
38173;1804;210304;Puno;Carabaya;Coasa;20159410499;MUNICIPALIDAD DISTRITAL DE COAZA;UF0009567;Botadero Cuticarca;19;392314.0;8456375.0;258.376104;2038.746795;0.203875;Municipalidad distrital de Coasa;No Precisa;No;No;No;Si;Si;No;No;No;No;No;Recuperación;2018;RCD N°026 -2018-OEFA/CD;;
38174;1805;210305;Puno;Carabaya;Corani;20205221353;MUNICIPALIDAD DISTRITAL DE CORANI;UF0010226;Botadero Quisinipata;19;326991.0;8466094.0;155.894638;1609.938427;0.160994;Municipalidad distrital de Corani;0.05;No;No;No;No;No;No;No;No;No;No;Recuperación;2018;RCD N°026 -2018-OEFA/CD;;
38175;1806;210306;Puno;Carabaya;Crucero;20202703144;MUNICIPALIDAD DISTRITAL DE CRUCERO;UF0010138;Botadero Pilcopampa (Ichu Qullohuata);19;389187.0;8411713.0;323.070034;5577.063858;0.557706;Municipalidad distrital de Crucero;2.37;No;No;No;No;Si;No;No;No;No;No;Recuperación;2018;RCD N°026 -2018-OEFA/CD;;
38176;1807;210306;Puno;Carabaya;Crucero;20202703144;MUNICIPALIDAD DISTRITAL DE CRUCERO;UF0018187;Botadero Sector Cayconi;19;384083.56;8415637.27;982;60180;6.018;Municipalidad distrital de Crucero;5.5;Si;No;No;No;No;No;No;No;No;No;Reconversión;2022;Resolución N.° 00018-2022-OEFA/DSIS;;
38177;1808;210307;Puno;Carabaya;Ituata;20185850570;MUNICIPALIDAD DISTRITAL ITUATA;UF0009529;Botadero Collpa Pata;19;369440.0;8465147.0;83.618603;480.556772;0.048056;Municipalidad distrital de Ituata;No Precisa;No;No;No;No;No;No;No;No;No;No;Recuperación;2018;RCD N°026 -2018-OEFA/CD;;
38178;1809;210301;Puno;Carabaya;Macusani;20206921898;MUNICIPALIDAD PROVINCIAL DE CARABAYA;UF0010217;Botadero Quenchi;19;344019.0;8447615.0;323.782498;6535.338278;0.653534;Municipalidad provincial de Carabaya;5;No;Si;Si;Si;No;No;No;No;No;No;Recuperación;2018;RCD N°026 -2018-OEFA/CD;;
38179;1810;210301;Puno;Carabaya;Macusani;20206921898;MUNICIPALIDAD PROVINCIAL DE CARABAYA;UF0018185;Botadero Conchatanca;19;349787.89;8436333.68;769.72;39300;3.93;Municipalidad provincial de Carabaya;13;Si;No;No;No;No;No;No;No;No;No;Recuperación;2022;Resolución N.° 00018-2022-OEFA/DSIS;;
38180;1811;210308;Puno;Carabaya;Ollachea;20162161866;MUNICIPALIDAD DISTRITAL OLLACHEA;UF0009307;Botadero Accopampa;19;336405.0;8466089.0;276.397616;5057.629069;0.505763;Municipalidad distrital de Ollachea;0.96;No;No;No;No;No;No;No;No;No;No;Recuperación;2018;RCD N°026 -2018-OEFA/CD;;
38181;1812;210309;Puno;Carabaya;San Gaban;20195270938;MUNICIPALIDAD DISTRITAL DE SAN GABAN;UF0009841;Botadero Llojllamayo;19;351303.0;8515166.0;323.729045;6710.263447;0.671026;Municipalidad distrital de San Gabán;0.143;No;No;No;No;No;No;No;No;No;No;Recuperación;2018;RCD N°026 -2018-OEFA/CD;;
38182;1813;210310;Puno;Carabaya;Usicayos;20204176681;MUNICIPALIDAD DISTRITAL DE USICAYOS;UF0009557;Botadero Cruzkunca;19;398992.0;8437942.0;179.05213;1754.488325;0.175449;Municipalidad distrital de Usicayos;0.6;No;No;Si;No;Si;No;No;No;No;No;Recuperación;2018;RCD N°026 -2018-OEFA/CD;;
38183;1814;210402;Puno;Chucuito;Desaguadero;20181403064;MUNICIPALIDAD DISTRITAL DESAGUADERO;UF0009884;Botadero Miñani Guitarrani;19;491200.0;8164679.0;807.009827;34700.815858;3.470082;Municipalidad distrital de Desaguadero;10;Si;No;No;No;No;No;No;No;No;No;Recuperación;2018;RCD N°026 -2018-OEFA/CD;;
38184;1815;210403;Puno;Chucuito;Huacullani;20214364612;MUNICIPALIDAD DISTRITAL HUACULLANI;UF0010221;Botadero Quimbalita;19;464710.0;8162000.0;250.465281;4346.033101;0.434603;Municipalidad distrital de Huacullani;No Precisa;No;No;No;No;No;No;No;No;No;No;Recuperación;2018;RCD N°026 -2018-OEFA/CD;;
38185;1816;210401;Puno;Chucuito;Juli;20161244512;MUNICIPALIDAD PROVINCIAL CHUCUITO;UF0010050;Botadero Nayranaque;19;453078.0;8206892.0;305.577962;4573.96275;0.457396;Municipalidad provincial de Chucuito;4;No;No;No;No;Si;No;No;No;No;No;Recuperación;2018;RCD N°026 -2018-OEFA/CD;;
38186;1817;210404;Puno;Chucuito;Kelluyo;20165191464;MUNICIPALIDAD DISTRITAL DE KELLUYO;UF0009779;Botadero Jacha Kelluyo;19;475467.0;8148876.0;240.699071;2784.519509;0.278452;Municipalidad distrital de Kelluyo;No Precisa;No;No;Si;No;No;No;No;No;No;No;Recuperación;2018;RCD N°026 -2018-OEFA/CD;;
38187;1818;210405;Puno;Chucuito;Pisacoma;20188420509;MUNICIPALIDAD DISTRITAL PISACOMA;UF0009716;Botadero Granja Municipal;19;460811.0;8129526.0;48.140066;140.411123;0.014041;Municipalidad distrital de Pisacoma;No Precisa;No;No;No;No;No;No;No;No;No;No;Recuperación;2018;RCD N°026 -2018-OEFA/CD;;
38188;1819;210406;Puno;Chucuito;Pomata;20146266208;MUNICIPALIDAD DISTRITAL DE POMATA;UF0009481;Botadero Cerro Utiraya;19;468735.0;8202036.0;235.690607;3472.419796;0.347242;Municipalidad distrital de Pomata;1.5;No;No;No;No;No;No;No;No;No;No;Recuperación;2018;RCD N°026 -2018-OEFA/CD;;
38189;1820;210407;Puno;Chucuito;Zepita;20191716397;MUNICIPALIDAD DISTRITAL DE ZEPITA;UF0009549;Botadero Cotaña;19;489213.0;8176034.0;203.586975;2462.849108;0.246285;Municipalidad distrital de Zepita;2.24;No;No;No;No;No;No;No;No;No;No;Recuperación;2018;RCD N°026 -2018-OEFA/CD;;
38190;1821;210502;Puno;El Collao;Capazo;20145483353;MUNICIPALIDAD DISTRITAL DE CAPASO;UF0009479;Botadero Cerro Llovecco;19;424632.0;8103624.0;172.745335;2107.883425;0.210788;Municipalidad distrital de Capaso;No Precisa;No;No;No;No;No;No;No;No;No;No;Recuperación;2018;RCD N°026 -2018-OEFA/CD;;
38191;1822;210505;Puno;El Collao;Conduriri;20212441393;MUNICIPALIDAD DISTRITAL DE CONDURIRI;UF0009533;Botadero complejo deportivo municipal Conduriri;19;424389.0;8161804.0;137.387716;1074.166319;0.107417;Municipalidad distrital de Conduriri;0.04;No;No;No;No;No;No;No;No;No;No;Recuperación;2018;RCD N°026 -2018-OEFA/CD;;
38192;1823;210501;Puno;El Collao;Ilave;20181438364;MUNICIPALIDAD PROVINCIAL DE EL COLLAO;UF0009500;Botadero Chiarjake Apacheta;19;431595.0;8224568.0;1379.701065;70481.155173;7.048116;Municipalidad provincial de El Collao;27;Si;No;No;No;No;No;No;No;No;No;Recuperación;2018;RCD N°026 -2018-OEFA/CD;Resolución N.° 00024-2025-OEFA/DSIS;
38193;1824;210503;Puno;El Collao;Pilcuyo;20194735201;MUNICIPALIDAD DISTRITAL DE PILCUYO;UF0010144;Botadero Plaza de Ganado;19;439911.0;8219499.0;289.937861;3404.719972;0.340472;Municipalidad distrital de Pilcuyo;0.1;No;No;No;Si;No;No;No;No;No;No;Recuperación;2018;RCD N°026 -2018-OEFA/CD;;
38194;1825;210504;Puno;El Collao;Santa Rosa;20214365775;MUNICIPALIDAD DISTRITAL DE SANTA ROSA;UF0009826;Botadero Laramani;19;423222.0;8150395.0;603.01772;19873.408014;1.987341;Municipalidad distrital de Santa Rosa;No Precisa;No;No;No;No;No;No;No;No;No;No;Recuperación;2018;RCD N°026 -2018-OEFA/CD;;
38195;1826;210602;Puno;Huancané;Cojata;20192146055;MUNICIPALIDAD DISTRITAL DE COJATA;UF0009456;Botadero Cementerio;19;460577.0;8339779.0;317;2158;0.218;Municipalidad distrital de Cojata;0.12;No;Si;Si;No;No;No;No;No;No;No;Recuperación;2018;RCD N°026 -2018-OEFA/CD;Resolución N.° 00008-2025-OEFA/DSIS;
38196;1827;210601;Puno;Huancané;Huancane;20176895684;MUNICIPALIDAD DISTRITAL TARACO;UF0018190;Botadero Quebrada Jisra Llachi-C.C. Taurahuta;19;412169.0;8331253.0;229;1300;0.13;Municipalidad distrital de Taraco;0.63;No;No;No;No;No;No;No;No;No;No;Recuperación;2022;Resolución N.° 00018-2022-OEFA/DSIS;Resolución N.° 0017-2025-OEFA/DSIS;
38197;1828;210601;Puno;Huancané;Huancané;20185896723;MUNICIPALIDAD PROVINCIAL DE HUANCANE;UF0009436;Botadero Catahuichinquilla;19;419040.0;8317968.0;89.48478;510.607718;0.051061;Municipalidad provincial de Huancané;No Precisa;No;No;No;No;No;No;No;No;No;No;Recuperación;2018;RCD N°026 -2018-OEFA/CD;;
38198;1829;210601;Puno;Huancané;Huancané;20185896723;MUNICIPALIDAD PROVINCIAL DE HUANCANE;UF0013381;Botadero Chuquiaguillo;19;414561.0;8325653.0;190.736341;1910.4219;0.191042;Municipalidad provincial de Huancané;8;No;No;No;No;No;No;No;No;No;No;Recuperación;2021;RESOLUCION N° 00003-2021-OEFA/DSIS;;
38199;1830;210601;Puno;Huancané;Huancané;20185896723;MUNICIPALIDAD PROVINCIAL DE HUANCANE;UF0041363;Botadero Taurahuta;19;412303.0;8331432.0;275.08;4800;0.48;Municipalidad provincial de Huancané;10;No;No;No;No;No;No;No;No;No;No;Recuperación;2025;Resolución N° 00019-2025-OEFA/DSIS;;
38200;1831;210603;Puno;Huancané;Huatasani;20230529974;MUNICIPALIDAD DISTRITAL DE HUATASANI;UF0009758;Botadero Huaylli Cuyo;19;410066.0;8332837.0;157.697091;961.667543;0.096167;Municipalidad distrital de Huatasani;No Precisa;No;No;No;No;No;No;No;No;No;No;Recuperación;2018;RCD N°026 -2018-OEFA/CD;;
38201;1832;210604;Puno;Huancané;Inchupalla;20188576851;MUNICIPALIDAD INCHUPALLA;UF0009548;Botadero costado Parque Recreacional - Barrio Santa Cruz;19;426494.0;8340417.0;62.180867;224.452069;0.022445;Municipalidad distrital de Inchupalla;0.5;No;No;No;No;No;No;Si;No;No;No;Recuperación;2018;RCD N°026 -2018-OEFA/CD;;
38202;1833;210605;Puno;Huancané;Pusi;20161139646;MUNICIPALIDAD DISTRITAL DE PUSI;UF0010098;Botadero Pampilla;19;400729.0;8292401.0;52.169321;141.138419;0.014114;Municipalidad distrital de Pusi;No Precisa;No;Si;No;No;No;No;No;No;Si;No;Recuperación;2018;RCD N°026 -2018-OEFA/CD;;
38203;1834;210606;Puno;Huancané;Rosaspata;20181402921;MUNICIPALIDAD DISTRITAL DE ROSASPATA;UF0010435;Botadero salida a Juliaca;19;443403.0;8315792.0;126.593419;1035.193067;0.103519;Municipalidad distrital de Rosaspata;No Precisa;No;No;No;No;No;No;No;No;No;No;Recuperación;2018;RCD N°026 -2018-OEFA/CD;;
38204;1835;210607;Puno;huancané;Taraco;20176895684;MUNICIPALIDAD DISTRITAL TARACO;UF0013375;Botadero Taraco;19;395719.0;8308599.0;184;958;0.0958;Municipalidad distrital de Taraco;0.35;No;No;No;No;No;No;No;No;No;No;Recuperación;2022;Resolución N.° 00054-2022-OEFA/DSIS;;
38205;1836;210607;Puno;Huancané;Taraco;20176895684;MUNICIPALIDAD DISTRITAL TARACO;UF0009701;Botadero en zona urbana barrio Pentecostes;19;394895.0;8308035.0;114.524277;646.977402;0.064698;Municipalidad distrital de Taraco;No Precisa;No;No;Si;No;No;No;No;No;No;No;Recuperación;2018;RCD N°026 -2018-OEFA/CD;;
38206;1837;210608;Puno;Huancané;Vilque Chico;20161266753;MUNICIPALIDAD DISTRITAL DE VILQUECHICO;UF0009425;Botadero Carretera Vilquechico - Huancarani;19;425638.0;8317796.0;68.456751;371.978891;0.037198;Municipalidad distrital de Vilque Chico;0.05;No;No;Si;Si;No;No;No;No;No;No;Recuperación;2018;RCD N°026 -2018-OEFA/CD;;
38207;1838;210702;Puno;Lampa;Cabanilla;20204082511;MUNICIPALIDAD DISTRITAL DE CABANILLA;UF0009527;Botadero Cojje Pata;19;355525.0;8273803.0;113.789355;802.8884;0.080289;Municipalidad distrital de Cabanilla;No Precisa;No;No;No;No;No;No;No;No;No;No;Recuperación;2018;RCD N°026 -2018-OEFA/CD;;
38208;1839;210703;Puno;Lampa;Calapuja;20181430380;MUNICIPALIDAD DISTRITAL DE CALAPUJA;UF0009879;Botadero Mayupunta;19;368715.0;8306936.0;83.309962;420.127653;0.042013;Municipalidad distrital de Calapuja;No Precisa;No;No;No;No;No;No;No;No;No;No;Recuperación;2018;RCD N°026 -2018-OEFA/CD;;
38209;1840;210701;Puno;Lampa;Lampa;20165563515;MUNICIPALIDAD PROVINCIAL DE LAMPA;UF0009399;Botadero Campo Ferial;19;352836.0;8301491.0;214.858059;2383.707441;0.238371;Municipalidad provincial de Lampa;No Precisa;No;No;No;No;No;No;No;No;No;No;Recuperación;2018;RCD N°026 -2018-OEFA/CD;;
38210;1841;210704;Puno;Lampa;Nicasio;20200468725;MUNICIPALIDAD DISTRITAL DE NICASIO;UF0010580;Botadero Sector Fernando Belón;19;365116.0;8315338.0;120.117902;704.962231;0.070496;Municipalidad distrital de Nicasio;No Precisa;No;No;Si;No;No;No;No;No;No;No;Recuperación;2018;RCD N°026 -2018-OEFA/CD;;
38211;1842;210705;Puno;Lampa;Ocuviri;20146326031;MUNICIPALIDAD DISTRITAL OCUVIRI;UF0010151;Botadero Pucachupa - Cutipampa;19;298369.0;8328843.0;248.905247;2841.137701;0.284114;Municipalidad distrital de Ocuviri;0.499;No;No;No;No;No;No;No;No;No;No;Recuperación;2018;RCD N°026 -2018-OEFA/CD;;
38212;1843;210705;Puno;Lampa;Ocuviri;20146326031;MUNICIPALIDAD DISTRITAL OCUVIRI;UF0009568;Botadero Cutipampa;19;297715.0;8334121.0;851.420227;50686.766505;5.068677;Municipalidad distrital de Ocuviri;0.499;Si;No;No;Si;No;No;No;No;No;No;Reconversión;2018;RCD N°026 -2018-OEFA/CD;;
38213;1844;210706;Puno;Lampa;Palca;20205935470;MUNICIPALIDAD DISTRITAL DE PALCA;UF0009400;Botadero Campo Ferial de Palca;19;328982.0;8314940.0;61.881667;214.036162;0.021404;Municipalidad distrital de Palca;0.02;No;No;No;No;No;No;No;No;No;No;Recuperación;2018;RCD N°026 -2018-OEFA/CD;;
38214;1845;210707;Puno;Lampa;Paratia;20194180226;MUNICIPALIDAD DISTRITAL DE PARATIA;UF0010459;Botadero Santa Lomani;19;327924.0;8289235.0;135.823326;1244.746643;0.124475;Municipalidad distrital de Paratia;0.03;No;No;No;No;No;No;No;No;No;No;Recuperación;2018;RCD N°026 -2018-OEFA/CD;;
38215;1846;210708;Puno;Lampa;Pucara;20198827054;MUNICIPALIDAD DISTRITAL DE PUCARA;UF0009537;Botadero Comunidad Senccata;19;351600.0;8338039.0;384.354731;6763.932141;0.676393;Municipalidad distrital de Pucara;1.13;No;No;No;No;No;No;No;No;No;No;Recuperación;2018;RCD N°026 -2018-OEFA/CD;;
38216;1847;210709;Puno;Lampa;Santa Lucia;20165564759;MUNICIPALIDAD DISTRITAL DE SANTA LUCIA;UF0010388;Botadero S/N;19;329124.0;8264929.0;259.222553;4174.228614;0.417423;Municipalidad distrital de Santa Lucia;2;No;No;Si;No;No;No;No;No;No;No;Recuperación;2018;RCD N°026 -2018-OEFA/CD;;
38217;1848;210710;Puno;Lampa;Vilavila;20190391613;MUNICIPALIDAD DISTRITAL DE VILAVILA;UF0010414;Botadero S/N;19;321319.0;8320351.0;166.51;1200;0.12;Municipalidad distrital de Vilavila;0.07;No;No;Si;No;No;No;No;No;No;No;Recuperación;2018;RCD N°026 -2018-OEFA/CD;Resolución N.° 00008-2025-OEFA/DSIS;
38218;1849;210801;Puno;Melgar;Ayaviri;20145614121;MUNICIPALIDAD PROV. DE MELGAR;UF0010461;Botadero Santa Rita;19;330071.0;8351878.0;241.383633;3604.400971;0.36044;Municipalidad provincial de Melgar;No Precisa;No;No;No;No;No;No;No;No;No;No;Recuperación;2018;RCD N°026 -2018-OEFA/CD;;
38219;1850;210803;Puno;Melgar;Cupi;20169039225;MUNICIPALIDAD DISTRITAL DE CUPI;UF0010877;Botadero Zona Estadio;19;299724.0;8351532.0;154.765659;1446.364192;0.144636;Municipalidad distrital de Cupi;0.015;No;No;No;No;No;No;No;No;No;No;Recuperación;2018;RCD N°026 -2018-OEFA/CD;;
38220;1851;210804;Puno;Melgar;Llalli;20224101644;MUNICIPALIDAD DISTRITAL DE LLALLI;UF0010855;Botadero Waitawacho;19;296187.0;8344850.0;256.570614;3378.348082;0.337835;Municipalidad distrital de Llalli;0.4285;No;No;No;No;No;No;No;No;No;No;Recuperación;2018;RCD N°026 -2018-OEFA/CD;;
38221;1852;210805;Puno;Melgar;Macari;20156602524;MUNICIPAL DISTRITAL DE MACARI;UF0009550;Botadero Cruz Ajja;19;296096.0;8364896.0;249.171559;4313.615553;0.431362;Municipalidad distrital de Macari;6;No;No;No;No;Si;No;No;No;No;No;Recuperación;2018;RCD N°026 -2018-OEFA/CD;;
38222;1853;210806;Puno;Melgar;Nuñoa;20230612014;MUNICIPALIDAD DISTRITAL DE NUÑOA;UF0009381;Botadero C.C. Orccorara Pampa;19;324716.0;8396166.0;429.838179;10411.977949;1.041198;Municipalidad distrital de Ñuñoa;2;No;No;No;No;Si;No;No;No;No;No;Recuperación;2018;RCD N°026 -2018-OEFA/CD;;
38223;1854;210806;Puno;Melgar;Nuñoa;20230612014;MUNICIPALIDAD DISTRITAL DE NUÑOA;UF0040018;Botadero C.C. Juan Velasco Alvarado;19;326536.0;8399114.0;159.11;1365;0.13652;Municipalidad distrital de Nuñoa;1.15;No;Si;No;No;No;No;No;No;No;No;Recuperación;2025;RESOLUCIÓN N° 00013-2025-OEFA/DSIS;;
38224;1855;210807;Puno;Melgar;Orurillo;20180559885;MUNICIPALIDAD DISTRITAL DE ORURILLO;UF0010047;Botadero Muromuro;19;343715.0;8374604.0;63.564026;217.695606;0.02177;Municipalidad distrital de Orurillo;0.18;No;No;No;No;No;No;No;No;No;No;Recuperación;2018;RCD N°026 -2018-OEFA/CD;;
38225;1856;210808;Puno;Melgar;Santa Rosa;20169037958;MUNICIPALIDAD DISTRITAL DE SANTA ROSA;UF0010755;Botadero Tambopata;19;304725.0;8384844.0;157.963053;1207.295939;0.12073;Municipalidad distrital de Santa Rosa;0.07;No;No;No;No;No;No;No;No;No;No;Recuperación;2018;RCD N°026 -2018-OEFA/CD;;
38226;1857;210809;Puno;Melgar;Umachiri;20222370982;MUNICIPALIDAD DISTRITAL DE UMACHIRI;UF0009385;Botadero C.C. Umachiri – Sur Paylla;19;312252.0;8357933.0;246.516486;3820.171937;0.382017;Municipalidad distrital de Umachiri;0.043;No;No;No;No;No;No;No;No;No;No;Recuperación;2018;RCD N°026 -2018-OEFA/CD;;
38227;1858;210801;Puno;Melgar ;Ayaviri;20145614121;MUNICIPALIDAD PROV. DE MELGAR;UF0018169;Botadero Huerta Viluyo;19;334457.54;8352896.0;167.63;1900;0.19;Municipalidad provincial de Melgar;14;No;No;No;No;No;No;No;No;No;No;Recuperación;2022;Resolución N.° 00018-2022-OEFA/DSIS;;
38228;1859;210902;Puno;Moho;Conima;20215043861;MUNICIPALIDAD DISTRITAL DE CONIMA;UF0010770;Botadero Toccarcani Queuta;19;452813.0;8291631.0;60.993571;188.079958;0.018808;Municipalidad distrital de Conima;No Precisa;No;No;No;No;No;No;No;No;No;No;Recuperación;2018;RCD N°026 -2018-OEFA/CD;;
38229;1860;210903;Puno;Moho;Huayrapata;20198823903;MUNICIPALIDAD DISTRITAL DE HUAYRAPATA;UF0010165;Botadero Pulvani Pampa;19;467144.0;8304285.0;89.851995;510.741059;0.051074;Municipalidad distrital de Huayrapata;0.04;No;No;No;No;No;No;Si;No;No;No;Recuperación;2018;RCD N°026 -2018-OEFA/CD;;
38230;1861;210903;Puno;Moho;Huayrapata;20198823903;MUNICIPALIDAD DISTRITAL DE HUAYRAPATA;UF0039507;Botadero Tajos de Vilakarka;19;464688.0;8302451.0;50;100;0.01;Municipalidad distrital de Huayrapata;0.05;No;No;Si;No;No;No;No;No;No;No;Recuperación;2025;Resolución N° 00008-2025-OEFA/DSIS;;
38231;1862;210901;Puno;Moho;Moho;20199932561;MUNICIPALIDAD PROVINCIAL DE MOHO;UF0010850;Botadero Viluyo Punco;19;444790.0;8304504.0;179.466823;1958.488931;0.195849;Municipalidad provincial de Moho;1;No;No;Si;Si;Si;No;No;No;No;No;Recuperación;2018;RCD N°026 -2018-OEFA/CD;;
38232;1863;210904;Puno;Moho;Tilali;20218691987;MUNICIPALIDAD DISTRITAL DE TILALI;UF0009551;Botadero Cruz Cunca;19;464512.0;8282779.0;88.709162;549.013428;0.054901;Municipalidad distrital de Tilali;0.03;No;No;No;No;Si;No;No;No;No;No;Recuperación;2018;RCD N°026 -2018-OEFA/CD;;
38233;1864;210904;Puno;Moho;Tilali;20218691987;MUNICIPALIDAD DISTRITAL DE TILALI;UF0036244;Botadero Sejchote;19;462451.7;8284182.98;60;200;0.02;Municipalidad distrital de Tilali;No Precisa;No;Si;Si;No;No;No;No;No;No;No;Recuperación;2023;Resolución N.° 00031-2023-OEFA/DSIS;;
38234;1865;210102;Puno;Puno;Acora;20169031674;MUNICIPALIDAD DISTRITAL DE ACORA;UF0010866;Botadero Yanamuni Apacheta;19;413309.0;8230436.0;573.695557;19018.167533;1.901817;Municipalidad distrital de Acora;14;No;No;Si;No;No;No;No;No;No;No;Recuperación;2018;RCD N°026 -2018-OEFA/CD;;
38235;1866;210103;Puno;Puno;Amantani;20165192436;MUNICIPALIDAD DISTRITAL DE AMANTANI;UF0009363;Botadero Ayllaris;19;424434.0;8269448.0;84.405982;477.513704;0.047751;Municipalidad distrital de Amantani;0.1;No;No;No;No;No;No;No;No;Si;No;Recuperación;2018;RCD N°026 -2018-OEFA/CD;;
38236;1867;210104;Puno;Puno;Atuncolla;20161255638;MUNICIPALIDAD DISTRITAL DE ATUNCOLLA;UF0009704;Botadero Estadio;19;377719.0;8265723.0;135.518979;1208.333263;0.120833;Municipalidad distrital de Atuncolla;0.08;No;No;No;No;No;No;No;No;No;No;Recuperación;2018;RCD N°026 -2018-OEFA/CD;;
38237;1868;210105;Puno;Puno;Capachica;20192140448;MUNICIPALIDAD DISTRITAL DE CAPACHICA;UF0009747;Botadero Huarejon;19;410448.0;8270645.0;202.312238;2666.847784;0.266685;Municipalidad distrital de Capachica;2.5;No;No;Si;No;No;No;No;No;Si;No;Recuperación;2018;RCD N°026 -2018-OEFA/CD;;
38238;1869;210106;Puno;Puno;Chucuito;20203056223;MUNICIPALIDAD DISTRITAL DE CHUCUITO;UF0009850;Botadero Luricruz;19;404603.0;8243134.0;388.828737;8115.586746;0.811559;Municipalidad distrital de Chucuito;No Precisa;No;No;Si;No;No;No;No;No;No;No;Recuperación;2018;RCD N°026 -2018-OEFA/CD;;
38239;1870;210105;Puno;Puno;Coata;20221107307;MUNICIPALIDAD DISTRITAL DE COATA;UF0010180;Botadero Qarapampa;19;397858.0;8278165.0;186.579433;2012.431415;0.201243;Municipalidad distrital de Coata;No Precisa;No;No;No;No;Si;No;No;No;Si;No;Recuperación;2018;RCD N°026 -2018-OEFA/CD;;
38240;1871;210108;Puno;Puno;Huata;20172856960;MUNICIPALIDAD DISTRITAL DE HUATA;UF0009478;Botadero Cerro Kapise;19;395759.0;8274447.0;560.575879;18430.983009;1.843098;Municipalidad distrital de Huata;0.4;No;No;No;No;Si;No;No;No;No;No;Recuperación;2018;RCD N°026 -2018-OEFA/CD;;
38241;1872;210109;Puno;Puno;Mañazo;20165192355;MUNICIPALIDAD DISTRITAL DE MANAZO;UF0009720;Botadero Hatun Mayu;19;354223.0;8253733.0;102.687102;566.076721;0.056608;Municipalidad distrital de Mañazo;0.25;No;No;Si;No;No;No;No;No;No;No;Recuperación;2018;RCD N°026 -2018-OEFA/CD;;
38242;1873;210110;Puno;Puno;Paucarcolla;20198821951;MUNICIPALIDAD DISTRITAL DE PAUCARCOLLA;UF0010742;Botadero Sipi Sipi;19;384971.0;8259823.0;158;1500;0.15;Municipalidad distrital de Paucarcolla;0.47;No;No;No;No;Si;No;No;No;No;No;Recuperación;2018;RCD N°026 -2018-OEFA/CD;Resolución N.° 00028-2025-OEFA/DSIS;
38243;1874;210111;Puno;Puno;Pichacani;20169024112;MUNICIPALIDAD DISTRITAL DE PICHACANI LARAQUERI;UF0009435;Botadero Catacorani;19;387035.0;8213567.0;167.648364;1849.817985;0.184982;Municipalidad distrital de Pichacani;No Precisa;No;No;No;No;Si;No;No;No;No;No;Recuperación;2018;RCD N°026 -2018-OEFA/CD;;
38244;1875;210112;Puno;Puno;Plateria;20207208834;MUNICIPALIDAD DISTRITAL DE PLATERIA;UF0009458;Botadero Cementerio;19;410526.0;8236605.0;155.293124;1215.512961;0.121551;Municipalidad distrital de Plateria;No Precisa;No;No;No;No;Si;No;No;No;No;No;Recuperación;2018;RCD N°026 -2018-OEFA/CD;;
38245;1876;210101;Puno;Puno;Puno;20146247084;MUNICIPALIDAD PROVINCIAL DE PUNO;UF0009402;Botadero Cancharani;19;389900.0;8242678.0;893.458743;50020.038987;5.002004;Municipalidad provincial de Puno;100;Si;No;Si;Si;Si;No;No;No;No;No;Recuperación;2018;RCD N°026 -2018-OEFA/CD;;Resolución N° 007-2022-MPP/GGIRS BHCA
38246;1877;210113;Puno;Puno;San Antonio;20165191383;MUNICIPALIDAD DISTRITAL SAN ANTONIO;UF0010796;Botadero ubicado a 0.5 Km de la población de San Antonio;19;355965.0;8215212.0;34.945335;87.006932;0.008701;Municipalidad distrital de San Antonio;No Precisa;No;No;No;No;No;No;No;No;No;No;Recuperación;2018;RCD N°026 -2018-OEFA/CD;;
38247;1878;210113;Puno;Puno;San Antonio;20165191383;MUNICIPALIDAD DISTRITAL SAN ANTONIO;UF0039508;Botadero Jukunipata;19;355940.0;8215892.0;78;360;0.036;Municipalidad distrital de San Antonio;0.11;No;No;No;No;No;No;No;No;No;No;Recuperación;2025;Resolución N° 00008-2025-OEFA/DSIS;;
38248;1879;210114;Puno;Puno;Tiquillaca;20212440583;MUNICIPALIDAD DISTRITAL DE TIQUILLACA;UF0009378;Botadero C.C. Arboleda;19;373692.0;8253436.0;398.135419;8109.025146;0.810903;Municipalidad distrital de Tiquillaca;0.25;Si;No;No;No;No;No;No;No;No;No;Recuperación;2018;RCD N°026 -2018-OEFA/CD;;
38249;1880;210115;Puno;Puno;Vilque;20198473147;MUNICIPALIDAD DISTRITAL DE VILQUE;UF0009499;Botadero Chejollani;19;363649.0;8256089.0;706.806876;24166.230607;2.416623;Municipalidad distrital de Vilque;0.35;No;No;No;No;No;No;No;No;No;No;Recuperación;2018;RCD N°026 -2018-OEFA/CD;;
38250;1881;211002;Puno;San Antonio de Putina;Ananea;20162185617;MUNICIPALIDAD DISTRITAL DE ANANEA;UF0010097;Botadero Pampilla;19;438034.0;8377754.0;154.892427;1551.343335;0.155134;Municipalidad distrital de Ananea;6;No;No;Si;No;Si;No;No;No;No;No;Recuperación;2018;RCD N°026 -2018-OEFA/CD;;
38251;1882;211003;Puno;San Antonio de Putina;Pedro Vilca Apaza;20195320463;MUNICIPALIDAD DISTRITAL PEDRO VILCA APAZA;UF0009393;Botadero Cala Cala;19;400946.0;8339445.0;239.492683;3361.214531;0.336121;Municipalidad distrital de Pedro Vilca Apaza;No Precisa;No;No;No;No;No;No;No;No;No;No;Recuperación;2018;RCD N°026 -2018-OEFA/CD;;
38252;1883;211001;Puno;San Antonio de Putina;Putina;20145705780;MUNICIPALIDAD PROVINCIAL SAN ANTONIO PUT;UF0010124;Botadero Parque Pino;19;407925.0;8349444.0;456.770025;10508.193886;1.050819;Municipalidad provincial de San Antonio de Putina;7.5;No;No;No;No;Si;No;No;No;No;No;Recuperación;2018;RCD N°026 -2018-OEFA/CD;;
38253;1884;211001;Puno;San Antonio de Putina;Putina;20195320111;MUNICIPALIDAD DISTRITAL DE QUILCAPUNCU;UF0010763;Botadero Ticani;19;420899.0;8354562.0;345.90132;5179.06482;0.517906;Municipalidad distrital de Quilcapuncu;0.1;No;No;No;No;No;No;No;No;No;No;Recuperación;2018;RCD N°026 -2018-OEFA/CD;;
38254;1885;211005;Puno;San Antonio de Putina;Sina;20195320382;MUNICIPALIDAD DISTRITAL DE SINA;UF0009552;Botadero Cruz Mayo;19;469946.0;8398729.0;135.420569;1459.349804;0.145935;Municipalidad distrital de Sina;No Precisa;No;No;No;No;Si;No;No;No;No;No;Recuperación;2018;RCD N°026 -2018-OEFA/CD;;
38255;1886;211102;Puno;San Román;Cabana;20165571704;MUNICIPALIDAD DISTRITAL DE CABANA;UF0009306;Botadero Accohuisina;19;359019.0;8270324.0;193.826909;2279.512016;0.227951;Municipalidad distrital de Cabana;0.04;No;No;No;Si;Si;No;No;No;No;No;Recuperación;2018;RCD N°026 -2018-OEFA/CD;;
38256;1887;211103;Puno;San Román;Cabanillas;20205942921;MUNICIPALIDAD DISTRITAL DE CABANILLAS;UF0009790;Botadero Jorge Chupa;19;354481.0;8269688.0;198.747047;2029.938482;0.202994;Municipalidad distrital de Cabanillas;1.22;No;No;No;No;No;No;No;No;No;No;Recuperación;2018;RCD N°026 -2018-OEFA/CD;;
38257;1888;211104;Puno;San Román;Caracoto;20172870873;MUNICIPALIDAD DISTRITAL DE CARACOTO;UF0010811;Botadero ubicado en la cantera de Cemento Sur;19;381594.0;8278571.0;65.433948;256.472002;0.025647;Municipalidad distrital de Caracoto;0.02;No;No;No;No;No;No;No;No;No;No;Recuperación;2018;RCD N°026 -2018-OEFA/CD;;
38258;1889;211104;Puno;San Román;Caracoto;20172870873;MUNICIPALIDAD DISTRITAL DE CARACOTO;UF0035350;Botadero Chuncanique;19;381389.57;8278445.3;53805;15000;1.5;Municipalidad Distrital de Caracoto;0.5;No;No;No;No;No;No;No;No;No;No;Recuperación;2022;Resolución N.° 00067-2022-OEFA/DSIS;;
38259;1890;211101;Puno;San Román;Juliaca;20165195290;MUNICIP PROVINCIAL DE SAN ROMAN JULIACA;UF0009587;Botadero de Chilla;19;381792.0;8286402.0;1611.105226;107383.024091;10.738302;Municipalidad provincial de San Román;240;Si;No;Si;Si;Si;No;No;No;No;No;Recuperación;2018;RCD N°026 -2018-OEFA/CD;;
38260;1891;211105;Puno;San Román;San Miguel;20165195290;MUNICIP PROVINCIAL DE SAN ROMAN JULIACA;UF0013330;Botadero de Mucra;19;377609.0;8295979.0;477.872686;13303.826735;1.330383;Municipalidad provincial de San Román;0;No;Si;Si;No;No;No;No;No;No;No;Recuperación;2021;RESOLUCION N° 00003-2021-OEFA/DSIS;;
38261;1892;211209;Puno;Sandia;Alto Inambari;20321809813;MUNICIPALIDAD DISTRITAL DE ALTO INAMBARI;UF0009673;Botadero Dos de Mayo;19;474406.0;8442440.0;56.844097;207.087948;0.020709;Municipalidad distrital de Alto Inambari;No Precisa;No;No;No;No;No;No;No;No;No;No;Recuperación;2018;RCD N°026 -2018-OEFA/CD;;
38262;1893;211202;Puno;Sandia;Cuyocuyo;20158936306;MUNICIPALIDAD DISTRITAL CUYOCUYO;UF0009379;Botadero C.C. Cojene Rotojani;19;440998.0;8396445.0;138.11;1200;0.12;Municipalidad distrital de Cuyocuyo;0;No;No;No;No;No;No;No;No;No;No;Recuperación;2018;RCD N°026 -2018-OEFA/CD;;
38263;1894;211203;Puno;Sandia;Limbani;20202190503;MUNICIPALIDAD DISTRITAL DE LIMBANI;UF0009787;Botadero Jatun Huyco;19;426567.0;8437713.0;146.748024;1401.895805;0.14019;Municipalidad distrital de Limbani;1.25;No;No;No;No;Si;No;No;No;No;No;Recuperación;2018;RCD N°026 -2018-OEFA/CD;;
38264;1895;211204;Puno;Sandia;Patambuco;20191718683;MUNICIPALIDAD DISTRITAL DE PATAMBUCO;UF0010048;Botadero Muruayahuasi;19;432507.0;8412214.0;140.323952;1210.814535;0.121081;Municipalidad distrital de Patambuco;0.0043;No;No;Si;No;Si;No;No;No;No;No;Recuperación;2018;RCD N°026 -2018-OEFA/CD;;
38265;1896;211205;Puno;Sandia;Phara;20175219421;MUNICIPALIDAD DISTRITAL DE PHARA;UF0009793;Botadero Khani;19;427546.0;8437811.0;149.558023;795.514523;0.079551;Municipalidad distrital de Phara;0.143;No;No;No;No;Si;No;No;No;No;No;Recuperación;2018;RCD N°026 -2018-OEFA/CD;;
38266;1897;211206;Puno;Sandia;Quiaca;20181429535;MUNICIPALIDAD DISTRITAL DE QUIACA;UF0009419;Botadero Carretera a Sandia - Ccapumpuli;19;462066.0;8405126.0;76.859404;285.384144;0.028538;Municipalidad distrital de Quiaca;0.043;No;No;Si;No;Si;No;No;No;No;No;Recuperación;2018;RCD N°026 -2018-OEFA/CD;;
38267;1898;211207;Puno;Sandia;San Juan del Oro;20188065849;MUNICIPALIDAD DIST DE SAN JUAN DEL ORO;UF0009489;Botadero Challochuma;19;484141.0;8428311.0;112.084556;808.350298;0.080835;Distrito de San Juan de Oro;No Precisa;No;No;No;No;No;No;No;No;No;No;Recuperación;2018;RCD N°026 -2018-OEFA/CD;;
38268;1899;211207;Puno;Sandia;San Juan del Oro;20188065849;MUNICIPALIDAD DIST DE SAN JUAN DEL ORO;UF0010188;Botadero Quebrada Belén;19;483081.0;8427410.0;165.902155;1902.569791;0.190257;Municipalidad distrital de San Juan del Oro;0;No;No;No;No;No;No;No;No;No;No;Recuperación;2018;RCD N°026 -2018-OEFA/CD;;
38269;1900;211207;Puno;Sandia;San Juan del Oro;20188065849;MUNICIPALIDAD DIST DE SAN JUAN DEL ORO;UF0038321;Botadero Campo Santo;19;482901.0;8427267.0;294;2700;0.27;Municipalidad distrital de San Juan de Oro;0.3;No;No;No;No;No;No;No;No;No;No;Recuperación;2024;Resolución N.° 00052-2024-OEFA/DSIS;;
38270;1901;211210;Puno;Sandia;San Pedro de Putina Punco;20447601690;MUNICIPALIDAD DISTRITAL SAN PEDRO DE PUTINA PUNCO;UF0009366;Botadero Bajo Tunquimayo;19;495585.0;8439957.0;288.393682;2201.043063;0.220104;Municipalidad distrital de San Pedro de Putinapunco;No Precisa;No;No;Si;No;Si;No;No;No;Si;No;Recuperación;2018;RCD N°026 -2018-OEFA/CD;;
38271;1902;211201;Puno;Sandia;Sandia;20192145831;MUNICIPALIDAD PROVINCIAL DE SANDIA;UF0009825;Botadero Laqueque Llamani - Repisa;19;448566.0;8408137.0;216.828772;3011.168281;0.301117;Municipalidad provincial de Sandia;3.6;No;No;No;No;Si;No;No;No;No;No;Recuperación;2018;RCD N°026 -2018-OEFA/CD;;
38272;1903;211201;Puno;Sandia;Sandia;20192145831;MUNICIPALIDAD PROVINCIAL DE SANDIA;UF0018181;Botadero Ccapuna-Ayo;19;448763.27;8408400.71;217.14;3100;0.31;Municipalidad Provincial de Sandia;3;Si;No;No;No;No;No;No;No;No;No;Recuperación;2022;Resolución N.° 00018-2022-OEFA/DSIS;;
38273;1904;211208;Puno;Sandia;Yanahuaya;20191592990;MUNICIPALIDAD DISTRITAL YANAHUAYA;UF0009558;Botadero Cruzpata;19;482075.0;8425045.0;426.8;3700;0.37;Municipalidad distrital de Yanahuaya;1;No;No;Si;No;No;No;No;No;No;No;Recuperación;2018;RCD N°026 -2018-OEFA/CD;Resolución N.° 00008-2025-OEFA/DSIS;
38274;1905;211302;Puno;Yunguyo;Anapia;20208122739;MUNICIPALIDAD DISTRITAL DE ANAPIA;UF0010182;Botadero Qqeli Patja;19;515382.0;8197744.0;289.790799;4253.94183;0.425394;Municipalidad distrital de Anapia;0.038;No;No;No;No;No;No;No;No;No;No;Recuperación;2018;RCD N°026 -2018-OEFA/CD;;
38275;1906;211303;Puno;Yunguyo;Copani;20161250911;MUNICIPALIDAD DISTRITAL DE COPANI;UF0009438;Botadero Ccala Quellamaya;19;495470.0;8187830.0;273.413339;3274.982958;0.327498;Municipalidad distrital de Copani;0.03;No;No;No;Si;No;No;No;No;No;No;Recuperación;2018;RCD N°026 -2018-OEFA/CD;;
38276;1907;211304;Puno;Yunguyo;Cuturapi;20207367550;MUNICIPALIDAD DISTRITAL DE CUTURAPI;UF0010828;Botadero ubicado en Ocolloni Whinto;19;481709.0;8201260.0;111.033128;706.892023;0.070689;Municipalidad distrital de Cuturapi;0.04;No;No;No;No;No;No;No;No;No;No;Recuperación;2018;RCD N°026 -2018-OEFA/CD;;
38277;1908;211305;Puno;Yunguyo;Ollaraya;20198822842;MUNICIPALIDAD DISTRITAL OLLARAYA;UF0010849;Botadero Vilurcuni;19;501663.0;8203178.0;245.805278;3575.771965;0.357577;Municipalidad distrital de Ollaraya;No Precisa;No;No;No;No;No;No;No;No;No;No;Recuperación;2018;RCD N°026 -2018-OEFA/CD;;
38278;1909;211307;Puno;Yunguyo;Unicachi;20204085022;MUNICIPALIDAD DISTRITAL DE UNICACHI;UF0010168;Botadero Punta Hermosa;19;504110.0;8206012.0;196.224298;1778.516518;0.177852;Municipalidad distrital de Unicachi;0.035;No;No;No;Si;Si;No;No;No;No;No;Recuperación;2018;RCD N°026 -2018-OEFA/CD;;
38279;1910;211301;Puno;Yunguyo;Yunguyo;20192146641;MUNICIPALIDAD PROVINCIAL DE YUNGUYO;UF0010837;Botadero Unumani;19;488044.0;8202183.0;835.236059;28981.320216;2.898132;Municipalidad provincial de Yunguyo, Municipalidad distrital de Tinicachi;No Precisa;No;No;No;No;No;No;No;No;No;No;Recuperación;2018;RCD N°026 -2018-OEFA/CD;;
38280;1911;220202;San Martín;Bellavista;Alto Biavo;20199960939;MUNICIPALIDAD DISTRITAL DE ALTO BIAVO;UF0009902;Botadero Municipal;18;337509.0;9199779.0;591.932113;9024.79381;0.902479;Muncipalidad distrital de Alto Biavo;86;No;No;No;Si;No;No;No;No;Si;No;Recuperación;2018;RCD N°026 -2018-OEFA/CD;;
38281;1912;220203;San Martín;Bellavista;Bajo Biavo;20531290306;MUNICIPALIDAD DISTRITAL BAJO BIAVO;UF0009405;Botadero Cantera;18;336733.0;9212825.0;446.798328;13369.926587;1.336993;Municipalidad distrital de Bajo Biavo;No Precisa;No;No;No;No;No;No;No;No;Si;No;Recuperación;2018;RCD N°026 -2018-OEFA/CD;;
38282;1913;220203;San Martín;Bellavista;Bajo Biavo;20531290306;MUNICIPALIDAD DISTRITAL BAJO BIAVO;UF0009905;Botadero Municipal;18;337509.0;9207628.0;97.816286;572.006057;0.057201;Municipalidad distrital de Bajo Biavo;No Precisa;No;No;No;No;No;No;No;No;Si;No;Recuperación;2018;RCD N°026 -2018-OEFA/CD;;
38283;1914;220201;San Martín;Bellavista;Bellavista;20175467671;MUNICIPALIDAD PROV. BELLAVISTA;UF0010012;Botadero Municipal - Carretera San Pablo;18;324947.0;9222839.0;519.871701;15952.72244;1.595272;Municipalidad distrital de San Rafael, Municipalidad provincial de Bellavista;29;No;No;Si;Si;No;No;No;No;No;No;Recuperación;2018;RCD N°026 -2018-OEFA/CD;;
38284;1915;220204;San Martín;Bellavista;Huallaga;20488900758;MUNICIPALIDAD DISTRITAL DE HUALLAGA;UF0010739;Botadero Shinguillo Bajo;18;320494.0;9210647.0;105.420159;555.026252;0.055503;Municipalidad distrital de Huallaga;1;No;No;No;No;No;No;No;No;Si;No;Recuperación;2018;RCD N°026 -2018-OEFA/CD;;
38285;1916;220205;San Martín;Bellavista;San Pablo;20193188851;MUNICIPALIDAD DISTRITAL DE SAN PABLO;UF0009970;Botadero Municipal;18;323829.0;9245195.0;279.015071;4906.317273;0.490632;Municipalidad distrital de San Pablo;4.39;No;No;No;Si;No;No;No;No;No;No;Recuperación;2018;RCD N°026 -2018-OEFA/CD;;
38286;1917;220201;San Martín;Bellavista;San Rafael;20531377924;MUNICIPALIDAD DISTRITAL DE SAN RAFAEL;UF0036043;Botadero Municipal San Rafael;18;329075.0;9226987.0;1092;31000;3.1;Municipalidad distrital de San Rafael;5;No;No;Si;No;No;No;No;No;No;No;Recuperación;2023;Resolución N.° 00020-2023-OEFA/DSIS;Resolución N.° 00013-2025-OEFA/DSIS;
38287;1918;220302;San Martín;El Dorado;Agua Blanca;20154547097;MUNICIPALIDAD PROVINCIAL DE EL DORADO;UF0010869;Botadero Yanayacu;18;318236.0;9266337.0;374.046966;8979.903957;0.89799;Municipalidad provincial de El Dorado;6;No;No;No;Si;No;No;No;No;No;No;Recuperación;2018;RCD N°026 -2018-OEFA/CD;;R.A. N° 0115-2022-MPD/A
38288;1919;220302;San Martín;El Dorado;Agua Blanca;20191635630;MUNICIPALIDAD DISTRITAL DE AGUA BLANCA;UF0010450;Botadero San Martín;18;312794.0;9255874.0;114.605942;890.098832;0.08901;Municipalidad distrital de Agua Blanca;0.4;No;No;No;Si;Si;No;No;No;No;No;Recuperación;2018;RCD N°026 -2018-OEFA/CD;;
38289;1920;220303;San Martín;El Dorado;San Martín;20167987118;MUNICIPALIDAD DISTRITAL DE SAN MARTIN DE;UF0010171;Botadero Punto Rojo;18;309061.0;9279832.0;383.800801;8788.206759;0.878821;Municipalidad distrital de San Martín;1092;Si;No;No;No;No;No;No;No;No;No;Reconversión;2018;RCD N°026 -2018-OEFA/CD;;
38290;1921;220303;San Martín;El Dorado;San Martín;20207621952;MUNICIPALIDAD DISTRITAL DE SHATOJA;UF0010162;Botadero Punto Rojo;18;309059.0;9279723.0;308.683173;5547.918273;0.554792;Municipalidad distrital de Shatoja;0.142;No;No;No;No;No;No;No;No;No;No;Reconversión;2018;RCD N°026 -2018-OEFA/CD;;
38291;1922;220303;San Martín;El Dorado;San Martín;20167987118;MUNICIPALIDAD DISTRITAL DE SAN MARTIN DE;UF0012764;Botadero S/N;18;308791.0;9279101.0;234.144982;3415.869433;0.341587;Municipalidad distrital de San Martin;0;No;No;No;No;No;No;No;No;No;No;Recuperación;2021;RESOLUCION N° 00003-2021-OEFA/DSIS;;
38292;1923;220304;San Martín;El Dorado;Santa Rosa;20488951239;MUNICIPALIDAD DISTRITAL DE SANTA ROSA;UF0009973;Botadero Municipal;18;320671.0;9253844.0;61.074861;218.720212;0.021872;Municipalidad distrital de Santa Rosa;No Precisa;No;No;No;No;No;No;No;No;No;No;Recuperación;2018;RCD N°026 -2018-OEFA/CD;;
38293;1924;220305;San Martín;El Dorado;Shatoja;20207621952;MUNICIPALIDAD DISTRITAL DE SHATOJA;UF0009706;Botadero Ex Aeropuerto;18;309769.0;9277522.0;72.09572;332.996338;0.0333;Muncipalidad Distrital de Shatoja;0.57;No;No;No;Si;No;No;No;No;No;No;Recuperación;2018;RCD N°026 -2018-OEFA/CD;;
38294;1925;220403;San Martín;Huallaga;El Eslabón;20154546872;MUNICIPALIDAD PROVINCIAL DE HUALLAGA;UF0010001;Botadero Municipal;18;305853.0;9224835.0;388.897589;5642.931869;0.564293;Municipalidad provincial de Huallaga, Municipalidad distrital de Piscoyacu, Municipalidad distrital de Alto Saposoa;5.5;Si;No;No;Si;No;No;No;No;No;No;Recuperación;2018;RCD N°026 -2018-OEFA/CD;;
38295;1926;220403;San Martín;Huallaga;El Eslabón;20154550128;MUNICIPALIDAD DISTRITAL DE EL ESLABON;UF0009703;Botadero Eslabón;18;309925.0;9222637.0;165.809966;1724.616521;0.172462;Municipalidad distrital de El Eslabón;0.2;No;No;No;No;No;No;No;No;No;No;Recuperación;2018;RCD N°026 -2018-OEFA/CD;;
38296;1927;220405;San Martín;Huallaga;Sacanche;20203744545;MUNICIPALIDAD DISTRITAL DE SACANCHE;UF0010014;Botadero Municipal - Sector Situllal;18;311214.0;9218373.0;184.088012;1938.206733;0.193821;Municipalidad distrital de Sacanche;5;No;No;Si;No;No;No;No;No;No;No;Recuperación;2018;RCD N°026 -2018-OEFA/CD;;
38297;1928;220405;San Martín;Huallaga;Sacanche;20154550128;MUNICIPALIDAD DISTRITAL DE EL ESLABON;UF0009820;Botadero La Punta;18;309739.0;9221742.0;310.133046;3664.121968;0.366412;Municipalidad distrital de El Eslabón;5933;No;No;No;No;No;No;No;No;No;No;Recuperación;2018;RCD N°026 -2018-OEFA/CD;;
38298;1929;220502;San Martín;Lamas;Alonso de Alvarado;20193184279;MUNICIPALIDAD DISTRITAL DE ALONSO DE ALVARADO;UF0009901;Botadero Municipal;18;304848.0;9294272.0;275.585311;4939.020629;0.493902;Municipalidad distrital de Alonso de Alvarado;6.99;Si;No;No;No;No;No;No;No;No;No;Recuperación;2018;RCD N°026 -2018-OEFA/CD;;
38299;1930;220503;San Martín;Lamas;Barranquita;20489051291;MUNICIPALIDAD DISTRITAL DE BARRANQUITA;UF0009906;Botadero Municipal;18;384038.0;9309931.0;140.771609;957.422508;0.095742;Municipalidad distrital de Barranquita;No Precisa;No;No;No;No;No;No;No;No;No;No;Recuperación;2018;RCD N°026 -2018-OEFA/CD;;
38300;1931;220504;San Martín;Lamas;Caynarachi;20207621448;MUNICIPALIDAD DISTRITAL DE CAINARACHI;UF0009912;Botadero Municipal;18;360737.0;9309380.0;321;6000;0.6;Municipalidad distrital de Caynarachi;3.5;Si;No;No;No;No;No;No;No;No;No;Recuperación;2018;RCD N°026 -2018-OEFA/CD;Resolución N.° 00024-2025-OEFA/DSIS;
38301;1932;220505;San Martín;Lamas;Cuñumbuqui;20176714566;MUNICIPALIDAD DISTRITAL CUñUMBUQUI;UF0009920;Botadero Municipal;18;336338.0;9281659.0;281.069172;5298.661165;0.529866;Municipalidad distrital de Cuñumbuqui;1.53;Si;No;No;Si;No;No;No;No;No;No;Recuperación;2018;RCD N°026 -2018-OEFA/CD;;
38302;1933;220501;San Martín;Lamas;Lamas;20162983793;MUNICIPALIDAD PROVINCIAL DE LAMAS;UF0041840;Botadero de la Municipalidad provincial de Lamas;18;331704.0;9287123.0;394.8;9167;0.9167;Municipalidad provincial de Lamas;11.78;No;No;No;No;No;No;No;No;No;No;Recuperación;2025;Resolución N.° 00022-2025-OEFA/DSIS;;
38303;1934;220506;San Martín;Lamas;Pinto Recodo;20531202962;MUNICIPALIDAD DISTRTAL PINTO RECODO;UF0009958;Botadero Municipal;18;321414.0;9295972.0;101.245626;774.636056;0.077464;Municipalidad distrital de Pinto Recodo;No Precisa;No;No;No;No;No;No;No;No;No;No;Recuperación;2018;RCD N°026 -2018-OEFA/CD;;
38304;1935;220507;San Martín;Lamas;Rumisapa;20198867609;MUNICIPALIDAD DISTRITAL DE RUMISAPA;UF0010579;Botadero Sector Fananga;18;336960.0;9286174.0;212.163929;3017.44218;0.301744;Municipalidad distrital de Rumisapa;3;Si;No;Si;No;No;No;No;No;No;No;Recuperación;2018;RCD N°026 -2018-OEFA/CD;;
38305;1936;220508;San Martín;Lamas;San Roque de Cumbaza;20178685431;MUNICIP DISTRIT DE SAN ROQUE DE CUMBAZA;UF0009972;Botadero Municipal;18;341322.0;9293863.0;125.425798;1101.554506;0.110155;Municipalidad distrital de San Roque de Cumbaza;0.1;Si;No;No;No;No;No;No;No;No;No;Recuperación;2018;RCD N°026 -2018-OEFA/CD;;
38306;1937;220509;San Martín;Lamas;Shanao;20191025726;MUNICIPALIDAD DISTRITAL DE SHANAO;UF0010678;Botadero Sector Pucuca;18;324851.0;9291334.0;173.413254;1803.733184;0.180373;Municipalidad distrital de Shanao;6;Si;No;Si;No;No;No;No;No;No;No;Recuperación;2018;RCD N°026 -2018-OEFA/CD;;
38307;1938;220510;San Martín;Lamas;Tabalosos;20531292341;MUNICIPALIDAD DISTRITAL DE TABALOSOS;UF0009985;Botadero Municipal;18;318229.0;9294697.0;424;8000;0.8;Municipalidad distrital de Tabalosos;5.81;Si;No;No;No;No;No;No;No;No;No;Recuperación;2018;RCD N°026 -2018-OEFA/CD;Resolución N.° 87-2024-OEFA/DSIS;
38308;1939;220511;San Martín;Lamas;Zapatero;20201975361;MUNICIPALIDAD DISTRITAL DE ZAPATERO;UF0009995;Botadero Municipal;18;332542.0;9276534.0;86.536599;332.119542;0.033212;Municipalidad distrital de Zapatero;No Precisa;No;No;No;No;No;No;No;No;No;No;Recuperación;2018;RCD N°026 -2018-OEFA/CD;;
38309;1940;220602;San Martín;Mariscal Cáceres;Campanilla;20222291845;MUNICIPALIDAD DISTRITAL DE CAMPANILLA;UF0010605;Botadero Sector La Bola;18;314999.0;9173172.0;105.733479;608.146741;0.060815;Municipalidad distrital de Campanilla;0.57;No;No;No;No;No;No;No;No;Si;No;Recuperación;2018;RCD N°026 -2018-OEFA/CD;;
38310;1941;10609;San Martín;Mariscal Cáceres;Huicungo;20170145365;MUNICIPALIDAD DISTRITAL DE OMIA;UF0040209;Botadero La Unión;18;253190.0;9269857.0;500;13200;1.315;Municipalidad distrital de Omia;1;No;No;No;No;No;No;No;No;No;No;Recuperación;2025;RESOLUCIÓN N° 00016-2025-OEFA/DSIS;Resolución N.° 0017-2025-OEFA/DSIS;
38311;1942;220603;San Martín;Mariscal Cáceres;Huicungo;20178498160;MUNICIPALIDAD DISTRITAL DE HUICUNGO;UF0009926;Botadero Municipal;18;300349.0;9187949.0;124.465357;994.011414;0.099401;Municipalidad distrital de Huicungo;0.57;No;No;No;No;No;No;No;No;Si;No;Recuperación;2018;RCD N°026 -2018-OEFA/CD;;
38312;1943;220603;San Martín;Mariscal Cáceres;Huicungo;20178498160;MUNICIPALIDAD DISTRITAL DE HUICUNGO;UF0009927;Botadero Municipal;18;305707.0;9188962.0;298.447576;5660.423485;0.566042;Municipalidad distrital de Huicungo;1;No;No;No;No;No;No;No;No;Si;No;Reconversión;2018;RCD N°026 -2018-OEFA/CD;;
38313;1944;220601;San Martín;Mariscal Cáceres;Juanjuí;20178680049;MUNICIPALIDAD PROVINCIAL DE MARISCAL CACERES;UF0009684;Botadero El Naranjal;18;308681.0;9210418.0;969.875921;38652.105974;3.865211;Municipalidad provincial de Mariscal Cáceres;16;Si;No;Si;Si;Si;No;No;No;No;No;Recuperación;2018;RCD N°026 -2018-OEFA/CD;;
38314;1945;220601;San Martín;Mariscal Cáceres;Juanjuí;20178073151;MUNICIPALIDAD DISTRITAL TINGO DE SAPOSOA;UF0010734;Botadero Sector Zanja Onda;18;314563.0;9214180.0;150.772746;1532.645879;0.153265;Municipalidad distrital de Tingo de Saposoa;5;No;No;No;No;No;No;No;No;No;No;Recuperación;2018;RCD N°026 -2018-OEFA/CD;;
38315;1946;220604;San Martín;Mariscal Cáceres;Pachiza;20211559269;MUNICIPALIDAD DISTRITAL DE PACHIZA;UF0009955;Botadero Municipal;18;304939.0;9193810.0;153.576393;1565.024428;0.156502;Municipalidad distrital de Pachiza;1;No;No;No;No;No;No;No;No;Si;No;Recuperación;2018;RCD N°026 -2018-OEFA/CD;;
38316;1947;220605;San Martín;Mariscal Cáceres;Pajarillo;20229553225;MUNICIPALIDAD DISTRITAL DE PAJARILLO;UF0010630;Botadero Sector Mariche;18;315367.0;9205084.0;519.611044;6655.748621;0.665575;Municipalidad distrital de Pajarillo;0.5;No;No;Si;No;No;No;No;No;Si;No;Recuperación;2018;RCD N°026 -2018-OEFA/CD;;
38317;1948;220103;San Martín;Moyobamba;Habana;20221631677;MUNICIPALIDAD DISTRITAL DE HABANA;UF0010497;Botadero Sector Calora;18;267959.0;9327167.0;169.732063;1743.488156;0.174349;Municipalidad distrital de Habana;4;Si;No;Si;No;No;No;No;No;No;No;Recuperación;2018;RCD N°026 -2018-OEFA/CD;;
38318;1949;220103;San Martín;Moyobamba;Habana;20221631677;MUNICIPALIDAD DISTRITAL DE HABANA;UF0039459;Botadero La Almendra;18;267850.0;9328099.0;280.22;3514;0.3514;Municipalidad distrital de Habana;3.96;No;No;No;No;No;No;No;No;No;No;Recuperación;2025;RESOLUCIÓN N° 00013-2025-OEFA/DSIS;;
38319;1950;220104;San Martín;Moyobamba;Jepelacio;20208294947;MUNICIPALIDAD DISTRITAL DE JEPELACIO;UF0009932;Botadero Municipal;18;289266.0;9323834.0;188.157637;2480.473649;0.248047;Municipalidad distrital de Jepelacio;1;Si;No;No;No;No;No;No;No;No;No;Recuperación;2018;RCD N°026 -2018-OEFA/CD;;
38320;1951;220101;San Martín;Moyobamba;Moyobamba;20146806679;MUNICIPALIDAD PROVINCIAL DE MOYOBAMBA;UF0010789;Botadero Tunchiyacu;18;279091.0;9336603.0;1633;99400;9.94;Municipalidad distrital de Yantalo, Municiaplidad Distrital de Calzada, Municipalidad provincial de Moyobamba;52.53;No;No;No;No;No;No;No;No;No;No;Recuperación;2018;RCD N°026 -2018-OEFA/CD;Resolución N.° 87-2024-OEFA/DSIS;
38321;1952;220105;San Martín;Moyobamba;Soritor;20148170771;MUNICIPALIDAD DISTRITAL DE SORITOR;UF0009317;Botadero Alfaro;18;268331.0;9318505.0;347.545055;5831.816378;0.583182;Municipalidad distrital de Soritor;11.39;No;No;No;Si;No;No;No;No;No;No;Recuperación;2018;RCD N°026 -2018-OEFA/CD;;
38322;1953;220702;San Martín;Picota;Buenos Aires;20162978528;MUNICIPALIDAD DISTRITAL DE BUENOS AIRES;UF0010844;Botadero Valle Paujilzapa;18;350443.0;9248789.0;41.79533;115.997807;0.0116;Muncipalidad distrital de Buenos Aires;0.2;No;No;No;No;No;No;No;No;No;No;Recuperación;2018;RCD N°026 -2018-OEFA/CD;;
38323;1954;220703;San Martín;Picota;Caspisapa;20489107695;MUNICIPALIDAD DISTRITAL DE CASPISAPA;UF0010722;Botadero Sector Urreleico;18;343179.0;9233856.0;379.293118;8838.154267;0.883815;Municipalidad distrital de Cazpizapa, Municipalidad distrital de San Cristobal;1.2;No;No;No;No;No;No;No;No;No;No;Recuperación;2018;RCD N°026 -2018-OEFA/CD;;
38324;1955;220701;San Martín;Picota;Picota;20154546953;MUNICIPALIDAD PROVINCIAL DE PICOTA;UF0010860;Botadero Wuinge;18;352552.0;9225908.0;757;35600;3.56;Municipalidad provincial de Picota;6;No;No;No;Si;No;No;No;No;Si;No;Recuperación;2018;RCD N°026 -2018-OEFA/CD;;
38325;1956;220705;San Martín;Picota;Pucacaca;20531195141;MUNICIPALIDAD DISTRITAL PILLUANA;UF0010525;Botadero Sector Chirapilla;18;354726.0;9246447.0;120;745;0.07;Municipalidad distrital de Pilluana;0.2;No;No;Si;No;No;No;No;No;No;No;Recuperación;2018;RCD N°026 -2018-OEFA/CD;Resolución N.° 00013-2025-OEFA/DSIS;
38326;1957;220705;San Martín;Picota;Pucacaca;20162978447;MUNICIPALIDAD DISTRITAL DE PUCACACA;UF0010647;Botadero Sector Ojo de Agua;18;345602.0;9240798.0;447.447013;13832.117396;1.383212;Municipalidad distrital de Pucacaca;2;Si;No;Si;No;No;No;No;No;No;No;Recuperación;2018;RCD N°026 -2018-OEFA/CD;;
38327;1958;220706;San Martín;Picota;San Cristóbal;20154547411;MUNICIPALIDAD DISTRITAL SAN HILARION;UF0009967;Botadero Municipal;18;339741.0;9229100.0;712.724401;28386.50074;2.83865;Municipalidad distrital de San Hilarión;1.1;Si;No;No;No;No;No;No;No;No;No;Recuperación;2018;RCD N°026 -2018-OEFA/CD;;
38328;1959;220708;San Martín;Picota;Shamboyacu;20531195575;MUNICIPALIDAD DISTRITAL SHAMBOYACU;UF0009978;Botadero Municipal;18;374934.0;9224486.0;122.212213;916.813667;0.091681;Municipalidad distrital de Shamboyacu;2.85;No;No;No;No;No;No;No;No;Si;No;Recuperación;2018;RCD N°026 -2018-OEFA/CD;;
38329;1960;220709;San Martín;Picota;Tingo de Ponasa;20531194846;MUNICIP.DISTRIT.DE TINGO DE PONAZA;UF0009987;Botadero Municipal;18;361128.0;9233005.0;637.86945;17377.5272;1.737753;Municipalidad distrital de Tingo de Ponaza;1.77;No;No;No;Si;No;No;No;No;Si;No;Recuperación;2018;RCD N°026 -2018-OEFA/CD;;
38330;1961;220709;San Martín;Picota;Tingo de Ponasa;20531194846;MUNICIP.DISTRIT.DE TINGO DE PONAZA;UF0009563;Botadero Cupushcayacu;18;364063.0;9233623.0;55.928713;203.390464;0.020339;Municipalidad distrital de Tingo de Ponasa;1.77;No;No;No;No;No;No;No;No;Si;No;Recuperación;2018;RCD N°026 -2018-OEFA/CD;;
38331;1962;220710;San Martín;Picota;Tres Unidos;20214702950;MUNICIPALIDAD DISTRITAL DE TRES UNIDOS;UF0009988;Botadero Municipal;18;366209.0;9246692.0;293.804233;5544.507088;0.554451;Municipalidad distrital de Tres Unidos;3.8;No;No;No;No;No;No;No;No;Si;No;Recuperación;2018;RCD N°026 -2018-OEFA/CD;;
38332;1963;220805;San Martín;Rioja;Pardo Miguel;20148155381;MUNICIPALIDAD DISTRITAL DE PARDO MIGUEL;UF0010726;Botadero Sector Villa Rica;18;225443.0;9361730.0;326;6500;0.65;Municipalidad distrital de Awajún, Municipalidad distrital de Pardo Miguel;1.6;No;No;No;No;No;No;No;No;Si;No;Recuperación;2018;RCD N°026 -2018-OEFA/CD;Resolución N.° 00016-2025-OEFA/DSIS;
38333;1964;220801;San Martín;Rioja;Rioja;20148170933;MUNICIPALIDAD PROVINCIAL DE RIOJA;UF0010646;Botadero Sector Ocho;18;253343.0;9333528.0;317.322508;4890.503112;0.48905;Municipalidad distrital de Nueva Cajamarca, Municipalidad provincial de Rioja;27;Si;No;Si;No;No;No;No;No;No;No;Recuperación;2018;RCD N°026 -2018-OEFA/CD;;
38334;1965;220801;San Martín;Rioja;Rioja;20187362840;MUNICIPALIDAD DISTRITAL DE ELÍAS SOPLÍN VARGAS;UF0010688;Botadero Sector Ramiro Prialé;18;250406.0;9332932.0;1018.18;27292.346725;2.73;Municipalidad distrital de Elias Soplín Vargas;17;No;No;Si;No;No;No;No;No;Si;No;Recuperación;2018;RCD N°026 -2018-OEFA/CD;Resolución N.° 00062-2024-OEFA/DSIS;
38335;1966;220801;San Martín;Rioja;Rioja;20156476804;MUNICIPALIDAD DISTRITAL DE YURACYACU;UF0010723;Botadero Sector Vacapasana;18;255298.0;9335603.0;634;23000;2.3;Municipalidad distrital de Yuracyacu;4;No;No;No;No;No;No;No;No;No;No;Recuperación;2018;RCD N°026 -2018-OEFA/CD;Resolución N.° 00016-2025-OEFA/DSIS;
38336;1967;220801;San Martín;Rioja;Rioja;20193090967;MUNICIPALIDAD DISTRITAL DE POSIC;UF0009407;Botadero Cantera Pósic;18;251804.0;9330372.0;214.63013;2897.626983;0.289763;Municipalidad distrital de Pósic;0.88;No;No;No;No;No;No;No;No;Si;No;Recuperación;2018;RCD N°026 -2018-OEFA/CD;;
38337;1968;220801;San Martín;Rioja;Rioja;20178500083;MUNICIPALIDAD DISTRITAL DE NUEVA CAJAMARCA;UF0010504;Botadero Sector Caserío Ramiro Prialé;18;251331.0;9331717.0;1075;54100;5.41;Municipalidad distrital de Nueva Cajamarca;27000;No;No;No;No;No;No;No;No;Si;No;Recuperación;2018;RCD N°026 -2018-OEFA/CD;;
38338;1969;220801;San Martín;Rioja;Rioja;20148170933;MUNICIPALIDAD PROVINCIAL DE RIOJA;UF0017084;Botadero ubicado en el Sector Ramiro Priale;18;251047.0;9331777.0;358.91926;4086.444758;0.408644;Municipalidad provincial de Rioja;22;No;No;No;No;No;No;No;No;Si;No;Recuperación;2021;RESOLUCION N° 00005-2021-OEFA;Resolución N.° 87-2024-OEFA/DSIS;
38339;1970;220807;San Martín;Rioja;San Fernando;20148170852;MUNICIPALIDAD DISTRITAL DE SAN FERNANDO;UF0010670;Botadero Sector Polopunta;18;247887.0;9349249.0;377.93668;8504.398545;0.85044;Municipalidad distrital de San Fernando;4;No;No;Si;No;No;No;No;No;No;No;Recuperación;2018;RCD N°026 -2018-OEFA/CD;;
38340;1971;220808;San Martín;Rioja;Yorongos;20204664057;MUNICIPALIDAD DISTRITAL DE YORONGOS;UF0010727;Botadero Sector Vista Alegre;18;262961.0;9318919.0;182.965133;1994.677118;0.199468;Municipalidad distrital de Yorongos;5;No;No;Si;No;No;No;No;No;No;No;Recuperación;2018;RCD N°026 -2018-OEFA/CD;;
38341;1972;220913;San Martín;San Martín;Alberto Leveau;20167987207;MUNICIPALIDAD DISTRITAL DE SAUCE;UF0017409;Botadero Municipal El Sauce;18;361354.0;9256438.0;996;29400;2.94;Municipalidad distrital de Sauce ;7;No;No;No;No;No;No;No;No;Si;No;Recuperación;2022;Resolución N.° 00018-2022-OEFA/DSIS;;
38342;1973;220904;San Martín;San Martín;Chazuta;20167986901;MUNICIPALIDAD DISTRITAL DE CHAZUTA;UF0010018;Botadero Municipal Camino Centro Poblado Tununtunumba;18;377363.0;9274244.0;262.658039;3857.297243;0.38573;Municipalidad distrital de Chazuta;4;No;No;No;Si;No;No;No;No;No;No;Recuperación;2018;RCD N°026 -2018-OEFA/CD;;
38343;1974;220906;San Martín;San Martín;El Porvenir;20446621590;MUNICIPALIDAD DISTRITAL DE EL PORVENIR;UF0010536;Botadero Sector Cordesam;18;411017.0;9311950.0;244.615664;3389.410574;0.338941;Municipalidad distrital de El Porvenir;2;No;No;No;No;No;No;No;No;No;No;Recuperación;2018;RCD N°026 -2018-OEFA/CD;;
38344;1975;220907;San Martín;San Martín;Huimbayoc;20167987037;MUNICIPALIDAD DISTRITAL DE HUIMBAYOC;UF0009928;Botadero Municipal;18;416471.0;9291419.0;70.93868;299.302493;0.02993;Municipalidad distrital de Huimbayoc;No Precisa;No;Si;No;No;No;No;No;No;No;No;Recuperación;2018;RCD N°026 -2018-OEFA/CD;;
38345;1976;220907;San Martín;San Martín;Huimbayoc;20531375719;MUNICIPALIDAD DISTRITAL DE CHIPURANA;UF0009915;Botadero Municipal;18;419212.0;9294941.0;13.727909;14.996811;0.0015;Municipalidad distrital de Chipurana;1.8;No;No;Si;No;No;No;No;No;Si;No;Recuperación;2018;RCD N°026 -2018-OEFA/CD;;
38346;1977;220908;San Martín;San Martín;Juan Guerra;20154544667;MUNICIPALIDAD PROVINCIAL SAN MARTIN;UF0010861;Botadero Yacucatina;18;355794.0;9264063.0;1273.640325;30047.941855;3.004794;Municipalidad provincial de San Martín, Municipalidad provincial de Lamas, Municipalidad distrital de Juan Guerra, Municipalidad distrital de Morales, Municipalidad distrital de La Banda de Shilcayo, Municipalidad distrital de Cacatachi, Municipalidad provincial de Sauce;150.93;Si;Si;Si;Si;Si;No;No;No;No;No;Recuperación;2018;RCD N°026 -2018-OEFA/CD;;
38347;1978;220909;San Martín;San Martín;La Banda de Shilcayo;20142659299;MUNICIPALIDAD DISTRITAL DE LA BANDA DE SHILCAYO;UF0037930;Botadero S/N (Shilcayo);18;352885.0;9282423.0;40.4;60;0.006;Municipalidad distrital de la Banda de Shilcayo;5.297;No;No;No;No;No;No;No;No;No;No;Recuperación;2024;Resolución N° 00019-2024-OEFA/DSIS;;
38348;1979;220912;San Martín;San Martín;San Antonio;20531296843;MUNICIPALIDAD DISTRITAL DE SAN ANTONIO;UF0010473;Botadero Sector Águano;18;342521.0;9292779.0;59.285609;214.646845;0.021465;Municipalidad distrital de San Antonio;1.3;No;No;Si;No;No;No;No;No;No;No;Recuperación;2018;RCD N°026 -2018-OEFA/CD;;
38349;1980;220913;San Martín;San Martín;Sauce;20167987207;MUNICIPALIDAD DISTRITAL DE SAUCE;UF0037612;Botadero Sauce;18;367314.0;9259938.0;280;3000;0.3;Municipalidad distrital de Sauce;7;No;No;No;No;No;No;No;No;No;No;Recuperación;2023;Resolución N.° 00112-2023-OEFA/DSIS;;
38350;1981;220914;San Martín;San Martín;Shapaja;20531271182;MUNICIPALIDAD DISTRITAL DE SHAPAJA;UF0009797;Botadero Km. 12.5 de la carretera Shapaja-Chazuta, Sector Estero;18;360951.0;9272364.0;292.30368;4902.292476;0.490229;Municipalidad distrital de Shapaja;1.5;No;No;Si;No;No;No;No;No;No;No;Recuperación;2018;RCD N°026 -2018-OEFA/CD;;
38351;1982;220914;San Martín;San Martín;Shapaja;20531271182;MUNICIPALIDAD DISTRITAL DE SHAPAJA;UF0009523;Botadero Churo Quebrada;18;362385.0;9271604.0;384.614185;9719.196128;0.97192;Municipalidad distrital de Shapaja;0.86;No;No;No;No;No;No;No;No;No;No;Recuperación;2018;RCD N°026 -2018-OEFA/CD;;
38352;1983;221002;San Martín;Tocache;Nuevo Progreso;20223145052;MUNICIPALIDAD DISTRITAL DE NVO PROGRESO;UF0009953;Botadero Municipal;18;355594.0;9065392.0;277.419865;5317.39905;0.53174;Municipalidad distrital de Nuevo Progreso;3.35;No;No;No;No;No;No;No;No;Si;No;Recuperación;2018;RCD N°026 -2018-OEFA/CD;;
38353;1984;221003;San Martín;Tocache;Polvora;20488965701;MUNICIPALIDAD DISTRITAL DE POLVORA;UF0009960;Botadero Municipal;18;315404.0;9128366.0;183.006818;2530.74277;0.253074;Municipalidad distrital de Polvora;6.43;No;No;No;No;No;No;No;No;Si;No;Recuperación;2018;RCD N°026 -2018-OEFA/CD;;
38354;1985;221006;San Martín;Tocache;Santa Lucia;20450119769;MUNICIPALIDAD DISTRITAL DE SANTA LUCIA;UF0036260;Botadero La Parcela;18;346552.0;9075634.0;941;45000;4.5;Municipalidad distrital de Santa Lucia;5.5;No;No;No;No;No;No;No;No;No;No;Recuperación;2023;Resolución N.° 00031-2023-OEFA/DSIS;;
38355;1986;221004;San Martín;Tocache;Shunte;20531291965;MUNICIPALIDAD DISTRITAL DE SHUNTE;UF0009979;Botadero Municipal;18;310006.0;9077076.0;140.073347;1133.781372;0.113378;Municipalidad distrital de Shunte;1.67;Si;No;No;No;No;No;No;No;No;No;Recuperación;2018;RCD N°026 -2018-OEFA/CD;;
38356;1987;221001;San Martín;Tocache;Tocache;20168745231;MUNICIPALIDAD PROVINCIAL TOCACHE;UF0009803;Botadero La Charapita;18;335619.0;9092811.0;843;22700;2.27;Municipalidad provincial de Tocache;16;Si;No;Si;No;No;No;No;No;Si;No;Recuperación;2018;RCD N°026 -2018-OEFA/CD;;O.M. N° 015-2021-MPT
38357;1988;221005;San Martín;Tocache;Uchiza;20160770032;MUNICIPALIDAD DISTRITAL DE UCHIZA;UF0010790;Botadero Túpac Amaru;18;338226.0;9063278.0;329.796008;3148.076586;0.314808;Municipalidad distrital de Uchiza;5.6;No;No;No;No;No;No;No;No;No;No;Recuperación;2018;RCD N°026 -2018-OEFA/CD;;
38358;1989;221005;San Martín;Tocache;Uchiza;20160770032;MUNICIPALIDAD DISTRITAL DE UCHIZA;UF0009661;Botadero de Uchiza;18;347069.0;9073428.0;762.85393;23855.725454;2.385573;Municipalidad distrital de Uchiza;5670;No;No;No;No;No;No;No;No;No;No;Recuperación;2018;RCD N°026 -2018-OEFA/CD;;
38359;1990;230202;Tacna;Candarave;Cairani;20196371312;MUNICIPALIDAD DISTRITAL DE CAIRANI;UF0009577;Botadero de Cairani;19;359351.0;8093537.0;222.452496;3446.643568;0.344664;Municipalidad distrital de Cairani;0.1;No;No;Si;Si;No;No;No;No;No;No;Recuperación;2018;RCD N°026 -2018-OEFA/CD;;
38360;1991;230203;Tacna;Candarave;Camilaca;20217807311;MUNICIPALIDAD DISTRITAL DE CAMILACA;UF0009579;Botadero de Camilaca;19;352433.0;8094447.0;194.573082;2444.090434;0.244409;Municipalidad distrital de Camilaca;0.054;No;No;Si;Si;No;No;No;No;No;No;Recuperación;2018;RCD N°026 -2018-OEFA/CD;;
38361;1992;230203;Tacna;Candarave;Camilaca;20171895147;MUNICIPALIDAD DISTRITAL DE ILABAYA;UF0009576;Botadero de Borogueña;19;346288.0;8084089.0;244.310725;4345.558161;0.434556; Municipalidad distrital de Ilabaya;0.11;Si;No;No;No;No;No;No;No;No;No;Recuperación;2018;RCD N°026 -2018-OEFA/CD;;
38362;1993;230203;Tacna;Candarave;Camilaca;20171895147;MUNICIPALIDAD DISTRITAL DE ILABAYA;UF0009593;Botadero de Coraguaya;19;348157.0;8089017.0;128.35114;1183.705074;0.118371; Municipalidad distrital de Ilabaya;0.029;Si;No;No;No;No;No;No;No;No;No;Recuperación;2018;RCD N°026 -2018-OEFA/CD;;
38363;1994;230203;Tacna;Candarave;Camilaca;20171895147;MUNICIPALIDAD DISTRITAL DE ILABAYA;UF0009667;Botadero del Centro Poblado de Cambaya y Vilalaca;19;348329.0;8085817.0;128.522734;919.018847;0.091902;Municipalidad distrital de Ilabaya;0.11;Si;No;No;No;No;No;No;No;No;No;Recuperación;2018;RCD N°026 -2018-OEFA/CD;;
38364;1995;230204;Tacna;Candarave;Curibaya;20214908817;MUNICIPALIDAD DISTRITAL DE CURIBAYA;UF0009596;Botadero de Curibaya;19;359794.0;8078454.0;124;969.810445;0.096981;Municipalidad distrital de Curibaya;0;No;No;No;Si;No;No;No;No;No;No;Recuperación;2018;RCD N°026 -2018-OEFA/CD;Resolución N.° 00028-2025-OEFA/DSIS;
38365;1996;230204;Tacna;Candarave;Curibaya;20214908817;MUNICIPALIDAD DISTRITAL DE CURIBAYA;UF0036044;Botadero Curibaya 2;19;359611.68;8078303.84;222,00;270,00;0.27;Municipalidad distrital de Curibaya;0.57;No;No;No;No;No;No;No;No;No;No;Recuperación;2023;Resolución N.° 00020-2023-OEFA/DSIS;;
38366;1997;230205;Tacna;Candarave;Huanuara;20219775351;MUNICIPALIDAD DISTRITAL DE HUANUARA;UF0009606;Botadero de Huanuara;19;359543.0;8084213.0;339;7700;0.77;Municipalidad distrital de Huanuara;0.071;No;No;No;No;No;No;No;No;No;No;Recuperación;2018;RCD N°026 -2018-OEFA/CD;;
38367;1998;230205;Tacna;Candarave;Huanuara;20219775351;MUNICIPALIDAD DISTRITAL DE HUANUARA;UF0035351;Botadero Huanuara 2;19;359598.0;8084599.0;120;1000;0.1;Municipalidad Distrital de Huanura;0;No;No;No;No;No;No;No;No;No;No;Recuperación;2022;Resolución N.° 00067-2022-OEFA/DSIS;Resolución N.° 00028-2025-OEFA/DSIS;
38368;1999;230205;Tacna;Candarave;Huanuara;20219775351;MUNICIPALIDAD DISTRITAL DE HUANUARA;UF0035352;Botadero Huanuara 3;19;359651.67;8084397.2;133;1000;0.1;Municipalidad Distrital de Huanura;0;No;No;No;No;No;No;No;No;No;No;Recuperación;2022;Resolución N.° 00067-2022-OEFA/DSIS;;
38369;2000;230206;Tacna;Candarave;Quilahuani;20159714285;MUNICIPALIDAD PROVINCIAL DE CANDARAVE;UF0010240;Botadero Rodado;19;368250.0;8087127.0;130.296906;996.705382;0.099671;Municipalidad provincial de Candarave, Municipalidad distrital Quilahuani;0.77;No;No;No;No;No;No;No;No;No;No;Recuperación;2018;RCD N°026 -2018-OEFA/CD;;
38370;2001;230302;Tacna;Jorge Basadre;Ilabaya;20171895147;MUNICIPALIDAD DISTRITAL DE ILABAYA;UF0009657;Botadero de Ticapampa;19;337507.0;8064897.0;495.418187;5400;0.54; Municipalidad distrital de Ilabaya;0.9;No;No;No;No;No;No;No;No;No;No;Recuperación;2018;RCD N°026 -2018-OEFA/CD;Resolución N.° 00008-2025-OEFA/DSIS;
38371;2002;230302;Tacna;Jorge Basadre;Ilabaya;20171895147;MUNICIPALIDAD DISTRITAL DE ILABAYA;UF0009669;Botadero del Centro Poblado Mirave, Caoña, Chulibaya, Poquera, Iguerani, Ticapampa E Ilabaya Capital;19;333554.0;8066427.0;187.340822;2536.139565;0.253614; Municipalidad distrital de Ilabaya;No Precisa;Si;No;No;No;No;No;No;No;No;No;Recuperación;2018;RCD N°026 -2018-OEFA/CD;;
38372;2003;230302;Tacna;Jorge Basadre;Ilabaya;20171895147;MUNICIPALIDAD DISTRITAL DE ILABAYA;UF0009346;Botadero Anterior Botadero del Centro Poblado Mirave;19;333580.0;8064796.0;158.077114;1135.142839;0.113514;Municipalidad distrital de Ilabaya;No Precisa;No;No;No;No;No;No;No;No;No;No;Recuperación;2018;RCD N°026 -2018-OEFA/CD;;
38373;2004;230303;Tacna;Jorge Basadre;Ite;20193065938;MUNICIPALIDAD DISTRITAL DE ITE;UF0009583;Botadero de Cantera Sur II;19;292776.0;8020128.0;203;2000;0.2;Municipalidad distrital de Ite;0;No;No;No;Si;No;No;No;No;No;No;Recuperación;2018;RCD N°026 -2018-OEFA/CD;Resolución N.° 00136-2024-OEFA/DSIS;
38374;2005;230303;Tacna;Jorge Basadre;Ite;20193065938;MUNICIPALIDAD DISTRITAL DE ITE;UF0009613;Botadero de Ite Capital, Pampa Alta, Nuevo Ite, Mirador, San Isidro y Las Vilcas;19;289841.0;8025864.0;379;9375;0.94; Municipalidad distrital de Ite;2.75;No;No;No;No;No;No;No;No;No;No;Recuperación;2018;RCD N°026 -2018-OEFA/CD;Resolución N.° 0017-2025-OEFA/DSIS;
38375;2006;230303;Tacna;Jorge Basadre;Ite;20193065938;MUNICIPALIDAD DISTRITAL DE ITE;UF0009582;Botadero de Cantera Sur I;19;292280.0;8020129.0;466;5800;0.58;Municipalidad distrital de Ite;0;No;No;No;No;No;No;No;No;No;No;Recuperación;2018;RCD N°026 -2018-OEFA/CD;Resolución N.° 00136-2024-OEFA/DSIS;
38376;2007;230303;Tacna;Jorge Basadre;Ite;20193065938;MUNICIPALIDAD DISTRITAL DE ITE;UF0035737;Área degradada ubicada en el proyecto de mejoramiento del servicio de gestión integral de residuos solidos del distrito de Ite;19;290128.0;8026020.0;513;16000;1.6;No precisa;No Precisa;No;No;No;No;No;No;No;No;No;No;Reconversión;2023;Resolución N.° 00020-2023-OEFA/DSIS;;
38377;2008;230301;Tacna;Jorge Basadre;Locumba;20194735384;MUNICIPALIDAD PROVINCIAL JORGE BASADRE;UF0009540;Botadero Conostoco;19;313917.0;8053155.0;227;3281;0.33;Municipalidad provincial Jorge Basadre;1.5;No;No;No;No;No;No;No;No;No;No;Recuperación;2018;RCD N°026 -2018-OEFA/CD;;
38378;2009;230301;Tacna;Jorge Basadre;Locumba;20194735384;MUNICIPALIDAD PROVINCIAL JORGE BASADRE;UF0034678;Botadero Conostoco II;19;313994.0;8053032.0;No precisa;No precisa;No precisa;No precisa;No precisa;No;No;No;No;No;No;No;No;No;No;Reconversión;2022;Resolución N.° 00054-2022-OEFA/DSIS;;R.A. N° 036-2022-A/MPJB
38379;2010;230104;Tacna;Tacna;Ciudad Nueva;"20147797100
20147796715
20227623544
20519610214
20147796987
20166311242
20600982100";"MUNICIPALIDAD PROVINCIAL DE TACNA
MUNICIPALIDAD DISTRITALES DE ALTO DE LA ALIANZA
MUNICIPALIDAD DISTRITAL CIUDAD NUEVA
MUNICIPALIDAD DISTRITAL CORONEL GREGORIO ALBARRACÍN LANCHIPA
MUNICIPALIDAD DISTRITAL POCOLLAY
MUNICIPALIDAD DISTRITAL CALANA
MUNICIPALIDAD DISTRITAL LA YARADA LOS PALOS";UF0009324;Botadero Alto Intiorko;19;368004.0;8013894.0;2971;319000;31.9;Municipalidad provincial de Tacna, Municipalidad distrital de Calana, Municipalidad distrital de Pocollay, Municipalidad distrital de Coronel Gregorio Albarracin Lanchipa, Municipalidad distrital de Yarada de Los Palos, Municipalidad distrital de Alto de la Alianza;200;Si;No;Si;No;No;No;No;No;No;No;Recuperación;2018;RCD N°026 -2018-OEFA/CD;Resolución N.° 87-2024-OEFA/DSIS;R.G. N° 11-2021-GGA/MPT
38380;2011;230105;Tacna;Tacna;Inclan;20182314928;MUNICIPALIDAD DISTRITAL DE INCLAN;UF0009609;Botadero de Inclán;19;340905.0;8033928.0;193.446901;2329.840302;0.232984;Municipalidad distrital de Inclán;1.6;Si;No;Si;Si;No;No;No;No;No;No;Recuperación;2018;RCD N°026 -2018-OEFA/CD;;
38381;2012;230106;Tacna;Tacna;Pachia;20142438365;MUNICIPALIDAD DISTRITAL DE PACHIA;UF0010518;Botadero Sector Challata;19;383665.0;8030083.0;215.704939;2782.110821;0.278211;Municipalidad distrital de Pachia;No Precisa;No;No;Si;No;No;No;No;No;No;No;Recuperación;2018;RCD N°026 -2018-OEFA/CD;;
38382;2013;230106;Tacna;Tacna;Pachia;20142438365;MUNICIPALIDAD DISTRITAL DE PACHIA;UF0010499;Botadero Sector Caplina;19;401297.0;8043658.0;353.629672;1000;0.1;Municipalidad distrital de Pachia;0.02;No;No;Si;No;No;No;No;No;No;No;Recuperación;2018;RCD N°026 -2018-OEFA/CD;Resolución N.° 0017-2025-OEFA/DSIS;
38383;2014;230106;Tacna;Tacna;Pachia;20142438365;MUNICIPALIDAD DISTRITAL DE PACHIA;UF0010635;Botadero Sector Miculla;19;378915.0;8023554.0;217;3100;0.31;Municipalidad distrital de Pachia;0.085;No;No;Si;No;No;No;No;No;No;No;Recuperación;2018;RCD N°026 -2018-OEFA/CD;;
38384;2015;230107;Tacna;Tacna;Palca;20186788886;MUNICIPALIDAD DISTRITAL DE PALCA;UF0009670;Botadero del distrito de Palca capital;19;397504.0;8032973.0;75.8;277;0.0277;Municipalidad distrital de Palca;0;No;No;No;No;No;No;No;No;No;No;Recuperación;2018;RCD N°026 -2018-OEFA/CD;;
38385;2016;230107;Tacna;Tacna;Palca;20186788886;MUNICIPALIDAD DISTRITAL DE PALCA;UF0010725;Botadero Sector Vila Vilani;19;406692.0;8026781.0;260.335628;3184.603099;0.31846;Municipalidad distrital de Palca;0.021;No;No;Si;No;No;No;No;No;No;No;Recuperación;2018;RCD N°026 -2018-OEFA/CD;;
38386;2017;230107;Tacna;Tacna;Palca;20186788886;MUNICIPALIDAD DISTRITAL DE PALCA;UF0010479;Botadero Sector Ancomarca;19;438503.0;8061983.0;66.003433;86.807049;0.008681;Municipalidad distrital de Palca;No Precisa;No;No;Si;No;No;No;No;No;No;No;Recuperación;2018;RCD N°026 -2018-OEFA/CD;;
38387;2018;230107;Tacna;Tacna;Palca;20186788886;MUNICIPALIDAD DISTRITAL DE PALCA;UF0037545;Botadero Ataspaca;19;400077.0;8037973.0;140;1300;0.13;Municipalidad distrital de Palca;0.02;No;No;Si;No;No;No;No;No;No;No;Recuperación;2023;Resolución N.° 00102-2023-OEFA/DSIS;;
38388;2019;230109;Tacna;Tacna;Sama;20165884311;MUNICIPALIDAD DISTRITAL SAMA LAS YARAS;UF0009339;Botadero Anexo Miraflores y Sama Capital;19;334126.0;8024580.0;304;5112;0.51;Municipalidad distrital de Sama;3;No;No;No;No;No;No;No;No;No;No;Recuperación;2018;RCD N°026 -2018-OEFA/CD;;
38389;2020;230109;Tacna;Tacna;Sama;20165884311;MUNICIPALIDAD DISTRITAL SAMA LAS YARAS;UF0009338;Botadero Anexo Buena Vista;19;337617.0;8027056.0;265.183677;4308.934599;0.430893;Municipalidad distrital de Sama;0.05;No;No;Si;No;No;No;No;No;No;No;Recuperación;2018;RCD N°026 -2018-OEFA/CD;;
38390;2021;230109;Tacna;Tacna;Sama;20159073557;MUNICIPALIDAD DEL CENTRO POBLADO BOCA DEL RIO;UF0017086;Botadero CP Boca del Rio;19;325331.0;7991889.0;1580.9;42000;4.2;Municipalidad del Centro Poblado de Boca del Rio;4;No;No;No;No;No;No;No;No;No;No;Recuperación;2021;RESOLUCION N° 00005-2021-OEFA;Resolución N.° 00136-2024-OEFA/DSIS;
38391;2022;230109;Tacna;Tacna;Sama;20165884311;MUNICIPALIDAD DISTRITAL SAMA LAS YARAS;UF0017078;Botadero Morro Sama;19;300713.0;8011706.0;1428;48000;4.8;Anexo Morro Sama del Distrito de Sama, Municipalidad distrital de Sama Las Yaras;0.01;No;No;Si;No;No;No;No;No;No;No;Recuperación;2021;RESOLUCION N° 00005-2021-OEFA;Resolución N.° 87-2024-OEFA/DSIS;
38392;2023;230109;Tacna;Tacna;Sama;20165884311;MUNICIPALIDAD DISTRITAL SAMA LAS YARAS;UF0017079;Botadero Vila Vila;19;317915.0;7997183.0;795.085144;30134.785513;3.013479;Anexo de Vila Vila del distrito de Sama;0.2;No;No;Si;No;No;No;No;No;No;No;Recuperación;2021;RESOLUCION N° 00005-2021-OEFA;;
38393;2024;230404;Tacna;Tarata;Estique-pampa;20279769211;MUNICIPALIDAD DISTRITAL DE ESTIQUE PAMPA;UF0009598;Botadero de Estique Pampa;19;390759.0;8058837.0;333.230404;5209.555072;0.520956;Municipalidad distrital de Estique Pampa y Municipalidad distrital de Estique;0.01;No;No;No;No;No;No;No;No;No;No;Recuperación;2018;RCD N°026 -2018-OEFA/CD;;
38394;2025;230402;Tacna;Tarata;Héroes Albarracín;20199503953;MUNIC.DIST.HEROES ALBARRACIN CHUCATAMANI;UF0009588;Botadero de Chucapamani Capital;19;378549.0;8067453.0;258;3500;0.35;Municipalidad distrital de Heroes Albarracín;0.29;No;No;Si;No;No;No;No;No;No;No;Recuperación;2018;RCD N°026 -2018-OEFA/CD;Resolución N.° 0017-2025-OEFA/DSIS;
38395;2026;230405;Tacna;Tarata;Sitajara;20279780613;MUNICIPALIDAD DISTRITAL DE SITAJARA;UF0009651;Botadero de Sitajara;19;379000.0;8076302.0;238.56717;2464.830806;0.246483;Municipalidad distrital de Sitajara;0.071;No;No;Si;No;No;No;No;No;No;No;Recuperación;2018;RCD N°026 -2018-OEFA/CD;;
38396;2027;230405;Tacna;Tarata;Sitajara;20318150886;MUNICIPALIDAD DISTRITAL DE QUILAHUANI;UF0009637;Botadero de Quilahuani;19;371868.0;8081208.0;307.081166;3713.701331;0.37137;Municipalidad distrital de Quilahuani;0.035;No;No;Si;No;No;No;No;No;No;No;Recuperación;2018;RCD N°026 -2018-OEFA/CD;;
38397;2028;230405;Tacna;Tarata;Sitajara;20318150886;MUNICIPALIDAD DISTRITAL DE QUILAHUANI;UF0037613;Botadero frente a Jirata;19;372290.0;8079752.0;205;1600;0.16;Municipalidad distrital de Quilahuani;No precisa;No;No;Si;No;No;No;No;No;No;No;Recuperación;2023;Resolución N.° 00112-2023-OEFA/DSIS;;
38398;2029;230406;Tacna;Tarata;Susapaya;20279603835;MUNICIPALIDAD DISTRITAL DE SUSAPAYA;UF0009652;Botadero de Susapaya 01;19;379835.0;8082129.0;193.682226;2104.835747;0.210484;Municipalidad de Susapaya;No Precisa;No;No;Si;No;No;No;No;No;No;No;Recuperación;2018;RCD N°026 -2018-OEFA/CD;;
38399;2030;230406;Tacna;Tarata;Susapaya;20279603835;MUNICIPALIDAD DISTRITAL DE SUSAPAYA;UF0010735;Botadero de Susapaya 03;19;379737.0;8082184.0;137.502659;1294.618374;0.129462;Municipalidad de Susapaya;No Precisa;No;No;Si;No;No;No;No;No;No;No;Recuperación;2018;RCD N°026 -2018-OEFA/CD;;
38400;2031;230406;Tacna;Tarata;Susapaya;20279603835;MUNICIPALIDAD DISTRITAL DE SUSAPAYA;UF0009653;Botadero de Susapaya 02;19;380933.0;8083298.0;239.809181;3575.033768;0.357503;Municipalidad de Susapaya;0.037;No;No;Si;No;No;No;No;No;No;No;Recuperación;2018;RCD N°026 -2018-OEFA/CD;;
38401;2032;230401;Tacna;Tarata;Tarata;20147799498;MUNICIPALIDAD PROVINCIAL DE TARATA;UF0010759;Botadero Tasabaya;19;387860.0;8065430.0;318.8;2900;0.29;Municipalidad provincial de Tarata;0.7;No;No;Si;No;No;No;No;No;No;No;Recuperación;2018;RCD N°026 -2018-OEFA/CD;;
38402;2033;230407;Tacna;Tarata;Tarucachi;20228486150;MUNICIPALIDAD DISTRITAL TARUCACHI;UF0009655;Botadero de Tarucachi;19;390402.0;8064040.0;288.795433;5097.7695;0.509777;Municipalidad de Tarucachi;0.057;No;No;Si;No;No;No;No;No;No;No;Recuperación;2018;RCD N°026 -2018-OEFA/CD;;
38403;2034;230408;Tacna;Tarata;Ticaco;20207729052;MUNICIPALIDAD DISTRITAL DE TICACO;UF0009347;Botadero Anterior de Ticaco;19;387412.0;8073219.0;201.016316;1829.083206;0.182908;Municipalidad distrital de Ticaco;No Precisa;No;No;Si;Si;No;No;No;No;No;No;Recuperación;2018;RCD N°026 -2018-OEFA/CD;;
38404;2035;230408;Tacna;Tarata;Ticaco;20207729052;MUNICIPALIDAD DISTRITAL DE TICACO;UF0009656;Botadero de Ticaco;19;387123.0;8073225.0;446;11300;1.13;Municipalidad distrital de Ticaco;0.7;No;No;No;No;No;No;No;No;No;No;Recuperación;2018;RCD N°026 -2018-OEFA/CD;Resolución N.° 00013-2025-OEFA/DSIS;
38405;2036;240203;Tumbes;Contralmirante Villar;Canoas de Punta Sal;20324454030;MUNICIPALIDAD DISTRITAL CANOAS DE PUNTA SAL;UF0009909;Botadero Municipal;17;502836.0;9557227.0;751.261833;14134.11543;1.413412;Municipalidad distrital de Canoas de Punta Sal;14.44;Si;No;Si;Si;No;No;No;No;No;No;Recuperación;2018;RCD N°026 -2018-OEFA/CD;;
38406;2037;240202;Tumbes;Contralmirante Villar;Casitas;20193978666;MUNICIPALIDAD DISTRITAL DE CASITAS;UF0009911;Botadero Municipal;17;539416.0;9564003.0;549;9600;0.96;Municipalidad distrital de Casitas;0.25;Si;Si;No;No;No;No;No;No;Si;No;Recuperación;2018;RCD N°026 -2018-OEFA/CD;Resolución N.° 00024-2025-OEFA/DSIS;
38407;2038;240201;Tumbes;Contralmirante Villar;Zorritos;20166667934;MUNICIPALIDAD PROVINCIAL DE CONTRALMIRANTE VILLAR;UF0009377;Botadero Bocapan;17;531674.0;9589081.0;1066;51200;5.12;Municipalidad provincial de Contralmirante Villar;10;Si;No;No;No;No;No;No;No;No;No;Recuperación;2018;RCD N°026 -2018-OEFA/CD;Resolución N.° 00019-2025-OEFA/DSIS;R.A. N° 196-2025-MPCVZ-ALC
38408;2039;240102;Tumbes;Tumbes;Corrales;20178689348;MUNICIPALIDAD DISTRITAL DE CORRALES;UF0010017;Botadero Municipal (Sector Cerro Colorado);17;554639.0;9596764.0;885;15000;1.5;Municipalidad distrital de Corrales;30;Si;No;Si;No;No;No;No;No;No;No;Recuperación;2018;RCD N°026 -2018-OEFA/CD;Resolución N.° 00019-2025-OEFA/DSIS;
38409;2040;240102;Tumbes;Tumbes;Corrales;20178689348;MUNICIPALIDAD DISTRITAL DE CORRALES;UF0010016;Botadero Municipal (Quebrada Corrales);17;556150.0;9597873.0;837.367146;22344.806494;2.234481;Municipalidad distrital de Corrales;0.5;Si;No;Si;No;No;No;No;No;No;No;Recuperación;2018;RCD N°026 -2018-OEFA/CD;;
38410;2041;240103;Tumbes;Tumbes;La Cruz;20187377103;MUNICIPALIDAD DISTRITAL LA CRUZ;UF0010045;Botadero Municipal Sector Trujillo 4;17;546596.0;9597245.0;440.926508;12832.586238;1.283259;Municipalidad distrital de La Cruz;5;No;No;No;No;No;No;No;No;No;No;Recuperación;2018;RCD N°026 -2018-OEFA/CD;;
38411;2042;240105;Tumbes;Tumbes;San Jacinto;20199405781;MUNICIPALIDAD DISTRITAL DE SAN JACINTO;UF0010031;Botadero Municipal Loma El Jabon;17;560240.0;9597521.0;843.899311;32226.863677;3.222686;Municipalidad distrital de San Jacinto;1.5;No;No;No;Si;No;No;No;No;No;No;Recuperación;2018;RCD N°026 -2018-OEFA/CD;;
38412;2043;240106;Tumbes;Tumbes;San Juan de La Virgen;20193972897;MUNICIPALIDAD DIST.SAN JUAN DE LA VIRGEN;UF0009472;Botadero Cerro Blanco;17;565091.0;9595013.0;182.033908;1680.182968;0.168018;Municipalidad distrital de San Juan de La Virgen;1;No;Si;No;No;No;No;No;No;No;No;Recuperación;2018;RCD N°026 -2018-OEFA/CD;;
38413;2044;240106;Tumbes;Tumbes;San Juan de La Virgen;20193972897;MUNICIPALIDAD DIST.SAN JUAN DE LA VIRGEN;UF0009459;Botadero Cementerio;17;564243.0;9599635.0;165.917518;1539.893729;0.153989;Municipalidad distrital de San Juan de La Virgen;1.5;No;Si;No;No;No;No;No;No;No;No;Recuperación;2018;RCD N°026 -2018-OEFA/CD;;
38414;2045;240101;Tumbes;Tumbes;Tumbes;20156696596;MUNICIPALIDAD PROVINCIAL DE TUMBES;UF0010086;Botadero Pampa del Toro;17;563303.0;9602762.0;5278.59;203775.73;20.38;Municipalidad provincial de Tumbes, Municipalidad distrital de San Juan de La Virgen, Municipalidad distrital de Pampas del Hospital;40.50;Si;Si;Si;Si;Si;No;No;No;No;No;Recuperación;2018;RCD N°026 -2018-OEFA/CD;;R.G. N° 008-2024-MPT-GDE
38415;2046;240302;Tumbes;Zarumilla;Aguas Verdes;20172278079;MUNICIPALIDAD DISTRITAL DE AGUAS VERDES;UF0010143;Botadero Playa Sur;17;583658.0;9614633.0;1007.141785;40997.255734;4.099726;Municipalidad distrital de Aguas Verdes;2.85;Si;Si;Si;Si;Si;No;No;No;No;No;Recuperación;2018;RCD N°026 -2018-OEFA/CD;;
38416;2047;240303;Tumbes;Zarumilla;Matapalo;20190332013;MUNICIPALIDAD DISTRITAL DE MATAPALO;UF0010042;Botadero Municipal Sector El Algarrobal;17;585626.0;9593682.0;780;35500;3.55;Municipalidad distrital de Matapalo;2;No;No;No;No;No;No;No;No;Si;No;Recuperación;2018;RCD N°026 -2018-OEFA/CD;Resolución N.° 00147-2024-OEFA/DSIS, Resolución N.° 00062-2024-OEFA/DSIS;
38417;2048;240301;Tumbes;Zarumilla;Zarumilla;"20166679606
20172278079
20185592422";"MUNICIPALIDAD PROVINCIAL ZARUMILLA
MUNICIPALIDAD DISTRITAL DE AGUAS VERDES
MUNICIPALIDAD DISTRITAL DE PAPAYAL";UF0010011;Botadero Municipal;17;582275.0;9611051.0;1340;80400;8.84;Municipalidad provincial de Zarumilla, Municipalidad distrital de Papayal, Municipalidad distrital de Aguas Verdes;13.5;Si;Si;Si;Si;Si;No;No;No;No;No;Recuperación;2018;RCD N°026 -2018-OEFA/CD;;
38418;2049;250201;Ucayali;Atalaya;Raymondi;20171714371;MUNICIPALIDAD PROVINCIAL DE ATALAYA;UF0009709;Botadero Fundo San Cristóbal;18;632750.0;8812771.0;890.611701;30976.976929;3.097698;Municipalidad provincial de Atalaya;15;Si;No;No;Si;No;No;No;No;No;No;Recuperación;2018;RCD N°026 -2018-OEFA/CD;;
38419;2050;250202;Ucayali;Atalaya;Sepahua;20186751613;MUNICIPALIDAD DISTRITAL DE SEPAHUA;UF0009650;Botadero de Sepahua;18;713067.0;8767114.0;574.547448;14984.485685;1.498449;Municipalidad distrital de Sepahua;3;No;No;Si;No;No;No;No;No;No;No;Recuperación;2018;RCD N°026 -2018-OEFA/CD;;
38420;2051;250202;Ucayali;Atalaya;Sepahua;20186751613;MUNICIPALIDAD DISTRITAL DE SEPAHUA;UF0013329;Botadero Sector Shambuyacu;18;716257.0;8772882.0;276.065477;3394.48879;0.339449;Municipalidad distrital de Sepahua;3.5;No;No;No;No;No;No;No;No;No;No;Recuperación;2021;RESOLUCION N° 00003-2021-OEFA/DSIS;;
38421;2052;250203;Ucayali;Atalaya;Tahuania;20222295166;MUNICIPALIDAD DISTRITAL DE TAHUANIA;UF0009575;Botadero de Bolognesi;18;617014.0;8890548.0;185.730921;2042.658539;0.204266;Municipalidad distrital de Tahuania;2;No;No;Si;Si;No;No;No;No;No;No;Recuperación;2018;RCD N°026 -2018-OEFA/CD;;
38422;2053;250204;Ucayali;Atalaya;Yurua;20154601211;MUNICIPALIDAD DISTRITAL DE YURUA;UF0009994;Botadero Municipal;18;745172.0;8944972.0;177.684518;2512.403047;0.25124;Municipalidad distrital de Yurua;0.1;No;No;No;No;No;No;No;No;No;No;Recuperación;2018;RCD N°026 -2018-OEFA/CD;;
38423;2054;250102;Ucayali;Coronel Portillo;Campoverde;"20154572792
20393356899
20154435965
20198772306
20154601644";"MUNICIPALIDAD PROV.DE CORONEL PORTILLO
MUNICIPALIDAD DISTRITAL DE MANANTAY
MUNICIPALIDAD DISTRITAL DE YARINACOCHA
MUNICIPALIDAD DISTRITAL DE NUEVA REQUENA
MUNICIPALIDAD DISTRITAL DE CAMPO VERDE";UF0009796;Botadero Km 22 Carretera Federico Basadre;18;531838.0;9065709.0;2065.015235;182235.153342;18.223515;Municipalidad provincial Coronel Portillo, Municipalidad distrital de Campo Verde, Municipalidad distrital de Yarinacocha, Municipalidad distrital de Manantay;109;Si;Si;No;Si;No;No;No;No;No;No;Recuperación;2018;RCD N°026 -2018-OEFA/CD;Resolución N.° 87-2024-OEFA/DSIS;
38424;2055;250103;Ucayali;Coronel Portillo;Iparia;20172344390;MUNICIPALIDAD DISTRITAL DE IPARIA;UF0009931;Botadero Municipal;18;557229.0;8971622.0;250.982069;3917.899152;0.39179;Municipalidad distrital de Iparia;0.5;No;No;No;No;No;No;No;No;Si;No;Recuperación;2018;RCD N°026 -2018-OEFA/CD;;
38425;2056;250103;Ucayali;Coronel Portillo;Iparia;20172344390;MUNICIPALIDAD DISTRITAL DE IPARIA;UF0038621;Botadero Municipal 2;18;560815.0;8971620.0;No precisa;2500;0.25;Municipalidad distrital de Iparia;0.3;No;No;No;No;No;No;No;No;No;No;Recuperación;2024;RESOLUCIÓN N° 00103-2024-OEFA/DSIS;;
38426;2057;250103;Ucayali;Coronel Portillo;Iparia;20172344390;MUNICIPALIDAD DISTRITAL DE IPARIA;-;Botadero Municipal de Iparia;18;561096.0;8973625.0;191;1361;0.13;Municipalidad distrital de Iparia;3;No;No;No;No;No;No;No;No;No;No;Recuperación;2025;-;;
38427;2058;250104;Ucayali;Coronel Portillo;Masisea;20170164408;MUNICIPALIDAD DISTRITAL DE MASISEA;UF0009949;Botadero Municipal;18;575482.0;9045672.0;203.362386;2272.474993;0.227247;Municipalidad distrital de Masisea;1600;No;No;No;No;No;No;No;No;No;No;Recuperación;2018;RCD N°026 -2018-OEFA/CD;;
38428;2059;250104;Ucayali;Coronel Portillo;Masisea;20170164408;MUNICIPALIDAD DISTRITAL DE MASISEA;UF0038622;Botadero Municipal Masisea 2;18;577233.0;9047051.0;No precisa;2500;0.25;Municipalidad distrital de Masisea;0.3;No;No;No;No;No;No;No;No;No;No;Recuperación;2024;RESOLUCIÓN N° 00103-2024-OEFA/DSIS;;
38429;2060;250106;Ucayali;Coronel Portillo;Nueva Requena;20198772306;MUNICIPALIDAD DISTRITAL DE NUEVA REQUENA;UF0009638;Botadero de Requena;18;516812.0;9080505.0;120.174934;995.0464;0.099505;Municipalidad distrital de Nueva Requena;3;No;No;Si;No;No;No;No;No;No;No;Recuperación;2018;RCD N°026 -2018-OEFA/CD;;
38430;2061;250305;Ucayali;Padre Abad;Alexander Von Humboldt;20393108488;MUNICIPALIDAD DISTRITAL DE ALEXANDER VON HUMBOLDT;UF0010847;Botadero Villa Herodita;18;495803.0;9024353.0;710.67;19400;1.94;Municipalidad distrital de Alexander Von Humbolt;1720;No;No;No;No;No;No;No;No;No;No;Recuperación;2018;RCD N°026 -2018-OEFA/CD;;
38431;2062;250303;Ucayali;Padre Abad;Curimana;20232953421;MUNICIPALIDAD DISTRITAL DE CURIMAMA;UF0009597;Botadero de Curimana;18;484557.0;9068799.0;490;12400;1.24;Muncipalidad distrital de Curimana;2.7;No;No;Si;No;No;No;No;No;No;No;Recuperación;2018;RCD N°026 -2018-OEFA/CD;Resolución N.° 00062-2024-OEFA/DSIS;
38432;2063;250302;Ucayali;Padre Abad;Irazola;20191550138;MUNICIPALIDAD DISTRITAL DE IRAZOLA;UF0009612;Botadero de Irazola;18;474634.0;9025128.0;307.40499;5508.859992;0.550886;Municipalidad distrital de Irazola;5;Si;No;Si;No;No;No;No;No;No;No;Recuperación;2018;RCD N°026 -2018-OEFA/CD;;
38433;2064;250302;Ucayali;Padre Abad;Irazola;20191550138;MUNICIPALIDAD DISTRITAL DE IRAZOLA;UF0037736;Botadero Sector Caserío Nuevo Huánuco;18;478977.0;9019548.0;No precisa;5000;0.5;Municipalidad distrital de Irazola;5;Si;No;Si;No;No;No;No;No;No;No;Recuperación;2024;Resolución N° 003-2024-OEFA/DSIS;;
38434;2065;250304;Ucayali;Padre Abad;Neshuya;20209167531;MUNICIPALIDAD DISTRITAL DE NESHUYA;UF0009900;Botadero Municipal;18;504112.0;9047943.0;464;11300;1.13;Municipalidad distrital de Neshuya;4;Si;No;No;No;No;No;No;No;No;No;Recuperación;2018;RCD N°026 -2018-OEFA/CD;Resolución N.° 00140-2024-OEFA/DSIS;
38435;2066;250301;Ucayali;Padre Abad;Padre Abad;20188331581;MUNICIPALIDAD PROVINCIAL DE PADRE ABAD;UF0010005;Botadero Municipal Erika;18;431134.0;8998114.0;915.720312;7229.220092;0.722922;Municipalidad provincial de Padre Abad, Municipalidad del Centro poblado de Huipaca, Municipalidad del Centro poblado de Boqueron;17;Si;Si;No;Si;No;No;No;No;No;No;Recuperación;2018;RCD N°026 -2018-OEFA/CD;;
38436;2067;250401;Ucayali;Purús;Purús;20168778750;MUNICIPALIDAD PROVINCIAL DE PURUS;UF0010803;Botadero ubicado en el ex estadio;19;312800.0;8920242.0;214.978214;3256.692211;0.325669;Municipalidad provincial de Purus;0.1;No;No;Si;Si;No;No;No;No;Si;No;Recuperación;2018;RCD N°026 -2018-OEFA/CD;;
