ID_registro;0;CODIGO DE ADMINISTRADO (1);RUC;TITULAR;TIPO DE TITULAR ;"CODIGO DE UNIDAD FISCALIZABLE 
(1)";NOMBRE INFRAESTRUCTURA;TIPO DE INFRAESTRUCTURA (2);AMBITO GESTIÓN;VALORIZACIÓN;TRANSFERENCIA;TRATAMIENTO;DISPOSICIÓN FINAL;DEPARTAMENTO;PROVINCIA;DISTRITO;DIRECCIÓN;UBIGEO;ZONA;COORDENADA ESTE;COORDENADA NORTE;IGA-1;IGA-2;IGA-3;IGA-4;IGA-5;IGA-6;IGA-7;REGISTRO_AUTORITATIVO;ETAPA;FUENTE_ETAPA;FECHA_AS;OBSERVACIÓN;BENEFICIARIOS;GM_NP;GM_P;GNM_NP;GNM_P;ZONA.1;Año;Documento
39804;1;ADM17320;20565683447.0;ACEROS DAYANA IMPORT EXPORT S.A.C. - ACEROS DAYANA IMPEX S.A.C.;EORS;UF0009228;INSTALACIÓN DE COMERCIALIZACIÓN DE RESIDUOS SÓLIDOS;Infraestructura de Valorización;Municipal y No municipal;SI;NO;NO;NO;Lima;Lima;Puente Piedra;Mz C, Lote 4 Asociación de Vivienda Fundo Mi Estrella;150125;18.0;273701;8686013.0;R.D. Nº 1821-2018/DCEA/DIGESA/SA;-;-;-;-;-;;"EO-RS-0088-19-150125
  EO-RS-0088-19-150125 
 (Incorporación de unidades vehiculares y residuos sólidos)
   EO-RS-0088-19-150125 (Incorporación de unidades vehiculares) EO-RS-0088-19-150125 Anexo 1 (Incorporación de unidades vehiculares)
   EO-RS-0088-19-150125 Anexo 2 (Incorporación de unidades vehiculares)
   EO-RS-0088-19-150125 Anexo 03 (Modificación de la información)";OPERACIÓN;"Informe de operador de IV trimestre 2021
 SIGERSOL NO MUNICIPAL";2025-02-06 00:00:00;No aplica;No aplica;SI;NO;SI;NO;2022;Resolución N.° 00018-2022-OEFA/DSIS;Resolución N.° 00018-2022-OEFA/DSIS
39805;2;ADM16018;20512782087.0;ACEROS GEAN IMPORT EXPORT SOCIEDAD COMERCIAL DE RESPONSABILIDAD LIMITADA;EORS;UF0009243;INSTALACIÓN DE COMERCIALIZACIÓN DE RESIDUOS SÓLIDOS;Infraestructura de Valorización;Municipal y No municipal;SI;NO;NO;NO;Lima;Lima;Puente Piedra;Asociación de Propietarios Los Parrales Lt 5;150125;18.0;273727.34;8685981.51;R.D. Nº 1837-2016/ DSA /DIGESA/SA;-;-;-;-;-;;"EO-RS-0091-19-150125
 
 EO-RS-0091-19-150125 Anexo 1 (Modificación de la Información)";OPERACIÓN;Supervisión;2025-02-12 00:00:00;No aplica;No aplica;SI;NO;SI;NO;2022;Resolución N.° 00018-2022-OEFA/DSIS;Resolución N.° 00018-2022-OEFA/DSIS
39806;3;ADM19228;20490469797.0;"BIO ABONOS DEL SUR SOCIEDAD ANONIMA CERRADA-""BIO ABONOS DEL SUR S.A.C.""";EORS;UF0014186;INSTALACIÓN DE PLANTA DE TRATAMIENTO DE DESECHOS ORGÁNICOS DE COMIDA PARA LA ELABORACIÓN DE HUMUS DE LOMBRIZ Y COMPOST A TRAVÉS DEL COMPOSTAJE;Infraestructura de Valorización;Municipal;SI;NO;NO;NO;Cusco;Quispicanchi;Oropesa;Sector Osccolloco s/n - Huasao;81211;19.0;195488;8498168.0;R.A. Nº 320-2019-MPQ/A;-;-;-;-;-;;EO-RS-00136-2021-MINAM-VMGA/DGRS;INOPERATIVA;Reporte de Verificación del 04/06/2024 (Registro 2024-I01-021800);-;No aplica;No aplica;SI;NO;NO;NO;2022;Resolución N.° 00018-2022-OEFA/DSIS;Resolución N.° 00018-2022-OEFA/DSIS
39807;4;ADM18744;20548415404.0;BIOILS PERU S.A.C.;EORS;UF0013341;PLANTA DE TRATAMIENTO DE RESIDUOS OLEOSOS;Infraestructura de Valorización;Municipal y No municipal;SI;NO;NO;NO;Callao;Callao;Callao;Calle Edwin White y Av. Huáscar N° 400, Urb Industrial La Chalaca;70101;18.0;268253;8667462.0;No tiene;-;-;-;-;-;;EO-RS - 00083-2022-MINAM/VMGA/DGRS;OPERACIÓN;Supervisión;2021-06-28 00:00:00;No aplica;No aplica;NO;SI;NO;SI;2022;Resolución N.° 00018-2022-OEFA/DSIS;Resolución N.° 00018-2022-OEFA/DSIS
39808;5;ADM15605;20501819795.0;CAMISEA COMBUSTIBLES S.R.L.;EORS;UF0009258;PLANTA DE TRATAMIENTO DE MEZCLAS OLEOSAS Y ACEITES USADOS;Infraestructura de Valorización;No municipal;SI;NO;NO;NO;Callao;Callao;Callao;Pasaje Don Oscar, Zona Rivereña Al Mar, Altura Cuadra 1 De La Avenida Centenario;70101;18.0;266961;8670621.0;R.D. N° 1340-2015/DEPA/DIGESA/SA;-;-;-;-;-;;"EO-RS-00124-2021-MINAM-VMGA/DGRS
 
 EO-RS-00124-2021-MINAM-VMGA/DGRS Anexo 1(Ampliación de operaciones)
 
 EO-RS-00124-2021-MINAM-VMGA/DGRS Anexo2 (Incorporación de unidades vehiculares)";OPERACIÓN;Supervisión;2021-07-22 00:00:00;No aplica;No aplica;NO;NO;NO;SI;2022;Resolución N.° 00018-2022-OEFA/DSIS;Resolución N.° 00018-2022-OEFA/DSIS
39809;6;ADM16032;20513294574.0;CAMPO LIMPIO;EORS;UF0009230;CENTRO DE ACOPIO DE ENVASES AGROQUÍMICOS CAMPO LIMPIO - TRUJILLO;Infraestructura de Valorización;No municipal;SI;NO;NO;NO;La Libertad;Trujillo;Huanchaco;Block M-1 - Parcelación Lote VD 122 III UC 15453, sector Valdivia Baja, altura cuadra 2 de la autopista al Aeropuerto, a 200 m del ovalo de Huanchaco;130104;17.0;709509;9105827.0;R.D. Nº 0241-2017/DSA/DIGESA/SA;-;-;-;-;-;;EO-RS-0026-19-130104;OPERACIÓN;Supervisión;2020-10-10 00:00:00;No aplica;No aplica;NO;NO;SI;NO;2022;Resolución N.° 00018-2022-OEFA/DSIS;Resolución N.° 00018-2022-OEFA/DSIS
39810;7;ADM16032;20513294574.0;CAMPO LIMPIO;EORS;UF0013834;CENTRO DE ACOPIO Y PLANTA DE ACONDICIONAMIENTO CAMPO LIMPIO - ICA;Infraestructura de Valorización;No municipal;SI;NO;NO;NO;Ica;Ica;Pueblo Nuevo;Km 313+800 de la carretera Panamericana Sur, fundo El Pino;110107;18.0;422666;8437240.0;R.D. Nº 0619-2018/DCEA/DIGESA/SA;-;-;-;-;-;;EO-RS-0026-19-130104;OPERACIÓN;"Informe de operador de II Trimestre 
 SIGERSOL NO MUNICIPAL";-;No aplica;No aplica;NO;NO;SI;NO;2022;Resolución N.° 00018-2022-OEFA/DSIS;Resolución N.° 00018-2022-OEFA/DSIS
39811;8;ADM17146;20553374546.0;CAS Y ROS E.I.R.L.;EORS;UF0009245;INSTALACIÓN DE COMERCIALIZACIÓN DE RESIDUOS SÓLIDOS;Infraestructura de Valorización;No municipal;SI;NO;NO;NO;Lima;Lima;Puente Piedra;Calle Los Ficus Mz H Lt 3 Urb. Shangrila;150125;18.0;273689;8682343.0;R.D. Nº 2485-2017/DCEA/DIGESA/SA;-;-;-;-;-;;No tiene;OPERACIÓN;Supervisión;2019-10-11 00:00:00;No aplica;No aplica;NO;NO;SI;SI;2022;Resolución N.° 00018-2022-OEFA/DSIS;Resolución N.° 00018-2022-OEFA/DSIS
39812;9;ADM11471;20100814324.0;CIA INDUSTRIAL LIMA S A CILSA;EORS;UF0009255;PLANTA DE TRATAMIENTO DE ACEITES USADOS;Infraestructura de Valorización;Municipal y No municipal;SI;NO;NO;NO;Lima;Lima;Puente Piedra;Calle Salitral, Lote 1, Los Gramadales, Tarapacá;150125;18.0;270859;8689009.0;R.D. Nº 1972/2005/DIGESA/SA;-;-;-;-;-;;"EO-RS-0054-18-150125
 
 EO-RS-0054-18-150125 Anexo 1 (Modificación de la información)
 
 EO-RS-0054-18-150125 (Incorporación de unidades vehiculares)
 
 EO-RS-0054-18-150125 Anexo 2 (Incorporación de unidades vehiculares)
 
 EO-RS-0054-18-150125 Anexo 3 (Incorporación de unidades vehiculares)";OPERACIÓN;Supervisión;2025-02-14 00:00:00;No aplica;No aplica;SI;NO;SI;SI;2022;Resolución N.° 00018-2022-OEFA/DSIS;Resolución N.° 00018-2022-OEFA/DSIS
39813;10;ADM11522;20101372414.0;CIA QUIMICA INDUSTRIAL DEL PACIFICO SA;EORS;UF0009227;INSTALACIÓN DE COMERCIALIZACIÓN DE RESIDUOS SÓLIDOS;Infraestructura de Valorización;Municipal y No municipal;SI;NO;NO;NO;Callao;Callao;Callao;Av. Argentina 5064;70101;18.0;272039;8667246.0;R.D. Nº 0584-2017/DCEA/DIGESA/SA;-;-;-;-;-;;"EO-RS-0330-19-70101
 
 EO-RS-0330-19-70101 Anexo 1 
 Ampliación de operaciones
 
 EO-RS-0330-19-70101 (Incorporación de residuos sólidos y cambio de uso de unidad vehicular)";OPERACIÓN;Supervisión;2019-03-06 00:00:00;No aplica;No aplica;SI;SI;SI;SI;2022;Resolución N.° 00018-2022-OEFA/DSIS;Resolución N.° 00018-2022-OEFA/DSIS
39814;11;ADM15725;20505663820.0;COMBUSTIBLES WILLY EMPRESA INDIVIDUAL DE RESPONSABILIDAD LIMITADA;EORS;UF0009260;PLANTA DE TRATAMIENTO DE RESIDUOS DE MEZCLAS OLEOSAS;Infraestructura de Valorización;No municipal;SI;NO;NO;NO;Lima;Lima;Ate;Calle Marie Curie Mz D, Lote 7, Urbanización Industrial Santa Rosa;150103;18.0;285142;8665765.0;R.D. N° 1505/2006/DIGESA/SA;-;-;-;-;-;;No tiene;OPERACIÓN;Supervisión;2019-12-11 00:00:00;No aplica;No aplica;NO;NO;NO;SI;2022;Resolución N.° 00018-2022-OEFA/DSIS;Resolución N.° 00018-2022-OEFA/DSIS
39815;12;ADM21246;20607598658.0;COMERCIAL YAMUNAQUE E.I.R.L.;EORS;UF0017714;PLANTA PROCESADORA DE GUANO DE GANADO VACUNO;Infraestructura de Valorización;No municipal;SI;NO;NO;NO;Lima;Lima;Lurín;Mz F, Lt 3 Del CPR Salvemos a Rinconada de Puruhuay De Lurín, frente a la casa Hacienda Temoche;150119;18.0;297648;8645431.0;No tiene;-;-;-;-;-;;No tiene;INOPERATIVA;Supervisión;2022-07-21 00:00:00;No aplica;No aplica;NO;NO;SI;NO;2022;Resolución N.° 00018-2022-OEFA/DSIS;Resolución N.° 00018-2022-OEFA/DSIS
39816;13;ADM15851;20509128686.0;COMIMTEL SOCIEDAD ANONIMA CERRADA;EORS;UF0009229;INSTALACIÓN DE COMERCIALIZACIÓN DE RESIDUOS SÓLIDOS;Infraestructura de Valorización;Municipal y No municipal;SI;NO;NO;NO;Lima;Lima;San Martín de Porres;Av. Alfredo Mendiola 8034 Mz D-06 Lt 03 Urb. Pro Industrial 6to Sector;150135;18.0;274445;8679843.0;R.D. N° 123-2016/DSB/DIGESA/SA;-;-;-;-;-;;"EO-RS-0332-19-150135
 
 EO-RS-0332-19-150135 
 (Ampliación de uso de unidades vehiculares)
 EO-RS-0332-19-150135 (Incorporación de unidades vehiculares)
  EO-RS-0332-19-150135 (Incorporación de unidades vehiculares)
   EO-RS-0332-19-150135 Anexo 1 (Incorporación de unidades vehiculares)";OPERACIÓN;Supervisión;2025-02-07 00:00:00;No aplica;No aplica;SI;SI;SI;SI;2022;Resolución N.° 00018-2022-OEFA/DSIS;Resolución N.° 00018-2022-OEFA/DSIS
39817;14;ADM20482;20558275830.0;COPLASME E.I.R.L.;EORS;UF0016757;PLANTA UMAPALCA;Infraestructura de Valorización;No municipal;SI;NO;NO;NO;Arequipa;Arequipa;Sabandía;Zona 1 Mz D, Sub lote 8-A, A.S. Umapalca Sector Pecuario;40116;19.0;232206;8178238.0;No tiene;-;-;-;-;-;;No tiene;OPERACIÓN;Supervisión;2022-01-04 00:00:00;No aplica;No aplica;NO;NO;SI;NO;2022;Resolución N.° 00018-2022-OEFA/DSIS;Resolución N.° 00018-2022-OEFA/DSIS
39818;15;ADM14600;20431066271.0;COR & MEL S.C.R.L.;EORS;UF0009254;PLANTA DE TRATAMIENTO DE ACEITES RESIDUALES Y RESIDUOS OLEOSOS;Infraestructura de Valorización;No municipal;SI;NO;NO;NO;Callao;Callao;Callao;Pasaje Don Oscar, Sub Lote 1, Urb. Acapulco;70101;18.0;267169;8670451.0;R.D. Nº 011-2010/DEPA/DIGESA/SA;Oficio N° 3947-2012-PRODUCE/DVMYPE-I/DGI-DAAI;;-;-;-;;"EO-RS-0019-19-70101
 
 EO-RS-0019-19-70101 Anexo 1 
 (Modificación de la información)";OPERACIÓN;Supervisión;2022-03-25 00:00:00;No aplica;No aplica;NO;NO;NO;SI;2022;Resolución N.° 00018-2022-OEFA/DSIS;Resolución N.° 00018-2022-OEFA/DSIS
39819;16;ADM15828;20508597208.0;CORPORACION DINA E HIJOS S.R.L.;EORS;UF0009237;INSTALACIÓN DE COMERCIALIZACIÓN DE RESIDUOS SÓLIDOS;Infraestructura de Valorización;Municipal y No municipal;SI;NO;NO;NO;Lima;Lima;Puente Piedra;Jirón Cuzco S/N Mz 01 Lote 3 Asociación De Propietarios El Dorado - Zapallal Alto;150125;18.0;271868;8691726.0;R.D. Nº 528-2015/DSB/DIGESA/SA;-;-;-;-;-;;"EO-RS-0386-19-150125
 
 EO-RS-00064-2020-MINAM-VMGA/DGRS Anexo 1 
 (Modificación de la información)";OPERACIÓN;Supervisión;2025-02-13 00:00:00;No aplica;No aplica;SI;SI;SI;SI;2022;Resolución N.° 00018-2022-OEFA/DSIS;Resolución N.° 00018-2022-OEFA/DSIS
39820;17;ADM15913;20510797109.0;CORPORACION JESHUA SOCIEDAD ANONIMA CERRADA;EORS;UF0001924;PLANTA VENTANILLA;Infraestructura de Valorización;Municipal y No municipal;SI;NO;SI (*);NO;Callao;Callao;Ventanilla;Av. Revolución N° 310, Mz. I Lote 15, Zona Industrial de Ventanilla;70106;18.0;268535;8686930.0;R.D. N° 067-2017-PRODUCE/DVMYPE-I/DGAAMI;-;-;-;-;-;;No tiene;OPERACIÓN;Supervisión;2024-12-11 00:00:00;No aplica;No aplica;NO;SI;NO;SI;2022;Resolución N.° 00018-2022-OEFA/DSIS;Resolución N.° 00018-2022-OEFA/DSIS
39821;18;ADM16060;20514133931.0;CORPORACION MEDIOAMBIENTAL AMPCO PERU SOCIEDAD ANONIMA CERRADA - CM AMPCO PERU S.A.C.;EORS;UF0009219;INFRAESTRUCTURA DE LA PLANTA DE TRATAMIENTO DE POLÍMEROS EN DESUSO;Infraestructura de Valorización;No municipal;SI;NO;SI (*);NO;Lima;Cañete;Chilca;Mz J-1 Lote-Parcela 17, Los Huertos De Oro De San Hilarión De Pampas Y Hoyadas De Calanguillo;150505;18.0;312760;8614783.0;R.D. Nº 2018-2013/DEPA/DIGESA/SA;R.D. Nº 00475-2022-PRODUCE/DGAAMI;-;-;-;-;;"EO-RS-0304-19-70101
 
 EO-RS-0304-19-70101 Anexo 1 (Ampliación de operaciones)";OPERACIÓN;Supervisión;2024-02-19 00:00:00;Actividades suspendidas hasta el 15 de febrero del 2025;No aplica;NO;NO;SI;NO;2022;Resolución N.° 00018-2022-OEFA/DSIS;Resolución N.° 00018-2022-OEFA/DSIS
39822;19;ADM16060;20514133931.0;CORPORACION MEDIOAMBIENTAL AMPCO PERU SOCIEDAD ANONIMA CERRADA - CM AMPCO PERU S.A.C.;EORS;UF0017491;PLANTA DE TRATAMIENTO DE ACEITES USADOS DE ORIGEN MINERAL Y/O SINTETICO DEL ÁMBITO DE LA GESTIÓN NO MUNICIPAL;Infraestructura de valorización;No municipal;SI;NO;NO;NO;Callao;Callao;Callao;Calle 4 S/N Mz. HP-HQ, Urb. Industrial Oquendo;70101;18.0;268131;8675921.0;R.D. N°1068-2011/DEPA/DIGESA/SA;R.D. N° 01106-2023-MINAM/VMGA/DGGRS;-;-;-;-;;"EO-RS-0304-19-70101
 
 EO-RS-0304-19-70101 Anexo 1 (Ampliación de operaciones)";OPERACIÓN;Oficio N° 3051-2022/DCEA/DIGESA de fecha 01/06/2022 (Registro 2022-E01-050012);-;No aplica;No aplica;NO;NO;NO;SI;2022;Resolución N° 00054-2022-OEFA/DSIS;Resolución N° 00054-2022-OEFA/DSIS
39823;20;ADM19582;20602877532.0;ECCOLEO SOCIEDAD ANONIMA CERRADA;EORS;UF0016698;PLANTA DE TRATAMIENTO DE ACEITES LUBRICANTES USADOS;Infraestructura de Valorización;No municipal;SI;NO;SI (*);NO;Lambayeque;Chiclayo;La Victoria;Mz. E, Lote 4 Pueblo Joven – Chosica del Norte;140106;17.0;629088;9246111.0;R.D. Nº 00044-2020-SENACE-PE/DEIN;-;-;-;-;-;;"EO-RS-00108-2020-MINAM-VMGA/DGRS
 
 EO-RS-00108-2020-MINAM-VMGA/DGRS Anexo 1
 (Modificación de la información)";OPERACIÓN;"Informe de operador de I Trimestre del 2022
 SIGERSOL NO MUNICIPAL";-;No aplica;No aplica;NO;NO;NO;SI;2022;Resolución N.° 00018-2022-OEFA/DSIS;Resolución N.° 00018-2022-OEFA/DSIS
39824;21;ADM22000;20547814151.0;ECOAZUL S.A.C;EORS;UF0019011;INFRAESTRUCTURA DE VALORIZACION DE RESIDUOS DE APARATOS ELÉCTRICOS Y ELECTRÓNICOS (RAEE)-ECOAZUL S.A.C.;Infraestructura de Valorización;Municipal y No municipal;SI;NO;NO;NO;Lima;Lima;Villa El Salvador;Lote 05 Asoc. Agropecuaria Unidad Tres Regiones;150142;18.0;287390;8647719.0;R.D. N° 00766-2022-MINAM/VMGA/DGRS;-;-;-;-;-;;"EO-RS-0062-19-150716
 EO-RS-0062-19-150716 Anexo 1
 (Ampliación de operaciones)
 EO-RS-0062-19-150716 Anexo 2 
 (Ampliación de operaciones)
 EO-RS-0062-19-150716 
 (Incorporación de unidades vehiculares y ampliación de planta de operaciones)
 EO-RS-0062-19-150716 Anexo 3 
 (Modificación de la información)";OPERACIÓN;"Oficio N° 00329-2022-MINAM/VMGA/DGRS de fecha 17/06/2022 
 (Registro 2022-E01-054537)";-;No aplica;No aplica;SI;SI;SI;SI;2022;Resolución N° 00054-2022-OEFA/DSIS;Resolución N° 00054-2022-OEFA/DSIS
39825;22;ADM15596;20501534103.0;ENVAK S.A.C.;EORS;UF0012756;INSTALACIÓN DE COMERCIALIZACIÓN DE RESIDUOS SÓLIDOS PLANTA N°1;Infraestructura de Valorización;Municipal y No municipal;SI;NO;NO;NO;Lima;Lima;Lurigancho;Jirón Andrés Avelino Cáceres Mz K Lote 3 y 4, Asoc. Los Huertos de Huachipa (Autopista Ramiro Prialé Km 7);150118;18.0;289869;8670688.0;R.D. N°290-2014/DSB/DIGESA/SA;-;-;-;-;-;;"EO-RS-0077-18-150118
 
 EO-RS-0077-18-150118 Anexo 1
  EO-RS-0077-18-150118 Anexo 2 (Modificación de la información)
 EO-RS-0077-18-150118 ANEXO 14 (Modificación de unidades vehiculares para el manejo de residuos peligrosos)";OPERACIÓN;Supervisión;2019-11-07 00:00:00;No aplica;No aplica;SI;SI;SI;SI;2022;Resolución N.° 00018-2022-OEFA/DSIS;Resolución N.° 00018-2022-OEFA/DSIS
39826;23;ADM19887;20498298339.0;EMPRESA DE PROTECCION AMBIENTAL SAC;EORS;UF0015062;PLANTA MOLLEBAYA;Infraestructura de Valorización;No municipal;SI;NO;SI (*);NO;Arequipa;Arequipa;Mollebaya;Asociación Ladrilleros del Cono Sur Arequipa Mz O Lote 1, Anexo de Machahuaya;40111;19.0;233851;8172880.0;R.D. Nº 057-2013-PRODUCE/DVMYPE-I/DIGGAM;-;-;-;-;-;;No tiene;INOPERATIVA;"Reporte de Verificación del 06/06/2024
  (Registro 2024-I01-021787)
  Carta S/N de la Empresa de Protección Ambiental del 30/09/2024
  (Registro 2024-E01-108366)";-;No aplica;No aplica;NO;NO;SI;SI;2022;Resolución N.° 00018-2022-OEFA/DSIS;Resolución N.° 00018-2022-OEFA/DSIS
39827;24;ADM17263;20562821148.0;ENVIRONMENTAL AND BIOLOGICAL LABORATORIES SOCIEDAD ANONIMA CERRADA - ENBIOLAB S.A.C.;EORS;UF0009232;INSTALACIÓN DE COMERCIALIZACIÓN DE RESIDUOS SÓLIDOS;Infraestructura de Valorización;No municipal;SI;NO;NO;NO;La Libertad;Trujillo;La Esperanza;Parque Industrial Mz C-12 Lote 8-D;130105;17.0;713525;9109897.0;R.D. Nº 0002-2017/DSA/DIGESA/SA;-;-;-;-;-;;EO-RS-0177-19-130105;OPERACIÓN;"INFORME FINAL DE SUPERVISIÓN N° 00213-2025-OEFA/ODES-LAL
(Registro 2025-I01-055472)";2019-06-04 00:00:00;No aplica;No aplica;NO;NO;SI;NO;2022;Resolución N.° 00018-2022-OEFA/DSIS;Resolución N.° 00018-2022-OEFA/DSIS
39828;25;ADM16377;20523363337.0;FIERROS CENTER & METALES INDUSTRIALES SOCIEDAD ANONIMA CERRADA-FICEMIN S.A.C.;EORS;UF0009240;INSTALACIÓN DE COMERCIALIZACIÓN DE RESIDUOS SÓLIDOS;Infraestructura de Valorización;No municipal;SI;NO;NO;NO;Lima;Cañete;Chilca;Mz E, Lt4 cruce de las calles Benjamín Franklin cuadra 2 y Luis Pasteur cuadra 2, Etapa 1(Parque Industrial Sector 62);150505;18.0;310349;8617678.0;R.D. Nº 1926-2018/DCEA/DIGESA/SA;R.D. N° 00402-2023-MINAM/VMGA/DGGRS;"R.D.
N° 00726-2025-MINAM/VMGA/DGGRS";-;-;-;;"EO-RS-0133-18-150117
 (Incorporación de unidad vehicular)
 EO-RS-0133-18-150117 Anexo 1 (Modificación de la información)
 EO-RS-0133-18-150117
 (Incorporación de residuos solidos)
 EO-RS-0133-18-150117 Anexo 2 (Modificación de la información)
 EO-RS-0133-18-150117 Anexo 3 (Ampliación de operaciones)
 EO-RS-0133-18-150117 Anexo 4
 (Incorporación de residuos solidos)
   EO-RS-0133-18-150117 Anexo 11 (Modificación de la información)
Anexo 23
ACTUALIZACIÓN DEL REGISTRO AUTORITATIVO
N° 01480-2025-MINAM/VMGA/DGGRS
(Ampliación de la lista de residuos sólidos peligrosos)";OPERACIÓN;"Carta S/N de fecha 25 de abril del 2022
 (Registro 2022-E01-040062)";2023-10-19 00:00:00;No aplica;No aplica;NO;NO;SI;SI;2022;Resolución N.° 00018-2022-OEFA/DSIS;Resolución N.° 00018-2022-OEFA/DSIS
39829;26;ADM22001;20549627545.0;FOMENTO OBRAS Y CONTRATAS S.A.C;EORS;UF0019012;PLANTA DE VALORIZACIÓN DE RESIDUOS SOLIDOS DE LA CONSTRUCCIÓN Y DEMOLICIÓN;Infraestructura de Valorización;Municipal y No municipal;SI;NO;NO;NO;Lima;Lima;Villa El Salvador;Mz D1 Lote 2, Coop. Las Vertientes de la Tablada de Lurín;150142;18.0;285640;8648640.0;R.D. N° 01077-2021-MINAM/VMGA/DGRS;-;-;-;-;-;;"EO-RS-00085-2021-MINAM-VMGA/DGRS
 
 EO-RS-00085-2021-MINAM-VMGA/DGRS Anexo 1 (Modificación de la información)
 
 EO-RS-00085-2021-MINAM-VMGA/DGRS Anexo 2 (Ampliación de operaciones)";OPERACIÓN;"Oficio N° 00400-2022-MINAM/VMGA/DGRS de fecha 22/07/2022 
 (Registro 2022-E01-078354)";2023-08-25 00:00:00;No aplica;No aplica;SI;NO;SI;NO;2022;Resolución N° 00054-2022-OEFA/DSIS;Resolución N° 00054-2022-OEFA/DSIS
39830;27;ADM14299;20379037012.0;GREEN CARE DEL PERU S.A.;EORS;UF0013133;INSTALACIÓN DE COMERCIALIZACIÓN DE RESIDUOS SÓLIDOS;Infraestructura de Valorización;No municipal;SI;NO;NO;NO;Callao;Callao;Ventanilla;Av. Revolución N° 648, Mz. I-15 Lote 24, Zona Industrial;70106;18.0;268578;8687345.0;R.D. Nº 0345/2006/DIGESA/SA;R.D. Nº 1535-2009/DIGESA/SA;"Informe N° 001830-
 2015/DEPA/DIGESA";R.D. N° 00011-2021-SENACE-PE/DEIN;-;-;;"EO-RS-0053-18-70106
 
 EO-RS-0053-18-70106 Anexo 1 (Modificación de la información)
 
 EO-RS-0053-18-70106 (Incorporación y cambio de uso de unidades vehiculares)
 
 EO-RS-0053-18-70106 (Incorporación de unidades vehiculares)
 
 EO-RS-0053-18-70106 Anexo 2 (Incorporación de unidades vehiculares)";OPERACIÓN;Supervisión;2019-10-01 00:00:00;No aplica;No aplica;NO;NO;NO;SI;2022;Resolución N.° 00018-2022-OEFA/DSIS;Resolución N.° 00018-2022-OEFA/DSIS
39831;28;ADM16934;20543956806.0;GREEN PLANET CORP. S.A.C.;EORS;UF0009246;INSTALACIÓN DE COMERCIALIZACIÓN DE RESIDUOS SÓLIDOS;Infraestructura de Valorización;No municipal;SI;NO;NO;NO;Lima;Lima;Puente Piedra;Calle Los Cerezos Mz B Sublote 16 Urb. Shangrila;150125;18.0;273158;8682604.0;R.D. Nº 2695-2017/DCEA/DIGESA/SA;-;-;-;-;-;;No tiene;INOPERATIVA;Supervisión;2025-03-06 00:00:00;No aplica;No aplica;NO;NO;SI;SI;2022;Resolución N.° 00018-2022-OEFA/DSIS;Resolución N.° 00018-2022-OEFA/DSIS
39832;29;ADM15814;20508251913.0;INCA MAR E.I.R.L;EORS;UF0009295;PLANTA DE TRATAMIENTO DE RESIDUOS SÓLIDOS OLEOSOS Y BORRAS DE HIDROCARBUROS;Infraestructura de Valorización;No municipal;SI;NO;NO;NO;Callao;Callao;Callao;Prolongación Centenario Mz 08 Lote 20 Santo Domingo de Bocanegra;70101;18.0;267460;8672224.0;R.D. Nº 4580/2008/DIGESA/SA;-;-;-;-;-;;EO-RS-00086-2021-MINAM-VMGA/DGRS;CIERRE;Supervisión;2022-06-23 00:00:00;No aplica;No aplica;NO;NO;NO;SI;2022;Resolución N.° 00018-2022-OEFA/DSIS;Resolución N.° 00018-2022-OEFA/DSIS
39833;30;ADM19177;20603312431.0;INVERSIONES AMBIENTALES CAMED SOCIEDAD ANONIMA CERRADA - INVERSIONES AMBIENTALES CAMED S.A.C.;EORS;UF0016732;PLANTA DE PIRÓLISIS PARA LA REVALORIZACIÓN DE NFU;Infraestructura de Valorización;Municipal y No municipal;SI;NO;SI (*);NO;Arequipa;Arequipa;La Joya;"Zona de Irrigación 
 San Francisco, predio D";40108;19.0;195723;8157463.0;R.D. N° 00009-2020-SENACE-PE/DEIN;-;-;-;-;-;;EO-RS-00041-2022-MINAM/VMGA/DGRS;CONSTRUCCIÓN;"CARTA S/N del 15/04/2024
  (Registro 2024-E01-054306)";-;No aplica;No aplica;SI;NO;SI;NO;2022;Resolución N.° 00018-2022-OEFA/DSIS;Resolución N.° 00018-2022-OEFA/DSIS
39834;31;ADM22007;20456424881.0;INVERSIONES BERMARC S.A.C.;EORS;UF0019016;INSTALACIÓN DE COMERCIALIZACION DE RESIDUOS SÓLIDOS;Infraestructura de Valorización;No municipal;SI;NO;NO;NO;Lima;Lima;Ate;Jr. Huanchihuaylas N° 183 Lotiz. Parc. Ex Fundo La Estrella;150103;18.0;293015;8670343.0;R.D. N° 0037-2017/DSA/DIGESA/SA;-;-;-;-;-;;"EO-RS-0052-20-150103
 
 EO-RS-0052-20-150103 ANEXO 01 (Ampliación de unidades vehiculares para el manejo de residuos peligrosos)";OPERACIÓN;Supervisión;2025-03-12 00:00:00;No aplica;No aplica;NO;NO;SI;SI;2022;Resolución N° 00054-2022-OEFA/DSIS;Resolución N° 00054-2022-OEFA/DSIS
39835;32;ADM15222;20484270067.0;JOSCANA SOCIEDAD ANONIMA CERRADA;EORS;UF0009256;PLANTA DE TRATAMIENTO DE ACEITES USADOS Y MEZCLAS OLEOSAS / PLANTA DE TRATAMIENTO DE RESIDUOS INDUSTRIALES DE LODOS DE PERFORACIÓN;Infraestructura de Valorización;No municipal;SI;NO;NO;NO;Piura;Piura;Piura;Mz J Lote 1 3ra Etapa Zona Industrial;200101;17.0;536791;9428087.0;R.D. Nº 1244-2013/DEPA/DIGESA/SA;R.D. Nº 2116-2013/DEPA/DIGESA/SA;-;-;-;-;;"EO-RS-0377-19-200101
 
  EO-RS-0377-19-200101 Anexo 1 
 (Incorporación de unidades vehiculares)";OPERACIÓN;Supervisión;2021-07-07 00:00:00;No aplica;No aplica;NO;NO;NO;SI;2022;Resolución N.° 00018-2022-OEFA/DSIS;Resolución N.° 00018-2022-OEFA/DSIS
39836;33;ADM11470;20100764122.0;LUBRICANTES FILTRADOS MARTE E I R L;EORS;UF0013043;PLANTA DE PROCESAMIENTO DE ACEITES USADOS Y RESIDUOS DE HIDROCARBUROS;Infraestructura de Valorización;No municipal;SI;NO;SI (*);NO;Lima;Lima;Villa El Salvador;Altura Km 18.5 Antigua Panamericana Sur. Parcelación Bs. As. Mz A Lote 1;150142;18.0;285328;8649135.0;R.D. Nº 0199/2006/DIGESA/SA;-;-;-;-;-;;No tiene;CIERRE;Supervisión;2019-11-11 00:00:00;No aplica;No aplica;NO;NO;NO;SI;2022;Resolución N.° 00018-2022-OEFA/DSIS;Resolución N.° 00018-2022-OEFA/DSIS
39837;34;ADM18946;20313218083.0;MAESTRIA EN SERVICIOS DILIGENTES SAC;EORS;UF0013730;INSTALACIÓN DE COMERCIALIZACIÓN DE RESIDUOS SÓLIDOS 2;Infraestructura de Valorización;No municipal;SI;NO;NO;NO;Lambayeque;Lambayeque;Motupe;Fundo Pampa Mogonera del sector Chitarra;140307;17.0;643185;9322553.0;R.D. Nº 1919-2017/DCEA/DIGESA/SA;-;-;-;-;-;;EO-RS-0258-19-140307;OPERACIÓN;"Informe de operador de II Trimestre del 2022
 SIGERSOL NO MUNICIPAL";-;No aplica;No aplica;NO;NO;SI;NO;2022;Resolución N.° 00018-2022-OEFA/DSIS;Resolución N.° 00018-2022-OEFA/DSIS
39838;35;ADM15897;20510511906.0;MAFIE S.A.C.;EORS;UF0009226;INSTALACIÓN DE COMERCIALIZACIÓN DE RESIDUOS SÓLIDOS;Infraestructura de Valorización;Municipal y No municipal;SI;NO;NO;NO;Callao;Callao;Ventanilla;Mz. 16 Lote B Sub Lote B-2 Parque Porcino Zona 12;70106;18.0;269594;8679294.0;R.D. Nº 2471-2017/DCEA/DIGESA/SA;-;-;-;-;-;;"EO-RS-00307-2021-MINAM/VMGA/DGRS
 
 EO-RS-00307-2021-MINAM/VMGA/DGRS ANEXO 01 (Ampliación de unidades vehiculares para el manejo de residuos no peligrosos)";OPERACIÓN;Supervisión;2025-02-04 00:00:00;Actividades paralizadas;No aplica;SI;NO;SI;SI;2022;Resolución N.° 00018-2022-OEFA/DSIS;Resolución N.° 00018-2022-OEFA/DSIS
39839;36;ADM15669;20504009565.0;MAX OIL S.A.C.;EORS;UF0009223;PLANTA DE TRATAMIENTO DE RESIDUOS OLEOSOS (2013);Infraestructura de Valorización;No municipal;SI;NO;SI (*);NO;Callao;Callao;Callao;Prolongación Av. Centenario S/N (Km. .4.5 Néstor Gambeta);70101;18.0;267333;8671754.0;R.D. Nº 1556-2013/DEPA/DIGESA/SA;-;-;-;-;-;;EO-RS-00102-18-70101;OPERACIÓN;Supervisión;2022-07-04 00:00:00;No aplica;No aplica;NO;NO;NO;SI;2022;Resolución N.° 00018-2022-OEFA/DSIS;Resolución N.° 00018-2022-OEFA/DSIS
39840;37;ADM19885;20600828551.0;MULTISERVICIOS PHOENIX E.I.R.L.;EORS;UF0015060;PLANTA VENTANILLA;Infraestructura de Valorización;No municipal;SI;NO;NO;NO;Callao;Callao;Ventanilla;Mz. C-5, LT 7, Asoc. Central de Empresarios del Parque Industrial Pachacútec;70106;18.0;267297;8688504.0;R.D. N° 387-2017-PRODUCE/DVMYPE-I/DGAAMI;-;-;-;-;-;;"EO-RS-0107-19-70106
 
 EO-RS-0107-19-70106 Anexo 2 (Ampliación de operaciones)";OPERACIÓN;"Informe de operador del II Trimestre del 2022
 SIGERSOL NO MUNICIPAL";-;No aplica;No aplica;NO;NO;NO;SI;2022;Resolución N.° 00018-2022-OEFA/DSIS;Resolución N.° 00018-2022-OEFA/DSIS
39841;38;ADM12264;20162586956.0;MUNICIPALIDAD DISTRITAL DE YANAHUARA;Municipalidad;UF0012768;PLANTA DE VALORIZACIÓN DE RESIDUOS SÓLIDOS;Infraestructura de Valorización;Municipal;SI;NO;NO;NO;Arequipa;Arequipa;Yura;Km 18 de la carretera principal Arequipa- Puno/Cusco;40128;19.0;218341;8196456.0;R.G N°293-2021-MPA;-;-;-;-;-;;No aplica;OPERACIÓN;Supervisión;2022-04-21 00:00:00;No aplica;No aplica;SI;NO;NO;NO;2022;Resolución N.° 00018-2022-OEFA/DSIS;Resolución N.° 00018-2022-OEFA/DSIS
39842;39;ADM11716;20120385004.0;MUNICIPALIDAD PROV. DE YAULI LA OROYA;Municipalidad;UF0012771;PLANTA DE TRATAMIENTO DE RESIDUOS SÓLIDOS PARA LOS DISTRITOS DE LA OROYA Y SANTA ROSA DE SACCO;Infraestructura de Valorización;Municipal;SI;NO;NO;NO;Junín;Yauli;La Oroya;Predio Quiulla_Zona Cochabamba-Zona Cochabamba a 11 km de la ciudad de La Oroya, al costado de la carretera Central, en el tramo de la Oroya-Huancayo;120801;18.0;405226;8721306.0;R.D. Nº 0109-2010/DIGESA/SA;-;-;-;-;-;;No aplica;CONSTRUCCIÓN;Supervisión;2021-07-24 00:00:00;No aplica;No aplica;SI;NO;NO;NO;2022;Resolución N.° 00018-2022-OEFA/DSIS;Resolución N.° 00018-2022-OEFA/DSIS
39843;40;ADM12277;20163065330.0;MUNICIPALIDAD PROVINCIAL DEL SANTA;Municipalidad;UF0016721;PLANTA DE TRATAMIENTO DE RESIDUOS ORGÁNICOS E INORGÁNICOS DE CHIMBOTE;Infraestructura de Valorización;Municipal;SI;NO;NO;NO;Áncash;Santa;Chimbote;"Manzana D, zona industrial ""Los Pinos"", altura del kilómetro 434, Carretera Panamericana Norte";21801;17.0;763025;8999709.0;R.D. N° 2994/2008/DIGESA/SA;-;-;-;-;-;;No aplica;CONSTRUCCIÓN CULMINADA;"OFICIO N° 398-2023-GGA-MPS
 (HT 2023-E01-552011)";-;La municipalidad informa que la infraestrutura se incendió, motivo por el cual se encuentra inoperativa.;No aplica;SI;NO;NO;NO;2022;Resolución N.° 00018-2022-OEFA/DSIS;Resolución N.° 00018-2022-OEFA/DSIS
39844;41;ADM11931;20143159001.0;MUNICIPALIDAD DISTRITAL AYNA SAN FRANCISCO;Municipalidad;UF0013742;INFRAESTRUCTURA DE APROVECHAMIENTO Y DISPOSICIÓN FINAL DE RESIDUOS SÓLIDOS DE LA CIUDAD DE AYNA SAN FRANCISCO, LA MAR, AYACUCHO (ANTES BOTADERO EN EL SECTOR BADEN);Infraestructura de disposición final / Relleno sanitario;Municipal;SI;NO;NO;SI;Ayacucho;La Mar;Ayna;Sector de Aurora Alta, en el predio de Nueva Florida;50503;18.0;629564;8606144.0;R.A. N° 189-2017-MPLM-SM/A;-;-;-;-;;;No aplica;OPERACIÓN;"Oficio N° 147-2024-MDASF/A de fecha 22/04/2024
 (Registro 2024-E01-035113)";-;No aplica;Distrito Ayna San Francisco;SI;NO;NO;NO;2022;Resolución N.° 00018-2022-OEFA/DSIS;Resolución N.° 00018-2022-OEFA/DSIS
39845;42;ADM19886;20558742128.0;PHOENIX TECNOLOGIAS AMBIENTALES SOCIEDAD ANONIMA CERRADA;EORS;UF0015061;PLANTA ISLAY;Infraestructura de Valorización;No municipal;SI;NO;NO;NO;Arequipa;Islay;Islay;Calle 2, Mz G, Lote 1, Ceticos Matarani;40704;18.0;809277;8117300.0;R.D. N° 049-2017-PRODUCE/DVMYPE-I/DGAAMI;-;-;-;-;-;;No tiene;OPERACIÓN;"Informe de operador del I Trimestre del 2022
 SIGERSOL NO MUNICIPAL";2023-03-16 00:00:00;No aplica;No aplica;NO;NO;NO;SI;2022;Resolución N.° 00018-2022-OEFA/DSIS;Resolución N.° 00018-2022-OEFA/DSIS
39846;43;ADM14417;20397923381.0;PROD.Y SERV.DE MANTEN. Y SEG.IND.S.R.L.;EORS;UF0009296;TRATAMIENTO DE RESIDUOS SEMISÓLIDOS PELIGROSOS - LODOS ORGÁNICOS;Infraestructura de Valorización;Municipal y No municipal;SI;NO;NO;NO;La Libertad;Trujillo;Huanchaco;Lote Vd.281-III Etapa III Sector Valdivia;130104;17.0;710606;9107603.0;R.D. Nº 1385-2013/DEPA/DIGESA/SA;-;-;-;-;-;;No tiene;CIERRE;Supervisión;2025-10-03 00:00:00;No aplica;No aplica;NO;SI;NO;SI;2022;Resolución N.° 00018-2022-OEFA/DSIS;Resolución N.° 00018-2022-OEFA/DSIS
39847;44;ADM17031;20547775822.0;QUIMICA TORRES SOCIEDAD ANONIMA CERRADA - QUIMICA TORRES S.A.C.;EORS;UF0009233;INSTALACIÓN DE COMERCIALIZACIÓN DE RESIDUOS SÓLIDOS;Infraestructura de Valorización;Municipal y No municipal;SI;NO;NO;NO;Callao;Callao;Ventanilla;Parque Industrial Pachacútec Mz D-17 Lote 1;70106;18.0;267673;8687651.0;R.D. Nº 1035-2017/DCEA/DIGESA/SA;-;-;-;-;-;;"EO-R-00038-2022-MINAM/VMGA/DGRS
 
 EO-R-00038-2022-MINAM/VMGA/DGRS Anexo 01 (Ampliación de operaciones)";OPERACIÓN;Supervisión;2025-03-06 00:00:00;No aplica;No aplica;SI;SI;SI;SI;2022;Resolución N.° 00018-2022-OEFA/DSIS;Resolución N.° 00018-2022-OEFA/DSIS
39848;45;ADM21077;20545679877.0;RESYCLA SOLVENT S.A.C.;EORS;UF0017427;INFRAESTRUCTURA DE VALORIZACIÓN RESYCLA SOLVENT;Infraestructura de Valorización;No municipal;SI;NO;NO;NO;Callao;Callao;Ventanilla;Mz D5 Lote 1 y 2 Parque Industrial Pachacútec;70106;18.0;267531;8688159.0;R.D. N° 00757-2024-MINAM/VMGA/DGGRS;-;-;-;-;-;;"EO-RS-00039-2020-MINAM-VMGA/DGRS

ANEXO 02
ACTUALIZACIÓN DEL REGISTRO AUTORITATIVO N° 00868-2025-MINAM/VMGA/DGGRS
(Ampliación de las operaciones para el manejo de residuos sólidos peligrosos)";OPERACIÓN;Supervisión;2022-12-01 00:00:00;No aplica;No aplica;NO;NO;NO;SI;2022;Resolución N.° 00018-2022-OEFA/DSIS;Resolución N.° 00018-2022-OEFA/DSIS
39849;46;ADM20884;20604188173.0;SAR AMBIENTAL S.A.;EORS;UF0017126;INFRAESTRUCTURA DE VALORIZACIÓN DE RAEE;Infraestructura de Valorización;Municipal y No municipal;SI;NO;NO;NO;Lima;Lima;Lurín;Calle 5, Quebrada El Lúcumo autodenominado Parcela 2, Mz. E, Lotes 4 y 5;150119;18.0;300956;8643221.0;R.D. N° 00019-2022-MINAM/VMGA/DGRS;-;-;-;-;-;;EO-RS-00094-2022-MINAM/VMGA/DGRS;OPERACIÓN;"OFICIO 00004-2022-MINAM/VMGA/DGRS
 (2022-E01-001655)";2025-02-05 00:00:00;No aplica;No aplica;SI;SI;SI;SI;2022;Resolución N.° 00018-2022-OEFA/DSIS;Resolución N.° 00018-2022-OEFA/DSIS
39850;47;ADM15679;20504337571.0;SERVICIOS H.F. HNOS. S.A.C.;EORS;UF0009242;INSTALACIÓN DE COMERCIALIZACIÓN DE RESIDUOS SÓLIDOS;Infraestructura de Valorización;Municipal y No municipal;SI;NO;NO;NO;Lima;Lima;Villa El Salvador;Parque Industrial del Cono Sur Parcela I Mz B Lote 17;150142;18.0;288800;8652041.0;R.D. Nº 2380-2016/DSA/DIGESA;-;-;-;-;-;;EO-RS-00131-2020-MINAM-VMGA/DGRS;OPERACIÓN;Supervisión;2023-08-24 00:00:00;No aplica;No aplica;SI;NO;SI;SI;2022;Resolución N.° 00018-2022-OEFA/DSIS;Resolución N.° 00018-2022-OEFA/DSIS
39851;48;ADM21999;20559720101.0;SERVICIOS MULTIPLES ALTO CHICAMA S.R.L.;EORS;UF0019010;PLANTA DE VALORIZACIÓN DE RESIDUOS SÓLIDOS ORGANICOS, INORGANICOS NO PELIGROSOS Y RESIDUOS REAPROVECHABLES PROVENIENTES DE LA CONSTRUCCIÓN Y DEMOLICIÓN;Infraestructura de Valorización;Municipal y No municipal;SI;NO;NO;NO;La Libertad;Ascope;Chicama;Panamericana Norte Km 594 Sector La Soledad;130202;17.0;709780;9122492.0;R.A. N° 20-2020-MPA;-;-;-;-;-;;"EO-RS-0087-18-150106 Anexo 02 
 (Incorporación de residuos sólidos)
 
 EO-RS-0087-18-150106
 Anexo 03 (Modificación de la Información: Vehículos)
 
 EO-RS-0089-18-130202 Anexo 1 (Ampliación de operaciones)
 
 EO-RS-0089-18-130202 Anexo 2 (Modificación de la información)
 
 EO-RS-0089-18-130202 - Anexo 07 (Ampliación del manejo de residuos sólidos peligrosos)";OPERACIÓN;"Carta 001-ACH-2024, recibido el 05/07/2024
  (Registro 2024-E01-076658)";-;No aplica;No aplica;SI;NO;SI;NO;2022;Resolución N° 00054-2022-OEFA/DSIS;Resolución N° 00054-2022-OEFA/DSIS
39852;49;ADM16008;20512624503.0;SERVIPLAST NELLA E.I.R.L.;EORS;UF0009248;INSTALACIÓN DE COMERCIALIZACIÓN DE RESIDUOS SÓLIDOS;Infraestructura de Valorización;No municipal;SI;NO;NO;NO;Lima;Lima;Puente Piedra;Calle Los Álamos Mz J Lt 15 Urb. Parcela Semi Rustica Chillón;150125;18.0;272142;8679048.0;R.D. Nº 0412-2017/DSA/DIGESA/SA;-;-;-;-;-;;"EO-RS-0136-19-150125
 
 EO-RS-0136-19-150125 Anexo 1 (Modificación de la información)
 
 EO-RS-0136-19-150125 
 (Incorporación de unidades vehiculares)";OPERACIÓN;Supervisión;2024-11-19 00:00:00;No aplica;No aplica;NO;NO;SI;SI;2022;Resolución N.° 00018-2022-OEFA/DSIS;Resolución N.° 00018-2022-OEFA/DSIS
39853;50;ADM13296;20206018411.0;TECSUR S.A.;EORS;UF0009250;INSTALACIÓN DE COMERCIALIZACIÓN DE RESIDUOS SÓLIDOS;Infraestructura de Valorización;No municipal;SI;NO;NO;NO;Lima;Lima;San Juan de Miraflores;Av. Pastor Sevilla S/N (Alt. Colegio Ciudad de Los Niños);150133;18.0;285461;8653497.0;R.D. Nº 2291-2017/DCEA/DIGESA/SA;-;-;-;-;-;;EO-RS-00290-2021-MINAM/VMGA/DGRS;OPERACIÓN;Supervisión;2019-12-17 00:00:00;No aplica;No aplica;NO;NO;SI;SI;2022;Resolución N.° 00018-2022-OEFA/DSIS;Resolución N.° 00018-2022-OEFA/DSIS
39854;51;ADM14737;20449390611.0;TRANSPORTES & GRUAS AVA S.A.C..;EORS;UF0009239;INSTALACIÓN DE COMERCIALIZACIÓN DE RESIDUOS SÓLIDOS;Infraestructura de Valorización;Municipal y No municipal;SI;NO;NO;NO;Moquegua;Ilo;Ilo;Parque Industrial Mz T Lt 17 Urb Pampa Inalámbrica;180301;19.0;253679;8046046.0;R.D. Nº 1818-2017/DCEA/DIGESA/SA;-;-;-;-;-;;No tiene;INOPERATIVA;"REPORTE DE VERIFICACIÓN DEL 20/01/2025
 Registro 2025-I01-006476";2019-02-05 00:00:00;No aplica;No aplica;SI;SI;SI;SI;2022;Resolución N.° 00018-2022-OEFA/DSIS;Resolución N.° 00018-2022-OEFA/DSIS
39855;52;ADM15201;20484084948.0;TRANSPORTES Y SERVICIOS GENERALES LARA EIRL;EORS;UF0009251;INSTALACIÓN DE COMERCIALIZACIÓN DE RESIDUOS SÓLIDOS;Infraestructura de Valorización;Municipal y No municipal;SI;NO;NO;NO;Piura;Piura;Catacaos;Los Medanos S/N (Altura Del Cruce Del Parque Kurt Beer - La Legua);200105;17.0;537457;9422898.0;R.D. Nº 3772-2017/DCEA/DIGESA/SA;;-;-;-;-;;EO-RS-00196-2021-MINAM-VMGA/DGRS;OPERACIÓN;Supervisión;2019-06-07 00:00:00;No aplica;No aplica;SI;SI;SI;SI;2022;Resolución N.° 00018-2022-OEFA/DSIS;Resolución N.° 00018-2022-OEFA/DSIS
39856;53;ADM18945;20526542976.0;AMBIPAR ENVIRONMENT PERÚ SAC;EORS;UF0017488;PLANTA DE VALORIZACIÓN DE RESIDUOS DE APARATOS ELÉCTRICOS Y ELECTRÓNICOS (RAEE);Infraestructura de Valorización;Municipal y No municipal;SI;NO;NO;NO;LIMA;LIMA;Villa El Salvador;Calle 23, Mza. Z-1, Sub Lote 9-B, Urb. Cooperativa De Colonización Las Vertientes de la Tablada de Lurín;150142;18.0;286295;8647386.0;R.D. Nº 00054-2021-SENACE-PE/DEIN;R.D. 00678-2024-MINAM/VMGA/DGGRS;-;-;-;-;;EO-RS- 00202-2022-MINAM/VMGA/DGRS;OPERACIÓN;"Carta Nº 002-2024/AA-URBAN de fecha 03/01/2024
  (Registro 2024-E01-001975)";-;No aplica;No aplica;SI;SI;SI;SI;2022;Resolución N.° 00018-2022-OEFA/DSIS;Resolución N.° 00018-2022-OEFA/DSIS
39857;54;ADM18707;20373779611.0;W.R. INGENIEROS E.I.R.L.;EORS;UF0013366;INFRAESTRUCTURA DE TRATAMIENTO DE ACEITES RESIDUALES Y RESIDUOS OLEOSOS;Infraestructura de Valorización;No municipal;SI;NO;NO;NO;Lima;Lima;Puente Piedra;Calle Los Cerezos N°230, Lotización Chillón;150125;18.0;272366;8679527.0;R.D. N°1226/2008/DIGESA/SA;-;-;-;-;-;;"EO-RS-0095-19-150125
 
 EO-RS-0095-19-150125 Anexo 1 (Modificación de la información)
 
 EO-RS-0095-19-150125 
 (Incorporación de unidades vehiculares)
 
 EO-RS-0095-19-150125 
 (Cambio de características del tipo de carrocería de unidad vehicular)
 
 EO-RS-0095-19-150125 
 (Incorporación de unidades vehiculares)";OPERACIÓN;Oficio N° 3051-2022/DCEA/DIGESA de fecha 01/06/2022 (Registro 2022-E01-050012);-;No aplica;No aplica;NO;NO;NO;SI;2022;Resolución N° 00054-2022-OEFA/DSIS;Resolución N° 00054-2022-OEFA/DSIS
39858;55;ADM11823;20131380951.0;MUNICIPALIDAD METROPOLITANA DE LIMA;Municipalidad;UF0013691;"PLANTA DE TRANSFERENCIA ""HUAYNA CÁPAC""";Planta de Transferencia;Municipal;NO;SI;NO;NO;Lima;Lima;San Juan de Miraflores;Av. Pastor Sevilla S/N;150133;18.0;286220;8651936.0;R.D. N° 0364/2004/DIGESA/SA;-;-;-;-;-;;No aplica;INOPERATIVA;Supervisión;2025-04-28 00:00:00;No aplica;No aplica;SI;NO;NO;NO;2022;Resolución N.° 00018-2022-OEFA/DSIS;Resolución N.° 00018-2022-OEFA/DSIS
39859;56;ADM12120;20154489895.0;MUNICIPALIDAD PROVINCIAL DE AREQUIPA;Municipalidad;UF0012772;PLANTA DE TRANSFERENCIA DE RESIDUOS SÓLIDOS DE AREQUIPA;Planta de Transferencia;Municipal;NO;SI;NO;NO;Arequipa;Arequipa;Cerro Colorado;Vía de Evitamiento, km3, Lateral 1 de El Alto Cural;40104;19.0;224624;8186994.0;R.D. N° 4038-2009/DIGESA/SA;-;-;-;-;-;;No aplica;OPERACIÓN;Supervisión;2021-09-10 00:00:00;No aplica;No aplica;SI;NO;NO;NO;2022;Resolución N.° 00018-2022-OEFA/DSIS;Resolución N.° 00018-2022-OEFA/DSIS
39860;57;ADM11908;20141784901.0;MUNICIPALIDAD PROVINCIAL DE CHICLAYO;Municipalidad;UF0016725;PLANTA DE TRANSFERENCIA DE RESIDUOS SÓLIDOS INORGÁNICOS DE LA LOCALIDAD DE CHICLAYO;Planta de transferencia;Municipal;NO;SI;NO;NO;Lambayeque;Chiclayo;Pimentel;Carretera hacia Ciudad de Dios, a 3.86 km de Chiclayo;140112;17.0;620935;9251934.0;R.D. N° 364-2015/DSB/DIGESA/SA;-;-;-;-;-;;No aplica;CONSTRUCCIÓN;"Oficio N° 199-2022-MPCH/GDA de fecha 13/07/2022
 (Registro 2022-E01-064505)";-;Construcción paralizada por proceso judicial;No aplica;SI;NO;NO;NO;2022;Resolución N° 00054-2022-OEFA/DSIS;Resolución N° 00054-2022-OEFA/DSIS
39861;58;ADM11786;20131367423.0;MUNICIPALIDAD SANTIAGO DE SURCO;Municipalidad;UF0009209;COMPLEJO ECOLÓGICO SANTIAGO DE SURCO;Planta de Transferencia;Municipal;NO;SI;NO;NO;Lima;Lima;Santiago de Surco;Base Aérea de Las Palmas de la Fuerza Aérea del Perú;150140;18.0;281115;8655652.0;R.D. N° 1295/2004/DIGESA/SA;-;-;-;-;-;;No aplica;OPERACIÓN;Supervisión;2020-01-30 00:00:00;No aplica;No aplica;SI;NO;NO;NO;2022;Resolución N.° 00018-2022-OEFA/DSIS;Resolución N.° 00018-2022-OEFA/DSIS
39862;59;ADM14154;20338589736.0;PATRESOL S.A.C.;EORS;UF0009253;PLANTA DE TRANSFERENCIA DE RESIDUOS SÓLIDOS;Planta de Transferencia;Municipal;NO;SI;NO;NO;Lima;Lima;Villa El Salvador;Av. Prolongación Primero de Mayo Mz. E Lote 2B, Sociedad Unión de Colonizadores;150142;18.0;286464;8650616.0;R.D. Nº 0984-2004/DIGESA/SA;-;-;-;-;-;;"EO-RS-0139-18-150142
 
 EO-RS-0139-19-150123 (Incorporación de unidades vehiculares)";OPERACIÓN;Supervisión;2020-09-17 00:00:00;No aplica;No aplica;SI;NO;NO;NO;2022;Resolución N.° 00018-2022-OEFA/DSIS;Resolución N.° 00018-2022-OEFA/DSIS
39863;60;ADM14295;20378633860.0;"SERVICIOS GENERALES RAMBELL EIRL
 
 MUNICIPALIDAD DE VILLA EL SALVADOR";EORS;UF0017723;PLANTA DE TRANSFERENCIA DE RESIDUOS SÓLIDOS LAS VERTIENTES;Planta de Transferencia;Municipal;NO;SI;NO;NO;Lima;Lima;Villa El Salvador;Cooperativa Las Vertientes de Tablada de Lurín Ltda. 225, Mz. S, Lote 03, Sector 12;150142;18.0;286329;8647943.0;R.S. N° D000059-2023-MML-GSCGA-SGA.;-;-;-;-;-;;EO-RS-0308-19-150142, ANEXO 06 ACTUALIZACIÓN DEL REGISTRO AUTORITATIVO N° 00600-2023-MINAM/VMGA/DGGRs (Ampliación de operaciones de residuos sólidos no peligrosos);OPERACIÓN;Supervisión;2023-05-19 00:00:00;No aplica;No aplica;SI;NO;NO;NO;2022;Resolución N.° 00018-2022-OEFA/DSIS;Resolución N.° 00018-2022-OEFA/DSIS
39864;61;ADM20030;20601610273.0;GESTION DE RESIDUOS INDUSTRIALES PERU S.A.C.-G.R.I. PERU S.A.C.;EORS;UF0016740;PLANTA DE TRATAMIENTO DE RESIDUOS CAJAMARQUILLA;Planta de Tratamiento;Municipal y No municipal;NO;NO;SI;NO;Lima;Lima;Lurigancho;Avenida Cajamarquilla s/n, Sublote 61-4, zona parcelación Cajamarquilla Primera etapa;150118;18.0;294215;8675396.0;R.D. N° 00138-2020-SENACE-PE/DEIN;-;-;-;-;-;;"EO-RS-00039-2021-MINAM-VMGA/DGRS
 
 EO-RS-00039-2021-MINAM-VMGA/DGRS Anexo 1
 (Ampliación de operaciones)";OPERACIÓN;"Informe de operador del I Trimestre del 2022 
 SIGERSOL NO MUNICIPAL";2025-03-12 00:00:00;No aplica;No aplica;NO;SI;NO;SI;2022;Resolución N.° 00018-2022-OEFA/DSIS;Resolución N.° 00018-2022-OEFA/DSIS
39865;62;ADM16779;20537973421.0;INCINERAGAS E.I.R.L;EORS;UF0009264;PROYECTO DE PLANTA DE INCINERACIÓN DE RESIDUOS INDUSTRIALES Y HOSPITALARIOS;Planta de Tratamiento;No municipal;NO;NO;SI;NO;Lima;Lima;Lurín;Av. Separadora Industrial Mz A Lote 3a;150119;18.0;300052;8639213.0;R.D. Nº 1067-2011/DEPA/DIGESA/SA;-;-;-;-;-;;EO-RS-0261-19-150119;OPERACIÓN;"Carta Nº 057-2024 de INCINERAGAS EIRL, recibido el 04/07/2024
 (Registro 2024-E01-075958)";2025-02-07 00:00:00;No aplica;No aplica;NO;NO;NO;SI;2022;Resolución N.° 00018-2022-OEFA/DSIS;Resolución N.° 00018-2022-OEFA/DSIS
39866;63;ADM17140;20553255709.0;KANAY S.A.C.;EORS;UF0009222;INFRAESTRUCTURA DE TRATAMIENTO DE RESIDUOS PELIGROSOS - VILLA EL SALVADOR - LIMA;Planta de Tratamiento;No municipal;NO;NO;SI;NO;Lima;Lima;Villa El Salvador;Calle 4, Mz. U Lote 2, Cooperativa Las Vertientes de la Tablada de Lurín Ltda. 224;150142;18.0;286255;8647655.0;R.D. Nº 2488 -2013/DEPA/DIGESA/SA;R.D. Nº 2452-2015/DEPA/DIGESA/SA;R.D. Nº 2636-2016/DSA/DIGESA/SA;"R.D.
  N° 00376-2024-MINAM/VMGA/DGGRS";R.D. Nº 00108-2024-SENACE-PE/DEIN;-;;"EO-RS-0024-18-150142
 EO-RS-0024-18-150142 Anexo 1 (Modificación de la información)
 EO-RS-0024-18-150142 (Modificación de información de representante legal)
 EO-RS-0024-18-150142
 (Incorporación de unidades vehiculares)
 EO-RS-0024-18-150142 Anexo 2 (Modificación de información de Cambio de domicilio legal)
 EO-RS-0024-18-150142 
 Anexo 8 (Ampliación de la lista y ámbito de gestión de los residuos sólidos y de unidades vehiculares para el manejo de residuos no peligrosos)
 EO-RS-0024-18-150142 anexo 9 (Modificación de la Información: representante legal y del domicilio legal)
 EO-RS-0024-18-150142 anexo 10 (Ampliación de operaciones)
 EO-RS-0024-18-150142 anexo 54 (Ampliación de la lista y ámbito de gestión de residuos sólidos peligrosos)";OPERACIÓN;Supervisión;2024-12-13 00:00:00;No aplica;No aplica;NO;NO;NO;SI;2022;Resolución N.° 00018-2022-OEFA/DSIS;Resolución N.° 00018-2022-OEFA/DSIS
39867;64;ADM14417;20397923381.0;PROD.Y SERV.DE MANTEN. Y SEG.IND.S.R.L.;EORS;UF0013734;SISTEMA DE TRATAMIENTO DE RESIDUOS SÓLIDOS PELIGROSOS DE ESTABLECIMIENTOS DE ATENCIÓN DE SALUD;Planta de Tratamiento;No municipal;NO;NO;SI;NO;La Libertad;Trujillo;La Esperanza;Mz C 10 Lt 06 Parque Industrial;130105;17.0;713145;9109708.0;R.D. Nº 0921-2010/DEPA/DIGESA/SA;R.D. Nº 2319-2016/DSA/DIGESA/SA;R.D. Nº 00021-2021-SENACE-PE/DEIN;R.D. N° 00129-2021-SENACE-PE/DEIN;R.D. N° 00173-2022-SENACE-PE/DEIN;-;;"EO-RS-00064-2020-MINAM-VMGA/DGRS
 
 EO-RS-0064-2020-MINAM-VMGA/DGRS 
 (Incorporación de residuos sólidos)
 
 EO-RS-00064-2020-MINAM-VMGA/DGRS Anexo 1 
 (Modificación de la información)";OPERACIÓN;Supervisión;2023-08-11 00:00:00;No aplica;No aplica;NO;NO;NO;SI;2022;Resolución N.° 00018-2022-OEFA/DSIS;Resolución N.° 00018-2022-OEFA/DSIS
39868;65;ADM16798;20538437434.0;ARE YAKU PACHA S.A.C.;EORS;UF0009216;INFRAESTRUCTURA DE DISPOSICIÓN FINAL DE RESIDUOS SÓLIDOS NO MUNICIPALES;Infraestructura de disposición final / Relleno de seguridad;Municipal y No municipal;SI;NO;SI;SI;Piura;Piura;Catacaos;Km 7.5 Carretera Piura-Paita, Pampas de Congora;200105;17.0;523939;9428657.0;R.D. Nº 463-2015/DEPA/DIGESA/SA;R.D. Nº 1867-2016/DSA/DIGESA/SA;R.D. N° 00492-2025-MINAM/VMGA/DGGRS;-;-;-;;"EO-RS-0023-19-200101
 
 EO-RS-0023-19-200101 Anexo 1 (Modificación de la información)";OPERACIÓN;Supervisión;2024-07-13 00:00:00;No aplica;No aplica;SI;SI;SI;SI;2022;Resolución N.° 00018-2022-OEFA/DSIS;Resolución N.° 00018-2022-OEFA/DSIS
39869;66;ADM12232;20161354377.0;ARPE EIRL;EORS;UF0012755;INFRAESTRUCTURA DE DISPOSICIÓN FINAL DE RESIDUOS SÓLIDOS DEL ÁMBITO DE LA GESTIÓN NO MUNICIPAL (RESIDUOS PELIGROSOS);Infraestructura de disposición final / Relleno de seguridad;No municipal;NO;NO;SI;SI;Piura;Talara;La Brea;Carretera centro Poblado Miramar;200703;17.0;467243;9483419.0;R.D. Nº 1052-2009/DIGESA/SA;R.D. Nº 2128-2016/DSA/DIGESA/SA;-;-;-;-;;"EO-RS 00006-2020-MINAM-VMGA/DGRS
 
 EO-RS 00006-2020-MINAM-VMGA/DGRS 
 Incorporación de unidades vehiculares y residuos sólidos
 
 EO-RS-00006-2020-MINAM/VMGA/DGRS 
 (Incorporación de unidad vehicular)
 
 EO-RS-00006-2020-MINAM/VMGA/DGRS 
 ANEXO 01 (Ampliación de unidades vehiculares para el manejo de residuos peligrosos)";OPERACIÓN;Supervisión;2021-07-09 00:00:00;No aplica;No aplica;NO;NO;NO;SI;2022;Resolución N.° 00018-2022-OEFA/DSIS;Resolución N.° 00018-2022-OEFA/DSIS
39870;67;ADM15790;20507522913.0;BA SERVICIOS AMBIENTALES S.A.C.;EORS;UF0009257;MEJORAMIENTO Y AMPLIACIÓN DE LA INFRAESTRUCTURA DE TRATAMIENTO Y DISPOSICIÓN FINAL DE RESIDUOS SÓLIDOS NO MUNICIPALES;Infraestructura de disposición final / Relleno de seguridad;Municipal y No Municipal;NO;NO;SI;SI;Piura;Talara;Pariñas;Km 1085+300 Carretera Panamericana Norte;200701;17.0;488545;9490970.0;R.D. Nº 0071/2007/DIGESA/SA;R.D. Nº 1361-2013/DEPA/DIGESA/SA;-;-;-;-;;"EO-RS-00043-2020-MINAM-VMGA/DGRS
 
 EO-RS-00043-2020-MINAM-VMGA/ DGRS Anexo 1
 (Ampliación de operaciones)
 
 EO-RS-00043-2020-MINAM-VMGA/DGRS Anexo 2 (Incorporación de unidad vehicular)";OPERACIÓN;Supervisión;2022-05-19 00:00:00;No aplica;No aplica;NO;SI;NO;SI;2022;Resolución N.° 00018-2022-OEFA/DSIS;Resolución N.° 00018-2022-OEFA/DSIS
39871;68;ADM21321;20600590783.0;DISPOSICIONES TRATAMIENTOS Y SOLUCIONES AMBIENTALES S.A.C.;EORS;UF0017780;PROYECTO PARQUE ECOLÓGICO INDUSTRIAL (PEI) EL ALGARROBO;Infraestructura De Disposición Final / Relleno de seguridad;No municipal;NO;NO;NO;SI;Piura;Sullana;Miguel Checa;Km 13.2 Carretera Piura-Paita-margen izquierdo;200606;17.0;521821;9430177.0;No tiene;-;-;-;-;-;;No tiene;OPERACIÓN;Supervisión;2022-05-21 00:00:00;No aplica;No aplica;NO;NO;NO;SI;2022;Resolución N° 00054-2022-OEFA/DSIS;Resolución N° 00054-2022-OEFA/DSIS
39872;69;ADM22002;20603369352.0;ECO-MISTI S.A.C.;EORS;UF0019013;RELLENO DE SEGURIDAD PAMPA DORADA;Infraestructura de disposición final / Relleno de seguridad;No municipal;NO;NO;SI;SI;Arequipa;Camaná;Quilca;Zona 3, Sector Pampa Dorada;40207;18.0;789000;8154000.0;R.D. N° 00699-2024-MINAM/VMGA/DGGRS;-;-;-;-;-;;EO-RS- 00222-2024-MINAM/VMGA/DGGRS;OPERACIÓN;"OFICIO N° 00367-2024-MINAM/VMGA/DGGRS 
 (Registro 2024-E01-101453)";2023-03-14 00:00:00;No aplica;No aplica;NO;NO;SI;SI;2022;Resolución N° 00054-2022-OEFA/DSIS;Resolución N° 00054-2022-OEFA/DSIS
39873;70;ADM17140;20553255709.0;KANAY S.A.C.;EORS;UF0009224;PLANTA DE TRATAMIENTO Y DISPOSICIÓN FINAL DE RESIDUOS INDUSTRIALES PELIGROSOS;Infraestructura de disposición final / Relleno de seguridad;No municipal;NO;NO;SI;SI;Lima;Cañete;Chilca;Quebrada Chutana Km 4.2 - Panamericana Sur, Km 59.2;150505;18.0;312787;8623605.0;R.D. Nº 906/2002/DIGESA/SA;R.D. Nº 1534-2009/DIGESA/SA;R.D. Nº 1045-2016/DSA/DIGESA/SA;R.D. Nº 1213-2016/DSA/DIGESA/SA;R.D. N° 00446-2024-MINAM/VMGA/DGGRS;R.D. N° 00054-2024-SENACE-PE/DEIN;R.D. Nº 00070-2025-SENACE-PE/DEIN;"EO-RS-0024-18-150142 anexo 10 (Ampliación de operaciones)
 EO-RS-0024-18-150142, ANEXO 41 (Ampliación de la lista y ámbito de gestión de residuos sólidos peligrosos)";OPERACIÓN;Supervisión;2024-12-12 00:00:00;No aplica;No aplica;NO;NO;NO;SI;2022;Resolución N.° 00018-2022-OEFA/DSIS;Resolución N.° 00018-2022-OEFA/DSIS
39874;71;ADM15224;20484281697.0;SERVICIOS Y RELLENO SANITARIO BERACA EMPRESA INDIVIDUAL DE RESPONSABILIDAD LIMITADA;EORS;UF0009214;INFRAESTRUCTURA DE DISPOSICIÓN FINAL DE RESIDUOS SÓLIDOS DEL ÁMBITO DE LA GESTIÓN NO MUNICIPAL (RESIDUOS PELIGROSOS);Infraestructura de disposición final / Relleno de seguridad;No municipal;NO;NO;SI;SI;Piura;Talara;Pariñas;Km 1024 Panamericana Norte Frente a la Urb. Luis Negreiros Vega;200701;17.0;478512;9492182.0;R.D. Nº 1551-2009/DIGESA/SA;-;-;-;-;-;;EO-R-00035-2022-MINAM/VMGA/DGRS;OPERACIÓN;Supervisión;2023-01-25 00:00:00;No aplica;No aplica;NO;NO;SI;SI;2022;Resolución N.° 00018-2022-OEFA/DSIS;Resolución N.° 00018-2022-OEFA/DSIS
39875;72;ADM14306;20380618797.0;TOWER AND TOWER S.A.;EORS;UF0009261;PLANTA DE TRATAMIENTO DE RESIDUOS SÓLIDOS Y RELLENO DE SEGURIDAD EN LOMAS DE HUATIANA;Infraestructura de disposición final / Relleno de seguridad;Municipal y No municipal;SÍ (******);NO;SI;SI;Ica;Chincha;Chincha Alta;Quebrada Cruz de Lázaro, Sector Lomas de Huatiana;110201;18.0;386901;8524282.0;R.D. Nº 1321-2012/DEPA/DIGESA/SA;R.D. Nº 2117-2018/DCEA/DIGESA/SA;-;-;-;-;;"EO-RS-0365-19-110201
 
 EO-RS-0365-19-110201 Anexo 1 (Modificación de la información)
 
 EO-RS-0365-19-110201 Anexo 2 (Incorporación de unidades vehiculares)
 
 EO-RS-0365-19-110201 Anexo 3 (Ampliación de unidades vehiculares para el manejo de residuos no peligrosos)
 
 EO-RS-0365-19-110201 Anexo 04 (Ampliación de unidades vehiculares para el manejo de residuos peligrosos)";OPERACIÓN;Supervisión;2024-06-27 00:00:00;No aplica;No aplica;NO;NO;SI;SI;2022;Resolución N.° 00018-2022-OEFA/DSIS;Resolución N.° 00018-2022-OEFA/DSIS
39876;73;ADM18945;20526542976.0;AMBIPAR ENVIRONMENT PERÚ SAC;EORS;UF0013725;INFRAESTRUCTURA DE TRATAMIENTO Y DISPOSICIÓN FINAL DE RESIDUOS SÓLIDOS DEL ÁMBITO NO MUNICIPAL ECOCENTRO AQOPAMPA;Infraestructura de disposición final / Relleno de seguridad;No municipal;NO;NO;NO;SI;Piura;Paita;La Huaca;Km 24.62 Carretera Piura-Paita;200505;17.0;508871;9427980.0;R.D. Nº 1801-2016/DSA/DIGESA/SA;-;-;-;-;-;;No tiene;CONSTRUCCIÓN;"Carta N° 004-2022/AA-URBAN de fecha 22/07/2022
 (Registro 2022-E01-078247)";-;Construcción paralizada por motivos empresariales y coyunturales;No aplica;NO;NO;SI;SI;2022;Resolución N° 00054-2022-OEFA/DSIS;Resolución N° 00054-2022-OEFA/DSIS
39877;74;ADM14295;20378633860.0;SERVICIOS GENERALES RAMBELL EIRL;EORS;UF0009252;PLANTA DE TRANSFERENCIA DE RESIDUOS SÓLIDOS RAMBELL;Planta de Transferencia;Municipal;NO;SI;NO;NO;Lima;Lima;Villa El Salvador;Sociedad Unión de Colonizadores Mz.G, lote 3-A;150142;18.0;286721;8650115.0;R.S. N° D000262-2022-MML-GSCGA-SGA.;-;-;-;-;-;;EO-RS-0308-19-150142, ANEXO 05 ACTUALIZACIÓN DEL REGISTRO AUTORITATIVO N° 00249-2023-MINAM/VMGA/DGGRS (Ampliación de operaciones de residuos sólidos no peligrosos);OPERACIÓN;Supervisión;2025-03-01 00:00:00;No aplica;No aplica;SI;NO;NO;NO;2022;Resolución N.° 00018-2022-OEFA/DSIS;Resolución N.° 00018-2022-OEFA/DSIS
39878;75;ADM19001;20602020798.0;BRUNNER BIENESTAR ECOLOGICO S.A.C;EORS;UF0013833;INFRAESTRUCTURA DE TRATAMIENTO Y DISPOSICIÓN FINAL DE RESIDUOS SÓLIDOS DE CAMPO VERDE;Infraestructura de disposición final / Relleno mixto;Municipal y No municipal;NO;NO;SI;SI;Ucayali;Coronel Portillo;Campoverde;Km 22 de la Carretera Federico Basadre, Sector Señor de Los Milagros;250102;18.0;531114.25;9065845.04;R.D. N° 3786-2018/DCEA/DIGESA/SA;-;-;-;-;-;;EO-RS-0202-19-250102;OPERACIÓN;Supervisión;2023-05-10 00:00:00;No aplica;No aplica;SI;SI;SI;NO;2022;Resolución N.° 00018-2022-OEFA/DSIS;Resolución N.° 00018-2022-OEFA/DSIS
39879;76;ADM19001;20602020798.0;BRUNNER BIENESTAR ECOLOGICO S.A.C;EORS;UF0009266;"RELLENO SANITARIO ""EL TREINTA""";Infraestructura de disposición final / Relleno mixto;Municipal y No Municipal;NO;NO;NO;SI;Loreto;Maynas;San Juan Bautista;"Carretera Paujil Zona Agraria Etapa I, km. 1; altura del Km. 30.2 carretera Iquitos-Nauta";160113;18.0;674753;9557309.0;R.D. Nº 1371/2008/DIGESA/SA;R.D. Nº 500-2015/DSB/DIGESA/SA;R.D. Nº 180-2016/DSB/DIGESA/SA;Oficio Nº 06332-2017/DCEA/DIGESA;-;-;;"EO-RS-0202-19-250102
 ANEXO 01
 ACTUALIZACIÓN DEL REGISTRO AUTORITATIVO N° 00136-2024-MINAM/VMGA/DGGRS
 (Ampliación de infraestructura de residuos sólidos para el manejo simultáneo de residuos sólidos peligrosos y no peligrosos)";OPERACIÓN;Supervisión;2024-11-28 00:00:00;No aplica;No aplica;SI;SI;SI;SI;2022;Resolución N.° 00018-2022-OEFA/DSIS;Resolución N.° 00018-2022-OEFA/DSIS
39880;77;ADM21147;20571615747.0;EMPRESA AMBIENTALISTA DEL NORTE SOCIEDAD ANONIMA CERRADA;EORS;UF0017490;INFRAESTRUCTURA DE TRATAMIENTO Y DISPOSICIÓN FINAL DE RESIDUOS SÓLIDOS CERRO COLORADO;Infraestructura de disposición final / Relleno mixto;Municipal y No Municipal;NO;NO;NO;SI;Áncash;Huarmey;Huarmey;"Entre los Kilómetros 239 y 249 De La Carretera Panamericana Norte, en el Sector
 denominado Cerro Colorado";21101;18.0;175944;8845554.0;R.D. N° 6037-2018/DCEA/DIGESA/SA;-;-;-;-;-;;"EO-RS-0320-19-21101
 
 EO-RS-0320-19-21101 Anexo 1 (Modificación de información)";OPERACIÓN;"Carta S/N de fecha 09 de julio del 2021 
 (Registro 2021-E01-060692)";-;No aplica;No aplica;SI;SI;SI;SI;2022;Resolución N.° 00018-2022-OEFA/DSIS;Resolución N.° 00018-2022-OEFA/DSIS
39881;78;ADM13999;20302891452.0;INNOVA AMBIENTAL S.A.;EORS;UF0013726;INFRAESTRUCTURA PARA LA DISPOSICIÓN FINAL DE RESIDUOS SÓLIDOS - INNOVA AMBIENTAL CHILCA;Infraestructura de disposición final / Relleno mixto;Municipal y No municipal;NO;NO;NO;SI;Lima;Cañete;Chilca;Fundo Santa Isabel y Fundo Piedras Blancas-sector Santa Rosa Quebrada Parca;150505;18.0;325889;8623847.0;R.D. N° 3479-2017/DCEA/DIGESA/SA;R.D. N° 4661-2017/DCEA/DIGESA/SA;R.D. N° 00005-2021-SENACE-PE/DEIN;-;-;-;;"EO-RS-00073-2020-MINAM-VMGA/DGRS
 
 EO-RS-00073-2020-MINAM-VMGA/DGRS Anexo 1 
 (Actualización del registro autoritativo)
 
 EO-RS-00073-2020-MINAM-VMGA/DGRS Anexo 2 (Ampliación de operaciones)
 
 EO-RS-00073-2020-MINAM-VMGA/DGRS Anexo 3 (Modificación de la información)";OPERACIÓN;"Verificación
 (2023-I01-045305)";2023-11-07 00:00:00;No aplica;No aplica;SI;NO;SI;SI;2022;Resolución N.° 00018-2022-OEFA/DSIS;Resolución N.° 00018-2022-OEFA/DSIS
39882;79;ADM11823;20131380951.0;MUNICIPALIDAD METROPOLITANA DE LIMA;Municipalidad;UF0009215;INFRAESTRUCTURA DE DISPOSICIÓN FINAL DE RESIDUOS SÓLIDOS DEL ÁMBITO DE LA GESTIÓN NO MUNICIPAL (RESIDUOS PELIGROSOS) PARA EL RELLENO SANITARIO EL ZAPALLAL;Infraestructura de disposición final / Relleno mixto;Municipal y No municipal;NO;NO;NO;SI;Lima;Lima;Carabayllo;Margen Derecha del Rio Chillón en la Quebrada Zapallal, entre las faldas de los Cerros Campana y Cabrera;150106;18.0;276615;8693930.0;R.D. N° 0174/2004/DIGESA/SA;R.D. N° 0877-2008/DIGESA/SA;R.D. N° 0421-2012/DEPA/DIGESA/SA;R.D. N° 2261-2016/DSA/DIGESA/SA;-;-;;No aplica;CIERRE;Supervisión;2023-12-18 00:00:00;No aplica;No aplica;SI;SI;SI;SI;2022;Resolución N.° 00018-2022-OEFA/DSIS;Resolución N.° 00018-2022-OEFA/DSIS
39883;80;ADM13999;20302891452.0;INNOVA AMBIENTAL S.A.;EORS;UF0009269;RELLENO SANITARIO CUMBRE, UBICADO EN EL DISTRITO DE CHICAMA, PROVINCIA DE ASCOPE, DEPARTAMENTO DE LA LIBERTAD;Infraestructura de disposición final / Relleno mixto;Municipal y No municipal;NO;NO;NO;SI;La Libertad;Ascope;Chicama;Al norte de la ciudad de Trujillo, entre los Cerros Cabezón, Encantada y Prieto, en la margen derecha de la carretera Panamericana Norte;130202;17.0;716565;9121594.0;R.D. N° 238-2014/DSB/DIGESA/SA;R.D. N° 576-2015/DEPA/DIGESA/SA;R.D. Nº 00125-2019-SENACE-PE/DEIN;R.D. N° 025-2023-SENACE-PE/DEIN;R.D. N° 00175-2024-SENACE-PE/DEIN;-;;"EO-RS-00073-2020-MINAM-VMGA/DGRS
 
 EO-RS-00073-2020-MINAM-VMGA/DGRS Anexo 1 
 (Actualización del registro autoritativo)
 
 EO-RS-00073-2020-MINAM-VMGA/DGRS Anexo 2 (Ampliación de operaciones)
 
 EO-RS-00073-2020-MINAM-VMGA/DGRS Anexo 3 (Modificación de la información)";OPERACIÓN;Supervisión;2023-10-27 00:00:00;No aplica;No aplica;SI;SI;SI;SI;2022;Resolución N.° 00018-2022-OEFA/DSIS;Resolución N.° 00018-2022-OEFA/DSIS
39884;81;ADM11823;20131380951.0;MUNICIPALIDAD METROPOLITANA DE LIMA;Municipalidad;UF0009287;RELLENO SANITARIO PORTILLO GRANDE;Infraestructura de disposición final / Relleno mixto;Municipal y No Municipal;NO;NO;NO;SI;Lima;Lima;Lurín;Quebrada la Leña (entre las faldas de los cerros Cornejo y Portillo Grande);150119;18.0;306101;8646713.0;R.D. N° 0175/2004/DIGESA/SA;R.D. N° 5420-2008/DIGESA/SA;;-;-;-;;No aplica;OPERACIÓN;Supervisión;2023-07-14 00:00:00;No aplica;No aplica;SI;SI;SI;SI;2022;Resolución N.° 00018-2022-OEFA/DSIS;Resolución N.° 00018-2022-OEFA/DSIS
39885;82;ADM13247;20204172855.0;MUNICIPALIDAD DISTRITAL DE VILLA RICA;Municipalidad;UF0015636;MEJORAMIENTO Y AMPLIACIÓN DEL SERVICIO DE LIMPIEZA PÚBLICA DE LA ZONA URBANA DE VILLA RICA Y LOS CENTROS POBLADOS PUENTE PAUCARTAMBO, SAN MIGUEL DE ENEÑAS Y SAN JUAN DE CACAZÚ DEL DISTRITO DE VILLA RICA - OXAPAMPA - PASCO;Infraestructura de disposición final / Relleno mixto;Municipal y No municipal;NO;NO;NO;SI;Pasco;Oxapampa;Villa Rica;Sector San José;190307;18.0;467283.97;8811548.52;R.G. N° 0001-2018-GRNGA/MPO;-;-;-;-;-;;No aplica;OPERACIÓN;Supervisión;2022-09-16 00:00:00;No aplica;No aplica;SI;SI;SI;SI;2022;Resolución N.° 00018-2022-OEFA/DSIS;Resolución N.° 00018-2022-OEFA/DSIS
39886;83;ADM11938;20143623042.0;MUNICIPALIDAD PROVINCIAL DE CAJAMARCA;Municipalidad;UF0009265;RECUPERACIÓN, TRATAMIENTO Y DISPOSICIÓN FINAL DE RESIDUOS SÓLIDOS EN CAJAMARCA;Infraestructura de disposición final / Relleno mixto;Municipal y No municipal;SI;NO;NO;SI;Cajamarca;Cajamarca;Jesús;San José de Canay-Pasaje Villa María;60106;17.0;788111;9201536.0;R.D. Nº 0911-2009/DIGESA/SA;R.S.G. N° 023-2022-SPCA-GDA-MPC;-;-;-;-;;No aplica;OPERACIÓN;Supervisión;2023-04-27 00:00:00;No aplica;No aplica;SI;SI;SI;SI;2022;Resolución N.° 00018-2022-OEFA/DSIS;Resolución N.° 00018-2022-OEFA/DSIS
39887;84;ADM12782;20188903488.0;MUNICIPALIDAD PROVINCIAL DE CARHUAZ;Municipalidad;UF0009267;RELLENO SANITARIO CARHUAZ;Infraestructura de disposición final / Relleno mixto;Municipal y No Municipal;NO;NO;NO;SI;Áncash;Carhuaz;Carhuaz;Zona de Pampamarca Localidad de Arhuaypampa, a 4 km del centro urbano de la ciudad de Carhuaz;20601;18.0;210559;8974087.0;R.D. Nº 0872/2004/DIGESA/SA;-;-;-;-;-;;No aplica;OPERACIÓN;Supervisión;2021-10-20 00:00:00;No aplica;No aplica;SI;SI;SI;SI;2022;Resolución N.° 00018-2022-OEFA/DSIS;Resolución N.° 00018-2022-OEFA/DSIS
39888;85;ADM12015;20146925767.0;MUNICIPALIDAD PROVINCIAL DE HUAYLAS;Municipalidad;UF0009208;CENTRO AGROECOLÓGICO DE TRATAMIENTO DE RESIDUOS SÓLIDOS - RELLENO SANITARIO EL OMBÚ;Infraestructura de disposición final / Relleno mixto;Municipal y No Municipal;SI;NO;NO;SI;Áncash;Huaylas;Mato;Predio Rural Pomachuco Bajo, Sector Quebrada Ranca;21205;18.0;189102;9005060.0;R.D. N° 1221/2006/DIGESA/SA;-;-;-;-;-;;No aplica;OPERACIÓN;Supervisión;2022-11-15 00:00:00;No aplica;No aplica;SI;SI;SI;SI;2022;Resolución N.° 00018-2022-OEFA/DSIS;Resolución N.° 00018-2022-OEFA/DSIS
39889;86;ADM11912;20142167744.0;MUNICIPALIDAD PROVINCIAL DE ICA;Municipalidad;UF0009273;RELLENO SANITARIO DE LA PROVINCIA DE ICA;Infraestructura de disposición final / Relleno sanitario;Municipal;NO;NO;NO;SI;Ica;Ica;Ica;Entre Km 10+250 y 11+550 de la Carretera Ica-Playa Carhuas;110101;18.0;409240;8441691.0;R.D. Nº 2802/2008/DSB/DIGESA;R.G. N° 38-2023-GPMAS-MPI;-;-;-;-;;No aplica;OPERACIÓN;Supervisión;2023-03-17 00:00:00;No aplica;Distrito de Ica;SI;SI;NO;NO;2022;Resolución N.° 00018-2022-OEFA/DSIS;Resolución N.° 00018-2022-OEFA/DSIS
39890;87;ADM13977;20297566866.0;PETRAMAS S.A.C.;EORS;UF0009275;INFRAESTRUCTURA DE DISPOSICIÓN FINAL DE RESIDUOS SÓLIDOS HUAYCOLORO;Infraestructura de disposición final / Relleno mixto;Municipal y No municipal;NO;NO;NO;SI;Lima;Huarochirí;San Antonio;Quebrada Huaycoloro, Km 7 Zona de Huaycoloro;150716;18.0;295425;8679186.0;R.D. Nº 0431/2003/DIGESA/SA;R.D. Nº 104/2008/DIGESA/SA;-;-;-;-;;"EO-RS-0026-20-150716
 
 EO-RS-0026-20-150716 Anexo 1
 (Incorporación de unidades vehiculares)
 
  EO-RS-0026-20-150716 Anexo 02 (Ampliación de unidades vehiculares para el manejo de residuos no peligrosos)";OPERACIÓN;Supervisión;2023-03-24 00:00:00;No aplica;No aplica;SI;SI;SI;SI;2022;Resolución N.° 00018-2022-OEFA/DSIS;Resolución N.° 00018-2022-OEFA/DSIS
39891;88;ADM14759;20450359051.0;SERVICIOS GENERALES H Y F S.A.C.;EORS;UF0009217;INFRAESTRUCTURA DE DISPOSICIÓN FINAL DE RESIDUOS SÓLIDOS NO MUNICIPALES Y MUNICIPALES YACUCATINA-SAN MARTIN;Infraestructura de disposición final / Relleno mixto;Municipal y No Municipal;NO;NO;SI;SI;San Martín;San Martín;Juan Guerra;Sector de Yucacatina;220908;18.0;354721;9264381.0;R.D. Nº 1485-2015/DEPA/DIGESA/SA;R.D. N° 00864-2024-MINAM/VMGA/DGGRS;-;-;-;-;;"EO-RS-0191-19-220908
 
ANEXO 02
ACTUALIZACIÓN DEL REGISTRO AUTORITATIVO 
N° 00746-2025-MINAM/VMGA/DGGRS
(Ampliación de las operaciones)";OPERACIÓN;Supervisión;2023-08-25 00:00:00;No aplica;No aplica;SI;SI;SI;SI;2022;Resolución N.° 00018-2022-OEFA/DSIS;Resolución N.° 00018-2022-OEFA/DSIS
39892;89;ADM11852;20133696823.0;MUNICIPALIDAD PROVINCIAL DE HUANCAYO;Municipalidad;UF0013868;TRATAMIENTO Y DISPOSICIÓN FINAL DE RESIDUOS SÓLIDOS DE TIRANAPAMPA-HUANCAYO;Infraestructura de disposición final / Relleno sanitario;Municipal;SI;NO;NO;SI;Junín;Huancayo;Sapallanga;Sector Tiranapampa, Centro Poblado La Punta;120133;18.0;480960;8662358.0;R.D. Nº 354-2014/DSB/DIGESA/SA;R.G.S.P. N° 043-2023-MPH-GSP;R.G.S.P. N° 356-2024-MPH/GSP;R.G.S.P. N° 55-2025-MPH/GSP;-;-;;No aplica;OPERACIÓN;"INFORME FINAL DE SUPERVISIÓN N° 00061-2025-OEFA/ODES-JUN
(Registro 2025-I01-027171)";2025-02-17 00:00:00;No aplica;Distrito Huancayo;SI;NO;NO;NO;2022;Resolución N° 00054-2022-OEFA/DSIS;Resolución N° 00054-2022-OEFA/DSIS
39893;90;ADM11922;20143082297.0;MUNICIP. PROV. DE LUCANAS PUQUIO;Municipalidad;UF0012757;RELLENO SANITARIO SEMI MECANIZADO DE LA CIUDAD DE PUQUIO;Infraestructura de disposición final / Relleno sanitario;Municipal;SI;NO;NO;SI;Ayacucho;Lucanas;Puquio;Sector Luichipuqio, comunidad de Ccayao;50601;18.0;592544;8373075.0;R.A. N° 234-2017-MPLP/A;-;-;-;-;-;;No aplica;OPERACIÓN;Supervisión;2023-08-15 00:00:00;No aplica;Distrito Puquio;SI;NO;NO;NO;2022;Resolución N.° 00018-2022-OEFA/DSIS;Resolución N.° 00018-2022-OEFA/DSIS
39894;91;ADM12563;20175831747.0;MUNICIPALIDAD DISTRITAL DE ANCO HUALLO;Municipalidad;UF0009270;RELLENO SANITARIO DE ANCO HUALLO;Infraestructura de disposición final / Relleno sanitario;Municipal;SI;NO;NO;SI;Apurímac;Chincheros;Anco Huallo;Sector Iskay Ushco;30602;18.0;640570;8499160.0;R.D. Nº 170-2013/DSB/DIGESA/SA;-;-;-;-;-;;No aplica;OPERACIÓN;Supervisión;2021-04-29 00:00:00;No aplica;Distrito Anco Huallo;SI;NO;NO;NO;2022;Resolución N.° 00018-2022-OEFA/DSIS;Resolución N.° 00018-2022-OEFA/DSIS
39895;92;ADM13391;20208820266.0;MUNICIPALIDAD DISTRITAL DE APATA;Municipalidad;UF0013836;RELLENO SANITARIO DEL PROYECTO MEJORAMIENTO Y AMPLIACION DE LA GESTION INTEGRAL DE LOS RESIDUOS SOLIDOS DE LA LOCALIDAD DE APATA;Infraestructura de disposición final / Relleno sanitario;Municipal;SI;NO;NO;SI;Junín;Jauja;Apata;Sector Chicche;120403;18.0;466259;8693188.0;R.G. N°001-2016-MPJ/GSPLGADS;-;-;-;-;-;;No aplica;OPERACIÓN;Oficio N° 021-2022-MSH/SGGASP/MDA de fecha 13/07/2022 (Registro 2022-E01-063439);-;Operación paralizada por conflictividad social;Distrito Apata;SI;NO;NO;NO;2022;Resolución N° 00054-2022-OEFA/DSIS;Resolución N° 00054-2022-OEFA/DSIS
39896;93;ADM12866;20191511825.0;MUNICIPALIDAD DISTRITAL DE CAJACAY;Municipalidad;UF0009272;RELLENO SANITARIO DE CAJACAY;Infraestructura de disposición final / Relleno sanitario;Municipal;SI;NO;NO;SI;Áncash;Bolognesi;Cajacay;A 1 km dirección norte de la ciudad Cajacay;20505;18.0;233167;8877431.0;R.D. Nº 135-2013/DSB/DIGESA/SA;-;-;-;-;-;;No aplica;OPERACIÓN;Supervisión;2025-10-01 00:00:00;Sin actividades;Distritos Cajacay, Santa Rosa, Saquesbamba y Colca;SI;NO;NO;NO;2022;Resolución N.° 00018-2022-OEFA/DSIS;Resolución N.° 00018-2022-OEFA/DSIS
39897;94;ADM12134;20154601644.0;MUNICIPALIDAD DISTRITAL DE CAMPOVERDE;Municipalidad;UF0013862;RELLENO SANITARIO DE LA MUNICIPALIDAD DISTRITAL DE CAMPO VERDE;Infraestructura de disposición final / Relleno sanitario;Municipal;SI;NO;NO;SI;Ucayali;Coronel Portillo;Campoverde;Sector Vista Alegre - Parcela 5;250102;18.0;519878;9067147.0;R.G. Nº 432-2018-MPCP-GM-GSPGA;-;-;-;-;-;;No aplica;OPERACIÓN;Supervisión;2022-10-21 00:00:00;Actividades paralizadas;Distrito Campo Verde;SI;NO;NO;NO;2022;Resolución N.° 00018-2022-OEFA/DSIS;Resolución N.° 00018-2022-OEFA/DSIS
39898;95;ADM12869;20191552424.0;MUNICIPALIDAD DISTRITAL DE CCOCHACCASA;Municipalidad;UF0009268;RELLENO SANITARIO CCAPASO DE LA MUNICIPALIDAD DE CCOCHACCASA;Infraestructura de disposición final / Relleno sanitario;Municipal;NO;NO;NO;SI;Huancavelica;Angaraes;Ccochaccasa;Quebrada de Pongoshuacco, Lugar Denominado Ccapaso;90304;18.0;525322;8568654.0;R.D. Nº 0162-2010/DIGESA/SA;-;-;-;-;-;;No aplica;OPERACIÓN;Supervisión;2022-07-20 00:00:00;No aplica;Distrito Ccocchacasa;SI;NO;NO;NO;2022;Resolución N.° 00018-2022-OEFA/DSIS;Resolución N.° 00018-2022-OEFA/DSIS
39899;96;ADM12275;20163051118.0;MUNICIPALIDAD DISTRITAL DE CHANCAY;Municipalidad;UF0009293;RELLENO SANITARIO, PLANTA DE TRATAMIENTO DE RESIDUOS ORGÁNICOS E INORGÁNICOS PARA EL DISTRITO DE CHANCAY;Infraestructura de disposición final / Relleno sanitario;Municipal;SI;NO;NO;SI;Lima;Huaral;Chancay;Altura Del Km 93 Panamericana Norte;150605;18.0;246205;8730167.0;R.D. Nº 407/2015/DSB/DIGESA/SA;-;-;-;-;-;;No aplica;OPERACIÓN;Supervisión;2023-08-23 00:00:00;No aplica;Distrito Chancay;SI;NO;NO;NO;2022;Resolución N.° 00018-2022-OEFA/DSIS;Resolución N.° 00018-2022-OEFA/DSIS
39900;97;ADM12598;20177427285.0;MUNICIPALIDAD DISTRITAL DE COTABAMBAS;Municipalidad;UF0018719;RELLENO SANITARIO DEL PROYECTO MEJORAMIENTO Y AMPLIACIÓN DE LA GESTIÓN INTEGRAL DE RESIDUOS SOLIDOS EN LA LOCALIDAD DE COTABAMBAS, DISTRITO DE COTABAMBAS, PROVINCIA DE COTABAMBAS, DEPARTAMENTO DE APURIMAC;Infraestructura de disposición final / Relleno sanitario;Municipal;SI;NO;NO;SI;Apurímac;Cotabambas;Cotabambas;Sector de Ccorihuayrachima, comunidad de Guaclle;30502;18.0;780447;8477443.0;R.A. N° 0168-2022-A-MPCT;-;-;-;-;-;;No aplica;CONSTRUCCIÓN;"Oficio N° 0112-2024-A-MDC/C de fecha 10/04/2024
 (Registro 2024-E01-044162)";-;Construcción paralizada por conflictos de terrenos entre la comunidad de Chaupec y Huaclle;Distrito Cotabambas;SI;NO;NO;NO;2022;Resolución N° 00054-2022-OEFA/DSIS;Resolución N° 00054-2022-OEFA/DSIS
39901;98;ADM12584;20176704927.0;MUNICIPALIDAD DISTRITAL DE HUALLA;Municipalidad;UF0009279;RELLENO SANITARIO MANUAL Y PLANTA DE APROVECHAMIENTO DE RESIDUOS SÓLIDOS DEL DISTRITO DE HUALLA, PROVINCIA VÍCTOR FAJARDO, REGIÓN AYACUCHO;Infraestructura de disposición final / Relleno sanitario;Municipal;SI;NO;NO;SI;Ayacucho;Víctor Fajardo;Hualla;Sector Milley Pata;51010;18.0;613322;8467030.0;R.D. N° 163-2013/DSB/DIGESA/SA;-;-;-;-;-;;No aplica;OPERACIÓN;Supervisión;2021-12-15 00:00:00;No aplica;Distrito Hualla y Comunidad Tiquihua;SI;NO;NO;NO;2022;Resolución N.° 00018-2022-OEFA/DSIS;Resolución N.° 00018-2022-OEFA/DSIS
39902;99;ADM13004;20196029584.0;MUNICIPALIDAD DISTRITAL DE HUANCARAMA;Municipalidad;UF0009212;INFRAESTRUCTURA DE DISPOSICIÓN FINAL DE HUANCARAMA Y PACOBAMBA;Infraestructura de disposición final / Relleno sanitario;Municipal;SI;NO;NO;SI;Apurímac;Andahuaylas;Huancarama;Zona Huaccoto, sector Ccochaqpata;30204;18.0;705023;8492317.0;R.D. Nº 167-2013/DSB/DIGESA/SA;-;-;-;-;-;;No aplica;OPERACIÓN;Supervisión;2022-06-16 00:00:00;No aplica;Distrito Huancarama y Pacobamba;SI;NO;NO;NO;2022;Resolución N.° 00018-2022-OEFA/DSIS;Resolución N.° 00018-2022-OEFA/DSIS
39903;100;ADM12014;20146921427.0;MUNICIPALIDAD DISTRITAL DE INDEPENDENCIA;Municipalidad;UF0009210;PLANTA DE TRATAMIENTO Y DISPOSICIÓN FINAL DE RESIDUOS SÓLIDOS;Infraestructura de disposición final / Relleno sanitario;Municipal;SI;NO;NO;SI;Áncash;Huaraz;Independencia;Paraje Cotuyoc Ruri y Shuro Pachan, Centro Poblado Jatun Pongor;20105;18.0;220669;8947950.0;R.D. N° 1187/2006/DIGESA/SA;-;-;-;-;-;;No aplica;OPERACIÓN;Supervisión;2023-11-17 00:00:00;No aplica;Distrito Independencia;SI;NO;NO;NO;2022;Resolución N.° 00018-2022-OEFA/DSIS;Resolución N.° 00018-2022-OEFA/DSIS
39904;101;ADM12856;20191116365.0;MUNICIPALIDAD DISTRITAL DE MANCOS;Municipalidad;UF0013837;INFRAESTRUCTURA DE DISPOSICION FINAL DEL PROYECTO MEJORAMIENTO DE LOS SERVICIOS DE RECOLECCIÓN Y DISPOSICIÓN FINAL DE LOS RESIDUOS SÓLIDOS EN LA ZONA URBANA DE MANCOS, DISTRITO DE MANCOS;Infraestructura de disposición final / Relleno sanitario;Municipal;SI;NO;NO;SI;Áncash;Yungay;Mancos;Sector Shoropunta;22003;18.0;204508.04;8982741.07;R.G. N°010-2017-MPY/GDEyA;-;-;-;-;-;;No aplica;OPERACIÓN;Oficio N° 218-2022-MDM/A de fecha 08/08/2022 (Registro 2022-E01-085056);-;No aplica;Distrito Mancos;SI;NO;NO;NO;2022;Resolución N° 00054-2022-OEFA/DSIS;Resolución N° 00054-2022-OEFA/DSIS
39905;102;ADM13157;20201520364.0;MUNICIPALIDAD DISTRITAL DE MARA;Municipalidad;UF0018724;RELLENO SANITARIO DEL PROYECTO MEJORAMIENTO DEL SERVICIO DE LIMPIEZA PÚBLICA EN LA LOCALIDAD DE MARA DEL DISTRITO DE MARA, PROVINCIA DE COTABAMBAS, DEPARTAMENTO DE APURIMAC;Infraestructura de disposición final / Relleno sanitario;Municipal;SI;NO;NO;SI;Apurímac;Cotabambas;Mara;Sector de Q'ara, comunidad Quehuincha;30505;18.0;814227;8439298.0;R.A. N° 0106-2022-A-MPCT;-;-;-;-;-;;No aplica;CONSTRUCCIÓN;"Oficio N° 139-2024/AL/MDM/COT/APU de fecha 21/03/2024
 (Registro 2024-E01-03312)";-;Se encuentra en corte por factores climáticos. El Componente 04: adecuada valorización de los residuos sólidos al 99.57% y el Componente 05: adecuada disposición final de los residuos sólidos al 68.40%;Distrito Maras;SI;NO;NO;NO;2022;Resolución N° 00054-2022-OEFA/DSIS;Resolución N° 00054-2022-OEFA/DSIS
39906;103;ADM12408;20168804343.0;MUNICIPALIDAD DISTRITAL DE NINACACA;Municipalidad;UF0012769;PROYECTO DE RELLENO SANITARIO DEL DISTRITO DE NINACACA;Infraestructura de disposición final / Relleno sanitario;Municipal;NO;NO;NO;SI;Pasco;Pasco;Ninacaca;Lugar de Chasquitambo, a 0.3 Km de la carretera central Tramo cerro de Pasco- La Oroya;190105;18.0;378774;8797790.0;R.A. Nº 077-2017-HMPP/A;-;-;-;-;-;;No aplica;OPERACIÓN;Supervisión;2021-07-22 00:00:00;No aplica;Distrito Ninacaca;SI;NO;NO;NO;2022;Resolución N.° 00018-2022-OEFA/DSIS;Resolución N.° 00018-2022-OEFA/DSIS
39907;104;ADM13901;20282911915.0;MUNICIPALIDAD DISTRITAL DE NVO CHIMBOTE;Municipalidad;UF0019014;INFRAESTRUCTURA DE DISPOSICION FINAL Y PLANTA DE VALORIZACION DE RESIDUOS SOLIDOS MUNICIPALES DEL PROYECTO MEJORAMIENTO Y AMPLIACIÓN DE LA GESTIÓN INTEGRAL DE RESIDUOS SÓLIDOS MUNICIPALES EN LA CIUDAD DE NUEVO CHIMBOTE, DISTRITO DE NUEVO CHIMBOTE-SANTA -ÁNCASH;Infraestructura de disposición final / Relleno sanitario;Municipal;SI;NO;NO;SI;Áncash;Santa;Nuevo Chimbote;Sector Pampa Carbonera;21809;17.0;781185;8985633.0;R.G. N°030-2019-GGA Y SP-MPS;-;-;-;-;-;;No aplica;OPERACIÓN;Oficio Múltiple N° 014-2023-MDNCH/ALC (2023-E07-101883);2023-06-23 00:00:00;No aplica;Distrito Nuevo Chimbote;SI;NO;NO;NO;2022;Resolución N° 00054-2022-OEFA/DSIS;Resolución N° 00054-2022-OEFA/DSIS
39908;105;ADM12501;20172681043.0;MUNICIPALIDAD DISTRITAL DE ORCOPAMPA;Municipalidad;UF0013839;RELLENO SANITARIO, PLANTA DE TRATAMIENTO DE RESIDUOS ORGÁNICOS Y PLANTA DE SEPARACIÓN DE RESIDUOS INORGÁNICOS RECICLABLES PARA LA CIUDAD DE ORCOPAMPA, PROVINCIA DE CASTILLA, DEPARTAMENTO DE AREQUIPA;Infraestructura de disposición final / Relleno sanitario;Municipal;SI;NO;NO;SI;Arequipa;Castilla;Orcopampa;Sector de Huimpilca, a 5,5 Km de la vía afirmada próxima que une Orcopampa con Manto;40409;18.0;788445;8312267.0;R.D. N° 568-2015/DSB/DIGESA/SA;R.A. N° 101-2023/MDO/A;-;-;-;-;;No aplica;OPERACIÓN;Supervisión;2022-04-19 00:00:00;No aplica;Distrito Orcopampa;SI;NO;NO;NO;2022;Resolución N.° 00018-2022-OEFA/DSIS;Resolución N.° 00018-2022-OEFA/DSIS
39909;106;ADM12884;20191870710.0;MUNICIPALIDAD DISTRITAL DE PACA;Municipalidad;UF0017478;RELLENO SANITARIO DEL DISTRITO DE PACA;Infraestructura de disposición final / Relleno sanitario;Municipal;SI;NO;NO;SI;Junín;Jauja;Paca;Localidad de Paca;120422;18.0;439829;8711805.0;R.G.S.P. N° 019-2018-GSPLGADS/MPJ;-;-;-;-;-;;No aplica;OPERACIÓN;"OFICIO N° 313-2023-MDP/A del 27/12/2023
  (Registro 2023-E01-577173)";-;No aplica;Distrito Paca;SI;NO;NO;NO;2022;Resolución N.° 00018-2022-OEFA/DSIS;Resolución N.° 00018-2022-OEFA/DSIS
39910;107;ADM13081;20199463129.0;MUNICIPALIDAD DISTRITAL DE PALCA;Municipalidad;UF0018739;INFRAESTRUCTURA DE DISPOSICIÓN FINAL DE RESIDUOS SÓLIDOS MUNICIPALES DEL PROYECTO MEJORAMIENTO DEL SERVICIO DE LIMPIEZA PÚBLICA EN LA LOCALIDAD DE PALCA, PROVINCIA DE HUANCAVELICA - HUANCAVELICA;Infraestructura de disposición final / Relleno sanitario;Municipal;SI;NO;NO;SI;Huancavelica;Huancavelica;Palca;Paraje denominado Patahuasicucho;90114;18.0;503591;8600156.0;C.A. N° 001/2020/GGA/MPH;-;-;-;-;-;;No aplica;OPERACIÓN;"OFICIO N° 238-2024/MDP.HVCA/ALC., recibido el 02/07/2024
  (Registro 2024-E01-075164)";-;No aplica;Distrito Palca;SI;NO;NO;NO;2022;Resolución N° 00054-2022-OEFA/DSIS;Resolución N° 00054-2022-OEFA/DSIS
39911;108;ADM13266;20205095544.0;MUNICIPALIDAD DISTRITAL DE POZUZO;Municipalidad;UF0009274;RELLENO SANITARIO PARA EL DISTRITO DE POZUZO, PROVINCIA DE OXAPAMPA, DEPARTAMENTO DE PASCO;Infraestructura de disposición final / Relleno sanitario;Municipal;NO;NO;NO;SI;Pasco;Oxapampa;Pozuzo;Parcela denominada Delfín Prusia-Centro 838- I Etapa;190305;18.0;438761;8883431.0;R.D. Nº 484-2014/DSB/DIGESA/SA;-;-;-;-;-;;No aplica;OPERACIÓN;Supervisión;2021-04-20 00:00:00;No aplica;Distrito Pozuzo;SI;NO;NO;NO;2022;Resolución N.° 00018-2022-OEFA/DSIS;Resolución N.° 00018-2022-OEFA/DSIS
39912;109;ADM13579;20221631910.0;MUNICIPALIDAD DISTRITAL DE RAYMONDI;Municipalidad;UF0013835;RELLENO SANITARIO, PLANTA DE TRATAMIENTO DE RESIDUOS ORGÁNICOS Y MATERIAL RECICLABLE PARA EL DISTRITO DE ANTONIO RAYMONDI, PROVINCIA DE BOLOGNESI, DEPARTAMENTO DE ANCASH;Infraestructura de disposición final / Relleno sanitario;Municipal;SI;NO;NO;SI;Áncash;Bolognesi;Antonio Raymondi;Sector Pisua;20503;18.0;229539;8875218.0;R.D. Nº 429-2014/DSB/DIGESA/SA;-;-;-;-;-;;No aplica;OPERACIÓN;Oficio N° 149-2024-MDAR/A de fecha 05/04/2024 (Registro 2024-E01-041822);-;No aplica;Centro Poblado de Raquia;SI;NO;NO;NO;2022;Resolución N.° 00018-2022-OEFA/DSIS;Resolución N.° 00018-2022-OEFA/DSIS
39913;110;ADM12722;20185716172.0;MUNICIPALIDAD DISTRITAL DE SAN JERONIMO DE TUNAN;Municipalidad;UF0017122;INFRAESTRUCTURA DE DISPOSICIÓN FINAL DE LA LOCALIDAD SAN JERÓNIMO DE TUNÁN;Infraestructura de disposición final / Relleno sanitario;Municipal;SI;NO;NO;SI;Junín;Huancayo;San Jerónimo de Tunán;Cerro San Blas;120130;18.0;469017;8679938.0;R.G.S.P. N° 676-2018-MPH/GSP;-;-;-;-;-;;No aplica;OPERACIÓN;"OFICIO N° 010-2023-MDSJT/GGASP
 (HT 2023-E01-557988)";-;No aplica;Zona Urbana de San Jerónimo de Tunan;SI;NO;NO;NO;2022;Resolución N.° 00018-2022-OEFA/DSIS;Resolución N.° 00018-2022-OEFA/DSIS
39914;111;ADM14799;20451440625.0;MUNICIPALIDAD DISTRITAL DE SAN JUAN BAUTISTA;Municipalidad;UF0009291;RELLENO SANITARIO Y PLANTA DE REAPROVECHAMIENTO DE RESIDUOS SÓLIDOS PARA LA CIUDAD DE VILLA SAN JUAN, DISTRITO DE SAN JUAN BAUTISTA, PROVINCIA DE MAYNAS, DEPARTAMENTO DE LORETO;Infraestructura de disposición final / Relleno sanitario;Municipal;SI;NO;NO;SI;Loreto;Maynas;San Juan Bautista;Sector Moralillo;160113;18.0;683071;9567136.0;R.D. N° 459-2015/DSB/DIGESA/SA;R.G.M. N° 417-2023-MPM;-;-;-;-;;No aplica;OPERACIÓN;Supervisión;2022-08-10 00:00:00;No aplica;Distrito San Juan Bautista;SI;NO;NO;NO;2022;Resolución N.° 00018-2022-OEFA/DSIS;Resolución N.° 00018-2022-OEFA/DSIS
39915;112;ADM12053;20147711159.0;MUNICIPALIDAD DISTRITAL DE SANTIAGO;Municipalidad;UF0015476;RELLENO SANITARIO, PLANTA DE TRATAMIENTO DE RESIDUOS ORGÁNICOS Y PLANTA DE SEPARACIÓN DE RESIDUOS INORGÁNICOS RECICLABLES PARA EL DISTRITO DE SANTIAGO, PROVINCIA DE ICA, DEPARTAMENTO DE ICA;Infraestructura de disposición final / Relleno sanitario;Municipal;SI;NO;NO;SI;Ica;Ica;Santiago;Sector Pampa Pinilla;110111;18.0;432918.27;8411293.94;R.G. N° 136-2018-GPMAS-MPI;-;-;-;-;-;;No aplica;OPERACIÓN;Supervisión;2023-10-17 00:00:00;No aplica;Distrito Santiago;SI;NO;NO;NO;2022;Resolución N.° 00018-2022-OEFA/DSIS;Resolución N.° 00018-2022-OEFA/DSIS
39916;113;ADM12488;20172351175.0;MUNICIPALIDAD DISTRITAL DE TAMBO;Municipalidad;UF0016696;INFRAESTRUCTURA DE APROVECHAMIENTO Y DISPOSICIÓN FINAL DE LOS RESIDUOS SÓLIDOS DE LA CIUDAD DE TAMBO - LA MAR - AYACUCHO;Infraestructura de disposición final / Relleno sanitario;Municipal;SI;NO;NO;SI;Ayacucho;La Mar;Tambo;Comunidad de Ccarhuaccpampa, sector Chakachayocc;50508;18.0;599043;8571796.0;R.A. N° 276-2018-MPLM-SM/A;-;-;-;-;-;;No aplica;OPERACIÓN;"Oficio N° 096-2024-MDT-LM/A
 (Registro 2024-E01-025486)";-;No aplica;Distrito Tambo;SI;NO;NO;NO;2022;Resolución N.° 00018-2022-OEFA/DSIS;Resolución N.° 00018-2022-OEFA/DSIS
39917;114;ADM13114;20200032277.0;MUNICIPALIDAD DISTRITAL DE TICLLOS;Municipalidad;UF0018735;INFRAESTRUCTURA DE DISPOSICIÓN FINAL DE RESIDUOS SÓLIDOS MUNICIPALES (RELLENO SANITARIO MANUAL) EN EL DISTRITO DE TICLLOS, PROVINCIA DE BOLOGNESI, DEPARTAMENTO DE ÁNCASH;Infraestructura de disposición final / Relleno sanitario;Municipal;NO;NO;NO;SI;Áncash;Bolognesi;Ticllos;Sector Quinchapata;20515;18.0;258297;8864532.0;R.A. N° 304-2018-MPB/A;-;-;-;-;-;;No aplica;OPERACIÓN;"Reporte de verificación
 (22/04/2024)";-;No aplica;Distrito Ticllos;SI;NO;NO;NO;2022;Resolución N° 00054-2022-OEFA/DSIS;Resolución N° 00054-2022-OEFA/DSIS
39918;115;ADM12082;20148290165.0;MUNICIPALIDAD DISTRITAL DE TONGOD;Municipalidad;UF0013840;MEJORAMIENTO DE LA GESTIÓN DE LOS RESIDUOS SÓLIDOS DE LA CIUDAD DE TONGOD, DISTRITO DE TONGOD - SAN MIGUEL - CAJAMARCA;Infraestructura de disposición final / Relleno sanitario;Municipal;NO;NO;NO;SI;Cajamarca;San Miguel;Tongod;A 3.81 km dirección norte de Tongod;61112;17.0;741122;9254595.0;R.A. N° 063A-2018-MPSM/A;-;-;-;-;-;;No aplica;OPERACIÓN;"OFICIO N° 001-2023-MDT/AMA/RTL
 (Registro 2023-I01-049982)";-;No aplica;Distrito Tongod;SI;NO;NO;NO;2022;Resolución N.° 00018-2022-OEFA/DSIS;Resolución N.° 00018-2022-OEFA/DSIS
39919;116;ADM12689;20183984196.0;MUNICIPALIDAD DISTRITAL DE YAULI;Municipalidad;UF0012758;INFRAESTRUCTURA DE DISPOSICIÓN FINAL DE YAULI;Infraestructura de disposición final / Relleno sanitario;Municipal;SI;NO;NO;SI;Huancavelica;Huancavelica;Yauli;Al pie de la Quebrada del Cerro Cabildo del centro poblado de Taccsana;90117;18.0;520343;8586619.0;R.D. Nº 168-2013/DSB/DIGESA/SA;-;-;-;-;-;;No aplica;OPERACIÓN;Supervisión;2021-05-21 00:00:00;No aplica;Distrito Yauli;SI;NO;NO;NO;2022;Resolución N.° 00018-2022-OEFA/DSIS;Resolución N.° 00018-2022-OEFA/DSIS
39920;117;ADM12652;20180415379.0;MUNICIPALIDAD DISTRITAL DE YAUYOS;Municipalidad;UF0012773;RELLENO SANITARIO, PLANTA DE REAPROVECHAMIENTO DE RESIDUOS ORGÁNICOS Y PLANTA DE SEPARACIÓN DE RESIDUOS INORGÁNICOS RECICLABLES PARA EL DISTRITO DE YAUYOS, PROVINCIA DE JAUJA, DEPARTAMENTO DE JUNÍN;Infraestructura de disposición final / Relleno sanitario;Municipal;SI;NO;NO;SI;Junín;Jauja;Sausa;Sector Macon;120434;18.0;446378;8696085.0;R.D. Nº 363-2015/DSB/DIGESA/SA;-;-;-;-;-;;No aplica;OPERACIÓN;Supervisión;2021-08-17 00:00:00;No aplica;Distrito Yauyos;SI;NO;NO;NO;2022;Resolución N.° 00018-2022-OEFA/DSIS;Resolución N.° 00018-2022-OEFA/DSIS
39921;118;ADM12260;20162536771.0;MUNICIPALIDAD DISTRITAL FUNDICION DE TINYAHUARCO;Municipalidad;UF0009289;RELLENO SANITARIO DE VILLA DE PASCO;Infraestructura de disposición final / Relleno sanitario;Municipal;SI;NO;NO;SI;Pasco;Pasco;Tinyahuarco;Comunidad Campesina Villa de Pasco, a 1.05 km de la población de Villa de Pasco y 0.3 km de la carretera central Cerro de Pasco-La Oroya;190111;18.0;363169;8806424.0;R.A. Nº 0150-2017-HMPP/A;R.G. N° 001-2025-HMPP-A/GM;-;-;-;-;;No aplica;OPERACIÓN;Supervisión;2023-05-26 00:00:00;No aplica;Distrito Tinyahuarco;SI;NO;NO;NO;2022;Resolución N.° 00018-2022-OEFA/DSIS;Resolución N.° 00018-2022-OEFA/DSIS
39922;119;ADM12132;20154572792.0;MUNICIPALIDAD PROV.DE CORONEL PORTILLO;Municipalidad;UF0013841;RELLENO SANITARIO Y PLANTA DE TRATAMIENTO DE RESIDUOS SÓLIDOS DE PUCALLPA;Infraestructura de disposición final / Relleno sanitario;Municipal;SI;NO;NO;SI;Ucayali;Coronel Portillo;Campoverde;Altura km 22 carretera Jorge Basadre;250102;18.0;531598;9066186.0;R.D. Nº 1263-2008/DIGESA/SA;-;-;-;-;-;;No aplica;OPERACIÓN;Supervisión;2023-11-17 00:00:00;No aplica;Distritos Callería, Yarinacocha y Campo Verde;SI;NO;NO;NO;2022;Resolución N.° 00018-2022-OEFA/DSIS;Resolución N.° 00018-2022-OEFA/DSIS
39923;120;ADM12146;20156003060.0;MUNICIPALIDAD PROVINCIAL BAGUA;Municipalidad;UF0009286;RELLENO SANITARIO PARA LAS CIUDADES DE BAGUA, LA PECA, EL PARCO, COPALLIN, ARAMANGO Y PLANTA DE TRATAMIENTO DE RESIDUOS ORGÁNICOS Y PLANTA DE SEPARACIÓN DE RESIDUOS INORGÁNICOS RECICLABLES PARA LA CIUDAD DE BAGUA, PROVINCIA DE BAGUA, DEPARTAMENTO DE AMAZONAS;Infraestructura de disposición final / Relleno sanitario;Municipal;SI;NO;NO;SI;Amazonas;Bagua;Bagua;Sector la Curva;10201;17.0;773875;9378560.0;R.D. Nº 366-2015/DSB/DIGESA/SA;-;-;-;-;-;;No aplica;OPERACIÓN;Supervisión;2023-10-18 00:00:00;No aplica;"Distritos Bagua, La Peca, El Parco, Copallín y
 Aramango";SI;NO;NO;NO;2022;Resolución N.° 00018-2022-OEFA/DSIS;Resolución N.° 00018-2022-OEFA/DSIS
39924;121;ADM11972;20146008926.0;MUNICIPALIDAD PROVINCIAL DE AMBO;Municipalidad;UF0009213;INFRAESTRUCTURA DE DISPOSICIÓN FINAL DE RESIDUOS SÓLIDOS DE AMBO;Infraestructura de disposición final / Relleno sanitario;Municipal;SI;NO;NO;SI;Huánuco;Ambo;Ambo;Localidad de Tarapata y proximidades del sector Ponga;100201;18.0;368845.96;8882447.58;R.D. N° 171-2013/DSB/DIGESA/SA;R.G. N° 04-2023-GGYRN-MPA;-;-;-;-;;No aplica;OPERACIÓN;Supervisión;2021-06-25 00:00:00;No aplica;Distrito Ambo;SI;NO;NO;NO;2022;Resolución N.° 00018-2022-OEFA/DSIS;Resolución N.° 00018-2022-OEFA/DSIS
39925;122;ADM12160;20156959783.0;MUNICIPALIDAD PROVINCIAL DE ANDAHUAYLAS;Municipalidad;UF0009271;RELLENO SANITARIO, PLANTA DE TRATAMIENTO DE RESIDUOS ORGÁNICOS Y PLANTA DE SEPARACIÓN DE RESIDUOS INORGÁNICOS RECICLABLES PARA LAS CIUDADES DE ANDAHUAYLAS, SAN JERÓNIMO Y TALAVERA, PROVINCIA DE ANDAHUAYLAS;Infraestructura de disposición final / Relleno sanitario;Municipal;SI;NO;NO;SI;Apurímac;Andahuaylas;San Jerónimo;Zona Cerro San José;30213;18.0;676791;8488456.0;R.G. Nº 112-2016-GM-MPA;R.G.M. N° 024-2023-GM-MPA;R.G. N° 0109-2023-GM-MPA;-;-;-;;No aplica;OPERACIÓN;Supervisión;2022-08-23 00:00:00;No aplica;Distritos Andahuaylas, San Jerónimo y Talavera;SI;NO;NO;NO;2022;Resolución N.° 00018-2022-OEFA/DSIS;Resolución N.° 00018-2022-OEFA/DSIS
39926;123;ADM13139;20200953691.0;MUNICIPALIDAD PROVINCIAL DE ANTA;Municipalidad;UF0009277;RELLENO SANITARIO MANUAL DE ANTA;Infraestructura de disposición final / Relleno sanitario;Municipal;SI;NO;NO;SI;Cusco;Anta;Anta;Niño Orco, Sector Chacan Chico, comunidad Eqquecco Chacan;80301;18.0;808692;8512834.0;R.D. Nº 685-2015/DSB/DIGESA/SA;R.G. 003-2022-GGASSR/MPA;-;-;-;-;;No aplica;OPERACIÓN;Supervisión;2023-09-15 00:00:00;No aplica;Distrito Anta;SI;NO;NO;NO;2022;Resolución N.° 00018-2022-OEFA/DSIS;Resolución N.° 00018-2022-OEFA/DSIS
39927;124;ADM12316;20165610297.0;MUNICIPALIDAD PROVINCIAL DE AYMARAES;Municipalidad;UF0019018;INFRAESTRUCTURA DE DISPOSICIÓN FINAL DE RESIDUOS SOLIDOS MUNICIPALES DEL PROYECTO MEJORAMIENTO Y AMPLIACIÓN DE LA GESTIÓN INTEGRAL DE LOS RESIDUOS SÓLIDOS MUNICIPALES EN LA CIUDAD DE CHALHUANCA Y DEL SERVICIO DE DISPOSICIÓN FINAL EN LAS CIUDADES DE CARAYBAMBA, SAÑAYCA Y COTARUSE, PROVINCIA DE AYMARAES-APURIMAC;Infraestructura de disposición final / Relleno sanitario;Municipal;NO;NO;NO;SI;Apurímac;Aymaraes;Chalhuanca;Sector Ccochapampa, comunidad de Pincahuacho;30401;18.0;683210;8419564.0;R.A. N° 368-2019-MPA-CH;R.A. N° 161-2022-MPA-CH;-;-;-;-;;No aplica;CONSTRUCCIÓN;Oficio N° 762-2021-MINAM/VMGA/GICA de fecha 21/06/2022 (Registro 2022-E01-055730);-;Construcción paralizada. Obra con contrato resuelto. Se viene elaborando Expediente de saldo de Obra.;Distritos Challhuanca, Caraybamba, Sañayca y Cotaruse;SI;NO;NO;NO;2022;Resolución N° 00054-2022-OEFA/DSIS;Resolución N° 00054-2022-OEFA/DSIS
39928;125;ADM12496;20172499679.0;MUNICIPALIDAD PROVINCIAL DE AZANGARO;Municipalidad;UF0018726;INFRAESTRUCTURA DE DISPOSICION FINAL DE RESIDUOS SOLIDOS MUNICIPALES DEL PROYECTO AMPLIACIÓN Y MEJORAMIENTO DE LA GESTIÓN INTEGRAL DE LOS RESIDUOS SÓLIDOS DE LA CIUDAD DE AZÁNGARO, PROVINCIA DE AZÁNGARO-PUNO;Infraestructura de disposición final / Relleno sanitario;Municipal;NO;NO;NO;SI;Puno;Azángaro;Azángaro;Sector de Pinayani;210201;19.0;368171;8347807.0;R.G. N° 026-2020-MPA/GM;-;-;-;-;-;;No aplica;OPERACIÓN;"Oficio N° 105-2024/MPA/GM de fecha 25/03/2024
  (Registro N° 2024-E01-036821)";2023-05-24 00:00:00;-;Distrito Azángaro;SI;NO;NO;NO;2022;Resolución N° 00054-2022-OEFA/DSIS;Resolución N° 00054-2022-OEFA/DSIS
39929;126;ADM12150;20156074242.0;MUNICIPALIDAD PROVINCIAL DE CALCA;Municipalidad;UF0016716;RELLENO SANITARIO MANUAL Y PLANTA DE TRATAMIENTO PILOTO DE RESIDUOS SÓLIDOS MUNICIPALES DE LOS DISTRITOS DE CALCA, LAMAY, PISAC, SAN SALVADOR Y TARAY DE LA PROVINCIA DE CALCA;Infraestructura de disposición final / Relleno sanitario;Municipal;NO;NO;NO;SI;Cusco;Calca;Calca;Centro poblado denominado Huattapampa, sector Pampacancha, de la comunidad Vista Alegre, sector Yanahuaylla,;80401;19.0;184280;8528890.0;R.D. N° 404/2015/DSB/DIGESA/SA;R.A. N° 344-2022-MPC;;-;-;-;;No aplica;CONSTRUCCIÓN;"Oficio N° 20-2023-GGA/MPC.
  (2023-E01-534334)";-;No aplica;Distritos Calca, Lamay, Pisac, San Salvador y Taray;SI;NO;NO;NO;2022;Resolución N.° 00018-2022-OEFA/DSIS;Resolución N.° 00018-2022-OEFA/DSIS
39930;127;ADM11932;20143166717.0;MUNICIPALIDAD PROVINCIAL DE CANGALLO;Municipalidad;UF0009211;INFRAESTRUCTURA DE DISPOSICIÓN FINAL DE LOS RESIDUOS SÓLIDOS DE LA CIUDAD DE CANGALLO Y COMUNIDADES DE MOLLEBAMBA, HUAHUAPUQUIO DEL DISTRITO DE CANGALLO Y LA CIUDAD DE PAMPA CANGALLO Y LAS COMUNIDADES DE CORASPAMPA, HUALLCHANCCA, JATUMPAMPA PACOPATA, DEL DISTRITO DE LOS MOROCHUCOS-CANGALLO-AYACUCHO;Infraestructura de disposición final / Relleno sanitario;Municipal;SI;NO;NO;SI;Ayacucho;Cangallo;Cangallo;Comunidad de Pacopata y el sector denominado Huaccrabamba;50201;18.0;591170;8497361.0;R.D. Nº 165-2013/DSB/DIGESA/SA;-;-;-;-;-;;No aplica;OPERACIÓN;Supervisión;2021-11-27 00:00:00;No aplica;Distritos Cangallo y Morochucos;SI;NO;NO;NO;2022;Resolución N.° 00018-2022-OEFA/DSIS;Resolución N.° 00018-2022-OEFA/DSIS
39931;128;ADM11986;20146663461.0;MUNICIPALIDAD PROVINCIAL DE CHANCHAMAYO;Municipalidad;UF0013720;INFRAESTRUCTURA DE DISPOSICIÓN FINAL Y PLANTA DE RECUPERACIÓN Y TRATAMIENTO DE RESIDUOS SÓLIDOS DE LA CIUDAD DE LA MERCED;Infraestructura de disposición final / Relleno sanitario;Municipal;SI;NO;NO;SI;Junín;Chanchamayo;Chanchamayo;Anexo Pampa Americana Sector Rio Colorado de la ciudad de Chanchamayo;120301;18.0;464781;8791034.0;R.D. Nº 097-2014/DSB/DIGESA/SA;R.G. N° 512-2022/MPCH-GDE;-;-;-;-;;No aplica;OPERACIÓN;Supervisión;2023-05-12 00:00:00;No aplica;Distrito La Merced, Localidades Quimiri, Vaquería, Rio Colorado y Pampa Americana;SI;NO;NO;NO;2022;Resolución N.° 00018-2022-OEFA/DSIS;Resolución N.° 00018-2022-OEFA/DSIS
39932;129;ADM12005;20146898697.0;MUNICIPALIDAD PROVINCIAL DE CHINCHA;Municipalidad;UF0013867;Relleno Sanitario, Planta de Tratamiento de residuos orgánicos y Planta de Separación de residuos inorgánicos reciclables para las ciudades de Chincha Alta, Pueblo Nuevo, Grocio Prado, Alto Larán, Sunampe, Chincha Baja y Tambo de Mora, provincia de Chincha, departamento de lca;Infraestructura de disposición final / Relleno sanitario;Municipal;SI;NO;NO;SI;Ica;Chincha;Pueblo Nuevo;Zona o Sector Pampa Satélite;110207;18.0;381421;8523000.0;Resolución N° 0428-2018-A/MPCH;-;-;-;-;-;;No aplica;OPERACIÓN;Supervisión;2023-09-12 00:00:00;No aplica;Distritos Chincha Alta, Pueblo Nuevo, Grocio Prado, Alto Larán, Sunampe, Chincha Baja y Tambo de Mora;SI;NO;NO;NO;2022;Resolución N.° 00018-2022-OEFA/DSIS;Resolución N.° 00018-2022-OEFA/DSIS
39933;130;ADM12761;20187806667.0;MUNICIPALIDAD PROVINCIAL DE CONCEPCION;Municipalidad;UF0009276;"RELLENO SANITARIO MANUAL ""SANTA CRUZ""";Infraestructura de disposición final / Relleno sanitario;Municipal;SI;NO;NO;SI;Junín;Concepción;Concepción;Sector Santa Cruz, Zona Alto Perú;120201;18.0;467918;8684443.0;R.D. Nº 0145/2006/DIGESA/SA;R.G.S.P.G.A. N° 001-2024/MPC;R.G.S.P. N° 006-2024-MPC/GSPGA;R.G.S.P. N° 002-2025-MPC/GSPGA;-;-;;No aplica;OPERACIÓN;Supervisión;2023-02-03 00:00:00;No aplica;Distrito Concepción;SI;NO;NO;NO;2022;Resolución N.° 00018-2022-OEFA/DSIS;Resolución N.° 00018-2022-OEFA/DSIS
39934;131;ADM12762;20187842388.0;MUNICIPALIDAD PROVINCIAL DE FAJARDO;Municipalidad;UF0013842;PLANTA DE VALORIZACIÓN DE RESIDUOS ORGÁNICOS E INORGÁNICOS DE LA MUNICIPALIDAD DE HUANCAPI;Infraestructura de disposición final / Relleno sanitario;Municipal;SI;NO;NO;SI;Ayacucho;Víctor Fajardo;Huancapi;Sector Kullkuntuna en la Comunidad de Huancapi;51001;18.0;598710;8482220.0;R.A. N° 139-2016-MPF-H/A;-;-;-;-;-;;No aplica;OPERACIÓN;Supervisión;2021-11-23 00:00:00;No aplica;Distrito Huancapi;SI;NO;NO;NO;2022;Resolución N.° 00018-2022-OEFA/DSIS;Resolución N.° 00018-2022-OEFA/DSIS
39935;132;ADM12253;20162368452.0;MUNICIPALIDAD PROVINCIAL DE FERREÑAFE;Municipalidad;UF0017754;INFRAESTRUCTURA DE DISPOSICIÓN FINAL, PLANTA DE VALORIZACIÓN Y CENTRO DE ACOPIO DE RESIDUOS SÓLIDOS MUNICIPALES FERREÑAFE;Infraestructura de disposición final / Relleno sanitario;Municipal;SI;NO;NO;SI;Lambayeque;Ferreñafe;Manuel Antonio Mesones Muro;Sector 4 de la Comunidad de Mayo;140204;17.0;6434205382;9266098.86;R.G.M. N° 0177-2019-MPF/GM;-;-;-;-;-;;No aplica;OPERACIÓN;"Oficio N° 002-2022-MPF/UGRS de fecha 31/03/2022
 (Registro 2022-E01-029027)";2023-11-09 00:00:00;No aplica;Distritos Ferreñafe, Pueblo Nuevo, Mesones Muro;SI;NO;NO;NO;2022;Resolución N.° 00018-2022-OEFA/DSIS;Resolución N.° 00018-2022-OEFA/DSIS
39936;133;ADM13177;20201962031.0;MUNICIPALIDAD PROVINCIAL DE GRAU;Municipalidad;UF0009278;RELLENO SANITARIO MANUAL DE CHUQUIBAMBILLA;Infraestructura de disposición final / Relleno sanitario;Municipal;SI;NO;NO;SI;Apurímac;Grau;Chuquibambilla;Predio rústico Macayturo, sector Chinchillpay;30701;18.0;745705.21;8438756.8;R.D. Nº 172-2013/DSB/DIGESA/SA;-;-;-;-;-;;No aplica;OPERACIÓN;Supervisión;2020-10-15 00:00:00;No aplica;Distrito Chuqibambilla;SI;NO;NO;NO;2022;Resolución N.° 00018-2022-OEFA/DSIS;Resolución N.° 00018-2022-OEFA/DSIS
39937;134;ADM12543;20175212095.0;MUNICIPALIDAD PROVINCIAL DE HUAMALIES;Municipalidad;UF0009262;INFRAESTRUCTURA DE TRATAMIENTO Y DISPOSICIÓN FINAL DE RESIDUOS SÓLIDOS DE LA CIUDAD DE LLATA Y CENTROS POBLADOS CERCANOS DE PAMPAS DE CARMEN, JUANA MORENO, PROGRESO, SAN CRISTÓBAL, LA FLORIDA, CACHAPAMPA, EL PORVENIR Y LIBERTAD;Infraestructura de disposición final / Relleno sanitario;Municipal;SI;NO;NO;SI;Huánuco;Huamalíes;Llata;"Centro Poblado San Cristóbal, zona de Pulga Patag, al pie del Cerro Chiuruco o ""Centro arqueológico Waliamarca o Hualmarca""";100501;18.0;297295;8945376.0;R.D. Nº 377-2013/DSB/DIGESA/SA;-;-;-;-;-;;No aplica;OPERACIÓN;Supervisión;2022-06-09 00:00:00;No aplica;Ciudad de Llata y Centros Poblados de Pampas de Carmen, Juana Moreno, Progreso, San Cristóbal, La Florida, Cachapampa, El Porvenir y Libertad;SI;NO;NO;NO;2022;Resolución N.° 00018-2022-OEFA/DSIS;Resolución N.° 00018-2022-OEFA/DSIS
39938;135;ADM11926;20143137296.0;MUNICIPALIDAD PROVINCIAL DE HUAMANGA;Municipalidad;UF0009263;RELLENO SANITARIO, PLANTA DE TRATAMIENTO DE RESIDUOS ORGÁNICOS Y PLANTA DE SEPARACIÓN DE RESIDUOS INORGÁNICOS RECICLABLES PARA LA CIUDAD DE AYACUCHO, CARMEN ALTO, SAN JUAN BAUTISTA Y JESÚS NAZARENO, PROVINCIA DE HUAMANGA, DEPARTAMENTO DE AYACUCHO;Infraestructura de disposición final / Relleno sanitario;Municipal;SI;NO;NO;SI;Ayacucho;Huamanga;Tambillo;Sector Lindipampa;50113;18.0;588744;8542007.0;R.D. Nº 263-2013/DSB/DIGESA/SA;-;-;-;-;-;;No aplica;OPERACIÓN;Supervisión;2023-06-09 00:00:00;No aplica;Ciudades de Ayacucho, Carmen Alto, San Juan Bautista y Jesús Nazareno;SI;NO;NO;NO;2022;Resolución N.° 00018-2022-OEFA/DSIS;Resolución N.° 00018-2022-OEFA/DSIS
39939;136;ADM12464;20171725144.0;MUNICIPALIDAD PROVINCIAL DE HUANCAVELICA;Municipalidad;UF0013731;MEJORAMIENTO DEL SISTEMA DE TRATAMIENTO DE RESIDUOS SÓLIDOS DE HUANCAVELICA;Infraestructura de disposición final / Relleno sanitario;Municipal;SI;NO;NO;SI;Huancavelica;Huancavelica;Huancavelica;Chaquihuayco-Chaquiccochapata, Comunidad de Pampachacra;90101;18.0;510294;8584912.0;R.D. Nº 0115 -2010/DIGESA/SA;-;-;-;-;-;;No aplica;CONSTRUCCIÓN CULMINADA;Informe N° 088-2024-GGA/MPH (Registro 2024-E01-046532);2022-07-22 00:00:00;Construcción culminada, inoperativa debido a conflictos sociales con la comunidad Pampachacra.;Ciudades de Huancavelica y Ascensión;SI;NO;NO;NO;2022;Resolución N.° 00018-2022-OEFA/DSIS;Resolución N.° 00018-2022-OEFA/DSIS
39940;137;ADM11971;20146008845.0;MUNICIPALIDAD PROVINCIAL DE HUANUCO;Municipalidad;UF0019015;RELLENO SANITARIO, PLANTA DE TRATAMIENTO DE RESIDUOS ORGÁNICOS Y PLANTA DE SEPARACIÓN DE RESIDUOS INORGÁNICOS RECICLABLES PARA LAS CIUDADES DE HUANUCO, AMARILIS, PILLCO MARCA Y SANTA MARIA DEL VALLE, PROVINCIA DE HUANUCO, DEPARTAMENTO DE HUANUCO;Infraestructura de disposición final / Relleno sanitario;Municipal;SI;NO;NO;SI;Huánuco;Huánuco;Huánuco;Centro Poblado Santo Domingo de Nauyan, parte alta de la Subcuenca Kotosh, Cuenca del rio Higueras, vertiente oriental de la cordillera de los Andes;100101;18.0;360716;8903848.0;R.G. N°009-2018-MPHCO/GSA;-;-;-;-;-;;No aplica;OPERACIÓN;"Informe N° 199-2025-MPHCO-GGA
(Registro 2025-E01-079011)";-;No aplica;Distritos de Huánuco, Amarilis, Pillco Marca y Santa María del Valle;SI;NO;NO;NO;2022;Resolución N° 00054-2022-OEFA/DSIS;Resolución N° 00054-2022-OEFA/DSIS
39941;138;ADM11905;20141418557.0;MUNICIPALIDAD PROVINCIAL DE HUAURA-HUACHO;Municipalidad;UF0013869;RELLENO SANITARIO DE LA MUNICIPALIDAD PROVINCIAL DE HUAURA;Infraestructura de disposición final / Relleno sanitario;Municipal;SI;NO;NO;SI;Lima;Huaura;Huaura;Sector Cumbre Acaray;150806;18.0;228433.84;8782907.8;R.A. N° 323-2018/MPH;-;-;-;-;-;;No aplica;OPERACIÓN;Supervisión;2023-10-26 00:00:00;No aplica;Distritos Hualmay, Huaura, Santa María, Vegueta, Caleta de Carquín y Huacho;SI;NO;NO;NO;2022;Resolución N.° 00018-2022-OEFA/DSIS;Resolución N.° 00018-2022-OEFA/DSIS
39942;139;ADM12795;20189212195.0;MUNICIPALIDAD PROVINCIAL DE LA MAR;Municipalidad;UF0009283;RELLENO SANITARIO Y PLANTA DE APROVECHAMIENTO DE RESIDUOS SÓLIDOS DE LA CIUDAD DE LA MAR, PROVINCIA DE LA MAR, REGIÓN AYACUCHO;Infraestructura de disposición final / Relleno sanitario;Municipal;SI;NO;NO;SI;Ayacucho;La Mar;San Miguel;Predio rústico Ccochaccpampa - Chullusmonte - Suytuera, entre las localidades de Copa Copa y Chalhuas;50501;18.0;612786;8559338.0;R.D. Nº 161-2013/DSB/DIGESA/SA;-;-;-;-;-;;No aplica;OPERACIÓN;Supervisión;2022-12-01 00:00:00;No aplica;Distrito San Miguel;SI;NO;NO;NO;2022;Resolución N.° 00018-2022-OEFA/DSIS;Resolución N.° 00018-2022-OEFA/DSIS
39943;140;ADM11679;20116067847.0;MUNICIPALIDAD PROVINCIAL DE LORETO NAUTA;Municipalidad;UF0009281;RELLENO SANITARIO MANUAL DE NAUTA;Infraestructura de disposición final / Relleno sanitario;Municipal;SI;NO;NO;SI;Loreto;Loreto;Nauta;KM 7.5 de la carretera Nauta - Iquitos;160301;18.0;656166;9507006.0;R.D. Nº 0065-2010/DIGESA/SA;-;-;-;-;-;;No aplica;OPERACIÓN;Supervisión;2023-07-20 00:00:00;No aplica;Distrito Nauta;SI;NO;NO;NO;2022;Resolución N.° 00018-2022-OEFA/DSIS;Resolución N.° 00018-2022-OEFA/DSIS
39944;141;ADM12004;20146806679.0;MUNICIPALIDAD PROVINCIAL DE MOYOBAMBA;Municipalidad;UF0017758;RELLENO SANITARIO, PLANTA DE TRATAMIENTO DE RESIDUOS ORGÁNICOS Y PLANTA DE SEPARACIÓN DE RESIDUOS INORGÁNICOS RECICLABLES PARA LAS CIUDADES DE YANTALO, CALZADA, SORITOR Y MOYOBAMBA, PROVINCIA DE MOYOBAMBA, DEPARTAMENTO DE SAN MARTÍN;Infraestructura de disposición final / Relleno sanitario;Municipal;SI;NO;NO;SI;San Martín;Moyobamba;Moyobamba;Moyobamba;220101;18.0;2791250892;9336791828.0;R.A. N° 524-2018-MPM/A;R.A. N° 139-2024-MPM/A;-;-;-;-;;No aplica;OPERACIÓN;"Oficio N° 007-2022-MPM/URS de fecha 05/07/2022
 (Registro N°2022-E01-060236)";2023-10-18 00:00:00;No aplica;Distritos Moyobamba, Yantalo, Calzad, Soritor;SI;NO;NO;NO;2022;Resolución N.° 00018-2022-OEFA/DSIS;Resolución N.° 00018-2022-OEFA/DSIS
39945;142;ADM12051;20147705850.0;MUNICIPALIDAD PROVINCIAL DE NASCA;Municipalidad;UF0018519;RELLENO SANITARIO DEL PROYECTO MEJORAMIENTO Y AMPLIACIÓN DE LA GESTIÓN INTEGRAL DE RESIDUOS SOLIDOS DE LA CIUDAD DE NASCA Y DISPOSICION FINAL EN VISTA ALEGRE, PROVINCIA DE NASCA-ICA;Infraestructura de disposición final / Relleno sanitario;Municipal;SI;NO;NO;SI;Ica;Nazca;Nazca;Sector Pampas de Poroma;110301;18.0;500134;8342318.0;R.A. N° 560-2021-AMPN;-;-;-;-;-;;No aplica;CONSTRUCCIÓN CULMINADA;"OFICIO N° 0087-2023-GPMAS/MPN
 (HT 2023-E01-558325)";-;La municipalidad informa que la infraestrutura se encuentra inoperativa, porque todvía no tiene la maquinaria.;Distrito Nasca y Vista Alegre;SI;NO;NO;NO;2022;Resolución N° 00054-2022-OEFA/DSIS;Resolución N° 00054-2022-OEFA/DSIS
39946;143;ADM12252;20162361440.0;MUNICIPALIDAD PROVINCIAL DE PAITA;Municipalidad;UF0017757;INFRAESTRUCTURA DE DISPOSICIÓN FINAL Y PLANTA DE VALORIZACIÓN DE RESIDUOS SÓLIDOS MUNICIPALES DEL PROYECTO MEJORAMIENTO DE LA GESTIÓN INTEGRAL DE RESIDUOS SÓLIDOS MUNICIPALES EN EL DISTRITO DE PAITA PROVINCIA DE PAITA - PIURA;Infraestructura de disposición final / Relleno sanitario;Municipal;SI;NO;NO;SI;Piura;Paita;Paita;Paita;200501;17.0;4965868818;9436517275.0;R.G.M. N° 321-2019-MPP/GM;-;-;-;-;-;;No aplica;OPERACIÓN;"Oficio N° 016-2022-SGCAPylyS/GGAySP/MPP de fecha 22/08/2022
 (Registro 2022-E01-91375)";2023-06-21 00:00:00;No aplica;Distrito Paita;SI;NO;NO;NO;2022;Resolución N.° 00018-2022-OEFA/DSIS;Resolución N.° 00018-2022-OEFA/DSIS
39947;144;ADM12674;20182177670.0;MUNICIPALIDAD PROVINCIAL DE PARINACOCHAS;Municipalidad;UF0009282;RELLENO SANITARIO MANUAL Y PLANTA DE REAPROVECHAMIENTO DE RESIDUOS SÓLIDOS MUNICIPALES DE CORACORA, DISTRITO DE CORACORA, PROVINCIA DE PARINACOCHAS, REGIÓN AYACUCHO;Infraestructura de disposición final / Relleno sanitario;Municipal;SI;NO;NO;SI;Ayacucho;Parinacochas;Coracora;Sector Uschalli;50701;18.0;633518;8336121.0;R.D. Nº 176-2013/DSB/DIGESA/SA;-;-;-;-;-;;No aplica;OPERACIÓN;Supervisión;2023-08-18 00:00:00;No aplica;Distrito Cora Cora;SI;NO;NO;NO;2022;Resolución N.° 00018-2022-OEFA/DSIS;Resolución N.° 00018-2022-OEFA/DSIS
39948;145;ADM11975;20146247084.0;MUNICIPALIDAD PROVINCIAL DE PUNO;Municipalidad;UF0009294;RELLENO SANITARIO, PLANTA DE TRATAMIENTO DE RESIDUOS ORGÁNICOS Y PLANTA DE SEPARACIÓN DE RESIDUOS INORGÁNICOS RECICLABLES PARA EL DISTRITO, PROVINCIA Y DEPARTAMENTO DE PUNO;Infraestructura de disposición final / Relleno sanitario;Municipal;SI;NO;NO;SI;Puno;Puno;Puno;Sector Itapalluni;210101;19.0;385715;8242602.0;R.D. Nº 06-2013/DSB/DIGESA/SA;-;-;-;-;-;;No aplica;OPERACIÓN;Supervisión;2022-11-03 00:00:00;No aplica;Distrito Puno;SI;NO;NO;NO;2022;Resolución N.° 00018-2022-OEFA/DSIS;Resolución N.° 00018-2022-OEFA/DSIS
39949;146;ADM11996;20146721410.0;MUNICIPALIDAD PROVINCIAL DE SECHURA;Municipalidad;UF0017755;INFRAESTRUCTURA DE DISPOSICIÓN FINAL Y PLANTA DE VALORIZACIÓN DE RESIDUOS SÓLIDOS MUNICIPALES SECHURA;Infraestructura de disposición final / Relleno sanitario;Municipal;SI;NO;NO;SI;Piura;Sechura;Sechura;Sector Matacaballo;200801;17.0;519467328;9376618322.0;R.G N°004-2019-MPS-GM;-;-;-;-;-;;No aplica;OPERACIÓN;"Oficio N° 657-2022/MPS-A de fecha 02/08/2022
 (Registro 2022-E01-083019)";2023-06-23 00:00:00;No aplica;Distritos de Bellavista de la Unión, Bernal, Cristo Nos Valga, Vilce, Rinconada Licuar y Sechura;SI;NO;NO;NO;2022;Resolución N.° 00018-2022-OEFA/DSIS;Resolución N.° 00018-2022-OEFA/DSIS
39950;147;ADM12117;20154477021.0;MUNICIPALIDAD PROVINCIAL DE SULLANA;Municipalidad;UF0013844;RELLENO SANITARIO, PLANTA DE TRATAMIENTO DE RESIDUOS ORGÁNICOS Y PLANTA DE SEPARACIÓN DE RESIDUOS INORGÁNICOS RECICLABLES PARA LOS DISTRITOS DE SULLANA Y BELLAVISTA, PROVINCIA DE SULLANA, DEPARTAMENTO DE PIURA;Infraestructura de disposición final / Relleno sanitario;Municipal;SI;NO;NO;SI;Piura;Sullana;Miguel Checa;Pampas de la Capilla, sector El progreso;200606;17.0;529295;9455096.0;R.D. Nº 103-2012/DSB/DIGESA/SA;-;-;-;-;-;;No aplica;OPERACIÓN;Supervisión;2025-10-28 00:00:00;No aplica;Distritos Sullana y Bellavista;SI;NO;NO;NO;2022;Resolución N.° 00018-2022-OEFA/DSIS;Resolución N.° 00018-2022-OEFA/DSIS
39951;148;ADM12058;20147797100.0;MUNICIPALIDAD PROVINCIAL DE TACNA;Municipalidad;UF0013013;INFRAESTRUCTURA DE DISPOSICIÓN FINAL DE LOS RESIDUOS SÓLIDOS MUNICIPALES (RELLENO SANITARIO) EN LA CIUDAD DE TACNA;Infraestructura de disposición final / Relleno sanitario;Municipal;NO;NO;NO;SI;Tacna;Tacna;Alto de la Alianza y Ciudad Nueva;Carretera Tacna-Tarata, altura Km7;230102/ 230104;19.0;367502;8013693.0;R.D. N° 386-2013/DSB/DIGESA/SA;-;-;-;-;-;;No aplica;CONSTRUCCIÓN;Supervisión;2023-06-20 00:00:00;Construcción paralizada;Distritos Tacna, Alto de la Alianza, Pocollay y Gregorio Albarracín;SI;NO;NO;NO;2022;Resolución N.° 00018-2022-OEFA/DSIS;Resolución N.° 00018-2022-OEFA/DSIS
39952;149;ADM11995;20146713824.0;MUNICIPALIDAD PROVINCIAL DE TALARA;Municipalidad;UF0017756;INFRAESTRUCTURA DE DISPOSICIÓN FINAL, PLANTA DE VALORIZACIÓN Y CENTRO DE ACOPIO DE RESIDUOS SÓLIDOS MUNICIPALES DEL PROYECTO MEJORAMIENTO Y AMPLIACIÓN DE LA GESTIÓN INTEGRAL DE RESIDUOS SÓLIDOS MUNICIPALES EN LA CIUDAD DE TALARA;Infraestructura de disposición final / Relleno sanitario;Municipal;SI;NO;NO;SI;Piura;Talara;Pariñas;Sector Pariñas;200701;17.0;484753.27;9494045.78;R.S N°014-10-2019-SGAS-GSP-MPT;-;-;-;-;-;;No aplica;OPERACIÓN;"Reporte de operación y mantenimiento de Relleno Sanitario del 27/02/2022
  (2022-E01-029900)";2023-11-10 00:00:00;No aplica;Distrito Talara;SI;NO;NO;NO;2022;Resolución N.° 00018-2022-OEFA/DSIS;Resolución N.° 00018-2022-OEFA/DSIS
39953;150;ADM12156;20156696596.0;MUNICIPALIDAD PROVINCIAL DE TUMBES;Municipalidad;UF0016770;RELLENO SANITARIO, PLANTA DE TRATAMIENTO DE RESIDUOS ORGÁNICOS Y PLANTA DE SEPARACIÓN DE RESIDUOS INORGÁNICOS RECICLABLES PARA LOS DISTRITOS DE TUMBES, CORRALES, LA CRUZ, PAMPAS DE HOSPITAL, SAN JACINTO Y SAN JUAN DE LA VIRGEN, PROVINCIA DE TUMBES, DEPARTAMENTO DE TUMBES;Infraestructura de disposición final / Relleno sanitario;Municipal;SI;NO;NO;SI;Tumbes;Tumbes;San Juan de la Virgen;Sector Puerto de Cura;240106;17.0;564956.46;9601869.83;R.G. N° 027-2018/MPT-GDE;-;-;-;-;-;;No aplica;OPERACIÓN;"Oficio N° 241-2024/MPT-ALC de fecha 19/04/2024 
 (Registro 2024-E01-048319)";-;No aplica;Distritos Tumbes, Corrales, La Cruz, Pampas de Hospital, San Jacinto y San Juan de la Virgen;SI;NO;NO;NO;2022;Resolución N.° 00018-2022-OEFA/DSIS;Resolución N.° 00018-2022-OEFA/DSIS
39954;151;ADM12044;20147567449.0;MUNICIPALIDAD PROVINCIAL DE URUBAMBA;Municipalidad;UF0009288;RELLENO SANITARIO SEMIMECANIZADO Y PLANTA DE TRATAMIENTO PILOTO DE RESIDUOS SÓLIDOS MUNICIPALES DE LOS DISTRITOS DE URUBAMBA, CHINCHEROS, HUAYLLABAMBA, MARAS, OLLANTAYTAMBO, YUCAY Y MACHUPICHU DE LA PROVINCIA DE URUBAMBA - REGIÓN CUSCO;Infraestructura de disposición final / Relleno sanitario;Municipal;SI;NO;NO;SI;Cusco;Urubamba;Maras;Sector Jahuaccollay II - Tarapata;81305;18.0;813841;8525035.0;R.D. N° 572-2015/DSB/DIGESA/SA;R.G.M. N° 050-2025-GM-MPU/C;-;-;-;-;;No aplica;OPERACIÓN;Supervisión;2022-10-06 00:00:00;No aplica;Distritos Chincheros, Huayllabamba, Machupicchu, Maras, Ollantaytambo, Urumbamba y Yucay;SI;NO;NO;NO;2022;Resolución N.° 00018-2022-OEFA/DSIS;Resolución N.° 00018-2022-OEFA/DSIS
39955;152;ADM13295;20205976079.0;MUNICIPALIDAD PROVINCIAL DE YAROWILCA;Municipalidad;UF0016695;RELLENO SANITARIO DE YAROWILCA;Infraestructura de disposición final / Relleno sanitario;Municipal;SI;NO;NO;SI;Huánuco;Yarowilca;Chavinillo;Localidad de Chavinillo;101101;18.0;323641;8908107.0;R.A. Nº 169-2018-MPY/A;-;-;-;-;-;;No aplica;OPERACIÓN;REPORTE RESUMEN GENERAL, AÑO 2022 - SIGERSOL MUNICIPAL;-;No aplica;Distritos Chavinillo, Choras y Chacabamba;SI;NO;NO;NO;2022;Resolución N.° 00018-2022-OEFA/DSIS;Resolución N.° 00018-2022-OEFA/DSIS
39956;153;ADM12115;20154469941.0;MUNICIPALIDAD PROVINCIAL MARISCAL NIETO;Municipalidad;UF0018752;RELLENO SANITARIO UBICADO EN EL SECTOR MUCHO TRIGO, DISTRITO DE MOQUEGUA, PROVINCIA DE MARISCAL NIETO, REGIÓN MOQUEGUA;Infraestructura de disposición final / Relleno sanitario;Municipal;NO;NO;NO;SI;Moquegua;Mariscal Nieto;Moquegua;Sector Pampas de Jaguay, Mucho Trigo;180101;19.0;296754;8091953.0;R.G. N° 2230-2017-GDUAAT-GM/MPMN;-;-;-;-;-;;No aplica;OPERACIÓN;Oficio N°037-2024-SGAC-GSC-GM-MPMN de fecha 22/04/2024 (Registro 2024-E01-034619);-;No aplica;Distrito Moquegua;SI;NO;NO;NO;2022;Resolución N° 00054-2022-OEFA/DSIS;Resolución N° 00054-2022-OEFA/DSIS
39957;154;ADM12820;20190242961.0;MUNICIPALIDAD PROVINCIAL OXAPAMPA;Municipalidad;UF0009290;RELLENO SANITARIO Y PLANTA DE REAPROVECHAMIENTO DE RESIDUOS ORGÁNICOS E INORGÁNICOS PARA LAS CIUDADES DE OXAPAMPA, CHONTOBAMBA Y HUANCABAMBA, PROVINCIA DE OXAMPAMPA, DEPARTAMENTO DE PASCO;Infraestructura de disposición final / Relleno sanitario;Municipal;SI;NO;NO;SI;Pasco;Oxapampa;Huancabamba;Parcela N° 30671, Sector Gramazu Carolina III Etapa;200301;18.0;448572;8837317.0;R.D. Nº 391/2015/DSB/DIGESA/SA;-;-;-;-;-;;No aplica;OPERACIÓN;Supervisión;2022-06-02 00:00:00;No aplica;Distritos Oxapampa, Chontabamba y Huancabamba;SI;NO;NO;NO;2022;Resolución N.° 00018-2022-OEFA/DSIS;Resolución N.° 00018-2022-OEFA/DSIS
39958;155;ADM12124;20154544667.0;MUNICIPALIDAD PROVINCIAL SAN MARTIN;Municipalidad;UF0009292;RELLENO SANITARIO, PLANTA DE RESIDUOS ORGÁNICOS Y PLANTA DE SEPARACIÓN DE RESIDUOS INORGÁNICOS RECICLABLES PARA LAS CIUDADES DE TARAPOTO, MORALES, LA BANDA, CACATACHI. JUAN GUERRA Y SAUCE;Infraestructura de disposición final / Relleno sanitario;Municipal;SI;NO;NO;SI;San Martín;San Martín;Juan Guerra;Sector Yacucatina;220908;18.0;354220;9264528.0;R.D. Nº 143-2012/DSB/DIGESA/SA;-;-;-;-;-;;No aplica;OPERACIÓN;Supervisión;2024-03-01 00:00:00;No aplica;Distritos Tarapoto, Morales, La Banda, Cacatachi, Juan Guerra y Sauce;SI;NO;NO;NO;2022;Resolución N.° 00018-2022-OEFA/DSIS;Resolución N.° 00018-2022-OEFA/DSIS
39959;156;ADM11989;20146674403.0;MUNICIPALIDAD PROVINCIAL SATIPO;Municipalidad;UF0013872;INFRAESTRUCTURA DE DISPOSICIÓN FINAL DE RESIDUOS SÓLIDOS MUNICIPALES (RELLENO SANITARIO SEMIMECANIZADO DE LOS DISTRITOS DE COVIRIALI, LLAYLLA, RÍO NEGRO Y SATIPO, PROVINCIA SATIPO, REGIÓN JUNÍN;Infraestructura de disposición final / Relleno sanitario;Municipal;SI;NO;NO;SI;Junín;Satipo;Río Negro;Sector Portillo Alto;120607;18.0;537419;8766994.0;R.G. N° 03-2018-GA/MPS;-;-;-;-;-;;No aplica;OPERACIÓN;Supervisión;2023-07-19 00:00:00;No aplica;Distritos Satipo, Río Negro, Llaylla y Coviriali;SI;NO;NO;NO;2022;Resolución N.° 00018-2022-OEFA/DSIS;Resolución N.° 00018-2022-OEFA/DSIS
39960;157;ADM12527;20174816221.0;MUNICIPALIDAD PROVINCIAL TARMA;Municipalidad;UF0009285;RELLENO SANITARIO PAMPAYA;Infraestructura de disposición final / Relleno sanitario;Municipal;NO;NO;NO;SI;Junín;Tarma;Tarma;Margen Derecha de la Quebrada de Huantay, a 7 km al Sureste de la ciudad de Tarma ,Sector Pampaya;120701;18.0;427698;8732618.0;R.D. Nº 0983/2004/DIGESA/SA;-;-;-;-;-;;No aplica;OPERACIÓN;Supervisión;2023-08-12 00:00:00;No aplica;Distrito Tarma;SI;NO;NO;NO;2022;Resolución N.° 00018-2022-OEFA/DSIS;Resolución N.° 00018-2022-OEFA/DSIS
39961;158;ADM13977;20297566866.0;PETRAMAS S.A.C.;EORS;UF0009284;RELLENO SANITARIO MODELO DEL CALLAO;Infraestructura de disposición final / Relleno sanitario;Municipal y No municipal;NO;NO;NO;SI;Callao;Callao;Ventanilla;Km 19 carretera Callao - Ventanilla;70106;18.0;268723;8680553.0;R.D. Nº 1326-2005/DIGESA/SA;-;-;-;-;-;;"EO-RS-0026-20-150716
 
 EO-RS-0026-20-150716 
 (Incorporación de unidades vehiculares)
 
 EO-RS-0026-20-150716 
 (Incorporación de unidades vehiculares)
 
 EO-RS-0026-20-150716 
 (Incorporación de unidades vehiculares)
 
 EO-RS-0026-20-150716 Anexo 1
 (Incorporación de unidades vehiculares)
 
  EO-RS-0026-20-150716 Anexo 02 (Ampliación de unidades vehiculares para el manejo de residuos no peligrosos)";OPERACIÓN;Supervisión;2023-10-30 00:00:00;No aplica;Distritos Callao, Bellavista, Carmen de La Legua, La Perla, La Punta y Ventanilla;SI;NO;SI;NO;2022;Resolución N.° 00018-2022-OEFA/DSIS;Resolución N.° 00018-2022-OEFA/DSIS
39962;159;ADM16825;20539219490.0;UNIDAD EJECUTORA PROAMAZONAS;Municipalidad;UF0013014;RELLENO SANITARIO LUYA - RRSS 2 CHILLAOS;Infraestructura de disposición final / Relleno sanitario;Municipal;NO;NO;NO;SI;Amazonas;Luya;Luya;Predio El Aval;10509;18.0;173004;9316301.0;R.A. Nº 302-2016-MPL-L/A;-;-;-;-;-;;No aplica;OPERACIÓN;Supervisión;2021-08-13 00:00:00;No aplica;Distritos Luya, Conilla-Cohechan, Inguilpata, Lamud, Lonya Chico, Luya, Luya Viejo, Trita y San Cristóbal de Olto;SI;NO;NO;NO;2022;Resolución N.° 00018-2022-OEFA/DSIS;Resolución N.° 00018-2022-OEFA/DSIS
39963;160;ADM16825;20539219490.0;UNIDAD EJECUTORA PROAMAZONAS;Municipalidad;UF0013011;RELLENO SANITARIO SAN CARLOS - RRSS 3 VALLE DE LAS CATARATAS;Infraestructura de disposición final / Relleno sanitario;Municipal;NO;NO;NO;SI;Amazonas;Bongará;San Carlos;San Carlos;10309;18.0;174111;9338664.0;R.A. Nº 160-2016-MPB;R.G. N° 158A-2025-MPB/GM;-;-;-;-;;No aplica;OPERACIÓN;Supervisión;2021-08-11 00:00:00;No aplica;"Distritos Churuja, Cuispes, Jazán, San Carlos, 
 Shipasbamba y Valera.";SI;NO;NO;NO;2022;Resolución N.° 00018-2022-OEFA/DSIS;Resolución N.° 00018-2022-OEFA/DSIS
39964;161;ADM16825;20539219490.0;UNIDAD EJECUTORA PROAMAZONAS;Municipalidad;UF0013009;RELLENO SANITARIO MAGDALENA - RRSS 1 TILACANCHA;Infraestructura de disposición final / Relleno sanitario;Municipal;NO;NO;NO;SI;Amazonas;Chachapoyas;Magdalena;Sector Chamanapampa;10112;18.0;180915;9292100.0;R.D.R.S. Nº 1629-2016-GOBIERNO REGIONAL AMAZONAS/DRSA;-;-;-;-;-;;No aplica;OPERACIÓN;Oficio N° 394-2019-GR.AMAZONAS/PROAMAZONAS/DE de fecha 27/09/2019 (Registro 2019-E28-092618);2023-10-20 00:00:00;No aplica;Distritos Magadalena, San Isidro de Maino, Levanto, Tingo María, Longuita y Colcamar;SI;NO;NO;NO;2022;Resolución N.° 00018-2022-OEFA/DSIS;Resolución N.° 00018-2022-OEFA/DSIS
39965;162;ADM16825;20539219490.0;UNIDAD EJECUTORA PROAMAZONAS;Municipalidad;UF0013008;RELLENO SANITARIO MAGDALENA - RRSS 4 ALTO UTCUBAMBA;Infraestructura de disposición final / Relleno sanitario;Municipal;NO;NO;NO;SI;Amazonas;Chachapoyas;Mariscal Castilla;Sector Magulpata Alto;10113;18.0;188747;9271199.0;R.D.R. Nº 1630-2016-GOBIERNO REGIONAL AMAZONAS/DRSA;-;-;-;-;-;;No aplica;OPERACIÓN;Oficio N° 394-2019-GR.AMAZONAS/PROAMAZONAS/DE de fecha 27/09/2019 (Registro 2019-E28-092618);2019-08-09 00:00:00;No aplica;Distritos San Juan de Lopecancha, Santo Tomas, San Francisco del Yeso, Leymebamba, Montevideo, Mariscal Castilla y La Jalca.;SI;NO;NO;NO;2022;Resolución N.° 00018-2022-OEFA/DSIS;Resolución N.° 00018-2022-OEFA/DSIS
39966;163;ADM12246;20162298659.0;MUNICIPALIDAD PROVINCIAL DE TAMBOPATA;Municipalidad;UF0018751;INFRAESTRUCTURA DE DISPOSICIÓN FINAL, PLANTA DE VALORIZACIÓN Y CENTRO DE ACOPIO DE RESIDUOS SÓLIDOS MUNICIPALES DEL PROYECTO MEJORAMIENTO Y AMPLIACIÓN DE LA GESTIÓN INTEGRAL DE LOS RESIDUOS SÓLIDOS MUNICIPALES DE LA CIUDAD DE PUERTO MALDONADO, PROVINCIA DE TAMBOPATA, REGIÓN DE MADRE DE DIOS;Infraestructura de disposición final / Relleno sanitario;Municipal;SI;NO;NO;SI;Madre de Dios;Tambopata;Tambopata;Sector El Prado s/n;170101;19.0;478514;8616732.0;R.G. Nº 021-2019-MPT-GGA;-;-;-;-;-;;No aplica;OPERACIÓN;"OFICIO N° 181-2023-MPT-GM-UGRS 
 (2023-E01-575099)";-;No aplica;Distrito de Puerto Maldonado;SI;NO;NO;NO;2022;Resolución N° 67-2022-OEFA/DSIS;Resolución N° 67-2022-OEFA/DSIS
39967;164;ADM12530;20174909157.0;MUNICIPALIDAD DISTRITAL DE COISHCO;Municipalidad;UF0035102;"INFRAESTRUCTURA DE VALORIZACIÓN DE RESIDUOS SÓLIDOS ORGÁNICOS MUNICIPALES ""COISHCO""";Infraestructura de Valorización;Municipal;SI;NO;NO;NO;Áncash;Santa;Coishco;Av. Antigua Panamericana s/n;21803;17.0;762789;9001054.0;No tiene;-;-;-;-;-;;No aplica;OPERACIÓN;"Oficio Nº 013-2022-MDC/GSC-SGMA
 (2022-E01-121554)";-;No aplica;No aplica;SI;NO;NO;NO;2022;Resolución N° 67-2022-OEFA/DSIS;Resolución N° 67-2022-OEFA/DSIS
39968;165;ADM12186;20159308881.0;MUNICIPALIDAD DISTRITAL DE WANCHAQ;Municipalidad;UF0035589;INFRAESTRUCTURA DE VALORIZACIÓN DE RESIDUOS SÓLIDOS ORGÁNICOS MUNICIPALES WANCHAQ;Infraestructura de Valorización;Municipal;SI;NO;NO;NO;Cusco;Cusco;Cusco;Comunidad Campesina de Huayllarcocha S/N. Ref. Pista principal Cusco - Pisac;80101;19.0;178867;8506893.0;No tiene;-;-;-;-;-;;No aplica;OPERACIÓN;Respuesta formulario, 28/11/2022 16:46:25;-;No aplica;No aplica;SI;NO;NO;NO;2022;Resolución N° 67-2022-OEFA/DSIS;Resolución N° 67-2022-OEFA/DSIS
39969;166;ADM12832;20190520286.0;MUNICIPALIDAD DISTRITAL DE SOCABAYA;Municipalidad;UF0035590;"INFRAESTRUCTURA DE VALORIZACIÓN DE RESIDUOS SÓLIDOS ORGÁNICOS MUNICIPALES ""EL PILLU""";Infraestructura de Valorización;Municipal;SI;NO;NO;NO;Arequipa;Arequipa;Socabaya;Prolongación Av. Las Peñas, a una distancia promedio de 0.75 Km. en línea recta desde la I.E. la Mansión de Socabaya y a una distancia promedio de 2.1 Km. en línea recta desde la plaza principal del distrito de Socabaya;40122;19.0;228054;8177065.0;No tiene;-;-;-;-;-;;No aplica;OPERACIÓN;Respuesta formulario, 30/11/2022 12:22:57;-;No aplica;No aplica;SI;NO;NO;NO;2022;Resolución N° 67-2022-OEFA/DSIS;Resolución N° 67-2022-OEFA/DSIS
39970;167;ADM17444;20574742545.0;MUNICIPALIDAD DISTRITAL DE ANDRES AVELINO CACERES DORREGARAY;Municipalidad;UF0035591;INFRAESTRUCTURA DE VALORIZACIÓN DE RESIDUOS SÓLIDOS ORGÁNICOS MUNICIPALES DE ANDRÉS AVELINO CÁCERES DORREGARRAY;Infraestructura de Valorización;Municipal;SI;NO;NO;NO;Ayacucho;Huamanga;Tambillo;Comunidad de Guayacondo - distrito Tambillo - Provincia Huamanga - Departamento Ayacucho;50113;18.0;590316;8545463.0;No tiene;-;-;-;-;-;;No aplica;OPERACIÓN;"Oficio Nº 022-2022-MDAACD/GSMGA
 (2022-E01-122983)";-;No aplica;No aplica;SI;NO;NO;NO;2022;Resolución N° 67-2022-OEFA/DSIS;Resolución N° 67-2022-OEFA/DSIS
39971;168;ADM12254;20162368533.0;MUNICIPALIDAD DISTRITAL DE NUEVA ARICA;Municipalidad;UF0035592;INFRAESTRUCTURA DE VALORIZACIÓN DE RESIDUOS SÓLIDOS ORGÁNICOS MUNICIPALES NUEVA ARICA;Infraestructura de Valorización;Municipal;SI;NO;NO;NO;Lambayeque;Chiclayo;Nueva Arica;Áreas aledañas al Cementerio Municipal (a tres cuadras del Parque Principal Francisco Bolognesi);140109;17.0;683553;9239666.0;No tiene;-;-;-;-;-;;No aplica;OPERACIÓN;Respuesta formulario, 30/11/2022 15:02:37;-;No aplica;No aplica;SI;NO;NO;NO;2022;Resolución N° 67-2022-OEFA/DSIS;Resolución N° 67-2022-OEFA/DSIS
39972;169;ADM11925;20143114911.0;MUNICIPALIDAD DISTRITAL DE SAN JUAN BAUTISTA;Municipalidad;UF0035593;INFRAESTRUCTURA DE VALORIZACIÓN DE RESIDUOS SÓLIDOS ORGÁNICOS MUNICIPALES TOROWICHCCANA;Infraestructura de Valorización;Municipal;SI;NO;NO;NO;Ayacucho;Huamanga;San Juan Bautista;Carretera Ayacucho a Pucara (terreno ex feria de ganados);50110;18.0;586942;8541336.0;No tiene;-;-;-;-;-;;No aplica;INOPERATIVA;"Reporte de Verificación de fecha 27/02/20025
 (Registro 2025-E04-022482)";-;No aplica;No aplica;SI;NO;NO;NO;2022;Resolución N° 67-2022-OEFA/DSIS;Resolución N° 67-2022-OEFA/DSIS
39973;170;ADM13096;20199800061.0;MUNICIPALIDAD DISTRITAL DE PILCOMAYO;Municipalidad;UF0035594;INFRAESTRUCTURA DE VALORIZACIÓN DE RESIDUOS SÓLIDOS ORGÁNICOS MUNICIPALES PILCOMAYO;Infraestructura de Valorización;Municipal;SI;NO;NO;NO;Junín;Huancayo;Sicaya;Paraje Herapata del Anexo de Miraflores Alto - Pilcomayo;120134;18.0;470298;8667647.0;No tiene;-;-;-;-;-;;No aplica;OPERACIÓN;"Oficio Nº 029-2022-GDEGA/MDP
 (2022-E01-122979 / 2022-E01-128473)";-;No aplica;No aplica;SI;NO;NO;NO;2022;Resolución N° 67-2022-OEFA/DSIS;Resolución N° 67-2022-OEFA/DSIS
39974;171;ADM14676;20447367727.0;MUNICIPALIDAD DISTRITAL DE PILLCO MARCA;Municipalidad;UF0035103;INFRAESTRUCTURA DE VALORIZACIÓN DE RESIDUOS SÓLIDOS ORGÁNICOS MUNICIPALES PILLCO;Infraestructura de Valorización;Municipal;SI;NO;NO;NO;Huánuco;Huánuco;Pillco Marca;Centro Poblado Corazón de Jesús - Yanac, a espalda del cuartel del ejército y al costado del PTAR;100111;18.0;364145;8895791.0;No tiene;-;-;-;-;-;;No aplica;OPERACIÓN;"Oficio Nº 083-2022-MDPM/GMA
 (2022-E01-123455)";-;No aplica;No aplica;SI;NO;NO;NO;2022;Resolución N° 67-2022-OEFA/DSIS;Resolución N° 67-2022-OEFA/DSIS
39975;172;ADM13099;20199818351.0;MUNICIPALIDAD DISTRITAL DE SAN AGUSTÍN;Municipalidad;UF0035104;INFRAESTRUCTURA DE VALORIZACIÓN DE RESIDUOS SÓLIDOS ORGÁNICOS MUNICIPALES SAN AGUSTIN COYLLOR;Infraestructura de Valorización;Municipal;SI;NO;NO;NO;Junín;Huancayo;San Agustín;Av. Los Comuneros - Coyllor;120129;18.0;471713;8671573.0;No tiene;-;-;-;-;-;;No aplica;OPERACIÓN;"Oficio Nº 069-MDSA/GSPGA
 (2022-E01-123512)";-;No aplica;No aplica;SI;NO;NO;NO;2022;Resolución N° 67-2022-OEFA/DSIS;Resolución N° 67-2022-OEFA/DSIS
39976;173;ADM12665;20181709066.0;MUNICIPALIDAD PROVINCIAL DE CHUMBIVILCAS;Municipalidad;UF0035595;INFRAESTRUCTURA DE VALORIZACIÓN DE RESIDUOS SÓLIDOS ORGÁNICOS MUNICIPALES CHUMBIVILCAS;Infraestructura de Valorización;Municipal;SI;NO;NO;NO;Cusco;Chumbivilcas;Santo Tomas;Pista Hípica Hutumpata;80701;18.0;812832;8399763.0;No tiene;-;-;-;-;-;;No aplica;OPERACIÓN;Respuesta formulario, 2/12/2022 15:34:00;-;No aplica;No aplica;SI;NO;NO;NO;2022;Resolución N° 67-2022-OEFA/DSIS;Resolución N° 67-2022-OEFA/DSIS
39977;174;ADM13614;20223019260.0;MUNICIPALIDAD DISTRITAL DE CAJAMARQUILLA;Municipalidad;UF0035105;INFRAESTRUCTURA DE VALORIZACIÓN DE RESIDUOS SÓLIDOS ORGÁNICOS MUNICIPALES LA PAMPA;Infraestructura de Valorización;Municipal;SI;NO;NO;NO;Áncash;Ocros;Cajamarquilla;Sector La Pampa;21403;18.0;259078;8854179.0;No tiene;-;-;-;-;-;;No aplica;OPERACIÓN;"Oficio Nº 050-2022-MDC/A
 (2022-E01-123579)";-;No aplica;No aplica;SI;NO;NO;NO;2022;Resolución N° 67-2022-OEFA/DSIS;Resolución N° 67-2022-OEFA/DSIS
39978;175;ADM12672;20182126412.0;MUNICIPALIDAD DISTRITAL DE PUEBLO NUEVO;Municipalidad;UF0035107;INFRAESTRUCTURA DE VALORIZACIÓN DE RESIDUOS SÓLIDOS ORGÁNICOS MUNICIPALES DE PUEBLO NUEVO;Infraestructura de Valorización;Municipal;SI;NO;NO;NO;Lambayeque;Ferreñafe;Pueblo Nuevo;Paraje Soltín, Sector Carpintero;140206;17.0;631786;9265985.0;No tiene;-;-;-;-;-;;No aplica;OPERACIÓN;"Oficio Nº 003-OGA-2022-MDPN-F
 (2022-E01-123908)";-;No aplica;No aplica;SI;NO;NO;NO;2022;Resolución N° 67-2022-OEFA/DSIS;Resolución N° 67-2022-OEFA/DSIS
39979;176;ADM12331;20165783710.0;MUNICIPALIDAD DISTRITAL DE LEIMEBAMBA;Municipalidad;UF0035596;INFRAESTRUCTURA DE VALORIZACIÓN DE RESIDUOS SÓLIDOS ORGÁNICOS MUNICIPALES LEIMEBAMBA;Infraestructura de Valorización;Municipal;SI;NO;NO;NO;Amazonas;Chachapoyas;Leimebamba;Sector Miraflores;10110;18.0;191476;9259153.0;No tiene;-;-;-;-;-;;No aplica;OPERACIÓN;Respuesta formulario, 4/12/2022 23:50:34;-;No aplica;No aplica;SI;NO;NO;NO;2022;Resolución N° 67-2022-OEFA/DSIS;Resolución N° 67-2022-OEFA/DSIS
39980;177;ADM13901;20282911915.0;MUNICIPALIDAD DISTRITAL DE NUEVO CHIMBOTE;Municipalidad;UF0035106;INFRAESTRUCTURA DE VALORIZACIÓN DE RESIDUOS SÓLIDOS ORGÁNICOS MUNICIPALES NUEVO CHIMBOTE;Infraestructura de Valorización;Municipal;SI;NO;NO;NO;Áncash;Santa;Nuevo Chimbote;Av. Pacifico s/n, frente al centro de abastos Los Olivos;21809;17.0;773535;8989890.0;No tiene;-;-;-;-;-;;No aplica;OPERACIÓN;"Oficio Nº 095-2022-MDNCH-GGA-SGEYMA
 (2022-E01-124016)";-;No aplica;No aplica;SI;NO;NO;NO;2022;Resolución N° 67-2022-OEFA/DSIS;Resolución N° 67-2022-OEFA/DSIS
39981;178;ADM11866;20135890112.0;MUNICIPALIDAD DISTRITAL DE SANTA ROSA;Municipalidad;UF0035108;INFRAESTRUCTURA DE VALORIZACIÓN DE RESIDUOS SÓLIDOS ORGÁNICOS MUNICIPALES SANTA ROSA;Infraestructura de Valorización;Municipal;SI;NO;NO;NO;Lima;Lima;Santa Rosa;Av. Alejandro Bertello S/N-Santa Rosa, Ex Coliseo de Gallos;150139;18.0;263329;8694416.0;No tiene;-;-;-;-;-;;No aplica;OPERACIÓN;"Oficio Nº 047-2022-GGASC-GM/MDSR
 (2022-E01-123839)";-;No aplica;No aplica;SI;NO;NO;NO;2022;Resolución N° 67-2022-OEFA/DSIS;Resolución N° 67-2022-OEFA/DSIS
39982;179;ADM12871;20191574665.0;MUNICIPALIDAD DISTRITAL DE ETEN PUERTO;Municipalidad;UF0035109;"INFRAESTRUCTURA DE VALORIZACIÓN DE RESIDUOS SÓLIDOS ORGÁNICOS MUNICIPALES ""ETEN PUERTO""";Infraestructura de Valorización;Municipal;SI;NO;NO;NO;Lambayeque;Chiclayo;Eten Puerto;Prolongación Villa Perpetuo- al costado del Cementerio;140104;17.0;626012;9233899.0;No tiene;-;-;-;-;-;;No aplica;OPERACIÓN;"Oficio Nº 010-2022-MDEP/SDEL
 (2022-E01-123804)";-;No aplica;No aplica;SI;NO;NO;NO;2022;Resolución N° 67-2022-OEFA/DSIS;Resolución N° 67-2022-OEFA/DSIS
39983;180;ADM12030;20147103299.0;MUNICIPALIDAD DISTRITAL DE ETEN;Municipalidad;UF0035110;"INFRAESTRUCTURA DE VALORIZACIÓN DE RESIDUOS SÓLIDOS ORGÁNICOS MUNICIPALES ""ETEN""";Infraestructura de Valorización;Municipal;SI;NO;NO;NO;Lambayeque;Chiclayo;Eten;Sector Matacaballo (Zona Nor Oeste) - Costado de las Pozas de Oxidación.;140103;17.0;624747;9236453.0;No tiene;-;-;-;-;-;;No aplica;OPERACIÓN;"Oficio Nº 037-2022-MDCE/GM-GERSEMGA
 (2022-E01-124170)";-;No aplica;No aplica;SI;NO;NO;NO;2022;Resolución N° 67-2022-OEFA/DSIS;Resolución N° 67-2022-OEFA/DSIS
39984;181;ADM12298;20164091466.0;MUNICIPALIDAD PROVINCIAL DE PACASMAYO;Municipalidad;UF0035597;INFRAESTRUCTURA DE VALORIZACIÓN DE RESIDUOS SÓLIDOS ORGÁNICOS MUNICIPALES MPP-SPLL;Infraestructura de Valorización;Municipal;SI;NO;NO;NO;La Libertad;Pacasmayo;San Pedro de Lloc;Sector el Algarrobal / cerca al predio denominado La Yuca;130701;17.0;665650;9177704.0;No tiene;-;-;-;-;-;;No aplica;OPERACIÓN;Respuesta formulario, 6/12/2022 09:59:03;-;No aplica;No aplica;SI;NO;NO;NO;2022;Resolución N° 67-2022-OEFA/DSIS;Resolución N° 67-2022-OEFA/DSIS
39985;182;ADM11961;20145420513.0;MUNICIPALIDAD DISTRITAL DE SANTA MARÍA DEL MAR;Municipalidad;UF0035111;INFRAESTRUCTURA DE VALORIZACIÓN DE RESIDUOS SÓLIDOS ORGÁNICOS MUNICIPALES DE SANTA MARÍA DEL MAR;Infraestructura de Valorización;Municipal;SI;NO;NO;NO;Lima;Lima;Santa María del Mar;Ex Bicicros - A una cuadra de palacio municipal;150138;18.0;307300;8628293.0;No tiene;-;-;-;-;-;;No aplica;OPERACIÓN;"Oficio Nº 041-2022-MDSMM/GSP-SGLPAVGA
 (2022-E01-127043)";-;No aplica;No aplica;SI;NO;NO;NO;2022;Resolución N° 67-2022-OEFA/DSIS;Resolución N° 67-2022-OEFA/DSIS
39986;183;ADM12378;20167264868.0;MUNICIPALIDAD DISTRITAL DE PAUCARPATA;Municipalidad;UF0035112;INFRAESTRUCTURA DE VALORIZACIÓN DE RESIDUOS SÓLIDOS ORGÁNICOS MUNICIPALES DE PAUCARPATA;Infraestructura de Valorización;Municipal;SI;NO;NO;NO;Arequipa;Arequipa;Paucarpata;Pasaje Independencia s/n Referencia Frente al Cementerio de Pueblo Tradicional de Paucarpata;40112;19.0;232742;8181888.0;No tiene;-;-;-;-;-;;No aplica;OPERACIÓN;"Oficio Nº 0189-2022-SGCAYS/GSP/MDP
 (2022-E01-125885)";-;No aplica;No aplica;SI;NO;NO;NO;2022;Resolución N° 67-2022-OEFA/DSIS;Resolución N° 67-2022-OEFA/DSIS
39987;184;ADM12090;20148445037.0;MUNICIPALIDAD DISTRITAL DE MORROPON;Municipalidad;UF0035598;INFRAESTRUCTURA DE VALORIZACIÓN DE RESIDUOS SÓLIDOS ORGÁNICOS MUNICIPALES DE MORROPÓN;Infraestructura de Valorización;Municipal;SI;NO;NO;NO;Piura;Morropón;Morropón;Carretera Morropón - Caserío Polvazal;200405;17.0;613794;9425759.0;No tiene;-;-;-;-;-;;No aplica;OPERACIÓN;Respuesta formulario, 12/12/2022 12:59:51;-;No aplica;No aplica;SI;NO;NO;NO;2022;Resolución N° 67-2022-OEFA/DSIS;Resolución N° 67-2022-OEFA/DSIS
39988;185;ADM12088;20148420981.0;MUNICIPALIDAD DISTRITAL DE SAN JUAN BAUTISTA;Municipalidad;UF0035601;INFRAESTRUCTURA DE VALORIZACIÓN DE RESIDUOS SÓLIDOS ORGÁNICOS MUNICIPALES DE SAN JUAN BAUTISTA;Infraestructura de Valorización;Municipal;SI;NO;NO;NO;Ica;Ica;San Juan Bautista;Sector Explanada, Entrada al Centro Poblado de San Juan Bautista;110110;18.0;420694;8450516.0;No tiene;-;-;-;-;-;;No aplica;OPERACIÓN;Respuesta formulario, 6/12/2022 12:28:37;-;No aplica;No aplica;SI;NO;NO;NO;2022;Resolución N° 67-2022-OEFA/DSIS;Resolución N° 67-2022-OEFA/DSIS
39989;186;ADM12773;20188462503.0;MUNICIPALIDAD DISTRITAL DE SAUSA;Municipalidad;UF0035113;INFRAESTRUCTURA DE VALORIZACIÓN DE RESIDUOS SÓLIDOS ORGÁNICOS MUNICIPALES DE SAUSA;Infraestructura de Valorización;Municipal;SI;NO;NO;NO;Junín;Jauja;Sausa;Paraje Luli Isla;120430;18.0;448931;8696114.0;No tiene;-;-;-;-;-;;No aplica;OPERACIÓN;"Oficio Nº 364-2022-A/MDS
 (2022-E01-124443)";-;No aplica;No aplica;SI;NO;NO;NO;2022;Resolución N° 67-2022-OEFA/DSIS;Resolución N° 67-2022-OEFA/DSIS
39990;187;ADM12046;20147632950.0;MUNICIPALIDAD DISTRITAL DE LOMAS;Municipalidad;UF0035114;INFRAESTRUCTURA DE VALORIZACIÓN DE RESIDUOS SÓLIDOS ORGÁNICOS MUNICIPALES DE LOMAS;Infraestructura de Valorización;Municipal;SI;NO;NO;NO;Arequipa;Caravelí;Lomas;En el KM.2,200 margen derecho de la pista de acceso al distrito de Lomas. Pasando el reservorio de agua.;40311;18.0;517574;8281965.0;No tiene;-;-;-;-;-;;No aplica;OPERACIÓN;"Oficio Nº 0115-2022-GM/MDL
 (2022-E01-126836)";-;No aplica;No aplica;SI;NO;NO;NO;2022;Resolución N° 67-2022-OEFA/DSIS;Resolución N° 67-2022-OEFA/DSIS
39991;188;ADM12977;20195238961.0;MUNICIPALIDAD DISTRITAL DE PERENÉ;Municipalidad;UF0035115;INFRAESTRUCTURA DE VALORIZACIÓN DE RESIDUOS SÓLIDOS ORGÁNICOS MUNICIPALE DE PERENÉ;Infraestructura de Valorización;Municipal;SI;NO;NO;NO;Junín;Chanchamayo;Perené;Calle Máximo Verastegui S/N – Centro Poblado Marankiari;120302;18.0;477883;8790810.0;R.G. Nº 393-2022/MPCH-GDE;-;-;-;-;-;;No aplica;OPERACIÓN;"Oficio Nº 080-2022-GSPA/MDP
 (2022-E01-125403)";-;No aplica;No aplica;SI;NO;NO;NO;2022;Resolución N° 67-2022-OEFA/DSIS;Resolución N° 67-2022-OEFA/DSIS
39992;189;ADM12496;20172499679.0;MUNICIPALIDAD PROVINCIAL DE AZÁNGARO;Municipalidad;UF0035116;INFRAESTRUCTURA DE VALORIZACIÓN DE RESIDUOS SÓLIDOS ORGÁNICOS MUNICIPALES - AZÁNGARO;Infraestructura de Valorización;Municipal;SI;NO;NO;NO;Puno;Azángaro;Azángaro;Centro Poblado Vila Cunca Vilca Pampa;210201;19.0;369802;8351273.0;R.G. N° 744-2022-MPA/GM;-;-;-;-;-;;No aplica;OPERACIÓN;"Oficio Nº 391-2022/MPA/GM
 (2022-E01-126672)";-;No aplica;No aplica;SI;NO;NO;NO;2022;Resolución N° 67-2022-OEFA/DSIS;Resolución N° 67-2022-OEFA/DSIS
39993;190;ADM12654;20180571311.0;MUNICIPALIDAD DISTRITAL DE REQUE;Municipalidad;UF0035117;INFRAESTRUCTURA DE VALORIZACIÓN DE RESIDUOS SÓLIDOS ORGÁNICOS MUNICIPALES DE REQUE;Infraestructura de Valorización;Municipal;SI;NO;NO;NO;Lambayeque;Chiclayo;Reque;Sector La Clake (A espaldas de la fabrica de alcohol);140113;17.0;631691;9239687.0;No tiene;-;-;-;-;-;;No aplica;OPERACIÓN;"Oficio Nº 140-2022-MDR/GSMGA
 (2022-E01-126831)";-;No aplica;No aplica;SI;NO;NO;NO;2022;Resolución N° 67-2022-OEFA/DSIS;Resolución N° 67-2022-OEFA/DSIS
39994;191;ADM13148;20201188220.0;MUNICIPALIDAD DISTRITAL DE MANZANARES;Municipalidad;UF0035118;INFRAESTRUCTURA DE VALORIZACIÓN DE RESIDUOS SÓLIDOS ORGÁNICOS MUNICIPALES DE MANZANARES;Infraestructura de Valorización;Municipal;SI;NO;NO;NO;Junín;Concepción;Manzanares;Sector Matacruz;120208;18.0;462853;8673186.0;No tiene;-;-;-;-;-;;No aplica;OPERACIÓN;"Oficio Nº 256-2022-A/MDM
 (2022-E01-126689)";-;No aplica;No aplica;SI;NO;NO;NO;2022;Resolución N° 67-2022-OEFA/DSIS;Resolución N° 67-2022-OEFA/DSIS
39995;192;ADM12880;20191711328.0;MUNICIPALIDAD DISTRITAL DE MONSEFU;Municipalidad;UF0035602;INFRAESTRUCTURA DE VALORIZACIÓN DE RESIDUOS SÓLIDOS ORGÁNICOS MUNICIPALES DE MONSEFÚ;Infraestructura de Valorización;Municipal;SI;NO;NO;NO;Lambayeque;Chiclayo;Santa Rosa;Sector La Bocana (Primer Dren Camino a Santa Rosa);140114;17.0;622289;9237255.0;No tiene;-;-;-;-;-;;No aplica;OPERACIÓN;"Oficio Nº 049-2022-SGDEMASP/MDM
 (2022-E01-124798)";-;No aplica;No aplica;SI;NO;NO;NO;2022;Resolución N° 67-2022-OEFA/DSIS;Resolución N° 67-2022-OEFA/DSIS
39996;193;ADM14038;20311886879.0;MUNICIPALIDAD DISTRITAL DE ALTO SELVA ALEGRE;Municipalidad;UF0035871;INFRAESTRUCTURA DE VALORIZACIÓN DE RESIDUOS SÓLIDOS ORGÁNICOS MUNICIPALES ALTO SELVA ALEGRE;Infraestructura de Valorización;Municipal;SI;NO;NO;NO;Arequipa;Arequipa;Alto Selva Alegre;Asociación Hoyos Rubios, cruce Chilina S/N. Ref. A unas cuadras de la I.E. Chilina.;40102;19.0;230397;8188107.0;No tiene;-;-;-;-;-;;No aplica;OPERACIÓN;Oficio N°82-2022-GSCGA/MDASA (2022-E01-129464);-;No aplica;No aplica;SI;NO;NO;NO;2023;Resolución N° 00007-2023-OEFA/DSIS;Resolución N° 00007-2023-OEFA/DSIS
39997;194;ADM12312;20165341377.0;MUNICIPALIDAD PROVINCIAL DE OTUZCO;Municipalidad;UF0035872;INFRAESTRUCTURA DE VALORIZACIÓN DE RESIDUOS SÓLIDOS ORGÁNICOS MUNICIPALES OTUZCO;Infraestructura de Valorización;Municipal;SI;NO;NO;NO;La Libertad;Otuzco;Otuzco;Sector Las Cabuyas. Ref. salida al caserío José Galvez, carretera a salida Sanchique.;130601;17.0;767537;9124816.0;No tiene;-;-;-;-;-;;No aplica;OPERACIÓN;"Oficio Nº 011-2022/SGA/MPO
 (2022-E01-126808)";-;No aplica;No aplica;SI;NO;NO;NO;2023;Resolución N° 00007-2023-OEFA/DSIS;Resolución N° 00007-2023-OEFA/DSIS
39998;195;ADM17779;20601750369.0;MUNICIPALIDAD DISTRITAL DE SAN MIGUEL;Municipalidad;UF0035873;INFRAESTRUCTURA DE VALORIZACIÓN DE RESIDUOS SÓLIDOS ORGÁNICOS MUNICIPALES SAN MIGUEL - PUNO;Infraestructura de Valorización;Municipal;SI;NO;NO;NO;Puno;San Román;San Miguel;Urbanización Villa Ecológica Santa Barabara, sector Cirilo Huaychupata.;211105;19.0;379850;8291336.0;No tiene;-;-;-;-;-;;No aplica;OPERACIÓN;Respuesta formulario, 13/12/2022 15:03:53;-;No aplica;No aplica;SI;NO;NO;NO;2023;Resolución N° 00007-2023-OEFA/DSIS;Resolución N° 00007-2023-OEFA/DSIS
39999;196;ADM12473;20171895147.0;MUNICIPALIDAD DISTRITAL DE ILABAYA;Municipalidad;UF0035874;INFRAESTRUCTURA DE VALORIZACIÓN DE RESIDUOS SÓLIDOS ORGÁNICOS MUNICIPALES ILABAYA;Infraestructura de Valorización;Municipal;SI;NO;NO;NO;Tacna;Jorge Basadre;Ilabaya;Anexo de Ticapampa S/N.;230302;19.0;336418;8066932.0;No tiene;-;-;-;-;-;;No aplica;OPERACIÓN;"Oficio Nº 1416-2022-MDI/GM 
 (2022-E01-132021)";-;No aplica;No aplica;SI;NO;NO;NO;2023;Resolución N° 00007-2023-OEFA/DSIS;Resolución N° 00007-2023-OEFA/DSIS
40000;197;ADM11789;20131368071.0;MUNICIPALIDAD DE LA VICTORIA;Municipalidad;UF0035875;"INFRAESTRUCTURA DE VALORIZACIÓN DE RESIDUOS SÓLIDOS ORGÁNICOS MUNICIPALES ""BELLAS ARTES""";Infraestructura de Valorización;Municipal;SI;NO;NO;NO;Lima;Lima;La Victoria;Jirón Ignacio Cossio 1510.;150115;18.0;280892;8664516.0;No tiene;-;-;-;-;-;;No aplica;OPERACIÓN;"Oficio Nº 0132-2022-SGLP-GGA/MLV
 (2022-E01-129201)";-;No aplica;No aplica;SI;NO;NO;NO;2023;Resolución N° 00007-2023-OEFA/DSIS;Resolución N° 00007-2023-OEFA/DSIS
40001;198;ADM13027;20198033414.0;MUNICIPALIDAD PROVINCIAL DE CAYLLOMA;Municipalidad;UF0035876;INFRAESTRUCTURA DE VALORIZACIÓN DE RESIDUOS SÓLIDOS ORGÁNICOS MUNICIPALES CAYLLOMA - CHIVAY;Infraestructura de Valorización;Municipal;SI;NO;NO;NO;Arequipa;Caylloma;Chivay;Al costado de la Planta Eléctrica Número 1.;40501;19.0;222438;8268859.0;No tiene;-;-;-;-;-;;No aplica;OPERACIÓN;"Oficio Nº 034-2022-SGGA-GDUI-MPC-CHIVAY
 (2022-E01-127354)";-;No aplica;No aplica;SI;NO;NO;NO;2023;Resolución N° 00007-2023-OEFA/DSIS;Resolución N° 00007-2023-OEFA/DSIS
40002;199;ADM11993;20146694854.0;MUNICIPALIDAD DISTRITAL DE LA BREA;Municipalidad;UF0035877;INFRAESTRUCTURA DE VALORIZACIÓN DE RESIDUOS SÓLIDOS ORGÁNICOS MUNICIPALES LA BREA;Infraestructura de Valorización;Municipal;SI;NO;NO;NO;Piura;Talara;La Brea;AA.HH. Los Pinos, al costado del parque ecológico.;200703;17.0;466978;9486386.0;No tiene;-;-;-;-;-;;No aplica;OPERACIÓN;Respuesta formulario, 5/12/2022 16:00:06;-;No aplica;No aplica;SI;NO;NO;NO;2023;Resolución N° 00007-2023-OEFA/DSIS;Resolución N° 00007-2023-OEFA/DSIS
40003;200;ADM12517;20173809663.0;MUNICIPALIDAD DISTRITAL DE YURA;Municipalidad;UF0035878;INFRAESTRUCTURA DE VALORIZACIÓN DE RESIDUOS SÓLIDOS ORGÁNICOS MUNICIPALES YURA;Infraestructura de Valorización;Municipal;SI;NO;NO;NO;Arequipa;Arequipa;Yura;Asociación Altiplano sector 2 zona A. Ref. a 5 cuadras detrás de la municipalidad.;40128;19.0;219398;8195314.0;No tiene;-;-;-;-;-;;No aplica;OPERACIÓN;"Oficio Multiple Nº 015-2022-MDY-GM-GSC-SGRS
 (2022-E01-128070)";-;No aplica;No aplica;SI;NO;NO;NO;2023;Resolución N° 00007-2023-OEFA/DSIS;Resolución N° 00007-2023-OEFA/DSIS
40004;201;ADM11813;20131377062.0;MUNICIPALIDAD DE PUEBLO LIBRE;Municipalidad;UF0035879;INFRAESTRUCTURA DE VALORIZACIÓN DE RESIDUOS SÓLIDOS ORGÁNICOS MUNICIPALES PUEBLO LIBRE;Infraestructura de Valorización;Municipal;SI;NO;NO;NO;Lima;Lima;Pueblo Libre;Jirón José Manuel Ugarteche cdra. 1 cruce con Paso de los Andes.;150121;18.0;276086;8664072.0;No tiene;-;-;-;-;-;;No aplica;OPERACIÓN;"Oficio Nº 143-2022-MPL/GDUA/SGGA
 (2022-E01-128612)";-;No aplica;No aplica;SI;NO;NO;NO;2023;Resolución N° 00007-2023-OEFA/DSIS;Resolución N° 00007-2023-OEFA/DSIS
40005;202;ADM13329;20206805120.0;MUNICIPALIDAD DISTRITAL SAMUEL PASTOR;Municipalidad;UF0035880;INFRAESTRUCTURA DE VALORIZACIÓN DE RESIDUOS SÓLIDOS ORGÁNICOS MUNICIPALES SAMUEL PASTOR;Infraestructura de Valorización;Municipal;SI;NO;NO;NO;Arequipa;Camaná;Samuel Pastor;Avenida Las Flores S/N, al costado del complejo habitacional Las Flores.;40208;18.0;745984;8162028.0;No tiene;-;-;-;-;-;;No aplica;OPERACIÓN;"Oficio Nº 025-2022-GSC-ESS-MDSP
 (2022-E01-129361)";-;No aplica;No aplica;SI;NO;NO;NO;2023;Resolución N° 00007-2023-OEFA/DSIS;Resolución N° 00007-2023-OEFA/DSIS
40006;203;ADM13030;20198090647.0;MUNICIPALIDAD DISTRITAL DE NEPEñA;Municipalidad;UF0035881;INFRAESTRUCTURA DE VALORIZACIÓN DE RESIDUOS SÓLIDOS ORGÁNICOS MUNICIPALES NEPEÑA - 1;Infraestructura de Valorización;Municipal;SI;NO;NO;NO;Áncash;Santa;Nepeña;Camino Cruz del Siglo S/N, Centro Poblado La Grama. Ref. frente al canal de Chinecas y Agropecuaria Chimú.;21806;17.0;790910;8986656.0;No tiene;-;-;-;-;-;;No aplica;OPERACIÓN;"Oficio Nº 034-2022-GSAyGA-MDN
 (2022-E01-129875)";-;No aplica;No aplica;SI;NO;NO;NO;2023;Resolución N° 00007-2023-OEFA/DSIS;Resolución N° 00007-2023-OEFA/DSIS
40007;204;ADM13017;20197503964.0;MUNICIPALIDAD DISTRITAL DE TAURIA;Municipalidad;UF0035882;INFRAESTRUCTURA DE VALORIZACIÓN DE RESIDUOS SÓLIDOS ORGÁNICOS MUNICIPALES TAURIA;Infraestructura de Valorización;Municipal;SI;NO;NO;NO;Arequipa;La Unión;Tauria;Sector Huarcampuna, detrás de la torre de radio.;40809;18.0;689177;8301312.0;No tiene;-;-;-;-;-;;No aplica;OPERACIÓN;"Oficio Nº 178-2022-MDT/A
 (2022-E01-129783)";-;No aplica;No aplica;SI;NO;NO;NO;2023;Resolución N° 00007-2023-OEFA/DSIS;Resolución N° 00007-2023-OEFA/DSIS
40008;205;ADM12115;20154469941.0;MUNICIPALIDAD PROVINCIAL MARISCAL NIETO;Municipalidad;UF0035883;INFRAESTRUCTURA DE VALORIZACIÓN DE RESIDUOS SÓLIDOS ORGÁNICOS MUNICIPALES MARISCAL NIETO;Infraestructura de Valorización;Municipal;SI;NO;NO;NO;Moquegua;Mariscal Nieto;Moquegua;Avenida Minera S/N.;180101;19.0;294873;8097425.0;No tiene;-;-;-;-;-;;No aplica;OPERACIÓN;"Oficio Nº 0192-2022-GSC-GM/A/MPMN
 (2022-E01-127004)";-;No aplica;No aplica;SI;NO;NO;NO;2023;Resolución N° 00007-2023-OEFA/DSIS;Resolución N° 00007-2023-OEFA/DSIS
40009;206;ADM11812;20131376848.0;MUNICIPALIDAD DE MAGDALENA DEL MAR;Municipalidad;UF0035884;INFRAESTRUCTURA DE VALORIZACIÓN DE RESIDUOS SÓLIDOS ORGÁNICOS MUNICIPALES MAGDALENA DEL MAR;Infraestructura de Valorización;Municipal;SI;NO;NO;NO;Lima;Lima;Magdalena del Mar;Circuitos de playas S/N. Ref. grifo PRIMAX.;150120;18.0;275600;8660865.0;No tiene;-;-;-;-;-;;No aplica;OPERACIÓN;Respuesta formulario, 21/12/2022 18:30:02;-;No aplica;No aplica;SI;NO;NO;NO;2023;Resolución N° 00007-2023-OEFA/DSIS;Resolución N° 00007-2023-OEFA/DSIS
40010;207;ADM12595;20177217043.0;MUNICIPALIDAD PROVINCIAL DEL CUSCO;Municipalidad;UF0035885;"INFRAESTRUCTURA DE VALORIZACIÓN DE RESIDUOS SÓLIDOS ORGÁNICOS MUNICIPALES ""CHOCCO""";Infraestructura de Valorización;Municipal;SI;NO;NO;NO;Cusco;Cusco;Santiago;Comunidade campesina de Chocco.;80106;19.0;178214;8499261.0;No tiene;-;-;-;-;-;;No aplica;OPERACIÓN;Respuesta formulario, 29/12/2022 11:10:09;-;No aplica;No aplica;SI;NO;NO;NO;2023;Resolución N° 00007-2023-OEFA/DSIS;Resolución N° 00007-2023-OEFA/DSIS
40011;208;ADM12179;20159215106.0;MUNICIPALIDAD DISTRITAL DE MARCAVELICA;Municipalidad;UF0035886;INFRAESTRUCTURA DE VALORIZACIÓN DE RESIDUOS SÓLIDOS ORGÁNICOS MUNICIPALES MARCAVELICA;Infraestructura de Valorización;Municipal;SI;NO;NO;NO;Piura;Sullana;Marcavelica;Sector Las Palmeras, a espalda del cementerio municipal.;200605;17.0;532642;9461476.0;No tiene;-;-;-;-;-;;No aplica;OPERACIÓN;Respuesta formulario, 29/12/2022 18:37:05;-;No aplica;No aplica;SI;NO;NO;NO;2023;Resolución N° 00007-2023-OEFA/DSIS;Resolución N° 00007-2023-OEFA/DSIS
40012;209;ADM11788;20131367857.0;MUNICIPALIDAD DISTRITAL DE LINCE;Municipalidad;UF0017621;PLANTA DE VALORIZACIÓN DE RESIDUOS SÓLIDOS ORGÁNICOS;Otro tipo de infraestructura;Municipal;SI;NO;NO;NO;Lima;Lima;Lince;Parque Ramón Castilla S/N.;150116;18.0;277939;8662862.0;No tiene;-;-;-;-;-;;No aplica;PARALIZACIÓN POR MEDIDA ADMINISTRATIVA;"Resolución N° 0019-2022-DSIS-CRES
 Resolución N° 023-2023-OEFA/TFA-SE";2022-06-21 00:00:00;No aplica;Distrito de Lince;SI;NO;NO;NO;2023;Resolución N° 00012-2023-OEFA/DSIS;Resolución N° 00012-2023-OEFA/DSIS
40013;210;ADM12747;20187348774.0;MUNICIPALIDAD DISTRITAL DE CALZADA;Municipalidad;UF0035923;INFRAESTRUCTURA DE VALORIZACIÓN DE RESIDUOS SÓLIDOS ORGÁNICOS MUNICIPALES CALZADA;Infraestructura de Valorización;Municipal;SI;NO;NO;NO;San Martín;Moyobamba;Calzada;"A 1.3 km en dirección noroeste de la Plaza Mayor de Calzada. 
 Ref. Carretera al caserío San Francisco del Pajonal.";220102;18.0;270608;9333979.0;No tiene;-;-;-;-;-;;No aplica;OPERACIÓN;Respuesta formulario, 16/01/2023 14:42:02;-;No aplica;No aplica;SI;NO;NO;NO;2023;Resolución N° 00012-2023-OEFA/DSIS;Resolución N° 00012-2023-OEFA/DSIS
40014;211;ADM12746;20187346488.0;MUNICIPALIDAD DE VILLA EL SALVADOR;Municipalidad;UF0035924;"INFRAESTRUCTURA DE VALORIZACIÓN DE RESIDUOS SÓLIDOS ORGÁNICOS MUNICIPALES ""HUERTOS DE CONCHÁN""";Infraestructura de Valorización;Municipal;SI;NO;NO;NO;Lima;Lima;Villa El Salvador;Asentamiento Humano Huertos de Conchán, en el Km 21.8 de la Panamericana Sur.;150142;18.0;287503;8646331.0;No tiene;-;-;-;-;-;;No aplica;OPERACIÓN;Oficio N° 012-2023-SGLPM-GSCGA/MVES (2023-E01-046102);-;No aplica;No aplica;SI;NO;NO;NO;2023;Resolución N° 00012-2023-OEFA/DSIS;Resolución N° 00012-2023-OEFA/DSIS
40015;212;ADM12789;20188957146.0;MUNICIPALIDAD DISTRITAL DE PATIVILCA;Municipalidad;UF0035925;INFRAESTRUCTURA DE VALORIZACIÓN DE RESIDUOS SÓLIDOS ORGÁNICOS MUNICIPALES PATIVILCA;Infraestructura de Valorización;Municipal;SI;NO;NO;NO;Lima;Barranca;Pativilca;Centro Poblado Costa Verde.;150203;18.0;197763;8817070.0;No tiene;-;-;-;-;-;;No aplica;OPERACIÓN;"Oficio N° 003-2023-TJAN-SGDESP/MDP
 (2023-E01-039819)";-;No aplica;No aplica;SI;NO;NO;NO;2023;Resolución N° 00012-2023-OEFA/DSIS;Resolución N° 00012-2023-OEFA/DSIS
40016;213;ADM11818;20131378204.0;MUNICIPALIDAD DISTRITAL DE SAN JUAN DE MIRAFLORES;Municipalidad;UF0036048;INFRAESTRUCTURA DE VALORIZACIÓN DE RESIDUOS SÓLIDOS ORGÁNICOS MUNICIPALES SAN JUAN DE MIRAFLORES;Infraestructura de Valorización;Municipal;SI;NO;NO;NO;Lima;Lima;San Juan de Miraflores;Avenida Miguel Iglesias con avenida Andrés Avelino Cáceres, sector de Pampas de San Juan.;150133;18.0;287036;8652562.0;No tiene;-;-;-;-;-;;No aplica;OPERACIÓN;Oficio N° 001-2023-SGOAV-GGA-MDSJM (2023-E01-061897);-;No aplica;No aplica;SI;NO;NO;NO;2023;Resolución N° 00020-2023-OEFA/DSIS;Resolución N° 00020-2023-OEFA/DSIS
40017;214;ADM11916;20142701597.0;MUNICIPALIDAD PROVINCIAL DE BARRANCA;Municipalidad;UF0036049;INFRAESTRUCTURA DE VALORIZACIÓN DE RESIDUOS SÓLIDOS ORGÁNICOS MUNICIPALES BARRANCA;Infraestructura de Valorización;Municipal;SI;NO;NO;NO;Lima;Barranca;Barranca;"Centro Poblado Santa Margarita. 
 Ref. Cerca al cementerio Los Anitos.";150201;18.0;200334;8808441.0;No tiene;-;-;-;-;-;;No aplica;OPERACIÓN;Respuesta formulario, 24/01/2023 17:58:15;-;No aplica;No aplica;SI;NO;NO;NO;2023;Resolución N° 00020-2023-OEFA/DSIS;Resolución N° 00020-2023-OEFA/DSIS
40018;215;ADM12644;20179697069.0;MUNICIPALIDAD DISTRITAL DE PACHANGARA;Municipalidad;UF0036050;INFRAESTRUCTURA DE VALORIZACIÓN DE RESIDUOS SÓLIDOS ORGÁNICOS MUNICIPALES CHURIN;Infraestructura de Valorización;Municipal;SI;NO;NO;NO;Lima;Oyón;Oyón;Calle Los Ángeles, localidad de Ayapango.;150901;18.0;294507.49;8805333.01;No tiene;-;-;-;-;-;;No aplica;OPERACIÓN;"Oficio N° 012-2023-SGSPMA/ALC/MDP-H
 (2023-E01-109985)";-;No aplica;No aplica;SI;NO;NO;NO;2023;Resolución N° 00020-2023-OEFA/DSIS;Resolución N° 00020-2023-OEFA/DSIS
40019;216;ADM12309;20165195290.0;MUNICIPALIDAD PROVINCIAL DE SAN ROMÁN JULIACA;Municipalidad;UF0036051;INFRAESTRUCTURA DE VALORIZACIÓN DE RESIDUOS SÓLIDOS ORGÁNICOS MUNICIPALES HIRUPATA;Infraestructura de Valorización;Municipal;SI;NO;NO;NO;Puno;San Román;Caracoto;"A 3 km del ingreso de la comunidad Chujura.
 Ref. A espaldas dela UANCV, en el sector Hirupata.";211104;19.0;378068;8280539.0;No tiene;-;-;-;-;-;;No aplica;OPERACIÓN;Oficio N° 04-2023/MPSR-J/UGRS (2023-E01-155758);-;No aplica;No aplica;SI;NO;NO;NO;2023;Resolución N° 00020-2023-OEFA/DSIS;Resolución N° 00020-2023-OEFA/DSIS
40020;217;ADM13667;20227388871.0;MUNICIPALIDAD DISTRITAL DE ANDAJES;Municipalidad;UF0036302;INFRAESTRUCTURA DE VALORIZACIÓN DE RESIDUOS SÓLIDOS ORGÁNICOS MUNICIPALES ANDAJES;Infraestructura de Valorización;Municipal;SI;NO;NO;NO;Lima;Oyón;Andajes;Calle Circunvalación. Ref. altura del Ex. Colegio de Mujeres.;150902;18.0;291273;8806507.0;No tiene;-;-;-;-;-;;No aplica;OPERACIÓN;"Oficio N° 027-2023-ALC/MDA
 (2023-E01-236911
 2023-E01-232396)";-;No aplica;No aplica;SI;NO;NO;NO;2023;Resolución N° 00031-2023-OEFA/DSIS;Resolución N° 00031-2023-OEFA/DSIS
40021;218;ADM11807;20131372770.0;MUNICIPALIDAD DE VILLA MARIA DEL TRIUNFO;Municipalidad;UF0036303;INFRAESTRUCTURA DE VALORIZACIÓN DE RESIDUOS SÓLIDOS ORGÁNICOS MUNICIPALES VILLA MARÍA DEL TRIUNFO;Infraestructura de Valorización;Municipal;SI;NO;NO;NO;Lima;Lima;Villa María del Triunfo;Intersección de la avenida Francisco Machuca con la calle Mariano Melgar. Ref. Altura de la estación Mateo Pumacahua del tren eléctrico.;150143;18.0;287953;8652452.0;No tiene;-;-;-;-;-;;No aplica;OPERACIÓN;"Oficio N° 022-2023-SGLPAVO-GGA/MVMT
 (2023-E01-231417)";-;No aplica;No aplica;SI;NO;NO;NO;2023;Resolución N° 00031-2023-OEFA/DSIS;Resolución N° 00031-2023-OEFA/DSIS
40022;219;ADM12050;20147704373.0;MUNICIPALIDAD PROVINCIAL DE PALPA;Municipalidad;UF0036304;INFRAESTRUCTURA DE VALORIZACIÓN DE RESIDUOS SÓLIDOS ORGÁNICOS MUNICIPALES PALPA;Infraestructura de Valorización;Municipal;SI;NO;NO;NO;Ica;Palpa;Palpa;Calle N °02 S/N, malecón Río Palpa. Ref. Contiguo al camal municipal.;110401;18.0;479991;8393609.0;No tiene;-;-;-;-;-;;No aplica;OPERACIÓN;Oficio N°00107-2023-ALC/MPP (2023-E01-243802);-;No aplica;No aplica;SI;NO;NO;NO;2023;Resolución N° 00031-2023-OEFA/DSIS;Resolución N° 00031-2023-OEFA/DSIS
40023;220;ADM12614;20177892441.0;MUNICIPALIDAD DISTRITAL DE SABAINO;Municipalidad;UF0036305;INFRAESTRUCTURA DE VALORIZACIÓN DE RESIDUOS SÓLIDOS ORGÁNICOS MUNICIPALES CHINYA;Infraestructura de Valorización;Municipal;SI;NO;NO;NO;Apurímac;Antabamba;Sabaino;Sector Chinya. Ref. Al costado del ex. Vivero del Programa de Bosques Andinos.;30307;18.0;721065;8417325.0;No tiene;-;-;-;-;-;;No aplica;OPERACIÓN;"Carta N° 006-2023-AMASP-MDS-ANT-APU
 (2023-E01-230659)";-;No aplica;No aplica;SI;NO;NO;NO;2023;Resolución N° 00031-2023-OEFA/DSIS;Resolución N° 00031-2023-OEFA/DSIS
40024;221;ADM12348;20166164789.0;MUNICIPALIDAD PROVINCIAL DE ISLAY;Municipalidad;UF0036306;INFRAESTRUCTURA DE VALORIZACIÓN DE RESIDUOS SÓLIDOS ORGÁNICOS MUNICIPALES MOLLENDO;Infraestructura de Valorización;Municipal;SI;NO;NO;NO;Arequipa;Islay;Mollendo;Zona Industrial S/N. Ref. Frente al terminal terrestre de Mollendo.;40701;18.0;816833;8116723.0;No tiene;-;-;-;-;-;;No aplica;OPERACIÓN;"Oficio N° 001-2023-MPI/A-GM-GMASP-SGGA
 (2023-E01-226416)";-;No aplica;No aplica;SI;NO;NO;NO;2023;Resolución N° 00031-2023-OEFA/DSIS;Resolución N° 00031-2023-OEFA/DSIS
40025;222;ADM12844;20190690793.0;MUNICIPALIDAD DISTRITAL LUYA VIEJO;Municipalidad;UF0036307;INFRAESTRUCTURA DE VALORIZACIÓN DE RESIDUOS SÓLIDOS ORGÁNICOS MUNICIPALES LUYA VIEJO;Infraestructura de Valorización;Municipal;SI;NO;NO;NO;Amazonas;Luya;Luya Viejo;Carretera Santa Catalina, Sector Ladrillera.;10510;17.0;828816;9320819.0;No tiene;-;-;-;-;-;;No aplica;OPERACIÓN;Respuesta formulario, 21/02/2023 15:49:55;-;No aplica;No aplica;SI;NO;NO;NO;2023;Resolución N° 00031-2023-OEFA/DSIS;Resolución N° 00031-2023-OEFA/DSIS
40026;223;ADM12950;20194058854.0;MUNICIP PROVIN PAUCAR DEL SARA SARA;Municipalidad;UF0036308;INFRAESTRUCTURA DE VALORIZACIÓN DE RESIDUOS SÓLIDOS ORGÁNICOS MUNICIPALES PAUSA;Infraestructura de Valorización;Municipal;SI;NO;NO;NO;Ayacucho;Páucar del Sara Sara;Pausa;Sector Tantarpampa, anexo de Renco.;50801;18.0;677776;8306863.0;No tiene;-;-;-;-;-;;No aplica;OPERACIÓN;"Carta N° 001-2023-MPPSS-GM-SGSMGA-RADG
 (2023-E01-231087)";-;No aplica;No aplica;SI;NO;NO;NO;2023;Resolución N° 00031-2023-OEFA/DSIS;Resolución N° 00031-2023-OEFA/DSIS
40027;224;ADM13436;20212025179.0;MUNICIPALIDAD DISTRITAL DE ATICO;Municipalidad;UF0036309;INFRAESTRUCTURA DE VALORIZACIÓN DE RESIDUOS SÓLIDOS ORGÁNICOS MUNICIPALES ATICO;Infraestructura de Valorización;Municipal;SI;NO;NO;NO;Arequipa;Caravelí;Ático;Carretera Panamericana Sur km 709, La Florida.;40303;18.0;647777;8205261.0;No tiene;-;-;-;-;-;;No aplica;OPERACIÓN;"Oficio N° 028-2023-MDA
 (2023-E01-272712)";-;No aplica;No aplica;SI;NO;NO;NO;2023;Resolución N° 00031-2023-OEFA/DSIS;Resolución N° 00031-2023-OEFA/DSIS
40028;225;ADM11940;20143625843.0;MUNICIPALIDAD PROVINCIAL SAN MIGUEL;Municipalidad;UF0036310;INFRAESTRUCTURA DE VALORIZACIÓN DE RESIDUOS SÓLIDOS ORGÁNICOS MUNICIPALES SAN MIGUEL - CAJAMARCA;Infraestructura de Valorización;Municipal;SI;NO;NO;NO;Cajamarca;San Miguel;San Miguel;Caserío Catamuche.;61101;17.0;732730;9222547.0;No tiene;-;-;-;-;-;;No aplica;OPERACIÓN;Respuesta formulario, 24/02/2023 12:27:38;-;No aplica;No aplica;SI;NO;NO;NO;2023;Resolución N° 00031-2023-OEFA/DSIS;Resolución N° 00031-2023-OEFA/DSIS
40029;226;ADM13855;20275441857.0;MUNICIPALIDAD DISTRITAL DE GUADALUPITO;Municipalidad;UF0036311;INFRAESTRUCTURA DE VALORIZACIÓN DE RESIDUOS SÓLIDOS ORGÁNICOS MUNICIPALES GUADALUPITO;Infraestructura de Valorización;Municipal;SI;NO;NO;NO;La Libertad;Virú;Guadalupito;Canteras Pampas de Dios, Ref. pasando el C.P. Nuevo Guadalupito.;131203;17.0;763289;9010987.0;No tiene;-;-;-;-;-;;No aplica;OPERACIÓN;Respuesta formulario, 24/02/2023 16:42:23;-;No aplica;No aplica;SI;NO;NO;NO;2023;Resolución N° 00031-2023-OEFA/DSIS;Resolución N° 00031-2023-OEFA/DSIS
40030;227;ADM13621;20223028765.0;MUNICIPALIDAD PROVINCIAL DE HUANCA SANCOS;Municipalidad;UF0036312;INFRAESTRUCTURA DE VALORIZACIÓN DE RESIDUOS SÓLIDOS ORGÁNICOS MUNICIPALES HUANCA SANCOS;Infraestructura de Valorización;Municipal;SI;NO;NO;NO;Ayacucho;Huanca Sancos;Sancos;Carretera Sancos - Lucanamarca, sector Sonqo.;50301;18.0;570512;8461560.0;No tiene;-;-;-;-;-;;No aplica;OPERACIÓN;"Oficio N° 107-2023-MPA/AP
 (2023-E01-274642)";-;No aplica;No aplica;SI;NO;NO;NO;2023;Resolución N° 00031-2023-OEFA/DSIS;Resolución N° 00031-2023-OEFA/DSIS
40031;228;ADM11792;20131368314.0;MUNICIPALIDAD DISTRITAL DE CARABAYLLO;Municipalidad;UF0036313;INFRAESTRUCTURA DE VALORIZACIÓN DE RESIDUOS SÓLIDOS ORGÁNICOS MUNICIPALES WASI WANU;Infraestructura de Valorización;Municipal;SI;NO;NO;NO;Lima;Lima;Carabayllo;Sector denominado la Isleta, margen izquierda del Puente San Martín de la Integración.;150106;18.0;278241;8686761.0;No tiene;-;-;-;-;-;;No aplica;OPERACIÓN;Respuesta formulario, 27/02/2023 11:47:08;-;No aplica;No aplica;SI;NO;NO;NO;2023;Resolución N° 00031-2023-OEFA/DSIS;Resolución N° 00031-2023-OEFA/DSIS
40032;229;ADM12821;20190255949.0;MUNICIPALIDAD DISTRITAL MARISCAL CÁCERES;Municipalidad;UF0036314;INFRAESTRUCTURA DE VALORIZACIÓN DE RESIDUOS SÓLIDOS ORGÁNICOS MUNICIPALES MARISCAL CÁCERES;Infraestructura de Valorización;Municipal;SI;NO;NO;NO;Arequipa;Camaná;Mariscal Cáceres;Sector Ampliación Santa Mónica, Ref. Cerca al canal de regadío agrícola.;40204;18.0;734896;8165070.0;No tiene;-;-;-;-;-;;No aplica;OPERACIÓN;"Oficio N° 078-MDMC-A-2023
 (2023-E01-313491)";-;No aplica;No aplica;SI;NO;NO;NO;2023;Resolución N° 00031-2023-OEFA/DSIS;Resolución N° 00031-2023-OEFA/DSIS
40033;230;ADM13129;20200554729.0;MUNICIPALIDAD DISTRITAL DE MACHUPICCHU;Municipalidad;UF0036315;INFRAESTRUCTURA DE VALORIZACIÓN DE RESIDUOS SÓLIDOS ORGÁNICOS MUNICIPALES PLANTA PIROLIZADORA MACHUPICCHU;Infraestructura de Valorización;Municipal;SI;NO;NO;NO;Cusco;Urubamba;Machupicchu;Puente Ruinas S/N.;81304;18.0;766993;8543786.0;No tiene;-;-;-;-;-;;No aplica;OPERACIÓN;Respuesta formulario, 3/03/2023 12:21:38;-;No aplica;No aplica;SI;NO;NO;NO;2023;Resolución N° 00031-2023-OEFA/DSIS;Resolución N° 00031-2023-OEFA/DSIS
40034;231;ADM12175;20158939666.0;MUNICIPALIDAD DISTRITAL DE MALA;Municipalidad;UF0036316;INFRAESTRUCTURA DE VALORIZACIÓN DE RESIDUOS SÓLIDOS ORGÁNICOS MUNICIPALES MALA;Infraestructura de Valorización;Municipal;SI;NO;NO;NO;Lima;Cañete;Mala;Callejón La Línea, escala Baja, Anexo La Huaca.;150509;18.0;321725;8599705.0;No tiene;-;-;-;-;-;;No aplica;OPERACIÓN;Oficio N°086-2023-SG/MDM (2023-E01-375425);-;No aplica;No aplica;SI;NO;NO;NO;2023;Resolución N° 00031-2023-OEFA/DSIS;Resolución N° 00031-2023-OEFA/DSIS
40035;232;ADM14617;20438599194.0;MUNICIPALIDAD DISTRITAL DE CASA GRANDE;Municipalidad;UF0036317;INFRAESTRUCTURA DE VALORIZACIÓN DE RESIDUOS SÓLIDOS ORGÁNICOS MUNICIPALES CASA GRANDE - GARRAPÓN;Infraestructura de Valorización;Municipal;SI;NO;NO;NO;La Libertad;Ascope;Casa Grande;Anexo Garrapón, Ref. siguiendo carretera Garrapón.;130208;17.0;693591;9145492.0;No tiene;-;-;-;-;-;;No aplica;OPERACIÓN;Respuesta formulario, 8/03/2023 8:35:34;-;No aplica;No aplica;SI;NO;NO;NO;2023;Resolución N° 00031-2023-OEFA/DSIS;Resolución N° 00031-2023-OEFA/DSIS
40036;233;ADM12720;20185646964.0;MUNICIPALIDAD DISTRITAL DE HUANCAN;Municipalidad;UF0036318;INFRAESTRUCTURA DE VALORIZACIÓN DE RESIDUOS SÓLIDOS ORGÁNICOS MUNICIPALES HUANCAN;Infraestructura de Valorización;Municipal;SI;NO;NO;NO;Junín;Huancayo;Huancán;Barrio Mantaro, Ref. frente al área degradada.;120119;18.0;475115;8661810.0;No tiene;-;-;-;-;-;;No aplica;OPERACIÓN;"Oficio N° 168-2023-MDH/A
 (2023-E01-326629)";-;No aplica;No aplica;SI;NO;NO;NO;2023;Resolución N° 00031-2023-OEFA/DSIS;Resolución N° 00031-2023-OEFA/DSIS
40037;234;ADM12848;20190793681.0;MUNICIPALIDAD DISTRITAL DE EL ARENAL;Municipalidad;UF0036319;INFRAESTRUCTURA DE VALORIZACIÓN DE RESIDUOS SÓLIDOS ORGÁNICOS MUNICIPALES EL ARENAL;Infraestructura de Valorización;Municipal;SI;NO;NO;NO;Piura;Paita;Arenal;Anexo El Tablazo, Ref. Frente a las instalaciones abandonadas de la empresa EPS GRAU S.A.;200503;17.0;496819;9459847.0;No tiene;-;-;-;-;-;;No aplica;OPERACIÓN;"Oficio N° 002-2023-MUDIAR-GA
 (2023-E01-319925)";-;No aplica;No aplica;SI;NO;NO;NO;2023;Resolución N° 00031-2023-OEFA/DSIS;Resolución N° 00031-2023-OEFA/DSIS
40038;235;ADM12078;20148260843.0;MUNICIPALIDAD PROVINCIAL DE HUALGAYOC;Municipalidad;UF0036320;INFRAESTRUCTURA DE VALORIZACIÓN DE RESIDUOS SÓLIDOS ORGÁNICOS MUNICIPALES HUALGAYOC-BAMBAMARCA;Infraestructura de Valorización;Municipal;SI;NO;NO;NO;Cajamarca;Hualgayoc;Bambamarca;A 2 kilómetros del garaje municipal.;60701;17.0;771311;9260665.0;No tiene;-;-;-;-;-;;No aplica;OPERACIÓN;Respuesta formulario, 8/03/2023 10:03:11;-;No aplica;No aplica;SI;NO;NO;NO;2023;Resolución N° 00031-2023-OEFA/DSIS;Resolución N° 00031-2023-OEFA/DSIS
40039;236;ADM11908;20141784901.0;MUNICIPALIDAD PROVINCIAL DE CHICLAYO;Municipalidad;UF0036321;INFRAESTRUCTURA DE VALORIZACIÓN DE RESIDUOS SÓLIDOS ORGÁNICOS MUNICIPALES CHICLAYO;Infraestructura de Valorización;Municipal;SI;NO;NO;NO;Lambayeque;Chiclayo;Pimentel;"Ex fábrica de bloquetas ""La Pradera"".";140112;17.0;623919;9250787.0;No tiene;-;-;-;-;-;;No aplica;OPERACIÓN;"Oficio N° 68-2023-MPCH/GDA
 (2023-E01-398368)";-;No aplica;No aplica;SI;NO;NO;NO;2023;Resolución N° 00031-2023-OEFA/DSIS;Resolución N° 00031-2023-OEFA/DSIS
40040;237;ADM12604;20177662446.0;MUNICIPALIDAD PROVINCIAL DE ALTO AMAZONAS;Municipalidad;UF0036322;INFRAESTRUCTURA DE VALORIZACIÓN DE RESIDUOS SÓLIDOS ORGÁNICOS MUNICIPALES ALTO AMAZONAS - YURIMAGUAS;Infraestructura de Valorización;Municipal;SI;NO;NO;NO;Loreto;Alto Amazonas;Yurimaguas;Carretera Yurimaguas - Tarapoto Kilómetro 4.;160201;18.0;374888;9346130.0;No tiene;-;-;-;-;-;;No aplica;OPERACIÓN;Respuesta formulario, 17/03/2023 11:26:43;-;No aplica;No aplica;SI;NO;NO;NO;2023;Resolución N° 00031-2023-OEFA/DSIS;Resolución N° 00031-2023-OEFA/DSIS
40041;238;ADM17667;20601134170.0;MUNICIPALIDAD DISTRITAL DE CASTILLO GRANDE;Municipalidad;UF0036335;INFRAESTRUCTURA DE VALORIZACIÓN DE RESIDUOS SÓLIDOS ORGÁNICOS MUNICIPALES CASTILLO GRANDE;Infraestructura de Valorización;Municipal;SI;NO;NO;NO;Huánuco;Leoncio Prado;Castillo Grande;Caserio Picuroyacu Alto.;100608;18.0;387401;8974179.0;No tiene;-;-;-;-;-;;No aplica;OPERACIÓN;"Oficio N° 248-2023-JEUG-MDCG-A
 (2023-E01-441381)";-;No aplica;No aplica;SI;NO;NO;NO;2023;Resolución N° 00031-2023-OEFA/DSIS;Resolución N° 00031-2023-OEFA/DSIS
40042;239;ADM12717;20185609171.0;MUNICIPALIDAD PROVINCIAL LUYA LAMUD;Municipalidad;UF0036336;INFRAESTRUCTURA DE VALORIZACIÓN DE RESIDUOS SÓLIDOS ORGÁNICOS MUNICIPALES LAMUD;Infraestructura de Valorización;Municipal;SI;NO;NO;NO;Amazonas;Luya;Luya;Sector denominado Pachilda, carretera al distrito de Trita.;10509;18.0;172924;9319075.0;No tiene;-;-;-;-;-;;No aplica;OPERACIÓN;"Oficio N° 005-2023-Ing°J.C.R.R/SGMAYSP/GDEMA/MPL-L
 (2023-E01-374774)";-;No aplica;No aplica;SI;NO;NO;NO;2023;Resolución N° 00031-2023-OEFA/DSIS;Resolución N° 00031-2023-OEFA/DSIS
40043;240;ADM13682;20228486150.0;MUNICIPALIDAD DISTRITAL TARUCACHI;Municipalidad;UF0036337;INFRAESTRUCTURA DE VALORIZACIÓN DE RESIDUOS SÓLIDOS ORGÁNICOS MUNICIPALES TARUCACHI;Infraestructura de Valorización;Municipal;SI;NO;NO;NO;Tacna;Tarata;Tarucachi;Calle 28 de Julio S/N, Ref. A 5 cuadras del palacio municipal.;230407;19.0;390433;8062022.0;No tiene;-;-;-;-;-;;No aplica;OPERACIÓN;Respuesta formulario, 21/03/2023 14:17:35;-;No aplica;No aplica;SI;NO;NO;NO;2023;Resolución N° 00031-2023-OEFA/DSIS;Resolución N° 00031-2023-OEFA/DSIS
40044;241;ADM12342;20165925794.0;MUNICIPALIDAD DISTRITAL DE SALITRAL;Municipalidad;UF0036338;INFRAESTRUCTURA DE VALORIZACIÓN DE RESIDUOS SÓLIDOS ORGÁNICOS MUNICIPALES SALITRAL;Infraestructura de Valorización;Municipal;SI;NO;NO;NO;Piura;Sullana;Salitral;Centro Poblado Miraflores.;200608;17.0;534856;9465171.0;No tiene;-;-;-;-;-;;No aplica;OPERACIÓN;Respuesta formulario, 19/03/2023 21:31:09;-;No aplica;No aplica;SI;NO;NO;NO;2023;Resolución N° 00031-2023-OEFA/DSIS;Resolución N° 00031-2023-OEFA/DSIS
40045;242;ADM12513;20173189932.0;MUNICIPALIDAD PROVINCIAL DE OYÓN;Municipalidad;UF0036339;INFRAESTRUCTURA DE VALORIZACIÓN DE RESIDUOS SÓLIDOS ORGÁNICOS MUNICIPALES OYÓN;Infraestructura de Valorización;Municipal;SI;NO;NO;NO;Lima;Oyón;Oyón;Avenida Manuel Prado S/N, barrio San Huachi.;150901;18.0;307045;8819614.0;No tiene;-;-;-;-;-;;No aplica;OPERACIÓN;"Carta N°060-2023-AOP/ALC/MPO
 (2023-E01-444799)";-;No aplica;No aplica;SI;NO;NO;NO;2023;Resolución N° 00031-2023-OEFA/DSIS;Resolución N° 00031-2023-OEFA/DSIS
40046;243;ADM12411;20168899204.0;MUNICIPALIDAD DISTRITAL DE VICHAYAL;Municipalidad;UF0036340;INFRAESTRUCTURA DE VALORIZACIÓN DE RESIDUOS SÓLIDOS ORGÁNICOS MUNICIPALES VICHAYAL;Infraestructura de Valorización;Municipal;SI;NO;NO;NO;Piura;Paita;Vichayal;Calle Negritos S/N, sector Piedra Rodada, Ref. a espaldas del camal municipal.;200507;17.0;491782;9462799.0;No tiene;-;-;-;-;-;;No aplica;OPERACIÓN;Respuesta formulario, 23/03/2023 21:21:50;-;No aplica;No aplica;SI;NO;NO;NO;2023;Resolución N° 00031-2023-OEFA/DSIS;Resolución N° 00031-2023-OEFA/DSIS
40047;244;ADM12234;20161458075.0;MUNICIPALIDAD DISTRITAL DE LOBITOS;Municipalidad;UF0036341;INFRAESTRUCTURA DE VALORIZACIÓN DE RESIDUOS SÓLIDOS ORGÁNICOS MUNICIPALES LOBITOS;Infraestructura de Valorización;Municipal;SI;NO;NO;NO;Piura;Talara;Lobitos;Barrio Castilla S/N, Ref. a 300 metros del cementerio.;200704;17.0;470447;9508722.0;No tiene;-;-;-;-;-;;No aplica;OPERACIÓN;"Oficio N° 003-2023-JMAM/UGAS-MDL
 (2023-E01-433515)";-;No aplica;No aplica;SI;NO;NO;NO;2023;Resolución N° 00031-2023-OEFA/DSIS;Resolución N° 00031-2023-OEFA/DSIS
40048;245;ADM12550;20175307711.0;MUNICIPALIDAD DISTRITAL DE QUILMANA;Municipalidad;UF0036342;INFRAESTRUCTURA DE VALORIZACIÓN DE RESIDUOS SÓLIDOS ORGÁNICOS MUNICIPALES QUILMANA;Infraestructura de Valorización;Municipal;SI;NO;NO;NO;Lima;Cañete;Quilmaná;Predio rural Pampa de Quilmaná, El Rosario.;150512;18.0;349033;8571981.0;No tiene;-;-;-;-;-;;No aplica;OPERACIÓN;"Oficio N° 003-2023-GSPYGA
 (2023-E01-442809)";-;No aplica;No aplica;SI;NO;NO;NO;2023;Resolución N° 00031-2023-OEFA/DSIS;Resolución N° 00031-2023-OEFA/DSIS
40049;246;ADM13454;20213376684.0;MUNICIPALIDAD DISTRITAL EL MANTARO;Municipalidad;UF0036343;INFRAESTRUCTURA DE VALORIZACIÓN DE RESIDUOS SÓLIDOS ORGÁNICOS MUNICIPALES EL MANTARO;Infraestructura de Valorización;Municipal;SI;NO;NO;NO;Junín;Jauja;El Mantaro;Avenida 28 de julio, Ref. Al costado del vivero de la comunidad.;120407;18.0;457397;8692368.0;No tiene;-;-;-;-;-;;No aplica;OPERACIÓN;"Oficio N°081-23-MDEM/A
 (2023-E01-441792)";-;No aplica;No aplica;SI;NO;NO;NO;2023;Resolución N° 00031-2023-OEFA/DSIS;Resolución N° 00031-2023-OEFA/DSIS
40050;247;ADM12357;20166667934.0;MUNICIPALIDAD PROVINCIAL DE CONTRALMIRANTE VILLAR;Municipalidad;UF0036344;INFRAESTRUCTURA DE VALORIZACIÓN DE RESIDUOS SÓLIDOS ORGÁNICOS MUNICIPALES CONTRALMIRANTE VILLAR - ZORRITOS;Infraestructura de Valorización;Municipal;SI;NO;NO;NO;Tumbes;Contralmirante Villar;Zorritos;Sector Bocapan, a la altura del hotel Casa Andina.;240201;17.0;530596;9589588.0;No tiene;-;-;-;-;-;;No aplica;OPERACIÓN;Oficio N°0107-2023-SGII-MPCVZ/JCHRE (2023-E01-444191);-;No aplica;No aplica;SI;NO;NO;NO;2023;Resolución N° 00031-2023-OEFA/DSIS;Resolución N° 00031-2023-OEFA/DSIS
40051;248;ADM12683;20183798210.0;MUNICIPALIDAD DISTRITAL GOYLLARISQUIZGA;Municipalidad;UF0036345;INFRAESTRUCTURA DE VALORIZACIÓN DE RESIDUOS SÓLIDOS ORGÁNICOS MUNICIPALES GOYLLARISQUIZGA - LA GASHA;Infraestructura de Valorización;Municipal;SI;NO;NO;NO;Pasco;Daniel Alcides Carrión;Goyllarisquizga;La Gasha.;190203;18.0;345701;8842322.0;No tiene;-;-;-;-;-;;No aplica;OPERACIÓN;Respuesta formulario, 31/03/2023 19:32:23;-;No aplica;No aplica;SI;NO;NO;NO;2023;Resolución N° 00031-2023-OEFA/DSIS;Resolución N° 00031-2023-OEFA/DSIS
40052;249;ADM12116;20154470108.0;MUNICIPALIDAD DISTRITAL DE SAMEGUA;Municipalidad;UF0036346;INFRAESTRUCTURA DE VALORIZACIÓN DE RESIDUOS SÓLIDOS ORGÁNICOS MUNICIPALES SAMEGUA;Infraestructura de Valorización;Municipal;SI;NO;NO;NO;Moquegua;Mariscal Nieto;Samegua;Calle Inmaculada Concepción, reservorio.;180104;19.0;298531;8099149.0;No tiene;-;-;-;-;-;;No aplica;OPERACIÓN;"Oficio N° 063-2023-CLCD-SGGA-GSMA/MDS
 (2023-E01-444014)";-;No aplica;No aplica;SI;NO;NO;NO;2023;Resolución N° 00031-2023-OEFA/DSIS;Resolución N° 00031-2023-OEFA/DSIS
40053;250;ADM12603;20177659224.0;MUNICIPALIDAD DISTRITAL DE BELLAVISTA DE LA UNION;Municipalidad;UF0036347;INFRAESTRUCTURA DE VALORIZACIÓN DE RESIDUOS SÓLIDOS ORGÁNICOS MUNICIPALES BELLAVISTA DE LA UNIÓN;Infraestructura de Valorización;Municipal;SI;NO;NO;NO;Piura;Sechura;Bellavista de La Unión;Ex hacienda San Ignacio, Sector San Ignacio, Ref. Al costado PTAR municipal.;200802;17.0;587877;9398562.0;No tiene;-;-;-;-;-;;No aplica;OPERACIÓN;Respuesta formulario, 30/03/2023 12:40:19;-;No aplica;No aplica;SI;NO;NO;NO;2023;Resolución N° 00031-2023-OEFA/DSIS;Resolución N° 00031-2023-OEFA/DSIS
40054;251;ADM11576;20103845590.0;MUNICIPALIDAD PROVINCIAL DE MAYNAS;Municipalidad;UF0036348;INFRAESTRUCTURA DE VALORIZACIÓN DE RESIDUOS SÓLIDOS ORGÁNICOS MUNICIPALES MAYNAS;Infraestructura de Valorización;Municipal;SI;NO;NO;NO;Loreto;Maynas;San Juan Bautista;Carretera Iquitos nauta km 1, Ref. aledaño al asentamiento humano Charles Zevallos frente a la villa olímpica.;160113;18.0;688597;9579959.0;No tiene;-;-;-;-;-;;No aplica;OPERACIÓN;Respuesta formulario, 4/04/2023 16:23:47;-;No aplica;No aplica;SI;NO;NO;NO;2023;Resolución N° 00031-2023-OEFA/DSIS;Resolución N° 00031-2023-OEFA/DSIS
40055;252;ADM13468;20214579066.0;MUNICIPALIDAD DISTRITAL DE PUQUINA;Municipalidad;UF0036349;INFRAESTRUCTURA DE VALORIZACIÓN DE RESIDUOS SÓLIDOS ORGÁNICOS MUNICIPALES PUQUINA;Infraestructura de Valorización;Municipal;SI;NO;NO;NO;Moquegua;General Sánchez Cerro;Puquina;Calle Ramón Castilla, C.P. Villa Puquina sector 2, Ref. frente al cementerio.;180208;19.0;266921;8159935.0;No tiene;-;-;-;-;-;;No aplica;OPERACIÓN;"Oficio N°005-2023-JSVYMA/MDVP/WPG
 (2023-E01-446159)";-;No aplica;No aplica;SI;NO;NO;NO;2023;Resolución N° 00031-2023-OEFA/DSIS;Resolución N° 00031-2023-OEFA/DSIS
40056;253;ADM13876;20279603835.0;MUNICIPALIDAD DISTRITAL DE SUSAPAYA;Municipalidad;UF0036350;INFRAESTRUCTURA DE VALORIZACIÓN DE RESIDUOS SÓLIDOS ORGÁNICOS MUNICIPALES SUSAPAYA;Infraestructura de Valorización;Municipal;SI;NO;NO;NO;Tacna;Tarata;Susapaya;A 0.6 kilómetros de la ciudad.;230406;19.0;379542;8081593.0;No tiene;-;-;-;-;-;;No aplica;OPERACIÓN;"Oficio N°082-2023-A-MDS-T
 (2023-E01-452721)";-;No aplica;No aplica;SI;NO;NO;NO;2023;Resolución N° 00031-2023-OEFA/DSIS;Resolución N° 00031-2023-OEFA/DSIS
40057;254;ADM12187;20159308961.0;MUNICIPALIDAD DISTRITAL SAN SEBASTIAN;Municipalidad;UF0035030;MEJORAMIENTO DEL SERVICIO DE LIMPIEZA PÚBLICA EN LOS PROCESOS DE SEGREGACIÓN Y VALORIZACIÓN EN LA GESTIÓN DE RESIDUOS SÓLIDOS MUNICIPALES EN EL DISTRITO DE SAN SEBASTIAN, PROVINCIA DE CUSCO, DEPARTAMENTO DE CUSCO;Infraestructura de Valorización;Municipal;SI;NO;NO;NO;Cusco;Cusco;San Sebastián;Comunidad Campesina de Ccorao;80105;19.0;185662;8505531.0;R.G.M.A. N° 04-2021-GMA-MPC;;;;-;;;No aplica;OPERACIÓN;Ficha de verificación (27/02/2024);;No aplica;No aplica;SI;NO;NO;NO;2023;Resolución N° 00031-2023-OEFA/DSIS;Resolución N° 00031-2023-OEFA/DSIS
40058;255;ADM27322;20539912209.0;FLOTRANS S.A.C;EORS;UF0034976;PLANTA DE VALORIZACIÓN DE RESIDUOS SÓLIDOS ORGÁNICOS DE EMPRESAS AGROINDUSTRIALES, AGROPECUARIAS Y PESQUERAS NO PELIGROSOS Y LODOS DE AGUAS RESIDUALES DOMÉSTICAS;Infraestructura de Valorización;No Municipal;SI;NO;NO;NO;La Libertad;Ascope;Santiago de Cao;Sector Barranca Baja – Parcela 34;130207;17.0;694930;9119472.0;R.A. Nº 138-2022-MPA;;;;-;;;No tiene;OPERACIÓN;"Reporte de Verificación del 10/09/2024
 (Registro 2024-I01-035755)";-;No aplica;No aplica;NO;NO;SI;NO;2023;Resolución N° 00031-2023-OEFA/DSIS;Resolución N° 00031-2023-OEFA/DSIS
40059;256;ADM27259;20496108664.0;SOLUCIONES AMBIENTALES PERU E.I.R.L;EORS;UF0034866;REAPROVECHAMIENTO DE RESIDUOS SÓLIDOS ORGÁNICOS DE EMPRESAS AGROINDUSTRIALES Y PESQUERAS MEDIANTE COMPOSTAJE, UBICADO EN EL DISTRITO DE PAIJÁN, PROVINCIA DE ASCOPE Y REGIÓN LA LIBERTAD;Infraestructura de Valorización;Municipal y No Municipal;SI;NO;NO;NO;La Libertad;Pacasmayo;San Pedro de Lloc;Av. Panamericana Km. 650 –Sector La Arenita;130701;17.0;677853;9164363.0;R.A. N° 266-2019-MPA;R.A. Nº 144-2020-MPA;R.G. N° 009-2025-GSMYGA-MPA;;-;;;"EO-RS-00080-2021-MINAM-VMGA/DGRS
 EO-RS-00080-2021-MINAM-VMGA/DGRS Anexo 1 (Ampliación de operaciones)
 EO-RS-00080-2021-MINAM/VMGA/DGRS ANEXO 02 (Ampliación de unidades vehiculares para el manejo de residuos no peligrosos)
 EO-RS-00080-2021-MINAM/VMGA/DGRS ANEXO 03 (Ampliación de unidades vehiculares para el manejo de residuos no peligrosos)";OPERACIÓN;"Carta N° 027-GG-23-SOLAM del 09 de octubre del 2023
 HT 2023-E01-546024";-;No aplica;No aplica;NO;NO;SI;SI;2023;Resolución N° 00031-2023-OEFA/DSIS;Resolución N° 00031-2023-OEFA/DSIS
40060;257;ADM27737;20601044103.0;AGRO ECOSISTEMA S.A.C.;EORS;UF0036220;PLANTA DE VALORIZACIÓN DE RESIDUOS SÓLIDOS DE LA EMPRESA AGRO ECOSISTEMA S.A.C.;Infraestructura de Valorización;No Municipal;SI;NO;NO;NO;Lima;Cañete;Chilca;Altura del Km. 50 de la Carretera Panamericana Sur en el denominado Fundo La Esperanza Mz. O, Lote 04;150505;18.0;311820.74;8628277.79;R.D. N° 00058-2023-MINAM/VMGA/DGRS;;;;-;;;No tiene;CONSTRUCCIÓN;"Reporte de Verificación del 04/09/2024 
  (Registro 2024-I01-035756)";-;Construcción paralizada;No aplica;SI;NO;SI;NO;2023;Resolución N° 0045-2023-OEFA/DSIS;Resolución N° 0045-2023-OEFA/DSIS
40061;258;ADM27741;20490099094.0;JMC GERENCIA Y CONSTRUCCION SOCIEDAD ANONIMA CERRADA - JMC GERENCIA Y CONSTRUCCION S.A.C.;EORS;UF0036226;PLANTA DE VALORIZACIÓN DE RESIDUOS SÓLIDOS ORGÁNICOS MUSUQ;Infraestructura de Valorización;Municipal y No municipal;SI;NO;NO;NO;Cusco;Calca;Lamay;Km 43.5 Cusco – Calma, Sector San Martin, Predio denominado “Sector Cuycerin”;80403;19.0;182497.39;8521452.79;R.D. N° 00371-2023-MINAM/VMGA/DGGRS;;;;-;;;"EO-RS-0092-18-80403
 EO-RS-0092-18-80403 (exclusion de unidades vehiculares e incorporacion de residuos solidos y unidades vehiculares)
 EO-RS-0092-18-80403 (Incorporación de unidades vehiculares)
 EO-RS-0092-18-80403 (Incorporación de unidades vehiculares)
 EO-RS-0092-18-80403 (Incorporación de unidades vehiculares)
 EO-RS-0092-18-80403 Anexo 1 (Incorporación de unidades vehiculares)
 EO-RS-0092-18-80403 Anexo 2 (Incorporación de unidades vehiculares)
 EO-RS-0092-18-80403 Anexo 3 (Incorporación de unidades vehiculares)
 EO-RS-0092-18-80403 Anexo 4 (Ampliación de unidades vehiculares para el manejo de residuos peligrosos)
 EO-RS-0092-18-80403 Anexo 07, Actualización del Registro Autoritativo N° 00638-2023-MINAM/VMGA/DGGRS (Ampliación de operaciones)";OPERACIÓN;"CARTA S/N de JMC GERENCIA Y CONSTRUCCION S.A.C. del 30 de octubre del 2023
 (2023-E01-554071)";-;No aplica;No aplica;SI;NO;SI;NO;2023;Resolución N° 0045-2023-OEFA/DSIS;Resolución N° 0045-2023-OEFA/DSIS
40062;259;ADM27742;20605278354.0;NEGOCIOS E INVERSIONES PASA LA VOZ E.I.R.L.;EORS;UF0036231;Planta de valorización de residuos de aparatos eléctricos y electrónicos de Negocios e Inversiones Pasa La Voz E.I.R.L.;Infraestructura de Valorización;No Municipal;SI;NO;NO;NO;Tacna;Tacna;Tacna;Asociación Santa María del Triunfo, Manzana J, Lote 11;230101;19.0;365555;8003837.0;R.D. N° 00461-2023-MINAM/VMGA/DGGRS;;;;-;;;"EO-RS-0048-20-230101
 EO-RS-0048-20-230101 Anexo 1 (Incorporación de unidades vehiculares y residuos sólidos)";OPERACIÓN;"OFICIO N° 00107-2023-MINAM/VMGA/DGGRS
  (2023-E01-463788)";-;No aplica;No aplica;NO;NO;SI;SI;2023;Resolución N° 0045-2023-OEFA/DSIS;Resolución N° 0045-2023-OEFA/DSIS
40063;260;ADM14827;20452615143.0;OIL VIRGEN DEL ROSARIO DE YAUCA S.R.L.;EORS;UF0002140;PLANTA LOS AQUIJES;Infraestructura de Valorización;No Municipal;SI;NO;NO;NO;Ica;Ica;Los Aquijes;Sector de Caserío Jauranga;110103;18.0;424571;8441022.0;No tiene;;;;-;;;No tiene;OPERACIÓN;"Oficio N° 123-3023-GM/MDLA
 (2023–E01-463387)";2023-06-13 00:00:00;No aplica;No aplica;NO;NO;NO;SI;2023;Resolución N° 0045-2023-OEFA/DSIS;Resolución N° 0045-2023-OEFA/DSIS
40064;261;ADM12099;20154432516.0;MUNICIPALIDAD DISTRITAL SANTIAGO;Municipalidad;UF0036430;INFRAESTRUCTURA DE VALORIZACIÓN DE RESIDUOS SÓLIDOS ORGÁNICOS MUNICIPALES SANTIAGO - CUSCO;Infraestructura de Valorización;Municipal;SI;NO;NO;NO;Cusco;Cusco;Santiago;Comunidad de Mayrasco, Ref. a media hora del distrito de Santiago.;80106;18.0;824338;8496720.0;No tiene;-;-;-;-;-;;No aplica;OPERACIÓN;"Oficio N°110-2023-GM-MDS
 (2023-E01-458361)";-;No aplica;No aplica;SI;NO;NO;NO;2023;Resolución N° 0045-2023-OEFA/DSIS;Resolución N° 0045-2023-OEFA/DSIS
40065;262;ADM12695;20184048427.0;MUNICIPALIDAD PROVINCIAL GRAN CHIMU;Municipalidad;UF0036431;INFRAESTRUCTURA DE VALORIZACIÓN DE RESIDUOS SÓLIDOS ORGÁNICOS MUNICIPALES GRAN CHIMÚ - CASCAS;Infraestructura de Valorización;Municipal;SI;NO;NO;NO;La Libertad;Gran Chimú;Cascas;Caserio Pampa de San Isidro.;131101;17.0;739239;9171060.0;No tiene;-;-;-;-;-;;No aplica;OPERACIÓN;Respuesta formulario, 20/04/2023 12:56:27;-;No aplica;No aplica;SI;NO;NO;NO;2023;Resolución N° 0045-2023-OEFA/DSIS;Resolución N° 0045-2023-OEFA/DSIS
40066;263;ADM11966;20145850798.0;MUNICIPALIDAD PROVINCIAL DOS DE MAYO;Municipalidad;UF0036721;INFRAESTRUCTURA DE VALORIZACIÓN DE RESIDUOS SÓLIDOS ORGÁNICOS MUNICIPALES DOS DE MAYO - LA UNIÓN;Infraestructura de Valorización;Municipal;SI;NO;NO;NO;Huánuco;Dos de Mayo;Ripán;A espaldas del terreno de la ex Universidad Nacional Hermilio Valdizán, sede Dos de Mayo.;100317;18.0;302192;8913396.0;No tiene;-;-;-;-;-;;No aplica;OPERACIÓN;Respuesta formulario, 21/06/2023 14:26:08;-;No aplica;No aplica;SI;NO;NO;NO;2023;Resolución N° 00058-2023-OEFA/DSIS;Resolución N° 00058-2023-OEFA/DSIS
40067;264;ADM12546;20175231987.0;MUNICIPALIDAD DISTRITAL DE LA TINGUIÑA;Municipalidad;UF0036660;INFRAESTRUCTURA DE VALORIZACIÓN DE RESIDUOS SÓLIDOS ORGÁNICOS MUNICIPALES LA TINGUIÑA;Infraestructura de Valorización;Municipal;SI;NO;NO;NO;Ica;Ica;La Tinguiña;Avenida Río de Janeiro. Ref. Ex piscina municipal.;110102;18.0;424457;8447845.0;No tiene;-;-;-;-;-;;No aplica;OPERACIÓN;Respuesta formulario, 23/06/2023 17:02:09;-;No aplica;No aplica;SI;NO;NO;NO;2023;Resolución N° 00058-2023-OEFA/DSIS;Resolución N° 00058-2023-OEFA/DSIS
40068;265;ADM12685;20183850823.0;MUNICIPALIDAD DISTRITAL DE VICCO;Municipalidad;UF0036661;INFRAESTRUCTURA DE VALORIZACIÓN DE RESIDUOS SÓLIDOS ORGÁNICOS MUNICIPALES VICCO;Infraestructura de Valorización;Municipal;SI;NO;NO;NO;Pasco;Pasco;Vicco;Tomachischga, carretera central a Huayllay. Ref. a 3 km de la plaza de Vicco.;190112;18.0;362317;8804035.0;No tiene;-;-;-;-;-;;No aplica;OPERACIÓN;Oficio N°0357-2022-MDV/A (2022-E01-122841);-;No aplica;No aplica;SI;NO;NO;NO;2023;Resolución N° 00058-2023-OEFA/DSIS;Resolución N° 00058-2023-OEFA/DSIS
40069;266;ADM12080;20148288853.0;MUNICIPALIDAD PROVINCIAL CAJABAMBA;Municipalidad;UF0036662;INFRAESTRUCTURA DE VALORIZACIÓN DE RESIDUOS SÓLIDOS ORGÁNICOS MUNICIPALES CAJABAMBA;Infraestructura de Valorización;Municipal;SI;NO;NO;NO;Cajamarca;Cajabamba;Cajabamba;Caserío de Nuñumabamba, Pampa El Jorge.;60201;17.0;820519;9156640.0;No tiene;-;-;-;-;-;;No aplica;OPERACIÓN;Informe N°024-2022-MPC-GGAS/SGRS (2022-E01-123510);-;No aplica;No aplica;SI;NO;NO;NO;2023;Resolución N° 00058-2023-OEFA/DSIS;Resolución N° 00058-2023-OEFA/DSIS
40070;267;ADM12684;20183847521.0;MUNICIPALIDAD DISTRITAL DE PUNCHAO;Municipalidad;UF0036663;INFRAESTRUCTURA DE VALORIZACIÓN DE RESIDUOS SÓLIDOS ORGÁNICOS MUNICIPALES PUNCHAO;Infraestructura de Valorización;Municipal;SI;NO;NO;NO;Huánuco;Huamalíes;Punchao;"A 2,46 km de la plaza de armas de la ciudad. Ref. dentro del terreno del Área Degradada ""Botadero Sector Zanja"".";100508;18.0;301700;8953564.0;No tiene;-;-;-;-;-;;No aplica;OPERACIÓN;Respuesta formulario, 2/12/2022 12:47:06;-;No aplica;No aplica;SI;NO;NO;NO;2023;Resolución N° 00058-2023-OEFA/DSIS;Resolución N° 00058-2023-OEFA/DSIS
40071;268;ADM12480;20172268430.0;MUNICIPALIDAD PROVINCIAL DE HUARAZ;Municipalidad;UF0036664;INFRAESTRUCTURA DE VALORIZACIÓN DE RESIDUOS SÓLIDOS ORGÁNICOS MUNICIPALES CARHUASH JIRCA;Infraestructura de Valorización;Municipal;SI;NO;NO;NO;Áncash;Huaraz;Independencia;"Kiómetro 15 de la carretera Huaraz - Casma. Ref. dentro del terreno del Área Degradada ""Botadero Sector Carhuash Jirca"".";20105;18.0;219237;8943729.0;No tiene;-;-;-;-;-;;No aplica;OPERACIÓN;Oficio N°120-2022-MPH-GSP/SGEGA/ERRA (2022-E01-124508);-;No aplica;No aplica;SI;NO;NO;NO;2023;Resolución N° 00058-2023-OEFA/DSIS;Resolución N° 00058-2023-OEFA/DSIS
40072;269;ADM12318;20165762470.0;MUNICIPALIDAD PROVINCIAL CHURCAMPA;Municipalidad;UF0036665;INFRAESTRUCTURA DE VALORIZACIÓN DE RESIDUOS SÓLIDOS ORGÁNICOS MUNICIPALES CHILCAPUCRO;Infraestructura de Valorización;Municipal;SI;NO;NO;NO;Huancavelica;Churcampa;Churcampa;"Carretera Churcampa - San Mateo, km 3.480. Ref. adyacente al terreno del Área Degradada ""Botadero Chilcapucro"".";90501;18.0;564935;8590529.0;No tiene;-;-;-;-;-;;No aplica;OPERACIÓN;Oficio N°638-2022-MPCH/A (2022-E01-124826);-;No aplica;No aplica;SI;NO;NO;NO;2023;Resolución N° 00058-2023-OEFA/DSIS;Resolución N° 00058-2023-OEFA/DSIS
40073;270;ADM13392;20208823443.0;MUNICIPALIDAD DISTRITAL DE SAN LORENZO;Municipalidad;UF0036666;INFRAESTRUCTURA DE VALORIZACIÓN DE RESIDUOS SÓLIDOS ORGÁNICOS MUNICIPALES SAN LORENZO;Infraestructura de Valorización;Municipal;SI;NO;NO;NO;Junín;Jauja;San Lorenzo;"Al Este de San Lorenzo, en el terreno ""Río Seco"", a 1.61 km de la plaza de armas del distrito.";120428;18.0;459970;8690536.0;No tiene;-;-;-;-;-;;No aplica;OPERACIÓN;Oficio N°331-2022-MDSL/A (2022-E01-124312);-;No aplica;No aplica;SI;NO;NO;NO;2023;Resolución N° 00058-2023-OEFA/DSIS;Resolución N° 00058-2023-OEFA/DSIS
40074;271;ADM12744;20187172129.0;MUNICIPALIDAD PROVINCIAL DE QUISPICANCHI-URCOS;Municipalidad;UF0036667;INFRAESTRUCTURA DE VALORIZACIÓN DE RESIDUOS SÓLIDOS ORGÁNICOS MUNICIPALES OXABAMBA;Infraestructura de Valorización;Municipal;SI;NO;NO;NO;Cusco;Quispicanchi;Urcos;"Sector de Oxabamba de la Comunidad de Mollebamba. Ref. adyacente al terreno del Área Degradada ""Botadero de Oxabamba"".";81201;19.0;217363;8483352.0;No tiene;-;-;-;-;-;;No aplica;OPERACIÓN;Oficio N°1071-2022-A/MPQ/U (2022-E01-124710);-;No aplica;No aplica;SI;NO;NO;NO;2023;Resolución N° 00058-2023-OEFA/DSIS;Resolución N° 00058-2023-OEFA/DSIS
40075;272;ADM13681;20228453146.0;MUNICIPALIDAD PROVINCIAL DEL MARAÑON;Municipalidad;UF0036668;INFRAESTRUCTURA DE VALORIZACIÓN DE RESIDUOS SÓLIDOS ORGÁNICOS MUNICIPALES PUMACHUPAY;Infraestructura de Valorización;Municipal;SI;NO;NO;NO;Huánuco;Marañón;Huacrachuco;"Kilometro 02+200 de la carretera Huacrachuco - Marcopata, Quillabamba. Ref. dentro del terreno del Área Degradada ""Botadero Pumachupay"".";100701;18.0;263323;9049775.0;No tiene;-;-;-;-;-;;No aplica;OPERACIÓN;Oficio N°17-2022MPM/GSMyGA (2022-E01-125272);-;No aplica;No aplica;SI;NO;NO;NO;2023;Resolución N° 00058-2023-OEFA/DSIS;Resolución N° 00058-2023-OEFA/DSIS
40076;273;ADM12920;20193046551.0;MUNICIPALIDAD PROVINCIAL DE HUARI;Municipalidad;UF0036669;INFRAESTRUCTURA DE VALORIZACIÓN DE RESIDUOS SÓLIDOS ORGÁNICOS MUNICIPALES HUANCHAC;Infraestructura de Valorización;Municipal;SI;NO;NO;NO;Áncash;Huari;Huari;"Al costado del Área Degradada ""Botadero Centro Ecológico Huanchac"".";21001;18.0;262210;8964017.0;No tiene;-;-;-;-;-;;No aplica;OPERACIÓN;Oficio N°019-2022-MPHi-GDTEA/SGGA/MATD (2022-E01-124394);-;No aplica;No aplica;SI;NO;NO;NO;2023;Resolución N° 00058-2023-OEFA/DSIS;Resolución N° 00058-2023-OEFA/DSIS
40077;274;ADM11939;20143625681.0;MUNICIPALIDAD DISTRITAL DE LOS BAÑOS DEL INCA;Municipalidad;UF0036670;INFRAESTRUCTURA DE VALORIZACIÓN DE RESIDUOS SÓLIDOS ORGÁNICOS MUNICIPALES LOS BAÑOS DEL INCA;Infraestructura de Valorización;Municipal;SI;NO;NO;NO;Cajamarca;Cajamarca;Los Baños del Inca;"Centro Poblado de Puylucana. Ref. dentro del terreno del Área Degradada ""Botadero Puylucana"".";60108;17.0;782396;9208793.0;No tiene;-;-;-;-;-;;No aplica;OPERACIÓN;"Oficio N°0610-2022-MDBI/SGMADU/CJVT 
 (2022-E01-126766)";-;No aplica;No aplica;SI;NO;NO;NO;2023;Resolución N° 00058-2023-OEFA/DSIS;Resolución N° 00058-2023-OEFA/DSIS
40078;275;ADM12651;20180414992.0;MUNICIPALIDAD DISTRITAL DE ACO;Municipalidad;UF0036671;INFRAESTRUCTURA DE VALORIZACIÓN DE RESIDUOS SÓLIDOS ORGÁNICOS MUNICIPALES ACO;Infraestructura de Valorización;Municipal;SI;NO;NO;NO;Junín;Concepción;Aco;"Paraje Yuchcayan. Ref. adyacente al terreno del Área Degradada ""Botadero Machairon"".";120202;18.0;457603;8680405.0;No tiene;-;-;-;-;-;;No aplica;OPERACIÓN;"Oficio N°215-2022-A/MDA 
 (2022-E01-126676)";-;No aplica;No aplica;SI;NO;NO;NO;2023;Resolución N° 00058-2023-OEFA/DSIS;Resolución N° 00058-2023-OEFA/DSIS
40079;276;ADM12711;20185379079.0;MUNICIPALIDAD PROVINCIAL DE RECUAY;Municipalidad;UF0036672;INFRAESTRUCTURA DE VALORIZACIÓN DE RESIDUOS SÓLIDOS ORGÁNICOS MUNICIPALES CHUYAN;Infraestructura de Valorización;Municipal;SI;NO;NO;NO;Áncash;Recuay;Ticapampa;"A 02 kilómetros de la carretera central Huaraz - Lima. Ref. dentro del terreno del Área Degradada ""Botadero Centro Ecológico Chuyan"".";21710;18.0;230944;8922142.0;No tiene;-;-;-;-;-;;No aplica;OPERACIÓN;"Informe N°119-2022/MPR/DTDEA
 (2022-E01-128970)";-;No aplica;No aplica;SI;NO;NO;NO;2023;Resolución N° 00058-2023-OEFA/DSIS;Resolución N° 00058-2023-OEFA/DSIS
40080;277;ADM12681;20183093941.0;MUNICIPALIDAD PROVINCIAL JAUJA;Municipalidad;UF0036673;INFRAESTRUCTURA DE VALORIZACIÓN DE RESIDUOS SÓLIDOS ORGÁNICOS MUNICIPALES MACON;Infraestructura de Valorización;Municipal;SI;NO;NO;NO;Junín;Jauja;Sausa;"Paraje Macón, carretera de entrada al anexo de Huancas-Yauyos, km 1.5. Ref. dentro del terreno del Área Degradada ""Botadero Macón"".";120430;18.0;446164;8696427.0;No tiene;-;-;-;-;-;;No aplica;OPERACIÓN;"Oficio N°093-2022MPJ/GDAF
 (2022-E01-128379)";-;No aplica;No aplica;SI;NO;NO;NO;2023;Resolución N° 00058-2023-OEFA/DSIS;Resolución N° 00058-2023-OEFA/DSIS
40081;278;ADM13217;20202951393.0;MUNICIPALIDAD PROVINCIAL DE JULCAN;Municipalidad;UF0036674;INFRAESTRUCTURA DE VALORIZACIÓN DE RESIDUOS SÓLIDOS ORGÁNICOS MUNICIPALES JULCAN;Infraestructura de Valorización;Municipal;SI;NO;NO;NO;La Libertad;Julcán;Julcán;"Ubicada entre los caseríos de Chuan y San Pedro. Ref. dentro del terreno del Área Degradada ""Botadero Caserios de San Pedro y Chuan"".";130501;17.0;778420;9105512.0;No tiene;-;-;-;-;-;;No aplica;OPERACIÓN;"Oficio N°0479-2022-MPJ
 (2022-E01-128272)";-;No aplica;No aplica;SI;NO;NO;NO;2023;Resolución N° 00058-2023-OEFA/DSIS;Resolución N° 00058-2023-OEFA/DSIS
40082;279;ADM13548;20220499767.0;MUNICIPALIDAD PROVINCIAL DE CHOTA;Municipalidad;UF0036675;INFRAESTRUCTURA DE VALORIZACIÓN DE RESIDUOS SÓLIDOS ORGÁNICOS MUNICIPALES CHOTA;Infraestructura de Valorización;Municipal;SI;NO;NO;NO;Cajamarca;Chota;Chota;"Comunidad de Pingobamba Alta. Ref. dentro del terreno del Área Degradada ""Botadero Pingobamba Alta"".";60401;17.0;758552;9278340.0;No tiene;-;-;-;-;-;;No aplica;OPERACIÓN;"Oficio N°022-2022-MPCH-GDA-SGIRS
 (2022-E01-131110)";-;No aplica;No aplica;SI;NO;NO;NO;2023;Resolución N° 00058-2023-OEFA/DSIS;Resolución N° 00058-2023-OEFA/DSIS
40083;280;ADM12755;20187459258.0;MUNICIPALIDAD PROVINCIAL LA CONVENCION;Municipalidad;UF0036676;INFRAESTRUCTURA DE VALORIZACIÓN DE RESIDUOS SÓLIDOS ORGÁNICOS MUNICIPALES TIOBAMBA PLAYA;Infraestructura de Valorización;Municipal;SI;NO;NO;NO;Cusco;La convención;Santa Ana;"Sector de Tiobamba Playa. Ref. dentro del terreno del Área Degradada ""Botadero Tiobamba"".";80901;18.0;750891;8581033.0;No tiene;-;-;-;-;-;;No aplica;OPERACIÓN;"Carta N°002-2022-DGRASV/JHV-MPLC
 (2022-E01-129981)";-;No aplica;No aplica;SI;NO;NO;NO;2023;Resolución N° 00058-2023-OEFA/DSIS;Resolución N° 00058-2023-OEFA/DSIS
40084;281;ADM13272;20205308556.0;MUNICIPALIDAD DISTRITAL DE MATAHUASI;Municipalidad;UF0036677;INFRAESTRUCTURA DE VALORIZACIÓN DE RESIDUOS SÓLIDOS ORGÁNICOS MUNICIPALES MATAHUASI;Infraestructura de Valorización;Municipal;SI;NO;NO;NO;Junín;Concepción;Matahuasi;"Calle Huamanhuaca S/N. Ref. dentro del terreno del Área Degradada ""Botadero Huamanhuaca"".";120210;18.0;460236;8687813.0;No tiene;-;-;-;-;-;;No aplica;OPERACIÓN;"Oficio N°0223-2022-A/MDM
 (2022-E01-131577)";-;No aplica;No aplica;SI;NO;NO;NO;2023;Resolución N° 00058-2023-OEFA/DSIS;Resolución N° 00058-2023-OEFA/DSIS
40085;282;ADM11988;20146673776.0;MUNICIPALIDAD DISTRITAL DE PANGOA;Municipalidad;UF0036678;"INFRAESTRUCTURA DE VALORIZACIÓN DE RESIDUOS SÓLIDOS ORGÁNICOS MUNICIPALES PANGOA ""CEPAP""";Infraestructura de Valorización;Municipal;SI;NO;NO;NO;Junín;Satipo;Pangoa;"Centro Poblado Alto Celendín. Ref. dentro del terreno del Área Degradada ""Botadero Centro Ecoturístico de Protección Ambiental"".";120604;18.0;558345;8738555.0;No tiene;-;-;-;-;-;;No aplica;OPERACIÓN;"Oficio N°110-2022-GA/MDP
 (2022-E01-131815)";-;No aplica;No aplica;SI;NO;NO;NO;2023;Resolución N° 00058-2023-OEFA/DSIS;Resolución N° 00058-2023-OEFA/DSIS
40086;283;ADM13241;20204039268.0;MUNICIPALIDAD DISTRITAL DE HUALHUAS;Municipalidad;UF0036679;INFRAESTRUCTURA DE VALORIZACIÓN DE RESIDUOS SÓLIDOS ORGÁNICOS MUNICIPALES HUALHUAS;Infraestructura de Valorización;Municipal;SI;NO;NO;NO;Junín;Huancayo;Hualhuas;"Sector de Chauca. Ref. dentro del terreno del Área Degradada ""Botadero Paraje Chaucal"".";120117;18.0;473205;8677035.0;No tiene;-;-;-;-;-;;No aplica;OPERACIÓN;"Oficio N°025-2023-A/MDH
 (2023-E01-044935)";-;No aplica;No aplica;SI;NO;NO;NO;2023;Resolución N° 00058-2023-OEFA/DSIS;Resolución N° 00058-2023-OEFA/DSIS
40087;284;ADM12245;20162290089.0;MUNICIPALIDAD DISTRITAL DE IMPERIAL;Municipalidad;UF0036680;INFRAESTRUCTURA DE VALORIZACIÓN DE RESIDUOS SÓLIDOS ORGÁNICOS MUNICIPALES IMPERIAL;Infraestructura de Valorización;Municipal;SI;NO;NO;NO;Lima;Cañete;Imperial;"Carretera Imperial - Quilmana, Centro Poblado de Cerro Candela. Ref. dentro del terreno del Área Degradada ""Botadero Cerro Candela"".";150507;18.0;350901;8557639.0;No tiene;-;-;-;-;-;;No aplica;OPERACIÓN;"Oficio N°005-2023-GSPYGA-MDI
 (2023-E01-032721)";-;No aplica;No aplica;SI;NO;NO;NO;2023;Resolución N° 00058-2023-OEFA/DSIS;Resolución N° 00058-2023-OEFA/DSIS
40088;285;ADM13132;20200622074.0;MUNICIPALIDAD DISTRITAL DE LLAPO;Municipalidad;UF0036681;INFRAESTRUCTURA DE VALORIZACIÓN DE RESIDUOS SÓLIDOS ORGÁNICOS MUNICIPALES CANGALLI;Infraestructura de Valorización;Municipal;SI;NO;NO;NO;Áncash;Pallasca;Llapo;A 5 km.del pueblo de Llapo.;21507;17.0;826412;9055371.0;No tiene;-;-;-;-;-;;No aplica;OPERACIÓN;Respuesta formulario, 19/01/2023 13:07:36;-;No aplica;No aplica;SI;NO;NO;NO;2023;Resolución N° 00058-2023-OEFA/DSIS;Resolución N° 00058-2023-OEFA/DSIS
40089;286;ADM13934;20287411899.0;MUNICIPALIDAD DISTRITAL LAMPA;Municipalidad;UF0036682;INFRAESTRUCTURA DE VALORIZACIÓN DE RESIDUOS SÓLIDOS ORGÁNICOS MUNICIPALES LAMPA;Infraestructura de Valorización;Municipal;SI;NO;NO;NO;Ayacucho;Páucar del Sara Sara;Lampa;"A 500 metros del margen izquierdo del estadio del distrito de Lampa. Ref. dentro del terreno del Área Degradada ""Botadero Pelotanapampa"".";50804;18.0;678238;8320530.0;No tiene;-;-;-;-;-;;No aplica;OPERACIÓN;Oficio N°010-2023-MDL/ALC (2023-E01-226786);-;No aplica;No aplica;SI;NO;NO;NO;2023;Resolución N° 00058-2023-OEFA/DSIS;Resolución N° 00058-2023-OEFA/DSIS
40090;287;ADM12403;20168772638.0;MUNICIPALIDAD PROVINCIAL DE BONGARA;Municipalidad;UF0036683;INFRAESTRUCTURA DE VALORIZACIÓN DE RESIDUOS SÓLIDOS ORGÁNICOS MUNICIPALES SECTOR TAYALOMA;Infraestructura de Valorización;Municipal;SI;NO;NO;NO;Amazonas;Bongará;Jumbilla;"Sector Jumpampan - Sector Tayaloma. Ref. adyacente al terreno del Área Degradada ""Botadero Sector Tayaloma"".";10301;18.0;189553;9347506.0;No tiene;-;-;-;-;-;;No aplica;OPERACIÓN;Registro, 2023-E01-230449;-;No aplica;No aplica;SI;NO;NO;NO;2023;Resolución N° 00058-2023-OEFA/DSIS;Resolución N° 00058-2023-OEFA/DSIS
40091;288;ADM11923;20143099262.0;MUNICIPALIDAD PROVINCIAL DE HUANTA;Municipalidad;UF0036684;INFRAESTRUCTURA DE VALORIZACIÓN DE RESIDUOS SÓLIDOS ORGÁNICOS MUNICIPALES HUANTINO IZCUTACO;Infraestructura de Valorización;Municipal;SI;NO;NO;NO;Ayacucho;Huanta;Luricocha;"Comunidad Izcutacocc a 13 km de la ciudad de Huanta. Ref. cercano al terreno del Área Degradada ""Botadero Izcutacucca"".";50405;18.0;575091;8574137.0;No tiene;-;-;-;-;-;;No aplica;OPERACIÓN;Respuesta formulario, 27/02/2023 9:46:49;-;No aplica;No aplica;SI;NO;NO;NO;2023;Resolución N° 00058-2023-OEFA/DSIS;Resolución N° 00058-2023-OEFA/DSIS
40092;289;ADM13664;20227257777.0;MUNICIPALIDAD DISTRITAL DE TUTI;Municipalidad;UF0036685;INFRAESTRUCTURA DE VALORIZACIÓN DE RESIDUOS SÓLIDOS ORGÁNICOS MUNICIPALES TUTI;Infraestructura de Valorización;Municipal;SI;NO;NO;NO;Arequipa;Caylloma;Tuti;"Vía Tuti - Chivay, sector Hipo. Ref. dentro del terreno del Área Degradada ""Botadero Hipo"".";40518;19.0;230469;8282237.0;No tiene;-;-;-;-;-;;No aplica;OPERACIÓN;Respuesta formulario, 27/02/2023 11:28:47;-;No aplica;No aplica;SI;NO;NO;NO;2023;Resolución N° 00058-2023-OEFA/DSIS;Resolución N° 00058-2023-OEFA/DSIS
40093;290;ADM12612;20177865045.0;MUNICIPALIDAD DISTRITAL DE SANTA ROSA;Municipalidad;UF0036686;INFRAESTRUCTURA DE VALORIZACIÓN DE RESIDUOS SÓLIDOS ORGÁNICOS MUNICIPALES SANTA ROSA - AYACUCHO;Infraestructura de Valorización;Municipal;SI;NO;NO;NO;Ayacucho;La Mar;Santa Rosa;"Centro poblado Simariva. Ref. dentro del terreno del Área Degradada ""Botadero Controlado en el Sector Simariva"".";50507;18.0;636542;8594835.0;No tiene;-;-;-;-;-;;No aplica;OPERACIÓN;"Oficio N°139-2023-MDSR-VRAEM/ALC 
 (2023-E01-273894)";-;No aplica;No aplica;SI;NO;NO;NO;2023;Resolución N° 00058-2023-OEFA/DSIS;Resolución N° 00058-2023-OEFA/DSIS
40094;291;ADM12757;20187630101.0;MUNICIPALIDAD PROVINCIAL SANTIAGO DE CHUCO;Municipalidad;UF0036687;INFRAESTRUCTURA DE VALORIZACIÓN DE RESIDUOS SÓLIDOS ORGÁNICOS MUNICIPALES ÑUÑUMA;Infraestructura de Valorización;Municipal;SI;NO;NO;NO;La Libertad;Santiago de Chuco;Santiago de Chuco;"Sector Ñuñuma, a 15 minutos de la ciudad de Santiago de Chuco, por la Carretera que sale del Terminal Terrestre de las Ciudad. Ref. cercano al terreno del Área Degradada ""Botadero Ñuñuma"".";131001;17.0;812900;9098659.0;No tiene;-;-;-;-;-;;No aplica;OPERACIÓN;"Oficio N°059-2023-MPSCH-A 
 (2023-E01-361604)";-;No aplica;No aplica;SI;NO;NO;NO;2023;Resolución N° 00058-2023-OEFA/DSIS;Resolución N° 00058-2023-OEFA/DSIS
40095;292;ADM12858;20191121954.0;MUNICIPALIDAD PROVINCIAL ACOBAMBA;Municipalidad;UF0036688;INFRAESTRUCTURA DE VALORIZACIÓN DE RESIDUOS SÓLIDOS ORGÁNICOS MUNICIPALES MOLLEBAMBA;Infraestructura de Valorización;Municipal;SI;NO;NO;NO;Huancavelica;Acobamba;Acobamba;"A 4 kilómetros de la ciudad de Acobamba. Ref. dentro del terreno del Área Degradada ""Botadero Mollebamba"".";90201;18.0;547117;8577978.0;No tiene;-;-;-;-;-;;No aplica;OPERACIÓN;"Oficio N°168-2023-MPA/FCR-ALC
 (2023-E01-290418)";-;No aplica;No aplica;SI;NO;NO;NO;2023;Resolución N° 00058-2023-OEFA/DSIS;Resolución N° 00058-2023-OEFA/DSIS
40096;293;ADM12774;20188469346.0;MUNICIPALIDAD DISTRITAL LA UNION LETICIA;Municipalidad;UF0036689;INFRAESTRUCTURA DE VALORIZACIÓN DE RESIDUOS SÓLIDOS ORGÁNICOS MUNICIPALES LA UNION LETICIA;Infraestructura de Valorización;Municipal;SI;NO;NO;NO;Junín;Tarma;La Unión;"Sector Lutia II. Ref. cercano del terreno del Área Degradada ""Botadero Sector Lutia 2"".";120705;18.0;417400;8743243.0;No tiene;-;-;-;-;-;;No aplica;OPERACIÓN;Respuesta formulario, 28/02/2023 15:46:53;-;No aplica;No aplica;SI;NO;NO;NO;2023;Resolución N° 00058-2023-OEFA/DSIS;Resolución N° 00058-2023-OEFA/DSIS
40097;294;ADM12102;20154441779.0;MUNICIPALIDAD PROVINCIAL ANGARAES LIRCAY;Municipalidad;UF0036690;INFRAESTRUCTURA DE VALORIZACIÓN DE RESIDUOS SÓLIDOS ORGÁNICOS MUNICIPALES ALLOCCOPA SAYANA;Infraestructura de Valorización;Municipal;SI;NO;NO;NO;Huancavelica;Angaraes;Lircay;"Anexo de Huayllay Chico - Lircay. Ref. dentro del terreno del Área Degradada ""Botadero Allccosayanan"".";90301;18.0;531952;8566423.0;No tiene;-;-;-;-;-;;No aplica;OPERACIÓN;"Oficio N°197-2023-MPAL-ALC 
 (2023-E01-313817)";-;No aplica;No aplica;SI;NO;NO;NO;2023;Resolución N° 00058-2023-OEFA/DSIS;Resolución N° 00058-2023-OEFA/DSIS
40098;295;ADM13253;20204462772.0;MUNICIPALIDAD DISTRITAL SAN PEDRO CHUNAN;Municipalidad;UF0036691;INFRAESTRUCTURA DE VALORIZACIÓN DE RESIDUOS SÓLIDOS ORGÁNICOS MUNICIPALES SAN PEDRO CHUNAN;Infraestructura de Valorización;Municipal;SI;NO;NO;NO;Junín;Jauja;Paca;Paraje Cementerio, Zona Alta.;120422;18.0;445761;8704574.0;No tiene;-;-;-;-;-;;No aplica;OPERACIÓN;"Oficio N°052-2023-MDSPCH/A
 (2023-E01-392012)";-;No aplica;No aplica;SI;NO;NO;NO;2023;Resolución N° 00058-2023-OEFA/DSIS;Resolución N° 00058-2023-OEFA/DSIS
40099;296;ADM13130;20200557159.0;MUNICIPALIDAD PROVINCIAL DE PAUCARTAMBO;Municipalidad;UF0036692;INFRAESTRUCTURA DE VALORIZACIÓN DE RESIDUOS SÓLIDOS ORGÁNICOS MUNICIPALES PUCARAPATA;Infraestructura de Valorización;Municipal;SI;NO;NO;NO;Cusco;Paucartambo;Paucartambo;"Asociación de productores de Manzanares - Sector Pucarapata. Ref. dentro del terreno del Área Degradada ""Botadero Manzanares"".";81101;19.0;219215;8531908.0;No tiene;-;-;-;-;-;;No aplica;OPERACIÓN;Respuesta formulario, 15/03/2023 15:41:43;-;No aplica;No aplica;SI;NO;NO;NO;2023;Resolución N° 00058-2023-OEFA/DSIS;Resolución N° 00058-2023-OEFA/DSIS
40100;297;ADM12944;20193984712.0;MUNICIPIO DISTRITAL SAN PEDRO DE PILLAO;Municipalidad;UF0036693;INFRAESTRUCTURA DE VALORIZACIÓN DE RESIDUOS SÓLIDOS ORGÁNICOS MUNICIPALES SAN PEDRO DE PILLAO;Infraestructura de Valorización;Municipal;SI;NO;NO;NO;Pasco;Daniel Alcides Carrión;San Pedro de Pillao;Sector Shulcay.;190205;18.0;337270;8845788.0;No tiene;-;-;-;-;-;;No aplica;OPERACIÓN;Respuesta formulario, 17/03/2023 15:30:20;-;No aplica;No aplica;SI;NO;NO;NO;2023;Resolución N° 00058-2023-OEFA/DSIS;Resolución N° 00058-2023-OEFA/DSIS
40101;298;ADM13651;20225807010.0;MUNICIPALIDAD DISTRITAL DE TUNAN MARCA;Municipalidad;UF0036694;INFRAESTRUCTURA DE VALORIZACIÓN DE RESIDUOS SÓLIDOS ORGÁNICOS MUNICIPALES CHURIAPAMPA;Infraestructura de Valorización;Municipal;SI;NO;NO;NO;Junín;Jauja;Tunan Marca;"Paraje Churriapampa. Ref. dentro del terreno del Área Degradada ""Botadero Trocha Carrozable Hacia Pomacancha"".";120432;18.0;437470;8702315.0;No tiene;-;-;-;-;-;;No aplica;OPERACIÓN;"Oficio N°047-2023-A/MDTM
 (2023-E01-391585)";-;No aplica;No aplica;SI;NO;NO;NO;2023;Resolución N° 00058-2023-OEFA/DSIS;Resolución N° 00058-2023-OEFA/DSIS
40102;299;ADM12032;20147142197.0;MUNICIPALIDAD PROVINCIAL DE UCAYALI;Municipalidad;UF0036695;INFRAESTRUCTURA DE VALORIZACIÓN DE RESIDUOS SÓLIDOS ORGÁNICOS MUNICIPALES UCAYALI;Infraestructura de Valorización;Municipal;SI;NO;NO;NO;Loreto;Ucayali;Contamana;"Carretera Contamana - Aguas Calientes, kilometro 14.8. Ref. cercano del terreno del Área Degradada ""Lugar Alterno Temporal De La Disposición Final De Residuos Sólido Municipales"".";160601;18.0;503672;9199849.0;No tiene;-;-;-;-;-;;No aplica;OPERACIÓN;"Oficio N°003-2023-MPU-GM-GSSyA
 (2023-E01-440271)";-;No aplica;No aplica;SI;NO;NO;NO;2023;Resolución N° 00058-2023-OEFA/DSIS;Resolución N° 00058-2023-OEFA/DSIS
40103;300;ADM12664;20181438364.0;MUNICIPALIDAD PROVINCIAL DE EL COLLAO;Municipalidad;UF0036696;INFRAESTRUCTURA DE VALORIZACIÓN DE RESIDUOS SÓLIDOS ORGÁNICOS MUNICIPALES EL COLLAO;Infraestructura de Valorización;Municipal;SI;NO;NO;NO;Puno;El Collao;Ilave;"Parcialidad de Apacheta. Ref. dentro del terreno del Área Degradada ""Botadero Chiarjake Apacheta"".";210501;19.0;431415;8224901.0;No tiene;-;-;-;-;-;;No aplica;OPERACIÓN;"Oficio N°039-2023-MPCI/GM
 (2023-E01-447981)";-;No aplica;No aplica;SI;NO;NO;NO;2023;Resolución N° 00058-2023-OEFA/DSIS;Resolución N° 00058-2023-OEFA/DSIS
40104;301;ADM13173;20201912955.0;MUNICIPALIDAD DISTRITAL DE ATAURA JAUJA;Municipalidad;UF0036697;INFRAESTRUCTURA DE VALORIZACIÓN DE RESIDUOS SÓLIDOS ORGÁNICOS MUNICIPALES ATAURA;Infraestructura de Valorización;Municipal;SI;NO;NO;NO;Junín;Jauja;Ataura;"Pueblo Libre anexo de Viscap , a lado del canal Cimir. Ref. dentro del terreno del Área Degradada ""Botadero Sector Lucle"".";120404;18.0;449430;8696216.0;No tiene;-;-;-;-;-;;No aplica;OPERACIÓN;"Oficio N°071-2023-A/MDA
 (2023-E01-448021)";-;No aplica;No aplica;SI;NO;NO;NO;2023;Resolución N° 00058-2023-OEFA/DSIS;Resolución N° 00058-2023-OEFA/DSIS
40105;302;ADM12081;20148289825.0;MUNICIPALIDAD PROVINCIAL DE CELENDIN;Municipalidad;UF0036698;INFRAESTRUCTURA DE VALORIZACIÓN DE RESIDUOS SÓLIDOS ORGÁNICOS MUNICIPALES CELENDIN;Infraestructura de Valorización;Municipal;SI;NO;NO;NO;Cajamarca;Celendín;Celendín;"El Guayao. Ref. dentro del terreno del Área Degradada ""Botadero S/N"".";60301;17.0;814648;9242041.0;No tiene;-;-;-;-;-;;No aplica;OPERACIÓN;"Oficio N°188-2023-MPC/A
 (2023-E01-456217)";-;No aplica;No aplica;SI;NO;NO;NO;2023;Resolución N° 00058-2023-OEFA/DSIS;Resolución N° 00058-2023-OEFA/DSIS
40106;303;ADM13131;20200617585.0;MUNICIPALIDAD DISTRITAL DE CANARIA;Municipalidad;UF0036700;INFRAESTRUCTURA DE VALORIZACIÓN DE RESIDUOS SÓLIDOS ORGÁNICOS MUNICIPALES HUANCACCASA;Infraestructura de Valorización;Municipal;SI;NO;NO;NO;Ayacucho;Víctor Fajardo;Canaria;"Huancaccasa, Centro Poblado de Tacca. Ref. dentro del terreno del Área Degradada ""Botadero Taca"".";51005;18.0;617831;8456446.0;No tiene;-;-;-;-;-;;No aplica;OPERACIÓN;Respuesta formulario, 2/03/2023 12:59:34;-;No aplica;No aplica;SI;NO;NO;NO;2023;Resolución N° 00058-2023-OEFA/DSIS;Resolución N° 00058-2023-OEFA/DSIS
40107;304;ADM12006;20146911979.0;MUNICIPALIDAD PROVINCIAL CASTROVIRREYNA;Municipalidad;UF0036701;INFRAESTRUCTURA DE VALORIZACIÓN DE RESIDUOS SÓLIDOS ORGÁNICOS MUNICIPALES CHALLHUANCA;Infraestructura de Valorización;Municipal;SI;NO;NO;NO;Huancavelica;Castrovirreyna;Castrovirreyna;"Challhuanca, a 3 kilómetros de la provincia de Castrovirreyna. Ref. dentro del terreno del Área Degradada ""Botadero Sector Chalhuanca"".";90401;18.0;464717;8533843.0;No tiene;-;-;-;-;-;;No aplica;OPERACIÓN;"Oficio N°230-2023-A/MPC
 (2023-E01-468501)";-;No aplica;No aplica;SI;NO;NO;NO;2023;Resolución N° 00058-2023-OEFA/DSIS;Resolución N° 00058-2023-OEFA/DSIS
40108;305;ADM13923;20287296348.0;MUNICIPALIDAD DISTRITAL DE PULLO;Municipalidad;UF0036702;INFRAESTRUCTURA DE VALORIZACIÓN DE RESIDUOS SÓLIDOS ORGÁNICOS MUNICIPALES EL CONVENTO;Infraestructura de Valorización;Municipal;SI;NO;NO;NO;Ayacucho;Parinacochas;Pullo;"Salida a Incahuasi a 1 kilómetro de la ciudad de Pullo (Convento). Ref. cercano del terreno del Área Degradada ""Botadero Sector Convento"".";50705;18.0;627106;8317260.0;No tiene;-;-;-;-;-;;No aplica;OPERACIÓN;Respuesta formulario, 19/05/2023 12:18:03;-;No aplica;No aplica;SI;NO;NO;NO;2023;Resolución N° 00058-2023-OEFA/DSIS;Resolución N° 00058-2023-OEFA/DSIS
40109;306;ADM13231;20203837632.0;MUNICIPALIDAD DISTRITAL DE OROPESA;Municipalidad;UF0036703;INFRAESTRUCTURA DE VALORIZACIÓN DE RESIDUOS SÓLIDOS ORGÁNICOS MUNICIPALES OROPESA;Infraestructura de Valorización;Municipal;SI;NO;NO;NO;Apurímac;Antabamba;Oropesa;"Sachaccata - Tototra. Ref. dentro del terreno del Área Degradada ""Botadero Sachaqata"".";30305;18.0;763862;8421003.0;No tiene;-;-;-;-;-;;No aplica;OPERACIÓN;"Oficio N°161-2023-MDO-ANT-APU
 (2023-E01-477359)";-;No aplica;No aplica;SI;NO;NO;NO;2023;Resolución N° 00058-2023-OEFA/DSIS;Resolución N° 00058-2023-OEFA/DSIS
40110;307;ADM13935;20287495111.0;MUNICIPALIDAD DISTRITAL DE AUCARA;Municipalidad;UF0036704;INFRAESTRUCTURA DE VALORIZACIÓN DE RESIDUOS SÓLIDOS ORGÁNICOS MUNICIPALES CAPILLOPATA;Infraestructura de Valorización;Municipal;SI;NO;NO;NO;Ayacucho;Lucanas;Aucará;"Camino al Centro Poblado de Chacralla. Ref. dentro del terreno del Área Degradada ""Botadero Tipinayocc"".";50602;18.0;610482;8423039.0;No tiene;-;-;-;-;-;;No aplica;OPERACIÓN;Respuesta formulario, 20/06/2023 16:17:06;-;No aplica;No aplica;SI;NO;NO;NO;2023;Resolución N° 00058-2023-OEFA/DSIS;Resolución N° 00058-2023-OEFA/DSIS
40111;308;ADM11978;20146501487.0;CONCEJO DISTRITAL DE MOROCOCHA;Municipalidad;UF0036705;INFRAESTRUCTURA DE VALORIZACIÓN DE RESIDUOS SÓLIDOS ORGÁNICOS MUNICIPALES MOROCOCHA - JUNIN;Infraestructura de Valorización;Municipal;SI;NO;NO;NO;Junín;Yauli;Morococha;"Paraje Santa Rosa, Zona Alpamina. Ref. dentro del terreno del Área Degradada ""Botadero Alpamina"".";120805;18.0;378698;8717290.0;No tiene;-;-;-;-;-;;No aplica;OPERACIÓN;Respuesta formulario, 20/06/2023 17:53:18;-;No aplica;No aplica;SI;NO;NO;NO;2023;Resolución N° 00058-2023-OEFA/DSIS;Resolución N° 00058-2023-OEFA/DSIS
40112;309;ADM12675;20182308952.0;MUNICIPALIDAD PROVINCIAL DE LAURICOCHA;Municipalidad;UF0036706;INFRAESTRUCTURA DE VALORIZACIÓN DE RESIDUOS SÓLIDOS ORGÁNICOS MUNICIPALES LAURICOCHA-JESÚS;Infraestructura de Valorización;Municipal;SI;NO;NO;NO;Huánuco;Lauricocha;Jesús;"En el predio del botadero de Purunpampa - Calascancha. Ref. dentro del terreno del Área Degradada ""Botadero Purupampa"".";101001;18.0;320400;8883823.0;No tiene;-;-;-;-;-;;No aplica;OPERACIÓN;Respuesta formulario, 19/6/2023 17:22:34;-;No aplica;No aplica;SI;NO;NO;NO;2023;Resolución N° 00058-2023-OEFA/DSIS;Resolución N° 00058-2023-OEFA/DSIS
40113;310;ADM13240;20204027251.0;MUNICIPALIDAD DISTRITAL DE PARCO;Municipalidad;UF0036707;INFRAESTRUCTURA DE VALORIZACIÓN DE RESIDUOS SÓLIDOS ORGÁNICOS MUNICIPALES PARCO;Infraestructura de Valorización;Municipal;SI;NO;NO;NO;Junín;Jauja;Parco;Paraje Mesa Pata.;120425;18.0;442834;8695240.0;No tiene;-;-;-;-;-;;No aplica;OPERACIÓN;Respuesta formulario, 21/06/2023 10:23:03;-;No aplica;No aplica;SI;NO;NO;NO;2023;Resolución N° 00058-2023-OEFA/DSIS;Resolución N° 00058-2023-OEFA/DSIS
40114;311;ADM12470;20171798885.0;MUNICIPALIDAD DISTRITAL DE LUCRE;Municipalidad;UF0036708;INFRAESTRUCTURA DE VALORIZACIÓN DE RESIDUOS SÓLIDOS ORGÁNICOS MUNICIPALES SINWARÁN;Infraestructura de Valorización;Municipal;SI;NO;NO;NO;Cusco;Quispicanchi;Lucre;"Comunidad Sinwaran. Ref.cercano del terreno del Área Degradada ""Botadero Sinwaran"".";81208;19.0;203871;8488649.0;No tiene;-;-;-;-;-;;No aplica;OPERACIÓN;Respuesta formulario, 23/06/2023 9:36:34;-;No aplica;No aplica;SI;NO;NO;NO;2023;Resolución N° 00058-2023-OEFA/DSIS;Resolución N° 00058-2023-OEFA/DSIS
40115;312;ADM12314;20165564759.0;MUNICIPALIDAD DISTRITAL DE SANTA LUCIA;Municipalidad;UF0036812;INFRAESTRUCTURA DE VALORIZACIÓN DE RESIDUOS SÓLIDOS ORGÁNICOS MUNICIPALES LIMÓN VERDE;Infraestructura de Valorización;Municipal;SI;NO;NO;NO;Puno;Lampa;Santa Lucia;Sector Limón Verde.;210709;19.0;328930;8265615.0;No tiene;-;-;-;-;-;;No aplica;OPERACIÓN;Oficio N°063-2023-MDSL/GM (2023-E01-483979);-;No aplica;No aplica;SI;NO;NO;NO;2023;Resolución N° 00073-2023-OEFA/DSIS;Resolución N° 00073-2023-OEFA/DSIS
40116;313;ADM12246;20162298659.0;MUNICIPALIDAD PROVINCIAL DE TAMBOPATA;Municipalidad;UF0036813;INFRAESTRUCTURA DE VALORIZACIÓN DE RESIDUOS SÓLIDOS ORGÁNICOS MUNICIPALES TAMBOPATA;Infraestructura de Valorización;Municipal;SI;NO;NO;NO;Madre de Dios;Tambopata;Tambopata;Sector El Prado Km. 7.;170101;19.0;479009;8615908.0;No tiene;-;-;-;-;-;;No aplica;OPERACIÓN;"OFICIO N°64-2023-MPT-GM-UGRS
 (2023-E01-500493)";-;No aplica;No aplica;SI;NO;NO;NO;2023;Resolución N° 00073-2023-OEFA/DSIS;Resolución N° 00073-2023-OEFA/DSIS
40117;314;ADM11975;20146247084.0;MUNICIPALIDAD PROVINCIAL DE PUNO;Municipalidad;UF0036814;INFRAESTRUCTURA DE VALORIZACIÓN DE RESIDUOS SÓLIDOS ORGÁNICOS MUNICIPALES PUNO;Infraestructura de Valorización;Municipal;SI;NO;NO;NO;Puno;Puno;Puno;Comunidad de Mi Perú km. 6, salida a Moquegua.;210101;19.0;391603;8242346.0;No tiene;-;-;-;-;-;;No aplica;OPERACIÓN;Respuesta formulario, 13/07/2023 14:07:00;-;No aplica;No aplica;SI;NO;NO;NO;2023;Resolución N° 00073-2023-OEFA/DSIS;Resolución N° 00073-2023-OEFA/DSIS
40118;315;ADM14405;20396019826.0;MUNICIPALIDAD DISTRITAL DE CAYALTI;Municipalidad;UF0036815;INFRAESTRUCTURA DE VALORIZACIÓN DE RESIDUOS SÓLIDOS ORGÁNICOS MUNICIPALES CAYALTI;Infraestructura de Valorización;Municipal;SI;NO;NO;NO;Lambayeque;Chiclayo;Cayaltí;A 5 minutos de la ciudad, a camino de trocha.;140116;17.0;658134;9236971.0;No tiene;-;-;-;-;-;;No aplica;OPERACIÓN;Oficio N°016-2023-MDC-DIR,DESYGA (2023-E01-485092);-;No aplica;No aplica;SI;NO;NO;NO;2023;Resolución N° 00073-2023-OEFA/DSIS;Resolución N° 00073-2023-OEFA/DSIS
40119;316;ADM12646;20179834317.0;MUNICIPALIDAD DISTRITAL DE EL ALTO;Municipalidad;UF0036816;INFRAESTRUCTURA DE VALORIZACIÓN DE RESIDUOS SÓLIDOS ORGÁNICOS MUNICIPALES EL ALTO;Infraestructura de Valorización;Municipal;SI;NO;NO;NO;Piura;Talara;El Alto;Zona industrial S/N, frente a la laguna de oxidación.;200702;17.0;477250;9527599.0;No tiene;-;-;-;-;-;;No aplica;OPERACIÓN;Oficio N°002-07-2023-SGG-MDEA (2023-E01-512800);-;No aplica;No aplica;SI;NO;NO;NO;2023;Resolución N° 00073-2023-OEFA/DSIS;Resolución N° 00073-2023-OEFA/DSIS
40120;317;ADM12673;20182163962.0;MUNICIPALIDAD DISTRITAL DE PACANGA;Municipalidad;UF0036817;INFRAESTRUCTURA DE VALORIZACIÓN DE RESIDUOS SÓLIDOS ORGÁNICOS MUNICIPALES PACANGA;Infraestructura de Valorización;Municipal;SI;NO;NO;NO;La Libertad;Chepén;Pacanga;Predio Limo, sector Salitral.;130402;17.0;666785;9207499.0;No tiene;-;-;-;-;-;;No aplica;OPERACIÓN;Oficio N°465-2023-MDP/A (2023-E01-515221);-;No aplica;No aplica;SI;NO;NO;NO;2023;Resolución N° 00073-2023-OEFA/DSIS;Resolución N° 00073-2023-OEFA/DSIS
40121;318;ADM13485;20215275133.0;MUNICIPALIDAD DISTRITAL DE UCUNCHA;Municipalidad;UF0036821;INFRAESTRUCTURA DE VALORIZACIÓN DE RESIDUOS SÓLIDOS ORGÁNICOS MUNICIPALES UCUNCHA;Infraestructura de Valorización;Municipal;SI;NO;NO;NO;La Libertad;Bolívar;Ucuncha;Avenida Bolívar, Chilcacucho.;130306;18.0;184300;9207280.0;No tiene;-;-;-;-;-;;No aplica;OPERACIÓN;Oficio N°003-2023-MDU/WCR (2023-E01-524395);-;No aplica;No aplica;SI;NO;NO;NO;2023;Resolución N° 00073-2023-OEFA/DSIS;Resolución N° 00073-2023-OEFA/DSIS
40122;319;ADM12172;20158939313.0;MUNICIPALIDAD DISTRITAL DE SAN ANTONIO;Municipalidad;UF0036822;INFRAESTRUCTURA DE VALORIZACIÓN DE RESIDUOS SÓLIDOS ORGÁNICOS MUNICIPALES SAN ANTONIO;Infraestructura de Valorización;Municipal;SI;NO;NO;NO;Lima;Cañete;San Antonio;Sector El Paredón 02, a lado del estadio municipal.;150513;18.0;320179;8601666.0;No tiene;-;-;-;-;-;;No aplica;OPERACIÓN;Oficio N°304-2023-MDSA (2023-E01-514534);-;No aplica;No aplica;SI;NO;NO;NO;2023;Resolución N° 00073-2023-OEFA/DSIS;Resolución N° 00073-2023-OEFA/DSIS
40123;320;ADM12697;20184168244.0;MUNICIPALIDAD DISTRITAL DE SARHUA;Municipalidad;UF0036823;INFRAESTRUCTURA DE VALORIZACIÓN DE RESIDUOS SÓLIDOS ORGÁNICOS MUNICIPALES PUKA WAYQU-UCHPATACO;Infraestructura de Valorización;Municipal;SI;NO;NO;NO;Ayacucho;Víctor Fajardo;Sarhua;Sector Huaranqany, Uchpataco, Puka Wayqu, debado de la carretera Sarhua-Ayacucho.;51011;18.0;575148;8489353.0;No tiene;-;-;-;-;-;;No aplica;OPERACIÓN;2023-E01-481335;-;No aplica;No aplica;SI;NO;NO;NO;2023;Resolución N° 00073-2023-OEFA/DSIS;Resolución N° 00073-2023-OEFA/DSIS
40124;321;ADM12261;20162537319.0;MUNICIPALIDAD DISTRITAL DE PAUCAR;Municipalidad;UF0036830;INFRAESTRUCTURA DE VALORIZACIÓN DE RESIDUOS SÓLIDOS ORGÁNICOS MUNICIPALES PAUCAR;Infraestructura de Valorización;Municipal;SI;NO;NO;NO;Pasco;Daniel Alcides Carrión;Paucar;Costado de la carretera Paucar-Tangor.;190204;18.0;341411;8853764.0;No tiene;-;-;-;-;-;;No aplica;OPERACIÓN;Oficio N°292-2023-MDP-ALC/DAC/P. (2023-E01-512137);-;No aplica;No aplica;SI;NO;NO;NO;2023;Resolución N° 00073-2023-OEFA/DSIS;Resolución N° 00073-2023-OEFA/DSIS
40125;322;ADM11910;20141897935.0;MUNICIPALIDAD PROVINCIAL SANCHEZ CARRION;Municipalidad;UF0036824;INFRAESTRUCTURA DE VALORIZACIÓN DE RESIDUOS SÓLIDOS ORGÁNICOS MUNICIPALES SANCHEZ CARRIÓN-HUAMACHUCO;Infraestructura de Valorización;Municipal;SI;NO;NO;NO;La Libertad;Sánchez Carrión;Huamchuco;Caserio Coipin.;130901;17.0;825009;9136951.0;No tiene;-;-;-;-;-;;No aplica;OPERACIÓN;Oficio N°055-2023-MPSC/SEGASC/AGA/WBPR (2023-E01-479597);-;No aplica;No aplica;SI;NO;NO;NO;2023;Resolución N° 00073-2023-OEFA/DSIS;Resolución N° 00073-2023-OEFA/DSIS
40126;323;ADM12503;20172752323.0;MUNICIPALIDAD DISTRITAL DE SICAYA;Municipalidad;UF0036825;INFRAESTRUCTURA DE VALORIZACIÓN DE RESIDUOS SÓLIDOS ORGÁNICOS MUNICIPALES SICAYA;Infraestructura de Valorización;Municipal;SI;NO;NO;NO;Junín;Huancayo;Sicaya;Jirón Libertad, barrio El Molino.;120134;18.0;470735;8672043.0;No tiene;-;-;-;-;-;;No aplica;OPERACIÓN;Informe N°331-2023-MDS/GM/SGSM/LATM(2023-E01-482773);-;No aplica;No aplica;SI;NO;NO;NO;2023;Resolución N° 00073-2023-OEFA/DSIS;Resolución N° 00073-2023-OEFA/DSIS
40127;324;ADM12025;20147026529.0;MUNICIPALIDAD PROVINCIAL DE HUANCABAMBA;Municipalidad;UF0036831;INFRAESTRUCTURA DE VALORIZACIÓN DE RESIDUOS SÓLIDOS ORGÁNICOS MUNICIPALES HUANCABAMBA;Infraestructura de Valorización;Municipal;SI;NO;NO;NO;Piura;Huancabamba;Huancabamba;Caserio El Tambo, sector Cerro Colorado.;200301;17.0;669022;9424132.0;No tiene;-;-;-;-;-;;No aplica;OPERACIÓN;Oficio N°003-MPH/DGRS-DEAH (2023-E01-483030);-;No aplica;No aplica;SI;NO;NO;NO;2023;Resolución N° 00073-2023-OEFA/DSIS;Resolución N° 00073-2023-OEFA/DSIS
40128;325;ADM11981;20146510982.0;MUNICIPALIDAD DISTRITAL DE SANTA ROSA DE SACCO;Municipalidad;UF0036826;INFRAESTRUCTURA DE VALORIZACIÓN DE RESIDUOS SÓLIDOS ORGÁNICOS MUNICIPALES SANTA ROSA DE SACCO;Infraestructura de Valorización;Municipal;SI;NO;NO;NO;Junín;Yauli;Santa Rosa de Sacco;Ticlacancha.;120808;18.0;395171;8719204.0;No tiene;-;-;-;-;-;;No aplica;OPERACIÓN;"Oficio N°192-2023-MDSRS/ALC
  (2023-E01-515353)";-;No aplica;No aplica;SI;NO;NO;NO;2023;Resolución N° 00073-2023-OEFA/DSIS;Resolución N° 00073-2023-OEFA/DSIS
40129;326;ADM11985;20146657142.0;MUNICIPALIDAD DISTRITAL DE SAN RAMON;Municipalidad;UF0036832;INFRAESTRUCTURA DE VALORIZACIÓN DE RESIDUOS SÓLIDOS ORGÁNICOS MUNICIPALES SAN RAMÓN-JUNIN;Infraestructura de Valorización;Municipal;SI;NO;NO;NO;Junín;Chanchamayo;San Ramón;"En el terreno del Área Degradada ""San Juan de Tulumayo"".";120305;18.0;460419;8767310.0;No tiene;-;-;-;-;-;;No aplica;OPERACIÓN;Oficio N°005-2023-SGMAESS/GSPL/MDSR (2023-E01-485089);-;No aplica;No aplica;SI;NO;NO;NO;2023;Resolución N° 00073-2023-OEFA/DSIS;Resolución N° 00073-2023-OEFA/DSIS
40130;327;ADM13660;20226962892.0;MUNICIPALIDAD PROVINCIAL DE PATAZ;Municipalidad;UF0036833;INFRAESTRUCTURA DE VALORIZACIÓN DE RESIDUOS SÓLIDOS ORGÁNICOS MUNICIPALES PATAZ;Infraestructura de Valorización;Municipal;SI;NO;NO;NO;La Libertad;Pataz;Tayabamba;"Carretera hacia Centro Poblado Chongos, Ref. en el terreno del Área Degradada ""Urpaycito"".";130801;18.0;244863;9088094.0;No tiene;-;-;-;-;-;;No aplica;OPERACIÓN;"Oficio N°14-2023-MPP-T/GSMYMA/CZVH 
  (2023-E01-484324)";-;No aplica;No aplica;SI;NO;NO;NO;2023;Resolución N° 00073-2023-OEFA/DSIS;Resolución N° 00073-2023-OEFA/DSIS
40131;328;ADM13631;20223516565.0;MUNICIPALIDAD DISTRITAL DE QUEROPALCA;Municipalidad;UF0036827;INFRAESTRUCTURA DE VALORIZACIÓN DE RESIDUOS SÓLIDOS ORGÁNICOS MUNICIPALES QUEROPALCA;Infraestructura de Valorización;Municipal;SI;NO;NO;NO;Huánuco;Lauricocha;Queropalca;Carretera Baños a Queropalca. Ref. Costado del cruce de la trocha a Huamanmarca.;101004;18.0;304499;8874876.0;No tiene;-;-;-;-;-;;No aplica;OPERACIÓN;Oficio N°001-2023-USPLPMA-MDO-L-HCO-BCB (2023-E01-514802);-;No aplica;No aplica;SI;NO;NO;NO;2023;Resolución N° 00073-2023-OEFA/DSIS;Resolución N° 00073-2023-OEFA/DSIS
40132;329;ADM16683;20534461322.0;MUNICIPALIDAD DISTRITAL DE SAMUGARI;Municipalidad;UF0036807;MEJORAMIENTO AMPLIACIÓN DEL SERVICIO DE LIMPIEZA PÚBLICA EN LOS CENTROS POBLADOS DE PICHIWILCA, PIRIATO ZORZA, MONTERRICO Y PALMAPAMPA, DISTRITO DE SAMUGARI – LA MAR – AYACUCHO;Infraestructura de disposición final / Relleno sanitario;Municipal;SI;NO;NO;SI;Ayacucho;La Mar;Samugari;Sector Mirador Buena Vista, al Oeste de la localidad Pichicwilca;50509;18.0;645369.17;8585055.51;R.A. N° 211-2021-MPLM-SM/A.;;;;-;;;No aplica;OPERACIÓN;"Oficio N° 0204-2024-MDS/A de fecha 21 de marzo de 2024
  (Registro 2024-E01-034205)";-;No aplica;Distrito de Samugari;SI;NO;NO;NO;2023;Resolución N° 00085-2023-OEFA/DSIS;Resolución N° 00085-2023-OEFA/DSIS
40133;330;ADM28046;20605245154.0;GLOBAL SIME S.A.C.;EORS;UF0036879;INFRAESTRUCTURA DE TRATAMIENTO DE RESIDUOS SÓLIDOS PELIGROSOS - TERRA WASI;Planta de Tratamiento;No Municipal;NO;NO;SI;NO;Lima;Canta;Santa Rosa de Quives;Predio Rural Cau Tahuantinsuyo Hda Huanchipuquio P-44º A UC 10548;150407;18.0;287235;8703722.0;R.D. Nº 00200-2022-SENACE-PE/DEIN;;;;-;;;EO-RS- 00129-2023-MINAM/VMGA/DGGRS;OPERACIÓN;"GS/GG-MATW-004-2023
  (2023-E01-528914)";;No aplica;No aplica;NO;NO;NO;SI;2023;Resolución N° 00085-2023-OEFA/DSIS;Resolución N° 00085-2023-OEFA/DSIS
40134;331;ADM18945;20526542976.0;AMBIPAR ENVIRONMENT PERU S.A.C.;EORS;UF0016715;INFRAESTRUCTURA DE TRATAMIENTO Y DISPOSICIÓN FINAL DE RESIDUOS SÓLIDOS DE GESTIÓN NO MUNICIPAL - RELLENO DE SEGURIDAD MAJES;Infraestructura de disposición final / Relleno de seguridad;No Municipal;SI;NO;SI;SI;Arequipa;Caylloma;Majes;Fundo Pájaro Bobo a 35 km del Centro Poblado de Villa Juan Velasco Alvarado;40520;18.0;772210;8171973.0;R.D. N° 00161-2019-SENACE-PE/DEIN;R.D. N° 00100-2021-SENACE-PE/DEIN;R.D. Nº 00038-2024-SENACE-PE/DEIN;;-;;;EO-RS - 00135-2024-MINAM/VMGA/DGGRS;CONSTRUCCIÓN;OFICIO N° 00358-2024-SENACE-PE/DEIN de fecha 09/04/2024 (Registro 2024-E01-043219);;No aplica;No aplica;NO;NO;SI;SI;2023;Resolución N° 00085-2023-OEFA/DSIS;Resolución N° 00085-2023-OEFA/DSIS
40135;332;ADM15033;20478095253.0;OPERADOR DE RESIDUOS S.A.C.;EORS;UF0009225;INSTALACIÓN DE COMERCIALIZACIÓN DE RESIDUOS SÓLIDOS;Infraestructura de Valorización;No Municipal;SI;NO;NO;NO;Callao;Callao;Ventanilla;Mz. E-2 Lt. 03 Asociacón ASEMYPE del Perú parque industeial Pachacútec;70106;18.0;267657;8688044.0;R.D. N° 1505-2018/DCEA/DIGESA/SA;;;;-;;;EO-RS-00030-2020-MINAM-VMGA/DGRS;OPERACIÓN;Supervisión;2019-12-17 00:00:00;No aplica;No aplica;NO;NO;SI;NO;2023;Resolución N° 00085-2023-OEFA/DSIS;Resolución N° 00085-2023-OEFA/DSIS
40136;333;ADM21321;20600590783.0;DISPOSICIONES TRATAMIENTOS Y SOLUCIONES AMBIENTALES S.A.C.;EORS;UF0017779;PLANTA DE TRATAMIENTO DE RESIDUOS SÓLIDOS;Planta de Tratamiento;No Municipal;NO;NO;SI;NO;Piura;Sullana;Miguel Checa;kilómetro 15 de la provincia de Sullana - Piura;200606;17.0;524790;9432035.0;R.D. N° 1063-2017-GOB.REG.PIURA-DRSP-DSRSLCC-DG-DRRHH;;;;-;;;EO-RS-00089-2020-MINAM-VMGA/DGRS;CONSTRUCCIÓN;"CARTA S/N de DISPOSICIONES TRATAMIENTOS Y SOLUCIONES AMBIENTALES S.A.C. del 06 de noviembre del 2023 
 (HT 2023-E01-557246)";-;PARALIZADA;No aplica;NO;NO;NO;SI;2023;Resolución N° 00085-2023-OEFA/DSIS;Resolución N° 00085-2023-OEFA/DSIS
40137;334;ADM27354;20605931457.0;ENVASES Y SOLUCIONES LOGISTICAS W & R S.A.C.;EORS;UF0035032;PLANTA DE TRATAMIENTO Y VALORIZACIÓN DE ENVASES DEL ÁMBITO NO MUNICIPAL;Infraestructura de Valorización;No Municipal;SI;NO;NO;NO;Lima;Lima;Lurigancho;Av. Cajamarquilla Parcela 13 Lote 02 Huachipa;150118;18.0;294041;8676316.0;No tiene;;;;-;;;EO-RS-00157-2021-MINAM-VMGA/DGRS;OPERACIÓN;"OFICIO N° 00036-2022-MINAM/VMGA/DGRS/DEAA
 (2022-E01-114015)";-;-;No aplica;NO;NO;SI;SI;2023;Resolución N° 00085-2023-OEFA/DSIS;Resolución N° 00085-2023-OEFA/DSIS
40138;335;ADM14898;20454721081.0;ALTERNATIVA DE COMBUSTIBLES S.A.C. - ALDECO S.A.C.;EORS;UF0001258;PLANTA AREQUIPA;Infraestructura de Valorización;No Municipal;SI;NO;NO;NO;Arequipa;Arequipa;Sachaca;Variante de Uchumayo, Km. 2.5, Cerro Fátima;40124;19.0;225444.57;8184538.36;Oficio N° 04461-2008-PRODUCE/DVI/DGI-DAAI;;;;-;;;NO TIENE;INOPERATIVA;"Reporte de Verificación del 05/06/2024
  (Registro 2024-I01-021804)";-;-;No aplica;NO;NO;SI;NO;2023;Resolución N° 00085-2023-OEFA/DSIS;Resolución N° 00085-2023-OEFA/DSIS
40139;336;ADM14074;20318766569.0;MUNICIPALIDAD DISTRITAL DE CARHUACALLANGA;Municipalidad;UF0037225;INFRAESTRUCTURA DE VALORIZACIÓN DE RESIDUOS SÓLIDOS ORGÁNICOS MUNICIPALES CARHUACALLANGA;Infraestructura de Valorización;Municipal;SI;NO;NO;NO;Junín;Huancayo;Carhuacallanga;Ref. a 100 de Planta de Tratamiento de Aguas Residuales.;120104;18.0;478649;8633927.0;No tiene;-;-;-;-;-;;No aplica;OPERACIÓN;Respuesta al formulario, 14/07/2023 18:03:23;-;No aplica;No aplica;SI;NO;NO;NO;2023;Resolución N° 00098-2023-OEFA/DSIS;Resolución N° 00098-2023-OEFA/DSIS
40140;337;ADM12592;20176975289.0;MUNICIPALIDAD DISTRITAL DE IGNACIO ESCUDERO;Municipalidad;UF0037226;INFRAESTRUCTURA DE VALORIZACIÓN DE RESIDUOS SÓLIDOS ORGÁNICOS MUNICIPALES IGNACIO ESCUDERO;Infraestructura de Valorización;Municipal;SI;NO;NO;NO;Piura;Sullana;Ignacio Escudero;Carretera Panamericana, Pampa Larga.;200603;17.0;508390;9468599.0;No tiene;-;-;-;-;-;;No aplica;OPERACIÓN;Oficio N°319-2023-MDIE (2023-E01-515213);-;No aplica;No aplica;SI;NO;NO;NO;2023;Resolución N° 00098-2023-OEFA/DSIS;Resolución N° 00098-2023-OEFA/DSIS
40141;338;ADM13448;20213017871.0;MUNICIPALIDAD DISTRITAL DE LAS PIEDRAS;Municipalidad;UF0037227;INFRAESTRUCTURA DE VALORIZACIÓN DE RESIDUOS SÓLIDOS ORGÁNICOS MUNICIPALES LAS PIEDRAS;Infraestructura de Valorización;Municipal;SI;NO;NO;NO;Madre de Dios;Tambopata;Las Piedras;A cuadra y media de la municipalidad.;170103;19.0;483967;8642630.0;No tiene;-;-;-;-;-;;No aplica;OPERACIÓN;Respuesta al formulario, 17/07/2023 14:46:06;-;No aplica;No aplica;SI;NO;NO;NO;2023;Resolución N° 00098-2023-OEFA/DSIS;Resolución N° 00098-2023-OEFA/DSIS
40142;339;ADM13143;20201000361.0;MUNICIPALIDAD DISTRITAL DE OROPESA;Municipalidad;UF0037228;INFRAESTRUCTURA DE VALORIZACIÓN DE RESIDUOS SÓLIDOS ORGÁNICOS MUNICIPALES PINAGUA;Infraestructura de Valorización;Municipal;SI;NO;NO;NO;Cusco;Quispicanchi;Lucre;"Comunidad de Pinagua, sector Machuyoq. Ref. en el terreno del Área Degradada ""Botadero Pinagua"".";81211;19.0;204794;8496453.0;No tiene;-;-;-;-;-;;No aplica;OPERACIÓN;Oficio N°261-2023-A-MDO-Q/C (2023-E01-515257);-;No aplica;No aplica;SI;NO;NO;NO;2023;Resolución N° 00098-2023-OEFA/DSIS;Resolución N° 00098-2023-OEFA/DSIS
40143;340;ADM12462;20171714371.0;MUNICIPALIDAD PROVINCIAL DE ATALAYA;Municipalidad;UF0037229;INFRAESTRUCTURA DE VALORIZACIÓN DE RESIDUOS SÓLIDOS ORGÁNICOS MUNICIPALES ATALAYA;Infraestructura de Valorización;Municipal;SI;NO;NO;NO;Ucayali;Atalaya;Raymondi;"Fundo San Cristóbal a 3.85 km de la zona urbana de la Ciudad de Atalaya. Ref. en el terreno del Área Degradada ""Botadero Fundo San Cristóbal"".";250201;18.0;632921;8812931.0;No tiene;-;-;-;-;-;;No aplica;OPERACIÓN;Oficio N°340-2023-MPA-ALC (2023-E01-514965);-;No aplica;No aplica;SI;NO;NO;NO;2023;Resolución N° 00098-2023-OEFA/DSIS;Resolución N° 00098-2023-OEFA/DSIS
40144;341;ADM12337;20165884311.0;MUNICIPALIDAD DISTRITAL DE SAMA LAS YARAS;Municipalidad;UF0037230;INFRAESTRUCTURA DE VALORIZACIÓN DE RESIDUOS SÓLIDOS ORGÁNICOS MUNICIPALES SAMAS LAS YARAS;Infraestructura de Valorización;Municipal;SI;NO;NO;NO;Tacna;Tacna;Sama;Al frente de taller mecánico.;230109;19.0;334179;8024192.0;No tiene;-;-;-;-;-;;No aplica;OPERACIÓN;Oficio N°160-2023-A/MDS-T (2023-E01-523024);-;No aplica;No aplica;SI;NO;NO;NO;2023;Resolución N° 00098-2023-OEFA/DSIS;Resolución N° 00098-2023-OEFA/DSIS
40145;342;ADM12389;20168006277.0;MUNICIPALIDAD DISTRITAL DE JAZÁN;Municipalidad;UF0037231;INFRAESTRUCTURA DE VALORIZACIÓN DE RESIDUOS SÓLIDOS ORGÁNICOS MUNICIPALES JAZÁN;Infraestructura de Valorización;Municipal;SI;NO;NO;NO;Amazonas;Bongará;Jazán;Sector El Romera, carretera Pedro Ruíz, San Carlos.;10307;18.0;171011;9342135.0;No tiene;-;-;-;-;-;;No aplica;OPERACIÓN;Oficio N°513-2023/MDJ-A (2023-E01-518443);-;No aplica;No aplica;SI;NO;NO;NO;2023;Resolución N° 00098-2023-OEFA/DSIS;Resolución N° 00098-2023-OEFA/DSIS
40146;343;ADM13370;20207890261.0;MUNICIPALIDAD DISTRITAL DE PAIJAN;Municipalidad;UF0037232;INFRAESTRUCTURA DE VALORIZACIÓN DE RESIDUOS SÓLIDOS ORGÁNICOS MUNICIPALES PAIJAN;Infraestructura de Valorización;Municipal;SI;NO;NO;NO;La Libertad;Ascope;Paiján;Sector Chuin Alto.;130205;17.0;690397;9143850.0;No tiene;-;-;-;-;-;;No aplica;OPERACIÓN;Oficio N°544-2023-MDP/A (2023-E01-520280);-;No aplica;No aplica;SI;NO;NO;NO;2023;Resolución N° 00098-2023-OEFA/DSIS;Resolución N° 00098-2023-OEFA/DSIS
40147;344;ADM13333;20206903211.0;MUNICIPALIDAD DISTRITAL DE SAN CRISTÓBAL;Municipalidad;UF0037233;INFRAESTRUCTURA DE VALORIZACIÓN DE RESIDUOS SÓLIDOS ORGÁNICOS MUNICIPALES SAN CRISTÓBAL;Infraestructura de Valorización;Municipal;SI;NO;NO;NO;Amazonas;Luya;San Cristóbal;"San Lázaro. Ref. en el terreno del Área Degradada ""Botadero de San Cristóbal"".";10516;18.0;173034;9324659.0;No tiene;-;-;-;-;-;;No aplica;OPERACIÓN;Oficio N°218-2023-MDSC/PL/RA (2023-E01-521693);-;No aplica;No aplica;SI;NO;NO;NO;2023;Resolución N° 00098-2023-OEFA/DSIS;Resolución N° 00098-2023-OEFA/DSIS
40148;345;ADM12852;20191017201.0;MUNICIPALIDAD PROVINCIAL DE AIJA;Municipalidad;UF0037234;INFRAESTRUCTURA DE VALORIZACIÓN DE RESIDUOS SÓLIDOS ORGÁNICOS MUNICIPALES AIJA;Infraestructura de Valorización;Municipal;SI;NO;NO;NO;Áncash;Aija;Aija;Zona denominada Canchinchan.;20201;18.0;211451;8918300.0;No tiene;-;-;-;-;-;;No aplica;OPERACIÓN;Respuesta al formulario, 15/07/2023 18:45:58;-;No aplica;No aplica;SI;NO;NO;NO;2023;Resolución N° 00098-2023-OEFA/DSIS;Resolución N° 00098-2023-OEFA/DSIS
40149;346;ADM12799;20189313544.0;MUNICIPALIDAD PROVINCIAL DE OCROS;Municipalidad;UF0037235;INFRAESTRUCTURA DE VALORIZACIÓN DE RESIDUOS SÓLIDOS ORGÁNICOS MUNICIPALES OCROS - ÁNCASH;Infraestructura de Valorización;Municipal;SI;NO;NO;NO;Áncash;Ocros;Ocros;"Socavón Ayar, carretera Ocros -Chilcas. Ref. en el terreno del Área Degradada ""Botadero Sector Ayar"".";21401;18.0;236677;8847341.0;No tiene;-;-;-;-;-;;No aplica;OPERACIÓN;Oficio N°471-2023/MPO/DPTO-ANCASH/EMCO-AL (2023-E01-520705);-;No aplica;No aplica;SI;NO;NO;NO;2023;Resolución N° 00098-2023-OEFA/DSIS;Resolución N° 00098-2023-OEFA/DSIS
40150;347;ADM13108;20199932561.0;MUNICIPALIDAD PROVINCIAL DE MOHO;Municipalidad;UF0037236;INFRAESTRUCTURA DE DISPOSICIÓN FINAL DEL PROYECTO MEJORAMIENTO Y AMPLIACIÓN DEL SERVICIO DE LIMPIEZA PÚBLICA EN LOS PROCESOS DE BARRIDO, RECOLECCIÓN, TRANSPORTE REAPROVECHAMIENTO Y DISPOSICIÓN FINAL DE LOS RESIDUOS SÓLIDOS EN LA ZONA URBANA Y RURAL DEL DISTRITO DE MOHO, PROVINCIA DE MOHO - PUNO;Infraestructura de disposición final / Relleno sanitario;Municipal;SI;NO;NO;SI;Puno;Moho;Moho;Centro Poblado Mallcusuca, Sector Chaka Lequeña. Ref. aproximadamente a 7.5 km de la provincia de Moho, tramo de la carretera Moho – Huancané, desvío hacia el distrito de Rosaspata.;210901;19.0;442785;8307313.0;R.A. N° 085-2024-MPM/A;-;-;-;-;-;;No aplica;OPERACIÓN;"Acta de Supervisión 
 (Expediente N° N° 0050-2024-ODES-PUN)";-;No aplica;Distrito de Moho;SI;NO;NO;NO;2023;Resolución N° 00098-2023-OEFA/DSIS;Resolución N° 00098-2023-OEFA/DSIS
40151;348;ADM12551;20175467671.0;MUNICIPALIDAD PROV. BELLAVISTA;Municipalidad;UF0013875;PLANTA DE VALORIZACIÓN Y RELLENO SANITARIO EN PROVINCIA DE BELLAVISTA;Infraestructura de disposición final / Relleno sanitario;Municipal;SI;NO;NO;SI;San Martín;Bellavista;Bellavista;Carretera a San Pablo-Sector Quinullal. Ref. Aproximadamente a 6km de la ciudad de Bellavista.;220201;18.0;326477;9224991.0;R.G.M. N° 306-2024-GM/MPB;-;-;-;-;-;;No aplica;OPERACIÓN;INFORME DE SUPERVISIÓN N°79-2024-OEFA/DSIS-CRES;-;No aplica;No aplica;SI;NO;NO;NO;2023;Resolución N° 00098-2023-OEFA/DSIS;Resolución N° 00098-2023-OEFA/DSIS
40152;349;ADM12749;20187377103.0;MUNICIPALIDAD DISTRITAL LA CRUZ;Municipalidad;UF0037237;INFRAESTRUCTURA DE VALORIZACIÓN DE RESIDUOS SÓLIDOS ORGÁNICOS MUNICIPALES LA CRUZ-TUMBES;Infraestructura de Valorización;Municipal;SI;NO;NO;NO;Tumbes;Tumbes;La Cruz;Girón Trujillo, Sector 4, quebrada Coloma.;240103;17.0;547746;9596679.0;No tiene;-;-;-;-;-;;No aplica;OPERACIÓN;Ficha de verificación (06/09/2023);-;No aplica;No aplica;SI;NO;NO;NO;2023;Resolución N° 00098-2023-OEFA/DSIS;Resolución N° 00098-2023-OEFA/DSIS
40153;350;ADM12786;20188938354.0;MUNICIPALIDAD DISTRITAL DE PARAMONGA;Municipalidad;UF0037238;INFRAESTRUCTURA DE VALORIZACIÓN DE RESIDUOS SÓLIDOS ORGÁNICOS MUNICIPALES PARAMONGA;Infraestructura de Valorización;Municipal;SI;NO;NO;NO;Lima;Barranca;Paramonga;Av. Luis Felipe de las Casas s/n, Urb. El Bosque. Ref. paradero los cedros.;150202;18.0;193547;8818815.0;No tiene;-;-;-;-;-;;No aplica;OPERACIÓN;Ficha de verificación (28/09/2023);-;No aplica;No aplica;SI;NO;NO;NO;2023;Resolución N° 00098-2023-OEFA/DSIS;Resolución N° 00098-2023-OEFA/DSIS
40154;351;ADM13232;20203838019.0;MUNICIPALIDAD DISTRITAL DE VILCABAMBA;Municipalidad;UF0037239;INFRAESTRUCTURA DE VALORIZACIÓN DE RESIDUOS SÓLIDOS ORGÁNICOS MUNICIPALES VILCABAMBA;Infraestructura de Valorización;Municipal;SI;NO;NO;NO;Apurímac;Grau;Vilcabamba;Jahuapampa.;30712;18.0;756161;8442457.0;No tiene;-;-;-;-;-;;No aplica;OPERACIÓN;Ficha de verificación (30/08/2023);-;No aplica;No aplica;SI;NO;NO;NO;2023;Resolución N° 00098-2023-OEFA/DSIS;Resolución N° 00098-2023-OEFA/DSIS
40155;352;ADM12281;20163164401.0;MUNICIPALIDAD DISTRITAL DE SAN JOSÉ;Municipalidad;UF0037240;INFRAESTRUCTURA DE VALORIZACIÓN DE RESIDUOS SÓLIDOS ORGÁNICOS MUNICIPALES SAN JOSÉ-LAMBAYEQUE;Infraestructura de Valorización;Municipal;SI;NO;NO;NO;Lambayeque;Lambayeque;Lambayeque;Al costado de humedales La Bocana.;140311;17.0;614187;9253967.0;No tiene;-;-;-;-;-;;No aplica;CONSTRUCCIÓN;Ficha de verificación (24/08/2023);-;No aplica;No aplica;SI;NO;NO;NO;2023;Resolución N° 00098-2023-OEFA/DSIS;Resolución N° 00098-2023-OEFA/DSIS
40156;353;ADM16609;20531271182.0;MUNICIPALIDAD DISTRITAL DE SHAPAJA;Municipalidad;UF0037241;INFRAESTRUCTURA DE VALORIZACIÓN DE RESIDUOS SÓLIDOS ORGÁNICOS MUNICIPALES SHAPAJA;Infraestructura de Valorización;Municipal;SI;NO;NO;NO;San Martín;San Martín;Shapaja;Jr. Huallaga, cruce con Jr. Moyobamb. Ref. a la altura de la iglesia Berea.;220914;18.0;359814;9272901.0;No tiene;-;-;-;-;-;;No aplica;OPERACIÓN;Ficha de verificación (14/09/2023);-;No aplica;No aplica;SI;NO;NO;NO;2023;Resolución N° 00098-2023-OEFA/DSIS;Resolución N° 00098-2023-OEFA/DSIS
40157;354;ADM12633;20178833643.0;MUNICIPALIDAD DISTRITAL DE CHICAMA;Municipalidad;UF0037242;INFRAESTRUCTURA DE VALORIZACIÓN DE RESIDUOS SÓLIDOS ORGÁNICOS MUNICIPALES CHICAMA;Infraestructura de Valorización;Municipal;SI;NO;NO;NO;La Libertad;Ascope;Chicama;Pasando ingreso a la empresa Chimú.;130202;17.0;708727;9141216.0;No tiene;-;-;-;-;-;;No aplica;OPERACIÓN;Ficha de verificación (04/09/2023);-;No aplica;No aplica;SI;NO;NO;NO;2023;Resolución N° 00098-2023-OEFA/DSIS;Resolución N° 00098-2023-OEFA/DSIS
40158;355;ADM12931;20193188851.0;MUNICIPALIDAD DISTRITAL DE SAN PABLO;Municipalidad;UF0037243;INFRAESTRUCTURA DE VALORIZACIÓN DE RESIDUOS SÓLIDOS ORGÁNICOS MUNICIPALES SAN PABLO-SAN MARTÍN;Infraestructura de Valorización;Municipal;SI;NO;NO;NO;San Martín;Bellavista;San Pablo;"Carretera Motelón. Ref. en el terreno del Área Degradada ""Botadero Municipal"".";220205;18.0;323703;9245145.0;No tiene;-;-;-;-;-;;No aplica;OPERACIÓN;Ficha de verificación (11/09/2023);-;No aplica;No aplica;SI;NO;NO;NO;2023;Resolución N° 00098-2023-OEFA/DSIS;Resolución N° 00098-2023-OEFA/DSIS
40159;356;ADM13390;20208754379.0;MUNICIPALIDAD DISTRITAL TRES DE DICIEMBRE;Municipalidad;UF0037198;INFRAESTRUCTURA DE VALORIZACIÓN DE RESIDUOS SÓLIDOS ORGÁNICOS MUNICIPALES TRES DE DICIEMBRE;Infraestructura de Valorización;Municipal;SI;NO;NO;NO;Junín;Chupaca;Tres de Diciembre;Colina de Guinolia, Anexo de Guinolia.;120908;18.0;472314;8661572.0;No tiene;-;-;-;-;-;;No aplica;OPERACIÓN;Ficha de verificación (25/09/2023);-;No aplica;No aplica;SI;NO;NO;NO;2023;Resolución N° 00098-2023-OEFA/DSIS;Resolución N° 00098-2023-OEFA/DSIS
40160;357;ADM16621;20531377924.0;MUNICIPALIDAD DISTRITAL DE SAN RAFAEL;Municipalidad;UF0037199;INFRAESTRUCTURA DE VALORIZACIÓN DE RESIDUOS SÓLIDOS ORGÁNICOS MUNICIPALES SAN RAFAEL-SAN MARTÍN;Infraestructura de Valorización;Municipal;SI;NO;NO;NO;San Martín;Bellavista;San Rafael;Jr. Francisco Bolognesi, última cuadra. Ref. Atrás del Estadio Municipal y al costado del Parque infantil San Rafael.;220206;18.0;338589;9223329.0;No tiene;-;-;-;-;-;;No aplica;OPERACIÓN;Ficha de verificación (06/09/2023);-;No aplica;No aplica;SI;NO;NO;NO;2023;Resolución N° 00098-2023-OEFA/DSIS;Resolución N° 00098-2023-OEFA/DSIS
40161;358;ADM12694;20184047889.0;MUNICIPALIDAD DISTRITAL DE SAN JOSÉ;Municipalidad;UF0037200;INFRAESTRUCTURA DE VALORIZACIÓN DE RESIDUOS SÓLIDOS ORGÁNICOS MUNICIPALES SAN JOSÉ-LA LIBERTAD;Infraestructura de Valorización;Municipal;SI;NO;NO;NO;La Libertad;Pacasmayo;San José;A espaldas de cementerio Cultambo.;130705;17.0;672398;9189575.0;No tiene;-;-;-;-;-;;No aplica;OPERACIÓN;Ficha de verificación (05/09/2023);-;No aplica;No aplica;SI;NO;NO;NO;2023;Resolución N° 00098-2023-OEFA/DSIS;Resolución N° 00098-2023-OEFA/DSIS
40162;359;ADM12541;20175203185.0;MUNICIPALIDAD DISTRITAL DE LA PAMPA;Municipalidad;UF0037201;INFRAESTRUCTURA DE VALORIZACIÓN DE RESIDUOS SÓLIDOS ORGÁNICOS MUNICIPALES LA PAMPA;Infraestructura de Valorización;Municipal;SI;NO;NO;NO;Áncash;Corongo;La Pampa;Huampish.;20905;18.0;178867;9039435.0;No tiene;-;-;-;-;-;;No aplica;OPERACIÓN;Ficha de verificación (28/08/2023);-;En la verificación no se observó residuos sólidos orgánicos en proceso de valorización.;No aplica;SI;NO;NO;NO;2023;Resolución N° 00098-2023-OEFA/DSIS;Resolución N° 00098-2023-OEFA/DSIS
40163;360;ADM12087;20148420719.0;CONCEJO DISTRITAL DE MARCONA;Municipalidad;UF0037203;INFRAESTRUCTURA DE VALORIZACIÓN DE RESIDUOS SÓLIDOS ORGÁNICOS MUNICIPALES MARCONA-ICA;Infraestructura de Valorización;Municipal;SI;NO;NO;NO;Ica;Nazca;Marcona;Av. Turquesas S/N.;110304;18.0;482380;8301587.0;No tiene;-;-;-;-;-;;No aplica;OPERACIÓN;Ficha de verificación (11/09/2023);-;No aplica;No aplica;SI;NO;NO;NO;2023;Resolución N° 00098-2023-OEFA/DSIS;Resolución N° 00098-2023-OEFA/DSIS
40164;361;ADM11965;20145705780.0;MUNICIPALIDAD PROVINCIAL SAN ANTONIO PUTINA;Municipalidad;UF0037204;INFRAESTRUCTURA DE VALORIZACIÓN DE RESIDUOS SÓLIDOS ORGÁNICOS MUNICIPALES SAN ANTONIO DE PUTINA;Infraestructura de Valorización;Municipal;SI;NO;NO;NO;Puno;San Antonio de Putina;Putina;"Sector Parque Pino, a 2 km de la ciudad de Putina. Ref. en el terreno del Área Degradada ""Botadero Parque Pino"".";211001;19.0;407844;8349521.0;No tiene;-;-;-;-;-;;No aplica;OPERACIÓN;Ficha de verificación (22/08/2023);-;No aplica;No aplica;SI;NO;NO;NO;2023;Resolución N° 00098-2023-OEFA/DSIS;Resolución N° 00098-2023-OEFA/DSIS
40165;362;ADM12242;20162185617.0;MUNICIPALIDAD DISTRITAL DE ANANEA;Municipalidad;UF0037205;INFRAESTRUCTURA DE VALORIZACIÓN DE RESIDUOS SÓLIDOS ORGÁNICOS MUNICIPALES ANANEA;Infraestructura de Valorización;Municipal;SI;NO;NO;NO;Puno;San Antonio de Putina;Ananea;Barrio Progreso, a la espalda del Complejo deportivo Dragon de Oro.;211002;19.0;442622;8377022.0;No tiene;-;-;-;-;-;;No aplica;OPERACIÓN;Ficha de verificación (23/08/2023);-;No aplica;No aplica;SI;NO;NO;NO;2023;Resolución N° 00098-2023-OEFA/DSIS;Resolución N° 00098-2023-OEFA/DSIS
40166;363;ADM13381;20208122739.0;MUNICIPALIDAD DISTRITAL DE ANAPIA;Municipalidad;UF0037206;INFRAESTRUCTURA DE VALORIZACIÓN DE RESIDUOS SÓLIDOS ORGÁNICOS MUNICIPALES ANAPIA;Infraestructura de Valorización;Municipal;SI;NO;NO;NO;Puno;Yunguyo;Anapia;Barrio Central a 50 m del Establecimiento de Saul, final de la Av. 28 de julio.;211302;19.0;515436;8195863.0;No tiene;-;-;-;-;-;;No aplica;OPERACIÓN;Ficha de verificación (02/09/2023);-;No aplica;No aplica;SI;NO;NO;NO;2023;Resolución N° 00098-2023-OEFA/DSIS;Resolución N° 00098-2023-OEFA/DSIS
40167;364;ADM12011;20146919104.0;MUNICIPALIDAD DISTRITAL DE HUANCAS;Municipalidad;UF0037207;INFRAESTRUCTURA DE VALORIZACIÓN DE RESIDUOS SÓLIDOS ORGÁNICOS MUNICIPALES HUANCAS;Infraestructura de Valorización;Municipal;SI;NO;NO;NO;Amazonas;Chachapoyas;Huancas;Sector Maraypampa.;10108;18.0;182692;9315979.0;No tiene;-;-;-;-;-;;No aplica;OPERACIÓN;Ficha de verificación (25/08/2023);-;No aplica;No aplica;SI;NO;NO;NO;2023;Resolución N° 00098-2023-OEFA/DSIS;Resolución N° 00098-2023-OEFA/DSIS
40168;365;ADM12147;20156003141.0;MUNICIPALIDAD DISTRITAL DE MAGDALENA;Municipalidad;UF0037209;INFRAESTRUCTURA DE VALORIZACIÓN DE RESIDUOS SÓLIDOS ORGÁNICOS MUNICIPALES MAGDALENA-AMAZONAS;Infraestructura de Valorización;Municipal;SI;NO;NO;NO;Amazonas;Chachapoyas;Magdalena;Planta de Valorización de Residuos Orgánicos Municipales Magadalena.;10112;18.0;180624;9292821.0;No tiene;-;-;-;-;-;;No aplica;OPERACIÓN;Ficha de verificación (28/08/2023);-;No aplica;No aplica;SI;NO;NO;NO;2023;Resolución N° 00098-2023-OEFA/DSIS;Resolución N° 00098-2023-OEFA/DSIS
40169;366;ADM12391;20168006862.0;MUNICIPALIDAD DISTRITAL SAN ISIDRO DE MAINO;Municipalidad;UF0037210;INFRAESTRUCTURA DE VALORIZACIÓN DE RESIDUOS SÓLIDOS ORGÁNICOS MUNICIPALES SAN ISIDRO DE MAINO;Infraestructura de Valorización;Municipal;SI;NO;NO;NO;Amazonas;Chachapoyas;San Isidro de Maino;Planta de Valorización - Hullin.;10119;18.0;180023;9298293.0;No tiene;-;-;-;-;-;;No aplica;OPERACIÓN;Ficha de verificación (29/08/2023);-;No aplica;No aplica;SI;NO;NO;NO;2023;Resolución N° 00098-2023-OEFA/DSIS;Resolución N° 00098-2023-OEFA/DSIS
40170;367;ADM12679;20182762599.0;MUNICIPALIDAD DISTRITAL DE MARISCAL CASTILLA;Municipalidad;UF0037211;INFRAESTRUCTURA DE VALORIZACIÓN DE RESIDUOS SÓLIDOS ORGÁNICOS MUNICIPALES MARISCAL CASTILLA-AMAZONAS;Infraestructura de Valorización;Municipal;SI;NO;NO;NO;Amazonas;Chachapoyas;Mariscal Castilla;Planta de Valorización de Residuos Sólidos de Mariscal Castilla.;10113;18.0;189190;9270261.0;No tiene;-;-;-;-;-;;No aplica;OPERACIÓN;Ficha de verificación (29/08/2023);-;No aplica;No aplica;SI;NO;NO;NO;2023;Resolución N° 00098-2023-OEFA/DSIS;Resolución N° 00098-2023-OEFA/DSIS
40171;368;ADM12329;20165783558.0;MUNICIPALIDAD DISTRITAL DE MONTEVIDEO;Municipalidad;UF0037213;INFRAESTRUCTURA DE VALORIZACIÓN DE RESIDUOS SÓLIDOS ORGÁNICOS MUNICIPALES MONTEVIDEO;Infraestructura de Valorización;Municipal;SI;NO;NO;NO;Amazonas;Chachapoyas;Montevideo;Jr. Progreso S/N - Compostera Montevideo.;10115;18.0;190101;9267879.0;No tiene;-;-;-;-;-;;No aplica;OPERACIÓN;Ficha de verificación (31/08/2023);-;No aplica;No aplica;SI;NO;NO;NO;2023;Resolución N° 00098-2023-OEFA/DSIS;Resolución N° 00098-2023-OEFA/DSIS
40172;369;ADM12418;20170015666.0;MUNICIPALIDAD DISTRITAL DE CHURUJA;Municipalidad;UF0037214;INFRAESTRUCTURA DE VALORIZACIÓN DE RESIDUOS SÓLIDOS ORGÁNICOS MUNICIPALES CHURUJA;Infraestructura de Valorización;Municipal;SI;NO;NO;NO;Amazonas;Bongará;Churuja;Nuevo Churuja.;10303;18.0;172891;9334703.0;No tiene;-;-;-;-;-;;No aplica;OPERACIÓN;Ficha de verificación (01/09/2023);-;No aplica;No aplica;SI;NO;NO;NO;2023;Resolución N° 00098-2023-OEFA/DSIS;Resolución N° 00098-2023-OEFA/DSIS
40173;370;ADM12922;20193063218.0;MUNICIPALIDAD PROVINCIAL GRAL.SANCHEZ CERRO;Municipalidad;UF0037215;INFRAESTRUCTURA DE VALORIZACIÓN DE RESIDUOS SÓLIDOS ORGÁNICOS MUNICIPALES GRAL SÁNCHEZ CERRO;Infraestructura de Valorización;Municipal;SI;NO;NO;NO;Moquegua;General Sánchez Cerro;Omate;Anexo Tamaña, Ref. cruce de la trocha carrozable Omate Tamaña, 7 cuadras hacia arriba del Instituto Tecnológico de Omate.;180201;19.0;288448;8156491.0;No tiene;-;-;-;-;-;;No aplica;OPERACIÓN;Ficha de verificación (28/08/2023);-;No aplica;No aplica;SI;NO;NO;NO;2023;Resolución N° 00098-2023-OEFA/DSIS;Resolución N° 00098-2023-OEFA/DSIS
40174;371;ADM13478;20214908817.0;MUNICIPALIDAD DISTRITAL DE CURIBAYA;Municipalidad;UF0037217;INFRAESTRUCTURA DE VALORIZACIÓN DE RESIDUOS SÓLIDOS ORGÁNICOS MUNICIPALES CURIBAYA;Infraestructura de Valorización;Municipal;SI;NO;NO;NO;Tacna;Candarave;Curibaya;Ref. frente a la cancha de gras natural del distrito de Curibaya.;230204;19.0;358414;8077728.0;No tiene;-;-;-;-;-;;No aplica;OPERACIÓN;Ficha de verificación (01/09/2023);-;En la verificación no se observó residuos sólidos orgánicos en proceso de valorización.;No aplica;SI;NO;NO;NO;2023;Resolución N° 00098-2023-OEFA/DSIS;Resolución N° 00098-2023-OEFA/DSIS
40175;372;ADM13878;20279780613.0;MUNICIPALIDAD DISTRITAL DE SITAJARA;Municipalidad;UF0037218;INFRAESTRUCTURA DE VALORIZACIÓN DE RESIDUOS SÓLIDOS ORGÁNICOS MUNICIPALES SITAJARA;Infraestructura de Valorización;Municipal;SI;NO;NO;NO;Tacna;Tarata;Susapaya;Carretera Quile Km 4. Ref. costado del galpón de Área de Equipo Mecánico de la municipalidad.;230405;19.0;379734;8079123.0;No tiene;-;-;-;-;-;;No aplica;OPERACIÓN;Ficha de verificación (24/08/2023);-;No aplica;No aplica;SI;NO;NO;NO;2023;Resolución N° 00098-2023-OEFA/DSIS;Resolución N° 00098-2023-OEFA/DSIS
40176;373;ADM12494;20172446800.0;MUNICIPALIDAD PROVINCIAL DE SAN PABLO;Municipalidad;UF0037221;INFRAESTRUCTURA DE VALORIZACIÓN DE RESIDUOS SÓLIDOS ORGÁNICOS MUNICIPALES SAN PABLO-CAJAMARCA;Infraestructura de Valorización;Municipal;SI;NO;NO;NO;Cajamarca;San Pablo;San Pablo;Km.6+400 carretera Kuntur Wasi.;61201;17.0;740005;9205901.0;No tiene;-;-;-;-;-;;No aplica;OPERACIÓN;Ficha de verificación (04/09/2023);-;No aplica;No aplica;SI;NO;NO;NO;2023;Resolución N° 00098-2023-OEFA/DSIS;Resolución N° 00098-2023-OEFA/DSIS
40177;374;ADM12566;20175975234.0;MUNICIPALIDAD PROVINCIAL DE LAMBAYEQUE;Municipalidad;UF0037223;INFRAESTRUCTURA DE VALORIZACIÓN DE RESIDUOS SÓLIDOS ORGÁNICOS MUNICIPALES LAMBAYEQUE;Infraestructura de Valorización;Municipal;SI;NO;NO;NO;Lambayeque;Lambayeque;Lambayeque;Calle Arrozal Mz. L Lote 1 (Casa Hacienda Humberto Fernandini).;140301;17.0;618247;9260120.0;No tiene;-;-;-;-;-;;No aplica;OPERACIÓN;Ficha de verificación (24/08/2023);-;No aplica;No aplica;SI;NO;NO;NO;2023;Resolución N° 00098-2023-OEFA/DSIS;Resolución N° 00098-2023-OEFA/DSIS
40178;375;ADM12467;20171775834.0;MUNICIPALIDAD DISTRITAL DE OYOTUN;Municipalidad;UF0037224;INFRAESTRUCTURA DE VALORIZACIÓN DE RESIDUOS SÓLIDOS ORGÁNICOS MUNICIPALES OYOTUN;Infraestructura de Valorización;Municipal;SI;NO;NO;NO;Lambayeque;Chiclayo;Oyotún;Calle Augusto B. Leguía y Calle Lima. Ref. a 10 m del Estadio Municipal.;140110;17.0;687861;9242079.0;No tiene;-;-;-;-;-;;No aplica;CONSTRUCCIÓN;Ficha de verificación (28/08/2023);-;En la verificación se evidenció obras de reconstrucción por afectación de altas precipitaciones.;No aplica;SI;NO;NO;NO;2023;Resolución N° 00098-2023-OEFA/DSIS;Resolución N° 00098-2023-OEFA/DSIS
40179;376;ADM12199;20159377424.0;MUNICIPALIDAD DISTRITAL YUCAY;Municipalidad;UF0037175;INFRAESTRUCTURA DE VALORIZACIÓN DE RESIDUOS SÓLIDOS ORGÁNICOS MUNICIPALES YUCAY;Infraestructura de Valorización;Municipal;SI;NO;NO;NO;Cusco;Urubamba;Yucay;Vía de evitamiento, 7mo Sector denominado La Playa.;81307;18.0;816512;8524658.0;No tiene;-;-;-;-;-;;No aplica;OPERACIÓN;Ficha de verificación (23/08/2023);-;No aplica;No aplica;SI;NO;NO;NO;2023;Resolución N° 00098-2023-OEFA/DSIS;Resolución N° 00098-2023-OEFA/DSIS
40180;377;ADM12037;20147346434.0;MUNICIPALIDAD PROVINCIAL DE ESPINAR;Municipalidad;UF0037176;INFRAESTRUCTURA DE VALORIZACIÓN DE RESIDUOS SÓLIDOS ORGÁNICOS MUNICIPALES ESPINAR;Infraestructura de Valorización;Municipal;SI;NO;NO;NO;Cusco;Espinar;Espinar;Comunidad Sueroicama, cerca al puente Santa Lucia.;80801;19.0;239630;8368506.0;No tiene;-;-;-;-;-;;No aplica;OPERACIÓN;Ficha de verificación (28/08/2023);-;No aplica;No aplica;SI;NO;NO;NO;2023;Resolución N° 00098-2023-OEFA/DSIS;Resolución N° 00098-2023-OEFA/DSIS
40181;378;ADM13738;20232820111.0;MUNICIPALIDAD DISTRITAL DE HUEPETUHE;Municipalidad;UF0037177;INFRAESTRUCTURA DE VALORIZACIÓN DE RESIDUOS SÓLIDOS ORGÁNICOS MUNICIPALES HUEPETUHE;Infraestructura de Valorización;Municipal;SI;NO;NO;NO;Madre de Dios;Manu;Huepetuhe;Urbanización Pueblo Unido. Ref. cerca al Estadio Municipal.;170204;19.0;334938;8562559.0;No tiene;-;-;-;-;-;;No aplica;OPERACIÓN;Ficha de verificación (31/08/2023);-;No aplica;No aplica;SI;NO;NO;NO;2023;Resolución N° 00098-2023-OEFA/DSIS;Resolución N° 00098-2023-OEFA/DSIS
40182;379;ADM16572;20529997401.0;MUNICIPALIDAD DISTRITAL VEINTISEIS DE OCTUBRE;Municipalidad;UF0037179;INFRAESTRUCTURA DE VALORIZACIÓN DE RESIDUOS SÓLIDOS ORGÁNICOS MUNICIPALES VEINTISEIS DE OCTUBRE;Infraestructura de Valorización;Municipal;SI;NO;NO;NO;Piura;Piura;Veintiséis de Octubre;Coscomba PAS-EV01-COS-048.;200115;17.0;535159;9424485.0;No tiene;-;-;-;-;-;;No aplica;OPERACIÓN;Ficha de verificación (25/08/2023);-;No aplica;No aplica;SI;NO;NO;NO;2023;Resolución N° 00098-2023-OEFA/DSIS;Resolución N° 00098-2023-OEFA/DSIS
40183;380;ADM12180;20159229581.0;CONCEJO MUNICIPAL DIST RINCONADA LLICUAR;Municipalidad;UF0037180;INFRAESTRUCTURA DE VALORIZACIÓN DE RESIDUOS SÓLIDOS ORGÁNICOS MUNICIPALES RINCONADA LLICUAR;Infraestructura de Valorización;Municipal;SI;NO;NO;NO;Piura;Sechura;Rinconada Llicuar;Carretera a Bernal sector Rinconada.;200806;17.0;526719;9397037.0;No tiene;-;-;-;-;-;;No aplica;OPERACIÓN;Ficha de verificación (28/08/2023);-;No aplica;No aplica;SI;NO;NO;NO;2023;Resolución N° 00098-2023-OEFA/DSIS;Resolución N° 00098-2023-OEFA/DSIS
40184;381;ADM12921;20193051635.0;MUNICIPALIDAD DISTRITAL DE MANCORA;Municipalidad;UF0037181;INFRAESTRUCTURA DE VALORIZACIÓN DE RESIDUOS SÓLIDOS ORGÁNICOS MUNICIPALES MANCORA;Infraestructura de Valorización;Municipal;SI;NO;NO;NO;Piura;Talara;Máncora;"Panamericana Norte. Ref. en el terreno del Área Degradada ""Botadero Municipal"".";200706;17.0;492565;9543203.0;No tiene;-;-;-;-;-;;No aplica;OPERACIÓN;Ficha de verificación (04/09/2023);-;No aplica;No aplica;SI;NO;NO;NO;2023;Resolución N° 00098-2023-OEFA/DSIS;Resolución N° 00098-2023-OEFA/DSIS
40185;382;ADM12823;20190332013.0;MUNICIPALIDAD DISTRITAL DE MATAPALO;Municipalidad;UF0037182;INFRAESTRUCTURA DE VALORIZACIÓN DE RESIDUOS SÓLIDOS ORGÁNICOS MUNICIPALES MATAPALO;Infraestructura de Valorización;Municipal;SI;NO;NO;NO;Tumbes;Zarumilla;Matapalo;Calle Sargento Mujica S/N.;240303;17.0;588265;9592950.0;No tiene;-;-;-;-;-;;No aplica;OPERACIÓN;Ficha de verificación (05/09/2023);-;No aplica;No aplica;SI;NO;NO;NO;2023;Resolución N° 00098-2023-OEFA/DSIS;Resolución N° 00098-2023-OEFA/DSIS
40186;383;ADM12942;20193972897.0;MUNICIPALIDAD DIST. SAN JUAN DE LA VIRGEN;Municipalidad;UF0037183;INFRAESTRUCTURA DE VALORIZACIÓN DE RESIDUOS SÓLIDOS ORGÁNICOS MUNICIPALES SAN JUAN DE LA VIRGEN;Infraestructura de Valorización;Municipal;SI;NO;NO;NO;Tumbes;Tumbes;San Juan de la Virgen;"Ref. en el terreno del Área Degradada ""Botadero Cementerio"".";240106;17.0;564239;9599615.0;No tiene;-;-;-;-;-;;No aplica;OPERACIÓN;Ficha de verificación (05/09/2023);-;No aplica;No aplica;SI;NO;NO;NO;2023;Resolución N° 00098-2023-OEFA/DSIS;Resolución N° 00098-2023-OEFA/DSIS
40187;384;ADM12630;20178689348.0;MUNICIPALIDAD DISTRITAL DE CORRALES;Municipalidad;UF0037184;INFRAESTRUCTURA DE VALORIZACIÓN DE RESIDUOS SÓLIDOS ORGÁNICOS MUNICIPALES CORRALES;Infraestructura de Valorización;Municipal;SI;NO;NO;NO;Tumbes;Tumbes;Corrales;Quebrada Los Cedros.;240102;17.0;552811;9598984.0;No tiene;-;-;-;-;-;;No aplica;OPERACIÓN;Ficha de verificación (06/09/2023);-;No aplica;No aplica;SI;NO;NO;NO;2023;Resolución N° 00098-2023-OEFA/DSIS;Resolución N° 00098-2023-OEFA/DSIS
40188;385;ADM12299;20164091547.0;MUNICIPALIDAD DISTRITAL DE LA ESPERANZA;Municipalidad;UF0037185;INFRAESTRUCTURA DE VALORIZACIÓN DE RESIDUOS SÓLIDOS ORGÁNICOS MUNICIPALES LA ESPERANZA-LA LIBERTAD;Infraestructura de Valorización;Municipal;SI;NO;NO;NO;La Libertad;Trujillo;La Esperanza;Cerca a paradero de micros California y frente a central eléctrica de Hidrandina.;130105;17.0;714552;9110008.0;No tiene;-;-;-;-;-;;No aplica;OPERACIÓN;Ficha de verificación (31/08/2023);-;No aplica;No aplica;SI;NO;NO;NO;2023;Resolución N° 00098-2023-OEFA/DSIS;Resolución N° 00098-2023-OEFA/DSIS
40189;386;ADM12380;20167736468.0;MUNICIPALIDAD DISTRITAL DE HUANCHACO;Municipalidad;UF0037186;INFRAESTRUCTURA DE VALORIZACIÓN DE RESIDUOS SÓLIDOS ORGÁNICOS MUNICIPALES HUANCHACO;Infraestructura de Valorización;Municipal;SI;NO;NO;NO;La Libertad;Trujillo;Huanchaco;Ingreso en dirección al colegio Valdivia.;130104;17.0;711276;9106525.0;No tiene;-;-;-;-;-;;No aplica;OPERACIÓN;Ficha de verificación (25/08/2023);-;No aplica;No aplica;SI;NO;NO;NO;2023;Resolución N° 00098-2023-OEFA/DSIS;Resolución N° 00098-2023-OEFA/DSIS
40190;387;ADM12138;20155012359.0;MUNICIPALIDAD PROVINCIAL DE HUACAYBAMBA;Municipalidad;UF0037187;INFRAESTRUCTURA DE VALORIZACIÓN DE RESIDUOS SÓLIDOS ORGÁNICOS MUNICIPALES HUACAYBAMBA;Infraestructura de Valorización;Municipal;SI;NO;NO;NO;Huánuco;Huacaybamba;Huacaybamba;Medio mundo, localidad de Chichipon.;100401;18.0;283293;8998548.0;No tiene;-;-;-;-;-;;No aplica;OPERACIÓN;Ficha de verificación (31/08/2023);-;No aplica;No aplica;SI;NO;NO;NO;2023;Resolución N° 00098-2023-OEFA/DSIS;Resolución N° 00098-2023-OEFA/DSIS
40191;388;ADM12404;20168778750.0;MUNICIPALIDAD PROVINCIAL DE PURUS;Municipalidad;UF0037188;INFRAESTRUCTURA DE VALORIZACIÓN DE RESIDUOS SÓLIDOS ORGÁNICOS MUNICIPALES PURUS;Infraestructura de Valorización;Municipal;SI;NO;NO;NO;Ucayali;Purus;Purus;Jr. Alberto Delgado S/N, a unas cuadras del estadio.;250401;19.0;312691;8919978.0;No tiene;-;-;-;-;-;;No aplica;OPERACIÓN;Ficha de verificación (14/09/2023);-;No aplica;No aplica;SI;NO;NO;NO;2023;Resolución N° 00098-2023-OEFA/DSIS;Resolución N° 00098-2023-OEFA/DSIS
40192;389;ADM12262;20162538391.0;MUNICIPALIDAD DISTRITAL DE CHACAYAN;Municipalidad;UF0037189;INFRAESTRUCTURA DE VALORIZACIÓN DE RESIDUOS SÓLIDOS ORGÁNICOS MUNICIPALES CHACAYAN;Infraestructura de Valorización;Municipal;SI;NO;NO;NO;Pasco;Daniel Alcides Carrión;Chacayán;Ricachacuna, ex hidroeléctrica.;190202;18.0;342285;8845617.0;No tiene;-;-;-;-;-;;No aplica;OPERACIÓN;Ficha de verificación (04/09/2023);-;No aplica;No aplica;SI;NO;NO;NO;2023;Resolución N° 00098-2023-OEFA/DSIS;Resolución N° 00098-2023-OEFA/DSIS
40193;390;ADM13734;20232667681.0;CONCEJO DISTRITAL DE TAPUC;Municipalidad;UF0037190;INFRAESTRUCTURA DE VALORIZACIÓN DE RESIDUOS SÓLIDOS ORGÁNICOS MUNICIPALES TAPUC;Infraestructura de Valorización;Municipal;SI;NO;NO;NO;Pasco;Daniel Alcides Carrión;Tapuc;Jr. Joaquín Saavedra Merino S/N, al costado de la oficina de la Ex reforma agraria.;190207;18.0;340046;8843825.0;No tiene;-;-;-;-;-;;No aplica;CONSTRUCCIÓN;Ficha de verificación (04/09/2023);-;En la verificación se evidenció obras de remodelación.;No aplica;SI;NO;NO;NO;2023;Resolución N° 00098-2023-OEFA/DSIS;Resolución N° 00098-2023-OEFA/DSIS
40194;391;ADM12925;20193104267.0;MUNICIPALIDAD DISTRITAL DE ÑAHUIMPUQUIO;Municipalidad;UF0037191;INFRAESTRUCTURA DE VALORIZACIÓN DE RESIDUOS SÓLIDOS ORGÁNICOS MUNICIPALES ÑAHUIMPUQUIO;Infraestructura de Valorización;Municipal;SI;NO;NO;NO;Huancavelica;Tayacaja;Ñahuimpuquio;Sector Santa Rosa (Carretera Huancavelica - Huancayo).;90710;18.0;492933;8636016.0;No tiene;-;-;-;-;-;;No aplica;OPERACIÓN;Ficha de verificación (05/09/2023);-;No aplica;No aplica;SI;NO;NO;NO;2023;Resolución N° 00098-2023-OEFA/DSIS;Resolución N° 00098-2023-OEFA/DSIS
40195;392;ADM14158;20339031038.0;MUNICIPALIDAD DISTRITAL DE SAN PEDRO DE LARAOS;Municipalidad;UF0037192;INFRAESTRUCTURA DE VALORIZACIÓN DE RESIDUOS SÓLIDOS ORGÁNICOS MUNICIPALES SAN PEDRO DE LARAOS;Infraestructura de Valorización;Municipal;SI;NO;NO;NO;Lima;Huarochirí;San Pedro de Laraos;Canchón.;150712;18.0;331647;8709591.0;No tiene;-;-;-;-;-;;No aplica;OPERACIÓN;Ficha de verificación (25/08/2023);-;En la verificación no se observó residuos sólidos orgánicos en proceso de valorización.;No aplica;SI;NO;NO;NO;2023;Resolución N° 00098-2023-OEFA/DSIS;Resolución N° 00098-2023-OEFA/DSIS
40196;393;ADM11850;20133696661.0;MUNICIPALIDAD DISTRITAL DE CHILCA;Municipalidad;UF0037193;INFRAESTRUCTURA DE VALORIZACIÓN DE RESIDUOS SÓLIDOS ORGÁNICOS MUNICIPALES CHILCA-JUNIN;Infraestructura de Valorización;Municipal;SI;NO;NO;NO;Junín;Huancayo;Chilca;"Sector Villa Hermosa, rivera del río Mantaro. Ref. en el terreno del Área Degradada ""Botadero Barrio Progreso"".";120107;18.0;475042;8662387.0;No tiene;-;-;-;-;-;;No aplica;OPERACIÓN;Ficha de verificación (08/09/2023);-;No aplica;No aplica;SI;NO;NO;NO;2023;Resolución N° 00098-2023-OEFA/DSIS;Resolución N° 00098-2023-OEFA/DSIS
40197;394;ADM13061;20198893359.0;MUNICIPALIDAD DISTRITAL DE ANTAUTA;Municipalidad;UF0036805;MEJORAMIENTO DEL SERVICIO DE LIMPIEZA PÚBLICA EN LA ZONA URBANA DEL DISTRITO DE ANTAUTA - MELGAR - PUNO;Infraestructura de disposición final / Relleno sanitario;Municipal;SI;NO;NO;SI;Puno;Azángaro;Potoni;Sector Ccarccatira;210209;19.0;363140.00;8413706.0;C. S/N GDA;;;;-;;;No aplica;OPERACIÓN;Supervisión;2023-05-20 00:00:00;No aplica;Distrito de Antauta;SI;NO;NO;NO;2023;Resolución N° 00098-2023-OEFA/DSIS;Resolución N° 00098-2023-OEFA/DSIS
40198;395;ADM13182;20201987297.0;MUNICIPALIDAD PROVINCIAL DE JAEN;Municipalidad;UF0037194;INFRAESTRUCTURA DE DISPOSICIÓN FINAL, PLANTA DE VALORIZACIÓN Y CENTRO DE ACOPIO DE RESIDUOS SÓLIDOS MUNICIPALES;Infraestructura de disposición final / Relleno sanitario;Municipal;SI;NO;NO;SI;Cajamarca;Jaén;Jaén;Sector la Mochenta;60801;17.0;745800;9356250.0;R.A. N° 946-2019-MPJ/A;;;;-;;;No aplica;OPERACIÓN;"Oficio N° 024-2025-MPJ/GSMGA-SGGIRS/EAGM
  Registro N° 2025-E01-021198";;;Distrito de Jaén;SI;NO;NO;NO;2023;Resolución N° 00098-2023-OEFA/DSIS;Resolución N° 00098-2023-OEFA/DSIS
40199;396;ADM28152;20563371995.0;RECPER SOCIEDAD ANONIMA CERRADA - RECPER S.A.C.;EORS;UF0037013;INFRAESTRUCTURA DE VALORIZACIÓN Y TRATAMIENTO DE RESIDUOS SÓLIDOS DEL ÁMBITO NO MUNICIPAL PARA REUTILIZACIÓN INDUSTRIAL;Planta de Tratamiento;No Municipal;SI;NO;SI;NO;Lima;Lima;Ate;Calle Santa Rosa N° 153, Urb. Industrial Santa Rosa;150103;18.0;285520;8666208.0;R. D. N° 01457-2022-MINAM/VMGA/DGRS;;;;-;;;"EO-RS-0183-19-150103
 EO-RS-0183-19-150103 Anexo 1 (Modificación de la información)
 EO-RS-0183-19-150103 Anexo 02 (Ampliación de unidades vehiculares para el manejo de residuos peligrosos)
 EO-RS-0183-19-150103 Anexo 03 (Ampliación de unidades vehiculares para el manejo de residuos no peligrosos)
 ""EO-RS-0183-19-150103 Anexo 04 (Modificación de la información consignada en el Registro Autoritativo de Empresas Operadoras de
 Residuos Sólidos relacionada con el cambio de responsable técnico)""
 EO-RS-0183-19-150103 Anexo 05 (Ampliación de las operaciones para el manejo simultáneo de residuos sólidos peligrosos y no peligrosos)";OPERACIÓN;OFICIO N° 00549-2022-MINAM/VMGA/DGRS;;;No aplica;NO;NO;SI;SI;2023;Resolución N° 00098-2023-OEFA/DSIS;Resolución N° 00098-2023-OEFA/DSIS
40200;397;ADM12681;20183093941.0;MUNICIPALIDAD PROVINCIAL JAUJA;Municipalidad;UF0019009;INFRAESTRUCTURA DEL PROYECTO AMPLIACIÓN Y MEJORAMIENTO DE LA GESTIÓN INTEGRAL DE LOS RESIDUOS SÓLIDOS EN LOS DISTRITOS DE JAUJA, SAUSA Y PANCAN DE LA PROVINCIA JAUJA-JUNÍN;Infraestructura de disposición final / Relleno sanitario;Municipal;SI;NO;NO;SI;Junín;Jauja;Pomacancha;Altura del Km 30 de la carretera Jauja - Tarma;120426;18.0;428222.00;8719636.0;R.G.D.A.Y.F. N° 011-2020-MPJ/GDAYF;;;;-;;;No aplica;CONSTRUCCIÓN CULMINADA;"Acta de culminación de obra
(Registro 2025-I01-055352)";-;-;Distritos de Jauja, Sausa y Pacán;SI;NO;NO;NO;2023;Resolución N° 00098-2023-OEFA/DSIS;Resolución N° 00098-2023-OEFA/DSIS
40201;398;ADM12502;20172730940.0;MUNICIPALIDAD DISTRITAL DE INGENIO;Municipalidad;UF0037250;INFRAESTRUCTURA DE VALORIZACIÓN DE RESIDUOS SÓLIDOS ORGÁNICOS MUNICIPALES EL INGENIO-JUNIN;Infraestructura de Valorización;Municipal;SI;NO;NO;NO;Junín;Huancayo;Ingenio;Carretera Anexo Rangra.;120122;18.0;472443;8685532.0;No tiene;-;-;-;-;-;;No aplica;OPERACIÓN;Ficha de verificación (11/09/2023);-;No aplica;No aplica;SI;NO;NO;NO;2023;Resolución N° 00098-2023-OEFA/DSIS;Resolución N° 00098-2023-OEFA/DSIS
40202;399;ADM14076;20318794180.0;MUNICIPALIDAD DISTRITAL DE HUASICANCHA;Municipalidad;UF0037251;INFRAESTRUCTURA DE VALORIZACIÓN DE RESIDUOS SÓLIDOS ORGÁNICOS MUNICIPALES HUASICANCHA;Infraestructura de Valorización;Municipal;SI;NO;NO;NO;Junín;Huancayo;Huasicancha;Prolongacion Santa Barbara. Ref. Ex Colegio de Huasicancha.;120120;18.0;468737;8636888.0;No tiene;-;-;-;-;-;;No aplica;OPERACIÓN;Ficha de verificación (12/09/2023);-;No aplica;No aplica;SI;NO;NO;NO;2023;Resolución N° 00098-2023-OEFA/DSIS;Resolución N° 00098-2023-OEFA/DSIS
40203;400;ADM12978;20195243299.0;MUNICIPALIDAD DISTRITAL SAPALLANGA;Municipalidad;UF0037252;INFRAESTRUCTURA DE VALORIZACIÓN DE RESIDUOS SÓLIDOS ORGÁNICOS MUNICIPALES SAPALLANGA;Infraestructura de Valorización;Municipal;SI;NO;NO;NO;Junín;Huancayo;Sapallanga;Coronel Cisneros. Ref. Ex Camal.;120133;18.0;482006;8658008.0;No tiene;-;-;-;-;-;;No aplica;OPERACIÓN;Ficha de verificación (13/09/2023);-;No aplica;No aplica;SI;NO;NO;NO;2023;Resolución N° 00098-2023-OEFA/DSIS;Resolución N° 00098-2023-OEFA/DSIS
40204;401;ADM13447;20212824641.0;MUNICIPALIDAD PROV. DE MARISCAL LUZURIAGA;Municipalidad;UF0037253;INFRAESTRUCTURA DE VALORIZACIÓN DE RESIDUOS SÓLIDOS ORGÁNICOS MUNICIPALES MARISCAL LUZURIAGA;Infraestructura de Valorización;Municipal;SI;NO;NO;NO;Áncash;Mariscal Luzuriaga;Piscobamba;Barrio Gorgash, frente al Cementerio General de Piscobamba.;21301;18.0;239965;9019320.0;No tiene;-;-;-;-;-;;No aplica;OPERACIÓN;Ficha de verificación (07/09/2023);-;No aplica;No aplica;SI;NO;NO;NO;2023;Resolución N° 00098-2023-OEFA/DSIS;Resolución N° 00098-2023-OEFA/DSIS
40205;402;ADM12596;20177237826.0;MUNICIPALIDAD DIST. JOSÉ MARÍA QUIMPER;Municipalidad;UF0037254;INFRAESTRUCTURA DE VALORIZACIÓN DE RESIDUOS SÓLIDOS ORGÁNICOS MUNICIPALES JOSÉ MARÍA QUIMPER;Infraestructura de Valorización;Municipal;SI;NO;NO;NO;Arequipa;Camaná;José María Quimper;Mirador del Inca.;40202;18.0;741669;8164717.0;No tiene;-;-;-;-;-;;No aplica;OPERACIÓN;Ficha de verificación (28/08/2023);-;No aplica;No aplica;SI;NO;NO;NO;2023;Resolución N° 00098-2023-OEFA/DSIS;Resolución N° 00098-2023-OEFA/DSIS
40206;403;ADM12836;20190587437.0;MUNICIPALIDAD DISTRITAL NICÓLAS DE PIÉROLA;Municipalidad;UF0037255;INFRAESTRUCTURA DE VALORIZACIÓN DE RESIDUOS SÓLIDOS ORGÁNICOS MUNICIPALES NICÓLAS DE PIÉROLA;Infraestructura de Valorización;Municipal;SI;NO;NO;NO;Arequipa;Camaná;Nicolás de Piérola;Av. Bolivar, calle José Santos Chocano.;40205;18.0;743628;8166963.0;No tiene;-;-;-;-;-;;No aplica;OPERACIÓN;Ficha de verificación (01/09/2023);-;No aplica;No aplica;SI;NO;NO;NO;2023;Resolución N° 00098-2023-OEFA/DSIS;Resolución N° 00098-2023-OEFA/DSIS
40207;404;ADM12265;20162664426.0;MUNICIPALIDAD DISTRITAL DE YAUCA;Municipalidad;UF0037256;INFRAESTRUCTURA DE VALORIZACIÓN DE RESIDUOS SÓLIDOS ORGÁNICOS MUNICIPALES YAUCA;Infraestructura de Valorización;Municipal;SI;NO;NO;NO;Arequipa;Caravelí;Yauca;Calle General Segura, Molino Municipal.;40313;18.0;550933;8268879.0;No tiene;-;-;-;-;-;;No aplica;OPERACIÓN;Ficha de verificación (05/09/2023);-;No aplica;No aplica;SI;NO;NO;NO;2023;Resolución N° 00098-2023-OEFA/DSIS;Resolución N° 00098-2023-OEFA/DSIS
40208;405;ADM12441;20170503628.0;MUNICIPALIDAD DISTRITAL DE COCACHACRA;Municipalidad;UF0037257;INFRAESTRUCTURA DE VALORIZACIÓN DE RESIDUOS SÓLIDOS ORGÁNICOS MUNICIPALES COCACHACRA;Infraestructura de Valorización;Municipal;SI;NO;NO;NO;Arequipa;Islay;Cocachacra;A la altura del Molino Sanson.;40702;19.0;206580;8109457.0;No tiene;-;-;-;-;-;;No aplica;OPERACIÓN;Ficha de verificación (19/09/2023);-;No aplica;No aplica;SI;NO;NO;NO;2023;Resolución N° 00098-2023-OEFA/DSIS;Resolución N° 00098-2023-OEFA/DSIS
40209;406;ADM13367;20207861759.0;MUNICIPALIDAD DISTRITAL DE JAQUI;Municipalidad;UF0037258;INFRAESTRUCTURA DE VALORIZACIÓN DE RESIDUOS SÓLIDOS ORGÁNICOS MUNICIPALES JAQUI;Infraestructura de Valorización;Municipal;SI;NO;NO;NO;Arequipa;Caravelí;Jaqui;Sector Los Olivos.;40310;18.0;560277;8288906.0;No tiene;-;-;-;-;-;;No aplica;CONSTRUCCIÓN;Ficha de verificación (05/09/2023);-;No aplica;No aplica;SI;NO;NO;NO;2023;Resolución N° 00098-2023-OEFA/DSIS;Resolución N° 00098-2023-OEFA/DSIS
40210;407;ADM12883;20191802633.0;MUNICIPALIDAD PROVINCIAL DE CONDESUYOS;Municipalidad;UF0037259;INFRAESTRUCTURA DE VALORIZACIÓN DE RESIDUOS SÓLIDOS ORGÁNICOS MUNICIPALES CONDESUYOS;Infraestructura de Valorización;Municipal;SI;NO;NO;NO;Arequipa;Condesuyos;Chuquibamba;Cerca al grifo Condesuyos.;40601;18.0;751103;8247244.0;No tiene;-;-;-;-;-;;No aplica;OPERACIÓN;Ficha de verificación (15/09/2023);-;No aplica;No aplica;SI;NO;NO;NO;2023;Resolución N° 00098-2023-OEFA/DSIS;Resolución N° 00098-2023-OEFA/DSIS
40211;408;ADM12371;20166871035.0;MUNICIPALIDAD PROV. DE VILCAS HUAMAN;Municipalidad;UF0037260;INFRAESTRUCTURA DE VALORIZACIÓN DE RESIDUOS SÓLIDOS ORGÁNICOS MUNICIPALES VILCAS HUAMAN;Infraestructura de Valorización;Municipal;SI;NO;NO;NO;Ayacucho;Vilcas Huamán;Vilcas Huamán;Centro Poblado de San Juan de Chito, al noroeste del distrito.;51101;18.0;618044;8495486.0;No tiene;-;-;-;-;-;;No aplica;OPERACIÓN;Ficha de verificación (23/08/2023);-;No aplica;No aplica;SI;NO;NO;NO;2023;Resolución N° 00098-2023-OEFA/DSIS;Resolución N° 00098-2023-OEFA/DSIS
40212;409;ADM13547;20220338241.0;MUNICIPALIDAD DISTRITAL DE BELÉN;Municipalidad;UF0037261;INFRAESTRUCTURA DE VALORIZACIÓN DE RESIDUOS SÓLIDOS ORGÁNICOS MUNICIPALES BELÉN;Infraestructura de Valorización;Municipal;SI;NO;NO;NO;Ayacucho;Sucre;Belén;Psje Ica, por Plaza Principal de Belén S/N.;50902;18.0;634296;8473093.0;No tiene;-;-;-;-;-;;No aplica;CIERRE;Ficha de verificación (29/08/2023);-;Municipalidad informó que se encuentra en proceso de desmantelamiento, puesto que, está gestionando reubicar su infraestructura de valorización.;No aplica;SI;NO;NO;NO;2023;Resolución N° 00098-2023-OEFA/DSIS;Resolución N° 00098-2023-OEFA/DSIS
40213;410;ADM13166;20201620661.0;MUNICIPALIDAD DISTRITAL DE SORAS;Municipalidad;UF0037262;INFRAESTRUCTURA DE VALORIZACIÓN DE RESIDUOS SÓLIDOS ORGÁNICOS MUNICIPALES SORAS;Infraestructura de Valorización;Municipal;SI;NO;NO;NO;Ayacucho;Sucre;Soras;Exbotadero Urin Soras Huito.;50911;18.0;648050;8439924.0;No tiene;-;-;-;-;-;;No aplica;CONSTRUCCIÓN;Ficha de verificación (31/08/2023);-;La municipalidad informó que no ha valorizado desde el año 2022 y que se encuentra en proceso de implementación para iniciar operaciones.;No aplica;SI;NO;NO;NO;2023;Resolución N° 00098-2023-OEFA/DSIS;Resolución N° 00098-2023-OEFA/DSIS
40214;411;ADM12951;20194058935.0;MUNICIPALIDAD DISTRITAL DE SARA SARA;Municipalidad;UF0037263;INFRAESTRUCTURA DE VALORIZACIÓN DE RESIDUOS SÓLIDOS ORGÁNICOS MUNICIPALES SARA SARA;Infraestructura de Valorización;Municipal;SI;NO;NO;NO;Ayacucho;Páucar del Sara Sara;Sara Sara;Waswacercca, por el sector denominado Bienvenidos.;50810;18.0;665428;8314543.0;No tiene;-;-;-;-;-;;No aplica;OPERACIÓN;Ficha de verificación (14/09/2023);-;-;No aplica;SI;NO;NO;NO;2023;Resolución N° 00098-2023-OEFA/DSIS;Resolución N° 00098-2023-OEFA/DSIS
40215;412;ADM12617;20178073151.0;MUNICIPALIDAD DISTRITAL TINGO DE SAPOSOA;Municipalidad;UF0037264;INFRAESTRUCTURA DE VALORIZACIÓN DE RESIDUOS SÓLIDOS ORGÁNICOS MUNICIPALES TINGO DE SAPOSOA;Infraestructura de Valorización;Municipal;SI;NO;NO;NO;San Martín;Mariscal Cáceres;Juanjuí;Sector Zanja Seca.;220406;18.0;314631;9213957.0;No tiene;-;-;-;-;-;;No aplica;OPERACIÓN;Ficha de verificación (24/08/2023);-;-;No aplica;SI;NO;NO;NO;2023;Resolución N° 00098-2023-OEFA/DSIS;Resolución N° 00098-2023-OEFA/DSIS
40216;413;ADM16605;20531195141.0;MUNICIPALIDAD DISTRITAL PILLUANA;Municipalidad;UF0037265;INFRAESTRUCTURA DE VALORIZACIÓN DE RESIDUOS SÓLIDOS ORGÁNICOS MUNICIPALES PILLUANA;Infraestructura de Valorización;Municipal;SI;NO;NO;NO;San Martín;Picota;Pilluana;Jr. Ucayali S/N. A dos cuadras de la I.E José Antonio Encinas Franco.;220704;18.0;357252;9250526.0;No tiene;-;-;-;-;-;;No aplica;CONSTRUCCIÓN;Ficha de verificación (29/08/2023);-;La municipalidad informó que se gestionará implementación para el año 2024.;No aplica;SI;NO;NO;NO;2023;Resolución N° 00098-2023-OEFA/DSIS;Resolución N° 00098-2023-OEFA/DSIS
40217;414;ADM12066;20148169501.0;MUNICIPALIDAD DISTRITAL DE CACATACHI;Municipalidad;UF0037266;INFRAESTRUCTURA DE VALORIZACIÓN DE RESIDUOS SÓLIDOS ORGÁNICOS MUNICIPALES CACATACHI;Infraestructura de Valorización;Municipal;SI;NO;NO;NO;San Martín;San Martín;Cacatachi;Jr. Oscar R. Benavides, cuadra 1, cerca a la faja marginal de la Quebrada Shupishiña.;220903;18.0;339215;9285541.0;No tiene;-;-;-;-;-;;No aplica;OPERACIÓN;Ficha de verificación (15/09/2023);-;-;No aplica;SI;NO;NO;NO;2023;Resolución N° 00098-2023-OEFA/DSIS;Resolución N° 00098-2023-OEFA/DSIS
40218;415;ADM12064;20148157597.0;MUNICIPALIDAD DISTRITAL DE JUAN GUERRA;Municipalidad;UF0037267;INFRAESTRUCTURA DE VALORIZACIÓN DE RESIDUOS SÓLIDOS ORGÁNICOS MUNICIPALES JUAN GUERRA;Infraestructura de Valorización;Municipal;SI;NO;NO;NO;San Martín;San Martín;Juan Guerra;Jr. Los Proceres, margen derecha de la carretera central.;220908;18.0;353426;9272794.0;No tiene;-;-;-;-;-;;No aplica;OPERACIÓN;Ficha de verificación (18/09/2023);-;-;No aplica;SI;NO;NO;NO;2023;Resolución N° 00098-2023-OEFA/DSIS;Resolución N° 00098-2023-OEFA/DSIS
40219;416;ADM13848;20273871013.0;MUNICIPALIDAD DISTRITAL DE CABANACONDE;Municipalidad;UF0037307;INFRAESTRUCTURA DE VALORIZACIÓN DE RESIDUOS SÓLIDOS ORGÁNICOS MUNICIPALES CABANACONDE;Infraestructura de Valorización;Municipal;SI;NO;NO;NO;Arequipa;Caylloma;Cabanaconde;Sector San Miguel SN, por la carretera Chivay a Cabanaconde.;40503;19.0;182275;8271268.0;No tiene;-;-;-;-;-;;No aplica;OPERACIÓN;Ficha de verificación (12/09/2023);-;En la verificación no se observó residuos sólidos orgánicos en proceso de valorización.;No aplica;SI;NO;NO;NO;2023;Resolución N° 00098-2023-OEFA/DSIS;Resolución N° 00098-2023-OEFA/DSIS
40220;417;ADM13689;20228892735.0;MUNICIPALIDAD DISTRITAL DE ICHUPAMPA;Municipalidad;UF0037308;INFRAESTRUCTURA DE VALORIZACIÓN DE RESIDUOS SÓLIDOS ORGÁNICOS MUNICIPALES ICHUPAMPA;Infraestructura de Valorización;Municipal;SI;NO;NO;NO;Arequipa;Caylloma;Ichupampa;Calle Ugarte Mz. U1 Lte 1.;40509;19.0;211865;8267802.0;No tiene;-;-;-;-;-;;No aplica;OPERACIÓN;Ficha de verificación (14/09/2023);-;En la verificación no se observó residuos sólidos orgánicos en proceso de valorización.;No aplica;SI;NO;NO;NO;2023;Resolución N° 00098-2023-OEFA/DSIS;Resolución N° 00098-2023-OEFA/DSIS
40221;418;ADM14042;20312182417.0;MUNICIPALIDAD DISTRITAL DE LARI;Municipalidad;UF0037309;INFRAESTRUCTURA DE VALORIZACIÓN DE RESIDUOS SÓLIDOS ORGÁNICOS MUNICIPALES LARI;Infraestructura de Valorización;Municipal;SI;NO;NO;NO;Arequipa;Caylloma;Lari;Zona de CCOIMO, camino al mirador de MACA.;40510;19.0;203774;8270349.0;No tiene;-;-;-;-;-;;No aplica;OPERACIÓN;Ficha de verificación (12/09/2023);-;-;No aplica;SI;NO;NO;NO;2023;Resolución N° 00098-2023-OEFA/DSIS;Resolución N° 00098-2023-OEFA/DSIS
40222;419;ADM13588;20221840675.0;MUNICIPALIDAD DISTRITAL DE MADRIGAL;Municipalidad;UF0037310;INFRAESTRUCTURA DE VALORIZACIÓN DE RESIDUOS SÓLIDOS ORGÁNICOS MUNICIPALES MADRIGAL;Infraestructura de Valorización;Municipal;SI;NO;NO;NO;Arequipa;Caylloma;Madrigal;Calle Franisco Bolognesi S/N, camino a MALATA.;40513;19.0;198493;98272494.0;No tiene;-;-;-;-;-;;No aplica;OPERACIÓN;Ficha de verificación (15/09/2023);-;En la verificación no se observó residuos sólidos orgánicos en proceso de valorización.;No aplica;SI;NO;NO;NO;2023;Resolución N° 00098-2023-OEFA/DSIS;Resolución N° 00098-2023-OEFA/DSIS
40223;420;ADM12835;20190584331.0;MUNICIPALIDAD DISTRITAL DE SIBAYO;Municipalidad;UF0037311;INFRAESTRUCTURA DE VALORIZACIÓN DE RESIDUOS SÓLIDOS ORGÁNICOS MUNICIPALES SIBAYO;Infraestructura de Valorización;Municipal;SI;NO;NO;NO;Arequipa;Caylloma;Sibayo;-;40515;19.0;236437;8286741.0;No tiene;-;-;-;-;-;;No aplica;OPERACIÓN;Ficha de verificación (08/09/2023);-;En la verificación no se observó residuos sólidos orgánicos en proceso de valorización.;No aplica;SI;NO;NO;NO;2023;Resolución N° 00098-2023-OEFA/DSIS;Resolución N° 00098-2023-OEFA/DSIS
40224;421;ADM13400;20209175712.0;MUNICIPALIDAD DISTRITAL DE YANQUE;Municipalidad;UF0037312;INFRAESTRUCTURA DE VALORIZACIÓN DE RESIDUOS SÓLIDOS ORGÁNICOS MUNICIPALES YANQUE;Infraestructura de Valorización;Municipal;SI;NO;NO;NO;Arequipa;Caylloma;Yanque;Av. Colca S/N, sector Anansaya.;40519;19.0;215534;8268043.0;No tiene;-;-;-;-;-;;No aplica;CONSTRUCCIÓN;Ficha de verificación (13/09/2023);-;-;No aplica;SI;NO;NO;NO;2023;Resolución N° 00098-2023-OEFA/DSIS;Resolución N° 00098-2023-OEFA/DSIS
40225;422;ADM11723;20121103754.0;MUNICIPALIDAD DISTRITAL DE CAYMA;Municipalidad;UF0037313;INFRAESTRUCTURA DE VALORIZACIÓN DE RESIDUOS SÓLIDOS ORGÁNICOS MUNICIPALES CAYMA;Infraestructura de Valorización;Municipal;SI;NO;NO;NO;Arequipa;Arequipa;Cayma;Pampa Condormico, al costado del Pueblo Los Jazmines, Carretera Charcani.;40103;19.0;230468;8197179.0;No tiene;-;-;-;-;-;;No aplica;OPERACIÓN;Ficha de verificación (25/08/2023);-;-;No aplica;SI;NO;NO;NO;2023;Resolución N° 00098-2023-OEFA/DSIS;Resolución N° 00098-2023-OEFA/DSIS
40226;423;ADM12526;20174802786.0;MUNICIPALIDAD DISTRITAL DE CANCHAYLLO;Municipalidad;UF0037314;INFRAESTRUCTURA DE VALORIZACIÓN DE RESIDUOS SÓLIDOS ORGÁNICOS MUNICIPALES CANCHAYLLO;Infraestructura de Valorización;Municipal;SI;NO;NO;NO;Junín;Jauja;Canchayllo;Av. Ferrocarril S/N, barrio 28 de Julio. Ref. costado de vivero municipal.;120405;18.0;421700;8695354.0;No tiene;-;-;-;-;-;;No aplica;OPERACIÓN;Ficha de verificación (31/08/2023);-;-;No aplica;SI;NO;NO;NO;2023;Resolución N° 00098-2023-OEFA/DSIS;Resolución N° 00098-2023-OEFA/DSIS
40227;424;ADM13098;20199817893.0;MUNICIPALIDAD DISTRITAL DE SAN PEDRO DE CAJAS;Municipalidad;UF0037315;INFRAESTRUCTURA DE VALORIZACIÓN DE RESIDUOS SÓLIDOS ORGÁNICOS MUNICIPALES SAN PEDRO DE CAJAS;Infraestructura de Valorización;Municipal;SI;NO;NO;NO;Junín;Tarma;San Pedro de Cajas;Sector Magaypata.;120708;18.0;406934;8757075.0;No tiene;-;-;-;-;-;;No aplica;OPERACIÓN;Ficha de verificación (29/08/2023);-;-;No aplica;SI;NO;NO;NO;2023;Resolución N° 00098-2023-OEFA/DSIS;Resolución N° 00098-2023-OEFA/DSIS
40228;425;ADM13890;20281832329.0;MUNICIPALIDAD DISTRITAL DE MOLINOS;Municipalidad;UF0037316;INFRAESTRUCTURA DE VALORIZACIÓN DE RESIDUOS SÓLIDOS ORGÁNICOS MUNICIPALES MOLINOS;Infraestructura de Valorización;Municipal;SI;NO;NO;NO;Junín;Jauja;Molinos;Espalda del estadio municipal.;120418;18.0;451197;8702393.0;No tiene;-;-;-;-;-;;No aplica;OPERACIÓN;Ficha de verificación (04/09/2023);-;-;No aplica;SI;NO;NO;NO;2023;Resolución N° 00098-2023-OEFA/DSIS;Resolución N° 00098-2023-OEFA/DSIS
40229;426;ADM12640;20179329779.0;MUNICIPALIDAD DISTRITAL DE HUAMALI;Municipalidad;UF0037317;INFRAESTRUCTURA DE VALORIZACIÓN DE RESIDUOS SÓLIDOS ORGÁNICOS MUNICIPALES HUAMALI;Infraestructura de Valorización;Municipal;SI;NO;NO;NO;Junín;Jauja;Huamalí;Jr. Manuel de Pinto S/N, intersección con Jr. Ayacucho. Ref. costado del cementerio general del distrito.;120408;18.0;454217;8694142.0;No tiene;-;-;-;-;-;;No aplica;OPERACIÓN;Ficha de verificación (19/09/2023);-;-;No aplica;SI;NO;NO;NO;2023;Resolución N° 00098-2023-OEFA/DSIS;Resolución N° 00098-2023-OEFA/DSIS
40230;427;ADM12286;20163707463.0;MUNICIPALIDAD DISTRITAL DE MUQUIYAUYO;Municipalidad;UF0037318;INFRAESTRUCTURA DE VALORIZACIÓN DE RESIDUOS SÓLIDOS ORGÁNICOS MUNICIPALES MUQUIYAUYO;Infraestructura de Valorización;Municipal;SI;NO;NO;NO;Junín;Jauja;Muquiyauyo;Jr. Aríca S/N, Ref. a espalda del estadio municipal.;120421;18.0;451074;8693197.0;No tiene;-;-;-;-;-;;No aplica;OPERACIÓN;Ficha de verificación (20/09/2023);-;-;No aplica;SI;NO;NO;NO;2023;Resolución N° 00098-2023-OEFA/DSIS;Resolución N° 00098-2023-OEFA/DSIS
40231;428;ADM13276;20205376390.0;MUNICIPALIDAD DISTRITAL DE ORCOTUNA;Municipalidad;UF0037319;INFRAESTRUCTURA DE VALORIZACIÓN DE RESIDUOS SÓLIDOS ORGÁNICOS MUNICIPALES ORCOTUNA;Infraestructura de Valorización;Municipal;SI;NO;NO;NO;Junín;Concepción;Orcotuna;"Jr. Lima. Ref. en el terreno del Área Degradada ""Botadero La Isla"".";120213;18.0;467690;8677739.0;No tiene;-;-;-;-;-;;No aplica;OPERACIÓN;Ficha de verificación (26/09/2023);-;-;No aplica;SI;NO;NO;NO;2023;Resolución N° 00098-2023-OEFA/DSIS;Resolución N° 00098-2023-OEFA/DSIS
40232;429;ADM13051;20198676846.0;MUNICIPALIDAD DISTRITAL DE LLIPATA;Municipalidad;UF0037320;INFRAESTRUCTURA DE VALORIZACIÓN DE RESIDUOS SÓLIDOS ORGÁNICOS MUNICIPALES LLIPATA;Infraestructura de Valorización;Municipal;SI;NO;NO;NO;Ica;Palpa;Llipata;Ampliación Nueva Esperanza S/N.;110402;18.0;482975.31;9293700.46;No tiene;-;-;-;-;-;;No aplica;OPERACIÓN;Ficha de verificación (12/09/2023);-;-;No aplica;SI;NO;NO;NO;2023;Resolución N° 00098-2023-OEFA/DSIS;Resolución N° 00098-2023-OEFA/DSIS
40233;430;ADM13055;20198806481.0;MUNICIPALIDAD DISTRITAL SAN JOSÉ MOLINOS;Municipalidad;UF0037321;INFRAESTRUCTURA DE VALORIZACIÓN DE RESIDUOS SÓLIDOS ORGÁNICOS MUNICIPALES SAN JOSÉ MOLINOS;Infraestructura de Valorización;Municipal;SI;NO;NO;NO;Ica;Ica;San José de los Molinos;La Ranchería de Trapiche S/N.;110109;18.0;428813;8462379.0;No tiene;-;-;-;-;-;;No aplica;OPERACIÓN;Ficha de verificación (14/09/2023);-;-;No aplica;SI;NO;NO;NO;2023;Resolución N° 00098-2023-OEFA/DSIS;Resolución N° 00098-2023-OEFA/DSIS
40234;431;ADM12173;20158939402.0;MUNICIPALIDAD DISTRITAL DE SAN LUIS;Municipalidad;UF0037322;INFRAESTRUCTURA DE VALORIZACIÓN DE RESIDUOS SÓLIDOS ORGÁNICOS MUNICIPALES SAN LUIS-CAÑETE;Infraestructura de Valorización;Municipal;SI;NO;NO;NO;Lima;Cañete;San Luis;Av. 28 de Julio, antigua Panamerica Sur Km. 137.1;150514;18.0;344627;8556589.0;No tiene;-;-;-;-;-;;No aplica;OPERACIÓN;Ficha de verificación (20/09/2023);-;-;No aplica;SI;NO;NO;NO;2023;Resolución N° 00098-2023-OEFA/DSIS;Resolución N° 00098-2023-OEFA/DSIS
40235;432;ADM12143;20155998718.0;MUNICIPALIDAD DISTRITAL DE SANTA CRUZ DE FLORES;Municipalidad;UF0037323;INFRAESTRUCTURA DE VALORIZACIÓN DE RESIDUOS SÓLIDOS ORGÁNICOS MUNICIPALES SANTA CRUZ DE FLORES;Infraestructura de Valorización;Municipal;SI;NO;NO;NO;Lima;Cañete;Santa Cruz de Flores;Carretera Azpitia la Escalera.;150515;18.0;322665;8605595.0;No tiene;-;-;-;-;-;;No aplica;OPERACIÓN;Ficha de verificación (22/09/2023);-;-;No aplica;SI;NO;NO;NO;2023;Resolución N° 00098-2023-OEFA/DSIS;Resolución N° 00098-2023-OEFA/DSIS
40236;433;ADM13775;20257413153.0;MUNICIPALIDAD DISTRITAL DE CARAMPOMA;Municipalidad;UF0037324;INFRAESTRUCTURA DE VALORIZACIÓN DE RESIDUOS SÓLIDOS ORGÁNICOS MUNICIPALES CARAMPOMA;Infraestructura de Valorización;Municipal;SI;NO;NO;NO;Lima;Huarochirí;Carampoma;Curva Aliso a 5 min. de la municipalidad.;150704;18.0;334688;8710350.0;No tiene;-;-;-;-;-;;No aplica;OPERACIÓN;Ficha de verificación (24/08/2023);-;En la verificación no se observó residuos sólidos orgánicos en proceso de valorización.;No aplica;SI;NO;NO;NO;2023;Resolución N° 00098-2023-OEFA/DSIS;Resolución N° 00098-2023-OEFA/DSIS
40237;434;ADM12998;20195577073.0;MUNICIPALIDAD DISTRITAL DE HUAMPARA;Municipalidad;UF0037325;INFRAESTRUCTURA DE VALORIZACIÓN DE RESIDUOS SÓLIDOS ORGÁNICOS MUNICIPALES HUAMPARA;Infraestructura de Valorización;Municipal;SI;NO;NO;NO;Lima;Yauyos;Huampara;Calle Circumbalación S/N, salida al distrito de Ayavirí.;151013;18.0;373026;8633258.0;No tiene;-;-;-;-;-;;No aplica;OPERACIÓN;Ficha de verificación (06/09/2023);-;-;No aplica;SI;NO;NO;NO;2023;Resolución N° 00098-2023-OEFA/DSIS;Resolución N° 00098-2023-OEFA/DSIS
40238;435;ADM12996;20195570141.0;MUNICIPALIDAD DISTRITAL DE QUINOCAY;Municipalidad;UF0037326;INFRAESTRUCTURA DE VALORIZACIÓN DE RESIDUOS SÓLIDOS ORGÁNICOS MUNICIPALES QUINOCAY;Infraestructura de Valorización;Municipal;SI;NO;NO;NO;Lima;Yauyos;Quinocay;Piedra Escrito.;151025;18.0;363500;8635153.0;No tiene;-;-;-;-;-;;No aplica;OPERACIÓN;Ficha de verificación (08/09/2023);-;-;No aplica;SI;NO;NO;NO;2023;Resolución N° 00098-2023-OEFA/DSIS;Resolución N° 00098-2023-OEFA/DSIS
40239;436;ADM13523;20218921141.0;MUNICIPALIDAD DISTRITAL TAURIPAMPA;Municipalidad;UF0037373;INFRAESTRUCTURA DE VALORIZACIÓN DE RESIDUOS SÓLIDOS ORGÁNICOS MUNICIPALES TAURIPAMPA;Infraestructura de Valorización;Municipal;SI;NO;NO;NO;Lima;Yauyos;Tauripampa;Zona Capilla.;150129;18.0;373327;8604903.0;No tiene;-;-;-;-;-;;No aplica;OPERACIÓN;Ficha de verificación (11/09/2023);-;En la verificación no se observó residuos sólidos orgánicos en proceso de valorización.;No aplica;SI;NO;NO;NO;2023;Resolución N° 00098-2023-OEFA/DSIS;Resolución N° 00098-2023-OEFA/DSIS
40240;437;ADM12814;20190173110.0;MUNICIPALIDAD DISTRITAL DE MIRAFLORES YAUYOS;Municipalidad;UF0037374;INFRAESTRUCTURA DE VALORIZACIÓN DE RESIDUOS SÓLIDOS ORGÁNICOS MUNICIPALES MIRAFLORES-YAUYOS;Infraestructura de Valorización;Municipal;SI;NO;NO;NO;Lima;Yauyos;Miraflores;Laramachay.;151021;18.0;406280;8643193.0;No tiene;-;-;-;-;-;;No aplica;OPERACIÓN;Ficha de verificación (15/09/2023);-;-;No aplica;SI;NO;NO;NO;2023;Resolución N° 00098-2023-OEFA/DSIS;Resolución N° 00098-2023-OEFA/DSIS
40241;438;ADM13645;20224676388.0;MUNICIPALIDAD DISTRITAL DE VITIS;Municipalidad;UF0037375;INFRAESTRUCTURA DE VALORIZACIÓN DE RESIDUOS SÓLIDOS ORGÁNICOS MUNICIPALES VITIS;Infraestructura de Valorización;Municipal;SI;NO;NO;NO;Lima;Yauyos;Vitis;Chachme.;151033;18.0;411962;8647408.0;No tiene;-;-;-;-;-;;No aplica;OPERACIÓN;Ficha de verificación (21/09/2023);-;-;No aplica;SI;NO;NO;NO;2023;Resolución N° 00098-2023-OEFA/DSIS;Resolución N° 00098-2023-OEFA/DSIS
40242;439;ADM11973;20146009060.0;MUNICIPALIDAD DISTRITAL DE AMARILIS;Municipalidad;UF0037376;INFRAESTRUCTURA DE VALORIZACIÓN DE RESIDUOS SÓLIDOS ORGÁNICOS MUNICIPALES AMARILIS;Infraestructura de Valorización;Municipal;SI;NO;NO;NO;Huánuco;Huánuco;Amarilis;Centro Poblado Colpa Alta, parcela 140 A, frente al Cuartel Militar.;100102;18.0;364239;8895780.0;No tiene;-;-;-;-;-;;No aplica;OPERACIÓN;Ficha de verificación (25/08/2023);-;Municipalidad informó que estan gestionando reubicación de la Infraestructura de Valorización.;No aplica;SI;NO;NO;NO;2023;Resolución N° 00098-2023-OEFA/DSIS;Resolución N° 00098-2023-OEFA/DSIS
40243;440;ADM12483;20172303014.0;MUNICIPALIDAD DISTRITAL DE HUAURA;Municipalidad;UF0037377;INFRAESTRUCTURA DE VALORIZACIÓN DE RESIDUOS SÓLIDOS ORGÁNICOS MUNICIPALES HUAURA;Infraestructura de Valorización;Municipal;SI;NO;NO;NO;Lima;Huaura;Huaura;Centro Poblado Chacaca, camino a Centinella.;150806;18.0;214627;8775450.0;No tiene;-;-;-;-;-;;No aplica;OPERACIÓN;Ficha de verificación (23/08/2023);-;-;No aplica;SI;NO;NO;NO;2023;Resolución N° 00098-2023-OEFA/DSIS;Resolución N° 00098-2023-OEFA/DSIS
40244;441;ADM13332;20206864215.0;MUNICIPALIDAD DISTRITAL DE SANTIAGO DE TUNA;Municipalidad;UF0037378;INFRAESTRUCTURA DE VALORIZACIÓN DE RESIDUOS SÓLIDOS ORGÁNICOS MUNICIPALES SANTIAGO DE TUNA;Infraestructura de Valorización;Municipal;SI;NO;NO;NO;Lima;Huarochirí;Santiago de Tuna;Sector Cantucha, Ref. a 10 metros de la carretera principal del distrito Tuna.;150730;18.0;332819;8676814.0;No tiene;-;-;-;-;-;;No aplica;CONSTRUCCIÓN;Ficha de verificación (28/08/2023);-;-;No aplica;SI;NO;NO;NO;2023;Resolución N° 00098-2023-OEFA/DSIS;Resolución N° 00098-2023-OEFA/DSIS
40245;442;ADM13769;20256583373.0;MUNICIPALIDAD DISTRITAL DE SAN PEDRO DE HUANCAYRE;Municipalidad;UF0037379;INFRAESTRUCTURA DE VALORIZACIÓN DE RESIDUOS SÓLIDOS ORGÁNICOS MUNICIPALES SAN PEDRO DE HUANCAYRE;Infraestructura de Valorización;Municipal;SI;NO;NO;NO;Lima;Huarochirí;San Pedro de Huancayre;Sector Yaulinga, Ref. a 50 metros de la trocha carrozable de San Pedro de Huancayre a San Lorenzo.;150725;18.0;367914;8658295.0;No tiene;-;-;-;-;-;;No aplica;OPERACIÓN;Ficha de verificación (31/08/2023);-;-;No aplica;SI;NO;NO;NO;2023;Resolución N° 00098-2023-OEFA/DSIS;Resolución N° 00098-2023-OEFA/DSIS
40246;443;ADM13517;20218617311.0;MUNICIPALIDAD DISTRITAL DE SANTIAGO DE ANCHUCAYA;Municipalidad;UF0037380;INFRAESTRUCTURA DE VALORIZACIÓN DE RESIDUOS SÓLIDOS ORGÁNICOS MUNICIPALES SANTIAGO DE ANCHUCAYA;Infraestructura de Valorización;Municipal;SI;NO;NO;NO;Lima;Huarochirí;Santiago de Anchucaya;Sector Shuyturumi Pampa. Ref. a 20 metros de la Vía San Pedro LM826.;150729;18.0;366327;8662263.0;No tiene;-;-;-;-;-;;No aplica;OPERACIÓN;Ficha de verificación (01/09/2023);-;-;No aplica;SI;NO;NO;NO;2023;Resolución N° 00098-2023-OEFA/DSIS;Resolución N° 00098-2023-OEFA/DSIS
40247;444;ADM12444;20170855141.0;MUNICIPALIDAD PROVINCIAL DE CANTA;Municipalidad;UF0037381;INFRAESTRUCTURA DE VALORIZACIÓN DE RESIDUOS SÓLIDOS ORGÁNICOS MUNICIPALES CANTA;Infraestructura de Valorización;Municipal;SI;NO;NO;NO;Lima;Canta;Canta;Sector Antamaca, Ref. Margen derecho de la Carretera Canta - Lima.;150401;18.0;322769;8731291.0;No tiene;-;-;-;-;-;;No aplica;OPERACIÓN;Ficha de verificación (08/09/2023);-;-;No aplica;SI;NO;NO;NO;2023;Resolución N° 00098-2023-OEFA/DSIS;Resolución N° 00098-2023-OEFA/DSIS
40248;445;ADM13565;20221092270.0;MUNICIPALIDAD DISTRITAL SAN BUENAVENTURA;Municipalidad;UF0037382;INFRAESTRUCTURA DE VALORIZACIÓN DE RESIDUOS SÓLIDOS ORGÁNICOS MUNICIPALES SAN BUENAVENTURA;Infraestructura de Valorización;Municipal;SI;NO;NO;NO;Lima;Canta;San Buenaventura;Sector Into, Ref. a 10 metros vía de acceso carrozable al sector de Huaya.;150406;18.0;318329;8729565.0;No tiene;-;-;-;-;-;;No aplica;OPERACIÓN;Ficha de verificación (11/09/2023);-;-;No aplica;SI;NO;NO;NO;2023;Resolución N° 00098-2023-OEFA/DSIS;Resolución N° 00098-2023-OEFA/DSIS
40249;446;ADM13371;20208022602.0;MUNICIPALIDAD DISTRITAL DE SAN FRANCISCO DE DAGUAS;Municipalidad;UF0037383;INFRAESTRUCTURA DE VALORIZACIÓN DE RESIDUOS SÓLIDOS ORGÁNICOS MUNICIPALES SAN FRANCISCO DE DAGUAS;Infraestructura de Valorización;Municipal;SI;NO;NO;NO;Amazonas;Chachapoyas;San Francisco de Daguas;KM 1.5 carreterra que une las localidades de Pipus - Daguas.;10118;18.0;197135;9311030.0;No tiene;-;-;-;-;-;;No aplica;OPERACIÓN;Ficha de verificación (04/09/2023);-;-;No aplica;SI;NO;NO;NO;2023;Resolución N° 00098-2023-OEFA/DSIS;Resolución N° 00098-2023-OEFA/DSIS
40250;447;ADM12534;20175083937.0;MUNICIPALIDAD PROVINCIAL SAN MARCOS;Municipalidad;UF0037385;INFRAESTRUCTURA DE VALORIZACIÓN DE RESIDUOS SÓLIDOS ORGÁNICOS MUNICIPALES SAN MARCOS-CAJAMARCA;Infraestructura de Valorización;Municipal;SI;NO;NO;NO;Cajamarca;San Marcos;Pedro Gálvez;Sector Palanque, Centro Poblado Huayobamba.;61001;17.0;809315;9189378.0;No tiene;-;-;-;-;-;;No aplica;OPERACIÓN;Ficha de verificación (05/09/2023);-;-;No aplica;SI;NO;NO;NO;2023;Resolución N° 00098-2023-OEFA/DSIS;Resolución N° 00098-2023-OEFA/DSIS
40251;448;ADM12705;20184880513.0;MUNICIPALIDAD DISTRITAL DE CHILETE;Municipalidad;UF0037386;INFRAESTRUCTURA DE VALORIZACIÓN DE RESIDUOS SÓLIDOS ORGÁNICOS MUNICIPALES CHILETE;Infraestructura de Valorización;Municipal;SI;NO;NO;NO;Cajamarca;Contumazá;Chilete;Caserío San Felipe, Anexo La Paloma. Aprox.a 2 km de la ciudad de Chilete.;60502;17.0;736037;9200364.0;No tiene;-;-;-;-;-;;No aplica;OPERACIÓN;Ficha de verificación (04/09/2023);-;-;No aplica;SI;NO;NO;NO;2023;Resolución N° 00098-2023-OEFA/DSIS;Resolución N° 00098-2023-OEFA/DSIS
40252;449;ADM12635;20178862074.0;MUNICIPALIDAD PROVINCIAL DE CHEPÉN;Municipalidad;UF0037387;INFRAESTRUCTURA DE VALORIZACIÓN DE RESIDUOS SÓLIDOS ORGÁNICOS MUNICIPALES CHEPÉN;Infraestructura de Valorización;Municipal;SI;NO;NO;NO;La Libertad;Chepén;Chepén;Al costado de canteras de Talamo.;130401;17.0;678744;9197925.0;No tiene;-;-;-;-;-;;No aplica;OPERACIÓN;Ficha de verificación (06/09/2023);-;-;No aplica;SI;NO;NO;NO;2023;Resolución N° 00098-2023-OEFA/DSIS;Resolución N° 00098-2023-OEFA/DSIS
40253;450;ADM12692;20183998651.0;MUNICIPALIDAD DISTRITAL DE HUARIACA;Municipalidad;UF0037388;INFRAESTRUCTURA DE VALORIZACIÓN DE RESIDUOS SÓLIDOS ORGÁNICOS MUNICIPALES HUARIACA;Infraestructura de Valorización;Municipal;SI;NO;NO;NO;Pasco;Pasco;Huariaca;"Carretera al Anexo Jarcahuaca, a la mano derecha. Ref. en el terreno del Área Degradada ""Botadero Cashamachay"".";190103;18.0;368584;8846417.0;No tiene;-;-;-;-;-;;No aplica;OPERACIÓN;Ficha de verificación (28/08/2023);-;-;No aplica;SI;NO;NO;NO;2023;Resolución N° 00098-2023-OEFA/DSIS;Resolución N° 00098-2023-OEFA/DSIS
40254;451;ADM12155;20156695948.0;MUNICIPALIDAD DISTRITAL DE CALLANMARCA;Municipalidad;UF0037389;INFRAESTRUCTURA DE VALORIZACIÓN DE RESIDUOS SÓLIDOS ORGÁNICOS MUNICIPALES CALLANMARCA;Infraestructura de Valorización;Municipal;SI;NO;NO;NO;Huancavelica;Angaraes;Callanmarca;"Carretera Lircay - Callanmarca. Ref. en el terreno del Área Degradada ""Botadero Sector Santuchayocc"".";90303;18.0;540091;8578042.0;No tiene;-;-;-;-;-;;No aplica;OPERACIÓN;Ficha de verificación (31/08/2023);-;-;No aplica;SI;NO;NO;NO;2023;Resolución N° 00098-2023-OEFA/DSIS;Resolución N° 00098-2023-OEFA/DSIS
40255;452;ADM12826;20190345344.0;MUNICIPALIDAD PROVINCIAL DE TAYACAJA;Municipalidad;UF0037390;INFRAESTRUCTURA DE VALORIZACIÓN DE RESIDUOS SÓLIDOS ORGÁNICOS MUNICIPALES TAYACAJA;Infraestructura de Valorización;Municipal;SI;NO;NO;NO;Huancavelica;Tayacaja;Pampas;"En el terreno del Área Degradada ""Botadero Hatunpampa"".";90701;18.0;513702;8627371.0;No tiene;-;-;-;-;-;;No aplica;OPERACIÓN;Ficha de verificación (04/09/2023);-;-;No aplica;SI;NO;NO;NO;2023;Resolución N° 00098-2023-OEFA/DSIS;Resolución N° 00098-2023-OEFA/DSIS
40256;453;ADM13946;20287893869.0;MUNICIPALIDAD DISTRITAL DE QUISHUAR;Municipalidad;UF0037391;INFRAESTRUCTURA DE VALORIZACIÓN DE RESIDUOS SÓLIDOS ORGÁNICOS MUNICIPALES QUISHUAR;Infraestructura de Valorización;Municipal;SI;NO;NO;NO;Huancavelica;Tayacaja;Quishuar;Área Degradada Cruzpuquio.;90713;18.0;524084;8647505.0;No tiene;-;-;-;-;-;;No aplica;CONSTRUCCIÓN;Ficha de verificación (04/09/2023);-;En la verificación la municipalidad informó que está en proceso de implementación para iniciar a operar en setiembre.;No aplica;SI;NO;NO;NO;2023;Resolución N° 00098-2023-OEFA/DSIS;Resolución N° 00098-2023-OEFA/DSIS
40257;454;ADM13375;20208070755.0;MUNICIPALIDAD DISTRITAL DE HUAYLLAHUARA;Municipalidad;UF0037392;INFRAESTRUCTURA DE VALORIZACIÓN DE RESIDUOS SÓLIDOS ORGÁNICOS MUNICIPALES HUAYLLAHUARA;Infraestructura de Valorización;Municipal;SI;NO;NO;NO;Huancavelica;Huancavelica;Huayllahuara;Área Degradada Sector Chocco Pampa.;90107;18.0;480764;8629142.0;No tiene;-;-;-;-;-;;No aplica;OPERACIÓN;Ficha de verificación (06/09/2023);-;-;No aplica;SI;NO;NO;NO;2023;Resolución N° 00098-2023-OEFA/DSIS;Resolución N° 00098-2023-OEFA/DSIS
40258;455;ADM13942;20287815710.0;MUNICIPALIDAD DISTRITAL LARAMARCA;Municipalidad;UF0037463;INFRAESTRUCTURA DE VALORIZACIÓN DE RESIDUOS SÓLIDOS ORGÁNICOS MUNICIPALES LARAMARCA;Infraestructura de Valorización;Municipal;SI;NO;NO;NO;Huancavelica;Huaytará;Laramarca;Área Degradada Quillco.;90605;18.0;495849;8458001.0;No tiene;-;-;-;-;-;;No aplica;OPERACIÓN;Ficha de verificación (28/08/2023);-;En la verificación no se observó residuos sólidos orgánicos en proceso de valorización.;No aplica;SI;NO;NO;NO;2023;Resolución N° 00098-2023-OEFA/DSIS;Resolución N° 00098-2023-OEFA/DSIS
40259;456;ADM12650;20180401238.0;MUNICIPALIDAD DISTRITAL DE HUACRAPUQUIO;Municipalidad;UF0037464;INFRAESTRUCTURA DE VALORIZACIÓN DE RESIDUOS SÓLIDOS ORGÁNICOS MUNICIPALES HUACRAPUQUIO;Infraestructura de Valorización;Municipal;SI;NO;NO;NO;Junín;Huancayo;Huacrapuquio;Paraje hacia Huarisca.;120116;18.0;477537;8653385.0;No tiene;-;-;-;-;-;;No aplica;OPERACIÓN;Ficha de verificación (07/09/2023);-;-;No aplica;SI;NO;NO;NO;2023;Resolución N° 00098-2023-OEFA/DSIS;Resolución N° 00098-2023-OEFA/DSIS
40260;457;ADM11852;20133696823.0;MUNICIPALIDAD PROVINCIAL DE HUANCAYO;Municipalidad;UF0037465;INFRAESTRUCTURA DE VALORIZACIÓN DE RESIDUOS SÓLIDOS ORGÁNICOS MUNICIPALES HUANCAYO;Infraestructura de Valorización;Municipal;SI;NO;NO;NO;Junín;Huancayo;Huancán;Barrio Progreso - Mantaro.;120101;18.0;475098;8661759.0;No tiene;-;-;-;-;-;;No aplica;OPERACIÓN;Ficha de verificación (11/09/2023);-;-;No aplica;SI;NO;NO;NO;2023;Resolución N° 00098-2023-OEFA/DSIS;Resolución N° 00098-2023-OEFA/DSIS
40261;458;ADM13205;20202582258.0;MUNICIPALIDAD PROVINCIAL DE CORONGO;Municipalidad;UF0037471;INFRAESTRUCTURA DE VALORIZACIÓN DE RESIDUOS SÓLIDOS ORGÁNICOS MUNICIPALES CORONGO;Infraestructura de Valorización;Municipal;SI;NO;NO;NO;Áncash;Corongo;Corongo;Cerro Llaclacan, cercano al botadero.;20901;18.0;180867;9050199.0;No tiene;-;-;-;-;-;;No aplica;CONSTRUCCIÓN;Ficha de verificación (29/08/2023);-;-;No aplica;SI;NO;NO;NO;2023;Resolución N° 00098-2023-OEFA/DSIS;Resolución N° 00098-2023-OEFA/DSIS
40262;459;ADM13355;20207429091.0;MUNICIPALIDAD PROVINCIAL DE POMABAMBA;Municipalidad;UF0037472;INFRAESTRUCTURA DE VALORIZACIÓN DE RESIDUOS SÓLIDOS ORGÁNICOS MUNICIPALES POMABAMBA;Infraestructura de Valorización;Municipal;SI;NO;NO;NO;Áncash;Pomabamba;Pomabamba;Zona Tutapaj de la Comunidad Shiulla.;21601;18.0;225387;9027772.0;No tiene;-;-;-;-;-;;No aplica;OPERACIÓN;Ficha de verificación (06/09/2023);-;-;No aplica;SI;NO;NO;NO;2023;Resolución N° 00098-2023-OEFA/DSIS;Resolución N° 00098-2023-OEFA/DSIS
40263;460;ADM13185;20202020098.0;MUNICIPALIDAD PROVINCIAL CARLOS F. FITZCARRALD;Municipalidad;UF0037473;INFRAESTRUCTURA DE VALORIZACIÓN DE RESIDUOS SÓLIDOS ORGÁNICOS MUNICIPALES CARLOS F. FITZCARRALD;Infraestructura de Valorización;Municipal;SI;NO;NO;NO;Áncash;Carlos F. Fitzcarrald;San Luis;"Camino a Cardón Bajo. Ref. en el terreno del Área Degradada ""Botadero Ampash"".";20701;18.0;245591;8993505.0;No tiene;-;-;-;-;-;;No aplica;OPERACIÓN;Ficha de verificación (07/09/2023);-;-;No aplica;SI;NO;NO;NO;2023;Resolución N° 00098-2023-OEFA/DSIS;Resolución N° 00098-2023-OEFA/DSIS
40264;461;ADM13655;20226505211.0;MUNICIPALIDAD PROVINCIAL DE ASUNCIÓN;Municipalidad;UF0037474;INFRAESTRUCTURA DE VALORIZACIÓN DE RESIDUOS SÓLIDOS ORGÁNICOS MUNICIPALES ASUNCIÓN;Infraestructura de Valorización;Municipal;SI;NO;NO;NO;Áncash;Asunción;Chacas;"Tacshacuna. Ref. en el terreno del Área Degradada ""Botadero Sector Tacshacuna"".";20401;18.0;240968;8985244.0;No tiene;-;-;-;-;-;;No aplica;OPERACIÓN;Ficha de verificación (08/09/2023);-;-;No aplica;SI;NO;NO;NO;2023;Resolución N° 00098-2023-OEFA/DSIS;Resolución N° 00098-2023-OEFA/DSIS
40265;462;ADM13735;20232716488.0;MUNICIPALIDAD DISTRITAL DE RAHUAPAMPA;Municipalidad;UF0037475;INFRAESTRUCTURA DE VALORIZACIÓN DE RESIDUOS SÓLIDOS ORGÁNICOS MUNICIPALES RAHUAPAMPA;Infraestructura de Valorización;Municipal;SI;NO;NO;NO;Áncash;Huari;Rahuapampa;"Cruz Pampa, Gargawin, al costado de la propiedad de la familia Villavicencio. Ref. en el terreno del Área Degradada ""Botadero Sector Gargahuain"".";21012;18.0;275113;8967392.0;No tiene;-;-;-;-;-;;No aplica;CONSTRUCCIÓN;Ficha de verificación (11/09/2023);-;En la verificación la municipalidad informó que está en proceso de implementación para iniciar operaciones en el corto plazo.;No aplica;SI;NO;NO;NO;2023;Resolución N° 00098-2023-OEFA/DSIS;Resolución N° 00098-2023-OEFA/DSIS
40266;463;ADM13233;20203839848.0;MUNICIPALIDAD DISTRITAL DE SAN ANTONIO;Municipalidad;UF0037476;INFRAESTRUCTURA DE VALORIZACIÓN DE RESIDUOS SÓLIDOS ORGÁNICOS MUNICIPALES SAN ANTONIO-APURÍMAC;Infraestructura de Valorización;Municipal;SI;NO;NO;NO;Apurímac;Grau;San Antonio;Jallqui Mocco.;30709;18.0;755995;8433929.0;No tiene;-;-;-;-;-;;No aplica;OPERACIÓN;Ficha de verificación (30/08/2023);-;-;No aplica;SI;NO;NO;NO;2023;Resolución N° 00098-2023-OEFA/DSIS;Resolución N° 00098-2023-OEFA/DSIS
40267;464;ADM13389;20208750209.0;MUNICIPALIDAD DISTRITAL JUAN ESPINOZA MEDRANO;Municipalidad;UF0037477;INFRAESTRUCTURA DE VALORIZACIÓN DE RESIDUOS SÓLIDOS ORGÁNICOS MUNICIPALES JUAN ESPINOZA MEDRANO;Infraestructura de Valorización;Municipal;SI;NO;NO;NO;Apurímac;Antabamba;Juan Espinoza Medrano;"Sector Ccarhuincho. Ref. en el terreno del Área Degradada ""Botadero Ccauricho"".";30304;18.0;723107;8407727.0;No tiene;-;-;-;-;-;;No aplica;OPERACIÓN;Ficha de verificación (05/09/2023);-;-;No aplica;SI;NO;NO;NO;2023;Resolución N° 00098-2023-OEFA/DSIS;Resolución N° 00098-2023-OEFA/DSIS
40268;465;ADM12613;20177891127.0;MUNICIPALIDAD PROVINCIAL DE ANTABAMBA;Municipalidad;UF0037478;INFRAESTRUCTURA DE VALORIZACIÓN DE RESIDUOS SÓLIDOS ORGÁNICOS MUNICIPALES ANTABAMBA;Infraestructura de Valorización;Municipal;SI;NO;NO;NO;Apurímac;Antabamba;Antabamba;Sector Tahuata.;30301;18.0;730409;8409591.0;No tiene;-;-;-;-;-;;No aplica;CONSTRUCCIÓN;Ficha de verificación (04/09/2023);-;En la verificación se observó que está en proceso de implementación para iniciar operaciones.;No aplica;SI;NO;NO;NO;2023;Resolución N° 00098-2023-OEFA/DSIS;Resolución N° 00098-2023-OEFA/DSIS
40269;466;ADM13922;20287219947.0;MUNICIPALIDAD DISTRITAL SAN JUAN DE LUCANAS;Municipalidad;UF0037479;INFRAESTRUCTURA DE VALORIZACIÓN DE RESIDUOS SÓLIDOS ORGÁNICOS MUNICIPALES SAN JUAN DE LUCANAS;Infraestructura de Valorización;Municipal;SI;NO;NO;NO;Ayacucho;Lucanas;San Juan;Sector Tile Ccata.;50616;18.0;584908;8382643.0;No tiene;-;-;-;-;-;;No aplica;OPERACIÓN;Ficha de verificación (12/09/2023);-;-;No aplica;SI;NO;NO;NO;2023;Resolución N° 00098-2023-OEFA/DSIS;Resolución N° 00098-2023-OEFA/DSIS
40270;467;ADM13729;20232238560.0;MUNICIPALIDAD DISTRITAL DE LACHAQUI;Municipalidad;UF0037480;INFRAESTRUCTURA DE VALORIZACIÓN DE RESIDUOS SÓLIDOS ORGÁNICOS MUNICIPALES LACHAQUI;Infraestructura de Valorización;Municipal;SI;NO;NO;NO;Lima;Canta;Lachaqui;Trocha Carrozable que conduce al Paraje Totorcocha. Ref. frente al bosque los Pinos.;150405;18.0;325717;8725255.0;No tiene;-;-;-;-;-;;No aplica;OPERACIÓN;Ficha de verificación (07/09/2023);-;-;No aplica;SI;NO;NO;NO;2023;Resolución N° 00098-2023-OEFA/DSIS;Resolución N° 00098-2023-OEFA/DSIS
40271;468;ADM12476;20172247513.0;MUNICIPALIDAD PROVINCIAL DE YAUYOS;Municipalidad;UF0037481;INFRAESTRUCTURA DE VALORIZACIÓN DE RESIDUOS SÓLIDOS ORGÁNICOS MUNICIPALES YAUYOS-LIMA;Infraestructura de Valorización;Municipal;SI;NO;NO;NO;Lima;Yauyos;Yauyos;"Huayñia 2. Ref. en el terreno del Área Degradada ""Botadero Huayñia 2"".";151001;18.0;403838;8622999.0;No tiene;-;-;-;-;-;;No aplica;OPERACIÓN;Ficha de verificación (13/09/2023);-;-;No aplica;SI;NO;NO;NO;2023;Resolución N° 00098-2023-OEFA/DSIS;Resolución N° 00098-2023-OEFA/DSIS
40272;469;ADM12932;20193220763.0;MUNICIPALIDAD DISTRITAL DE VIRUNDO;Municipalidad;UF0037482;INFRAESTRUCTURA DE VALORIZACIÓN DE RESIDUOS SÓLIDOS ORGÁNICOS MUNICIPALES VIRUNDO;Infraestructura de Valorización;Municipal;SI;NO;NO;NO;Apurímac;Grau;Virundo;"Sector Misahuayco. Ref. en el terreno del Área Degradada ""Botadero Minashuaycco"".";30713;18.0;750613;8423807.0;No tiene;-;-;-;-;-;;No aplica;CONSTRUCCIÓN;Ficha de verificación (29/08/2023);-;En la verificación la municipalidad informó que está en proceso de implementación para iniciar operaciones.;No aplica;SI;NO;NO;NO;2023;Resolución N° 00098-2023-OEFA/DSIS;Resolución N° 00098-2023-OEFA/DSIS
40273;470;ADM14047;20312437776.0;CONCEJO DISTRITAL DE ALCA;Municipalidad;UF0037483;INFRAESTRUCTURA DE VALORIZACIÓN DE RESIDUOS SÓLIDOS ORGÁNICOS MUNICIPALES ALCA;Infraestructura de Valorización;Municipal;SI;NO;NO;NO;Arequipa;La Unión;Alca;"Culminado Cacerio de Lucha, a mano izquierda. Ref. en el terreno del Área Degradada ""Botadero S/N"".";40802;18.0;736164;8324072.0;No tiene;-;-;-;-;-;;No aplica;OPERACIÓN;Ficha de verificación (12/09/2023);-;-;No aplica;SI;NO;NO;NO;2023;Resolución N° 00098-2023-OEFA/DSIS;Resolución N° 00098-2023-OEFA/DSIS
40274;471;ADM13338;20207107213.0;MUNICIPALIDAD DISTRITAL SANTIAGO DE PAUCARAY;Municipalidad;UF0037484;INFRAESTRUCTURA DE VALORIZACIÓN DE RESIDUOS SÓLIDOS ORGÁNICOS MUNICIPALES SANTIAGO DE PAUCARAY;Infraestructura de Valorización;Municipal;SI;NO;NO;NO;Ayacucho;Sucre;Santiago de Paucaray;"Por desvío hacia Apurímac. Ref. en el terreno del Área Degradada ""Botadero Linda Llocce"".";50910;18.0;647506;8445597.0;No tiene;-;-;-;-;-;;No aplica;OPERACIÓN;Ficha de verificación (04/09/2023);-;-;No aplica;SI;NO;NO;NO;2023;Resolución N° 00098-2023-OEFA/DSIS;Resolución N° 00098-2023-OEFA/DSIS
40275;472;ADM13626;20223311165.0;MUNICIPALIDAD DISTRITAL DE SANTA ANA DE HUAYCAHUACHO;Municipalidad;UF0037485;INFRAESTRUCTURA DE VALORIZACIÓN DE RESIDUOS SÓLIDOS ORGÁNICOS MUNICIPALES SANTA ANA DE HUAYCAHUACHO;Infraestructura de Valorización;Municipal;SI;NO;NO;NO;Ayacucho;Lucanas;Aucará;"En el terreno del Área Degradada ""Botadero El Monte"".";50602;18.0;612061;8425825.0;No tiene;-;-;-;-;-;;No aplica;OPERACIÓN;Ficha de verificación (06/09/2023);-;-;No aplica;SI;NO;NO;NO;2023;Resolución N° 00098-2023-OEFA/DSIS;Resolución N° 00098-2023-OEFA/DSIS
40276;473;ADM13924;20287319810.0;MUNICIPALIDAD DISTRITAL CARMEN SALCEDO;Municipalidad;UF0037486;INFRAESTRUCTURA DE VALORIZACIÓN DE RESIDUOS SÓLIDOS ORGÁNICOS MUNICIPALES CARMEN SALCEDO;Infraestructura de Valorización;Municipal;SI;NO;NO;NO;Ayacucho;Lucanas;Carmen Salcedo;"En el terreno del Área Degradada ""Botadero Caballoputo"".";50604;18.0;612905;8412128.0;No tiene;-;-;-;-;-;;No aplica;OPERACIÓN;Ficha de verificación (07/09/2023);-;-;No aplica;SI;NO;NO;NO;2023;Resolución N° 00098-2023-OEFA/DSIS;Resolución N° 00098-2023-OEFA/DSIS
40277;474;ADM13921;20287187131.0;MUNICIPALIDAD DISTRITAL DE MARCABAMBA;Municipalidad;UF0037487;INFRAESTRUCTURA DE VALORIZACIÓN DE RESIDUOS SÓLIDOS ORGÁNICOS MUNICIPALES MARCABAMBA;Infraestructura de Valorización;Municipal;SI;NO;NO;NO;Ayacucho;Páucar del Sara Sara;Marcabamba;"Por la Quebrada Pacocolla, por carretera hacia anexo Vilcar. Ref. en el terreno del Área Degradada ""Botadero Pacocolla"".";50805;18.0;678595;8325596.0;No tiene;-;-;-;-;-;;No aplica;OPERACIÓN;Ficha de verificación (15/09/2023);-;-;No aplica;SI;NO;NO;NO;2023;Resolución N° 00098-2023-OEFA/DSIS;Resolución N° 00098-2023-OEFA/DSIS
40278;475;ADM15326;20489107695.0;MUNICIPALIDAD DISTRITAL DE CASPISAPA;Municipalidad;UF0037488;INFRAESTRUCTURA DE VALORIZACIÓN DE RESIDUOS SÓLIDOS ORGÁNICOS MUNICIPALES CASPISAPA;Infraestructura de Valorización;Municipal;SI;NO;NO;NO;San Martín;Picota;Caspisapa;"Sector Urreleico. Ref. en el terreno del Área Degradada ""Botadero Sector Urreleico"".";220703;18.0;343214;9233840.0;No tiene;-;-;-;-;-;;No aplica;OPERACIÓN;Ficha de verificación (01/09/2023);-;-;No aplica;SI;NO;NO;NO;2023;Resolución N° 00098-2023-OEFA/DSIS;Resolución N° 00098-2023-OEFA/DSIS
40279;476;ADM12129;20154547411.0;MUNICIPALIDAD DISTRITAL SAN HILARION;Municipalidad;UF0037489;INFRAESTRUCTURA DE VALORIZACIÓN DE RESIDUOS SÓLIDOS ORGÁNICOS MUNICIPALES SAN HILARION;Infraestructura de Valorización;Municipal;SI;NO;NO;NO;San Martín;Picota;San Cristóbal;"Carretera a Barrio San Juan - San Hilarión. Ref. en el terreno del Área Degradada ""Botadero Municipal"".";220706;18.0;339659;9229058.0;No tiene;-;-;-;-;-;;No aplica;OPERACIÓN;Ficha de verificación (31/08/2023);-;-;No aplica;SI;NO;NO;NO;2023;Resolución N° 00098-2023-OEFA/DSIS;Resolución N° 00098-2023-OEFA/DSIS
40280;477;ADM16613;20531296843.0;MUNICIPALIDAD DISTRITAL DE SAN ANTONIO;Municipalidad;UF0037493;INFRAESTRUCTURA DE VALORIZACIÓN DE RESIDUOS SÓLIDOS ORGÁNICOS MUNICIPALES SAN ANTONIO-SAN MARTÍN;Infraestructura de Valorización;Municipal;SI;NO;NO;NO;San Martín;San Martín;San Antonio;"Carretera San Roque Kilómetro 14, Sector Esteban Loma. Ref. en el terreno del Área Degradada ""Botadero Sector Águano"".";220912;18.0;342523;9292787.0;No tiene;-;-;-;-;-;;No aplica;OPERACIÓN;Ficha de verificación (19/09/2023);-;-;No aplica;SI;NO;NO;NO;2023;Resolución N° 00098-2023-OEFA/DSIS;Resolución N° 00098-2023-OEFA/DSIS
40281;478;ADM13072;20199260791.0;MUNICIPALIDAD DISTRITAL SANTA ROSA DE OCOPA;Municipalidad;UF0037495;INFRAESTRUCTURA DE VALORIZACIÓN DE RESIDUOS SÓLIDOS ORGÁNICOS MUNICIPALES SANTA ROSA DE OCOPA;Infraestructura de Valorización;Municipal;SI;NO;NO;NO;Junín;Concepción;Santa Rosa de Ocopa;"Carretera al anexo de Huanchar. Ref. en el terreno del Área Degradada ""Botadero Aylapampa"".";120215;18.0;466681;8687629.0;No tiene;-;-;-;-;-;;No aplica;OPERACIÓN;Ficha de verificación (25/08/2023);-;-;No aplica;SI;NO;NO;NO;2023;Resolución N° 00098-2023-OEFA/DSIS;Resolución N° 00098-2023-OEFA/DSIS
40282;479;ADM12807;20189993154.0;MUNICIPALIDAD DISTRITAL DE LLOCLLAPAMPA;Municipalidad;UF0037497;INFRAESTRUCTURA DE VALORIZACIÓN DE RESIDUOS SÓLIDOS ORGÁNICOS MUNICIPALES LLOCLLAPAMPA;Infraestructura de Valorización;Municipal;SI;NO;NO;NO;Junín;Jauja;Llocllapampa;Sector Rocroa, Ref. costado de la vía ferrea.;120414;18.0;425587;8696696.0;No tiene;-;-;-;-;-;;No aplica;OPERACIÓN;Ficha de verificación (01/09/2023);-;-;No aplica;SI;NO;NO;NO;2023;Resolución N° 00098-2023-OEFA/DSIS;Resolución N° 00098-2023-OEFA/DSIS
40283;480;ADM13886;20281096363.0;MUNCIPALIDAD DISTRITAL DE HUAMANCACA CHICO;Municipalidad;UF0037498;INFRAESTRUCTURA DE VALORIZACIÓN DE RESIDUOS SÓLIDOS ORGÁNICOS MUNICIPALES HUAMANCACA CHICO;Infraestructura de Valorización;Municipal;SI;NO;NO;NO;Junín;Chupaca;Huamancaca Chico;"Paraje Huascan, a aprox. 700 m del cementerio genereal del distrito. Ref. en el terreno del Área Degradada ""Botadero Paraje Huascan"".";120905;18.0;472232;8663688.0;No tiene;-;-;-;-;-;;No aplica;OPERACIÓN;Ficha de verificación (08/09/2023);-;-;No aplica;SI;NO;NO;NO;2023;Resolución N° 00098-2023-OEFA/DSIS;Resolución N° 00098-2023-OEFA/DSIS
40284;481;ADM11716;20120385004.0;MUNICIPALIDAD PROV. DE YAULI LA OROYA;Municipalidad;UF0037499;INFRAESTRUCTURA DE VALORIZACIÓN DE RESIDUOS SÓLIDOS ORGÁNICOS MUNICIPALES YAULI LA OROYA;Infraestructura de Valorización;Municipal;SI;NO;NO;NO;Junín;Yauli;La Oroya;"Sector Huaripuquio, Km 10+500 Carretera Central. Ref. en el terreno del Área Degradada ""Botadero Huaripuquio"".";120801;18.0;406721;8719869.0;No tiene;-;-;-;-;-;;No aplica;OPERACIÓN;Ficha de verificación (11/09/2023);-;-;No aplica;SI;NO;NO;NO;2023;Resolución N° 00098-2023-OEFA/DSIS;Resolución N° 00098-2023-OEFA/DSIS
40285;482;ADM11979;20146506284.0;MUNICIPALIDAD DISTRITAL DE HUAYHUAY;Municipalidad;UF0037500;INFRAESTRUCTURA DE VALORIZACIÓN DE RESIDUOS SÓLIDOS ORGÁNICOS MUNICIPALES HUAYHUAY;Infraestructura de Valorización;Municipal;SI;NO;NO;NO;Junín;Yauli;Huay-Huay;"Sector Uñuc Machay, Costado Planta Lechera. Ref. en el terreno del Área Degradada ""Botadero Uñuc Machay"".";120803;18.0;402892;8704678.0;No tiene;-;-;-;-;-;;No aplica;OPERACIÓN;Ficha de verificación (13/09/2023);-;-;No aplica;SI;NO;NO;NO;2023;Resolución N° 00098-2023-OEFA/DSIS;Resolución N° 00098-2023-OEFA/DSIS
40286;483;ADM12648;20180273051.0;MUNICIPALIDAD DISTRITAL DE MARCO;Municipalidad;UF0037501;INFRAESTRUCTURA DE VALORIZACIÓN DE RESIDUOS SÓLIDOS ORGÁNICOS MUNICIPALES MARCO-JAUJA;Infraestructura de Valorización;Municipal;SI;NO;NO;NO;Junín;Jauja;Marco;"Paraje Lanla. Ref. Camino a Hualiz, cercano al Área Degradada ""Botadero Trocha Carrozable Hacia Pomacancha"".";120415;18.0;437501;8702316.0;No tiene;-;-;-;-;-;;No aplica;OPERACIÓN;Ficha de verificación (14/09/2023);-;-;No aplica;SI;NO;NO;NO;2023;Resolución N° 00098-2023-OEFA/DSIS;Resolución N° 00098-2023-OEFA/DSIS
40287;484;ADM12142;20155998556.0;MUNICIPALIDAD DISTRITAL DE LUNAHUANA;Municipalidad;UF0037502;INFRAESTRUCTURA DE VALORIZACIÓN DE RESIDUOS SÓLIDOS ORGÁNICOS MUNICIPALES LUNAHUANA;Infraestructura de Valorización;Municipal;SI;NO;NO;NO;Lima;Cañete;Lunahuaná;"Urbanización Santa Rosa. Ref. en el terreno del Área Degradada ""Botadero Santa Rosa"".";150508;18.0;377323;8567140.0;No tiene;-;-;-;-;-;;No aplica;CONSTRUCCIÓN;Ficha de verificación (21/09/2023);-;En la verificación la municipalidad informó que está en proceso de implementación para iniciar operaciones.;No aplica;SI;NO;NO;NO;2023;Resolución N° 00098-2023-OEFA/DSIS;Resolución N° 00098-2023-OEFA/DSIS
40288;485;ADM13754;20253020955.0;MUNICIPALIDAD DISTRITAL DE SAN LORENZO DE QUINTI;Municipalidad;UF0037504;INFRAESTRUCTURA DE VALORIZACIÓN DE RESIDUOS SÓLIDOS ORGÁNICOS MUNICIPALES SAN LORENZO DE QUINTI;Infraestructura de Valorización;Municipal;SI;NO;NO;NO;Lima;Huarochirí;San Lorenzo de Quinti;Chacha.;150721;18.0;367521;8655252.0;No tiene;-;-;-;-;-;;No aplica;OPERACIÓN;Ficha de verificación (30/08/2023);-;-;No aplica;SI;NO;NO;NO;2023;Resolución N° 00098-2023-OEFA/DSIS;Resolución N° 00098-2023-OEFA/DSIS
40289;486;ADM13800;20262617085.0;MUNICIPALIDAD DISTRITAL DE SAN JUAN DE TANTARANCHE;Municipalidad;UF0037505;INFRAESTRUCTURA DE VALORIZACIÓN DE RESIDUOS SÓLIDOS ORGÁNICOS MUNICIPALES SAN JUAN DE TANTARANCHE;Infraestructura de Valorización;Municipal;SI;NO;NO;NO;Lima;Huarochirí;San Juan de Tantaranche;Mandagua.;150720;18.0;371946;8660781.0;No tiene;-;-;-;-;-;;No aplica;OPERACIÓN;Ficha de verificación (31/08/2023);-;-;No aplica;SI;NO;NO;NO;2023;Resolución N° 00098-2023-OEFA/DSIS;Resolución N° 00098-2023-OEFA/DSIS
40290;487;ADM14092;20322872802.0;MUNICIPALIDAD DISTRITAL DE SAN JOAQUIN;Municipalidad;UF0037506;INFRAESTRUCTURA DE VALORIZACIÓN DE RESIDUOS SÓLIDOS ORGÁNICOS MUNICIPALES SAN JOAQUIN;Infraestructura de Valorización;Municipal;SI;NO;NO;NO;Lima;Yauyos;San Joaquín;Plascancha.;151026;18.0;375240;8641478.0;No tiene;-;-;-;-;-;;No aplica;OPERACIÓN;Ficha de verificación (07/09/2023);-;-;No aplica;SI;NO;NO;NO;2023;Resolución N° 00098-2023-OEFA/DSIS;Resolución N° 00098-2023-OEFA/DSIS
40291;488;ADM12997;20195571466.0;MUNICIPALIDAD DISTRITAL DE TANTA;Municipalidad;UF0037507;INFRAESTRUCTURA DE VALORIZACIÓN DE RESIDUOS SÓLIDOS ORGÁNICOS MUNICIPALES TANTA;Infraestructura de Valorización;Municipal;SI;NO;NO;NO;Lima;Yauyos;Tanta;Wicomach.;151028;18.0;389708;8660781.0;No tiene;-;-;-;-;-;;No aplica;OPERACIÓN;Ficha de verificación (19/09/2023);-;-;No aplica;SI;NO;NO;NO;2023;Resolución N° 00098-2023-OEFA/DSIS;Resolución N° 00098-2023-OEFA/DSIS
40292;489;ADM12605;20177685659.0;MUNICIPALIDAD DISTRITAL DE HUANCAYA;Municipalidad;UF0037509;INFRAESTRUCTURA DE VALORIZACIÓN DE RESIDUOS SÓLIDOS ORGÁNICOS MUNICIPALES HUANCAYA;Infraestructura de Valorización;Municipal;SI;NO;NO;NO;Lima;Yauyos;Huancaya;"Panca. Ref. Al costado del Área Degradada ""Botadero Huancaya"".";151014;18.0;412799;8650319.0;No tiene;-;-;-;-;-;;No aplica;OPERACIÓN;Ficha de verificación (20/09/2023);-;-;No aplica;SI;NO;NO;NO;2023;Resolución N° 00098-2023-OEFA/DSIS;Resolución N° 00098-2023-OEFA/DSIS
40293;490;ADM13305;20206112604.0;MUNICIPALIDAD DISTRITAL DE HUAMANTANGA;Municipalidad;UF0037510;INFRAESTRUCTURA DE VALORIZACIÓN DE RESIDUOS SÓLIDOS ORGÁNICOS MUNICIPALES HUAMANTANGA;Infraestructura de Valorización;Municipal;SI;NO;NO;NO;Lima;Canta;Huamantanga;"Sector Piscocoto, carretera al C.P. Quipan, espaldas del cementerio Municipal. Ref. en el terreno del Área Degradada ""Botadero Piscocoto"".";150403;18.0;308498;8728701.0;No tiene;-;-;-;-;-;;No aplica;CONSTRUCCIÓN;Ficha de verificación (12/09/2023);-;-;No aplica;SI;NO;NO;NO;2023;Resolución N° 00098-2023-OEFA/DSIS;Resolución N° 00098-2023-OEFA/DSIS
40294;491;ADM13452;20213364759.0;MUNICIPALIDAD DISTRITAL DE SAN MIGUEL DE ACOS;Municipalidad;UF0037511;INFRAESTRUCTURA DE VALORIZACIÓN DE RESIDUOS SÓLIDOS ORGÁNICOS MUNICIPALES SAN MIGUEL DE ACOS;Infraestructura de Valorización;Municipal;SI;NO;NO;NO;Lima;Huaral;San Miguel de Acos;Sector Palca, Ref. Al costado del Puente Palca.;150609;18.0;301486;8753500.0;No tiene;-;-;-;-;-;;No aplica;OPERACIÓN;Ficha de verificación (13/09/2023);-;-;No aplica;SI;NO;NO;NO;2023;Resolución N° 00098-2023-OEFA/DSIS;Resolución N° 00098-2023-OEFA/DSIS
40295;492;ADM12787;20188945644.0;MUNICIPALIDAD DISTRITAL DE ATAVILLOS BAJO;Municipalidad;UF0037512;INFRAESTRUCTURA DE VALORIZACIÓN DE RESIDUOS SÓLIDOS ORGÁNICOS MUNICIPALES ATAVILLOS BAJO;Infraestructura de Valorización;Municipal;SI;NO;NO;NO;Lima;Huaral;Atavillos Bajo;"Sector Sococoto, a 10 metros de la pista asfaltada altura del km 9, C.C. San Agustín - Huayopampa. Ref. en el terreno del Área Degradada ""Botadero Sococoto"".";150603;18.0;299281;8745846.0;No tiene;-;-;-;-;-;;No aplica;OPERACIÓN;Ficha de verificación (19/09/2023);-;-;No aplica;SI;NO;NO;NO;2023;Resolución N° 00098-2023-OEFA/DSIS;Resolución N° 00098-2023-OEFA/DSIS
40296;493;ADM13290;20205878069.0;MUNICIPALIDAD DISTRITAL DE LAMPIAN;Municipalidad;UF0037513;INFRAESTRUCTURA DE VALORIZACIÓN DE RESIDUOS SÓLIDOS ORGÁNICOS MUNICIPALES LAMPIAN;Infraestructura de Valorización;Municipal;SI;NO;NO;NO;Lima;Huaral;Lampián;Sector Acay, Ref. trocha carrozable tramo de Chunchuaca en dirección a Chalamaque.;150607;18.0;299163;8753107.0;No tiene;-;-;-;-;-;;No aplica;OPERACIÓN;Ficha de verificación (20/09/2023);-;-;No aplica;SI;NO;NO;NO;2023;Resolución N° 00098-2023-OEFA/DSIS;Resolución N° 00098-2023-OEFA/DSIS
40297;494;ADM13599;20222304921.0;MUNICIPALIDAD DISTRITAL DE HUALLANCA;Municipalidad;UF0037514;INFRAESTRUCTURA DE VALORIZACIÓN DE RESIDUOS SÓLIDOS ORGÁNICOS MUNICIPALES HUALLANCA;Infraestructura de Valorización;Municipal;SI;NO;NO;NO;Áncash;Bolognesi;Huallanca;"Sector Ucrucancha - Comunidad Campesina Huallanca. Ref. en el terreno del Área Degradada ""Botadero Sector de Ucrucacha"".";20508;18.0;286000;8903680.0;No tiene;-;-;-;-;-;;No aplica;OPERACIÓN;Ficha de verificación (21/09/2023);-;-;No aplica;SI;NO;NO;NO;2023;Resolución N° 00098-2023-OEFA/DSIS;Resolución N° 00098-2023-OEFA/DSIS
40298;495;ADM14093;20322925001.0;MUNICIPALIDAD DISTRITAL DE PACLLON;Municipalidad;UF0037515;INFRAESTRUCTURA DE VALORIZACIÓN DE RESIDUOS SÓLIDOS ORGÁNICOS MUNICIPALES PACLLON;Infraestructura de Valorización;Municipal;SI;NO;NO;NO;Áncash;Bolognesi;Pacllón;Sector Ahusana.;20513;18.0;271931;8868704.0;No tiene;-;-;-;-;-;;No aplica;OPERACIÓN;Ficha de verificación (25/09/2023);-;-;No aplica;SI;NO;NO;NO;2023;Resolución N° 00098-2023-OEFA/DSIS;Resolución N° 00098-2023-OEFA/DSIS
40299;496;ADM12985;20195406937.0;MUNICIPALIDAD DISTRITAL DE PAUCAS;Municipalidad;UF0037517;INFRAESTRUCTURA DE VALORIZACIÓN DE RESIDUOS SÓLIDOS ORGÁNICOS MUNICIPALES PAUCAS 1;Infraestructura de Valorización;Municipal;SI;NO;NO;NO;Áncash;Huari;Paucas;"En el terreno del Área Degradada ""Botadero de Rontoy"".";21010;18.0;291293;8986111.0;No tiene;-;-;-;-;-;;No aplica;OPERACIÓN;Ficha de verificación (27/09/2023);-;-;No aplica;SI;NO;NO;NO;2023;Resolución N° 00098-2023-OEFA/DSIS;Resolución N° 00098-2023-OEFA/DSIS
40300;497;ADM12985;20195406937.0;MUNICIPALIDAD DISTRITAL DE PAUCAS;Municipalidad;UF0037518;INFRAESTRUCTURA DE VALORIZACIÓN DE RESIDUOS SÓLIDOS ORGÁNICOS MUNICIPALES PAUCAS 2;Infraestructura de Valorización;Municipal;SI;NO;NO;NO;Áncash;Huari;Paucas;Anexo Yaurish - Centro Poblado Viscas.;21010;18.0;298120;8987665.0;No tiene;-;-;-;-;-;;No aplica;OPERACIÓN;Ficha de verificación (27/09/2023);-;-;No aplica;SI;NO;NO;NO;2023;Resolución N° 00098-2023-OEFA/DSIS;Resolución N° 00098-2023-OEFA/DSIS
40301;498;ADM13120;20200036931.0;MUNICIPALIDAD DISTRITAL DE LLACLLIN;Municipalidad;UF0037520;INFRAESTRUCTURA DE VALORIZACIÓN DE RESIDUOS SÓLIDOS ORGÁNICOS MUNICIPALES LLACLLIN 1;Infraestructura de Valorización;Municipal;SI;NO;NO;NO;Áncash;Recuay;Llacllin;"Sector Sillacaca. Ref. en el terreno del Área Degradada ""Botadero Sector de Sillacaca"".";21705;18.0;212056;8885830.0;No tiene;-;-;-;-;-;;No aplica;OPERACIÓN;Ficha de verificación (19/09/2023);-;-;No aplica;SI;NO;NO;NO;2023;Resolución N° 00098-2023-OEFA/DSIS;Resolución N° 00098-2023-OEFA/DSIS
40302;499;ADM13120;20200036931.0;MUNICIPALIDAD DISTRITAL DE LLACLLIN;Municipalidad;UF0037521;INFRAESTRUCTURA DE VALORIZACIÓN DE RESIDUOS SÓLIDOS ORGÁNICOS MUNICIPALES LLACLLIN 2;Infraestructura de Valorización;Municipal;SI;NO;NO;NO;Áncash;Recuay;Llacllin;Sector Jirca.;21705;18.0;215853;8880756.0;No tiene;-;-;-;-;-;;No aplica;OPERACIÓN;Ficha de verificación (19/09/2023);-;-;No aplica;SI;NO;NO;NO;2023;Resolución N° 00098-2023-OEFA/DSIS;Resolución N° 00098-2023-OEFA/DSIS
40303;500;ADM28114;20173136499.0;INDUSTRIAS ARGUELLES Y SERVICIOS GENERALES SOCIEDAD ANONIMA CERRADA;EORS;UF0037076;PROYECTO ECOLÓGICO SANITARIO KURUMI;Infraestructura de disposición final / Relleno sanitario;Municipal;NO;NO;NO;SI;Lima;Canta;Huamantanga;Camino al centro Poblado Quilca Sumbilca - Palpa, a 11,5 Km. desde el centro poblado de Trapiche.;150403;18.0;286915;8715632.0;R.A. N° 002-2019-DIRESA LIMA-DESA;R.A. N° 003-2023-DESA-DIRESA LIMA;;;-;;;"EO-RS-0309-19-150110
 ANEXO 27
 ACTUALIZACIÓN DEL REGISTRO AUTORITATIVO N° 00632-2023-MINAM/VMGA/DGGRS";OPERACIÓN;"CARTA N° 532-2023-INARGE-AL
 (HT 2023-E01-534466)";-;-;Independencia, Lince, Comas, La Victoria, Los Olivos, Santa Anita, La Molina, Surquillo y otros;SI;NO;NO;NO;2023;Resolución N° 00102-2023-OEFA/DSIS;Resolución N° 00102-2023-OEFA/DSIS
40304;501;ADM12818;20190184821.0;MUNICIPALIDAD DISTRITAL DE HUAYLLAY;Municipalidad;UF0037167;MEJORAMIENTO DE LA GESTIÓN INTEGRAL DE LOS RESIDUOS SÓLIDOS MUNICIPALES EN EL DISTRITO DE HUAYLLAY - PROVINCIA DE PASCO - DEPARTAMENTO DE PASCO.;Infraestructura de disposición final / Relleno sanitario;Municipal;SI;NO;NO;SI;Pasco;Pasco;Huayllay;Lugar denominado Rayhuana;190104;18.0;350218;8782952.0;R.A. N° 0281-2022-A-HMPP-PASCO;;;;-;;;No aplica;OPERACIÓN;"OFICIO N° 0183-SG-MDH-2024
  (Registro 2024-E01-118215)";-;-;Distrito Huayllay;SI;NO;NO;NO;2023;Resolución N° 00102-2023-OEFA/DSIS;Resolución N° 00102-2023-OEFA/DSIS
40305;502;ADM28254;20549763996.0;DISTRIBUIDOR OIL SOCIEDAD ANONIMA CERRADA;EORS;UF0037168;PLANTA DE VALORIZACIÓN DE ACEITES USADOS;Infraestructura de Valorización;No Municipal;SI;NO;NO;NO;Lima;Huaura;Huacho;Asociación Señor de Muruhuay, Mz-C, Lote 6, a la salida Sur de la Ciudad de Huacho;150801;18.0;218573;8763623.0;No tiene;;;;-;;;No tiene;OPERACIÓN;"OFICIO N° 00560-2022-MINAM/VMGA/DGRS
 (HT 2022-E01-110291)";-;-;No aplica;NO;NO;SI;SI;2023;Resolución N° 00102-2023-OEFA/DSIS;Resolución N° 00102-2023-OEFA/DSIS
40306;503;ADM28255;20543399508.0;PERUVIAN BUSSINES CENTER S.A.C;EORS;UF0037169;INFRAESTRUCTURA DE VALORIZACIÓN DE RESIDUOS SÓLIDOS;Infraestructura de Valorización;No Municipal;SI;NO;NO;NO;Lima;Lima;Puente Piedra;Av. Playa Hermosa Mz. M Lote. 168 B;150125;18.0;269600;8690866.0;R. D. N° 00521-2023-MINAM/VMGA/DGGRS;;;;-;;;No tiene;OPERACIÓN;"OFICIO N° 00126-2023-MINAM/VMGA/DGGRS
 (HT 2023-E01-469467)";-;-;No aplica;NO;NO;SI;NO;2023;Resolución N° 00102-2023-OEFA/DSIS;Resolución N° 00102-2023-OEFA/DSIS
40307;504;ADM28256;20600224663.0;AXIONLOG PERU S.A.C.;EORS;UF0037170;INFRAESTRUCTURA DE RECUPERACIÓN DE ACEITES DE AXIONLOG PERU SAC;Infraestructura de Valorización;No Municipal;SI;NO;NO;NO;Lima;Lima;Lurín;Car. Autopista Panamericana Sur Km. 29.5 Z.I.;150119;18.0;294395;8642981.0;No tiene;;;;-;;;;OPERACIÓN;"INFORME N° 00261-2023-MINAM/VMGA/DGPIGA/DGEIA
 (HT 2023-E01-466336)";-;-;No aplica;NO;NO;SI;NO;2023;Resolución N° 00102-2023-OEFA/DSIS;Resolución N° 00102-2023-OEFA/DSIS
40308;505;ADM28257;20479439576.0;I4A SOCIEDAD ANONIMA CERRADA - I4A S.A.C;EORS;UF0037171;PLANTA DE TRATAMIENTO DE LUBRICANTES USADOS Y SUS DERIVADOS;Infraestructura de Valorización;No Municipal;SI;NO;NO;NO;Lambayeque;Chiclayo;Reque;Km 768 de la carretera Panamericana Norte;140113;17.0;632693;9239548.0;No tiene;;;;-;;;;OPERACIÓN;"CARTA N° 00440-2023-MINAM/VMGA/DGPIGA
 (HT 2023-E01-551842)";-;-;No aplica;NO;NO;SI;SI;2023;Resolución N° 00102-2023-OEFA/DSIS;Resolución N° 00102-2023-OEFA/DSIS
40309;506;ADM28258;20537572273.0;MULTISERVICIOS SELMA S.A.C. - MULTISEL S.A.C.;EORS;UF0037172;INFRAESTRUCTURA DE VALORIZACIÓN DE RESIDUOS SÓLIDOS PARA EL ACONDICIONAMIENTO FISICOQUÍMICO DE RESIDUOS PELIGROSOS Y NO PELIGROSOS;Infraestructura de Valorización;No Municipal;SI;NO;NO;NO;Lima;Lima;Lurigancho;Lote 4B – 4 Parcela Primavera – Sector Saracoto Grande (Cajamarquilla);150118;18.0;293158;8675947.0;R.D. N° 00928-2023-MINAM/VMGA/DGGRS;;;;-;;;"EO-RS-00143-19-150716 
 Anexo 10 ACTUALIZACIÓN DEL REGISTRO AUTORITATIVO N° 00131-2024-MINAM/VMGA/DGGRS
 (Ampliación de las operaciones para el manejo simultáneo de residuos sólidos peligroso y no peligrosos)
 ANEXO 11: ACTUALIZACIÓN DEL REGISTRO AUTORITATIVO
 N° 00373-2025-MINAM/VMGA/DGGRS
 (Ampliación de la lista de residuos sólidos peligrosos)";OPERACIÓN;"OFICIO N° 00271-2023-MINAM/VMGA/DGGRS
 (HT 2023-E01-545523)";-;-;No aplica;NO;NO;SI;SI;2023;Resolución N° 00102-2023-OEFA/DSIS;Resolución N° 00102-2023-OEFA/DSIS
40310;507;ADM12473;20171895147.0;MUNICIPALIDAD DISTRITAL DE ILABAYA;Municipalidad;UF0037564;RELLENO SANITARIO TICAPAMPA DEL PROYECTO MEJORAMIENTO DEL SERVICIO DE LIMPIEZA PÚBLICA EN ILABAYA CAPITAL, ALTO MIRAVE, OCONCHAY, TICAPAMPA, POQUERA, CHULIBAYA, DEL DISTRITO ILABAYA, PROVINCIA JORGE BASADRE, DEPARTAMENTO TACNA.;Infraestructura de disposición final / Relleno sanitario;Municipal;NO;NO;NO;SI;Tacna;Jorge Basadre;Ilabaya;Quebrada gallinazos;230302;19.0;337638;8064784.0;R.A. N° 028-2022-A/MPJB;;;;-;;;No aplica;CONSTRUCCIÓN;"OFICIO N° 617-2023-MDI/GM
  (HT 2023-E01-566451)";;No aplica;Ilabaya, Alto Mirave, Ticapampa, Oconchay, Poquera y Chulibaya;SI;NO;NO;NO;2023;Resolución N° 00112-2023-OEFA/DSIS;Resolución N° 00112-2023-OEFA/DSIS
40311;508;ADM12473;20171895147.0;MUNICIPALIDAD DISTRITAL DE ILABAYA;Municipalidad;UF0037565;RELLENO SANITARIO BOROGUEÑA DEL PROYECTO MEJORAMIENTO DEL SERVICIO DE LIMPIEZA PUBLICA EN BOROGUEÑA, CAMBAYA, VILALACA, CORAGUAYA, DEL DISTRITO DE ILABAYA, PROVINCIA DE JORGE BASADRE, DEPARTAMENTO DE TACNA;Infraestructura de disposición final / Relleno sanitario;Municipal;NO;NO;NO;SI;Tacna;Jorge Basadre;Ilabaya;Sector Peñachuco;230302;19.0;345710;8084309.0;R.A. N° 095-2022-A/MPJB;;;;-;;;No aplica;CONSTRUCCIÓN;"OFICIO N° 619-2023-MDI/GM
  (HT 2023-E01-567031)";;No aplica;Sectores: Borogueña, Cambaya, Vilalaca y Coraguaya;SI;NO;NO;NO;2023;Resolución N° 00112-2023-OEFA/DSIS;Resolución N° 00112-2023-OEFA/DSIS
40312;509;ADM28359;20606798751.0;ECO OIL AMBIENTAL PERU E.I.R.L.;EORS;UF0037566;INFRAESTRUCTURA DE VALORIZACIÓN DE ACEITE RESIDUAL DE LA EMPRESA ECO OIL AMBIENTAL PERÚ;Infraestructura de Valorización;No municipal;SI;NO;NO;NO;Tacna;Tacna;Coronel Gregorio Albarracín Lanchipa;Mz. 39, lote 12 de la Asociación Parque Industrial de Viñani;230110;19.0;365218;8000623.0;No tiene;;;;-;;;No tiene;OPERACIÓN;"Carta N° 02-ECOIL-2024, recibido el 04/07/2024
 (Registro 2024-E01-075959)";-;-;No aplica;NO;NO;NO;SI;2023;Resolución N° 00112-2023-OEFA/DSIS;Resolución N° 00112-2023-OEFA/DSIS
40313;510;ADM14306;20380618797.0;TOWER AND TOWER S.A.;EORS;UF0035970;PLANTA DE TRATAMIENTO DE RESIDUOS SÓLIDOS Y RELLENO DE SEGURIDAD HUATIPUKA;Infraestructura de disposición final / Relleno mixto;No municipal;SI;NO;SI;SI;Moquegua;Mariscal Nieto;Moquegua / San Antonio;Altura del Km 1131 de la Carretera Panamericana Sur, en las laderas del lado este del Cerro Santa Ana;180101 / 180107;19.0;280223.98;8088097.02;R.D. Nº 00213-2022-SENACE-PE/DEIN;;;;-;;;No tiene;CONSTRUCCIÓN;"Carta N° GP-233-2025 del 03/11/2025 de Tower and Tower
OFICIO N° 01216-2025-SENACE-PE/DEIN del 11/11/2025
(Registro 2025-E01-142517)";2025-08-18 00:00:00;Actividades Suspendidas Temporalmente;No aplica;NO;NO;SI;SI;2023;Resolución N° 00112-2023-OEFA/DSIS;Resolución N° 00112-2023-OEFA/DSIS
40314;511;ADM12566;20175975234.0;MUNICIPALIDAD PROVINCIAL DE LAMBAYEQUE;Municipalidad;UF0037569;INFRAESTRUCTURA DE DISPOSICIÓN FINAL Y PLANTA DE VALORIZACIÓN Y ACONDICIONAMIENTO DE RESIDUOS SÓLIDOS MUNICIPALES DEL PROYECTO MEJORAMIENTO Y AMPLIACION DEL SERVICIO DE LIMPIEZA PUBLICA EN ÁREAS URBANAS EN LA LOCALIDAD DE MORROPE, SAN JOSE, LAMBAYEQUE DEL DISTRITO DE LAMBAYEQUE - PROVINCIA DE LAMBAYEQUE - DEPARTAMENTO DE LAMBAYEQUE.;Infraestructura de disposición final / Relleno sanitario;Municipal;SI;NO;NO;SI;Lambayeque;Lambayeque;Lambayeque;Camino a la Playa Naylamp, Sector Yencalá León;140301;17.0;612360;9258300.0;R.G.M. N° 0062 / 2023-MPL-GM;;;;-;;;No aplica;CONSTRUCCIÓN;"OFICIO N° 0117/2023-MPL-GSPyGA-SGMA
 (Registro 2023-E01-564489)";-;-;Áreas urbanas de Morrope, San José y Lambayeque;SI;NO;NO;NO;2023;Resolución N° 00112-2023-OEFA/DSIS;Resolución N° 00112-2023-OEFA/DSIS
40315;512;ADM12548;20175283944.0;MUNICIPALIDAD DISTRITAL DE CATAC;Municipalidad;UF0036806;MEJORAMIENTO Y AMPLIACIÓN DEL SISTEMA DE GESTIÓN INTEGRAL DE RESIDUOS SÓLIDOS MUNICIPALES DE LAS LOCALIDADES DE CATAC - RECUAY - ÁNCASH;Infraestructura de disposición final / Relleno sanitario;Municipal;SI;NO;NO;SI;Áncash;Recuay;Cátac;Zona de Yanayacu;21702;18.0;234734;8917042.0;R.A. N° 312-2016-MPR/A;;;;-;;;No aplica;OPERACIÓN;"OFICIO N° 0707 - 2023 - MDC/A.
 (Registro 2023-E01-553039)";-;-;Localidades de Cátac, Parco, San Miguel, Shiqui, Utcuyacu, Chahuapampa, Conococha del distrito de Cátac;SI;NO;NO;NO;2023;Resolución N° 00112-2023-OEFA/DSIS;Resolución N° 00112-2023-OEFA/DSIS
40316;513;ADM28360;20465874482.0;D & D SOLUCIONES AMBIENTALES S.A.;EORS;UF0037567;PLANTA DE VALORIZACIÓN DE NFU D&D SOLUCIONES AMBIENTALES;Infraestructura de Valorización;No municipal;SI;NO;SI;NO;Lima;Lima;Villa El Salvador;Cooperativa Las Vertientes – Calle 5, Mz T Lt. 1 y 2;150142;18.0;286329;8647737.0;R.D. Nº 00157-2023-SENACE-PE/DEIN;;;;-;;;No tiene;OPERACIÓN;"Carta Nº 009-2024 de D&D Soluciones Ambientales, recibido el día 16/09/2024
  (Registro 2024-E01-102499)";-;Inicia operación de valorización a partir del 30 de setiembre del 2024;No aplica;NO;NO;SI;NO;2023;Resolución N° 00112-2023-OEFA/DSIS;Resolución N° 00112-2023-OEFA/DSIS
40317;514;ADM13121;20200042744.0;MUNICIPALIDAD PROVINCIAL LEONCIO PRADO;Municipalidad;UF0037570;"INFRAESTRUCTURA DE RESIDUOS SÓLIDOS DEL PROYECTO: MEJORAMIENTO Y AMPLIACIÓN DEL SERVICIO DE LIMPIEZA PÚBLICA EN LA CIUDAD DE TINGO MARÍA Y DISPOSICIÓN FINAL DE RESIDUOS SÓLIDOS DE LOS 5 DISTRITOS
  DE LA PROVINCIA DE LEONCIO PRADO - DEPARTAMENTO DE HUÁNUCO";Infraestructura de disposición final / Relleno sanitario;Municipal;SI;NO;NO;SI;Huánuco;Leoncio Prado;Daniel Alomía Robles;Parcela Siete Hermanos, en el caserío Alto Morona;100602;18.0;399973;8978566.0;R.A. N° 716-2022-MPLP;;;;-;;;No aplica;CONSTRUCCIÓN;"OFICIO N° 148-2023-GGAYRD/MPLP
 (Registro 2023-E01-575150)";-;-;Distritos de: Daniel Alomía Rbles, Mariano Damaso Beraun, Rupa - Rupa, Luyando, Castillo Grande.;SI;NO;NO;NO;2023;Resolución N° 00112-2023-OEFA/DSIS;Resolución N° 00112-2023-OEFA/DSIS
40318;515;ADM12437;20170327391.0;MUNICIPALIDAD DISTRITAL DE VILCABAMBA;Municipalidad;UF0037675;INFRAESTRUCTURA DE RESIDUOS SÓLIDOS DEL PROYECTO: MEJORAMIENTO DEL TRATAMIENTO DE RESIDUOS SÓLIDOS EN LA CUENCA DE VILCABAMBA, DISTRITO DE VILCABAMBA – LA CONVENCIÓN - CUSCO;Infraestructura de disposición final / Relleno sanitario;Municipal;SI;NO;NO;SI;Cusco;La Convención;Vilcabamba;Campanayoc - Huarina, comunidad de Lucma;80909;18.0;720744;8559539.0;R.G.R.N.G.A. N° 08-2018-GRNGA-MPLC;;;;-;;;No aplica;OPERACIÓN;"OFICIO N° 0002-2024-A-MDV/LC
  (Registro 2024-E01-004018)";-;-;Distrito de Vilcabamba;SI;NO;NO;NO;2024;Resolución N° 003-2024-OEFA/DSIS;Resolución N° 003-2024-OEFA/DSIS
40319;516;ADM12553;20175639391.0;MUNICIPALIDAD PROVINCIAL DE TRUJILLO;Municipalidad;UF0037676;INFRAESTRUCTURA DE DISPOSICIÓN FINAL Y PLANTA DE VALORIZACIÓN DE RESIDUOS SÓLIDOS MUNICIPALES DEL PROYECTO: MEJORAMIENTO Y AMPLIACIÓN DEL SERVICIO DE LIMPIEZA PÚBLICA EN LA CIUDAD DE TRUJILLO Y DISPOSICIÓN FINAL DE 9 DISTRITOS DE LA PROVINCIA DE TRUJILLO – DEPARTAMENTO DE LA LIBERTAD;Infraestructura de disposición final / Relleno sanitario;Municipal;SI;NO;NO;SI;La Libertad;Trujillo;Huanchaco;Área de Reserva El Alto;130104;17.0;718650;9113988.0;R.G.G.A. N° 256-2021-SEGAT/GGA;;;;-;;;No aplica;OPERACIÓN;"OFICIO N° 839-2025-MPT/GG
  (Registro 2025-E01-026749)";-;-;Los distrito de: Trujillo, El Porvenir, Manuel Antonio Florencia de Mora, Huanchaco, La esperanza, Laredo, Moche, Salaverry y Víctor Larco Herrera;SI;NO;NO;NO;2024;Resolución N° 003-2024-OEFA/DSIS;Resolución N° 003-2024-OEFA/DSIS
40320;517;ADM12069;20148170933.0;MUNICIPALIDAD PROVINCIAL DE RIOJA;Municipalidad;UF0037568;INFRAESTRUCTURA DE RESIDUOS SÓLIDOS DEL PROYECTO MEJORAMIENTO Y AMPLIACIÓN DEL SERVICIO DE LIMPIEZA PÚBLICA EN LA CIUDAD DE RIOJA, Y DISPOSICIÓN FINAL DE RESIDUOS SÓLIDOS PARA LAS ZONAS URBANAS DE LOS DISTRITOS DE NUEVA CAJAMARCA, YURACYACU, SAN FERNANDO, YORONGOS, POSIC Y ELÍAS SOPLÍN VARGAS, PROVINCIA DE RIOJA - SAN MARTÍN;Infraestructura de disposición final / Relleno sanitario;Municipal;SI;NO;NO;SI;San Martín;Rioja;Rioja;Sector Ramiro Prialé, A 14.6 KM al Oeste de la Ciudad de Rioja;220801;18.0;251302;9331417.0;R.A. N° 420-2019-A/MPR;;;;-;;;No aplica;CONSTRUCCIÓN;"OFICIO N° 002-2024-GDA/MPR
  (2024-E01-004264)";-;-;Distritos de Rioja, Nueva Cajamarca, Yuracyacu, San Fernando, Yorongos, Posic y Elías Soplín Vargas;SI;NO;NO;NO;2024;Resolución N° 00008-2024-OEFA/DSIS;Resolución N° 00008-2024-OEFA/DSIS
40321;518;ADM28474;20600091973.0;OIL NALA S.A.C.;EORS;UF0037844;INFRAESTRUCTURA DE VALORIZACIÓN DE ACEITES USADOS;Infraestructura de Valorización;No Municipal;SI;NO;NO;NO;San Martín;Bellavista;San Rafael;Carretera Fernando Belaunde Terry S/N Cas. Santa Catalina;220206;18.0;331476;9220691.0;No tiene;;;;-;;;No tiene;OPERACIÓN;"REPORTE DE VERIFICACIÓN DEL 30/01/2024
 (Registro 2024-I01-006668)";-;-;No aplica;NO;NO;NO;SI;2024;Resolución N° 00008-2024-OEFA/DSIS;Resolución N° 00008-2024-OEFA/DSIS
40322;519;ADM21321;20600590783.0;DISPOSICIONES TRATAMIENTOS Y SOLUCIONES AMBIENTALES S.A.C.;EORS;UF0037845;INFRAESTRUCTURAS PARA EL TRATAMIENTO Y DISPOSICIÓN FINAL DE RESIDUOS SÓLIDOS HOSPITALARIOS Y LA UNIDAD DE TRATAMIENTO DE AGUAS RESIDUALES DOMÉSTICAS E INDUSTRIALES PELIGROSAS Y NO PELIGROSAS DEL PROYECTO PARQUE ECOLÓGICO INDUSTRIAL EL HUARANGO;Infraestructura de disposición final / Relleno de seguridad;No Municipal;NO;NO;NO;SI;La Libertad;Pacasmayo;San Pedro de Lloc;Km 656 Carretera Panamericana Norte;130701;17.0;671574;9166768.0;No tiene(*****);;;;-;;;No tiene;OPERACIÓN;"CARTA S/N de DITSA
 (Registro 2023-E01-126409)";-;-;No aplica;NO;NO;NO;SI;2024;Resolución N° 00008-2024-OEFA/DSIS;Resolución N° 00008-2024-OEFA/DSIS
40323;520;ADM28552;20523053737.0;CONTROL AMBIENTAL PERU S.A.C.;EORS;UF0038162;INFRAESTRUCTURA DE VALORIZACIÓN DE RESIDUOS SÓLIDOS ORGANICOS;Infraestructura de Valorización;No Municipal;SI;NO;NO;NO;Lima;Canta;Santa Rosa de Quives;Parcela N° 15 Predio Casa Blanca Huarabi Alto;150407;18.0;296509;8707335.0;R.D. N° 00083-2024-MINAM/VMGA/DGGRS;;;;-;;;No tiene;OPERACIÓN;"OFICIO N° 00052-2024-MINAM/VMGA/DGGRS
 (Registro 2024-E01-028421)";-;-;No aplica;NO;NO;SI;NO;2024;Resolución N° 00019-2024-OEFA/DSIS;Resolución N° 00019-2024-OEFA/DSIS
40324;521;ADM13999;20302891452.0;INNOVA AMBIENTAL S.A.;EORS;UF0017735;INFRAESTRUCTURA DE DISPOSICIÓN FINAL DE RESIDUOS SÓLIDOS NO MUNICIPALES PELIGROSOS Y NO PELIGROSOS - RELLENO DE SEGURIDAD LA JOYA;Infraestructura de disposición final / Relleno mixto;No Municipal;NO;NO;SI;SI;Arequipa;Arequipa;La Joya;Terreno denominado Señor de la Exaltación Lote 3;40108;19.0;194855;8167933.0;Resolución Directoral Nº 00037-2022-SENACE-PE/DEIN;;;;-;;;"EO-RS-00073-2020-MINAM/VMGA/DGRS 
 ANEXO 22
 ACTUALIZACIÓN DEL REGISTRO AUTORITATIVO N° 01249-2024-MINAM/VMGA/DGGRS
 (Ampliación de las infraestructuras de residuos sólidos para el manejo simultáneo de los residuos sólidos peligrosos y no peligrosos)";CONSTRUCCIÓN;"C. 874 / 2024 de INNOVA AMBIENTAL S.A.
  (Registro 2024-E01-028753)";-;-;No aplica;NO;NO;SI;SI;2024;Resolución N° 00019-2024-OEFA/DSIS;Resolución N° 00019-2024-OEFA/DSIS
40325;522;ADM28553;20607388416.0;ALEACIONES FERROSAS Y METALICAS SAC – ALFEMESAC;EORS;UF0038163;COMERCIALIZACIÓN DE RESIDUOS SÓLIDOS NO PELIGROSOS.;Infraestructura de Valorización;Municipal y No municipal;SI;NO;NO;NO;Lima;Lima;Santa Anita;Av. Los Rosales N° 655;150137;18.0;286376;8667733.0;No tiene;;;;-;;;No tiene;OPERACIÓN;"CARTA Nº A005-2024 de ALFEMESAC
  (Registro 2024-E01-030207)";-;-;No aplica;SI;SI;SI;SI;2024;Resolución N° 00019-2024-OEFA/DSIS;Resolución N° 00019-2024-OEFA/DSIS
40326;523;ADM12296;20164032702.0;MUNICIPALIDAD DISTRITAL DE CHONGOYAPE;Municipalidad;UF0037979;INFRAESTRUCTURA DE VALORIZACIÓN DE RESIDUOS SÓLIDOS ORGÁNICOS MUNICIPALES CHONGOYAPE;Infraestructura de Valorización;Municipal;SI;NO;NO;NO;Lambayeque;Chiclayo;Chongoyape;Calle San Lorenzo. Ref. en el terreno del vivero municipal.;140102;17.0;678281;9266273.0;No tiene;-;-;-;-;-;;No aplica;OPERACIÓN;Ficha de verificación (29/08/2023);-;-;No aplica;SI;NO;NO;NO;2024;Resolución N° 00019-2024-OEFA/DSIS;Resolución N° 00019-2024-OEFA/DSIS
40327;524;ADM12086;20148364975.0;MUNICIPALIDAD DISTRITAL DE JOSE LEONARDO ORTIZ;Municipalidad;UF0037980;INFRAESTRUCTURA DE VALORIZACIÓN DE RESIDUOS SÓLIDOS ORGÁNICOS MUNICIPALES JOSÉ LEONARDO ORTIZ;Infraestructura de Valorización;Municipal;SI;NO;NO;NO;Lambayeque;Chiclayo;José Leonardo Ortiz;Avenida Balta y Anunciata S/N. Ref. en el terreno del vivero municipal.;140105;17.0;628745;9255005.0;No tiene;-;-;-;-;-;;No aplica;OPERACIÓN;Ficha de verificación (25/08/2023);-;-;No aplica;SI;NO;NO;NO;2024;Resolución N° 00019-2024-OEFA/DSIS;Resolución N° 00019-2024-OEFA/DSIS
40328;525;ADM12029;20147047950.0;MUNICIPALIDAD DIST. DE LOS ORGANOS;Municipalidad;UF0037981;INFRAESTRUCTURA DE VALORIZACIÓN DE RESIDUOS SÓLIDOS ORGÁNICOS MUNICIPALES LOS ORGANOS;Infraestructura de Valorización;Municipal;SI;NO;NO;NO;Piura;Talara;Los Órganos;A espaldas del asentamiento humano José Carlos Mariátegui (ex Hungaritos). Ref. en el terreno del vivero municipal.;200705;17.0;486904;9538022.0;No tiene;-;-;-;-;-;;No aplica;OPERACIÓN;Ficha de verificación (04/09/2023);-;-;No aplica;SI;NO;NO;NO;2024;Resolución N° 00019-2024-OEFA/DSIS;Resolución N° 00019-2024-OEFA/DSIS
40329;526;ADM12181;20159249698.0;MUNICIPALIDAD DISTRITAL DE CATACAOS;Municipalidad;UF0037982;INFRAESTRUCTURA DE VALORIZACIÓN DE RESIDUOS SÓLIDOS ORGÁNICOS MUNICIPALES CATACAOS;Infraestructura de Valorización;Municipal;SI;NO;NO;NO;Piura;Piura;Catacaos;Avenida Bolognesi S/N. Ref. al costado de la comunidad campesina San Juan Bautista Catacaos. Ubicado en terreno de vivero.;200105;17.0;536108;9417290.0;No tiene;-;-;-;-;-;;No aplica;OPERACIÓN;Ficha de verificación (24/08/2023);-;-;No aplica;SI;NO;NO;NO;2024;Resolución N° 00019-2024-OEFA/DSIS;Resolución N° 00019-2024-OEFA/DSIS
40330;527;ADM12451;20171253544.0;MUNICIPALIDAD DISTRITAL DE LA ARENA;Municipalidad;UF0037983;INFRAESTRUCTURA DE VALORIZACIÓN DE RESIDUOS SÓLIDOS ORGÁNICOS MUNICIPALES LA ARENA;Infraestructura de Valorización;Municipal;SI;NO;NO;NO;Piura;Piura;La Arena;Fundo San José caserio El Peñal. Ref. en terreno de vivero municipal, vivienda y crianza de animales de persona natural.;200109;17.0;529664;9410401.0;No tiene;-;-;-;-;-;;No aplica;OPERACIÓN;Ficha de verificación (24/08/2023);-;-;No aplica;SI;NO;NO;NO;2024;Resolución N° 00019-2024-OEFA/DSIS;Resolución N° 00019-2024-OEFA/DSIS
40331;528;ADM14102;20324454030.0;MUNICIPALIDAD DISTRITAL CANOAS DE PUNTA SAL;Municipalidad;UF0037984;INFRAESTRUCTURA DE VALORIZACIÓN DE RESIDUOS SÓLIDOS ORGÁNICOS MUNICIPALES CANOAS DE PUNTA SAL;Infraestructura de Valorización;Municipal;SI;NO;NO;NO;Tumbes;Contralmirante Villar;Canoas de Punta Sal;Panamericana Norte. Ref. en terreno de vivero y cochera municipal.;240203;17.0;505963;9561483.0;No tiene;-;-;-;-;-;;No aplica;OPERACIÓN;Ficha de verificación (07/09/2023);-;-;No aplica;SI;NO;NO;NO;2024;Resolución N° 00019-2024-OEFA/DSIS;Resolución N° 00019-2024-OEFA/DSIS
40332;529;ADM12537;20175113194.0;MUNICIPALIDAD DISTRITAL DE PACASMAYO;Municipalidad;UF0037985;INFRAESTRUCTURA DE VALORIZACIÓN DE RESIDUOS SÓLIDOS ORGÁNICOS MUNICIPALES PACASMAYO;Infraestructura de Valorización;Municipal;SI;NO;NO;NO;La Libertad;Pacasmayo;Pacasmayo;Intesección de via de evitamiento con avenida Gonzalo Ugaz. Ref. en terreno de vivero del Centro Municipal del Adulto Mayor.;130704;17.0;659133;9181761.0;No tiene;-;-;-;-;-;;No aplica;OPERACIÓN;Ficha de verificación (05/09/2023);-;-;No aplica;SI;NO;NO;NO;2024;Resolución N° 00019-2024-OEFA/DSIS;Resolución N° 00019-2024-OEFA/DSIS
40333;530;ADM12345;20166028842.0;MUNICIPALIDAD PROVINCIAL DE VIRU;Municipalidad;UF0037986;INFRAESTRUCTURA DE VALORIZACIÓN DE RESIDUOS SÓLIDOS ORGÁNICOS MUNICIPALES VIRÚ;Infraestructura de Valorización;Municipal;SI;NO;NO;NO;La Libertad;Virú;Virú;Pasando Puente La Alameda, río Virú. Ref. en terreno del Centro municipal de acopio de residuos solidos inorgánicos.;131201;17.0;747640;9070295.0;No tiene;-;-;-;-;-;;No aplica;OPERACIÓN;Ficha de verificación (28/08/2023);-;-;No aplica;SI;NO;NO;NO;2024;Resolución N° 00019-2024-OEFA/DSIS;Resolución N° 00019-2024-OEFA/DSIS
40334;531;ADM12422;20170044844.0;MUNICIPALIDAD DISTRITAL DE FLORENCIA DE MORA;Municipalidad;UF0037987;INFRAESTRUCTURA DE VALORIZACIÓN DE RESIDUOS SÓLIDOS ORGÁNICOS MUNICIPALES FLORENCIA DE MORA;Infraestructura de Valorización;Municipal;SI;NO;NO;NO;La Libertad;Trujillo;Florencia de Mora;A espaldas del cementerio Jardines de la Paz y cementerio Mampuesto. Ref. en terreno del Centro municipal de acopio de residuos solidos inorgánicos.;130103;17.0;719016;9106258.0;No tiene;-;-;-;-;-;;No aplica;OPERACIÓN;Ficha de verificación (25/08/2023);-;-;No aplica;SI;NO;NO;NO;2024;Resolución N° 00019-2024-OEFA/DSIS;Resolución N° 00019-2024-OEFA/DSIS
40335;532;ADM13642;20224324601.0;MUNICIPALIDAD PROVINCIAL DE PALLASCA;Municipalidad;UF0037988;INFRAESTRUCTURA DE VALORIZACIÓN DE RESIDUOS SÓLIDOS ORGÁNICOS MUNICIPALES PALLASCA 1;Infraestructura de Valorización;Municipal;SI;NO;NO;NO;Áncash;Pallasca;Cabana;Pasacalda. Ref. al costado de la posta de salud y en el terreno del vivero municipal.;21501;17.0;829913;9070587.0;No tiene;-;-;-;-;-;;No aplica;OPERACIÓN;Ficha de verificación (01/09/2023);-;-;No aplica;SI;NO;NO;NO;2024;Resolución N° 00019-2024-OEFA/DSIS;Resolución N° 00019-2024-OEFA/DSIS
40336;533;ADM13642;20224324601.0;MUNICIPALIDAD PROVINCIAL DE PALLASCA;Municipalidad;UF0037989;INFRAESTRUCTURA DE VALORIZACIÓN DE RESIDUOS SÓLIDOS ORGÁNICOS MUNICIPALES PALLASCA 2;Infraestructura de Valorización;Municipal;SI;NO;NO;NO;Áncash;Pallasca;Cabana;Sector Pashas. Ref. en terreno del Vivero Forestal SERFOR.;21501;17.0;829392;9070222.0;No tiene;-;-;-;-;-;;No aplica;OPERACIÓN;Ficha de verificación (01/09/2023);-;En la verificación no se observó residuos sólidos orgánicos en proceso de valorización.;No aplica;SI;NO;NO;NO;2024;Resolución N° 00019-2024-OEFA/DSIS;Resolución N° 00019-2024-OEFA/DSIS
40337;534;ADM12008;20146917314.0;MUNICIPALIDAD PROVINCIAL DE UTCUBAMBA;Municipalidad;UF0037990;INFRAESTRUCTURA DE VALORIZACIÓN DE RESIDUOS SÓLIDOS ORGÁNICOS MUNICIPALES UTCUBAMBA;Infraestructura de Valorización;Municipal;SI;NO;NO;NO;Amazonas;Utcubamba;Bagua Grande;Avenida Víctor Raul Haya de la Torre, sector Buenos Aire, salida al Centro Poblado de Collicate. Ref. en el terreno del vivero municipal.;10701;17.0;781995;9361780.0;No tiene;-;-;-;-;-;;No aplica;OPERACIÓN;Respuesta al formulario, 2/12/2022 12:39:08;-;-;No aplica;SI;NO;NO;NO;2024;Resolución N° 00019-2024-OEFA/DSIS;Resolución N° 00019-2024-OEFA/DSIS
40338;535;ADM13075;20199405781.0;MUNICIPALIDAD DISTRITAL DE SAN JACINTO;Municipalidad;UF0037991;INFRAESTRUCTURA DE VALORIZACIÓN DE RESIDUOS SÓLIDOS ORGÁNICOS MUNICIPALES SAN JACINTO-TUMBES;Infraestructura de Valorización;Municipal;SI;NO;NO;NO;Tumbes;Tumbes;San Jacinto;Caserio de Santa Rosa, cerca al campo deportivo de Santa Rosa.;240105;17.0;560813;9595194.0;No tiene;-;-;-;-;-;;No aplica;OPERACIÓN;Respuesta al formulario, 5/12/2022 10:24:39;-;-;No aplica;SI;NO;NO;NO;2024;Resolución N° 00019-2024-OEFA/DSIS;Resolución N° 00019-2024-OEFA/DSIS
40339;536;ADM12381;20167741208.0;MUNICIPALIDAD DISTRITAL DE MOCHE;Municipalidad;UF0037992;INFRAESTRUCTURA DE VALORIZACIÓN DE RESIDUOS SÓLIDOS ORGÁNICOS MUNICIPALES MOCHE;Infraestructura de Valorización;Municipal;SI;NO;NO;NO;La Libertad;Trujillo;Moche;Ex Línea Ferrea S/N, a 150 metros del Colegio Ramiro Aurelio Ñique Espíritu. Ref. en el terreno de vivero y deposito municipal.;130107;17.0;719770;9096077.0;No tiene;-;-;-;-;-;;No aplica;OPERACIÓN;Respuesta al formulario, 6/12/2022 15:19:25;-;-;No aplica;SI;NO;NO;NO;2024;Resolución N° 00019-2024-OEFA/DSIS;Resolución N° 00019-2024-OEFA/DSIS
40340;537;ADM14408;20396073791.0;MUNICIPALIDAD DISTRITAL DE TUMAN;Municipalidad;UF0037993;INFRAESTRUCTURA DE VALORIZACIÓN DE RESIDUOS SÓLIDOS ORGÁNICOS MUNICIPALES TUMAN;Infraestructura de Valorización;Municipal;SI;NO;NO;NO;Lambayeque;Chiclayo;Tumán;Sector El Camal S/N. Ref. en el terreno del vivero municipal.;140120;17.0;642752;9253503.0;No tiene;-;-;-;-;-;;No aplica;OPERACIÓN;Respuesta al formulario, 13/12/2022 16:33:44;-;-;No aplica;SI;NO;NO;NO;2024;Resolución N° 00019-2024-OEFA/DSIS;Resolución N° 00019-2024-OEFA/DSIS
40341;538;ADM11998;20146722653.0;MUNICIPALIDAD DISTRITAL DE LA UNION;Municipalidad;UF0037994;INFRAESTRUCTURA DE VALORIZACIÓN DE RESIDUOS SÓLIDOS ORGÁNICOS MUNICIPALES LA UNIÓN-PIURA;Infraestructura de Valorización;Municipal;SI;NO;NO;NO;Piura;Piura;La Unión;Jirón Sinchi Roca, al costado del terminal Terrestre y la I.E. La Unión.;200110;17.0;527461;9402923.0;No tiene;-;-;-;-;-;;No aplica;OPERACIÓN;Respuesta al formulario, 13/12/2022 20:35:40;-;-;No aplica;SI;NO;NO;NO;2024;Resolución N° 00019-2024-OEFA/DSIS;Resolución N° 00019-2024-OEFA/DSIS
40342;539;ADM11997;20146721924.0;MUNICIPALIDAD DISTRITAL DE CURA MORI;Municipalidad;UF0037995;INFRAESTRUCTURA DE VALORIZACIÓN DE RESIDUOS SÓLIDOS ORGÁNICOS MUNICIPALES CURA MORI;Infraestructura de Valorización;Municipal;SI;NO;NO;NO;Piura;Piura;Cura Mori;26 de noviembre. Ref. en el terreno del vivero y local de maestranza municipal.;200107;17.0;536651;9411181.0;No tiene;-;-;-;-;-;;No aplica;OPERACIÓN;Respuesta al formulario, 14/12/2022 9:30:35;-;-;No aplica;SI;NO;NO;NO;2024;Resolución N° 00019-2024-OEFA/DSIS;Resolución N° 00019-2024-OEFA/DSIS
40343;540;ADM12641;20179525101.0;MUNICIPALIDAD DISTRITAL DE SANTA;Municipalidad;UF0037996;INFRAESTRUCTURA DE VALORIZACIÓN DE RESIDUOS SÓLIDOS ORGÁNICOS MUNICIPALES SANTA-ANCASH;Infraestructura de Valorización;Municipal;SI;NO;NO;NO;Áncash;Santa;Santa;Sector Huamanchacate. Ref. en el terreno del vivero.;21808;17.0;763979;9003448.0;No tiene;-;-;-;-;-;;No aplica;OPERACIÓN;Respuesta al formulario, 27/02/2023 11:30:39;-;-;No aplica;SI;NO;NO;NO;2024;Resolución N° 00019-2024-OEFA/DSIS;Resolución N° 00019-2024-OEFA/DSIS
40344;541;ADM12034;20147170565.0;MUNICIPALIDAD DISTRITAL DE EL PORVENIR;Municipalidad;UF0037997;INFRAESTRUCTURA DE VALORIZACIÓN DE RESIDUOS SÓLIDOS ORGÁNICOS MUNICIPALES EL PORVENIR-LA LIBERTAD;Infraestructura de Valorización;Municipal;SI;NO;NO;NO;La Libertad;Trujillo;El Porvenir;Avenida Sánchez Carrión Mz. O, Lote 1, Alto Trujillo Barrio 10. Ref. en el terreno del vivero y depósito.;130102;17.0;721071;9108299.0;No tiene;-;-;-;-;-;;No aplica;OPERACIÓN;Respuesta al formulario, 1/03/2023 9:07:59;-;-;No aplica;SI;NO;NO;NO;2024;Resolución N° 00019-2024-OEFA/DSIS;Resolución N° 00019-2024-OEFA/DSIS
40345;542;ADM12481;20172278079.0;MUNICIPALIDAD DISTRITAL DE AGUAS VERDES;Municipalidad;UF0037998;INFRAESTRUCTURA DE VALORIZACIÓN DE RESIDUOS SÓLIDOS ORGÁNICOS MUNICIPALES AGUAS VERDES-TUMBES;Infraestructura de Valorización;Municipal;SI;NO;NO;NO;Tumbes;Zarumilla;Aguas Verdes;Frente a la Panamericana Norte km 1343.7,lado derecho. Ref. en el terreno del vivero.;240302;17.0;581984;9614532.0;No tiene;-;-;-;-;-;;No aplica;OPERACIÓN;Respuesta al formulario, 31/05/2023 16:02:32;-;-;No aplica;SI;NO;NO;NO;2024;Resolución N° 00019-2024-OEFA/DSIS;Resolución N° 00019-2024-OEFA/DSIS
40346;543;ADM11938;20143623042.0;MUNICIPALIDAD PROVINCIAL DE CAJAMARCA;Municipalidad;UF0038013;INFRAESTRUCTURA DE VALORIZACIÓN DE RESIDUOS SÓLIDOS ORGÁNICOS MUNICIPALES CAJAMARCA;Infraestructura de Valorización;Municipal;SI;NO;NO;NO;Cajamarca;Cajamarca;Cajamarca;"Prolongación Revilla Perez. Ref. en el terreno del vivero municipal ""Venecia"".";60101;17.0;775347;9209756.0;No tiene;-;-;-;-;-;;No aplica;OPERACIÓN;Respuesta al formulario, 21/06/2023 13:08:07;-;-;No aplica;SI;NO;NO;NO;2024;Resolución N° 00019-2024-OEFA/DSIS;Resolución N° 00019-2024-OEFA/DSIS
40347;544;ADM12657;20181009161.0;MUNICIPALIDAD DISTRITAL PUNTA DE BOMBON;Municipalidad;UF0038014;INFRAESTRUCTURA DE VALORIZACIÓN DE RESIDUOS SÓLIDOS ORGÁNICOS MUNICIPALES PUNTA DE BOMBÓN;Infraestructura de Valorización;Municipal;SI;NO;NO;NO;Arequipa;Islay;Punta de Bombón;Lateral izquierdo del Grifo Pecsa, dentro del perimetro de las instalaciones de la Balanza Municipal.;40706;19.0;202746;8100742.0;No tiene;-;-;-;-;-;;No aplica;CONSTRUCCIÓN;Respuesta al formulario, 3/07/2023 15:21:19;-;La municipalidad indicó que la Gestión municipal 2023-2026 aprobó la remodelación de la Planta de valorización de Residuos sólidos Orgánico.;No aplica;SI;NO;NO;NO;2024;Resolución N° 00019-2024-OEFA/DSIS;Resolución N° 00019-2024-OEFA/DSIS
40348;545;ADM12001;20146736875.0;MUNICIPALIDAD DISTRITAL DE TAMBOGRANDE;Municipalidad;UF0038015;INFRAESTRUCTURA DE VALORIZACIÓN DE RESIDUOS SÓLIDOS ORGÁNICOS MUNICIPALES TAMBOGRANDE;Infraestructura de Valorización;Municipal;SI;NO;NO;NO;Piura;Piura;Tambogrande;"Carretera Tambogrande - Las Lomas, al costado de ""Restaurante Campestre Casa de Campo"". Ref. en parcela municipal con cultivos de mango y limón.";200114;17.0;577623;9464160.0;No tiene;-;-;-;-;-;;No aplica;OPERACIÓN;Respuesta al formulario, 5/07/2023 15:12:18;-;En la verificación no se observó residuos sólidos orgánicos en proceso de valorización.;No aplica;SI;NO;NO;NO;2024;Resolución N° 00019-2024-OEFA/DSIS;Resolución N° 00019-2024-OEFA/DSIS
40349;546;ADM12736;20186461615.0;MUNICIPALIDAD DISTRITAL DE SAMANCO;Municipalidad;UF0038016;INFRAESTRUCTURA DE VALORIZACIÓN DE RESIDUOS SÓLIDOS ORGÁNICOS MUNICIPALES SAMANCO;Infraestructura de Valorización;Municipal;SI;NO;NO;NO;Áncash;Santa;Samanco;Avenida Ramon Castilla S/N. Ref. en el terreno del depósito municipal.;21807;17.0;775359;8975328.0;No tiene;-;-;-;-;-;;No aplica;OPERACIÓN;Respuesta al formulario, 5/07/2023 12:32:02;-;-;No aplica;SI;NO;NO;NO;2024;Resolución N° 00019-2024-OEFA/DSIS;Resolución N° 00019-2024-OEFA/DSIS
40350;547;ADM12878;20191657447.0;MUNICIPALIDAD PROVINCIAL DE CONTUMAZA;Municipalidad;UF0038017;INFRAESTRUCTURA DE VALORIZACIÓN DE RESIDUOS SÓLIDOS ORGÁNICOS MUNICIPALES CONTUMAZÁ;Infraestructura de Valorización;Municipal;SI;NO;NO;NO;Cajamarca;Contumazá;Contumazá;Fundo El Salario, a 400 metros del ex-colegio Agropecurio.;60501;17.0;740937;9185205.0;No tiene;-;-;-;-;-;;No aplica;OPERACIÓN;Respuesta al formulario, 7/4/2023 0:01:51;-;-;No aplica;SI;NO;NO;NO;2024;Resolución N° 00019-2024-OEFA/DSIS;Resolución N° 00019-2024-OEFA/DSIS
40351;548;ADM12231;20161350461.0;MUNICIPALIDAD PROVINCIAL DE AYABACA;Municipalidad;UF0038018;INFRAESTRUCTURA DE VALORIZACIÓN DE RESIDUOS SÓLIDOS ORGÁNICOS MUNICIPALES AYABACA;Infraestructura de Valorización;Municipal;SI;NO;NO;NO;Piura;Ayabaca;Ayabaca;Zona campestre del Barrio Yacupampa. Ref. en terreno de vivero.;200201;17.0;643019;9489603.0;No tiene;-;-;-;-;-;;No aplica;OPERACIÓN;Respuesta al formulario, 18/07/2023 9:35:44;-;-;No aplica;SI;NO;NO;NO;2024;Resolución N° 00019-2024-OEFA/DSIS;Resolución N° 00019-2024-OEFA/DSIS
40352;549;ADM12003;20146791540.0;MUNICIPALIDAD DISTRITAL DE PICSI;Municipalidad;UF0038019;INFRAESTRUCTURA DE VALORIZACIÓN DE RESIDUOS SÓLIDOS ORGÁNICOS MUNICIPALES PICSI;Infraestructura de Valorización;Municipal;SI;NO;NO;NO;Lambayeque;Chiclayo;Picsi;Jirón José Santos Chocano 117. Ref. en el terreno de depósito.;140111;17.0;636131;9257283.0;No tiene;-;-;-;-;-;;No aplica;OPERACIÓN;Respuesta al formulario, 15/07/2023 12:52:59;-;-;No aplica;SI;NO;NO;NO;2024;Resolución N° 00019-2024-OEFA/DSIS;Resolución N° 00019-2024-OEFA/DSIS
40353;550;ADM12344;20165979967.0;MUNICIPALIDAD PROVINCIAL DE REQUENA;Municipalidad;UF0038020;INFRAESTRUCTURA DE VALORIZACIÓN DE RESIDUOS SÓLIDOS ORGÁNICOS MUNICIPALES REQUENA;Infraestructura de Valorización;Municipal;SI;NO;NO;NO;Loreto;Requena;Requena;Asentamiento Humano Iván Vásquez S/N, a la altura del ex aerodrómo. Ref. en el terreno del Centro de valorización de residuos sólidos inorgánicos municipales municipal.;160501;18.0;626671;9438622.0;No tiene;-;-;-;-;-;;No aplica;OPERACIÓN;Ficha de verificación (28/08/2023);-;-;No aplica;SI;NO;NO;NO;2024;Resolución N° 00019-2024-OEFA/DSIS;Resolución N° 00019-2024-OEFA/DSIS
40354;551;ADM13201;20202505695.0;MUNICIPALIDAD PROVINCIAL DE BOLIVAR;Municipalidad;UF0038021;INFRAESTRUCTURA DE VALORIZACIÓN DE RESIDUOS SÓLIDOS ORGÁNICOS MUNICIPALES BOLIVAR-LA LIBERTAD;Infraestructura de Valorización;Municipal;SI;NO;NO;NO;La Libertad;Bolívar;Bolívar;Avenida Dos de Mayo, a lado del Estadio San Pedro. Ref. en el terreno del Centro de acopio de residuos sólidos inorgánicos municipales.;130301;18.0;200747;9208472.0;No tiene;-;-;-;-;-;;No aplica;OPERACIÓN;Ficha de verificación (12/09/2023);-;-;No aplica;SI;NO;NO;NO;2024;Resolución N° 00019-2024-OEFA/DSIS;Resolución N° 00019-2024-OEFA/DSIS
40355;552;ADM12588;20176735725.0;MUNICIPALIDAD PROVINCIAL DE PASCO;Municipalidad;UF0038022;INFRAESTRUCTURA DE VALORIZACIÓN DE RESIDUOS SÓLIDOS ORGÁNICOS MUNICIPALES PASCO-CHAUPIMARCA;Infraestructura de Valorización;Municipal;SI;NO;NO;NO;Pasco;Pasco;Chaupimarca;Bella Vista. ref. en el terreno de oficinas, almacén y cochera municipal.;190101;18.0;362026;8817940.0;No tiene;-;-;-;-;-;;No aplica;OPERACIÓN;Ficha de verificación (06/09/2023);-;-;No aplica;SI;NO;NO;NO;2024;Resolución N° 00019-2024-OEFA/DSIS;Resolución N° 00019-2024-OEFA/DSIS
40356;553;ADM12249;20162316495.0;MUNICIPALIDAD PROVINCIAL DE HUAYTARA;Municipalidad;UF0038023;INFRAESTRUCTURA DE VALORIZACIÓN DE RESIDUOS SÓLIDOS ORGÁNICOS MUNICIPALES HUAYTARA;Infraestructura de Valorización;Municipal;SI;NO;NO;NO;Huancavelica;Huaytará;Huaytara;Carretera Ayavi.;90601;18.0;461928;8495538.0;No tiene;-;-;-;-;-;;No aplica;OPERACIÓN;Ficha de verificación (28/08/2023);-;-;No aplica;SI;NO;NO;NO;2024;Resolución N° 00019-2024-OEFA/DSIS;Resolución N° 00019-2024-OEFA/DSIS
40357;554;ADM13101;20199856520.0;MUNICIPALIDAD DISTRITAL DE MARIANO DAMASO BERAUN;Municipalidad;UF0038024;INFRAESTRUCTURA DE VALORIZACIÓN DE RESIDUOS SÓLIDOS ORGÁNICOS MUNICIPALES MARIANO DAMASO BERAUN;Infraestructura de Valorización;Municipal;SI;NO;NO;NO;Huánuco;Leoncio Prado;Mariano Dámaso Beraún;Caserío Santa Rosa de Quezada. Ref. en terreno de mariposario.;100606;18.0;394688;8963035.0;No tiene;-;-;-;-;-;;No aplica;OPERACIÓN;Ficha de verificación (29/08/2023);-;-;No aplica;SI;NO;NO;NO;2024;Resolución N° 00019-2024-OEFA/DSIS;Resolución N° 00019-2024-OEFA/DSIS
40358;555;ADM12647;20180001051.0;MUNICIPALIDAD PROVINCIAL DE CHINCHEROS;Municipalidad;UF0038025;INFRAESTRUCTURA DE VALORIZACIÓN DE RESIDUOS SÓLIDOS ORGÁNICOS MUNICIPALES CHINCHEROS-APURIMAC;Infraestructura de Valorización;Municipal;SI;NO;NO;NO;Apurímac;Chincheros;Chincheros;Sector Tejahuasi. Ref. en terreno de proyecto fruticola municipal.;30601;18.0;637014;8505000.0;No tiene;-;-;-;-;-;;No aplica;OPERACIÓN;Ficha de verificación (07/09/2023);-;-;No aplica;SI;NO;NO;NO;2024;Resolución N° 00019-2024-OEFA/DSIS;Resolución N° 00019-2024-OEFA/DSIS
40359;556;ADM13475;20214751730.0;CONCEJO DISTRITAL TURPAY;Municipalidad;UF0038026;INFRAESTRUCTURA DE VALORIZACIÓN DE RESIDUOS SÓLIDOS ORGÁNICOS MUNICIPALES TURPAY;Infraestructura de Valorización;Municipal;SI;NO;NO;NO;Apurímac;Grau;Turpay;Sector Mayupampa. Ref. en terreno del vivero municipal.;30711;18.0;757965;8425241.0;No tiene;-;-;-;-;-;;No aplica;OPERACIÓN;Ficha de verificación (29/08/2023);-;-;No aplica;SI;NO;NO;NO;2024;Resolución N° 00019-2024-OEFA/DSIS;Resolución N° 00019-2024-OEFA/DSIS
40360;557;ADM12558;20175824619.0;MUNICIPALIDAD DISTRITAL DE TAMBURCO;Municipalidad;UF0038027;INFRAESTRUCTURA DE VALORIZACIÓN DE RESIDUOS SÓLIDOS ORGÁNICOS MUNICIPALES TAMBURCO;Infraestructura de Valorización;Municipal;SI;NO;NO;NO;Apurímac;Abancay;Tamburco;Sector Santa Rosa. Ref. en terreno de almacén, cochera y centro de segregación de residuos sólidos irnogánicos municipal.;30109;18.0;729738;8493578.0;No tiene;-;-;-;-;-;;No aplica;OPERACIÓN;Ficha de verificación (31/08/2023);-;-;No aplica;SI;NO;NO;NO;2024;Resolución N° 00019-2024-OEFA/DSIS;Resolución N° 00019-2024-OEFA/DSIS
40361;558;ADM12701;20184482208.0;MUNICIPALIDAD DISTRITAL ISLAY MATARANI;Municipalidad;UF0038028;INFRAESTRUCTURA DE VALORIZACIÓN DE RESIDUOS SÓLIDOS ORGÁNICOS MUNICIPALES ISLAY MATARANI;Infraestructura de Valorización;Municipal;SI;NO;NO;NO;Arequipa;Islay;Islay;Carretera Mollendo-Matarani, costado de almacen de SUNAT.;40704;18.0;809911;8117833.0;No tiene;-;-;-;-;-;;No aplica;OPERACIÓN;Ficha de verificación (25/08/2023);-;-;No aplica;SI;NO;NO;NO;2024;Resolución N° 00019-2024-OEFA/DSIS;Resolución N° 00019-2024-OEFA/DSIS
40362;559;ADM12628;20178680049.0;MUNICIPALIDAD PROVINCIAL DE MARISCAL CACERES;Municipalidad;UF0038029;INFRAESTRUCTURA DE VALORIZACIÓN DE RESIDUOS SÓLIDOS ORGÁNICOS MUNICIPALES MARISCAL CACERES;Infraestructura de Valorización;Municipal;SI;NO;NO;NO;San Martín;Mariscal Cáceres;Juanjuí;Carretera al Centro Poblado Villa Prado. Ref. 300 metros antes de la UNSM.;220601;18.0;310631;9210260.0;No tiene;-;-;-;-;-;;No aplica;OPERACIÓN;Ficha de verificación (25/08/2023);-;-;No aplica;SI;NO;NO;NO;2024;Resolución N° 00019-2024-OEFA/DSIS;Resolución N° 00019-2024-OEFA/DSIS
40363;560;ADM13578;20221631677.0;MUNICIPALIDAD DISTRITAL DE HABANA;Municipalidad;UF0038030;INFRAESTRUCTURA DE VALORIZACIÓN DE RESIDUOS SÓLIDOS ORGÁNICOS MUNICIPALES HABANA;Infraestructura de Valorización;Municipal;SI;NO;NO;NO;San Martín;Moyobamba;Habana;Jirón La Colmena S/N, frente al estadio municipal.;220103;18.0;268693;9327600.0;No tiene;-;-;-;-;-;;No aplica;OPERACIÓN;Ficha de verificación (12/09/2023);-;-;No aplica;SI;NO;NO;NO;2024;Resolución N° 00019-2024-OEFA/DSIS;Resolución N° 00019-2024-OEFA/DSIS
40364;561;ADM12151;20156476804.0;MUNICIPALIDAD DISTRITAL DE YURACYACU;Municipalidad;UF0038031;INFRAESTRUCTURA DE VALORIZACIÓN DE RESIDUOS SÓLIDOS ORGÁNICOS MUNICIPALES YURACYACU;Infraestructura de Valorización;Municipal;SI;NO;NO;NO;San Martín;Rioja;Yuracyacu;Jirón Lima y Jirón Luis Reyes, atrás del estadio Municipal.;220809;18.0;253849;9343270.0;No tiene;-;-;-;-;-;;No aplica;OPERACIÓN;Ficha de verificación (13/09/2023);-;-;No aplica;SI;NO;NO;NO;2024;Resolución N° 00019-2024-OEFA/DSIS;Resolución N° 00019-2024-OEFA/DSIS
40365;562;ADM16620;20531375719.0;MUNICIPALIDAD DISTRITAL DE CHIPURANA;Municipalidad;UF0038032;INFRAESTRUCTURA DE VALORIZACIÓN DE RESIDUOS SÓLIDOS ORGÁNICOS MUNICIPALES CHIPURANA;Infraestructura de Valorización;Municipal;SI;NO;NO;NO;San Martín;San Martín;Huimbayoc;Al costado del Molino municipal.;220907;18.0;419053;9295331.0;No tiene;-;-;-;-;-;;No aplica;OPERACIÓN;Ficha de verificación (25/09/2023);-;-;No aplica;SI;NO;NO;NO;2024;Resolución N° 00019-2024-OEFA/DSIS;Resolución N° 00019-2024-OEFA/DSIS
40366;563;ADM12887;20191874464.0;MUNICIPALIDAD DISTRITAL DE HUERTAS;Municipalidad;UF0038054;INFRAESTRUCTURA DE VALORIZACIÓN DE RESIDUOS SÓLIDOS ORGÁNICOS MUNICIPALES HUERTAS;Infraestructura de Valorización;Municipal;SI;NO;NO;NO;Junín;Jauja;Huertas;Calle Pomate, Ref. detrás de la I.E. N°30507.;120410;18.0;448892;8700049.0;No tiene;-;-;-;-;-;;No aplica;OPERACIÓN;Ficha de verificación (06/09/2023);-;-;No aplica;SI;NO;NO;NO;2024;Resolución N° 00019-2024-OEFA/DSIS;Resolución N° 00019-2024-OEFA/DSIS
40367;564;ADM13516;20218598774.0;MUNICIPALIDAD DISTRITAL DE HUACHUPAMPA;Municipalidad;UF0038055;INFRAESTRUCTURA DE VALORIZACIÓN DE RESIDUOS SÓLIDOS ORGÁNICOS MUNICIPALES HUACHUPAMPA;Infraestructura de Valorización;Municipal;SI;NO;NO;NO;Lima;Huarochirí;Huachupampa;Cargasidera. Ref. en terreno del vivero municipal.;150707;18.0;326575;8702820.0;No tiene;-;-;-;-;-;;No aplica;OPERACIÓN;Ficha de verificación (23/08/2023);-;-;No aplica;SI;NO;NO;NO;2024;Resolución N° 00019-2024-OEFA/DSIS;Resolución N° 00019-2024-OEFA/DSIS
40368;565;ADM13379;20208088611.0;MUNICIPALIDAD DISTRITAL DE AYAVIRI;Municipalidad;UF0038056;INFRAESTRUCTURA DE VALORIZACIÓN DE RESIDUOS SÓLIDOS ORGÁNICOS MUNICIPALES AYAVIRI-YAUYOS;Infraestructura de Valorización;Municipal;SI;NO;NO;NO;Lima;Yauyos;Ayaviri;Jincha. Ref. en terreno del vivero municipal y áreas de cultivos de verduras y otros productos de consumo.;151004;18.0;377185;8631037.0;No tiene;-;-;-;-;-;;No aplica;OPERACIÓN;Ficha de verificación (05/09/2023);-;-;No aplica;SI;NO;NO;NO;2024;Resolución N° 00019-2024-OEFA/DSIS;Resolución N° 00019-2024-OEFA/DSIS
40369;566;ADM14022;20308738664.0;MUNICIPALIDAD DISTRITAL DE SAN PEDRO DE CASTA;Municipalidad;UF0038057;INFRAESTRUCTURA DE VALORIZACIÓN DE RESIDUOS SÓLIDOS ORGÁNICOS MUNICIPALES SAN PEDRO DE CASTA;Infraestructura de Valorización;Municipal;SI;NO;NO;NO;Lima;Huarochirí;San Pedro de Casta;Margén izquierdo de la Carretera San Pedro de Casta, Ref. ingreso de la población a la altura de Piedra Rastro, en el terreno del viviero municipal.;150724;18.0;326057;8699987.0;No tiene;-;-;-;-;-;;No aplica;OPERACIÓN;Ficha de verificación (05/09/2023);-;-;No aplica;SI;NO;NO;NO;2024;Resolución N° 00019-2024-OEFA/DSIS;Resolución N° 00019-2024-OEFA/DSIS
40370;567;ADM12069;20148170933.0;MUNICIPALIDAD PROVINCIAL DE RIOJA;Municipalidad;UF0038058;INFRAESTRUCTURA DE VALORIZACIÓN DE RESIDUOS SÓLIDOS ORGÁNICOS MUNICIPALES RIOJA;Infraestructura de Valorización;Municipal;SI;NO;NO;NO;San Martín;Rioja;Rioja;Jirón Victor Raúl cuadra 2. Ref. en el terreno del vivero municipal.;220801;18.0;259717;9331008.0;No tiene;-;-;-;-;-;;No aplica;OPERACIÓN;Respuesta al formulario, 11/28/2022 12:13:14;-;-;No aplica;SI;NO;NO;NO;2024;Resolución N° 00019-2024-OEFA/DSIS;Resolución N° 00019-2024-OEFA/DSIS
40371;568;ADM11791;20131368233.0;MUNICIPALIDAD DE CHACLACAYO;Municipalidad;UF0038059;INFRAESTRUCTURA DE VALORIZACIÓN DE RESIDUOS SÓLIDOS ORGÁNICOS MUNICIPALES CHACLACAYO;Infraestructura de Valorización;Municipal;SI;NO;NO;NO;Lima;Lima;Chaclacayo;Av. Nicolás Ayllon Km 22, altura al paradero Huampani. Ref. en el terreno de vivero municipal.;150107;18.0;307066;8675604.0;No tiene;-;-;-;-;-;;No aplica;OPERACIÓN;Respuesta al formulario, 11/28/2022 17:07:10;-;-;No aplica;SI;NO;NO;NO;2024;Resolución N° 00019-2024-OEFA/DSIS;Resolución N° 00019-2024-OEFA/DSIS
40372;569;ADM11809;20131373741.0;MUNICIPALIDAD DE SAN BORJA;Municipalidad;UF0038060;INFRAESTRUCTURA DE VALORIZACIÓN DE RESIDUOS SÓLIDOS ORGÁNICOS MUNICIPALES SAN BORJA;Infraestructura de Valorización;Municipal;SI;NO;NO;NO;Lima;Lima;San Borja;Altura de la avenida Buena Vista 298. Ref. parque temático Kallpa Wasi.;150130;18.0;284601;8660978.0;No tiene;-;-;-;-;-;;No aplica;OPERACIÓN;Respuesta al formulario, 12/1/2022 11:24:45;-;-;No aplica;SI;NO;NO;NO;2024;Resolución N° 00019-2024-OEFA/DSIS;Resolución N° 00019-2024-OEFA/DSIS
40373;570;ADM11796;20131369043.0;MUNICIPALIDAD DISTRITAL DE SANTA ANITA;Municipalidad;UF0038061;INFRAESTRUCTURA DE VALORIZACIÓN DE RESIDUOS SÓLIDOS ORGÁNICOS MUNICIPALES SANTA ANITA;Infraestructura de Valorización;Municipal;SI;NO;NO;NO;Lima;Lima;Santa Anita;Cruce de las avenidas 22 de Julio con avenida. Ferrocarril. Ref. en el terreno del vivero municipal.;150137;18.0;288369;8669587.0;No tiene;-;-;-;-;-;;No aplica;OPERACIÓN;Respuesta al formulario, 12/2/2022 18:09:39;-;-;No aplica;SI;NO;NO;NO;2024;Resolución N° 00019-2024-OEFA/DSIS;Resolución N° 00019-2024-OEFA/DSIS
40374;571;ADM13097;20199806344.0;MUNICIPALIDAD DISTRITAL DE HUAYUCACHI;Municipalidad;UF0038062;INFRAESTRUCTURA DE VALORIZACIÓN DE RESIDUOS SÓLIDOS ORGÁNICOS MUNICIPALES HUAYUCACHI-JUNIN;Infraestructura de Valorización;Municipal;SI;NO;NO;NO;Junín;Huancayo;Huayucachi;Centro Recreacional el Hechadero.;120121;18.0;474220;8657288.0;No tiene;-;-;-;-;-;;No aplica;OPERACIÓN;Respuesta al formulario, 12/12/2022 12:35:11;-;-;No aplica;SI;NO;NO;NO;2024;Resolución N° 00019-2024-OEFA/DSIS;Resolución N° 00019-2024-OEFA/DSIS
40375;572;ADM12490;20172361138.0;MUNICIPALIDAD DISTRITAL DE JOSE CRESPO Y CASTILLO;Municipalidad;UF0038063;INFRAESTRUCTURA DE VALORIZACIÓN DE RESIDUOS SÓLIDOS ORGÁNICOS MUNICIPALES JOSE CRESPO Y CASTILLO;Infraestructura de Valorización;Municipal;SI;NO;NO;NO;Huánuco;Leoncio Prado;José Crespo y Castillo;Carretera Fernando Belaunde Terri. Ref. 1.47 km del centro de la ciudad de Aucayacu, a 7 minutos aproximadamente. En el vivero.;100604;18.0;379381;9013541.0;No tiene;-;-;-;-;-;;No aplica;OPERACIÓN;Respuesta al formulario, 12/12/2022 16:49:09;-;-;No aplica;SI;NO;NO;NO;2024;Resolución N° 00019-2024-OEFA/DSIS;Resolución N° 00019-2024-OEFA/DSIS
40376;573;ADM12456;20171659257.0;CONCEJO DISTRITAL DE PUERTO SUPE;Municipalidad;UF0038064;INFRAESTRUCTURA DE VALORIZACIÓN DE RESIDUOS SÓLIDOS ORGÁNICOS MUNICIPALES SUPE PUERTO;Infraestructura de Valorización;Municipal;SI;NO;NO;NO;Lima;Barranca;Supe Puerto;Calle Callao S/N, al lado del Depósito Municipal.;150205;18.0;199962;8804807.0;No tiene;-;-;-;-;-;;No aplica;OPERACIÓN;Respuesta al formulario, 12/13/2022 11:38:16;-;-;No aplica;SI;NO;NO;NO;2024;Resolución N° 00019-2024-OEFA/DSIS;Resolución N° 00019-2024-OEFA/DSIS
40377;574;ADM12392;20168007168.0;MUNICIPALIDAD PROVINCIAL CHACHAPOYAS;Municipalidad;UF0038065;INFRAESTRUCTURA DE VALORIZACIÓN DE RESIDUOS SÓLIDOS ORGÁNICOS MUNICIPALES CHACHAPOYAS;Infraestructura de Valorización;Municipal;SI;NO;NO;NO;Amazonas;Chachapoyas;Chachapoyas;Fundo Membrillo, sector Tuctilla camino a Taquia. Ref. en terreno de extracción de material de cantera y centro municipal de atención canina.;10101;18.0;184978;9309480.0;No tiene;-;-;-;-;-;;No aplica;OPERACIÓN;Respuesta al formulario, 12/13/2022 11:44:01;-;-;No aplica;SI;NO;NO;NO;2024;Resolución N° 00019-2024-OEFA/DSIS;Resolución N° 00019-2024-OEFA/DSIS
40378;575;ADM11788;20131367857.0;MUNICIPALIDAD DISTRITAL DE LINCE;Municipalidad;UF0038066;INFRAESTRUCTURA DE VALORIZACIÓN DE RESIDUOS SÓLIDOS ORGÁNICOS MUNICIPALES LINCE 2;Infraestructura de Valorización;Municipal;SI;NO;NO;NO;Lima;Lima;Carabayllo;Predio Rural La Molina 54A.;150106;18.0;279836;8691149.0;No tiene;-;-;-;-;-;;No aplica;OPERACIÓN;Respuesta al formulario, 12/14/2022 13:51:08;-;-;No aplica;SI;NO;NO;NO;2024;Resolución N° 00019-2024-OEFA/DSIS;Resolución N° 00019-2024-OEFA/DSIS
40379;576;ADM11814;20131377224.0;MUNICIPALIDAD DISTRITAL DE MIRAFLORES;Municipalidad;UF0038067;INFRAESTRUCTURA DE VALORIZACIÓN DE RESIDUOS SÓLIDOS ORGÁNICOS MUNICIPALES MIRAFLORES-LIMA;Infraestructura de Valorización;Municipal;SI;NO;NO;NO;Lima;Lima;Miraflores;Avenida de la Costanera S/N, altura playa Los Delfines.;150122;18.0;276515;8660181.0;No tiene;-;-;-;-;-;;No aplica;OPERACIÓN;Respuesta al formulario, 12/16/2022 15:33:44;-;-;No aplica;SI;NO;NO;NO;2024;Resolución N° 00019-2024-OEFA/DSIS;Resolución N° 00019-2024-OEFA/DSIS
40380;577;ADM12263;20162538714.0;MUNICIPALIDAD DISTRITAL SIMON BOLIVAR R.;Municipalidad;UF0038068;INFRAESTRUCTURA DE VALORIZACIÓN DE RESIDUOS SÓLIDOS ORGÁNICOS MUNICIPALES SIMÓN BOLíVAR-PASCO;Infraestructura de Valorización;Municipal;SI;NO;NO;NO;Pasco;Pasco;Simón Bolívar;Calle 9 de octubre, ex piscina municipal.;190109;18.0;355853;8818953.0;No tiene;-;-;-;-;-;;No aplica;OPERACIÓN;Respuesta al formulario, 12/16/2022 14:37:09;-;-;No aplica;SI;NO;NO;NO;2024;Resolución N° 00019-2024-OEFA/DSIS;Resolución N° 00019-2024-OEFA/DSIS
40381;578;ADM11821;20131379600.0;MUNICIPALIDAD DISTRITAL DE LA PUNTA;Municipalidad;UF0038069;INFRAESTRUCTURA DE VALORIZACIÓN DE RESIDUOS SÓLIDOS ORGÁNICOS MUNICIPALES LA PUNTA;Infraestructura de Valorización;Municipal;SI;NO;NO;NO;Callao;Callao;La Punta;Malecón Pardo S/N, a espaldas del CIAM.;70101;18.0;264492;8664217.0;No tiene;-;-;-;-;-;;No aplica;OPERACIÓN;Respuesta al formulario, 12/20/2022 16:18:28;-;-;No aplica;SI;NO;NO;NO;2024;Resolución N° 00019-2024-OEFA/DSIS;Resolución N° 00019-2024-OEFA/DSIS
40382;579;ADM12402;20168745231.0;MUNICIPALIDAD PROVINCIAL TOCACHE;Municipalidad;UF0038070;INFRAESTRUCTURA DE VALORIZACIÓN DE RESIDUOS SÓLIDOS ORGÁNICOS MUNICIPALES TOCACHE;Infraestructura de Valorización;Municipal;SI;NO;NO;NO;San Martín;Tocache;Tocache;Centro poblado Pucayacu, ubicado frente a la carretera Tocache - Uchiza.;221001;18.0;329022;9094036.0;No tiene;-;-;-;-;-;;No aplica;OPERACIÓN;Respuesta al formulario, 12/20/2022 13:04:20;-;-;No aplica;SI;NO;NO;NO;2024;Resolución N° 00019-2024-OEFA/DSIS;Resolución N° 00019-2024-OEFA/DSIS
40383;580;ADM12127;20154547097.0;MUNICIPALIDAD PROVINCIAL DE EL DORADO;Municipalidad;UF0038071;INFRAESTRUCTURA DE VALORIZACIÓN DE RESIDUOS SÓLIDOS ORGÁNICOS MUNICIPALES EL DORADO-SAN MARTÍN;Infraestructura de Valorización;Municipal;SI;NO;NO;NO;San Martín;El Dorado;San José de Sisa;San José de Sisa, sector 20 de mayo, Villa Los Jardines. Ref. al costado del vivero municipal.;220301;18.0;311850;9268201.0;No tiene;-;-;-;-;-;;No aplica;OPERACIÓN;Respuesta al formulario, 12/21/2022 12:35:00;-;-;No aplica;SI;NO;NO;NO;2024;Resolución N° 00019-2024-OEFA/DSIS;Resolución N° 00019-2024-OEFA/DSIS
40384;581;ADM11800;20131369710.0;MUNICIPALIDAD DE LA PERLA;Municipalidad;UF0038072;INFRAESTRUCTURA DE VALORIZACIÓN DE RESIDUOS SÓLIDOS ORGÁNICOS MUNICIPALES LA PERLA;Infraestructura de Valorización;Municipal;SI;NO;NO;NO;Callao;Callao;La Perla;Calle Juan José Pardo N°598, urbanización Benjamin Doig Lossio. Ref. en terreno del vivero municipal.;70104;18.0;270607;8665318.0;No tiene;-;-;-;-;-;;No aplica;OPERACIÓN;Respuesta al formulario, 1/18/2023 15:18:08;-;-;No aplica;SI;NO;NO;NO;2024;Resolución N° 00019-2024-OEFA/DSIS;Resolución N° 00019-2024-OEFA/DSIS
40385;582;ADM11803;20131372184.0;MUNICIPALIDAD DISTRITAL DE SAN MIGUEL;Municipalidad;UF0038073;INFRAESTRUCTURA DE VALORIZACIÓN DE RESIDUOS SÓLIDOS ORGÁNICOS MUNICIPALES SAN MIGUEL-LIMA;Infraestructura de Valorización;Municipal;SI;NO;NO;NO;Lima;Lima;San Miguel;Avenida Venezuela cuadra 30. Ref. entre el grifo Petro América y el complejo deportivo RIGEL.;150136;18.0;273427;8665818.0;No tiene;-;-;-;-;-;;No aplica;OPERACIÓN;Respuesta al formulario, 1/24/2023 16:25:12;-;-;No aplica;SI;NO;NO;NO;2024;Resolución N° 00019-2024-OEFA/DSIS;Resolución N° 00019-2024-OEFA/DSIS
40386;583;ADM12401;20168737565.0;CONCEJO DISTRITAL DE COMAS;Municipalidad;UF0038076;INFRAESTRUCTURA DE VALORIZACIÓN DE RESIDUOS SÓLIDOS ORGÁNICOS MUNICIPALES COMAS;Infraestructura de Valorización;Municipal;SI;NO;NO;NO;Lima;Lima;Comas;Calle Compuertas S/N, urb. La Alborada II Etapa. Ref. en terreno de área recreacional.;150110;18.0;277037;8682811.0;No tiene;-;-;-;-;-;;No aplica;OPERACIÓN;Respuesta al formulario, 1/26/2023 13:24:41;-;-;No aplica;SI;NO;NO;NO;2024;Resolución N° 00019-2024-OEFA/DSIS;Resolución N° 00019-2024-OEFA/DSIS
40387;584;ADM11815;20131377909.0;MUNICIPALIDAD DE EL AGUSTINO;Municipalidad;UF0038077;INFRAESTRUCTURA DE VALORIZACIÓN DE RESIDUOS SÓLIDOS ORGÁNICOS MUNICIPALES EL AGUSTINO;Infraestructura de Valorización;Municipal;SI;NO;NO;NO;Lima;Lima;El agustino;Avenida Malecón de la Amistad. Ref. en el terreno del vivero municipal N° 03.;150111;18.0;281451;8669280.0;No tiene;-;-;-;-;-;;No aplica;OPERACIÓN;Respuesta al formulario, 1/31/2023 11:14:47;-;-;No aplica;SI;NO;NO;NO;2024;Resolución N° 00019-2024-OEFA/DSIS;Resolución N° 00019-2024-OEFA/DSIS
40388;585;ADM12625;20178500083.0;MUNICIPALIDAD DISTRITAL DE NUEVA CAJAMARCA;Municipalidad;UF0038078;INFRAESTRUCTURA DE VALORIZACIÓN DE RESIDUOS SÓLIDOS ORGÁNICOS MUNICIPALES NUEVA CAJAMARCA-SAN MARTÍN;Infraestructura de Valorización;Municipal;SI;NO;NO;NO;San Martín;Rioja;Nueva Cajamarca;"Carretera Fernando Belaunde Terry km 443+800 metros, desvió a 480 metros a dentro del sector la unión ""Predio La Molina"".";220804;18.0;242516;9347977.0;No tiene;-;-;-;-;-;;No aplica;OPERACIÓN;Respuesta al formulario, 1/31/2023 15:03:29;-;-;No aplica;SI;NO;NO;NO;2024;Resolución N° 00019-2024-OEFA/DSIS;Resolución N° 00019-2024-OEFA/DSIS
40389;586;ADM11806;20131372699.0;MUNICIPALIDAD DISTRITAL DE PUCUSANA;Municipalidad;UF0038079;INFRAESTRUCTURA DE VALORIZACIÓN DE RESIDUOS SÓLIDOS ORGÁNICOS MUNICIPALES PUCUSANA;Infraestructura de Valorización;Municipal;SI;NO;NO;NO;Lima;Lima;Pucusana;Asociación Cerro Colorado. Ref. al costado de la Fuerza Área del Perú.;150124;18.0;305647;8618180.0;No tiene;-;-;-;-;-;;No aplica;OPERACIÓN;Respuesta al formulario, 2/3/2023 14:50:24;-;-;No aplica;SI;NO;NO;NO;2024;Resolución N° 00019-2024-OEFA/DSIS;Resolución N° 00019-2024-OEFA/DSIS
40390;587;ADM12788;20188948741.0;MUNICIPALIDAD PROVINCIAL DE HUARAL;Municipalidad;UF0038080;INFRAESTRUCTURA DE VALORIZACIÓN DE RESIDUOS SÓLIDOS ORGÁNICOS MUNICIPALES HUARAL;Infraestructura de Valorización;Municipal;SI;NO;NO;NO;Lima;Huaral;Huaral;Avenida Los Naturales S/N. Ref. perrera y vivero municipal.;150601;18.0;259060;8730216.0;No tiene;-;-;-;-;-;;No aplica;OPERACIÓN;Respuesta al formulario, 2/13/2023 8:22:00;-;-;No aplica;SI;NO;NO;NO;2024;Resolución N° 00019-2024-OEFA/DSIS;Resolución N° 00019-2024-OEFA/DSIS
40391;588;ADM12071;20148182788.0;MUNICIPALIDAD PROVINCIAL DE ABANCAY;Municipalidad;UF0038100;INFRAESTRUCTURA DE VALORIZACIÓN DE RESIDUOS SÓLIDOS ORGÁNICOS MUNICIPALES ABANCAY;Infraestructura de Valorización;Municipal;SI;NO;NO;NO;Apurímac;Abancay;Abancay;Ubicada en el Kilómetro 7.5 aproximadamente, Carretera Panamericana Sur Abancay.;30101;18.0;726674;8489250.0;No tiene;-;-;-;-;-;;No aplica;OPERACIÓN;Respuesta al formulario, 2/23/2023 12:15:29;-;-;No aplica;SI;NO;NO;NO;2024;Resolución N° 00019-2024-OEFA/DSIS;Resolución N° 00019-2024-OEFA/DSIS
40392;589;ADM12067;20148170771.0;MUNICIPALIDAD DISTRITAL DE SORITOR;Municipalidad;UF0038101;INFRAESTRUCTURA DE VALORIZACIÓN DE RESIDUOS SÓLIDOS ORGÁNICOS MUNICIPALES SORITOR;Infraestructura de Valorización;Municipal;SI;NO;NO;NO;San Martín;Moyobamba;Soritor;Jirón Vida S/N. Ref. en terreno de área recreacional.;220105;18.0;268520;9320739.0;No tiene;-;-;-;-;-;;No aplica;OPERACIÓN;Respuesta al formulario, 3/16/2023 9:27:09;-;-;No aplica;SI;NO;NO;NO;2024;Resolución N° 00019-2024-OEFA/DSIS;Resolución N° 00019-2024-OEFA/DSIS
40393;590;ADM11820;20131378620.0;MUNICIPALIDAD DISTRITAL DE ATE;Municipalidad;UF0038102;INFRAESTRUCTURA DE VALORIZACIÓN DE RESIDUOS SÓLIDOS ORGÁNICOS MUNICIPALES ATE;Infraestructura de Valorización;Municipal;SI;NO;NO;NO;Lima;Lima;Ate;"Avenida Nicolás Ayllón 9203, Santa Clara. Ref. en vivero ""11 de octubre"".";150103;18.0;294916;8671484.0;No tiene;-;-;-;-;-;;No aplica;OPERACIÓN;Respuesta al formulario, 3/29/2023 11:56:36;-;-;No aplica;SI;NO;NO;NO;2024;Resolución N° 00019-2024-OEFA/DSIS;Resolución N° 00019-2024-OEFA/DSIS
40394;591;ADM12582;20176422191.0;MUNICIPALIDAD PROVINCIAL DE CAMANA;Municipalidad;UF0038103;INFRAESTRUCTURA DE VALORIZACIÓN DE RESIDUOS SÓLIDOS ORGÁNICOS MUNICIPALES CAMANA-AREQUIPA;Infraestructura de Valorización;Municipal;SI;NO;NO;NO;Arequipa;Camaná;Samuel Pastor;Vía de evitamiento - Samuel Pastor.;40201;18.0;746404;8160052.0;No tiene;-;-;-;-;-;;No aplica;OPERACIÓN;Respuesta al formulario, 4/5/2023 11:35:03;-;-;No aplica;SI;NO;NO;NO;2024;Resolución N° 00019-2024-OEFA/DSIS;Resolución N° 00019-2024-OEFA/DSIS
40395;592;ADM11802;20131371455.0;MUNICIPALIDAD DISTRITAL DE LURIGANCHO (CHOSICA);Municipalidad;UF0038104;INFRAESTRUCTURA DE VALORIZACIÓN DE RESIDUOS SÓLIDOS ORGÁNICOS MUNICIPALES LURIGANCHO-CHOSICA;Infraestructura de Valorización;Municipal;SI;NO;NO;NO;Lima;Lima;Lurigancho-Chosica;Urbanización Santa María de Chosica. Ref. en terreno de vivero.;150118;18.0;312665;8678281.0;No tiene;-;-;-;-;-;;No aplica;OPERACIÓN;Respuesta al formulario, 4/11/2023 13:39:09;-;-;No aplica;SI;NO;NO;NO;2024;Resolución N° 00019-2024-OEFA/DSIS;Resolución N° 00019-2024-OEFA/DSIS
40396;593;ADM13088;20199641086.0;MUNICIPALIDAD DISTRITAL DE VIRACO;Municipalidad;UF0038105;INFRAESTRUCTURA DE VALORIZACIÓN DE RESIDUOS SÓLIDOS ORGÁNICOS MUNICIPALES VIRACO;Infraestructura de Valorización;Municipal;SI;NO;NO;NO;Arequipa;Castilla;Viraco;Calle Tacna y Arica S/N. Ref. ex oficinas de COPASA.;40414;18.0;764842;8267915.0;No tiene;-;-;-;-;-;;No aplica;OPERACIÓN;Respuesta al formulario, 6/16/2023 15:51:39;-;-;No aplica;SI;NO;NO;NO;2024;Resolución N° 00019-2024-OEFA/DSIS;Resolución N° 00019-2024-OEFA/DSIS
40397;594;ADM12132;20154572792.0;MUNICIPALIDAD PROV.DE CORONEL PORTILLO;Municipalidad;UF0038106;INFRAESTRUCTURA DE VALORIZACIÓN DE RESIDUOS SÓLIDOS ORGÁNICOS MUNICIPALES CORONEL PORTILLO;Infraestructura de Valorización;Municipal;SI;NO;NO;NO;Ucayali;Coronel Portillo;Manantay;Carretera a Manantay. ref. altura ex Papelera.;250107;18.0;550237;9070304.0;No tiene;-;-;-;-;-;;No aplica;OPERACIÓN;Respuesta al formulario, 6/27/2023 16:22:28;-;-;No aplica;SI;NO;NO;NO;2024;Resolución N° 00019-2024-OEFA/DSIS;Resolución N° 00019-2024-OEFA/DSIS
40398;595;ADM12768;20188331581.0;MUNICIPALIDAD PROVINCIAL DE PADRE ABAD;Municipalidad;UF0038107;INFRAESTRUCTURA DE VALORIZACIÓN DE RESIDUOS SÓLIDOS ORGÁNICOS MUNICIPALES PADRE ABAD;Infraestructura de Valorización;Municipal;SI;NO;NO;NO;Ucayali;Padre Abad;Padre Abad;Centro Yurac, antes del badén. Ref. en vivero municipal.;250201;18.0;442965;8997663.0;No tiene;-;-;-;-;-;;No aplica;OPERACIÓN;Respuesta al formulario, 7/5/2023 11:53:27;-;-;No aplica;SI;NO;NO;NO;2024;Resolución N° 00019-2024-OEFA/DSIS;Resolución N° 00019-2024-OEFA/DSIS
40399;596;ADM11915;20142659299.0;MUNICIPALIDAD DISTRITAL LA BANDA DE SHILCAYO;Municipalidad;UF0038108;INFRAESTRUCTURA DE VALORIZACIÓN DE RESIDUOS SÓLIDOS ORGÁNICOS MUNICIPALES LA BANDA DE SHILCAYO;Infraestructura de Valorización;Municipal;SI;NO;NO;NO;San Martín;San Martín;La Banda de Shilcayo;Sector Sananguillo. Ref. en vivero.;220209;18.0;352883;9282365.0;No tiene;-;-;-;-;-;;No aplica;OPERACIÓN;Respuesta al formulario, 7/5/2023 16:43:30;-;-;No aplica;SI;NO;NO;NO;2024;Resolución N° 00019-2024-OEFA/DSIS;Resolución N° 00019-2024-OEFA/DSIS
40400;597;ADM12991;20195460559.0;MUNICIPALIDAD DISTRITAL DE YANTALO;Municipalidad;UF0038109;INFRAESTRUCTURA DE VALORIZACIÓN DE RESIDUOS SÓLIDOS ORGÁNICOS MUNICIPALES YANTALO;Infraestructura de Valorización;Municipal;SI;NO;NO;NO;San Martín;Moyobamba;Yantaló;Sector El Arenal.;220106;18.0;275431;9338872.0;No tiene;-;-;-;-;-;;No aplica;OPERACIÓN;Respuesta al formulario, 7/10/2023 12:22:08;-;-;No aplica;SI;NO;NO;NO;2024;Resolución N° 00019-2024-OEFA/DSIS;Resolución N° 00019-2024-OEFA/DSIS
40401;598;ADM12316;20165610297.0;MUNICIPALIDAD PROVINCIAL DE AYMARAES;Municipalidad;UF0038110;INFRAESTRUCTURA DE VALORIZACIÓN DE RESIDUOS SÓLIDOS ORGÁNICOS MUNICIPALES AYMARAES;Infraestructura de Valorización;Municipal;SI;NO;NO;NO;Apurímac;Aymaraes;Chalhuanca;Sector de Ccompecpata. Ref. en vivero.;30401;18.0;688644;8419360.0;No tiene;-;-;-;-;-;;No aplica;OPERACIÓN;Respuesta al formulario, 7/7/2023 15:17:13;-;-;No aplica;SI;NO;NO;NO;2024;Resolución N° 00019-2024-OEFA/DSIS;Resolución N° 00019-2024-OEFA/DSIS
40402;599;ADM12221;20161096068.0;MUNICIPALIDAD PROVINCIAL COTABAMBAS - APURIMAC;Municipalidad;UF0038111;INFRAESTRUCTURA DE VALORIZACIÓN DE RESIDUOS SÓLIDOS ORGÁNICOS MUNICIPALES COTABAMBAS - APURIMAC;Infraestructura de Valorización;Municipal;SI;NO;NO;NO;Apurímac;Cotabambas;Tambobamba;Centro de Producción y Transferencia de tecnología en el Sector Hatun Huancallo del Barrio Huancallo.;30501;18.0;807799;8457619.0;No tiene;-;-;-;-;-;;No aplica;OPERACIÓN;Respuesta al formulario, 7/14/2023 18:27:44;-;-;No aplica;SI;NO;NO;NO;2024;Resolución N° 00019-2024-OEFA/DSIS;Resolución N° 00019-2024-OEFA/DSIS
40403;600;ADM12924;20193090967.0;MUNICIPALIDAD DISTRITAL DE POSIC;Municipalidad;UF0038112;INFRAESTRUCTURA DE VALORIZACIÓN DE RESIDUOS SÓLIDOS ORGÁNICOS MUNICIPALES POSIC;Infraestructura de Valorización;Municipal;SI;NO;NO;NO;San Martín;Rioja;Posic;Avenida Rioja S/N, Ref. frente a la Plaza de Armas, en vivero municipal.;220806;18.0;260608;9334781.0;No tiene;-;-;-;-;-;;No aplica;OPERACIÓN;Respuesta al formulario, 7/17/2023 11:07:35;-;-;No aplica;SI;NO;NO;NO;2024;Resolución N° 00019-2024-OEFA/DSIS;Resolución N° 00019-2024-OEFA/DSIS
40404;601;ADM11801;20131369809.0;MUNICIPALIDAD DISTRITAL DE VENTANILLA;Municipalidad;UF0038113;INFRAESTRUCTURA DE VALORIZACIÓN DE RESIDUOS SÓLIDOS ORGÁNICOS MUNICIPALES VENTANILLA;Infraestructura de Valorización;Municipal;SI;NO;NO;NO;Callao;Callao;Ventanilla;Sector I - Techo Propio. Ref. en terreno de vivero.;70106;18.0;264432;8690061.0;No tiene;-;-;-;-;-;;No aplica;OPERACIÓN;Respuesta al formulario, 7/11/2023 18:39:31;-;-;No aplica;SI;NO;NO;NO;2024;Resolución N° 00019-2024-OEFA/DSIS;Resolución N° 00019-2024-OEFA/DSIS
40405;602;ADM11793;20131368586.0;MUNICIPALIDAD DE BRENA;Municipalidad;UF0038114;INFRAESTRUCTURA DE VALORIZACIÓN DE RESIDUOS SÓLIDOS ORGÁNICOS MUNICIPALES BREÑA;Infraestructura de Valorización;Municipal;SI;NO;NO;NO;Lima;Lima;Breña;Jirón General Vidal 671. Ref. en terreno de vivero municipal.;150105;18.0;276651;8665864.0;No tiene;-;-;-;-;-;;No aplica;OPERACIÓN;Respuesta al formulario, 7/13/2023 16:18:01;-;-;No aplica;SI;NO;NO;NO;2024;Resolución N° 00019-2024-OEFA/DSIS;Resolución N° 00019-2024-OEFA/DSIS
40406;603;ADM12700;20184353904.0;CONCEJO DISTRITAL DE RICARDO PALMA;Municipalidad;UF0038124;INFRAESTRUCTURA DE VALORIZACIÓN DE RESIDUOS SÓLIDOS ORGÁNICOS MUNICIPALES RICARDO PALMA-HUAROCHIRI;Infraestructura de Valorización;Municipal;SI;NO;NO;NO;Lima;Lima;Lurigancho;"Avenida 5 de Setiembre, al costado de la Empresa de Transportes ""Chosicano"", colindante con el río Rimac. Ref. en terreno del vivero municipal.";150714;18.0;318156;8681339.0;No tiene;-;-;-;-;-;;No aplica;OPERACIÓN;Ficha de verificación (18/12/2023);-;-;No aplica;SI;NO;NO;NO;2024;Resolución N° 00019-2024-OEFA/DSIS;Resolución N° 00019-2024-OEFA/DSIS
40407;604;ADM13213;20202703144.0;MUNICIPALIDAD DISTRITAL DE CRUCERO;Municipalidad;UF0038125;INFRAESTRUCTURA DE VALORIZACIÓN DE RESIDUOS SÓLIDOS ORGÁNICOS MUNICIPALES CRUCERO;Infraestructura de Valorización;Municipal;SI;NO;NO;NO;Puno;Carabaya;Crucero;Campo Ferial.;210306;19.0;388415;8412452.0;No tiene;-;-;-;-;-;;No aplica;OPERACIÓN;Ficha de verificación (28/8/2023);-;-;No aplica;SI;NO;NO;NO;2024;Resolución N° 00019-2024-OEFA/DSIS;Resolución N° 00019-2024-OEFA/DSIS
40408;605;ADM12208;20159714285.0;MUNICIPALIDAD PROVINCIAL DE CANDARAVE;Municipalidad;UF0038126;INFRAESTRUCTURA DE VALORIZACIÓN DE RESIDUOS SÓLIDOS ORGÁNICOS MUNICIPALES CANDARAVE;Infraestructura de Valorización;Municipal;SI;NO;NO;NO;Tacna;Candarave;Candarave;"Prolongación calle Sucre. Ref. 3 cuadras debajo de la comisaria rural Candarave, Sector Vila Vila; en campo ferial.";230201;19.0;366885;8089687.0;No tiene;-;-;-;-;-;;No aplica;OPERACIÓN;Ficha de verificación (24/8/2023);-;En la verificación no se observó residuos sólidos orgánicos en proceso de valorización.;No aplica;SI;NO;NO;NO;2024;Resolución N° 00019-2024-OEFA/DSIS;Resolución N° 00019-2024-OEFA/DSIS
40409;606;ADM12059;20147799498.0;MUNICIPALIDAD PROVINCIAL DE TARATA;Municipalidad;UF0038127;INFRAESTRUCTURA DE VALORIZACIÓN DE RESIDUOS SÓLIDOS ORGÁNICOS MUNICIPALES TARATA;Infraestructura de Valorización;Municipal;SI;NO;NO;NO;Tacna;Tarata;Tarata;Calle San Martin S/N, interior del Campo Ferial. Ref. 4 cuadras hacia de la Plaza Principal hacia el sector Silabaya-Lupaca.;230401;19.0;389431;8067463.0;No tiene;-;-;-;-;-;;No aplica;OPERACIÓN;Ficha de verificación (22/8/2023);-;-;No aplica;SI;NO;NO;NO;2024;Resolución N° 00019-2024-OEFA/DSIS;Resolución N° 00019-2024-OEFA/DSIS
40410;607;ADM13359;20207729052.0;MUNICIPALIDAD DISTRITAL DE TICACO;Municipalidad;UF0038128;INFRAESTRUCTURA DE VALORIZACIÓN DE RESIDUOS SÓLIDOS ORGÁNICOS MUNICIPALES TICACO;Infraestructura de Valorización;Municipal;SI;NO;NO;NO;Tacna;Tarata;Ticaco;Ex Comisaria de Ticaco. Ref. a una cuadra de la I.E.I. N° 0316 Victoria Barcia Bonifatti.;230408;19.0;388867;8070353.0;No tiene;-;-;-;-;-;;No aplica;OPERACIÓN;Ficha de verificación (22/8/2023);-;-;No aplica;SI;NO;NO;NO;2024;Resolución N° 00019-2024-OEFA/DSIS;Resolución N° 00019-2024-OEFA/DSIS
40411;608;ADM12058;20147797100.0;MUNICIPALIDAD PROVINCIAL DE TACNA;Municipalidad;UF0038129;INFRAESTRUCTURA DE VALORIZACIÓN DE RESIDUOS SÓLIDOS ORGÁNICOS MUNICIPALES TACNA;Infraestructura de Valorización;Municipal;SI;NO;NO;NO;Tacna;Tacna;Pocollay;Instalaciones del Parque Perú, Pocollay parte baja.;230108;19.0;371367;8009749.0;No tiene;-;-;-;-;-;;No aplica;OPERACIÓN;Ficha de verificación (21/8/2023);-;-;No aplica;SI;NO;NO;NO;2024;Resolución N° 00019-2024-OEFA/DSIS;Resolución N° 00019-2024-OEFA/DSIS
40412;609;ADM12864;20191237405.0;MUNICIPALIDAD DISTRITAL DE LABERINTO;Municipalidad;UF0038130;INFRAESTRUCTURA DE VALORIZACIÓN DE RESIDUOS SÓLIDOS ORGÁNICOS MUNICIPALES LABERINTO;Infraestructura de Valorización;Municipal;SI;NO;NO;NO;Madre de Dios;Tambopata;Laberinto;Lote 1 manzana D, Zona Industrial. Ref. en vivero municipal.;170104;19.0;436600;8593342.0;No tiene;-;-;-;-;-;;No aplica;OPERACIÓN;Ficha de verificación (31/8/2023);-;-;No aplica;SI;NO;NO;NO;2024;Resolución N° 00019-2024-OEFA/DSIS;Resolución N° 00019-2024-OEFA/DSIS
40413;610;ADM13569;20221150733.0;MUNICIPALIDAD DISTRITAL DE YARABAMBA;Municipalidad;UF0038131;INFRAESTRUCTURA DE VALORIZACIÓN DE RESIDUOS SÓLIDOS ORGÁNICOS MUNICIPALES YARABAMBA;Infraestructura de Valorización;Municipal;SI;NO;NO;NO;Arequipa;Arequipa;Yarabamba;Vivero Municipal S/N, a espaldas del estadio de Yarabamaba.;40127;19.0;235539;8169068.0;No tiene;-;-;-;-;-;;No aplica;OPERACIÓN;Ficha de verificación (01/09/2023);-;-;No aplica;SI;NO;NO;NO;2024;Resolución N° 00019-2024-OEFA/DSIS;Resolución N° 00019-2024-OEFA/DSIS
40414;611;ADM12264;20162586956.0;MUNICIPALIDAD DISTRITAL DE YANAHUARA;Municipalidad;UF0038132;INFRAESTRUCTURA DE VALORIZACIÓN DE RESIDUOS SÓLIDOS ORGÁNICOS MUNICIPALES YANAHUARA;Infraestructura de Valorización;Municipal;SI;NO;NO;NO;Arequipa;Arequipa;Yanahuara;Complejo Magnopata S/N, debajo del Puente Chilina.;40126;19.0;229179;8187400.0;No tiene;-;-;-;-;-;;No aplica;OPERACIÓN;Ficha de verificación (28/08/2023);-;-;No aplica;SI;NO;NO;NO;2024;Resolución N° 00019-2024-OEFA/DSIS;Resolución N° 00019-2024-OEFA/DSIS
40415;612;ADM12207;20159515240.0;MUNICIPALIDAD DISTRITAL DE CERRO COLORADO;Municipalidad;UF0038133;INFRAESTRUCTURA DE VALORIZACIÓN DE RESIDUOS SÓLIDOS ORGÁNICOS MUNICIPALES CERRO COLORADO;Infraestructura de Valorización;Municipal;SI;NO;NO;NO;Arequipa;Arequipa;Cerro Colorado;Avenida Vista Alegre S/N, dentro del vivero municipal.;40104;19.0;226207;8188317.0;No tiene;-;-;-;-;-;;No aplica;OPERACIÓN;Respuesta al formulario, 11/29/2022 10:49:39;-;-;No aplica;SI;NO;NO;NO;2024;Resolución N° 00019-2024-OEFA/DSIS;Resolución N° 00019-2024-OEFA/DSIS
40416;613;ADM12313;20165563515.0;MUNICIPALIDAD PROVINCIAL DE LAMPA;Municipalidad;UF0038134;INFRAESTRUCTURA DE VALORIZACIÓN DE RESIDUOS SÓLIDOS ORGÁNICOS MUNICIPALES LAMPA;Infraestructura de Valorización;Municipal;SI;NO;NO;NO;Puno;Lampa;Lampa;Carretera a Palca, campo ferial municipal.;210701;19.0;352849;8301427.0;No tiene;-;-;-;-;-;;No aplica;OPERACIÓN;Respuesta al formulario, 11/30/2022 8:44:21;-;-;No aplica;SI;NO;NO;NO;2024;Resolución N° 00019-2024-OEFA/DSIS;Resolución N° 00019-2024-OEFA/DSIS
40417;614;ADM12434;20170325185.0;MUNICIPALIDAD PROVINCIAL DE CANAS;Municipalidad;UF0038135;INFRAESTRUCTURA DE VALORIZACIÓN DE RESIDUOS SÓLIDOS ORGÁNICOS MUNICIPALES CANAS;Infraestructura de Valorización;Municipal;SI;NO;NO;NO;Cusco;Canas;Yanaoca;Ujurmina, a 500 metros más abajo del colegio Independencia Americana.;80501;19.0;236992;8427585.0;No tiene;-;-;-;-;-;;No aplica;OPERACIÓN;Respuesta al formulario, 12/5/2022 10:58:49;-;-;No aplica;SI;NO;NO;NO;2024;Resolución N° 00019-2024-OEFA/DSIS;Resolución N° 00019-2024-OEFA/DSIS
40418;615;ADM12057;20147796987.0;MUNICIPALIDAD DISTRITAL DE POCOLLAY;Municipalidad;UF0038136;INFRAESTRUCTURA DE VALORIZACIÓN DE RESIDUOS SÓLIDOS ORGÁNICOS MUNICIPALES POCOLLAY;Infraestructura de Valorización;Municipal;SI;NO;NO;NO;Tacna;Tacna;Pocollay;Casa del Agricultor, en vivero.;230108;19.0;371429;8010054.0;No tiene;-;-;-;-;-;;No aplica;OPERACIÓN;Respuesta al formulario, 12/6/2022 14:43:59;-;-;No aplica;SI;NO;NO;NO;2024;Resolución N° 00019-2024-OEFA/DSIS;Resolución N° 00019-2024-OEFA/DSIS
40419;616;ADM13538;20219775271.0;MUNICIPALIDAD DISTRITAL DE ESTIQUE;Municipalidad;UF0038137;INFRAESTRUCTURA DE VALORIZACIÓN DE RESIDUOS SÓLIDOS ORGÁNICOS MUNICIPALES ESTIQUE;Infraestructura de Valorización;Municipal;SI;NO;NO;NO;Tacna;Tarata;Estique;Calle central S/N al costado del Complejo Deportivo del Centro Poblado de Talabaya.;230403;19.0;395324;8059203.0;No tiene;-;-;-;-;-;;No aplica;OPERACIÓN;Respuesta al formulario, 12/6/2022 15:08:49;-;-;No aplica;SI;NO;NO;NO;2024;Resolución N° 00019-2024-OEFA/DSIS;Resolución N° 00019-2024-OEFA/DSIS
40420;617;ADM12041;20147421070.0;MUNICIPALIDAD PROVINCIAL DE CANCHIS;Municipalidad;UF0038138;INFRAESTRUCTURA DE VALORIZACIÓN DE RESIDUOS SÓLIDOS ORGÁNICOS MUNICIPALES CANCHIS-SICUANI;Infraestructura de Valorización;Municipal;SI;NO;NO;NO;Cusco;Canchis;Sicuani;Avenida Confederación S/N, en vivero.;80601;19.0;258604;8423544.0;No tiene;-;-;-;-;-;;No aplica;OPERACIÓN;Respuesta al formulario, 12/19/2022 16:44:20;-;-;No aplica;SI;NO;NO;NO;2024;Resolución N° 00019-2024-OEFA/DSIS;Resolución N° 00019-2024-OEFA/DSIS
40421;618;ADM12442;20170573081.0;MUNICIPALIDAD DISTRITAL DE SABANDIA;Municipalidad;UF0038139;INFRAESTRUCTURA DE VALORIZACIÓN DE RESIDUOS SÓLIDOS ORGÁNICOS MUNICIPALES SABANDIA;Infraestructura de Valorización;Municipal;SI;NO;NO;NO;Arequipa;Arequipa;Sabandía;Mz H, lote 3,4,5 zona I, Asociación Viviendas Semirural de Productos Pecuarios UMAPALCA.;40116;19.0;233534;8179708.0;No tiene;-;-;-;-;-;;No aplica;OPERACIÓN;Respuesta al formulario, 12/28/2022 15:02:32;-;-;No aplica;SI;NO;NO;NO;2024;Resolución N° 00019-2024-OEFA/DSIS;Resolución N° 00019-2024-OEFA/DSIS
40422;619;ADM12201;20159386253.0;MUNICIPALIDAD DISTRI. DE SAN JERONIMO;Municipalidad;UF0038140;INFRAESTRUCTURA DE VALORIZACIÓN DE RESIDUOS SÓLIDOS ORGÁNICOS MUNICIPALES SAN JERONIMO-CUSCO;Infraestructura de Valorización;Municipal;SI;NO;NO;NO;Cusco;Cusco;San Jerónimo;Sector Coricalle S/N, Comunidad de Picol Orcompugio. Ref. en terreno de vivero municipal.;80104;19.0;187965;8502423.0;No tiene;-;-;-;-;-;;No aplica;OPERACIÓN;Respuesta al formulario, 12/29/2022 11:43:19;-;-;No aplica;SI;NO;NO;NO;2024;Resolución N° 00019-2024-OEFA/DSIS;Resolución N° 00019-2024-OEFA/DSIS
40423;620;ADM12874;20191603941.0;MUNICIPALIDAD DISTRITAL DE UCHUMAYO;Municipalidad;UF0038141;INFRAESTRUCTURA DE VALORIZACIÓN DE RESIDUOS SÓLIDOS ORGÁNICOS MUNICIPALES UCHUMAYO;Infraestructura de Valorización;Municipal;SI;NO;NO;NO;Arequipa;Arequipa;Uchumayo;Prolongación Ignacio Álvarez Thomas Zona 2. Ref. terreno de vivero.;40124;19.0;220177;8179786.0;No tiene;-;-;-;-;-;;No aplica;OPERACIÓN;Respuesta al formulario, 3/7/2023 12:32:53;-;-;No aplica;SI;NO;NO;NO;2024;Resolución N° 00019-2024-OEFA/DSIS;Resolución N° 00019-2024-OEFA/DSIS
40424;621;ADM12244;20162281845.0;MUNICIPALIDAD PROVINCIAL DE MANU;Municipalidad;UF0038142;INFRAESTRUCTURA DE VALORIZACIÓN DE RESIDUOS SÓLIDOS ORGÁNICOS MUNICIPALES MANU;Infraestructura de Valorización;Municipal;SI;NO;NO;NO;Madre de Dios;Manu;Manu;Ex casa hacienda fundo Villa Salvación.;170201;19.0;241893;8581378.0;No tiene;-;-;-;-;-;;No aplica;OPERACIÓN;Respuesta al formulario, 3/15/2023 11:49:11;-;-;No aplica;SI;NO;NO;NO;2024;Resolución N° 00019-2024-OEFA/DSIS;Resolución N° 00019-2024-OEFA/DSIS
40425;622;ADM12964;20194735384.0;MUNICIPALIDAD PROVINCIAL JORGE BASADRE;Municipalidad;UF0038143;INFRAESTRUCTURA DE VALORIZACIÓN DE RESIDUOS SÓLIDOS ORGÁNICOS MUNICIPALES JORGE BASADRE;Infraestructura de Valorización;Municipal;SI;NO;NO;NO;Tacna;Jorge Basadre;Locumba;Carretera Locumba, colinda con el Estadio Municipal y Vivero Municipal.;230301;19.0;313017;8051338.0;No tiene;-;-;-;-;-;;No aplica;OPERACIÓN;Respuesta al formulario, 7/5/2023 14:32:11;-;-;No aplica;SI;NO;NO;NO;2024;Resolución N° 00019-2024-OEFA/DSIS;Resolución N° 00019-2024-OEFA/DSIS
40426;623;ADM12731;20185896723.0;MUNICIPALIDAD PROVINCIAL DE HUANCANE;Municipalidad;UF0038144;INFRAESTRUCTURA DE VALORIZACIÓN DE RESIDUOS SÓLIDOS ORGÁNICOS MUNICIPALES HUANCANE;Infraestructura de Valorización;Municipal;SI;NO;NO;NO;Puno;Huancané;Huancané;Campo ferial detrás del terminal terrestre.;210601;19.0;416934;8318643.0;No tiene;-;-;-;-;-;;No aplica;OPERACIÓN;Respuesta al formulario, 7/13/2023 13:34:19;-;-;No aplica;SI;NO;NO;NO;2024;Resolución N° 00019-2024-OEFA/DSIS;Resolución N° 00019-2024-OEFA/DSIS
40427;624;ADM12907;20192146641.0;MUNICIPALIDAD PROVINCIAL DE YUNGUYO;Municipalidad;UF0038145;INFRAESTRUCTURA DE VALORIZACIÓN DE RESIDUOS SÓLIDOS ORGÁNICOS MUNICIPALES YUNGUYO;Infraestructura de Valorización;Municipal;SI;NO;NO;NO;Puno;Yunguyo;Yunguyo;Prolongación Jirón Arica Manzana C Lote 3, Barrio Santa Rosa.;211301;19.0;489111;8202593.0;No tiene;-;-;-;-;-;;No aplica;OPERACIÓN;Respuesta al formulario, 7/14/2023 14:01:04;-;-;No aplica;SI;NO;NO;NO;2024;Resolución N° 00019-2024-OEFA/DSIS;Resolución N° 00019-2024-OEFA/DSIS
40428;625;ADM13877;20279769211.0;MUNICIPALIDAD DISTRITAL DE ESTIQUE PAMPA;Municipalidad;UF0038146;INFRAESTRUCTURA DE VALORIZACIÓN DE RESIDUOS SÓLIDOS ORGÁNICOS MUNICIPALES ESTIQUE-PAMPA;Infraestructura de Valorización;Municipal;SI;NO;NO;NO;Tacna;Tarata;Estique-Pampa;Emp. TA-567, desvió a Estique Pueblo, sector U quipa, en el kilómetro 0+150.;230404;19.0;390943;8060113.0;No tiene;-;-;-;-;-;;No aplica;OPERACIÓN;Respuesta al formulario, 7/18/2023 14:32:04;-;-;No aplica;SI;NO;NO;NO;2024;Resolución N° 00019-2024-OEFA/DSIS;Resolución N° 00019-2024-OEFA/DSIS
40429;626;ADM12150;20156074242.0;MUNICIPALIDAD PROVINCIAL DE CALCA;Municipalidad;UF0038147;INFRAESTRUCTURA DE VALORIZACIÓN DE RESIDUOS SÓLIDOS ORGÁNICOS MUNICIPALES CALCA-CUSCO;Infraestructura de Valorización;Municipal;SI;NO;NO;NO;Cusco;Calca;Calca;Calle Ucayali S/N, a 300 metros aproximadamente de la avenida Vilcanota.;80401;19.0;179273;8524942.0;No tiene;-;-;-;-;-;;No aplica;OPERACIÓN;Respuesta al formulario, 7/24/2023 17:52:43;-;-;No aplica;SI;NO;NO;NO;2024;Resolución N° 00019-2024-OEFA/DSIS;Resolución N° 00019-2024-OEFA/DSIS
40430;627;ADM12288;20163777917.0;MUNICIPALIDAD DISTRITAL EL ORO;Municipalidad;UF0038148;INFRAESTRUCTURA DE VALORIZACIÓN DE RESIDUOS SÓLIDOS ORGÁNICOS MUNICIPALES EL ORO;Infraestructura de Valorización;Municipal;SI;NO;NO;NO;Apurímac;Antabamba;El Oro;"Chahuanapata, ref. cercano a terreno del Área Degradada ""Botadero Chaonapata"".";30302;18.0;709131;8428752.0;No tiene;-;-;-;-;-;;No aplica;OPERACIÓN;Ficha de verificación (05/09/2023);-;-;No aplica;SI;NO;NO;NO;2024;Resolución N° 00019-2024-OEFA/DSIS;Resolución N° 00019-2024-OEFA/DSIS
40431;628;ADM13493;20216026048.0;MUNICIPALIDAD DISTRITAL DE CHACOCHE;Municipalidad;UF0038149;INFRAESTRUCTURA DE VALORIZACIÓN DE RESIDUOS SÓLIDOS ORGÁNICOS MUNICIPALES CHACOCHE;Infraestructura de Valorización;Municipal;SI;NO;NO;NO;Apurímac;Abancay;Chacoche;"Ccatahuasina, ref. en el terreno del Área Degradada ""Botadero Huaranginayoc"".";30102;18.0;713043;8462483.0;No tiene;-;-;-;-;-;;No aplica;OPERACIÓN;Ficha de verificación (06/09/2023);-;-;No aplica;SI;NO;NO;NO;2024;Resolución N° 00019-2024-OEFA/DSIS;Resolución N° 00019-2024-OEFA/DSIS
40432;629;ADM13676;20227999161.0;MUNICIPALIDAD DISTRITAL DE JULCAN;Municipalidad;UF0038150;INFRAESTRUCTURA DE VALORIZACIÓN DE RESIDUOS SÓLIDOS ORGÁNICOS MUNICIPALES JULCAN-JAUJA;Infraestructura de Valorización;Municipal;SI;NO;NO;NO;Junín;Jauja;Julcán;"Avenida Inca Pachacutec, Barrio Huayranga, Ref. a 100 m. del cementerio general de distrito y en el terreno del Área Degradada ""Botadero Purijrumi (Tinyajcucho)"".";120412;18.0;452370;8698700.0;No tiene;-;-;-;-;-;;No aplica;OPERACIÓN;Ficha de verificación (05/09/2023);-;-;No aplica;SI;NO;NO;NO;2024;Resolución N° 00019-2024-OEFA/DSIS;Resolución N° 00019-2024-OEFA/DSIS
40433;630;ADM13170;20201784264.0;MUNICIPALIDAD DISTRITAL DE HUARIPAMPA;Municipalidad;UF0038151;INFRAESTRUCTURA DE VALORIZACIÓN DE RESIDUOS SÓLIDOS ORGÁNICOS MUNICIPALES HUARIPAMPA;Infraestructura de Valorización;Municipal;SI;NO;NO;NO;Junín;Jauja;Huaripampa;Sector Challhua, Isla Grande.;120409;18.0;449357;8695619.0;No tiene;-;-;-;-;-;;No aplica;OPERACIÓN;Ficha de verificación (21/09/2023);-;-;No aplica;SI;NO;NO;NO;2024;Resolución N° 00019-2024-OEFA/DSIS;Resolución N° 00019-2024-OEFA/DSIS
40434;631;ADM11980;20146510800.0;MUNICIPALIDAD DISTRITAL DE PACCHA;Municipalidad;UF0038152;INFRAESTRUCTURA DE VALORIZACIÓN DE RESIDUOS SÓLIDOS ORGÁNICOS MUNICIPALES PACCHA-YAULI;Infraestructura de Valorización;Municipal;SI;NO;NO;NO;Junín;Yauli;Paccha;"Sector Bado, Ref. Lado derecho carretera Central y cercano al Área Degradada ""Botadero Masajcancha"".";120806;18.0;396640;8730020.0;No tiene;-;-;-;-;-;;No aplica;OPERACIÓN;Ficha de verificación (12/09/2023);-;-;No aplica;SI;NO;NO;NO;2024;Resolución N° 00019-2024-OEFA/DSIS;Resolución N° 00019-2024-OEFA/DSIS
40435;632;ADM14091;20322817534.0;MUNICIPALIDAD DISTRITAL DE CARANIA;Municipalidad;UF0038153;INFRAESTRUCTURA DE VALORIZACIÓN DE RESIDUOS SÓLIDOS ORGÁNICOS MUNICIPALES CARANIA;Infraestructura de Valorización;Municipal;SI;NO;NO;NO;Lima;Yauyos;Carania;Corral Grande, Ref. adyacente a área degradada de residuos sólidos municipales.;151007;18.0;406658;8635771.0;No tiene;-;-;-;-;-;;No aplica;OPERACIÓN;Ficha de verificación (14/09/2023);-;-;No aplica;SI;NO;NO;NO;2024;Resolución N° 00019-2024-OEFA/DSIS;Resolución N° 00019-2024-OEFA/DSIS
40436;633;ADM13535;20219601957.0;MUNICIPIO DISTRITAL A PARDO LEZAMETA;Municipalidad;UF0038154;INFRAESTRUCTURA DE VALORIZACIÓN DE RESIDUOS SÓLIDOS ORGÁNICOS MUNICIPALES ABELARDO PARDO LEZAMETA;Infraestructura de Valorización;Municipal;SI;NO;NO;NO;Áncash;Bolognesi;Abelardo Pardo Lezameta;"Sector Sango Frío, El Remate. Ref.. a 10 minutos de la localidad de Llaclla, cercano al Área Degradada ""Botadero Sector Sango Frio – El Remate""";20502;18.0;264676;8858860.0;No tiene;-;-;-;-;-;;No aplica;OPERACIÓN;Ficha de verificación (11/10/2023);-;-;No aplica;SI;NO;NO;NO;2024;Resolución N° 00019-2024-OEFA/DSIS;Resolución N° 00019-2024-OEFA/DSIS
40437;634;ADM13477;20214896118.0;MUNICIPALIDAD DISTRITAL DE CANIS;Municipalidad;UF0038155;INFRAESTRUCTURA DE VALORIZACIÓN DE RESIDUOS SÓLIDOS ORGÁNICOS MUNICIPALES CANIS;Infraestructura de Valorización;Municipal;SI;NO;NO;NO;Áncash;Bolognesi;Canis;Sector Uchpash, a 10 minutos de la localidad de Canis.;20506;18.0;262764;8856595.0;No tiene;-;-;-;-;-;;No aplica;OPERACIÓN;Ficha de verificación (11/10/2023);-;-;No aplica;SI;NO;NO;NO;2024;Resolución N° 00019-2024-OEFA/DSIS;Resolución N° 00019-2024-OEFA/DSIS
40438;635;ADM13699;20229916719.0;MUNICIPALIDAD DISTRITAL SAN MIGUEL DE CORPANQUI;Municipalidad;UF0038156;INFRAESTRUCTURA DE VALORIZACIÓN DE RESIDUOS SÓLIDOS ORGÁNICOS MUNICIPALES SAN MIGUEL DE CORPANQUI;Infraestructura de Valorización;Municipal;SI;NO;NO;NO;Áncash;Bolognesi;San Miguel de Corpanqui;Huayinuna,Sector Ocachacra, a 5 minutos de la población central del distrito.;20514;18.0;258591;8862899.0;No tiene;-;-;-;-;-;;No aplica;OPERACIÓN;Ficha de verificación (05/10/2023);-;-;No aplica;SI;NO;NO;NO;2024;Resolución N° 00019-2024-OEFA/DSIS;Resolución N° 00019-2024-OEFA/DSIS
40439;636;ADM13678;20228222845.0;MUNICIPALIDAD DISTRITAL DE LLIPA;Municipalidad;UF0038157;INFRAESTRUCTURA DE VALORIZACIÓN DE RESIDUOS SÓLIDOS ORGÁNICOS MUNICIPALES LLIPA;Infraestructura de Valorización;Municipal;SI;NO;NO;NO;Áncash;Ocros;Llipa;Sector Cachuan Bajo, quebrada Mancush, a 10 minutos de la población central del distrito.;21407;18.0;260551;8850368.0;No tiene;-;-;-;-;-;;No aplica;OPERACIÓN;Ficha de verificación (04/10/2023);-;-;No aplica;SI;NO;NO;NO;2024;Resolución N° 00019-2024-OEFA/DSIS;Resolución N° 00019-2024-OEFA/DSIS
40440;637;ADM12929;20193174800.0;MUNICIPALIDAD DISTRITAL DE COCHAMAL;Municipalidad;UF0037384;RELLENO SANITARIO COCHAMAL DEL PROYECTO MEJORAMIENTO DE LA GESTIÓN INTEGRAL DE RESIDUOS SÓLIDOS MUNICIPALES, DISTRITO DE COCHAMAL – RODRÍGUEZ DE MENDOZA - AMAZONAS;Infraestructura de disposición final / Relleno sanitario;Municipal y No municipal;SI(***);NO;NO;SI;Amazonas;Rodríguez de Mendoza;Huambo;Sector de Pircapampa;10604;18.0;213844;9289967.0;R.G. N° 014-2018-MPRM-GMASP;-;-;-;-;-;;No aplica;OPERACIÓN;Oficio N° 80-2024-MDC-ALCALDIA de fecha 21/03/2024 (Registros 2024-E01-036299);-;-;Cochamal y San Marcos;SI;NO;SI;NO;2024;Resolución N° 0035-2024-OEFA/DSIS;Resolución N° 0035-2024-OEFA/DSIS
40441;638;ADM14065;20317337150.0;MUNICIPALIDAD DISTRITAL DE PICHARI;Municipalidad;UF0038225;INFRAESTRUCTURA DE VALORIZACIÓN, RECICLAJE Y DISPOSICIÓN FINAL DE RESIDUOS SÓLIDOS DEL DISTRITO DE PICHARI DE LA PROVINCIA DE LA CONVENCIÓN - CUSCO;Infraestructura de disposición final / Relleno sanitario;Municipal;SI;NO;NO;SI;Cusco;La Convención;Pichari;Sector Omaya;80910;18.0;630144;8613266.0;R.G.R.N.G.A. N° 050-2022-GRNGA-MPLC;-;-;-;-;-;;No aplica;CONSTRUCCIÓN;Oficio N° 0153-2024-MDP-GM/EMHA-G de fecha 21/04/2024 (Registro 2024-E21-049287);-;-;Pichari, Natividad, Tambo del Ene, Mantaro, Puerto Mayo, Ccatunrumi, Omaya;SI;NO;NO;NO;2024;Resolución N° 0035-2024-OEFA/DSIS;Resolución N° 0035-2024-OEFA/DSIS
40442;639;ADM11880;20136740351.0;ACUACULTURA Y PESCA S.A.C;EORS;UF0038325;PLANTA DE VALORIZACIÓN DE RESIDUOS ORGÁNICOS;Infraestructura de Valorización;No municipal;SI;NO;NO;NO;Áncash;Casma;Casma;Entre los kilómetros 368 y 369 de carretera panamericana Norte;20801;17.0;796994;8944630.0;No tiene(****);-;-;-;-;-;;No tiene;OPERACIÓN;"OFICIO N° 00082-2024-MINAM/VMGA/DGGRS/DEAA de fecha 14/05/2024
  (Registro 2024-E01-058651)";-;-;No aplica;NO;NO;SI;NO;2024-06-17 00:00:00;RESOLUCIÓN N° 00052-2024-OEFA/DSIS;RESOLUCIÓN N° 00052-2024-OEFA/DSIS
40443;640;ADM28114;20173136499.0;INDUSTRIAS ARGUELLES Y SERVICIOS GENERALES SOCIEDAD ANONIMA CERRADA;EORS;UF0038259;PLANTA DE TRANSFERENCIA DE RESIDUOS SÓLIDOS DE INDUSTRIAS ARGUELLES Y SERVICIOS GENERALES SOCIEDAD ANÓNIMA CERRADA;Planta de Transferencia;Municipal;NO;SI;NO;NO;Lima;Lima;Comas;"Av. Santa Adela #911, Fundo Chacracerro, Valle Chillón
Piedra (KM 25.5 Panamericana Norte)";150110;18.0;274740;8682593.0;R.S. N° D000086-2025-MML-GSCGA-SGA;-;-;-;-;-;;No tiene;CONSTRUCCIÓN;"Reporte de Verificación (03/06/2024)
 Registro SIGED 2024-I01-020153";-;-;No aplica;SI;NO;NO;NO;2024-06-17 00:00:00;RESOLUCIÓN N° 00052-2024-OEFA/DSIS;RESOLUCIÓN N° 00052-2024-OEFA/DSIS
40444;641;ADM28633;20512632433.0;FERROCAS E.I.R.L.;EORS;UF0038326;INFRAESTRUCTURA DE VALORIZACIÓN DE DESTRUCCIÓN FÍSICA DE VEHÍCULOS, CHATARREO Y ACONDICIONAMIENTO DE RESIDUOS;Infraestructura de Valorización;Municipal y No municipal;SI;NO;NO;NO;Lima;Lima;Lurigancho;Av. Cajamarquilla Mza. A Lote. 7, Urb. Cajamarquilla 4;150118;18.0;293661;8674437.0;No tiene;-;-;-;-;-;;No tiene;OPERACIÓN;"Carta S/N de Ferrocas E.I.R.L. recibida el 11/06/2024
 (Registro 2024-E01-067068)";-;-;No aplica;SI;SI;SI;SI;2024-07-24 00:00:00;RESOLUCIÓN N° 00062-2024-OEFA/DSIS;RESOLUCIÓN N° 00062-2024-OEFA/DSIS
40445;642;ADM11798;20131369558.0;MUNICIPALIDAD PROVINCIAL DEL CALLAO;Municipalidad;UF0038327;INFRAESTRUCTURA DE VALORIZACIÓN DE RESIDUOS SÓLIDOS ORGÁNICOS MUNICIPALES;Infraestructura de Valorización;Municipal;SI;NO;NO;NO;Callao;Callao;Callao;Av. Carlos Izaguirre S/N Vivero Municipal. Piedra Liza, Callao;70101;18.0;268878;8673803.0;No tiene;-;-;-;-;-;;No aplica;OPERACIÓN;"Oficio Nº 132-2024-MPC/ODSSCPMA-SGCA del 31/05/2024
 (Registro 2024-E01-063834)";-;-;No aplica;SI;NO;NO;NO;2024-07-24 00:00:00;RESOLUCIÓN N° 00062-2024-OEFA/DSIS;RESOLUCIÓN N° 00062-2024-OEFA/DSIS
40446;643;ADM28736;20512931775.0;REPRESENTACIONES COMERCIAL Y SERVICIOS MARIA E.I.R.L. - RECOMSERMA E.I.R.L.;EORS;UF0038467;INFRAESTRUCTURA DE VALORIZACIÓN DE RESIDUOS SÓLIDOS RECOMSERMA;Infraestructura de Valorización;No municipal;SI;NO;NO;NO;Callao;Callao;Ventanilla;Mza. E1 Lote. 1 Área Industrial II Parque Industrial Pachacútec;70106;18.0;267783;8688080.0;R.D. N° 2663-2017/DIGESA/SA;R.D. N° 00617-2024-MINAM/VMGA/DGGRS;-;-;-;-;;"EO-RS-0017-19-70106
  ANEXO 09
  ACTUALIZACIÓN DEL REGISTRO AUTORITATIVO N° 00566-2025-MINAM/VMGA/DGGRS
  (Ampliación del manejo de los residuos sólidos peligrosos y ampliación de las operaciones para el manejo de residuos sólidos no peligrosos)";OPERACIÓN;"CARTA 0017-2024-RECOMSERMA recibida el 24/06/2024
 (Registro 2024-E01-071251)";-;-;No aplica;NO;NO;NO;SI;2024-07-24 00:00:00;RESOLUCIÓN N° 00062-2024-OEFA/DSIS;RESOLUCIÓN N° 00062-2024-OEFA/DSIS
40447;644;ADM11983;20146511954.0;MUNICIPALIDAD DIST STA BARBARA CARHUACAY;Municipalidad;UF0038468;PLANTA DE DISPOSICIÓN DE RESIDUOS SÓLIDOS DEL DISTRITO DE SANTA BÁRBARA DE CARHUACAYÁN;Infraestructura de disposición final / Relleno sanitario;Municipal;SI;NO;NO;SI;Junín;Yauli;Santa Bárbara de Carhuacayán;Sector Cancahuaín Grande;120807;18.0;364259;8758635.0;R.A. N° 218-2021-MPYLO/ALC;-;-;-;-;-;;No aplica;OPERACIÓN;"OFICIO N° 103-2024-ALC/MDSBC, recibido el 18/06/2024
 (Registro 2024-E01-069120)";-;-;Distrito de Santa Bárbara de Carhuacayán;SI;NO;NO;NO;2024-07-24 00:00:00;RESOLUCIÓN N° 00062-2024-OEFA/DSIS;RESOLUCIÓN N° 00062-2024-OEFA/DSIS
40448;645;ADM17487;20600234634.0;MUNICIPALIDAD DISTRITAL JOSE MARIA ARGUEDAS;Municipalidad;UF0038469;INFRAESTRUCTURA DE VALORIZACIÓN JOSÉ MARÍA ARGUEDAS;Infraestructura de Valorización;Municipal;SI;NO;NO;NO;Apurímac;Andahuaylas;José María Arguedas;Hatun Pucro, Sector Ayaviri, Comunidad Huancabamba;30220;18.0;677367;8481522.0;No tiene;-;-;-;-;-;;No aplica;OPERACIÓN;"OFICIO N° 270-2024-MDJMA/AL, recibido el 28/06/2024
 (Registro 2024-E01-073295)";-;-;No aplica;SI;NO;NO;NO;2024-07-24 00:00:00;RESOLUCIÓN N° 00062-2024-OEFA/DSIS;RESOLUCIÓN N° 00062-2024-OEFA/DSIS
40449;646;ADM28737;20480884494.0;MASERG S.A.C;EORS;UF0038470;INFRAESTRUCTURA DE VALORIZACIÓN DE RESIDUOS SÓLIDOS POR TECNOLOGÍA DE PIRÓLISIS.;Infraestructura de Valorización;No municipal;SI;NO;SI*;NO;La Libertad;Trujillo;La Esperanza;Reactivación 2007 1ra. fase, décimo sexta etapa;130105;17.0;713620;9108169.0;No tiene;-;-;-;-;-;;No tiene;OPERACIÓN;"CARTA N° 0107-2024-MS, recibida el 01/07/2024
 (Registro 2024-E01-074606)";-;-;No aplica;NO;NO;SI;NO;2024-07-24 00:00:00;RESOLUCIÓN N° 00062-2024-OEFA/DSIS;RESOLUCIÓN N° 00062-2024-OEFA/DSIS
40450;647;ADM28738;20477811834.0;SERVITRED S.A.C.;EORS;UF0038471;INFRAESTRUCTURA DE VALORIZACIÓN DE MEZCLAS OLEOSAS Y ACEITES USADOS Y ACONDICIONAMIENTO DE RESIDUOS SÓLIDOS;Infraestructura de Valorización;No municipal;SI;NO;NO;NO;Callao;Callao;Ventanilla;Asociación de Porcicultores del Parque Porcino de Ventanilla;70106;18.0;270645;8681608.0;No tiene;-;-;-;-;-;;No tiene;OPERACIÓN;"Carta S/N de SERVITRED S.A.C. recibido el 02/07/2024
 (Registro 2024-E01-075119)";-;-;No aplica;NO;NO;NO;SI;2024-07-24 00:00:00;RESOLUCIÓN N° 00062-2024-OEFA/DSIS;RESOLUCIÓN N° 00062-2024-OEFA/DSIS
40451;648;ADM28739;20557084445.0;J.A. RESISOL SOCIEDAD ANONIMA CERRADA - J.A. RESISOL S.A.C.;EORS;UF0038472;PLANTA DE TRATAMIENTO POR INCINERACION DE RESIDUOS SOLIDOS Y NO PELIGROSOS;Planta de Tratamiento;No municipal;NO;NO;SI;NO;Lima;Lima;Punta Hermosa;Av. Prolongación Pachacutec- Av. Ferrocarril Mz C2 LOTE-4 - Aociación Agropecuaria Sumac Pacha;150126;18.0;302511;8639789.0;No tiene;-;-;-;-;-;;No tiene;CONSTRUCCIÓN;"CARTA N° 002-2024 de J.A. RESISOL S.A.C. recibido el 03/07/2024
 (Registro 2024-E01-075318)";-;-;No aplica;NO;NO;NO;SI;2024-07-24 00:00:00;RESOLUCIÓN N° 00062-2024-OEFA/DSIS;RESOLUCIÓN N° 00062-2024-OEFA/DSIS
40452;649;ADM28983;20607883387.0;CABALLERO SOLUCIONES AMBIENTALES S.A.C.;EORS;UF0038916;INFRAESTRUCTURA DE VALORIZACIÓN DE ENVASES INDUSTRIALES;Infraestructura de Valorización;No municipal;SI;NO;NO;NO;Lima;Lima;Lurigancho;Calle Las artes Mz. A Lote 05 y 06, Parque industrial Anexo 08 Jicamarca;150118;18.0;287879;8674267.0;No tiene;-;-;-;-;-;;No tiene;OPERACIÓN;"Carta S/N de Caballero Soluciones Ambientales S.A.C. recibido el 03/07/2024
 (Registro 2024-E01-075422)";-;-;No aplica;NO;NO;NO;SI;2024-07-24 00:00:00;RESOLUCIÓN N° 00062-2024-OEFA/DSIS;RESOLUCIÓN N° 00062-2024-OEFA/DSIS
40453;650;ADM22007;20456424881.0;INVERSIONES BERMARC S.A.C.;EORS;UF0038473;INFRAESTRUCTURA DE VALORIZACIÓN DE RESIDUOS SÓLIDOS;Infraestructura de Valorización;No municipal;SI;NO;NO;NO;Lima;Lima;Lurigancho;Av. La Paz, Parcela 1, Lote 30-B, Parcelación Rústica La Capitanía – Lurigancho Chosica, Lima.;150118;18.0;290935;8670517.0;No tiene;-;-;-;-;-;;No tiene;OPERACIÓN;"Carta S/N de INVERSIONES BERMARC EIRL, recibido el 03/07/2024
 (Registro 2024-E01-075697)";-;-;No aplica;NO;NO;NO;SI;2024-07-24 00:00:00;RESOLUCIÓN N° 00062-2024-OEFA/DSIS;RESOLUCIÓN N° 00062-2024-OEFA/DSIS
40454;651;ADM28671;20600859553.0;INNOVA AMBIPETRO SOCIEDAD ANONIMA CERRADA;EORS;UF0038376;"INFRAESTRUCTURA DE VALORIZACIÓN DE RESIDUOS SÓLIDOS ""ECOCENTRO AMBIENTAL EL VEINTE""";Infraestructura de Valorización;Municipal y No municipal;SI;NO;NO;NO;Piura;Paita;La Huaca;Carretera Piura - Paita Km 19.8, Sector Pampas de Congora;200505;17.0;516604;9436904.0;No tiene;-;-;-;-;-;;No tiene;OPERACIÓN;"CARTA N° 5924-IA-P-2024. recibido el 04/07/2024
 (Registro 2024-E01-075673)";-;-;No aplica;SI;NO;SI;NO;2024-07-24 00:00:00;RESOLUCIÓN N° 00062-2024-OEFA/DSIS;RESOLUCIÓN N° 00062-2024-OEFA/DSIS
40455;652;ADM28740;20607904783.0;POMASA PERU S.A.C.;EORS;UF0038474;INFRAESTRUCTURA DE VALORIZACIÓN DE RESIDUOS SÓLIDOS;Infraestructura de Valorización;No municipal;SI;NO;NO;NO;Callao;Callao;Ventanilla;Mz. 05 Lote 02-03 Area Industrial II;70106;18.0;267692;8688221.0;No tiene;-;-;-;-;-;;No tiene;OPERACIÓN;"Carta S/N de POMASA PERU S.A.C. recibido el 03/07/2024
 (Registro 2024-E01-075638)";-;-;No aplica;NO;NO;SI;SI;2024-07-24 00:00:00;RESOLUCIÓN N° 00062-2024-OEFA/DSIS;RESOLUCIÓN N° 00062-2024-OEFA/DSIS
40456;653;ADM28834;20549354476.0;RECICLAJE INTEGRAL DE RESIDUOS INDUSTRIALES S.A.C.;EORS;UF0038602;INFRAESTRUCTURA DE VALORIZACIÓN DE RESIDUOS SÓLIDOS;Infraestructura de Valorización;Municipal y No municipal;SI;NO;NO;NO;Lima;Lima;Puente Piedra;Ca. Los Pinos, Mz. E, Lt. 01, Urb. Parcelación Semirústica Chillón;150125;18.0;272654;8679178.0;No tiene;-;-;-;-;-;;No tiene;OPERACIÓN;"Carta S/N de Reciclaje Integral de Residuos Industriales recibido el 04/07/2024
  (Registro 2024-E01-076042)";-;-;No aplica;SI;SI;SI;SI;2024-08-29 00:00:00;RESOLUCIÓN N°87 -2024-OEFA/DSIS;RESOLUCIÓN N°87 -2024-OEFA/DSIS
40457;654;ADM28836;20527871493.0;RECICLADORA DE METALES JJ EMPRESA INDIVIDUAL DE RESPONSABILIDAD LIMITADA;EORS;UF0038603;INFRAESTRUCTURA DE VALORIZACIÓN DE RESIDUOS SÓLIDOS RECICLADORA DE METALES JJ EIRL;Infraestructura de Valorización;No municipal;SI;NO;NO;NO;Cusco;Cusco;Saylla;Fundo aguas de la olvido-3, sector Condebamba, vía asfaltada;80107;19.0;191461;8499194.0;No tiene;-;-;-;-;-;;No tiene;OPERACIÓN;"Carta S/N de Recicladora de Metales JJ, recibido el día 04/07/2024
  (Registro 2024-E01-076089)";-;-;No aplica;NO;NO;SI;SI;2024-08-29 00:00:00;RESOLUCIÓN N°87 -2024-OEFA/DSIS;RESOLUCIÓN N°87 -2024-OEFA/DSIS
40458;655;ADM28837;20523120787.0;INVERSIONES MACOLL E.I.R.L.;EORS;UF0038604;INFRAESTRUCTURA DE VALORIZACIÓN DE RESIDUOS SÓLIDOS MACOLL;Infraestructura de Valorización;No municipal;SI;NO;NO;NO;Lima;Lima;El agustino;"Calle: Holanda; Número: Mz B, Lote 01; Zona: Ex Fundo San José";150111;18.0;282795;8669445.0;No tiene;-;-;-;-;-;;No tiene;OPERACIÓN;"Carta S/N de Inversiones Macoll, recibido el 04/07/2024
 (Registro 2024-E01-076213)";-;-;No aplica;NO;NO;SI;NO;2024-08-29 00:00:00;RESOLUCIÓN N°87 -2024-OEFA/DSIS;RESOLUCIÓN N°87 -2024-OEFA/DSIS
40459;656;ADM28839;20603939531.0;REX 100 MAX S.A.C.;EORS;UF0038606;INFRAESTRUCTURA DE VALORIZACIÓN DE ACEITE USADO REX 100 MAX;Infraestructura de Valorización;No municipal;SI;NO;NO;NO;Lima;Lima;Villa El Salvador;Asoc. La Concordia, manzana E Lote 01-C3-C4;150142;18.0;285259;8649143.0;No tiene;-;-;-;-;-;;No tiene;OPERACIÓN;"Formato de Adecuación Ambiental, recibido el 05/07/2024
  (Registro 2024-E01-076680)";-;-;No aplica;NO;NO;NO;SI;2024-08-29 00:00:00;RESOLUCIÓN N°87 -2024-OEFA/DSIS;RESOLUCIÓN N°87 -2024-OEFA/DSIS
40460;657;ADM12702;20184516111.0;MUNICIPALIDAD DISTRITAL DE CHARACATO;EORS;UF0038607;INFRAESTRUCTURA DE RESIDUOS SÓLIDOS ORGÁNICOS;Infraestructura de Valorización;Municipal;SI;NO;NO;NO;Arequipa;Arequipa;Characato;Barrio de Yanayaco;40105;19.0;237436;8176651.0;No tiene;-;-;-;-;-;;No aplica;OPERACIÓN;"Carta N° 00286-2024-MINAM/VMGA/DGGRS/DEAA, recibido el 11/07/2024
  (Registro 2024-E01-078502)";-;-;No aplica;SI;NO;NO;NO;2024-08-29 00:00:00;RESOLUCIÓN N°87 -2024-OEFA/DSIS;RESOLUCIÓN N°87 -2024-OEFA/DSIS
40461;658;ADM28840;20521603837.0;TRUGAM GROUP S.A.C.;EORS;UF0038608;INFRAESTRUCTURA DE ACONDICIONAMIENTO DE RESIDUOS SÓLIDOS, VALORIZACIÓN DE MEZCLAS OLEOSAS, ACEITES USADOS Y RESIDUOS DE APARATOS ELÉCTRICOS Y ELECTRÓNICOS (RAEE);Infraestructura de Valorización;No municipal;SI;NO;NO;NO;Callao;Callao;Ventanilla;Parque Porcino Zona 4, Mz. 53, Lote 152;70106;18.0;269430;8681209.0;No tiene;-;-;-;-;-;;No tiene;OPERACIÓN;"OFICIO N° 00264-2024-MINAM/VMGA/DGGRS, recibido el 24/06/2024
  (Registro 2024-E01-071152)";-;-;No aplica;NO;NO;NO;SI;2024-08-29 00:00:00;RESOLUCIÓN N°87 -2024-OEFA/DSIS;RESOLUCIÓN N°87 -2024-OEFA/DSIS
40462;659;ADM28841;20609158361.0;CORPORACION ECO-AMBIENTAL SOLORZANO SOCIEDAD ANONIMA CERRADA;EORS;UF0038609;PLANTA DE INCINERACIÓN DE RESIDUOS SÓLIDOS;Planta de Tratamiento;Municipal y No municipal;NO;NO;SI;NO;Huánuco;Huánuco;Chinchao;Centro Poblado Quinta Praga;100103;18.0;376404;8912406.0;No tiene;-;-;-;-;-;;No tiene;OPERACIÓN;"CARTA N° 002-2024-CES.S.A.C, recibido el día 11/06/2024
  (Registro 2024-E01-066742)";-;"Temporalmente sin actividad
 (Registro 2025-I29-011116)";No aplica;SI;NO;SI;NO;2024-08-29 00:00:00;RESOLUCIÓN N°87 -2024-OEFA/DSIS;RESOLUCIÓN N°87 -2024-OEFA/DSIS
40463;660;ADM17754;20601625017.0;MUNICIPALIDAD DISTRITAL DE MEGANTONI;Municipalidad;UF0038610;INFRAESTRUCTURA DE RESIDUOS SÓLIDOS DEL PROYECTO CREACIÓN DE LA GESTIÓN INTEGRAL DE RESIDUOS SÓLIDOS EN LA COMUNIDAD NATIVA DE NUEVO MUNDO ZONAL BAJO URUBAMBA NORTE DISTRITO DE ECHARATE LA CONVENCIÓN CUSCO;Infraestructura de disposición final / Relleno sanitario;Municipal;SI;NO;NO;SI;Cusco;La Convención;Megantoni;Comunidad Nativa de Nuevo Mundo;80914;18.0;698758;8726049.0;R.G.R.N.G.A. N° 001-2021-GRNGA-MPLC;-;-;-;-;-;;No aplica;CONSTRUCCIÓN;"Oficio N° 020-2024-WSA-SGMA-GGAS-MDM/LC
 (Registro 2024-E01-078267)";-;-;Comunidad Nativa de Nuevo Mundo;SI;NO;NO;NO;2024-08-29 00:00:00;RESOLUCIÓN N°87 -2024-OEFA/DSIS;RESOLUCIÓN N°87 -2024-OEFA/DSIS
40464;661;ADM17754;20601625017.0;MUNICIPALIDAD DISTRITAL DE MEGANTONI;Municipalidad;UF0038611;INFRAESTRUCTURA DE RESIDUOS SÓLIDOS DEL PROYECTO AMPLIACIÓN DE LOS SERVICIOS DE LIMPIEZA PÚBLICA EN LA CC NN DE SENSA DEL DISTRITO DE MEGANTONI PROVINCIA DE LA CONVENCIÓN DEPARTAMENTO DE CUSCO;Infraestructura de disposición final / Relleno sanitario;Municipal;SI;NO;NO;SI;Cusco;La Convención;Megantoni;Comunidad Nativa Sensa;80914;18.0;716590;8739397.0;R.G.R.N.G.A. N° 025-2022-GRNGA-MPLC;-;-;-;-;-;;No aplica;CONSTRUCCIÓN;"Oficio N° 020-2024-WSA-SGMA-GGAS-MDM/LC
 (Registro 2024-E01-078267)";-;-;Comunidad Nativa Sensa;SI;NO;NO;NO;2024-08-29 00:00:00;RESOLUCIÓN N°87 -2024-OEFA/DSIS;RESOLUCIÓN N°87 -2024-OEFA/DSIS
40465;662;ADM17754;20601625017.0;MUNICIPALIDAD DISTRITAL DE MEGANTONI;Municipalidad;UF0038612;INFRAESTRUCTURA DE RESIDUOS SÓLIDOS DEL PROYECTO MEJORAMIENTO DE LOS SERVICIOS DE LIMPIEZA PÚBLICA EN LA COMUNIDAD NATIVA DE CARPINTERO KIRIGUETI DEL DISTRITO DE MEGANTONI PROVINCIA DE LA CONVENCIÓN DEPARTAMENTO DE CUSCO.;Infraestructura de disposición final / Relleno sanitario;Municipal;SI;NO;NO;SI;Cusco;La Convención;Megantoni;Comunidad Nativa de Kirigueti;80914;18.0;701121;8718789.0;R.G.M.A. N° 062-2024-GMA-MPLC;-;-;-;-;-;;No aplica;CONSTRUCCIÓN;"Oficio N° 022-2024-WSA-SGMA-GGAS-MDM/LC
 (Registro 2024-E01-094186)";-;-;Comunidad Nativa de Kirigueti;SI;NO;NO;NO;2024-08-29 00:00:00;RESOLUCIÓN N°87 -2024-OEFA/DSIS;RESOLUCIÓN N°87 -2024-OEFA/DSIS
40466;663;ADM12793;20189091622.0;MUNICIPALIDAD DISTRITAL DE SACSAMARCA;Municipalidad;UF0034669;INFRAESTRUCTURA DE DISPOSICIÓN FINAL DEL PROYECTO AMPLIACIÓN Y MEJORAMIENTO EL SERVICIO DE LIMPIEZA PÚBLICA Y DISPOSICIÓN FINAL DE LOS RESIDUOS SÓLIDOS, EN LAS LOCALIDADES DE PALLCCA, ASCA, COLCABAMBA Y SACSAMARCA, DISTRITO DE SACSAMARCA, PROVINCIA DE HUANCA SANCOS – AYACUCHO;Infraestructura de disposición final / Relleno sanitario;Municipal;SI;NO;NO;SI;Ayacucho;Huanca Sancos;Sacsamarca;Sector LINDEROS;50303;18.0;576974;8461884.0;R.G. N° 004-2020-MPH/GM;;;;-;;;No aplica;CONSTRUCCIÓN;"INFORME FINAL DE SUPERVISIÓN N° 0092-2023-OEFA/ODES-AYA
  (Registro 2023-I04-033099)";-;Construcción culminada;Sacsamarca;SI;NO;NO;NO;2024-09-30 00:00:00;RESOLUCIÓN N°103 -2024-OEFA/DSIS;RESOLUCIÓN N°103 -2024-OEFA/DSIS
40467;664;ADM12602;20177653960.0;MUNICIPALIDAD PROVINCIAL DE JUNIN;Municipalidad;UF0038626;INFRAESTRUCTURA DE VALORIZACIÓN DE RESIDUOS ORGÁNICOS EN LA LOCALIDAD DE JUNÍN, DISTRITO DE JUNÍN, PROVINCIA DE JUNÍN;Infraestructura de Valorización;Municipal;SI;NO;NO;NO;Junín;Junín;Junín;Jr. Ayacucho S/N;120501;18.0;390859;8766805.0;R.A. N° 423-2022-MPJ/A;;;;-;;;No aplica;OPERACIÓN;"OFICIO N° 035-2024-MPJ/GRNMA, recibido el 13/09/2024
  (Registro 2024-E01-102201)";-;-;No aplica;SI;NO;NO;NO;2024-09-30 00:00:00;RESOLUCIÓN N°103 -2024-OEFA/DSIS;RESOLUCIÓN N°103 -2024-OEFA/DSIS
40468;665;ADM29058;20501680347.0;TRANSPORTES PILLACA E.I.R.L.;EORS;UF0039082;PLANTA DE TRANSFERENCIA DE RESIDUOS SÓLIDOS MUNICIPALES MOYOPAMPA;Planta de Transferencia;Municipal;NO;SI;NO;NO;Lima;Lima;Lurigancho;Ex Carretera a Huinco s/n - Ex fundo Moyopampa;150118;18.0;316942;8681511.0;R.D. N° 00767-2024-MINAM/VMGA/DGGRS;-;-;-;-;-;;No tiene;OPERACIÓN;"OFICIO N° 00390-2024-MINAM/VMGA/DGGRS
  (Registro 2024-E01-111631)";-;-;No aplica;SI;NO;NO;NO;2024-11-08 00:00:00;RESOLUCIÓN N° 00136-2024-OEFA/DSIS;RESOLUCIÓN N° 00136-2024-OEFA/DSIS
40469;666;ADM15736;20505961502.0;TRANSPORTES S&R SRL;EORS;UF0009259;INFRAESTRUCTURA DE VALORIZACIÓN DE RESIDUOS PLANTA MAURA;Infraestructura de Valorización;No municipal;SI;NO;NO;NO;Lima;Lima;San Juan de Lurigancho;Mz Bq3 Lt 2 Sector El Valle - Anexo 22;150716;18.0;286169;8682030.0;R.D. Nº 512-2016/DSA/DIGESA/SA;-;-;-;-;;;EO-RS-0204-19-150716;OPERACIÓN;"Reporte de Verificación del 03/10/2024
  (Registro 2024-I01-040259)";2019-03-08 00:00:00;No aplica;No aplica;NO;NO;SI;SI;2024-11-08 00:00:00;RESOLUCIÓN N° 00136-2024-OEFA/DSIS;RESOLUCIÓN N° 00136-2024-OEFA/DSIS
40470;667;ADM29059;20454552971.0;INVERSIONES MERMA SOCIEDAD ANONIMA CERRADA - INVERSIONES MERMA S.A.C.;EORS;UF0039083;INFRAESTRUCTURA DE VALORIZACIÓN DE ACEITES USADOS Y NEUMÁTICOS FUERA DE USO Y PLÁSTICOS DE INVERSIONES MERMA;Infraestructura de Valorización;Municipal;SI;NO;SI;NO;Arequipa;Arequipa;Vitor;Panamericana Sur Km. 960;40125;19.0;190635;8175620.0;R.S.R. N° 382-2025-GRA/GRAM-SGCA;-;-;-;-;-;;No tiene;OPERACIÓN;"CARTA 0056 – IMERMASAC - AQP (Registro 2024-E01-110922)
  CARTA 0057 – IMERMASAC - AQP (Registro 2024-E01-112204)
  Reporte de Verificación del 04/10/2024 (Registro 2024-I01-040278)";-;-;No aplica;SI;SI;SI;SI;2024-11-08 00:00:00;RESOLUCIÓN N° 00136-2024-OEFA/DSIS;RESOLUCIÓN N° 00136-2024-OEFA/DSIS
40471;668;ADM29060;20608032411.0;CAFASO ECO SOUTH MINERAL OIL E.I.R.L.;EORS;UF0039084;INFRAESTRUCTURA DE VALORIZACIÓN DE ACEITES USADOS;Infraestructura de Valorización;No municipal;SI;NO;NO;NO;Arequipa;Arequipa;Vitor;Panamericana Sur Km. 960;40125;19.0;190606;8175623.0;No tiene;-;-;-;-;-;;No tiene;OPERACIÓN;"Reporte de Verificación del 04/10/2024
  (Registro 2024-I01-040260)";-;-;No aplica;NO;NO;NO;SI;2024-11-08 00:00:00;RESOLUCIÓN N° 00136-2024-OEFA/DSIS;RESOLUCIÓN N° 00136-2024-OEFA/DSIS
40472;669;ADM12799;20189313544.0;MUNICIPALIDAD PROVINCIAL DE OCROS;Municipalidad;UF0039085;INFRAESTRUCTURA DE DISPOSICIÓN FINAL DEL PROYECTO MEJORAMIENTO Y AMPLIACIÓN DEL SERVICIO DE LIMPIEZA PÚBLICA EN LA LOCALIDAD DE OCROS, DISTRITO DE OCROS, PROVINCIA DE OCROS – DEPARTAMENTO DE ANCASH;Infraestructura de disposición final / Relleno sanitario;Municipal;NO;NO;NO;SI;Áncash;Ocros;Ocros;Predio Huaracayoc;21410;18.0;235981;8843946.0;R.A. N° 015-2022-AL/MPO;-;-;-;-;-;;No aplica;OPERACIÓN;"Oficio N° 458-2024/MPO/Dpto-Ancash/EMCO-AL
 (Registro 2024-E01-
 116378)";-;-;Distrito de Ocros;SI;NO;NO;NO;2024-11-08 00:00:00;RESOLUCIÓN N° 00136-2024-OEFA/DSIS;RESOLUCIÓN N° 00136-2024-OEFA/DSIS
40473;670;ADM29061;20601960321.0;BIO SOLUCIONES IBC S.A.C. - BIO SOL IBC S.A.C.;EORS;UF0039086;INFRAESTRUCTURA DE VALORIZACIÓN DE BIO SOLUCIONES;Infraestructura de Valorización;No municipal;SI;NO;NO;NO;Callao;Callao;Callao;Cal. Carbono Nro. 234, Urbanizacion: Grimanesa;70101;18.0;271224;8669498.0;No tiene;-;-;-;-;-;;No tiene;OPERACIÓN;"Carta S/N de Bio Soluciones del 03/07/2024
  (Registro 2024-E01-075393)";-;-;No aplica;NO;NO;SI;SI;2024-11-08 00:00:00;RESOLUCIÓN N° 00136-2024-OEFA/DSIS;RESOLUCIÓN N° 00136-2024-OEFA/DSIS
40474;671;ADM29063;20607538981.0;PLANTA ECOLOGICA DE RESIDUOS DE ICA S.A.C.;EORS;UF0039088;PLANTA DE TRATAMIENTO DE RESIDUOS PELIGROSOS VIA INCINERACION;Planta de Tratamiento;No municipal;NO;NO;SI;NO;Ica;Pisco;Paracas;Av. Corregidor Industrial S/N;110505;18.0;372399;8476103.0;No tiene;-;-;-;-;-;;No tiene;OPERACIÓN;"Carta S/N de Planta Ecológica de Residuos de Ica S.A.C. recibido el 28/08/2024
 (Registro 2024-E01-096751)";-;-;No aplica;NO;NO;NO;SI;2024-11-08 00:00:00;RESOLUCIÓN N° 00136-2024-OEFA/DSIS;RESOLUCIÓN N° 00136-2024-OEFA/DSIS
40475;672;ADM29064;20608078208.0;PROCESADORA METALURGICA CALLAO S.A.C.;EORS;UF0039089;INFRAESTRUCTURA DE VALORIZACIÓN DE RESIDUOS SÓLIDOS DE PROCESADORA METALÚRGICA CALLAO;Infraestructura de Valorización;No municipal;SI;NO;NO;NO;Callao;Callao;Callao;Avenida los Ferroles Nro 410;70101;18.0;267641;8672349.0;No tiene;-;-;-;-;-;;No tiene;OPERACIÓN;"Carta S/N de PROCESADORA METALÚRGICA
 CALLAO S.A.C. recibido el 05/07/2024
 (Registro 2024-E01-076532)";-;-;No aplica;NO;NO;NO;SI;2024-11-08 00:00:00;RESOLUCIÓN N° 00136-2024-OEFA/DSIS;RESOLUCIÓN N° 00136-2024-OEFA/DSIS
40476;673;ADM19704;20565964292.0;SERVICIOS MEDIOAMBIENTALES SOCIEDAD ANONIMA SERVICIOS MEDIOAMBIENTALES S.A.;EORS;UF0016739;INFRAESTRUCTURA DE TRATAMIENTO Y AISLAMIENTO DEFINITIVO DE REMANENTES INDUSTRIALES - RELLENO DE SEGURIDAD DE ICA;Infraestructura de disposición final / Relleno de seguridad;No municipal;NO;NO;SI;SI;Ica;Ica;Salas;"A 2,2 km en dirección
  sur desde la altura del km 266,5 de la carretera Panamericana Sur";110108;18.0;391845;8457483.0;R.D. Nº 00071-2020-SENACE-PE/DEIN;-;-;-;-;-;;EO-RS- 00198-2021-MINAM/VMGA/DGRS;OPERACIÓN;"Reporte de Verificación del 06/11/2024
 (Registro 2024-I01-045129)";-;-;No aplica;NO;NO;NO;SI;2024-11-29 00:00:00;RESOLUCIÓN N° 00140-2024-OEFA/DSIS;RESOLUCIÓN N° 00140-2024-OEFA/DSIS
40477;674;ADM29027;20608204807.0;INDUSTRIAS PERUANAS UNIDAS S.A.C.;EORS;UF0039004;INFRAESTRUCTURA DE VALORIZACIÓN DE SOLVENTES USADOS;Infraestructura de Valorización;No municipal;SI;NO;NO;NO;Callao;Callao;Ventanilla;Av. Néstor Gambetta Mza. E3 Lote 12 Z.I. AREA INDUSTRIAL II PACHACUTEC;70106;18.0;267895;8688325.0;No tiene;-;-;-;-;-;;No tiene;CONSTRUCCIÓN;"CARTA N° 602- 2024/INDUPESAC
  (Registro 2024-E01-074151)";-;-;No aplica;NO;NO;NO;SI;2024-11-29 00:00:00;RESOLUCIÓN N° 00140-2024-OEFA/DSIS;RESOLUCIÓN N° 00140-2024-OEFA/DSIS
40478;675;ADM29028;20602770819.0;CORPORACION INDUSTRIAL PAEZ S.A.C. - INCORPAEZ S.A.C.;EORS;UF0039005;INFRAESTRUCTURA DE RESIDUOS SÓLIDOS DE CORPORACIÓN INDUSTRIAL PÁEZ;Infraestructura de Valorización;Municipal y No municipal;SI;NO;NO;SI;Callao;Callao;Ventanilla;Mz. I-1 Lote 01 Parque Industrial Ciudad Pachacutec;70106;18.0;266938;8687886.0;No tiene;-;-;-;-;-;;No tiene;OPERACIÓN;"Formato de Adecuación Ambiental de INCORPAEZ S.A.C.
  (Registro 2024-E01-128300)";-;-;No aplica;NO;SI;NO;SI;2024-11-29 00:00:00;RESOLUCIÓN N° 00140-2024-OEFA/DSIS;RESOLUCIÓN N° 00140-2024-OEFA/DSIS
40479;676;ADM29029;20504547389.0;ALSASER S.A.C.;EORS;UF0039006;INFRAESTRUCTURA DE VALORIZACIÓN DE ALSASER;Infraestructura de Valorización;Municipal y No municipal;SI;NO;NO;NO;Lima;Lima;Comas;Av. Chillón Int. L.19 Ex Fundo Chacracerro (Km.13.5 Panam. Norte);150110;18.0;274624;8681519.0;No tiene;-;-;-;-;-;;No tiene;OPERACIÓN;"Formato de Adecuación Ambiental de ALSASER S.A.C.
  (Registro 2024-E01-128300)";-;-;No aplica;SI;SI;SI;SI;2024-11-29 00:00:00;RESOLUCIÓN N° 00140-2024-OEFA/DSIS;RESOLUCIÓN N° 00140-2024-OEFA/DSIS
40480;677;ADM29031;20603065906.0;COMERCIO SERVICIOS E INVERSIONES YANCE E.I.R.L.;EORS;UF0039008;INFRAESTRUCTURA DE RESIDUOS SÓLIDOS DE LA EMPRESA YANCE;Infraestructura de Valorización;No municipal;SI;NO;NO;NO;Lima;Lima;El Agustino;Av. Independencia N° 1587;150111;18.0;283127;8669364.0;No tiene;-;-;-;-;-;;No tiene;OPERACIÓN;"CARTA Nº023-2024-YANCE
  (Registro 2024-E01-128300)";-;-;No aplica;NO;NO;SI;SI;2024-11-29 00:00:00;RESOLUCIÓN N° 00140-2024-OEFA/DSIS;RESOLUCIÓN N° 00140-2024-OEFA/DSIS
40481;678;ADM29032;20521433141.0;CARESNY'S SOLUTIONS IN INDUSTRIAL & MECHANICAL PERU S.A.C - CARESNY PERU S.A.C.;EORS;UF0039009;INFRAESTRUCTURA DE RESIDUOS SÓLIDOS DE LA EMPRESA CARESNY PERU;Infraestructura de Valorización;Municipal y No municipal;SI;NO;NO;NO;Lima;Lima;Puente Piedra;Av. Juana De Arco N° 683, Asociación de Pequeños Agricultores Zapallal Mz F2 Lt10;150125;18.0;271985;8690387.0;No tiene;-;-;-;-;-;;No tiene;OPERACIÓN;"Formato de Adecuación Ambiental de CARESNY PERU SAC
  (Registro 2024-E01-128300)";-;-;No aplica;SI;SI;SI;SI;2024-11-29 00:00:00;RESOLUCIÓN N° 00140-2024-OEFA/DSIS;RESOLUCIÓN N° 00140-2024-OEFA/DSIS
40482;679;ADM29033;10224807592.0;SANCHEZ MENDOZA AUGUSTO;EORS;UF0039010;INFRAESTRUCTURA ENVASADORA Y REFINACIÓN DE LUBRICANTES TYBAL;Infraestructura de Valorización;No municipal;SI;NO;NO;NO;Huánuco;Huánuco;Chinchao;Cas. Tingo Pampa;100103;18.0;384115;8914226.0;No tiene;-;-;-;-;-;;No tiene;OPERACIÓN;"Reporte de Verificación del 03/07/2024
  (Registro 2024-I01-045883)";-;-;No aplica;NO;NO;NO;SI;2024-11-29 00:00:00;RESOLUCIÓN N° 00140-2024-OEFA/DSIS;RESOLUCIÓN N° 00140-2024-OEFA/DSIS
40483;680;ADM29954;20481270961.0;AGROINDUSTRIAS CARRION E.I.R.L.;EORS;UF0039011;INFRAESTRUCTURA DE VALORIZACIÓN DE RESIDUOS SÓLIDOS ORGÁNICOS;Infraestructura de Valorización;No municipal;SI;NO;NO;NO;La Libertad;Trujillo;Moche;Sector Ramal Choc-Choc S/N – Campiña de Moche;130107;17.0;720435;9097034.0;No tiene;-;-;-;-;-;;No tiene;OPERACIÓN;"Acta de Supervisión
(Registro 2025-I11-031647)";2025-06-17 00:00:00;-;No aplica;NO;NO;SI;NO;2024-11-29 00:00:00;RESOLUCIÓN N° 00140-2024-OEFA/DSIS;RESOLUCIÓN N° 00140-2024-OEFA/DSIS
40484;681;ADM29035;20603850816.0;CORPORACION DE COMERCIO Y SERVICIO HTK E.I.R.L.;EORS;UF0039012;INFRAESTRUCTURA DE VALORIZACIÓN DE RESIDUOS SÓLIDOS CORPORACIÓN DE COMERCIO Y SERVICIO HTK;Infraestructura de Valorización;No municipal;SI;NO;NO;NO;Callao;Callao;Ventanilla;Jr. Constructores Mz. B4 Lote 5 Z.I. Ciudad Pachacutec;70106;18.0;267446;8688633.0;No tiene;-;-;-;-;-;;No tiene;OPERACIÓN;"CARTA Nº 001-2024-HTK
  (Registro 2024-E01-128300)";-;-;No aplica;NO;NO;SI;SI;2024-11-29 00:00:00;RESOLUCIÓN N° 00140-2024-OEFA/DSIS;RESOLUCIÓN N° 00140-2024-OEFA/DSIS
40485;682;ADM12248;20162315502.0;MUNICIPALIDAD PROVINCIAL DE TAHUAMANU;Municipalidad;UF0039058;INFRAESTRUCTURA DE RESIDUOS SÓLIDOS DEL PROYECTO MEJORAMIENTO DE LA GESTIÓN INTEGRAL DE RESIDUOS SÓLIDOS MUNICIPALES EN LA LOCALIDAD DE IÑAPARI, PROVINCIA DE TAHUAMANU – MADRE DE DIOS;Infraestructura de disposición final / Relleno sanitario;Municipal;NO;NO;NO;SI;Madre de Dios;Tahuamanu;Iberia;A 21.5 Km de la localidad de Iñapari;170302;19.0;440442;8759009.0;R.A. N° 127-2019-ALC-MP-TAH;-;-;-;-;-;;No aplica;OPERACIÓN;"OFICIO N° 056-2024-GGA-MPTAH
  (Registro 2024-E01-130585)";-;-;Localidad de Iñapari;SI;NO;NO;NO;2024-12-30 00:00:00;RESOLUCIÓN N° 00147-2024-OEFA/DSIS;RESOLUCIÓN N° 00147-2024-OEFA/DSIS
40486;683;ADM29066;20522283011.0;INVERSIONES Y NEGOCIOS DONAIRE S.A.C.;EORS;UF0039091;INFRAESTRUCTURA DE VALORIZACIÓN DE RESIDUOS SOLIDOS DE INVERSIONES Y NEGOCIOS DONAIRE;Infraestructura de Valorización;No municipal;SI;NO;NO;NO;Lima;Lima;Lurigancho;Asociación Parque Industrial de Media Luna Manzana D, Lote 3-6;150118;18.0;289673;8674295.0;No tiene;-;-;-;-;-;;No tiene;OPERACIÓN;"Formato de Adecuación Ambiental de INVERSIONES Y NEGOCIOS DONAIRE S.A.C.
  (Registro 2024-E01-128300)";-;-;No aplica;NO;NO;SI;SI;2024-12-30 00:00:00;RESOLUCIÓN N° 00147-2024-OEFA/DSIS;RESOLUCIÓN N° 00147-2024-OEFA/DSIS
40487;684;ADM29067;20606664177.0;RECYCLING PERUVIAN METAL NORTH S.A.C.;EORS;UF0039092;INFRAESTRUCTURA DE VALORIZACIÓN Y ACONDICIONAMIENTO DE RR.SS. RECYCLING PERUVIAN METAL NORTH;Infraestructura de Valorización;No municipal;SI;NO;NO;NO;Lima;Lima;Punta Hermosa;Mz. B, lote 12, interior 2, Asociación Agropecuaria Sumac Pacha;150126;18.0;300255;8638980.0;No tiene;-;-;-;-;-;;No tiene;OPERACIÓN;"CARTA Nº 001-2024-RPM de RECYCLING PERUVIAN METAL NORTH S.A.C.
  (Registro 2024-E01-128300)";-;-;No aplica;NO;NO;SI;SI;2024-12-30 00:00:00;RESOLUCIÓN N° 00147-2024-OEFA/DSIS;RESOLUCIÓN N° 00147-2024-OEFA/DSIS
40488;685;ADM29068;20546650082.0;TRANSPORTES NEGOCIOS Y MULTI-SERVICIOS SANTO DOMINGO DE GUZMAN S.A.C.;EORS;UF0039093;INFRAESTRUCTURA DE VALORIZACIÓN Y ACONDICIONAMIENTO DE RR.SS. TRAMUSAC;Infraestructura de Valorización;No municipal;SI;NO;NO;NO;Lima;Lima;Lurigancho;Sub. Parc. 76-D Chosica Central (Ex. Cam. Principal) y Camino de Acceso N° 2 Parc. 76 Parcelación Cajamarquilla;150118;18.0;294201;8676102.0;No tiene;-;-;-;-;-;;No tiene;OPERACIÓN;"CARTA Nº001/JUL-2024-TRAMUSAC de TRAMUSAC
  (Registro 2024-E01-128300)";-;-;No aplica;NO;NO;SI;SI;2024-12-30 00:00:00;RESOLUCIÓN N° 00147-2024-OEFA/DSIS;RESOLUCIÓN N° 00147-2024-OEFA/DSIS
40489;686;ADM29069;20612093319.0;5R EC PLANTAS DE VALORIZACION S.A.C.;EORS;UF0039094;INFRAESTRUCTURA DE VALORIZACIÓN DE 5REC;Infraestructura de Valorización;Municipal y No municipal;SI;NO;NO;NO;Arequipa;Arequipa;Cerro Colorado;Calle Hipólito Unanue 104 Grupo 19 Mz D1 lote 4 Urb. Semirural Pachacútec;40104;19.0;224978;8184707.0;No tiene;-;-;-;-;-;;No tiene;OPERACIÓN;"Formato de Adecuación Ambiental de 5R EC PLANTAS DE VALORIZACIÓN S.A.C.
  (Registro 2024-E01-128300)";-;-;No aplica;SI;SI;SI;SI;2024-12-30 00:00:00;RESOLUCIÓN N° 00147-2024-OEFA/DSIS;RESOLUCIÓN N° 00147-2024-OEFA/DSIS
40490;687;ADM29070;20455371881.0;QUIMICOS Y SERVICIOS DE SANEAMIENTO AMBIENTAL S.R.L.;EORS;UF0039095;INFRAESTRUCTURA DE VALORIZACIÓN DE QUIMSSA;Infraestructura de Valorización;Municipal y No municipal;SI;NO;NO;NO;Arequipa;Arequipa;Cerro Colorado;Apipa Sector VI Mz B Lt-05;40104;19.0;220462;8193598.0;No tiene;-;-;-;-;-;;No tiene;OPERACIÓN;"Formato de Adecuación Ambiental de QUIMICOS Y SERVICIOS DE SANEAMIENTO AMBIENTAL S.R.L.
  (Registro 2024-E01-128300)";-;-;No aplica;SI;SI;SI;SI;2024-12-30 00:00:00;RESOLUCIÓN N° 00147-2024-OEFA/DSIS;RESOLUCIÓN N° 00147-2024-OEFA/DSIS
40491;688;ADM29070;20455371881.0;QUIMICOS Y SERVICIOS DE SANEAMIENTO AMBIENTAL S.R.L.;EORS;UF0039096;INFRAESTRUCTURA DE VALORIZACIÓN DE RESIDUOS SÓLIDOS DE LA CONSTRUCCIÓN Y LA DEMOLICIÓN;Infraestructura de Valorización;No municipal;SI;NO;NO;NO;Arequipa;Arequipa;Cerro Colorado;Apipa Sector VI D 19 - D-20;40104;19.0;220276;8193230.0;No tiene;-;-;-;-;-;;No tiene;OPERACIÓN;"Formato de Adecuación Ambiental de QUIMICOS Y SERVICIOS DE SANEAMIENTO AMBIENTAL S.R.L.
  (Registro 2024-E01-128300)";-;-;No aplica;NO;NO;SI;NO;2024-12-30 00:00:00;RESOLUCIÓN N° 00147-2024-OEFA/DSIS;RESOLUCIÓN N° 00147-2024-OEFA/DSIS
40492;689;ADM29071;20608470680.0;GAMMA PLUS E.I.R.L.;EORS;UF0039097;INFRAESTRUCTURA DE RESIDUOS SÓLIDOS DE GAMMA PLUS;Infraestructura de Valorización;No municipal;SI;NO;NO;NO;Lima;Lima;San Juan de Lurigancho;Av. Cápac Yupanqui Mza. D-1 Lote 8 Otr. Asc. Poblado. P. Sect. El Pedregal (Paradero Final Línea 50);150132;18.0;286137;8679793.0;No tiene;-;-;-;-;-;;No tiene;OPERACIÓN;"CARTA N° 002-2024-GAMMA de GAMMA PLUS E.I.R.L.
  (Registro 2024-E01-128300)";-;-;No aplica;NO;NO;NO;SI;2024-12-30 00:00:00;RESOLUCIÓN N° 00147-2024-OEFA/DSIS;RESOLUCIÓN N° 00147-2024-OEFA/DSIS
40493;690;ADM29072;20600613015.0;ECOYAMSA S.A.C.;EORS;UF0039098;INFRAESTRUCTURA DE RESIDUOS SÓLIDOS DE ECOYAMSA;Infraestructura de Valorización;No municipal;SI;NO;NO;NO;Callao;Callao;Ventanilla;Lote 492 B, Zona 13 Parque Porcino, Ventanilla;70106;18.0;270250;8678795.0;No tiene;-;-;-;-;-;;No tiene;OPERACIÓN;"Formato de Adecuación Ambiental de ECOYAMSA S.A.C.
  (Registro 2024-E01-128300)";-;-;No aplica;NO;NO;SI;NO;2024-12-30 00:00:00;RESOLUCIÓN N° 00147-2024-OEFA/DSIS;RESOLUCIÓN N° 00147-2024-OEFA/DSIS
40494;691;ADM29073;20605052941.0;SERVICIOS DE PROYECTOS INDUSTRIALES DEL PERU S.A.C. - SERPROIN PERU S.A.C.;EORS;UF0039099;INFRAESTRUCTURA DE VALORIZACIÓN DE RESIDUO SÓLIDOS DE SERPROIN S.A.C.;Infraestructura de Valorización;Municipal y No municipal;SI;NO;NO;NO;Arequipa;Arequipa;Cerro Colorado;Pasaje los Álamos Nr 307;40104;19.0;225419;8184688.0;No tiene;-;-;-;-;-;;No tiene;OPERACIÓN;"Formato de Adecuación Ambiental de SERVICIOS DE PROYECTOS INDUSTRIALES DEL PERU
  (Registro 2024-E01-128300)";-;-;No aplica;NO;SI;NO;SI;2024-12-30 00:00:00;RESOLUCIÓN N° 00147-2024-OEFA/DSIS;RESOLUCIÓN N° 00147-2024-OEFA/DSIS
40495;692;ADM29182;20518064178.0;INVERSIONES R & S HNOS SOCIEDAD ANONIMA CERRADA - INVERSIONES R & S HNOS SAC;EORS;UF0039317;INFRAESTRUCTURA DE VALORIZACIÓN DE RESIDUO SÓLIDOS DE INVERSIONES R & S HNOS;Infraestructura de Valorización;No municipal;SI;NO;NO;NO;Lima;Lima;Lurigancho;Mz. A Lote 4 y 5 Urb. Nievera Primera Etapa;150118;18.0;292481;8673265.0;No tiene;-;-;-;-;-;;No tiene;OPERACIÓN;"CARTA Nº 001-2024-RYS de INVERSIONES R&S HNOS
  (Registro 2024-E01-128300)";-;-;No aplica;NO;NO;SI;SI;2025-01-31 00:00:00;RESOLUCIÓN N° 00002-2025-OEFA/DSIS;RESOLUCIÓN N° 00002-2025-OEFA/DSIS
40496;693;ADM15596;20501534103.0;ENVAK S.A.C.;EORS;UF0039318;INFRAESTRUCTURA DE VALORIZACIÓN DE RESIDUO SÓLIDOS DE ENVAK;Infraestructura de Valorización;Municipal y No municipal;SI;NO;NO;NO;Lima;Lima;Lurigancho;Av. Chozica Central, Sub Parcela B-5 de la parcela del Fundo Nieveria;150118;18.0;292454;8672886.0;No tiene;-;-;-;-;-;;No tiene;OPERACIÓN;"Carta S/N de ENVAK S.A.C.
  (Registro 2024-E01-128300)";-;-;No aplica;SI;SI;SI;SI;2025-01-31 00:00:00;RESOLUCIÓN N° 00002-2025-OEFA/DSIS;RESOLUCIÓN N° 00002-2025-OEFA/DSIS
40497;694;ADM28152;20563371995.0;RECPER SOCIEDAD ANONIMA CERRADA - RECPER S.A.C.;EORS;UF0039319;INFRAESTRUCTURA DE RESIDUO SÓLIDOS DE RECPER;Infraestructura de Valorización;No municipal;SI;NO;NO;NO;Lima;Lima;Lurigancho;Lote 04 Parcela Primavera Saracoto Grande Cajamarquilla;150118;18.0;293301;8675933.0;No tiene;-;-;-;-;-;;No tiene;OPERACIÓN;"CARTA Nº 00014-2024- RECPER
  (Registro 2024-E01-128300)";-;-;No aplica;NO;NO;SI;SI;2025-01-31 00:00:00;RESOLUCIÓN N° 00002-2025-OEFA/DSIS;RESOLUCIÓN N° 00002-2025-OEFA/DSIS
40498;695;ADM14299;20379037012.0;GREEN CARE DEL PERU S.A.;EORS;UF0039320;INFRAESTRUCTURA DE RESIDUO SÓLIDOS DE GREEN CARE DEL PERÚ- PUCALLPA;Infraestructura de Valorización;No municipal;SI;NO;NO;NO;Ucayali;Coronel Portillo;Callería;Carretera Federico Basadre Km 8.5, Mz TR, Lt 01, Predio Rustico Morga;250101;18.0;543897;9071647.0;No tiene;-;-;-;-;-;;No tiene;OPERACIÓN;"Formato de Adecuación Ambiental de Green Care del Perú S.A.
  (Registro 2024-E01-128300)";-;-;No aplica;NO;NO;NO;SI;2025-01-31 00:00:00;RESOLUCIÓN N° 00002-2025-OEFA/DSIS;RESOLUCIÓN N° 00002-2025-OEFA/DSIS
40499;696;ADM29183;20608970909.0;BIRRAK 360 S.A.C.;EORS;UF0039321;INFRAESTRUCTURA DE RESIDUO SÓLIDOS DE LA EMPRESA BIRRAK 360-I;Infraestructura de Valorización;No municipal;SI;NO;NO;NO;Callao;Callao;Ventanilla;Parque Porcino, km 8 Av. Néstor Gambetta;70106;18.0;269833;8683582.0;No tiene;-;-;-;-;-;;No tiene;OPERACIÓN;"Formato de Adecuación Ambiental de Birrak 360 S.A.C.
  (Registro 2024-E01-128300)";-;-;No aplica;NO;NO;SI;NO;2025-01-31 00:00:00;RESOLUCIÓN N° 00002-2025-OEFA/DSIS;RESOLUCIÓN N° 00002-2025-OEFA/DSIS
40500;697;ADM29183;20608970909.0;BIRRAK 360 S.A.C.;EORS;UF0039322;INFRAESTRUCTURA DE RESIDUO SÓLIDOS DE LA EMPRESA BIRRAK 360-II;Infraestructura de Valorización;No municipal;SI;NO;NO;NO;Callao;Callao;Ventanilla;Altura del km 8.5 Av. Néstor Gambetta S/N;70106;18.0;271325;8684073.0;No tiene;-;-;-;-;-;;No tiene;OPERACIÓN;"Formato de Adecuación Ambiental de Birrak 360 S.A.C.
  (Registro 2024-E01-128300)";-;-;No aplica;NO;NO;SI;SI;2025-01-31 00:00:00;RESOLUCIÓN N° 00002-2025-OEFA/DSIS;RESOLUCIÓN N° 00002-2025-OEFA/DSIS
40501;698;ADM29184;20609195941.0;PACIFICO AMBIENTAL S.A.C.;EORS;UF0039323;INFRAESTRUCTURA DE RESIDUOS SÓLIDOS DE PACÍFICO AMBIENTAL;Infraestructura de Valorización;No municipal;SI;NO;NO;NO;Lima;Lima;Lurigancho;Mza. i Lote. 04 Asc. de Ganaderos Porcinos (Saracoto Alto);150118;18.0;293762;8676852.0;No tiene;-;-;-;-;-;;No tiene;OPERACIÓN;"CARTA Nº 006-2024-PACIFICO de PACIFICO AMBIENTAL S.A.C.
  (Registro 2024-E01-128300)";-;-;No aplica;NO;NO;SI;SI;2025-01-31 00:00:00;RESOLUCIÓN N° 00002-2025-OEFA/DSIS;RESOLUCIÓN N° 00002-2025-OEFA/DSIS
40502;699;ADM27742;20605278354.0;NEGOCIOS E INVERSIONES PASA LA VOZ E.I.R.L.;EORS;UF0039324;PLANTA DE TRATAMIENTO DE RESIDUOS SÓLIDOS;Planta de Tratamiento;No municipal;NO;NO;SI;NO;Tacna;Tacna;Coronel Gregorio Albarracin Lanchi;Asociación de Pequeños y Micro Empresarios Zona Franca Mz.387 Lt. 07;230110;19.0;365703;8000413.0;No tiene;-;-;-;-;-;;No tiene;CONSTRUCCIÓN;"Formato de Adecuación Ambiental de NEGOCIOS E INVERSIONES PASA LA VOZ E.I.R.L.
  (Registro 2024-E01-128300)";-;-;No aplica;NO;NO;NO;SI;2025-01-31 00:00:00;RESOLUCIÓN N° 00002-2025-OEFA/DSIS;RESOLUCIÓN N° 00002-2025-OEFA/DSIS
40503;700;ADM29185;20514429384.0;PRAXIS ECOLOGY S.A.C.;EORS;UF0039325;INFRAESTRUCTURA DE VALORIZACIÓN DE RESIDUOS ORGÁNICOS;Infraestructura de Valorización;Municipal y No municipal;SI;NO;NO;NO;Lima;Lima;Lurín;Fundo Santa Rosa Lurín Lt. 40;150119;18.0;294726;8643490.0;No tiene;-;-;-;-;-;;No tiene;OPERACIÓN;"Carta S/N de Praxis Ecology S.A.C
  (Registro 2024-E01-128300)";-;-;No aplica;SI;NO;SI;NO;2025-01-31 00:00:00;RESOLUCIÓN N° 00002-2025-OEFA/DSIS;RESOLUCIÓN N° 00002-2025-OEFA/DSIS
40504;701;ADM29185;20514429384.0;PRAXIS ECOLOGY S.A.C.;EORS;UF0039326;INFRAESTRUCTURA DE VALORIZACIÓN DE RESIDUOS SÓLIDOS - RAEE;Infraestructura de Valorización;Municipal y No municipal;SI;NO;NO;NO;Lima;Lima;Lurigancho;Mz. A Lt. 45-C Sub Lt. P-45 Parcelación Rústica Cajamarquilla;150118;18.0;293777;8674841.0;No tiene;-;-;-;-;-;;No tiene;OPERACIÓN;"Carta S/N de Praxis Ecology S.A.C
  (Registro 2024-E01-128300)";-;-;No aplica;SI;SI;SI;SI;2025-01-31 00:00:00;RESOLUCIÓN N° 00002-2025-OEFA/DSIS;RESOLUCIÓN N° 00002-2025-OEFA/DSIS
40505;702;ADM12464;20171725144.0;MUNICIPALIDAD PROVINCIAL DE HUANCAVELICA;Municipalidad;UF0039327;INFRAESTRUCTURA DE VALORIZACIÓN DE RESIDUOS SÓLIDOS ORGÁNICOS MUNICIPALES;Infraestructura de Valorización;Municipal;SI;NO;NO;NO;Huancavelica;Huancavelica;Huancavelica;Carretera Vía Libertadores Altura de Camal Municipal del Anexo de Chuñuranra del Centro Poblado de Callqui Chico;90101;18.0;495968;8586190.0;No tiene;-;-;-;-;-;;No tiene;OPERACIÓN;"Oficio N° 153-2024-GGA/MPH de la Municipalidad Provincial de Huancavelica
  (Registro 2024-E01-128300)";-;-;No aplica;SI;NO;NO;NO;2025-01-31 00:00:00;RESOLUCIÓN N° 00002-2025-OEFA/DSIS;RESOLUCIÓN N° 00002-2025-OEFA/DSIS
40506;703;ADM13302;20206081539.0;MUNICIPALIDAD DISTRITAL SUITUCANCHA;Municipalidad;UF0039328;INFRAESTRUCTURA DE VALORIZACIÓN DE RESIDUOS SÓLIDOS DEL DISTRITO DE SUITUCANCHA;Infraestructura de Valorización;Municipal;SI;NO;NO;NO;Junín;Yauli;Suitucancha;Paraje Yanapaccha;120809;18.0;391119;8691550.0;No tiene;-;-;-;-;-;;No tiene;OPERACIÓN;"Formato de Adecuación Ambiental de la Municipalidad Distrital de Suitucancha
  (Registro 2024-E01-128300)";-;-;No aplica;SI;NO;NO;NO;2025-01-31 00:00:00;RESOLUCIÓN N° 00002-2025-OEFA/DSIS;RESOLUCIÓN N° 00002-2025-OEFA/DSIS
40507;704;ADM11912;20142167744.0;MUNICIPALIDAD PROVINCIAL DE ICA;Municipalidad;UF0039329;PLANTA DE VALORIZACIÓN DE RESIDUOS ORGÁNICOS;Infraestructura de Valorización;Municipal;SI;NO;NO;NO;Ica;Ica;Ica;Av. Cutervo con JJ Elias (Campo ferial);110101;18.0;420808;8443781.0;No tiene;-;-;-;-;-;;No aplica;OPERACIÓN;"Ficha de verificación
 (14/10/2024)";-;-;No aplica;SI;NO;NO;NO;2025-01-31 00:00:00;RESOLUCIÓN N° 00002-2025-OEFA/DSIS;RESOLUCIÓN N° 00002-2025-OEFA/DSIS
40508;705;ADM12249;20162316495.0;MUNICIPALIDAD PROVINCIAL DE HUAYTARA;Municipalidad;UF0039509;INFRAESTRUCTURA DE DISPOSICIÓN FINAL DE RESIDUOS SÓLIDOS DEL PROYECTO MEJORAMIENTO Y AMPLIACIÓN DEL SERVICIO DE LIMPIEZA PÚBLICA EN LAS LOCALIDADES DE CAYAHUASI, MUCHIC, CHUQUIMARÁN, HUAYTARÁ, CHOCORVO, HUATAS, ACCO Y NEGRAYCCASA DEL DISTRITO DE HUAYTARÁ Y PROVINCIA DE HUAYTARÁ – HUANCAVELICA;Infraestructura de disposición final / Relleno sanitario;Municipal;SI;NO;NO;SI;Huancavelica;Huaytará;Huayacundo Arma;Ingreso a Quitoarma en el sector de Chacapampa;90604;18.0;461697;8497452.0;"R.G.M. N° 138-2019-MPH/GM
 R.G.M. N° 155-2023-MPH/GM-SUCC";-;-;-;-;-;-;No aplica;CONSTRUCCIÓN;"OFICIO N° 038-2025-MPH/A
  Registro 2025-E01-015094";-;-;Anexos de Cuyahuasi, Muchic, Chuquimarán, Huaytará, Chocorvo, Huatas, Acco y Negrayccasa;SI;NO;NO;NO;2025-03-27 00:00:00;RESOLUCIÓN N° 00008-2025-OEFA/DSIS;RESOLUCIÓN N° 00008-2025-OEFA/DSIS
40509;706;ADM12402;20168745231.0;MUNICIPALIDAD PROVINCIAL TOCACHE;Municipalidad;UF0039510;PLANTA DE VALORIZACIÓN DE RESIDUOS ORGÁNICOS;Infraestructura de Valorización;Municipal;SI;NO;NO;NO;San Martín;Tocache;Tocache;Caserío Almendras;221001;18.0;333480;9096341.0;No tiene;-;-;-;-;-;-;No aplica;OPERACIÓN;"OFICIO N° 214-2025-MPT/A
  Registro 2025-E01-026497";-;-;No aplica;SI;NO;NO;NO;2025-03-27 00:00:00;RESOLUCIÓN N° 00008-2025-OEFA/DSIS;RESOLUCIÓN N° 00008-2025-OEFA/DSIS
40510;707;ADM15736;20505961502.0;TRANSPORTES S&R SRL;EORS;UF0040954;INFRAESTRUCTURA DE VALORIZACIÓN EL TORO DE LA EMPRESA DE TRANSPORTES S&R;Infraestructura de Valorización;No municipal;SI;NO;NO;NO;Lima;Lima;Lurín;Paraje Cerro Portillo, sector Portillo Grande;150119;18.0;305316;8646546.0;R.D. Nº 00151-2024-SENACE-PE/DEIN;-;-;-;-;-;-;"EO-RS-0204-19-150716
 ANEXO 22
 ACTUALIZACIÓN DEL REGISTRO AUTORITATIVO N° 00713-2025-MINAM/VMGA/DGGRS
 (Ampliación de las plantas de operaciones y de las infraestructuras de residuos sólidos)
ANEXO 23
ACTUALIZACIÓN DEL REGISTRO AUTORITATIVO N° 01151-2025-MINAM/VMGA/DGGRS
(Ampliación del ámbito de gestión de los residuos sólidos no peligrosos)";CONSTRUCCIÓN;"CARTA N° 004-2025-TRANSVIDA/GAS
 (HT 2025-E01-024392)";-;-;No aplica;SI;NO;SI;SI;;;RESOLUCIÓN N° 0017-2025-OEFA/DSIS
40511;708;ADM12125;20154546872.0;MUNICIPALIDAD PROVINCIAL DE HUALLAGA;Municipalidad;UF0040955;INFRAESTRUCTURA DE DISPOSICIÓN FINAL, PLANTA DE VALORIZACIÓN Y CENTRO DE ACONDICIONAMIENTO DE RESIDUOS SÓLIDOS MUNICIPALES DEL PROYECTO: MEJORAMIENTO Y AMPLIACIÓN DEL SERVICIO DE LIMPIEZA PÚBLICA EN 5 DISTRITOS DE LA PROVINCIA DE HUALLAGA – DEPARTAMENTO DE SAN MARTÍN;Infraestructura de disposición final / Relleno sanitario;Municipal;SI;NO;NO;SI;San Martín;Huallaga;El Eslabón;El Eslabón;220403;18.0;306209;9224668.0;R.A. N° 313-2023-MPH-S;-;-;-;-;-;-;No aplica;CONSTRUCCIÓN;OFICIO Nº001-2025-OGATDERN-MPH/S;-;-;Distritos de: Saposoa, Piscoyacu, El Eslabón, Sacanche y Alto Saposoa;SI;NO;NO;NO;;;RESOLUCIÓN N° 0017-2025-OEFA/DSIS
40512;709;ADM29799;20557571354.0;ECOIL SERVICIOS GENERALES SOCIEDAD ANONIMA CERRADA - ECOIL S.A.C.;EORS;UF0040957;INFRAESTRUCTURA DE VALORIZACIÓN DE RESIDUOS SÓLIDOS Y SEMISÓLIDOS - ECOIL;Infraestructura de Valorización;Municipal y No municipal;SI;NO;NO;NO;Lima;Lima;Lurín;Lote 4, Manzana B2, dentro de la Urbanización Parque Industrial Lúcumo;150119;18.0;301946;8642600.0;R.D. Nº 00083-2025-SENACE-PE/DEIN;-;-;-;-;-;-;"EO-RS-0119-19-150119
ANEXO 09
ACTUALIZACIÓN DEL REGISTRO AUTORITATIVO
N° 01246-2025-MINAM/VMGA/DGGRS
(Ampliación de operaciones para el manejo simultáneo de los residuos sólidos peligrosos y no peligrosos)";CONSTRUCCIÓN;CARTA N° 00225-2025;-;-;No aplica;SI;NO;SI;SI;;;RESOLUCIÓN N° 0017-2025-OEFA/DSIS
40513;710;ADM17754;20601625017.0;MUNICIPALIDAD DISTRITAL DE MEGANTONI;Municipalidad;UF0040958;INFRAESTRUCTURA DE RESIDUOS SÓLIDOS: CREACIÓN DE LA GESTIÓN INTEGRAL DE LOS RESIDUOS SÓLIDOS EN LA COMUNIDAD NATIVA DE CAMISEA, ZONAL BAJO URUBAMBA SUR, DISTRITO DE ECHARATE – LA CONVENCIÓN – CUSCO;Infraestructura de disposición final / Relleno sanitario;Municipal;SI;NO;NO;SI;Cusco;La Convención;Megantoni;Zonal Bajo Urubamba Sur;80914;18.0;724280;8700208.0;R.G.R.N.GA.N° 018-2020-GRNGA-MPLC;-;-;-;-;-;-;No aplica;CONSTRUCCIÓN;OFICIO N°14-2025-SSUGM-MDM/LC;-;-;Zonal Bajo Urubamba Sur;SI;NO;NO;NO;;;RESOLUCIÓN N° 0017-2025-OEFA/DSIS
40514;711;ADM12225;20161209792.0;MUNICIPALIDAD DISTRITAL DE VELILLE;Municipalidad;UF0038224;INFRAESTRUCTURA DE RESIDUOS SÓLIDOS DEL PROYECTO MEJORAMIENTO Y AMPLIACIÓN DEL SERVICIO DE LA GESTIÓN INTEGRAL DE RESIDUOS SÓLIDOS EN EL DISTRITO DE VELILLE, PROVINCIA DE CHUMBIVILCAS, DEPARTAMENTO DE CUSCO;Infraestructura de disposición final / Relleno sanitario;Municipal;SI;NO;NO;SI;Cusco;Chumbivilcas;Velille;Comunidad Campesina Casa Blanca;80708;19.0;191322;8394931.0;R.A. N° 237-2022-MPCH;-;-;-;-;-;-;No aplica;CONSTRUCCIÓN;"Oficio Mùltiple N° 02-2025-GM-MDV-CH
(HT 2025-E01-064990)";-;-;Distrito de Velille;SI;NO;NO;NO;;;RESOLUCIÓN N° 0017-2025-OEFA/DSIS
40515;712;ADM29952;20609620278.0;ENVIRO TECNICAS S.A.C.;EORS;UF0041365;PLANTA DE TRATAMIENTO DE RESIDUOS HOSPITALARIOS EN LA LOCALIDAD DE JUAN GUERRA;Planta de Tratamiento;No Municipal;NO;NO;SI;NO;San Martín;San Martín;Juan Guerra;Calle Los Vencedores, Calle Dos de Mayo y Jr. Leonardo Marin;220908;18.0;352988.4;9271379.9;R.D. Nº 00083-2024-SENACE-PE/DEIN;-;-;-;-;-;-;No tiene;CONSTRUCCIÓN;CARTA Nº 016-EV-2025;-;-;No aplica;NO;NO;NO;SI;;;RESOLUCIÓN N° 00019-2025-OEFA/DSIS
40516;713;ADM30304;20548010765.0;AOUTSORT D & D S.A.C.;EORS;UF0041757;INFRAESTRUCTURA DE VALORIZACIÓN DE RESIDUOS AOUTSORT;Infraestructura de Valorización;Municipal y No municipal;SI;NO;NO;NO;Lima;Cañete;Nuevo Imperial;San José Lt 01, Fundo Almenares Nuevo Imperial;150510;18.0;356454;8557592.0;No tiene;-;-;-;-;-;;No tiene;OPERACIÓN;"Cata S/N de AOUTSORT D & D S.A.C. del 06 agosto del 2025
 (Registro N° 2025-E01-101240)";-;-;No aplica;SI;SI;SI;SI;S;;RESOLUCIÓN N° 00022-2025-OEFA/DSIS
40517;714;ADM30305;20608115316.0;GESTIÓN AMBIENTAL Y MANEJO DE RESIDUOS PERÚ S.R.L.;EORS;UF0041758;ÁREA DE REAPROVECHAMIENTO Y ACONDICIONAMIENTO DE RESIDUOS SÓLIDOS NO PELIGROSOS EN PLANTA DE OPERACIONES DE LA EMPRESA GESAR PERÚ SRL;Infraestructura de Valorización;No municipal;SI;NO;NO;NO;La Libertad;Ascope;Chicama;Panamericana Norte km 589;130202;17.0;714005;9121597.0;R.D. N° 01046-2024-MINAM/VMGA/DGGRS;-;-;-;-;-;-;"EO-RS-00282-2021-MINAM/VMGA/DGRS
 ANEXO 10
 ACTUALIZACIÓN DEL REGISTRO AUTORITATIVO N° 00570-2025-MINAM/VMGA/DGGRS
 (Ampliación de las operaciones)";CONSTRUCCIÓN;"CARTA N° 002-2025-JDA/GESAR PERU S.R.L.
 (Registro 2025-E01-101040)";-;-;No aplica;NO;NO;SI;NO;NO;;RESOLUCIÓN N° 00022-2025-OEFA/DSIS
40518;715;ADM30306;20606944625.0;INVERSIONES VIDA EMMA S.R.L.;EORS;UF0041759;INFRAESTRUCTURA DE VALORIZACIÓN DE RESIDUOS VIDA EMMA;Infraestructura de Valorización;No municipal;SI;NO;NO;NO;Lima;Lima;Lurigancho;Av. El Polo Mz. E Lt. 17 El Club Santa María de Huachipa;150118;18.0;289282;8671249.0;No tiene;-;-;-;-;-;-;-;OPERACIÓN;"CARTA S/N de Inversiones Vida Emma S.R.L. 
(Registro 2025-E01-063045)";-;-;No aplica;NO;NO;NO;SI;;;RESOLUCIÓN N° 00022-2025-OEFA/DSIS
40519;716;ADM28984;20339033758.0;J.A.M. TRAIDING E.I.R.L.;EORS;UF0038917;INFRAESTRUCTURA DE VALORIZACIÓN Y ACONDICIONAMIENTO PARA COMERCIALIZACIÓN DE COMPOST E INSUMO DE ALIMENTO PARA ANIMALES;Infraestructura de Valorización;No municipal;SI;NO;NO;NO;Ica;Pisco;San Clemente;Sector la Rinconada, Antigua carretera Panamericana Sur Km 205;110507;18.0;374494;8496846.0;R.D. N° 00595-2024-MINAM/VMGA/DGGRS;-;-;-;-;-;-;EO-RS- 00031-2025-MINAM/VMGA/DGGRS;OPERACIÓN;"CARTA S/N de J.A.M. TRAIDING E.I.R.L., recibida el 11/11/2025
  (Registro 2025-E01-142559)";-;-;No aplica;NO;NO;SI;NO;;INC;RESOLUCIÓN N° 00024-2025-OEFA/DSIS
40520;717;ADM13954;20288774553.0;MUNICIPALIDAD DIST.DE CHALLHUAHUACHO;Municipalidad;UF0042056;MEJORAMIENTO Y AMPLIACIÓN DEL SERVICIO DE LIMPIEZA PÚBLICA EN LA LOCALIDAD DE CHALLHUAHUACHO, DISTRITO DE CHALLHUAHUACHO – PROVINCIA DE COTABAMBAS – DEPARTAMENTO DE APURÍMAC;Planta de Tratamiento;Municipal;SI;NO;SI;NO;Apurímac;Cotabambas;Challhuahuacho;Centro poblado de Uyanccany de la comunidad de Queuña;30506;18.0;794445;8433044.0;R.G.M. N° 632-2024-GM-MPCT;-;-;-;-;-;-;No aplica;CONSTRUCCIÓN;"Oficio N° 0663-2025-A-MPCT
 (Registro N° 2025-I30-027348)";-;-;Distrito de Challhuahuacho;SI;NO;NO;NO;;;RESOLUCIÓN N° 00024-2025-OEFA/DSIS
40521;718;ADM13334;20206921898.0;MUNICIPALIDAD PROVINCIAL DE CARABAYA;Municipalidad;UF0042057;INFRAESTRUCTURA DE VALORIZACIÓN DE RESIDUOS SÓLIDOS ORGÁNICOS;Infraestructura de Valorización;Municipal;SI;NO;NO;NO;Puno;Carabaya;Macusani;Barrio Túpac Amaru;210301;19.0;344653;8445022.0;No tiene;-;-;-;-;-;-;No aplica;OPERACIÓN;"Oficio N° 0742-2025-MPC-M/AP
 (Registro 2025-E01-112399)";-;-;No aplica;SI;NO;NO;NO;;;RESOLUCIÓN N° 00024-2025-OEFA/DSIS
40522;719;ADM30535;20606640332.0;AMAZON ECOSERVICES S.A.C.;EORS;UF0042058;PLANTA DE OPERACIONES DE TRATAMIENTO DE RESIDUOS SÓLIDOS PELIGROSOS DE LA EMPRESA AMAZON ECOSERVICES S.A.C. EN EL DISTRITO DE CAMPO VERDE, PROVINCIA DE CORONEL PORTILLO, REGIÓN UCAYALI;Planta de Tratamiento;No municipal;NO;NO;SI;NO;Ucayali;Coronel Portillo;Campo Verde;Carretera Federico Basadre km 21, interior 1,5 Km, margen izquierdo;250102;18.0;531366;9067488.0;R.D. Nº 00053-2024-SENACE-PE/DEIN;-;-;-;-;-;-;No aplica;OPERACIÓN;"CARTA MULT. N° 001-2024/AMAZON ECO.SAC.
 (Registro 2024-E01-127269)";-;-;No aplica;NO;NO;NO;SI;;;RESOLUCIÓN N° 00024-2025-OEFA/DSIS
40523;720;ADM30578;20552884532.0;CORPORACION DALVIC S.A.C.;EORS;UF0042169;INFRAESTRUCTURA DE VALORIZACIÓN Y ACONDICIONAMIENTO DE RESIDUOS SÓLIDOS DE CORPORACIÓN DALVIC;Infraestructura de Valorización;No municipal;SI;NO;NO;NO;Lima;Lima;Lurigancho;Mz. D Lote 01 Asociación Huerta Granja del Ayllu;150118;18.0;292945;8674759.0;No tiene;-;-;-;-;-;-;No tiene;OPERACIÓN;"Carta S/N de CORPORACIÓN DALVIC S.A.C. del 17 del setiembre de 2025
 (Registro 2025-E01-119147)";-;-;No aplica;NO;NO;SI;SI;;;RESOLUCIÓN N° 00026-2025-OEFA/DSIS
40524;721;ADM30579;20601876770.0;ENVIRONMENT MANAGEMENT PERU S.A.C.;EORS;UF0042170;INFRAESTRUCTURA DE VALORIZACIÓN DE RESIDUOS – ENVIRONMENT MANAGEMENT PERÚ;Infraestructura de Valorización;No municipal;SI;NO;NO;NO;Lima;Lima;Punta Hermosa;Mza. I Lote 4 Int. 8 asociación agropecuaria Sumac Pacha;150126;18.0;301081;8639273.0;R.D. N° 00328-2025-MINAM/VMGA/DGGRS;-;-;-;-;-;-;"EO-RS- 00173-2024-MINAM/VMGA/DGGRS
 ANEXO 02
 ACTUALIZACIÓN DEL REGISTRO AUTORITATIVO N° 00624-2025-MINAM/VMGA/DGGRS
 (Ampliación de las operaciones para el manejo simultaneo de residuos sólidos peligrosos y no peligrosos)";OPERACIÓN;"Carta S/N de ENVIRONMENT MANAGEMENT PERU S.A.C. del 21/10/2025
 (Registro 2025-E01-133099)";-;-;No aplica;NO;NO;SI;SI;;;RESOLUCIÓN N° 00026-2025-OEFA/DSIS
40525;722;ADM30580;20609968894.0;INSPIRATUS TECHNOLOGIES S.A.C.;EORS;UF0042171;PLANTA BIOCHAR PARA LA VALORIZACIÓN DE RESIDUOS ORGÁNICOS;Infraestructura de Valorización;No municipal;SI;NO;NO;NO;Piura;Sullana;Miguel Checa;Centro Poblado de Jíbito;200606;17.0;527508;9454693.0;R.G. N° 001-2025/MPS-GGA;-;-;-;-;-;-;No tiene;CONSTRUCCIÓN;"Carta S/N de INSPIRATUS 
 TECHNOLOGIES S.A.C. del 02/09/2025
 (Registro 2025-E01-113015)";-;-;No aplica;NO;NO;SI;NO;;;RESOLUCIÓN N° 00026-2025-OEFA/DSIS
40526;723;20601404371;20601404371.0;INVERGEP S.A.C.;EORS;UF0042395;INFRAESTRUCTURA DE VALORIZACIÓN DE RESIDUOS ORGÁNICOS;Infraestructura de Valorización;No municipal;SI;NO;NO;NO;Lima;Huaral;Chancay;Boza. Ref. Alto Rio UC. 00953;150605;18.0;259303;8720066.0;No tiene;-;-;-;-;-;-;No tiene;OPERACIÓN;"Reporte de verificación de fecha 17/09/2025
 (Registro 2025-I01-050993)";-;-;No aplica;NO;NO;SI;NO;;;RESOLUCIÓN N° 00028-2025-OEFA/DSIS
40527;724;ADM12119;20154477374.0;MUNICIPALIDAD PROVINCIAL DE PIURA;Municipalidad;UF0042396;"MEJORAMIENTO Y AMPLIACIÓN DE LA GESTIÓN INTEGRAL DE RESIDUOS SÓLIDOS MUNICIPALES EN LA CIUDAD DE PIURA Y AMPLIACIÓN DEL SERVICIO DE DISPOSICIÓN FINAL PARA LA CIUDAD DE CASTILLA, DISTRITOS DE PIURA Y CASTILLA, PROVINCIA DE PIURA - PIURA
";"Infraestructura de disposición final / Relleno sanitario
";Municipal;NO;NO;NO;SI;Piura;Piura;Catacaos;Sector: El Cuevín - Piura;200105;17.0;552500;9415300.0;R.A. N°  788-2023-A/MPP;-;-;-;-;-;-;No aplica;CONSTRUCCIÓN;"Oficio N° 00146-2025-GM/MPP
(Registro 2025-E01-120705)
Oficio N° 045-2024-SGIRS-GM/MPP
Registro (2024-E01-056799)";-;-;"Piura, Catacaos, Castilla y Veinteseis de 
Octubre";SI;NO;NO;NO;;;RESOLUCIÓN N° 00028-2025-OEFA/DSIS
40528;725;PENDIENTE;20600725981.0;CORPORACION INDUSTRIAL ISLA SOCIEDAD ANONIMA CERRADA;EORS;PENDIENTE;INFRAESTRUCTURA DE VALORIZACIÓN DE CORPORACIÓN INDUSTRIAL ISLA;Infraestructura de Valorización;No municipal;SI;NO;NO;NO;Puno;San Román;Juliaca;"Comunidad campesina Canchi Chico, Sector Isla 
 Canchi";211101;19.0;385011;8286811.0;No tiene;-;-;-;-;-;;No tiene;OPERACIÓN;"OFICIO N° 001 - 2025 de Corporación Industrial Isla S.A.C.
 (Registro 2025-E01-118152)";-;-;No aplica;NO;NO;NO;SI;;;
40529;726;PENDIENTE;20512993291.0;NEGOCIOS Y REPRESENTACION LOYOLA SOCIEDAD ANONIMA CERRADA;EORS;PENDIENTE;INFRAESTRUCTURA DE VALORIZACIÓN  DE ACEITES USADOS Y MEZCLAS OLEOSAS;Infraestructura de Valorización;No municipal;SI;NO;NO;NO;Callao;Callao;Ventanilla;Mz.B-1 Lote 14 y 15 Asociación de Pequeños y Micro Empresarios Tupac Amaru – Parque Industrial de Pachacútec;70106;18.0;267496;8688772.0;No tiene;-;-;-;-;-;;No tiene;OPERACIÓN;"Reporte de Verificación del 17/09/2025
(Registro 2025-I01-055319)";-;-;No aplica;NO;NO;NO;SI;;;
