ID_registro;archivo_origen;N;UBIGEO;DEPARTAMENTO;PROVINCIA;DISTRITO;RUC;RESPONSABLE;COD_UF;DENOMINACIÓN;ZONA;ESTE;NORTE;PERIMETRO;ÁREA_M2;ÁREA_HA;VOLUMEN;AMBITO;TIPO_ESPACIO;OPERATIVIDAD;SEGREGACIÓN;QUEMA_RRSS;AGUAJAL;BOFEDAL;PANTANO;AMORTIGUAMIENTO_ANP;ANP;CATEGORIA;Año;Documento
38437;7584838-anexo-ii-5.xlsx;1;10202;Amazonas;Bagua;Aramango;Por determinar;Por Determinar;UF0017874;Aramango;17;783762.0;9400504;222;1061.0;0.1061;64866;Urbano;Público;ACTIVO;No;No;No;No;No;No;No;Recuperación;2022;Resolución N.° 00018-2022-OEFA/DSIS
38438;7584838-anexo-ii-5.xlsx;2;10101;Amazonas;Chachapoyas;Chachapoyas;Por determinar;Por Determinar;UF0017863;Chachapoyas 1;18;184652.0;9311377;41.7;103.0;0.0103;164.8;Rural;Privado;NO ACTIVO;No;No;No;No;No;No;No;Recuperación;2022;Resolución N.° 00018-2022-OEFA/DSIS
38439;7584838-anexo-ii-5.xlsx;3;10101;Amazonas;Chachapoyas;Chachapoyas;Por determinar;Por Determinar;UF0017866;Chachapoyas 2;18;184651.0;9311463;107;313.0;0.0313;250.4;Rural;Privado;NO ACTIVO;No;No;No;No;No;No;No;Recuperación;2022;Resolución N.° 00018-2022-OEFA/DSIS
38440;7584838-anexo-ii-5.xlsx;4;10101;Amazonas;Chachapoyas;Chachapoyas;Por determinar;Por Determinar;UF0017867;Chachapoyas 3;18;185264.0;9311533;197;928.0;0.0928;1856;Rural;Privado;NO ACTIVO;No;No;No;No;No;No;No;Recuperación;2022;Resolución N.° 00018-2022-OEFA/DSIS
38441;7584838-anexo-ii-5.xlsx;5;10101;Amazonas;Chachapoyas;Chachapoyas;Por determinar;Por Determinar;UF0036008;Chachapoyas 9;18;185786.0;9311698;765;20127.0;2.0127;26152.1;Rural;Público;ACTIVO;No;No;No;No;No;No;No;Recuperación;2022;Resolución N.° 00054-2022-OEFA/DSIS
38442;7584838-anexo-ii-5.xlsx;6;10101;Amazonas;Chachapoyas;Chachapoyas;Por determinar;Por Determinar;UF0035171;Chachapoyas 4;18;184143.81;9311423.02;54;82.2;0.00822;57.54;Rural;Público;ACTIVO;No;No;No;No;No;No;No;Recuperación;2022;Resolución N.° 00054-2022-OEFA/DSIS
38443;7584838-anexo-ii-5.xlsx;7;10101;Amazonas;Chachapoyas;Chachapoyas;Por determinar;Por Determinar;UF0036717;El Gran Chaparral – Sector El Alfalfar;18;181204.0;9308796;480;17175.0;1.4175;283500;Rural;Privado;ACTIVO;No;No;No;No;No;No;No;Recuperación;2023;Resolución N.° 00058-2023-OEFA/DSIS
38444;7584838-anexo-ii-5.xlsx;8;10114;Amazonas;Chachapoyas;Molinopampa;Por determinar;Por Determinar;UF0035170;Molinopampa 1;18;205115.0;9312755;308;1740.0;0.174;2784;Rural;Público;ACTIVO;No;No;No;No;No;No;No;Recuperación;2022;Resolución N.° 00054-2022-OEFA/DSIS
38445;7584838-anexo-ii-5.xlsx;9;10502;Amazonas;Luya;Camporredondo;Por determinar;Por Determinar;UF0036007;Camporredondo 1;17;792867.43;9310825.65;170;1320.0;0.132;2244;Rural;Público;ACTIVO;No;No;No;No;No;No;No;Recuperación;2022;Resolución N.° 00054-2022-OEFA/DSIS
38446;7584838-anexo-ii-5.xlsx;10;10502;Amazonas;Luya;Camporredondo;Por determinar;Por Determinar;UF0035630;Camporredondo 2;17;794541.54;9315447.67;196;1220.0;0.122;1586;Rural;Público;ACTIVO;No;No;No;No;No;No;No;Recuperación;2022;Resolución N.° 00054-2022-OEFA/DSIS
38447;7584838-anexo-ii-5.xlsx;11;10701;Amazonas;Utcubamba;Bagua Grande;Por determinar;Por Determinar;UF0017872;El Zafiro;17;781852.0;9364418;392;3141.0;0.3141;6282;Rural;Privado;ACTIVO;No;No;No;No;No;No;No;Recuperación;2022;Resolución N.° 00018-2022-OEFA/DSIS
38448;7584838-anexo-ii-5.xlsx;12;10701;Amazonas;Utcubamba;Bagua Grande;Por determinar;Por Determinar;UF0019086;Pueblo Nuevo 3;17;783349.0;9363464;289;3108.0;0.3108;31080;Urbano;Privado;NO ACTIVO;No;No;No;No;No;No;No;Recuperación;2022;Resolución N.° 00018-2022-OEFA/DSIS
38449;7584838-anexo-ii-5.xlsx;13;10701;Amazonas;Utcubamba;Bagua Grande;Por determinar;Por Determinar;UF0019087;Pueblo Nuevo 4;17;785495.98;9362065.21;289;3108.0;0.3108;31080;Urbano;Privado;NO ACTIVO;No;No;No;No;No;No;No;Recuperación;2022;Resolución N.° 00018-2022-OEFA/DSIS
38450;7584838-anexo-ii-5.xlsx;14;10701;Amazonas;Utcubamba;Bagua Grande;Por determinar;Por Determinar;UF0017873;San Luis;17;785674.0;9361966;613;22146.0;2.2146;221460;Rural;Privado;NO ACTIVO;No;No;No;No;No;No;No;Recuperación;2022;Resolución N.° 00018-2022-OEFA/DSIS
38451;7584838-anexo-ii-5.xlsx;15;20801;Ancash;Casma;Casma;Por determinar;Por Determinar;UF0017883;Casma 1;17;797880.79;8953047.32;665;17308.0;1.7308;20769.6;Urbano;Privado;ACTIVO;No;No;No;No;No;No;No;Recuperación;2022;Resolución N.° 00018-2022-OEFA/DSIS
38452;7584838-anexo-ii-5.xlsx;16;20801;Ancash;Casma;Casma;Por determinar;Por Determinar;UF0017884;Casma 2;17;797510.0;8953475;320;2115.0;0.2115;2538;Urbano;Público;ACTIVO;No;No;No;No;No;No;No;Recuperación;2022;Resolución N.° 00018-2022-OEFA/DSIS
38453;7584838-anexo-ii-5.xlsx;17;20801;Ancash;Casma;Casma;Por determinar;Por Determinar;UF0017885;Casma 3;17;797255.89;8953765.39;144;1216.0;0.1216;1763.2;Urbano;Público;ACTIVO;No;No;No;No;No;No;No;Recuperación;2022;Resolución N.° 00018-2022-OEFA/DSIS
38454;7584838-anexo-ii-5.xlsx;18;20801;Ancash;Casma;Casma;Por determinar;Por Determinar;UF0017886;Sector El Carmen 1;17;794593.38;8951559.42;462;807.0;0.0807;1008.75;Urbano;Público;ACTIVO;No;Si;No;No;No;No;No;Recuperación;2022;Resolución N.° 00018-2022-OEFA/DSIS
38455;7584838-anexo-ii-5.xlsx;19;20801;Ancash;Casma;Casma;Por determinar;Por Determinar;UF0017887;Sector El Carmen 2;17;795244.4;8950734.13;580;1716.0;0.1716;152094;Urbano;Público;ACTIVO;No;Si;No;No;No;No;No;Recuperación;2022;Resolución N.° 00018-2022-OEFA/DSIS
38456;7584838-anexo-ii-5.xlsx;20;20801;Ancash;Casma;Casma;Por determinar;Por Determinar;UF0017888;Sector El Carmen;17;795678.24;8950539.48;1066;1659.0;0.1659;2239.65;Urbano;Público;ACTIVO;No;Si;No;No;No;No;No;Recuperación;2022;Resolución N.° 00018-2022-OEFA/DSIS
38457;7584838-anexo-ii-5.xlsx;21;20801;Ancash;Casma;Casma;Por determinar;Por Determinar;UF0017889;Casma 4;17;797160.59;8950999.28;182;310.0;0.031;465;Urbano;Público;NO ACTIVO;No;No;No;No;No;No;No;Recuperación;2022;Resolución N.° 00018-2022-OEFA/DSIS
38458;7584838-anexo-ii-5.xlsx;22;20801;Ancash;Casma;Casma;Por determinar;Por Determinar;UF0017890;Río Loco;17;798499.32;8951434.85;934;2408.0;0.2408;801131;Urbano;Público;ACTIVO;No;Si;No;No;No;No;No;Recuperación;2022;Resolución N.° 00018-2022-OEFA/DSIS
38459;7584838-anexo-ii-5.xlsx;23;20801;Ancash;Casma;Casma;Por determinar;Por Determinar;UF0017891;Casma 5;17;798415.85;8951688.47;155;297.0;0.0297;237.6;Urbano;Público;NO ACTIVO;No;No;No;No;No;No;No;Recuperación;2022;Resolución N.° 00018-2022-OEFA/DSIS
38460;7584838-anexo-ii-5.xlsx;24;20801;Ancash;Casma;Casma;Por determinar;Por Determinar;UF0017892;Casma 6;17;799680.37;8951637.72;273;92.0;0.0092;110.4;Urbano;Privado;NO ACTIVO;No;Si;No;No;No;No;No;Recuperación;2022;Resolución N.° 00018-2022-OEFA/DSIS
38461;7584838-anexo-ii-5.xlsx;25;20101;Ancash;Huaraz;Huaraz;Por determinar;Por Determinar;UF0017906;Huaraz 1;18;221754.0;8945394;141;770.0;0.077;2156;Urbano;Privado;NO ACTIVO;No;No;No;No;No;No;No;Recuperación;2022;Resolución N.° 00018-2022-OEFA/DSIS
38462;7584838-anexo-ii-5.xlsx;26;20101;Ancash;Huaraz;Huaraz;Por determinar;Por Determinar;UF0017907;Huaraz 2;18;221776.0;8944154;406;1315.0;0.1315;2367;Urbano;Público;ACTIVO;No;No;No;No;No;No;No;Recuperación;2022;Resolución N.° 00018-2022-OEFA/DSIS
38463;7584838-anexo-ii-5.xlsx;27;20101;Ancash;Huaraz;Huaraz;Por determinar;Por Determinar;UF0017908;Huaraz 3;18;221346.0;8942687;520;5704.0;0.5704;19678.8;Rural;Privado;ACTIVO;No;No;No;No;No;No;No;Recuperación;2022;Resolución N.° 00018-2022-OEFA/DSIS
38464;7584838-anexo-ii-5.xlsx;28;20101;Ancash;Huaraz;Huaraz;Por determinar;Por Determinar;UF0017909;Huaraz 4;18;221562.0;8945459;241;3205.0;0.3205;57690;Urbano;Privado;NO ACTIVO;No;No;No;No;No;No;No;Recuperación;2022;Resolución N.° 00018-2022-OEFA/DSIS
38465;7584838-anexo-ii-5.xlsx;29;20101;Ancash;Huaraz;Huaraz;Por determinar;Por Determinar;UF0017928;Huaraz 5;18;221593.0;8945558;123;570.0;0.057;1995;Urbano;Privado;ACTIVO;No;No;No;No;No;No;No;Recuperación;2022;Resolución N.° 00018-2022-OEFA/DSIS
38466;7584838-anexo-ii-5.xlsx;30;21101;Ancash;Huarmey;Huarmey;Por determinar;Por Determinar;UF0017893;Huarmey 10;17;811210.0;8888530;452;6244.0;0.6244;1358490;Urbano;Público;ACTIVO;No;No;No;No;No;No;No;Recuperación;2022;Resolución N.° 00018-2022-OEFA/DSIS
38467;7584838-anexo-ii-5.xlsx;31;21101;Ancash;Huarmey;Huarmey;Por determinar;Por Determinar;UF0017894;Wasiñaipa Municipal;17;811063.86;8888791.63;299;3279.0;0.3279;264103;Rural;Privado;ACTIVO;No;No;No;No;No;No;No;Recuperación;2022;Resolución N.° 00018-2022-OEFA/DSIS
38468;7584838-anexo-ii-5.xlsx;32;21101;Ancash;Huarmey;Huarmey;Por determinar;Por Determinar;UF0017895;Panpa Industrial 3 Piedras;17;811168.43;8889013.92;1157;18719.0;1.8719;17783.05;Rural;Privado;ACTIVO;No;No;No;No;No;No;No;Recuperación;2022;Resolución N.° 00018-2022-OEFA/DSIS
38469;7584838-anexo-ii-5.xlsx;33;21101;Ancash;Huarmey;Huarmey;Por determinar;Por Determinar;UF0017896;Huarmey 1;17;810994.31;8889632.12;269;4292.0;0.4292;1187130;Rural;Público;ACTIVO;No;No;No;No;No;No;No;Recuperación;2022;Resolución N.° 00018-2022-OEFA/DSIS
38470;7584838-anexo-ii-5.xlsx;34;21101;Ancash;Huarmey;Huarmey;Por determinar;Por Determinar;UF0017897;Huarmey 2;17;811372.0;8888666;725;25186.0;2.5186;20148.8;Urbano;Privado;NO ACTIVO;No;No;No;No;No;No;No;Recuperación;2022;Resolución N.° 00018-2022-OEFA/DSIS
38471;7584838-anexo-ii-5.xlsx;35;21101;Ancash;Huarmey;Huarmey;Por determinar;Por Determinar;UF0017898;Buena Villa;17;812066.98;8888902.95;260;3989.0;0.3989;1200005;Rural;Privado;ACTIVO;No;No;No;No;No;No;No;Recuperación;2022;Resolución N.° 00018-2022-OEFA/DSIS
38472;7584838-anexo-ii-5.xlsx;36;21101;Ancash;Huarmey;Huarmey;Por determinar;Por Determinar;UF0017899;Huarmey 3;17;812254.72;8889499.11;437;2911.0;0.2911;2911;Rural;Privado;ACTIVO;No;No;No;No;No;No;No;Recuperación;2022;Resolución N.° 00018-2022-OEFA/DSIS
38473;7584838-anexo-ii-5.xlsx;37;21101;Ancash;Huarmey;Huarmey;Por determinar;Por Determinar;UF0017900;Huarmey 4;17;812425.93;8886951.93;1153;65508.0;6.5508;55681.8;Urbano;Público;ACTIVO;No;Si;No;No;No;No;No;Recuperación;2022;Resolución N.° 00018-2022-OEFA/DSIS
38474;7584838-anexo-ii-5.xlsx;38;21101;Ancash;Huarmey;Huarmey;Por determinar;Por Determinar;UF0017901;Huarmey 5;17;811963.13;8884952.59;108;249.0;0.0249;186.75;Urbano;Público;NO ACTIVO;No;No;No;No;No;No;No;Recuperación;2022;Resolución N.° 00018-2022-OEFA/DSIS
38475;7584838-anexo-ii-5.xlsx;39;21101;Ancash;Huarmey;Huarmey;Por determinar;Por Determinar;UF0017902;Huarmey 6;17;810918.0;8887812;115;919.0;0.0919;689.25;Urbano;Público;NO ACTIVO;No;No;No;No;No;No;No;Recuperación;2022;Resolución N.° 00018-2022-OEFA/DSIS
38476;7584838-anexo-ii-5.xlsx;40;21101;Ancash;Huarmey;Huarmey;Por determinar;Por Determinar;UF0017903;Huarmey 7;17;811024.0;8887908;157;701.0;0.0701;455.65;Urbano;Público;NO ACTIVO;No;No;No;No;No;No;No;Recuperación;2022;Resolución N.° 00018-2022-OEFA/DSIS
38477;7584838-anexo-ii-5.xlsx;41;21101;Ancash;Huarmey;Huarmey;Por determinar;Por Determinar;UF0017904;Huarmey 8;17;811214.0;8888122;1238;17071.0;1.7071;17071;Urbano;Público;ACTIVO;No;No;No;No;No;No;No;Recuperación;2022;Resolución N.° 00018-2022-OEFA/DSIS
38478;7584838-anexo-ii-5.xlsx;42;21101;Ancash;Huarmey;Huarmey;Por determinar;Por Determinar;UF0017905;Huarmey 9;17;811572.0;8888667;1899;3878.0;0.3878;368287;Urbano;Público;NO ACTIVO;No;No;No;No;No;No;No;Recuperación;2022;Resolución N.° 00018-2022-OEFA/DSIS
38479;7584838-anexo-ii-5.xlsx;43;21801;Ancash;Santa;Chimbote;Por determinar;Por Determinar;UF0019088;Chimbote 1;17;762864.59;9000321.18;3856;146227.0;14.6227;731135;Rural;Privado;ACTIVO;Si;Si;No;No;No;No;No;Recuperación;2022;Resolución N.° 00018-2022-OEFA/DSIS
38480;7584838-anexo-ii-5.xlsx;44;21801;Ancash;Santa;Chimbote;Por determinar;Por Determinar;UF0017878;Malecón Grau;17;765970.0;8994721;553;1859.0;0.1859;3160.2999999999997;Urbano;Público;ACTIVO;Si;No;No;No;No;No;No;Recuperación;2022;Resolución N.° 00018-2022-OEFA/DSIS
38481;7584838-anexo-ii-5.xlsx;45;21801;Ancash;Santa;Chimbote;Por determinar;Por Determinar;UF0017912;Sector La Perla;17;769191.0;8992631;201;1442.0;0.1442;16984;Urbano;Privado;ACTIVO;No;No;No;No;No;No;No;Recuperación;2022;Resolución N.° 00018-2022-OEFA/DSIS
38482;7584838-anexo-ii-5.xlsx;46;21801;Ancash;Santa;Chimbote;Por determinar;Por Determinar;UF0017913;La Perla;17;769016.0;8993273;994;29902.0;2.9902;37377.5;Urbano;Privado;ACTIVO;No;No;No;No;No;No;No;Recuperación;2022;Resolución N.° 00018-2022-OEFA/DSIS
38483;7584838-anexo-ii-5.xlsx;47;21801;Ancash;Santa;Chimbote;Por determinar;Por Determinar;UF0017914;Chimbote 2;17;768360.0;8991519;2386;30933.0;3.0933;61866;Urbano;Público;ACTIVO;No;No;No;No;No;No;No;Recuperación;2022;Resolución N.° 00018-2022-OEFA/DSIS
38484;7584838-anexo-ii-5.xlsx;48;21801;Ancash;Santa;Chimbote;Por determinar;Por Determinar;UF0017915;Chimbote 3;17;767434.0;8992651;235;460.0;0.046;598;Urbano;Público;ACTIVO;No;Si;No;No;No;No;No;Recuperación;2022;Resolución N.° 00018-2022-OEFA/DSIS
38485;7584838-anexo-ii-5.xlsx;49;21801;Ancash;Santa;Chimbote;Por determinar;Por Determinar;UF0017916;Chimbote 4;17;767257.0;8992989;812;727.0;0.0727;1599.4;Urbano;Público;ACTIVO;Si;Si;No;No;No;No;No;Recuperación;2022;Resolución N.° 00018-2022-OEFA/DSIS
38486;7584838-anexo-ii-5.xlsx;50;21801;Ancash;Santa;Chimbote;Por determinar;Por Determinar;UF0017917;Chimbote 5;17;767129.0;8993217;875;7840.0;0.784;11760;Urbano;Público;ACTIVO;Si;No;No;No;No;No;No;Recuperación;2022;Resolución N.° 00018-2022-OEFA/DSIS
38487;7584838-anexo-ii-5.xlsx;51;21801;Ancash;Santa;Chimbote;Por determinar;Por Determinar;UF0017918;Chimbote 6;17;766173.0;8994509;702;2025.0;0.2025;1316.25;Urbano;Público;ACTIVO;Si;Si;No;No;No;No;No;Recuperación;2022;Resolución N.° 00018-2022-OEFA/DSIS
38488;7584838-anexo-ii-5.xlsx;52;21801;Ancash;Santa;Chimbote;Por determinar;Por Determinar;UF0017919;El Golfo;17;767897.0;8994443;411;4981.0;0.4981;2034888;Urbano;Público;ACTIVO;Si;No;No;No;No;No;No;Recuperación;2022;Resolución N.° 00018-2022-OEFA/DSIS
38489;7584838-anexo-ii-5.xlsx;53;21801;Ancash;Santa;Chimbote;Por determinar;Por Determinar;UF0017920;Chimbote 7;17;768325.0;8994552;428;10013.0;1.0013;13016.9;Urbano;Público;ACTIVO;Si;Si;No;No;No;No;No;Recuperación;2022;Resolución N.° 00018-2022-OEFA/DSIS
38490;7584838-anexo-ii-5.xlsx;54;21801;Ancash;Santa;Chimbote;Por determinar;Por Determinar;UF0017921;Chimbote 8;17;763530.0;8999319;143;584.0;0.0584;671.6;Urbano;Público;ACTIVO;No;No;No;No;No;No;No;Recuperación;2022;Resolución N.° 00018-2022-OEFA/DSIS
38491;7584838-anexo-ii-5.xlsx;55;21801;Ancash;Santa;Chimbote;Por determinar;Por Determinar;UF0017922;Chimbote 9;17;763397.0;8999397;101;309.0;0.0309;200.85;Urbano;Privado;ACTIVO;Si;No;No;No;No;No;No;Recuperación;2022;Resolución N.° 00018-2022-OEFA/DSIS
38492;7584838-anexo-ii-5.xlsx;56;21801;Ancash;Santa;Chimbote;Por determinar;Por Determinar;UF0017923;Chimbote 10;17;766399.0;8994248;806;3460.0;0.346;6920;Urbano;Público;ACTIVO;No;Si;No;No;No;No;No;Recuperación;2022;Resolución N.° 00018-2022-OEFA/DSIS
38493;7584838-anexo-ii-5.xlsx;57;21801;Ancash;Santa;Chimbote;Por determinar;Por Determinar;UF0017924;Botadero El Palmero;17;764530.59;8998646.47;418;6624.0;0.6624;11923.2;Urbano;Público;NO ACTIVO;Si;No;No;No;No;No;No;Recuperación;2022;Resolución N.° 00018-2022-OEFA/DSIS
38494;7584838-anexo-ii-5.xlsx;58;21801;Ancash;Santa;Chimbote;Por determinar;Por Determinar;UF0017925;Chimbote 11;17;769211.6;8992356;412;3440.0;0.344;5160;Urbano;Público;NO ACTIVO;No;No;No;No;No;No;No;Recuperación;2022;Resolución N.° 00018-2022-OEFA/DSIS
38495;7584838-anexo-ii-5.xlsx;59;21801;Ancash;Santa;Chimbote;Por determinar;Por Determinar;UF0017926;Chimbote 12;17;768601.0;8992644;158;113.0;0.0113;56.5;Urbano;Público;ACTIVO;No;No;No;No;No;No;No;Recuperación;2022;Resolución N.° 00018-2022-OEFA/DSIS
38496;7584838-anexo-ii-5.xlsx;60;21801;Ancash;Santa;Chimbote;Por determinar;Por Determinar;UF0017927;Sector De La Perla 3 Cavezas;17;768908.0;8993225;538;10963.0;1.0963;30696.4;Urbano;Privado;ACTIVO;No;No;No;No;No;No;No;Recuperación;2022;Resolución N.° 00018-2022-OEFA/DSIS
38497;7584838-anexo-ii-5.xlsx;61;21809;Ancash;Santa;Nuevo Chimbote;Por determinar;Por Determinar;UF0017875;Villa Periodista;17;772890.0;8988511;5368;74092.0;7.41;133365.6;Urbano;Público;ACTIVO;No;No;No;No;No;No;No;Recuperación;2022;Resolución N.° 00018-2022-OEFA/DSIS
38498;7584838-anexo-ii-5.xlsx;62;21809;Ancash;Santa;Nuevo Chimbote;Por determinar;Por Determinar;UF0017876;Nuevo Chimbote 1;17;774276.0;8990882;371;2257.0;0.225;1805.6;Urbano;Público;ACTIVO;No;No;No;No;No;No;No;Recuperación;2022;Resolución N.° 00018-2022-OEFA/DSIS
38499;7584838-anexo-ii-5.xlsx;63;21809;Ancash;Santa;Nuevo Chimbote;Por determinar;Por Determinar;UF0017877;Predio Panchito;17;775280.0;8986358;200;1589.0;0.158;1191.75;Urbano;Público;ACTIVO;No;No;No;No;No;No;No;Recuperación;2022;Resolución N.° 00018-2022-OEFA/DSIS
38500;7584838-anexo-ii-5.xlsx;64;21809;Ancash;Santa;Nuevo Chimbote;Por determinar;Por Determinar;UF0017879;Nuevo Chimbote 2;17;775820.0;8985776;1590;9679.0;0.9679;9679;Urbano;Público;ACTIVO;No;No;No;No;No;No;No;Recuperación;2022;Resolución N.° 00018-2022-OEFA/DSIS
38501;7584838-anexo-ii-5.xlsx;65;21809;Ancash;Santa;Nuevo Chimbote;Por determinar;Por Determinar;UF0017880;Los Álamos;17;770964.0;8991102;481;2538.0;0.2538;6345;Urbano;Público;ACTIVO;No;Si;No;No;No;No;No;Recuperación;2022;Resolución N.° 00018-2022-OEFA/DSIS
38502;7584838-anexo-ii-5.xlsx;66;21809;Ancash;Santa;Nuevo Chimbote;Por determinar;Por Determinar;UF0017881; Villamaria;17;769436.0;8990563;538;5294.0;0.5294;13235;Urbano;Público;ACTIVO;No;Si;No;No;No;No;No;Recuperación;2022;Resolución N.° 00018-2022-OEFA/DSIS
38503;7584838-anexo-ii-5.xlsx;67;21809;Ancash;Santa;Nuevo Chimbote;Por determinar;Por Determinar;UF0017882;Nuevo Chimbote 3;17;772551.0;8991400;189;587.0;0.0587;293.5;Urbano;Público;ACTIVO;No;No;No;No;No;No;No;Recuperación;2022;Resolución N.° 00018-2022-OEFA/DSIS
38504;7584838-anexo-ii-5.xlsx;68;21809;Ancash;Santa;Nuevo Chimbote;Por determinar;Por Determinar;UF0017930;Nuevo Chimbote 4;17;773715.0;8990283;1020;26629.0;2.6629;35949.15;Urbano;Privado;NO ACTIVO;Si;No;No;No;No;No;No;Recuperación;2022;Resolución N.° 00018-2022-OEFA/DSIS
38505;7584838-anexo-ii-5.xlsx;69;21901;Ancash;Sihuas;Sihuas;Por determinar;Por Determinar;UF0017910;Sihuas 1;18;211006.0;9052828;107;806.0;0.0806;1370.2;Urbano;Privado;NO ACTIVO;No;No;No;No;No;No;No;Recuperación;2022;Resolución N.° 00018-2022-OEFA/DSIS
38506;7584838-anexo-ii-5.xlsx;70;21901;Ancash;Sihuas;Sihuas;Por determinar;Por Determinar;UF0017911;Sihuas 2;18;210955.0;9052890;99.6;290.0;0.029;391.5;Urbano;Público;ACTIVO;No;No;No;No;No;No;No;Recuperación;2022;Resolución N.° 00018-2022-OEFA/DSIS
38507;7584838-anexo-ii-5.xlsx;71;22001;Ancash;Yungay;Yungay;Por determinar;Por Determinar;UF0017929;Yungay;18;197585.6;8989070.23;442;7890.0;0.789;23670;Urbano;Privado;NO ACTIVO;No;No;No;No;No;No;No;Recuperación;2022;Resolución N.° 00018-2022-OEFA/DSIS
38508;7584838-anexo-ii-5.xlsx;72;30101;Apurimac;Abancay;Abancay;Por determinar;Por Determinar;UF0017954;Abancay 1;18;725102.0;8486453;189;1067.0;0.1067;1600;Rural;Público;ACTIVO;No;No;No;No;No;No;No;Recuperación;2022;Resolución N.° 00018-2022-OEFA/DSIS
38509;7584838-anexo-ii-5.xlsx;73;30101;Apurimac;Abancay;Abancay;Por determinar;Por Determinar;UF0017955;Abancay 2;18;724827.0;8486895;201;1957.0;0.1957;3900;Rural;Público;ACTIVO;No;No;No;No;No;No;No;Recuperación;2022;Resolución N.° 00018-2022-OEFA/DSIS
38510;7584838-anexo-ii-5.xlsx;74;30101;Apurimac;Abancay;Abancay;Por determinar;Por Determinar;UF0017956;Abancay 3;18;724142.0;8489290;143;617.0;0.0617;1230;Rural;Público;ACTIVO;No;No;No;No;No;No;No;Recuperación;2022;Resolución N.° 00018-2022-OEFA/DSIS
38511;7584838-anexo-ii-5.xlsx;75;30101;Apurimac;Abancay;Abancay;Por determinar;Por Determinar;UF0017957;Abancay 4;18;725481.0;8489953;132;1025.0;0.1025;2050;Rural;Público;NO ACTIVO;No;No;No;No;No;No;No;Recuperación;2022;Resolución N.° 00018-2022-OEFA/DSIS
38512;7584838-anexo-ii-5.xlsx;76;30101;Apurimac;Abancay;Abancay;Por determinar;Por Determinar;UF0017958;Abancay 5;18;726545.0;8490082;53.2;209.0;0.0209;315;Rural;Público;NO ACTIVO;No;No;No;No;No;No;No;Recuperación;2022;Resolución N.° 00018-2022-OEFA/DSIS
38513;7584838-anexo-ii-5.xlsx;77;30101;Apurimac;Abancay;Abancay;Por determinar;Por Determinar;UF0017959;Quebrada Mariño 1;18;727302.0;8489436;67.4;267.0;0.0267;534;Rural;Público;ACTIVO;No;No;No;No;No;No;No;Recuperación;2022;Resolución N.° 00018-2022-OEFA/DSIS
38514;7584838-anexo-ii-5.xlsx;78;30101;Apurimac;Abancay;Abancay;Por determinar;Por Determinar;UF0017960;Abancay 6;18;726917.0;8489355;141;311.0;0.0311;467;Rural;Público;ACTIVO;No;No;No;No;No;No;No;Recuperación;2022;Resolución N.° 00018-2022-OEFA/DSIS
38515;7584838-anexo-ii-5.xlsx;79;30101;Apurimac;Abancay;Abancay;Por determinar;Por Determinar;UF0019089;Abancay 7;18;724763.0;8489769;336;7810.0;0.781;11715;Rural;Privado;ACTIVO;No;No;No;No;No;No;No;Recuperación;2022;Resolución N.° 00018-2022-OEFA/DSIS
38516;7584838-anexo-ii-5.xlsx;80;30101;Apurimac;Abancay;Abancay;Por determinar;Por Determinar;UF0019090;Abancay 8;18;726371.09;8491996.01;1655;3437.0;0.3437;5155;Urbano;Público;ACTIVO;No;No;No;No;No;No;No;Recuperación;2022;Resolución N.° 00018-2022-OEFA/DSIS
38517;7584838-anexo-ii-5.xlsx;81;30101;Apurimac;Abancay;Abancay;Por determinar;Por Determinar;UF0017961;Quebrada Mariño 2;18;726656.0;8488990;44.8;109.0;0.0109;164;Urbano;Público;ACTIVO;No;No;No;No;No;No;No;Recuperación;2022;Resolución N.° 00018-2022-OEFA/DSIS
38518;7584838-anexo-ii-5.xlsx;82;30101;Apurimac;Abancay;Abancay;Por determinar;Por Determinar;UF0017962;Quebrada Mariño 3;18;726890.0;8489091;85.11;191.0;0.0191;340;Rural;Público;ACTIVO;No;No;No;No;No;No;No;Recuperación;2022;Resolución N.° 00018-2022-OEFA/DSIS
38519;7584838-anexo-ii-5.xlsx;83;30101;Apurimac;Abancay;Abancay;Por determinar;Por Determinar;UF0035782;Abancay 03;18;725525.0;8490135;112;427.0;0.0427;214;Rural;Público;ACTIVO;No;No;No;No;No;No;No;Recuperación;2022;Resolución N.° 00054-2022-OEFA/DSIS
38520;7584838-anexo-ii-5.xlsx;84;30101;Apurimac;Abancay;Abancay;Por determinar;Por Determinar;UF0035783;Abancay 04;18;726314.0;8489296;114;828.0;0.0828;455;Rural;Privado;ACTIVO;No;No;No;No;No;No;No;Recuperación;2022;Resolución N.° 00054-2022-OEFA/DSIS
38521;7584838-anexo-ii-5.xlsx;85;30101;Apurimac;Abancay;Abancay;Por determinar;Por Determinar;UF0035784;Abancay 05;18;724351.0;8489236;243;770.0;0.077;346;Rural;Público;ACTIVO;No;No;No;No;No;No;No;Recuperación;2022;Resolución N.° 00054-2022-OEFA/DSIS
38522;7584838-anexo-ii-5.xlsx;86;30101;Apurimac;Abancay;Abancay;Por determinar;Por Determinar;UF0035785;Abancay 07;18;724103.0;8488190;186;1127.0;0.1127;620;Rural;Público;ACTIVO;No;No;No;No;No;No;No;Recuperación;2022;Resolución N.° 00054-2022-OEFA/DSIS
38523;7584838-anexo-ii-5.xlsx;87;30104;Apurimac;Abancay;Curahuasi;Por determinar;Por Determinar;UF0035787;Curahuasi 01;18;751682.0;8501123;125;485.0;0.0485;267;Rural;Público;ACTIVO;No;No;No;No;No;No;No;Recuperación;2022;Resolución N.° 00054-2022-OEFA/DSIS
38524;7584838-anexo-ii-5.xlsx;88;30104;Apurimac;Abancay;Curahuasi;Por determinar;Por Determinar;UF0035788;Curahuasi 02;18;751558.0;8501314;483;3847.0;0.3847;1731;Rural;Público;ACTIVO;No;No;No;No;No;No;No;Recuperación;2022;Resolución N.° 00054-2022-OEFA/DSIS
38525;7584838-anexo-ii-5.xlsx;89;30104;Apurimac;Abancay;Curahuasi;Por determinar;Por Determinar;UF0035789;Curahuasi 03;18;753223.0;8501163;142;835.0;0.0835;418;Rural;Público;ACTIVO;No;No;No;No;No;No;No;Recuperación;2022;Resolución N.° 00054-2022-OEFA/DSIS
38526;7584838-anexo-ii-5.xlsx;90;30107;Apurimac;Abancay;Pichirhua;Por determinar;Por Determinar;UF0017953;Pichirhua;18;725695.0;8485308;136;292.0;0.0292;438;Rural;Público;ACTIVO;No;No;No;No;No;No;No;Recuperación;2022;Resolución N.° 00018-2022-OEFA/DSIS
38527;7584838-anexo-ii-5.xlsx;91;30107;Apurimac;Abancay;Pichirhua;20148182788;Municipalidad provincial de Abancay;UF0035786;Abancay 09;18;725470.0;8485625;304;5413.0;0.5413;1353;Rural;Público;ACTIVO;No;No;No;No;No;No;No;Recuperación;2022;Resolución N.° 00054-2022-OEFA/DSIS
38528;7584838-anexo-ii-5.xlsx;92;30109;Apurimac;Abancay;Tamburco;Por determinar;Por Determinar;UF0017963;Veronicayoc;18;732025.0;8494695;235;3545.0;0.3545;5318;Rural;Privado;ACTIVO;No;No;No;No;No;No;No;Recuperación;2022;Resolución N.° 00018-2022-OEFA/DSIS
38529;7584838-anexo-ii-5.xlsx;93;30109;Apurimac;Abancay;Tamburco;Por determinar;Por Determinar;UF0035781;Abancay 01;18;732486.39;8495188.67;96;256.0;0.0256;103;Rural;Público;ACTIVO;No;No;No;No;No;No;No;Recuperación;2022;Resolución N.° 00054-2022-OEFA/DSIS
38530;7584838-anexo-ii-5.xlsx;94;30204;Apurimac;Andahuaylas;Huancarama;Por determinar;Por Determinar;UF0017931;Magdalena 1;18;706267.0;8491157;153;948.0;0.0948;948;Rural;Público;ACTIVO;No;No;No;No;No;No;No;Recuperación;2022;Resolución N.° 00018-2022-OEFA/DSIS
38531;7584838-anexo-ii-5.xlsx;95;30204;Apurimac;Andahuaylas;Huancarama;Por determinar;Por Determinar;UF0017932;Magdalena 2;18;706159.0;8491235;69.5;235.0;0.0235;355;Rural;Público;ACTIVO;No;No;No;No;No;No;No;Recuperación;2022;Resolución N.° 00018-2022-OEFA/DSIS
38532;7584838-anexo-ii-5.xlsx;96;30204;Apurimac;Andahuaylas;Huancarama;Por determinar;Por Determinar;UF0017933;Pampuera;18;706537.0;8491555;144;1214.0;0.1214;910;Rural;Público;ACTIVO;No;Si;No;No;No;No;No;Recuperación;2022;Resolución N.° 00018-2022-OEFA/DSIS
38533;7584838-anexo-ii-5.xlsx;97;30207;Apurimac;Andahuaylas;Kishuara;Por determinar;Por Determinar;UF0017934;Kishuara;18;703283.0;8485455;57.7;233.0;0.0233;350;Rural;Público;ACTIVO;No;Si;No;No;No;No;No;Recuperación;2022;Resolución N.° 00018-2022-OEFA/DSIS
38534;7584838-anexo-ii-5.xlsx;98;30209;Apurimac;Andahuaylas;Pacucha;Por determinar;Por Determinar;UF0017935;Pacocha 3;18;679459.0;8494289;283;5318.0;0.5318;8000;Rural;Privado;ACTIVO;No;No;No;No;No;No;No;Recuperación;2022;Resolución N.° 00018-2022-OEFA/DSIS
38535;7584838-anexo-ii-5.xlsx;99;30213;Apurimac;Andahuaylas;San Jeronimo;Por determinar;Por Determinar;UF0017936;Huinchos;18;679032.0;8485497;221;2672.0;0.2672;6680;Rural;Privado;ACTIVO;Si;No;No;No;No;No;No;Recuperación;2022;Resolución N.° 00018-2022-OEFA/DSIS
38536;7584838-anexo-ii-5.xlsx;100;30213;Apurimac;Andahuaylas;San Jeronimo;Por determinar;Por Determinar;UF0017937;Union Chumbao 1;18;676779.0;8488244;20;1023.0;0.1023;510;Rural;Privado;ACTIVO;No;No;No;No;No;No;No;Recuperación;2022;Resolución N.° 00018-2022-OEFA/DSIS
38537;7584838-anexo-ii-5.xlsx;101;30213;Apurimac;Andahuaylas;San Jeronimo;Por determinar;Por Determinar;UF0017938;Union Chumbao 2;18;676781.0;8488415;147;638.0;0.0638;319;Rural;Privado;ACTIVO;No;No;No;No;No;No;No;Recuperación;2022;Resolución N.° 00018-2022-OEFA/DSIS
38538;7584838-anexo-ii-5.xlsx;102;30216;Apurimac;Andahuaylas;Talavera;Por determinar;Por Determinar;UF0017939;Talavera 1;18;668045.0;8489534;255;1417.0;0.1417;1275.3;Rural;Privado;ACTIVO;No;No;No;No;No;No;No;Recuperación;2022;Resolución N.° 00018-2022-OEFA/DSIS
38539;7584838-anexo-ii-5.xlsx;103;30216;Apurimac;Andahuaylas;Talavera;Por determinar;Por Determinar;UF0017940;Talavera 2;18;667220.0;8489828;149;890.0;0.089;445;Rural;Público;ACTIVO;No;No;No;No;No;No;No;Recuperación;2022;Resolución N.° 00018-2022-OEFA/DSIS
38540;7584838-anexo-ii-5.xlsx;104;30401;Apurimac;Aymaraes;Chalhuanca;Por determinar;Por Determinar;UF0017964;Chalhuanca 1;18;691343.0;8417997;85.2;391.0;0.0391;7798;Rural;Público;ACTIVO;No;Si;No;No;No;No;No;Recuperación;2022;Resolución N.° 00018-2022-OEFA/DSIS
38541;7584838-anexo-ii-5.xlsx;105;30401;Apurimac;Aymaraes;Chalhuanca;Por determinar;Por Determinar;UF0017965;Chalhuanca 2;18;691638.0;8417909;98.5;175.0;0.0175;263;Rural;Público;ACTIVO;No;No;No;No;No;No;No;Recuperación;2022;Resolución N.° 00018-2022-OEFA/DSIS
38542;7584838-anexo-ii-5.xlsx;106;30401;Apurimac;Aymaraes;Chalhuanca;Por determinar;Por Determinar;UF0017966;Sector Urubamba;18;687529.0;8419865;62;213.0;0.0213;426;Urbano;Privado;ACTIVO;No;No;No;No;No;No;No;Recuperación;2022;Resolución N.° 00018-2022-OEFA/DSIS
38543;7584838-anexo-ii-5.xlsx;107;30601;Apurimac;Chincheros;Chincheros;Por determinar;Por Determinar;UF0035790;Chincheros 01;18;637722.0;8504969;122;627.0;0.0627;251;Rural;Público;ACTIVO;No;No;No;No;No;No;No;Recuperación;2022;Resolución N.° 00054-2022-OEFA/DSIS
38544;7584838-anexo-ii-5.xlsx;108;30601;Apurimac;Chincheros;Chincheros;Por determinar;Por Determinar;UF0035791;Chincheros 02;18;638563.0;8504275;133;923.0;0.0923;415.35;Rural;Público;ACTIVO;No;No;No;No;No;No;No;Recuperación;2022;Resolución N.° 00054-2022-OEFA/DSIS
38545;7584838-anexo-ii-5.xlsx;109;30601;Apurimac;Chincheros;Chincheros;Por determinar;Por Determinar;UF0035792;Chincheros 03;18;637840.0;8505345;209;2647.0;0.2647;925;Rural;Público;NO ACTIVO;No;No;No;No;No;No;No;Recuperación;2022;Resolución N.° 00054-2022-OEFA/DSIS
38546;7584838-anexo-ii-5.xlsx;110;30607;Apurimac;Chincheros;Uranmarca;Por determinar;Por Determinar;UF0035793;Uranmarca 01;18;644487.0;8487823;157;1245.0;0.1245;560.25;Rural;Público;ACTIVO;No;No;No;No;No;No;No;Recuperación;2022;Resolución N.° 00054-2022-OEFA/DSIS
38547;7584838-anexo-ii-5.xlsx;111;30506;Apurimac;Cotabambas;Challhuahuacho;Por determinar;Por Determinar;UF0017946;Challhuahuacho 1;18;797392.0;8437606;133;513.0;0.0513;770;Urbano;Público;ACTIVO;No;No;No;No;No;No;No;Recuperación;2022;Resolución N.° 00018-2022-OEFA/DSIS
38548;7584838-anexo-ii-5.xlsx;112;30506;Apurimac;Cotabambas;Challhuahuacho;Por determinar;Por Determinar;UF0017947;San Marcos 1;18;798038.0;8438337;403;910.0;0.091;590;Urbano;Público;ACTIVO;No;No;No;No;No;No;No;Recuperación;2022;Resolución N.° 00018-2022-OEFA/DSIS
38549;7584838-anexo-ii-5.xlsx;113;30506;Apurimac;Cotabambas;Challhuahuacho;Por determinar;Por Determinar;UF0017948;San Marcos 2;18;798089.0;8438538;122;779.0;0.0779;3116;Urbano;Público;ACTIVO;No;No;No;No;No;No;No;Recuperación;2022;Resolución N.° 00018-2022-OEFA/DSIS
38550;7584838-anexo-ii-5.xlsx;114;30506;Apurimac;Cotabambas;Challhuahuacho;Por determinar;Por Determinar;UF0017949;San Marcos 3;18;797884.0;8438344;72.8;216.0;0.0216;162;Urbano;Público;ACTIVO;No;Si;No;No;No;No;No;Recuperación;2022;Resolución N.° 00018-2022-OEFA/DSIS
38551;7584838-anexo-ii-5.xlsx;115;30502;Apurimac;Cotabambas;Cotabambas;Por determinar;Por Determinar;UF0017950;Challhuahuacho 2;18;785277.0;8477555;176;1085.0;0.1085;1357;Rural;Privado;ACTIVO;No;No;No;No;No;No;No;Recuperación;2022;Resolución N.° 00018-2022-OEFA/DSIS
38552;7584838-anexo-ii-5.xlsx;116;30502;Apurimac;Cotabambas;Cotabambas;Por determinar;Por Determinar;UF0017951;Challhuahuacho 3;18;786473.0;8479176;172;983.0;0.0983;344;Rural;Privado;ACTIVO;No;No;No;No;No;No;No;Recuperación;2022;Resolución N.° 00018-2022-OEFA/DSIS
38553;7584838-anexo-ii-5.xlsx;117;30502;Apurimac;Cotabambas;Cotabambas;Por determinar;Por Determinar;UF0017952;Cotabambas;18;787378.0;8480656;53.8;156.0;0.0156;188;Rural;Público;ACTIVO;No;No;No;No;No;No;No;Recuperación;2022;Resolución N.° 00018-2022-OEFA/DSIS
38554;7584838-anexo-ii-5.xlsx;118;30502;Apurimac;Cotabambas;Cotabambas;Por determinar;Por Determinar;UF0035794;Cotabambas 04;18;785064.12;8477159.35;66;231.0;0.0231;55;Rural;Público;ACTIVO;No;No;No;No;No;No;No;Recuperación;2022;Resolución N.° 00054-2022-OEFA/DSIS
38555;7584838-anexo-ii-5.xlsx;119;30502;Apurimac;Cotabambas;Cotabambas;Por determinar;Por Determinar;UF0035795;Cotabambas 05;18;786740.48;8475575.96;522;9092.0;0.9092;4546;Rural;Público;ACTIVO;No;No;No;No;No;No;No;Recuperación;2022;Resolución N.° 00054-2022-OEFA/DSIS
38556;7584838-anexo-ii-5.xlsx;120;30501;Apurimac;Cotabambas;Tambobamba;Por determinar;Por Determinar;UF0017941;Rio Palcaro;18;804448.0;8455770;99.4;540.0;0.054;2160;Rural;Privado;NO ACTIVO;No;No;No;No;No;No;No;Recuperación;2022;Resolución N.° 00018-2022-OEFA/DSIS
38557;7584838-anexo-ii-5.xlsx;121;30501;Apurimac;Cotabambas;Tambobamba;Por determinar;Por Determinar;UF0017942;Rio Palcaro Ccaccañan 1;18;804329.0;8455607;210;2114.0;0.2114;4228;Rural;Privado;ACTIVO;No;No;No;No;No;No;No;Recuperación;2022;Resolución N.° 00018-2022-OEFA/DSIS
38558;7584838-anexo-ii-5.xlsx;122;30501;Apurimac;Cotabambas;Tambobamba;Por determinar;Por Determinar;UF0017943;Rio Palcaro Ccaccañan 2;18;804290.0;8455495;108;608.0;0.0608;1520;Rural;Privado;ACTIVO;No;No;No;No;No;No;No;Recuperación;2022;Resolución N.° 00018-2022-OEFA/DSIS
38559;7584838-anexo-ii-5.xlsx;123;30501;Apurimac;Cotabambas;Tambobamba;Por determinar;Por Determinar;UF0017944;Rio Palcaro 1;18;804096.0;8455272;62.2;258.0;0.0258;439;Rural;Privado;ACTIVO;No;No;No;No;No;No;No;Recuperación;2022;Resolución N.° 00018-2022-OEFA/DSIS
38560;7584838-anexo-ii-5.xlsx;124;30501;Apurimac;Cotabambas;Tambobamba;Por determinar;Por Determinar;UF0017945;Rio Palcaro 2;18;803820.0;8454856;311;2730.0;0.273;4095;Rural;Público;ACTIVO;No;No;No;No;No;No;No;Recuperación;2022;Resolución N.° 00018-2022-OEFA/DSIS
38561;7584838-anexo-ii-5.xlsx;125;30501;Apurimac;Cotabambas;Tambobamba;Por determinar;Por Determinar;UF0035796;Tambobamba 01;18;806193.0;8456858;70.8;105.0;0.0105;25;Rural;Público;ACTIVO;No;No;No;No;No;No;No;Recuperación;2022;Resolución N.° 00054-2022-OEFA/DSIS
38562;7584838-anexo-ii-5.xlsx;126;30501;Apurimac;Cotabambas;Tambobamba;Por determinar;Por Determinar;UF0035797;Tambobamba 02;18;804531.66;8455979.35;108;684.0;0.0684;342;Rural;Público;ACTIVO;No;No;No;No;No;No;No;Recuperación;2022;Resolución N.° 00054-2022-OEFA/DSIS
38563;7584838-anexo-ii-5.xlsx;127;30501;Apurimac;Cotabambas;Tambobamba;Por determinar;Por Determinar;UF0035798;Tambobamba 08;18;804741.0;8456048;190;1095.0;0.1095;602;Rural;Privado;NO ACTIVO;No;No;No;No;No;No;No;Recuperación;2022;Resolución N.° 00054-2022-OEFA/DSIS
38564;7584838-anexo-ii-5.xlsx;128;30501;Apurimac;Cotabambas;Tambobamba;Por determinar;Por Determinar;UF0035799;Tambobamba 09;18;806737.0;8459049;69;189.0;0.0189;94;Rural;Público;ACTIVO;No;No;No;No;No;No;No;Recuperación;2022;Resolución N.° 00054-2022-OEFA/DSIS
38565;7584838-anexo-ii-5.xlsx;129;40102;Arequipa;Arequipa;Alto Selva Alegre;Por determinar;Por Determinar;UF0018094;Puente Ejército;19;230958.0;8188373;801;18769.0;1.8769;75076;Urbano;Público;ACTIVO;No;Si;No;No;No;No;No;Recuperación;2022;Resolución N.° 00018-2022-OEFA/DSIS
38566;7584838-anexo-ii-5.xlsx;130;40102;Arequipa;Arequipa;Alto Selva Alegre;Por determinar;Por Determinar;UF0018095;Alto Selva Alegre 1;19;230677.0;8188932;502;13555.0;1.3555;54220;Urbano;Público;ACTIVO;No;Si;No;No;No;No;No;Recuperación;2022;Resolución N.° 00018-2022-OEFA/DSIS
38567;7584838-anexo-ii-5.xlsx;131;40102;Arequipa;Arequipa;Alto Selva Alegre;Por determinar;Por Determinar;UF0035193;Alto Selva Alegre 2;19;230137.0;8189530;1072;21103.0;2.1103;84412;Urbano;Público;ACTIVO;No;Si;No;No;No;No;No;Recuperación;2022;Resolución N.° 00018-2022-OEFA/DSIS
38568;7584838-anexo-ii-5.xlsx;132;40102;Arequipa;Arequipa;Alto Selva Alegre;Por determinar;Por Determinar;UF0018096;San Lázaro/Villa Florida;19;230277.0;8189294;456;5484.0;0.5484;21936;Urbano;Público;ACTIVO;No;Si;No;No;No;No;No;Recuperación;2022;Resolución N.° 00018-2022-OEFA/DSIS
38569;7584838-anexo-ii-5.xlsx;133;40102;Arequipa;Arequipa;Alto Selva Alegre;Por determinar;Por Determinar;UF0018097;Chaparral 1;19;231648.0;8189247;308;4922.0;0.4922;19688;Urbano;Público;ACTIVO;No;Si;No;No;No;No;No;Recuperación;2022;Resolución N.° 00018-2022-OEFA/DSIS
38570;7584838-anexo-ii-5.xlsx;134;40102;Arequipa;Arequipa;Alto Selva Alegre;Por determinar;Por Determinar;UF0018098;Chaparral 2;19;231884.0;8188883;1352;39024.0;3.9024;156096;Urbano;Público;ACTIVO;No;Si;No;No;No;No;No;Recuperación;2022;Resolución N.° 00018-2022-OEFA/DSIS
38571;7584838-anexo-ii-5.xlsx;135;40102;Arequipa;Arequipa;Alto Selva Alegre;Por determinar;Por Determinar;UF0018099;Quebrada Primero De Enero;19;230125.0;8188096;1755;29811.0;2.9811;119244;Urbano;Público;ACTIVO;No;Si;No;No;No;No;No;Recuperación;2022;Resolución N.° 00018-2022-OEFA/DSIS
38572;7584838-anexo-ii-5.xlsx;136;40102;Arequipa;Arequipa;Alto Selva Alegre;Por determinar;Por Determinar;UF0018100;Calambucos;19;232450.0;8190035;486;2330.0;0.233;9320;Urbano;Público;ACTIVO;No;Si;No;No;No;No;No;Recuperación;2022;Resolución N.° 00018-2022-OEFA/DSIS
38573;7584838-anexo-ii-5.xlsx;137;40101;Arequipa;Arequipa;Arequipa;Por determinar;Por Determinar;UF0018110;Arequipa;19;227533.0;8183317;3529;14275.0;1.4275;35687.5;Rural;Privado;ACTIVO;No;Si;No;No;No;No;No;Recuperación;2022;Resolución N.° 00018-2022-OEFA/DSIS
38574;7584838-anexo-ii-5.xlsx;138;40103;Arequipa;Arequipa;Cayma;Por determinar;Por Determinar;UF0018086;Las Lomas;19;227968.0;8193247;767;9711.0;0.9711;9711;Urbano;Público;ACTIVO;No;Si;No;No;No;No;No;Recuperación;2022;Resolución N.° 00018-2022-OEFA/DSIS
38575;7584838-anexo-ii-5.xlsx;139;40104;Arequipa;Arequipa;Cerro Colorado;Por determinar;Por Determinar;UF0019091;Quebrada El Nazareno;19;227289.303791;8193128.466091;1238;50388.0;5.0388;125970;Urbano;Público;ACTIVO;No;Si;No;No;No;No;No;Recuperación;2022;Resolución N.° 00018-2022-OEFA/DSIS
38576;7584838-anexo-ii-5.xlsx;140;40104;Arequipa;Arequipa;Cerro Colorado;Por determinar;Por Determinar;UF0018087;Cerro Colorado 1;19;224921.0;8193103;175;1759.0;0.1759;1554595;Urbano;Público;ACTIVO;No;Si;No;No;No;No;No;Recuperación;2022;Resolución N.° 00018-2022-OEFA/DSIS
38577;7584838-anexo-ii-5.xlsx;141;40104;Arequipa;Arequipa;Cerro Colorado;Por determinar;Por Determinar;UF0018088;Quebrada Municipal;19;223324.0;8193223;1911;42913.0;4.2913;193108.5;Urbano;Público;ACTIVO;No;Si;No;No;No;No;No;Recuperación;2022;Resolución N.° 00018-2022-OEFA/DSIS
38578;7584838-anexo-ii-5.xlsx;142;40104;Arequipa;Arequipa;Cerro Colorado;Por determinar;Por Determinar;UF0018114;Quebrada Apima;19;222134.0;8193914;198;212.0;0.0212;848;Urbano;Público;ACTIVO;No;Si;No;No;No;No;No;Recuperación;2022;Resolución N.° 00018-2022-OEFA/DSIS
38579;7584838-anexo-ii-5.xlsx;143;40104;Arequipa;Arequipa;Cerro Colorado;Por determinar;Por Determinar;UF0018115;Quebrada Eduardo Pineda;19;222512.0;8193497;214;200.0;0.02;1000;Urbano;Público;ACTIVO;No;Si;No;No;No;No;No;Recuperación;2022;Resolución N.° 00018-2022-OEFA/DSIS
38580;7584838-anexo-ii-5.xlsx;144;40104;Arequipa;Arequipa;Cerro Colorado;Por determinar;Por Determinar;UF0018116;Quebrada Edward De La Breña;19;223492.0;8191617;191;2327.0;0.2327;11635;Urbano;Público;ACTIVO;No;Si;No;No;No;No;No;Recuperación;2022;Resolución N.° 00018-2022-OEFA/DSIS
38581;7584838-anexo-ii-5.xlsx;145;40104;Arequipa;Arequipa;Cerro Colorado;Por determinar;Por Determinar;UF0018117;Cerro Colorado 2;19;220776.0;8194562;371;7399.0;0.7399;14798;Urbano;Público;ACTIVO;No;Si;No;No;No;No;No;Recuperación;2022;Resolución N.° 00018-2022-OEFA/DSIS
38582;7584838-anexo-ii-5.xlsx;146;40104;Arequipa;Arequipa;Cerro Colorado;Por determinar;Por Determinar;UF0018132;Cerro Colorado 3;19;221815.0;8189542;588;7803.0;0.7803;27310.5;Urbano;Público;ACTIVO;No;Si;No;No;No;No;No;Recuperación;2022;Resolución N.° 00018-2022-OEFA/DSIS
38583;7584838-anexo-ii-5.xlsx;147;40104;Arequipa;Arequipa;Cerro Colorado;Por determinar;Por Determinar;UF0018133;Cerro Colorado 4;19;220887.0;8189756;387;3892.0;0.3892;13622;Urbano;Público;ACTIVO;No;Si;No;No;No;No;No;Recuperación;2022;Resolución N.° 00018-2022-OEFA/DSIS
38584;7584838-anexo-ii-5.xlsx;148;40105;Arequipa;Arequipa;Characato;Por determinar;Por Determinar;UF0018090;Characato;19;234824.0;8176553;824;27954.0;2.7954;27954;Rural;Privado;ACTIVO;No;Si;No;No;No;No;No;Recuperación;2022;Resolución N.° 00018-2022-OEFA/DSIS
38585;7584838-anexo-ii-5.xlsx;149;40105;Arequipa;Arequipa;Characato;Por determinar;Por Determinar;UF0018091;Taurodromo;19;234887.0;8176525;610;4728.0;0.4728;28368;Rural;Público;ACTIVO;No;Si;No;No;No;No;No;Recuperación;2022;Resolución N.° 00018-2022-OEFA/DSIS
38586;7584838-anexo-ii-5.xlsx;150;40105;Arequipa;Arequipa;Characato;Por determinar;Por Determinar;UF0018093;Quebrada La Huaylla;19;233171.0;8176149;1712;13544.0;1.3544;27088;Rural;Privado;ACTIVO;No;Si;No;No;No;No;No;Recuperación;2022;Resolución N.° 00018-2022-OEFA/DSIS
38587;7584838-anexo-ii-5.xlsx;151;40107;Arequipa;Arequipa;Jacobo Hunter;Por determinar;Por Determinar;UF0035180;Jacobo Hunter 1;19;226762.42;8178030.49;1250;3022.0;0.3022;6044;Rural;Público;ACTIVO;No;Si;No;No;No;No;No;Recuperación;2022;Resolución N.° 00054-2022-OEFA/DSIS
38588;7584838-anexo-ii-5.xlsx;152;40107;Arequipa;Arequipa;Jacobo Hunter;Por determinar;Por Determinar;UF0035181;Huasacache;19;226637.01;8178490.54;402;7608.0;0.7608;68472;Rural;Privado;ACTIVO;No;No;No;No;No;No;No;Recuperación;2022;Resolución N.° 00054-2022-OEFA/DSIS
38589;7584838-anexo-ii-5.xlsx;153;40107;Arequipa;Arequipa;Jacobo Hunter;Por determinar;Por Determinar;UF0035182;Jacobo Hunter 2;19;225368.0;8180181;334;1383.0;0.1383;6915;Rural;Privado;ACTIVO;No;Si;No;No;No;No;No;Recuperación;2022;Resolución N.° 00054-2022-OEFA/DSIS
38590;7584838-anexo-ii-5.xlsx;154;40107;Arequipa;Arequipa;Jacobo Hunter;Por determinar;Por Determinar;UF0035183;Jacobo Hunter 3;19;225327.09;8180104.11;346;864.0;0.0864;3024;Rural;Privado;ACTIVO;No;No;No;No;No;No;No;Recuperación;2022;Resolución N.° 00054-2022-OEFA/DSIS
38591;7584838-anexo-ii-5.xlsx;155;40107;Arequipa;Arequipa;Jacobo Hunter;Por determinar;Por Determinar;UF0035187;Socabaya 1;19;227230.18;8178168.17;307;680.0;0.068;680;Rural;Privado;ACTIVO;No;Si;No;No;No;No;No;Recuperación;2022;Resolución N.° 00054-2022-OEFA/DSIS
38592;7584838-anexo-ii-5.xlsx;156;40108;Arequipa;Arequipa;La Joya;Por determinar;Por Determinar;UF0018129;La Joya;19;195084.0;8179400;195;1623.0;0.1623;1623;Rural;Privado;ACTIVO;No;Si;No;No;No;No;No;Recuperación;2022;Resolución N.° 00018-2022-OEFA/DSIS
38593;7584838-anexo-ii-5.xlsx;157;40108;Arequipa;Arequipa;La Joya;Por determinar;Por Determinar;UF0018130;Rio Seco;19;196261.0;8176787;398;1977.0;0.1977;389106;Rural;Público;ACTIVO;No;Si;No;No;No;No;No;Recuperación;2022;Resolución N.° 00018-2022-OEFA/DSIS
38594;7584838-anexo-ii-5.xlsx;158;40108;Arequipa;Arequipa;La Joya;Por determinar;Por Determinar;UF0018131;Fundo 2 De Mayo;19;194407.0;8174591;458;7949.0;0.7949;11923.5;Rural;Privado;ACTIVO;No;Si;No;No;No;No;No;Recuperación;2022;Resolución N.° 00018-2022-OEFA/DSIS
38595;7584838-anexo-ii-5.xlsx;159;40109;Arequipa;Arequipa;Mariano Melgar;Por determinar;Por Determinar;UF0035174;Villa Los Olivos 1;19;235860.26;8185130.57;226;2851.0;0.2851;28510;Rural;Público;ACTIVO;No;Si;No;No;No;No;No;Recuperación;2022;Resolución N.° 00054-2022-OEFA/DSIS
38596;7584838-anexo-ii-5.xlsx;160;40109;Arequipa;Arequipa;Mariano Melgar;Por determinar;Por Determinar;UF0035175;Villa Los Olivos 2;19;236008.16;8185127.78;191;1573.0;0.1573;31460;Rural;Público;ACTIVO;No;Si;No;No;No;No;No;Recuperación;2022;Resolución N.° 00054-2022-OEFA/DSIS
38597;7584838-anexo-ii-5.xlsx;161;40110;Arequipa;Arequipa;Miraflores;Por determinar;Por Determinar;UF0018081;Miraflores 1;19;233308.0;8188455;1224;28183.0;2.8183;98640.5;Urbano;Público;ACTIVO;No;Si;No;No;No;No;No;Recuperación;2022;Resolución N.° 00018-2022-OEFA/DSIS
38598;7584838-anexo-ii-5.xlsx;162;40110;Arequipa;Arequipa;Miraflores;Por determinar;Por Determinar;UF0018082;Miraflores 2;19;234210.0;8188569;648;6587.0;0.6587;2914758;Urbano;Público;ACTIVO;Si;Si;No;No;No;No;No;Recuperación;2022;Resolución N.° 00018-2022-OEFA/DSIS
38599;7584838-anexo-ii-5.xlsx;163;40110;Arequipa;Arequipa;Miraflores;Por determinar;Por Determinar;UF0018083;Miraflores 3;19;234503.0;8189061;721;4234.0;0.4234;6351;Urbano;Público;ACTIVO;No;Si;No;No;No;No;No;Recuperación;2022;Resolución N.° 00018-2022-OEFA/DSIS
38600;7584838-anexo-ii-5.xlsx;164;40110;Arequipa;Arequipa;Miraflores;Por determinar;Por Determinar;UF0019092;Quebrada San Lázaro;19;233081.641594;8188515.934257;4218;88845.0;8.8845;355380;Urbano;Público;ACTIVO;No;Si;No;No;No;No;No;Recuperación;2022;Resolución N.° 00018-2022-OEFA/DSIS
38601;7584838-anexo-ii-5.xlsx;165;40111;Arequipa;Arequipa;Mollebaya;Por determinar;Por Determinar;UF0018092;Mollebaya 1;19;235218.0;8175780;432;4133.0;0.4133;8266;Rural;Público;ACTIVO;Si;Si;No;No;No;No;No;Recuperación;2022;Resolución N.° 00018-2022-OEFA/DSIS
38602;7584838-anexo-ii-5.xlsx;166;40111;Arequipa;Arequipa;Mollebaya;Por determinar;Por Determinar;UF0018101;Mollebaya 2;19;234247.0;8172308;211;2361.0;0.2361;18888;Rural;Privado;NO ACTIVO;No;Si;No;No;No;No;No;Recuperación;2022;Resolución N.° 00018-2022-OEFA/DSIS
38603;7584838-anexo-ii-5.xlsx;167;40112;Arequipa;Arequipa;Paucarpata;Por determinar;Por Determinar;UF0035173;Santo Domingo San Bernardo;19;236659.04;8184947.7;3132;36066.0;3.6066;288528;Rural;-;ACTIVO;Si;Si;No;No;No;No;No;Recuperación;2022;Resolución N.° 00054-2022-OEFA/DSIS
38604;7584838-anexo-ii-5.xlsx;168;40112;Arequipa;Arequipa;Paucarpata;Por determinar;Por Determinar;UF0035176;Chiguata 1;19;237368.92;8183589.15;312;4513.0;0.4513;45130;Rural;Privado;ACTIVO;No;No;No;No;No;No;No;Recuperación;2022;Resolución N.° 00054-2022-OEFA/DSIS
38605;7584838-anexo-ii-5.xlsx;169;40112;Arequipa;Arequipa;Paucarpata;Por determinar;Por Determinar;UF0035177;Chiguata 2;19;237688.0;8183539;378;8174.0;0.8174;65392;Rural;Privado;ACTIVO;No;Si;No;No;No;No;No;Recuperación;2022;Resolución N.° 00054-2022-OEFA/DSIS
38606;7584838-anexo-ii-5.xlsx;170;40112;Arequipa;Arequipa;Paucarpata;Por determinar;Por Determinar;UF0035178;Chiguata 3;19;237960.0;8183361;255;4122.0;0.4122;32976;Rural;Privado;ACTIVO;No;Si;No;No;No;No;No;Recuperación;2022;Resolución N.° 00054-2022-OEFA/DSIS
38607;7584838-anexo-ii-5.xlsx;171;40112;Arequipa;Arequipa;Paucarpata;Por determinar;Por Determinar;UF0035179;Chiguata 4;19;238183.59;8183555.76;471;10486.0;1.0486;94374;Rural;Privado;ACTIVO;No;Si;No;No;No;No;No;Recuperación;2022;Resolución N.° 00054-2022-OEFA/DSIS
38608;7584838-anexo-ii-5.xlsx;172;40115;Arequipa;Arequipa;Quequeña;Por determinar;Por Determinar;UF0018102;Quequeña;19;235602.0;8169582;679;10277.0;1.0277;15415.5;Rural;Privado;ACTIVO;Si;Si;No;No;No;No;No;Recuperación;2022;Resolución N.° 00018-2022-OEFA/DSIS
38609;7584838-anexo-ii-5.xlsx;173;40116;Arequipa;Arequipa;Sabandia;Por determinar;Por Determinar;UF0018103;Sabandia;19;232362.0;8178671;1310;68296.0;6.8296;136592;Rural;Público;ACTIVO;No;Si;No;No;No;No;No;Recuperación;2022;Resolución N.° 00018-2022-OEFA/DSIS
38610;7584838-anexo-ii-5.xlsx;174;40117;Arequipa;Arequipa;Sachaca;Por determinar;Por Determinar;UF0018111;Sachaca;19;222877.0;8183436;337;5146.0;0.5146;25730;Rural;Público;ACTIVO;No;Si;No;No;No;No;No;Recuperación;2022;Resolución N.° 00018-2022-OEFA/DSIS
38611;7584838-anexo-ii-5.xlsx;175;40121;Arequipa;Arequipa;Santa Rita de Siguas;Por determinar;Por Determinar;UF0017999;Santa Rita de Siguas;18;810798.0;8175548;2490;341467.0;34.1467;341467;Urbano;Público;ACTIVO;No;Si;No;No;No;No;No;Recuperación;2022;Resolución N.° 00018-2022-OEFA/DSIS
38612;7584838-anexo-ii-5.xlsx;176;40122;Arequipa;Arequipa;Socabaya;Por determinar;Por Determinar;UF0035188;Socabaya 2;19;227246.42;8178065.78;627;6456.0;0.6456;51648;Rural;Privado;ACTIVO;No;Si;No;No;No;No;No;Recuperación;2022;Resolución N.° 00054-2022-OEFA/DSIS
38613;7584838-anexo-ii-5.xlsx;177;40122;Arequipa;Arequipa;Socabaya;Por determinar;Por Determinar;UF0035189;Socabaya 3;19;227804.69;8177051.4;388;4501.0;0.4501;2250.5;Rural;Público;ACTIVO;No;Si;No;No;No;No;No;Recuperación;2022;Resolución N.° 00054-2022-OEFA/DSIS
38614;7584838-anexo-ii-5.xlsx;178;40122;Arequipa;Arequipa;Socabaya;Por determinar;Por Determinar;UF0035190;Badén de las Peñas;19;228639.0;8178285;900;10806.0;1.0806;54030;Rural;Público;ACTIVO;Si;Si;No;No;No;No;No;Recuperación;2022;Resolución N.° 00054-2022-OEFA/DSIS
38615;7584838-anexo-ii-5.xlsx;179;40122;Arequipa;Arequipa;Socabaya;Por determinar;Por Determinar;UF0035191;Socabaya 4;19;228805.0;8178170;953;12080.0;1.208;48320;Rural;Privado;ACTIVO;No;Si;No;No;No;No;No;Recuperación;2022;Resolución N.° 00054-2022-OEFA/DSIS
38616;7584838-anexo-ii-5.xlsx;180;40122;Arequipa;Arequipa;Socabaya;Por determinar;Por Determinar;UF0035192;Socabaya 5;19;228044.0;8177204;2916;23756.0;2.3756;95024;Rural;Público;ACTIVO;No;Si;No;No;No;No;No;Recuperación;2022;Resolución N.° 00054-2022-OEFA/DSIS
38617;7584838-anexo-ii-5.xlsx;181;40123;Arequipa;Arequipa;Tiabaya;Por determinar;Por Determinar;UF0018112;La Tara;19;222677.0;8178875;248;264.0;0.0264;528;Rural;Privado;ACTIVO;No;Si;No;No;No;No;No;Recuperación;2022;Resolución N.° 00018-2022-OEFA/DSIS
38618;7584838-anexo-ii-5.xlsx;182;40123;Arequipa;Arequipa;Tiabaya;Por determinar;Por Determinar;UF0018113;Tiabaya;19;222646.0;8178883;244;1637.0;0.1637;8185;Rural;Público;ACTIVO;No;Si;No;No;No;No;No;Recuperación;2022;Resolución N.° 00018-2022-OEFA/DSIS
38619;7584838-anexo-ii-5.xlsx;183;40124;Arequipa;Arequipa;Uchumayo;Por determinar;Por Determinar;UF0035184;Uchumayo 1;19;220661.0;8179609;905;28367.0;2.8367;113468;Urbano;Privado;ACTIVO;No;Si;No;No;No;No;No;Recuperación;2022;Resolución N.° 00054-2022-OEFA/DSIS
38620;7584838-anexo-ii-5.xlsx;184;40124;Arequipa;Arequipa;Uchumayo;Por determinar;Por Determinar;UF0035185;Uchumayo 2;19;221338.23;8179093.6;120;877.0;0.0877;7893;Urbano;Público;ACTIVO;No;Si;No;No;No;No;No;Recuperación;2022;Resolución N.° 00054-2022-OEFA/DSIS
38621;7584838-anexo-ii-5.xlsx;185;40124;Arequipa;Arequipa;Uchumayo;Por determinar;Por Determinar;UF0035186;Uchumayo 3;19;216904.84;8181913.98;182;1893.0;0.1893;17037;Rural;Público;ACTIVO;No;Si;No;No;No;No;No;Recuperación;2022;Resolución N.° 00054-2022-OEFA/DSIS
38622;7584838-anexo-ii-5.xlsx;186;40125;Arequipa;Arequipa;Vitor;Por determinar;Por Determinar;UF0018123;Vitor 1;19;188235.0;8176753;703;16905.0;1.6905;50715;Urbano;Privado;ACTIVO;No;Si;No;No;No;No;No;Recuperación;2022;Resolución N.° 00018-2022-OEFA/DSIS
38623;7584838-anexo-ii-5.xlsx;187;40125;Arequipa;Arequipa;Vitor;Por determinar;Por Determinar;UF0018124;Vitor 2;19;186121.0;8177093;271;3882.0;0.3882;34938;Rural;Público;ACTIVO;No;Si;No;No;No;No;No;Recuperación;2022;Resolución N.° 00018-2022-OEFA/DSIS
38624;7584838-anexo-ii-5.xlsx;188;40125;Arequipa;Arequipa;Vitor;Por determinar;Por Determinar;UF0018125;Vitor 3;19;185665.0;8176869;354;5228.0;0.5228;47052;Rural;Público;ACTIVO;No;Si;No;No;No;No;No;Recuperación;2022;Resolución N.° 00018-2022-OEFA/DSIS
38625;7584838-anexo-ii-5.xlsx;189;40125;Arequipa;Arequipa;Vitor;Por determinar;Por Determinar;UF0018126;Pueblo Viejo;19;186249.0;8176906;343;5560.0;0.556;8340;Urbano;Público;ACTIVO;No;Si;No;No;No;No;No;Recuperación;2022;Resolución N.° 00018-2022-OEFA/DSIS
38626;7584838-anexo-ii-5.xlsx;190;40125;Arequipa;Arequipa;Vitor;Por determinar;Por Determinar;UF0018127;Vitor 4;19;185755.0;8176477;309;4230.0;0.423;4230;Urbano;Público;ACTIVO;No;Si;No;No;No;No;No;Recuperación;2022;Resolución N.° 00018-2022-OEFA/DSIS
38627;7584838-anexo-ii-5.xlsx;191;40125;Arequipa;Arequipa;Vitor;Por determinar;Por Determinar;UF0018128;Vitor 5;19;188653.0;8177179;143;1339.0;0.1339;5356;Rural;Privado;ACTIVO;No;Si;No;No;No;No;No;Recuperación;2022;Resolución N.° 00018-2022-OEFA/DSIS
38628;7584838-anexo-ii-5.xlsx;192;40127;Arequipa;Arequipa;Yarabamba;Por determinar;Por Determinar;UF0018104;Yarabamba 1;19;234919.0;8168632;359;3439.0;0.3439;6878;Rural;Público;ACTIVO;No;Si;No;No;No;No;No;Recuperación;2022;Resolución N.° 00018-2022-OEFA/DSIS
38629;7584838-anexo-ii-5.xlsx;193;40127;Arequipa;Arequipa;Yarabamba;Por determinar;Por Determinar;UF0018105;Yarabamba 2;19;235109.0;8168399;149;948.0;0.0948;948;Rural;Público;ACTIVO;No;Si;No;No;No;No;No;Recuperación;2022;Resolución N.° 00018-2022-OEFA/DSIS
38630;7584838-anexo-ii-5.xlsx;194;40127;Arequipa;Arequipa;Yarabamba;Por determinar;Por Determinar;UF0018106;Yarabamba 3;19;236114.0;8167662;310;5234.0;0.5234;10468;Urbano;Privado;ACTIVO;No;No;No;No;No;No;No;Recuperación;2022;Resolución N.° 00018-2022-OEFA/DSIS
38631;7584838-anexo-ii-5.xlsx;195;40127;Arequipa;Arequipa;Yarabamba;Por determinar;Por Determinar;UF0018107;Yarabamba 4;19;238497.0;8166423;234;3316.0;0.3316;3316;Rural;Privado;ACTIVO;No;Si;No;No;No;No;No;Recuperación;2022;Resolución N.° 00018-2022-OEFA/DSIS
38632;7584838-anexo-ii-5.xlsx;196;40127;Arequipa;Arequipa;Yarabamba;Por determinar;Por Determinar;UF0018108;Yarabamba 5;19;238062.0;8166029;419;2271.0;0.2271;4542;Rural;Público;ACTIVO;No;Si;No;No;No;No;No;Recuperación;2022;Resolución N.° 00018-2022-OEFA/DSIS
38633;7584838-anexo-ii-5.xlsx;197;40127;Arequipa;Arequipa;Yarabamba;Por determinar;Por Determinar;UF0018109;Yarabamba 6;19;237981.0;8166166;267;3977.0;0.3977;19885;Rural;Público;ACTIVO;No;Si;No;No;No;No;No;Recuperación;2022;Resolución N.° 00018-2022-OEFA/DSIS
38634;7584838-anexo-ii-5.xlsx;198;40128;Arequipa;Arequipa;Yura;Por determinar;Por Determinar;UF0018089;3Ra Etapa Umapaca;19;216356.0;8187368;455;3704.0;0.3704;5556;Urbano;Público;ACTIVO;No;Si;No;No;No;No;No;Recuperación;2022;Resolución N.° 00018-2022-OEFA/DSIS
38635;7584838-anexo-ii-5.xlsx;199;40128;Arequipa;Arequipa;Yura;"20173809663

20131057823";"MUNICIPALIDAD DISTRITAL DE YURA
SUPERINTENDENCIA DE BIENES ESTATALES";UF0018118;Yura 1;19;220562.0;8194501;353;3361.0;0.3361;13444;Urbano;Público;ACTIVO;No;Si;No;No;No;No;No;Recuperación;2022;Resolución N.° 00018-2022-OEFA/DSIS
38636;7584838-anexo-ii-5.xlsx;200;40128;Arequipa;Arequipa;Yura;"20173809663

20131057823";"MUNICIPALIDAD DISTRITAL DE YURA
SUPERINTENDENCIA DE BIENES ESTATALES";UF0018119;Yura 2;19;220038.0;8195037;640;9034.0;0.9034;36136;Urbano;Público;ACTIVO;No;Si;No;No;No;No;No;Recuperación;2022;Resolución N.° 00018-2022-OEFA/DSIS
38637;7584838-anexo-ii-5.xlsx;201;40128;Arequipa;Arequipa;Yura;"20173809663

20131057823";"MUNICIPALIDAD DISTRITAL DE YURA
SUPERINTENDENCIA DE BIENES ESTATALES";UF0018120;Yura 3;19;220307.0;8194693;192;1636.0;0.1636;8180;Urbano;Público;ACTIVO;No;Si;No;No;No;No;No;Recuperación;2022;Resolución N.° 00018-2022-OEFA/DSIS
38638;7584838-anexo-ii-5.xlsx;202;40128;Arequipa;Arequipa;Yura;"20306484479

80280929";"ORGANISMO DE LA FORMALIZACION DE LA PROPIEDAD INFORMAL
PERCY CONDOR FERNANDEZ";UF0018121;Yura 4;19;219139.0;8196600;187;986.0;0.0986;4930;Urbano;Público;ACTIVO;No;Si;No;No;No;No;No;Recuperación;2022;Resolución N.° 00018-2022-OEFA/DSIS
38639;7584838-anexo-ii-5.xlsx;203;40128;Arequipa;Arequipa;Yura;20306484479;ORGANISMO DE LA FORMALIZACION DE LA PROPIEDAD INFORMAL;UF0018122;Yura 5;19;218865.0;8196630;315;1597.0;0.1597;7985;Urbano;Público;ACTIVO;No;Si;No;No;No;No;No;Recuperación;2022;Resolución N.° 00018-2022-OEFA/DSIS
38640;7584838-anexo-ii-5.xlsx;204;40202;Arequipa;Camana;Jose Maria Quimper;Por determinar;Por Determinar;UF0017985;José María Quimper 1;18;741849.0;8164827;165;1021.0;0.1021;1021;Urbano;Público;ACTIVO;No;Si;No;No;No;No;No;Recuperación;2022;Resolución N.° 00018-2022-OEFA/DSIS
38641;7584838-anexo-ii-5.xlsx;205;40202;Arequipa;Camana;Jose Maria Quimper;Por determinar;Por Determinar;UF0017986;El Cardo;18;742490.0;8163147;62.3;240.0;0.024;360;Urbano;Público;ACTIVO;No;Si;No;No;No;No;No;Recuperación;2022;Resolución N.° 00018-2022-OEFA/DSIS
38642;7584838-anexo-ii-5.xlsx;206;40202;Arequipa;Camana;Jose Maria Quimper;Por determinar;Por Determinar;UF0017987;José María Quimper 2;18;742134.0;8164919;202;696.0;0.0696;904.8;Rural;Público;ACTIVO;No;Si;No;No;No;No;No;Recuperación;2022;Resolución N.° 00018-2022-OEFA/DSIS
38643;7584838-anexo-ii-5.xlsx;207;40203;Arequipa;Camana;Mariano Nicolas Valcarcel;Por determinar;Por Determinar;UF0017982;Secocha Baja;18;695024.0;8231082;588;4823.0;0.4823;14469;Rural;Público;ACTIVO;No;Si;No;No;No;No;No;Recuperación;2022;Resolución N.° 00018-2022-OEFA/DSIS
38644;7584838-anexo-ii-5.xlsx;208;40203;Arequipa;Camana;Mariano Nicolas Valcarcel;Por determinar;Por Determinar;UF0017983;Mariano Nicolas Valcarcel;18;695754.0;8231988;445;10014.0;1.0014;20028;Urbano;Público;ACTIVO;No;Si;No;No;No;No;No;Recuperación;2022;Resolución N.° 00018-2022-OEFA/DSIS
38645;7584838-anexo-ii-5.xlsx;209;40208;Arequipa;Camana;Samuel Pastor;Por determinar;Por Determinar;UF0017978;Samuel Pastor 1;18;750207.0;8157112;4762;61786.0;6.1786;92679;Urbano;Público;ACTIVO;No;No;No;No;No;No;No;Recuperación;2022;Resolución N.° 00018-2022-OEFA/DSIS
38646;7584838-anexo-ii-5.xlsx;210;40208;Arequipa;Camana;Samuel Pastor;Por determinar;Por Determinar;UF0017979;Samuel Pastor 2;18;745433.0;8162886;681;25291.0;2.5291;50582;Rural;Público;ACTIVO;No;Si;No;No;No;No;No;Recuperación;2022;Resolución N.° 00018-2022-OEFA/DSIS
38647;7584838-anexo-ii-5.xlsx;211;40208;Arequipa;Camana;Samuel Pastor;Por determinar;Por Determinar;UF0017980;Samuel Pastor 3;18;745594.0;8162591;1067;12559.0;1.2559;18838.5;Rural;Público;ACTIVO;No;Si;No;No;No;No;No;Recuperación;2022;Resolución N.° 00018-2022-OEFA/DSIS
38648;7584838-anexo-ii-5.xlsx;212;40208;Arequipa;Camana;Samuel Pastor;Por determinar;Por Determinar;UF0017981;Samuel Pastor 4;18;745705.0;8162440;620;23617.0;2.3617;35425.5;Rural;Público;ACTIVO;No;Si;No;No;No;No;No;Recuperación;2022;Resolución N.° 00018-2022-OEFA/DSIS
38649;7584838-anexo-ii-5.xlsx;213;40208;Arequipa;Camana;Samuel Pastor;Por determinar;Por Determinar;UF0017984;Samuel Pastor 5;18;753104.0;8159227;809;10199.0;1.0199;15298.5;Rural;Público;ACTIVO;No;Si;No;No;No;No;No;Recuperación;2022;Resolución N.° 00018-2022-OEFA/DSIS
38650;7584838-anexo-ii-5.xlsx;214;40302;Arequipa;Caraveli;Acari;Por determinar;Por Determinar;UF0017967;Acari;18;541216.0;8293847;608;2058.0;0.2058;8232;Urbano;Privado;ACTIVO;No;Si;No;No;No;No;No;Recuperación;2022;Resolución N.° 00018-2022-OEFA/DSIS
38651;7584838-anexo-ii-5.xlsx;215;40305;Arequipa;Caraveli;Bella Union;Por determinar;Por Determinar;UF0017968;Bella Union 1;18;536131.0;8291922;1202;31389.0;3.1389;47083.5;Urbano;Público;ACTIVO;No;Si;No;No;No;No;No;Recuperación;2022;Resolución N.° 00018-2022-OEFA/DSIS
38652;7584838-anexo-ii-5.xlsx;216;40305;Arequipa;Caraveli;Bella Union;Por determinar;Por Determinar;UF0017969;Bella Union 2;18;536400.0;8292122;524;12423.0;1.2423;12423;Urbano;Público;ACTIVO;Si;Si;No;No;No;No;No;Recuperación;2022;Resolución N.° 00018-2022-OEFA/DSIS
38653;7584838-anexo-ii-5.xlsx;217;40301;Arequipa;Caraveli;Caraveli;Por determinar;Por Determinar;UF0017973;Caraveli 1;18;674482.0;8255185;1239;27921.0;2.7921;83763;Urbano;Público;ACTIVO;No;Si;No;No;No;No;No;Recuperación;2022;Resolución N.° 00018-2022-OEFA/DSIS
38654;7584838-anexo-ii-5.xlsx;218;40301;Arequipa;Caraveli;Caraveli;Por determinar;Por Determinar;UF0017974;Caraveli 2;18;674197.0;8254879;196;2048.0;0.2048;1638.4;Rural;Privado;ACTIVO;No;Si;No;No;No;No;No;Recuperación;2022;Resolución N.° 00018-2022-OEFA/DSIS
38655;7584838-anexo-ii-5.xlsx;219;40307;Arequipa;Caraveli;Chala;Por determinar;Por Determinar;UF0017970;Chala 1;18;577042.0;8249057;465;8267.0;0.8267;1721541;Rural;Público;ACTIVO;No;Si;No;No;No;No;No;Recuperación;2022;Resolución N.° 00018-2022-OEFA/DSIS
38656;7584838-anexo-ii-5.xlsx;220;40308;Arequipa;Caraveli;Chaparra;Por determinar;Por Determinar;UF0017975;Chaparra 1;18;621618.0;8259207;1057;8255.0;0.8255;41275;Rural;Privado;ACTIVO;No;Si;No;No;No;No;No;Recuperación;2022;Resolución N.° 00018-2022-OEFA/DSIS
38657;7584838-anexo-ii-5.xlsx;221;40308;Arequipa;Caraveli;Chaparra;Por determinar;Por Determinar;UF0017976;Chaparra 2;18;623198.0;8260489;141;645.0;0.0645;2580;Rural;Público;ACTIVO;No;Si;No;No;No;No;No;Recuperación;2022;Resolución N.° 00018-2022-OEFA/DSIS
38658;7584838-anexo-ii-5.xlsx;222;40311;Arequipa;Caraveli;Lomas;Por determinar;Por Determinar;UF0017971;Lomas 1;18;516577.0;8279143;224;3508.0;0.3508;3508;Rural;Público;ACTIVO;No;No;No;No;No;No;No;Recuperación;2022;Resolución N.° 00018-2022-OEFA/DSIS
38659;7584838-anexo-ii-5.xlsx;223;40311;Arequipa;Caraveli;Lomas;Por determinar;Por Determinar;UF0017972;Lomas 2;18;517126.0;8281943;597;16979.0;1.6979;16979;Rural;Público;ACTIVO;No;Si;No;No;No;No;No;Recuperación;2022;Resolución N.° 00018-2022-OEFA/DSIS
38660;7584838-anexo-ii-5.xlsx;224;40401;Arequipa;Castilla;Aplao;Por determinar;Por Determinar;UF0018042;Cantera Cosos;18;768627.0;8224186;2300;38137.0;3.8137;57205.5;Urbano;Público;ACTIVO;Si;Si;No;No;No;No;No;Recuperación;2022;Resolución N.° 00018-2022-OEFA/DSIS
38661;7584838-anexo-ii-5.xlsx;225;40401;Arequipa;Castilla;Aplao;Por determinar;Por Determinar;UF0018043;El Reparo 1;18;768462.0;8219988;851;5528.0;0.5528;5528;Rural;Público;ACTIVO;No;Si;No;No;No;No;No;Recuperación;2022;Resolución N.° 00018-2022-OEFA/DSIS
38662;7584838-anexo-ii-5.xlsx;226;40401;Arequipa;Castilla;Aplao;Por determinar;Por Determinar;UF0018044;Aplao 1;18;768152.0;8219913;930;10807.0;1.0807;21614;Urbano;Público;ACTIVO;No;No;No;No;No;No;No;Recuperación;2022;Resolución N.° 00018-2022-OEFA/DSIS
38663;7584838-anexo-ii-5.xlsx;227;40401;Arequipa;Castilla;Aplao;Por determinar;Por Determinar;UF0018045;Caspani - Cochate;18;768119.0;8218048;4107;237952.0;23.7952;356928;Rural;Público;ACTIVO;No;Si;No;No;No;No;No;Recuperación;2022;Resolución N.° 00018-2022-OEFA/DSIS
38664;7584838-anexo-ii-5.xlsx;228;40401;Arequipa;Castilla;Aplao;Por determinar;Por Determinar;UF0018046;Aplao 2;18;768453.0;8214664;333;2401.0;0.2401;621400;Rural;Público;ACTIVO;No;No;No;No;No;No;No;Recuperación;2022;Resolución N.° 00018-2022-OEFA/DSIS
38665;7584838-anexo-ii-5.xlsx;229;40413;Arequipa;Castilla;Uraca;Por determinar;Por Determinar;UF0018047;Uraca 1;18;773307.0;8198676;785;186.0;0.0186;558;Rural;Público;ACTIVO;No;Si;No;No;No;No;No;Recuperación;2022;Resolución N.° 00018-2022-OEFA/DSIS
38666;7584838-anexo-ii-5.xlsx;230;40413;Arequipa;Castilla;Uraca;Por determinar;Por Determinar;UF0018048;Uraca 2;18;771277.0;8199166;110;699.0;0.0699;419.4;Rural;Público;ACTIVO;No;Si;No;No;No;No;No;Recuperación;2022;Resolución N.° 00018-2022-OEFA/DSIS
38667;7584838-anexo-ii-5.xlsx;231;40413;Arequipa;Castilla;Uraca;Por determinar;Por Determinar;UF0018049;Anexo Punta Colorada;18;772014.0;8198971;109;534.0;0.0534;1068;Urbano;Público;ACTIVO;No;Si;No;No;No;No;No;Recuperación;2022;Resolución N.° 00018-2022-OEFA/DSIS
38668;7584838-anexo-ii-5.xlsx;232;40413;Arequipa;Castilla;Uraca;Por determinar;Por Determinar;UF0018050;El Reparo 2;18;771206.0;8202283;204;760.0;0.076;1520;Rural;Público;ACTIVO;No;No;No;No;No;No;No;Recuperación;2022;Resolución N.° 00018-2022-OEFA/DSIS
38669;7584838-anexo-ii-5.xlsx;233;40413;Arequipa;Castilla;Uraca;Por determinar;Por Determinar;UF0018051;Uraca 3;18;770870.0;8209029;325;2380.0;0.238;3570;Rural;Público;ACTIVO;No;Si;No;No;No;No;No;Recuperación;2022;Resolución N.° 00018-2022-OEFA/DSIS
38670;7584838-anexo-ii-5.xlsx;234;40501;Arequipa;Caylloma;Chivay;Por determinar;Por Determinar;UF0035194;Chivay 1;19;220909.0;8268815;205;2075.0;0.2075;3112.5;Urbano;Privado;ACTIVO;No;Si;No;No;No;No;No;Recuperación;2022;Resolución N.° 00054-2022-OEFA/DSIS
38671;7584838-anexo-ii-5.xlsx;235;40501;Arequipa;Caylloma;Chivay;Por determinar;Por Determinar;UF0035195;Chivay 2;19;221825.0;8268893;511;7673.0;0.7673;7673;Rural;Público;ACTIVO;No;Si;No;No;No;No;No;Recuperación;2022;Resolución N.° 00054-2022-OEFA/DSIS
38672;7584838-anexo-ii-5.xlsx;236;40501;Arequipa;Caylloma;Chivay;Por determinar;Por Determinar;UF0035198;Chivay 5;19;220862.83;8268347.76;326;6147.0;0.6147;43029;Rural;Privado;ACTIVO;No;Si;No;No;No;No;No;Recuperación;2022;Resolución N.° 00054-2022-OEFA/DSIS
38673;7584838-anexo-ii-5.xlsx;237;40506;Arequipa;Caylloma;Coporaque;Por determinar;Por Determinar;UF0035196;Chivay 3;19;220698.99;8270504.11;262;2265.0;0.2265;4530;Rural;Privado;ACTIVO;No;Si;No;No;No;No;No;Recuperación;2022;Resolución N.° 00054-2022-OEFA/DSIS
38674;7584838-anexo-ii-5.xlsx;238;40506;Arequipa;Caylloma;Coporaque;Por determinar;Por Determinar;UF0035197;Chivay 4;19;220754.8;8270610.03;205;2035.0;0.2035;18315;Rural;Privado;ACTIVO;No;Si;No;No;No;No;No;Recuperación;2022;Resolución N.° 00054-2022-OEFA/DSIS
38675;7584838-anexo-ii-5.xlsx;239;40508;Arequipa;Caylloma;Huanca;Por determinar;Por Determinar;UF0018134;Huanca;19;192408.0;8225309;120;572.0;0.0572;2860;Rural;Privado;ACTIVO;No;No;No;No;No;No;No;Recuperación;2022;Resolución N.° 00018-2022-OEFA/DSIS
38676;7584838-anexo-ii-5.xlsx;240;40520;Arequipa;Caylloma;Majes;Por determinar;Por Determinar;UF0017988;Botadero San Juan El Alto (*);18;803689.0;8188726;986;48267.0;4.8267;72400.5;Rural;Público;ACTIVO;No;Si;No;No;No;No;No;Recuperación;2022;Resolución N.° 00018-2022-OEFA/DSIS
38677;7584838-anexo-ii-5.xlsx;241;40520;Arequipa;Caylloma;Majes;Por determinar;Por Determinar;UF0017989;Majes 1;18;799175.0;8191133;1162;14341.0;1.4341;21511.5;Rural;Público;ACTIVO;No;Si;No;No;No;No;No;Recuperación;2022;Resolución N.° 00018-2022-OEFA/DSIS
38678;7584838-anexo-ii-5.xlsx;242;40520;Arequipa;Caylloma;Majes;Por determinar;Por Determinar;UF0017990;Quebrada El Auspicio;18;798320.0;8190865;973;26753.0;2.6753;133765;Rural;Público;ACTIVO;No;Si;No;No;No;No;No;Recuperación;2022;Resolución N.° 00018-2022-OEFA/DSIS
38679;7584838-anexo-ii-5.xlsx;243;40520;Arequipa;Caylloma;Majes;Por determinar;Por Determinar;UF0017991;Majes 2;18;798405.0;8190425;640;24217.0;2.4217;121085;Urbano;Público;ACTIVO;No;Si;No;No;No;No;No;Recuperación;2022;Resolución N.° 00018-2022-OEFA/DSIS
38680;7584838-anexo-ii-5.xlsx;244;40520;Arequipa;Caylloma;Majes;Por determinar;Por Determinar;UF0017992;Majes 3;18;799222.0;8186027;647;19738.0;1.9738;19738;Urbano;Público;ACTIVO;No;Si;No;No;No;No;No;Recuperación;2022;Resolución N.° 00018-2022-OEFA/DSIS
38681;7584838-anexo-ii-5.xlsx;245;40520;Arequipa;Caylloma;Majes;Por determinar;Por Determinar;UF0017993;Majes 4;18;797736.0;8185023;13285;105114.0;10.5114;105114;Rural;Público;ACTIVO;No;Si;No;No;No;No;No;Recuperación;2022;Resolución N.° 00018-2022-OEFA/DSIS
38682;7584838-anexo-ii-5.xlsx;246;40520;Arequipa;Caylloma;Majes;Por determinar;Por Determinar;UF0017994;Majes 5;18;799458.0;8187620;347;4589.0;0.4589;4589;Rural;Público;ACTIVO;No;Si;No;No;No;No;No;Recuperación;2022;Resolución N.° 00018-2022-OEFA/DSIS
38683;7584838-anexo-ii-5.xlsx;247;40520;Arequipa;Caylloma;Majes;Por determinar;Por Determinar;UF0017995;Majes 6;18;799613.0;8187763;514;8558.0;0.8558;8558;Rural;Público;ACTIVO;No;Si;No;No;No;No;No;Recuperación;2022;Resolución N.° 00018-2022-OEFA/DSIS
38684;7584838-anexo-ii-5.xlsx;248;40520;Arequipa;Caylloma;Majes;Por determinar;Por Determinar;UF0017996;Majes 7;18;799491.0;8187832;961;16816.0;1.6816;16816;Urbano;Público;ACTIVO;No;Si;No;No;No;No;No;Recuperación;2022;Resolución N.° 00018-2022-OEFA/DSIS
38685;7584838-anexo-ii-5.xlsx;249;40520;Arequipa;Caylloma;Majes;Por determinar;Por Determinar;UF0017997;Fundo Pampa Baja;18;783422.0;8181797;690;28283.0;2.8283;28283;Rural;Público;ACTIVO;No;Si;No;No;No;No;No;Recuperación;2022;Resolución N.° 00018-2022-OEFA/DSIS
38686;7584838-anexo-ii-5.xlsx;250;40520;Arequipa;Caylloma;Majes;Por determinar;Por Determinar;UF0017998;Majes 8;18;805012.0;8191274;883;37331.0;3.7331;55996.5;Rural;Público;ACTIVO;No;Si;No;No;No;No;No;Recuperación;2022;Resolución N.° 00018-2022-OEFA/DSIS
38687;7584838-anexo-ii-5.xlsx;251;40601;Arequipa;Condesuyos;Chuquibamba;Por determinar;Por Determinar;UF0035632;Chuquibamba 2;18;751141.0;8246581;2920;26319.0;2.6319;39478.5;Rural;Público;ACTIVO;No;Si;No;No;No;No;No;Recuperación;2022;Resolución N.° 00054-2022-OEFA/DSIS
38688;7584838-anexo-ii-5.xlsx;252;40702;Arequipa;Islay;Cocachacra;Por determinar;Por Determinar;UF0018135;Cocachacra 2;19;212850.0;8114152;590;4165.0;0.4165;1587831;Rural;Público;ACTIVO;No;Si;No;No;No;No;No;Recuperación;2022;Resolución N.° 00018-2022-OEFA/DSIS
38689;7584838-anexo-ii-5.xlsx;253;40702;Arequipa;Islay;Cocachacra;Por determinar;Por Determinar;UF0018136;Colan 1;19;206406.0;8109998;3149;75749.0;7.5749;151498;Rural;Público;ACTIVO;No;Si;No;No;No;No;No;Recuperación;2022;Resolución N.° 00018-2022-OEFA/DSIS
38690;7584838-anexo-ii-5.xlsx;254;40703;Arequipa;Islay;dean Valdivia;Por determinar;Por Determinar;UF0018138;Alto Ensenada;19;197431.0;8106498;152;1458.0;0.1458;2916;Urbano;Público;ACTIVO;No;Si;No;No;No;No;No;Recuperación;2022;Resolución N.° 00018-2022-OEFA/DSIS
38691;7584838-anexo-ii-5.xlsx;255;40703;Arequipa;Islay;dean Valdivia;Por determinar;Por Determinar;UF0018139;Cruce La Puntilla;19;197201.0;8103493;176;1895.0;0.1895;1895;Urbano;Privado;ACTIVO;No;No;No;No;No;Si;No;Recuperación;2022;Resolución N.° 00018-2022-OEFA/DSIS
38692;7584838-anexo-ii-5.xlsx;256;40703;Arequipa;Islay;dean Valdivia;Por determinar;Por Determinar;UF0018140;Alto Boquerón;19;198179.0;8102864;232;2100.0;0.21;6300;Urbano;Público;ACTIVO;No;Si;No;No;No;No;No;Recuperación;2022;Resolución N.° 00018-2022-OEFA/DSIS
38693;7584838-anexo-ii-5.xlsx;257;40703;Arequipa;Islay;dean Valdivia;Por determinar;Por Determinar;UF0018141;Guardiola;19;199438.0;8102556;1251;21472.0;2.1472;75152;Urbano;Privado;ACTIVO;No;Si;No;No;No;No;No;Recuperación;2022;Resolución N.° 00018-2022-OEFA/DSIS
38694;7584838-anexo-ii-5.xlsx;258;40703;Arequipa;Islay;dean Valdivia;Por determinar;Por Determinar;UF0018142;El Palmo;19;200707.0;8103742;219;2391.0;0.2391;615921;Urbano;Público;ACTIVO;No;Si;No;No;No;No;No;Recuperación;2022;Resolución N.° 00018-2022-OEFA/DSIS
38695;7584838-anexo-ii-5.xlsx;259;40703;Arequipa;Islay;dean Valdivia;Por determinar;Por Determinar;UF0018143;dean Valdivia;19;200678.0;8103568;281;3487.0;0.3487;17435;Rural;Privado;ACTIVO;No;Si;No;No;No;No;No;Recuperación;2022;Resolución N.° 00018-2022-OEFA/DSIS
38696;7584838-anexo-ii-5.xlsx;260;40704;Arequipa;Islay;Islay;Por determinar;Por Determinar;UF0018000;Villa El Pescador;18;808186.0;8116576;406;9791.0;0.9791;48955;Urbano;Público;ACTIVO;No;No;No;No;No;No;No;Recuperación;2022;Resolución N.° 00018-2022-OEFA/DSIS
38697;7584838-anexo-ii-5.xlsx;261;40704;Arequipa;Islay;Islay;Por determinar;Por Determinar;UF0018001;Islay 1;18;808861.0;8118557;125;531.0;0.0531;531;Rural;Público;ACTIVO;No;No;No;No;No;No;No;Recuperación;2022;Resolución N.° 00018-2022-OEFA/DSIS
38698;7584838-anexo-ii-5.xlsx;262;40704;Arequipa;Islay;Islay;Por determinar;Por Determinar;UF0018002;Islay 2;18;808589.0;8118333;299;3001.0;0.3001;9003;Urbano;Privado;ACTIVO;No;Si;No;No;No;No;No;Recuperación;2022;Resolución N.° 00018-2022-OEFA/DSIS
38699;7584838-anexo-ii-5.xlsx;263;40704;Arequipa;Islay;Islay;Por determinar;Por Determinar;UF0018003;Islay 3;18;810041.0;8117896;773;17072.0;1.7072;17072;Urbano;Privado;ACTIVO;No;Si;No;No;No;No;No;Recuperación;2022;Resolución N.° 00018-2022-OEFA/DSIS
38700;7584838-anexo-ii-5.xlsx;264;40704;Arequipa;Islay;Islay;Por determinar;Por Determinar;UF0018004;Islay 4;18;810944.0;8117741;1090;21954.0;2.1954;32931;Rural;Público;ACTIVO;No;Si;No;No;No;No;No;Recuperación;2022;Resolución N.° 00018-2022-OEFA/DSIS
38701;7584838-anexo-ii-5.xlsx;265;40705;Arequipa;Islay;Mejia;Por determinar;Por Determinar;UF0018137;Mejia;19;191172.0;8105842;879;15752.0;1.5752;39380;Rural;Público;ACTIVO;No;No;No;No;No;No;No;Recuperación;2022;Resolución N.° 00018-2022-OEFA/DSIS
38702;7584838-anexo-ii-5.xlsx;266;40701;Arequipa;Islay;Mollendo;Por determinar;Por Determinar;UF0018005;Quebrada Santa Rosa;18;818374.0;8117079;1886;23977.0;2.3977;59942.5;Urbano;Público;ACTIVO;No;Si;No;No;No;No;No;Recuperación;2022;Resolución N.° 00018-2022-OEFA/DSIS
38703;7584838-anexo-ii-5.xlsx;267;40701;Arequipa;Islay;Mollendo;Por determinar;Por Determinar;UF0018006;Mollendo 1;18;817990.0;8116749;278;4774.0;0.4774;11935;Urbano;Público;ACTIVO;No;Si;No;No;No;No;No;Recuperación;2022;Resolución N.° 00018-2022-OEFA/DSIS
38704;7584838-anexo-ii-5.xlsx;268;40701;Arequipa;Islay;Mollendo;Por determinar;Por Determinar;UF0018007;Mollendo 2;18;818183.0;8117149;185;2023.0;0.2023;1153193;Urbano;Público;ACTIVO;No;Si;No;No;No;No;No;Recuperación;2022;Resolución N.° 00018-2022-OEFA/DSIS
38705;7584838-anexo-ii-5.xlsx;269;40701;Arequipa;Islay;Mollendo;Por determinar;Por Determinar;UF0018008;Mollendo 3;18;816763.0;8116907;1016;13393.0;1.3393;20089.5;Rural;Público;ACTIVO;Si;Si;No;No;No;No;No;Recuperación;2022;Resolución N.° 00018-2022-OEFA/DSIS
38706;7584838-anexo-ii-5.xlsx;270;40701;Arequipa;Islay;Mollendo;Por determinar;Por Determinar;UF0018009;Mollendo 4;18;817073.0;8116340;887;14076.0;1.4076;42228;Urbano;Público;ACTIVO;No;Si;No;No;No;No;No;Recuperación;2022;Resolución N.° 00018-2022-OEFA/DSIS
38707;7584838-anexo-ii-5.xlsx;271;40701;Arequipa;Islay;Mollendo;Por determinar;Por Determinar;UF0018010;Mollendo 5;18;816514.0;8117523;642;4794.0;0.4794;7191;Rural;Público;ACTIVO;No;Si;No;No;No;No;No;Recuperación;2022;Resolución N.° 00018-2022-OEFA/DSIS
38708;7584838-anexo-ii-5.xlsx;272;40701;Arequipa;Islay;Mollendo;Por determinar;Por Determinar;UF0035199;La Joya 2;19;189058.59;8152903.6;223;3104.0;0.3104;6208;Rural;Privado;ACTIVO;No;Si;No;No;No;No;No;Recuperación;2022;Resolución N.° 00054-2022-OEFA/DSIS
38709;7584838-anexo-ii-5.xlsx;273;40801;Arequipa;La Union;Cotahuasi;Por determinar;Por Determinar;UF0035729;Cotahuasi;18;726046.0;8317561;1950;10621.0;1.0621;12745.199999999999;Rural;Público;ACTIVO;No;Si;No;No;No;No;Si;Recuperación;2022;Resolución N.° 00054-2022-OEFA/DSIS
38710;7584838-anexo-ii-5.xlsx;274;40801;Arequipa;La Union;Cotahuasi;Por determinar;Por Determinar;UF0035730;Supaypunco;18;726999.0;8318460;218;2080.0;0.208;1872;Rural;No determinado;ACTIVO;No;Si;No;No;No;No;Si;Recuperación;2022;Resolución N.° 00054-2022-OEFA/DSIS
38711;7584838-anexo-ii-5.xlsx;275;50101;Ayacucho;Huamanga;Ayacucho;Por determinar;Por Determinar;UF0018052;Via A Mollepata 1;18;583001.62;8547984.03;373.27;8011.28;0.801128;257963.216;Urbano;Privado;ACTIVO;No;No;No;No;No;No;No;Recuperación;2022;Resolución N.° 00018-2022-OEFA/DSIS
38712;7584838-anexo-ii-5.xlsx;276;50101;Ayacucho;Huamanga;Ayacucho;Por determinar;Por Determinar;UF0034312;Via A Mollepata 2;18;583172.04;8547991.33;308.26;5739.65;0.573965;160710.02;Urbano;Privado;ACTIVO;No;No;No;No;No;No;No;Recuperación;2022;Resolución N.° 00018-2022-OEFA/DSIS
38713;7584838-anexo-ii-5.xlsx;277;50101;Ayacucho;Huamanga;Ayacucho;Por determinar;Por Determinar;UF0034313;Via A Mollepata 3;18;583181.32;8547999.24;294.1;4618.23;0.461823;129310.44;Urbano;Privado;ACTIVO;No;No;No;No;No;No;No;Recuperación;2022;Resolución N.° 00018-2022-OEFA/DSIS
38714;7584838-anexo-ii-5.xlsx;278;50101;Ayacucho;Huamanga;Ayacucho;Por determinar;Por Determinar;UF0018053;Via A Mollepata 4;18;583145.5;8548167.21;439.58;10014.75;1.001475;721062;Urbano;Privado;ACTIVO;No;No;No;No;No;No;No;Recuperación;2022;Resolución N.° 00018-2022-OEFA/DSIS
38715;7584838-anexo-ii-5.xlsx;279;50101;Ayacucho;Huamanga;Ayacucho;Por determinar;Por Determinar;UF0018054;Via A Mollepata 5;18;583608.16;8548404.72;376.53;7158.27;0.715827;290625.76;Urbano;Privado;ACTIVO;No;No;No;No;No;No;No;Recuperación;2022;Resolución N.° 00018-2022-OEFA/DSIS
38716;7584838-anexo-ii-5.xlsx;280;50101;Ayacucho;Huamanga;Ayacucho;Por determinar;Por Determinar;UF0018055;Via A Mollepata 6;18;583737.25;8548430.05;239.45;3084.97;0.30849699999999997;154248.5;Urbano;Público;ACTIVO;No;No;No;No;No;No;No;Recuperación;2022;Resolución N.° 00018-2022-OEFA/DSIS
38717;7584838-anexo-ii-5.xlsx;281;50101;Ayacucho;Huamanga;Ayacucho;Por determinar;Por Determinar;UF0018056;Ayacucho;18;584398.48;8549049.57;142.47;1257.54;0.125754;20246.39;Rural;Público;ACTIVO;No;No;No;No;No;No;No;Recuperación;2022;Resolución N.° 00018-2022-OEFA/DSIS
38718;7584838-anexo-ii-5.xlsx;282;50101;Ayacucho;Huamanga;Ayacucho;Por determinar;Por Determinar;UF0018057;Carretera Pe3S;18;585195.55;8548532.37;129.43;761.93;0.076193;4266.8;Rural;Público;ACTIVO;No;No;No;No;No;No;No;Recuperación;2022;Resolución N.° 00018-2022-OEFA/DSIS
38719;7584838-anexo-ii-5.xlsx;283;50101;Ayacucho;Huamanga;Ayacucho;Por determinar;Por Determinar;UF0018058;Via Libertadores;18;582261.26;8544442.11;401.69;2989.21;0.298921;39457.57;Urbano;Privado;ACTIVO;No;No;No;No;No;No;No;Recuperación;2022;Resolución N.° 00018-2022-OEFA/DSIS
38720;7584838-anexo-ii-5.xlsx;284;50101;Ayacucho;Huamanga;Ayacucho;Por determinar;Por Determinar;UF0038458;Palacios;18;582561.0;8547556;320;9700.0;0.97;10000;Urbano;Privado;ACTIVO;Si;No;No;No;No;No;No;Recuperación;2024;Resolución N° 00052-2024-OEFA/DSIS
38721;7584838-anexo-ii-5.xlsx;285;50104;Ayacucho;Huamanga;Carmen Alto;Por determinar;Por Determinar;UF0035800;Ayacucho 01;18;583875.88;8540621.14;147;328.0;0.0328;90;Urbano;Público;NO ACTIVO;No;No;No;No;No;No;No;Recuperación;2022;Resolución N.° 00054-2022-OEFA/DSIS
38722;7584838-anexo-ii-5.xlsx;286;50105;Ayacucho;Huamanga;Chiara;Por determinar;Por Determinar;UF0019095;Chiara;18;584604.79;8526745.84;231;2523.0;0.2523;5046;Rural;Público;NO ACTIVO;No;No;No;No;No;No;No;Recuperación;2022;Resolución N.° 00054-2022-OEFA/DSIS
38723;7584838-anexo-ii-5.xlsx;287;50115;Ayacucho;Huamanga;Jesus Nazareno;Por determinar;Por Determinar;UF0018060;Jesus Nazareno;18;586801.0;8547912;378;1391.0;0.1391;1391;Rural;Público;ACTIVO;No;No;No;No;No;No;No;Recuperación;2022;Resolución N.° 00054-2022-OEFA/DSIS
38724;7584838-anexo-ii-5.xlsx;288;50107;Ayacucho;Huamanga;Pacaycasa;Por determinar;Por Determinar;UF0019099;Pacaycasa 1;18;583755.98;8553551.19;290;2669.0;0.2669;8007;Rural;Público;ACTIVO;No;No;No;No;No;No;No;Recuperación;2022;Resolución N.° 00054-2022-OEFA/DSIS
38725;7584838-anexo-ii-5.xlsx;289;50107;Ayacucho;Huamanga;Pacaycasa;Por determinar;Por Determinar;UF0019109;Pacaycasa 2;18;583681.0;8553776;82;423.0;0.0423;212;Rural;Público;ACTIVO;No;No;No;No;No;No;No;Recuperación;2022;Resolución N.° 00054-2022-OEFA/DSIS
38726;7584838-anexo-ii-5.xlsx;290;50107;Ayacucho;Huamanga;Pacaycasa;Por determinar;Por Determinar;UF0019110;Pacaycasa 3;18;583739.0;8553917;46;118.0;0.0118;177;Rural;Público;ACTIVO;No;No;No;No;No;No;No;Recuperación;2022;Resolución N.° 00054-2022-OEFA/DSIS
38727;7584838-anexo-ii-5.xlsx;291;50107;Ayacucho;Huamanga;Pacaycasa;Por determinar;Por Determinar;UF0019111;Pacaycasa 4;18;583766.0;8553947;62;164.0;0.0164;82;Rural;Público;ACTIVO;No;No;No;No;No;No;No;Recuperación;2022;Resolución N.° 00054-2022-OEFA/DSIS
38728;7584838-anexo-ii-5.xlsx;292;50107;Ayacucho;Huamanga;Pacaycasa;Por determinar;Por Determinar;UF0019112;Pacaycasa 5;18;583944.0;8554044;109;805.0;0.0805;401;Rural;Público;ACTIVO;No;No;No;No;No;No;No;Recuperación;2022;Resolución N.° 00054-2022-OEFA/DSIS
38729;7584838-anexo-ii-5.xlsx;293;50108;Ayacucho;Huamanga;Quinua;Por determinar;Por Determinar;UF0019100;Quinua;18;583924.56;8553258.85;561;2264.0;0.2264;4528;Rural;Público;ACTIVO;No;No;No;No;No;No;No;Recuperación;2022;Resolución N.° 00054-2022-OEFA/DSIS
38730;7584838-anexo-ii-5.xlsx;294;50110;Ayacucho;Huamanga;San Juan Bautista;Por determinar;Por Determinar;UF0019096;San Juan Bautista 1;18;583781.87;8537546.87;108;432.0;0.0432;864;Rural;Público;NO ACTIVO;No;No;No;No;No;No;No;Recuperación;2022;Resolución N.° 00054-2022-OEFA/DSIS
38731;7584838-anexo-ii-5.xlsx;295;50110;Ayacucho;Huamanga;San Juan Bautista;Por determinar;Por Determinar;UF0019097;San Juan Bautista 2;18;584156.84;8538696.83;180;2337.0;0.2337;32718;Rural;Público;ACTIVO;No;No;No;No;No;No;No;Recuperación;2022;Resolución N.° 00054-2022-OEFA/DSIS
38732;7584838-anexo-ii-5.xlsx;296;50110;Ayacucho;Huamanga;San Juan Bautista;Por determinar;Por Determinar;UF0019098;Huatatas;18;587290.52;8543033.88;424;8238.0;0.8238;123570;Urbano;Público;ACTIVO;No;No;No;No;No;No;No;Recuperación;2022;Resolución N.° 00054-2022-OEFA/DSIS
38733;7584838-anexo-ii-5.xlsx;297;50110;Ayacucho;Huamanga;San Juan Bautista;Por determinar;Por Determinar;UF0019101;Yanama 1;18;586515.21;8541101.65;818;23959.28;2.395928;1150045.44;Rural;Público;ACTIVO;No;No;No;No;No;No;No;Recuperación;2022;Resolución N.° 00054-2022-OEFA/DSIS
38734;7584838-anexo-ii-5.xlsx;298;50110;Ayacucho;Huamanga;San Juan Bautista;Por determinar;Por Determinar;UF0019102;Yanama 2;18;585224.19;8540071.33;490.55;1621.54;0.162154;2270.15;Rural;Público;ACTIVO;No;No;No;No;No;No;No;Recuperación;2022;Resolución N.° 00054-2022-OEFA/DSIS
38735;7584838-anexo-ii-5.xlsx;299;50113;Ayacucho;Huamanga;Tambillo;Por determinar;Por Determinar;UF0019093;Tambillo 1;18;588089.0;8545194.00012;509.26;13277.2;1.32772;411587;Rural;Privado;ACTIVO;No;No;No;No;No;No;No;Recuperación;2022;Resolución N.° 00054-2022-OEFA/DSIS
38736;7584838-anexo-ii-5.xlsx;300;50113;Ayacucho;Huamanga;Tambillo;Por determinar;Por Determinar;UF0019094;Tambillo 2;18;588140.023859;8545279.47691;391.4;2240.41;0.224041;6721.23;Rural;Público;ACTIVO;No;No;No;No;No;No;No;Recuperación;2022;Resolución N.° 00054-2022-OEFA/DSIS
38737;7584838-anexo-ii-5.xlsx;301;50408;Ayacucho;Huanta;Llochegua;Por determinar;Por Determinar;UF0018069;Llochegua;18;619097.0;8628224;749;6078.0;0.6078;1215;Rural;Público;ACTIVO;No;No;No;No;No;No;No;Recuperación;2022;Resolución N.° 00054-2022-OEFA/DSIS
38738;7584838-anexo-ii-5.xlsx;302;50405;Ayacucho;Huanta;Luricocha;Por determinar;Por Determinar;UF0018061;Luricocha 1;18;574473.0;8574503;205;1511.0;0.1511;1511;Rural;Público;ACTIVO;No;No;No;No;No;No;No;Recuperación;2022;Resolución N.° 00054-2022-OEFA/DSIS
38739;7584838-anexo-ii-5.xlsx;303;50405;Ayacucho;Huanta;Luricocha;Por determinar;Por Determinar;UF0018062;Luricocha 2;18;574601.0;8574471;82;209.0;0.0209;314;Rural;Público;ACTIVO;No;No;No;No;No;No;No;Recuperación;2022;Resolución N.° 00054-2022-OEFA/DSIS
38740;7584838-anexo-ii-5.xlsx;304;50405;Ayacucho;Huanta;Luricocha;Por determinar;Por Determinar;UF0034314;Luricocha 3;18;575051.0;8574276;686;25966.0;2.5966;5193;Rural;Público;ACTIVO;Si;No;No;No;No;No;No;Recuperación;2022;Resolución N.° 00054-2022-OEFA/DSIS
38741;7584838-anexo-ii-5.xlsx;305;50405;Ayacucho;Huanta;Luricocha;Por determinar;Por Determinar;UF0018063;Luricocha 4;18;575144.0;8572554;334;5069.0;0.5069;7604;Rural;Privado;ACTIVO;No;No;No;No;No;No;No;Recuperación;2022;Resolución N.° 00054-2022-OEFA/DSIS
38742;7584838-anexo-ii-5.xlsx;306;50405;Ayacucho;Huanta;Luricocha;Por determinar;Por Determinar;UF0018064;Luricocha 5;18;575180.0;8572180;243;3954.0;0.3954;3954;Rural;Privado;ACTIVO;No;No;No;No;No;No;No;Recuperación;2022;Resolución N.° 00054-2022-OEFA/DSIS
38743;7584838-anexo-ii-5.xlsx;307;50405;Ayacucho;Huanta;Luricocha;Por determinar;Por Determinar;UF0018065;Luricocha 6;18;576350.0;8571742;97;565.0;0.0565;170;Rural;Privado;ACTIVO;No;No;No;No;No;No;No;Recuperación;2022;Resolución N.° 00054-2022-OEFA/DSIS
38744;7584838-anexo-ii-5.xlsx;308;50405;Ayacucho;Huanta;Luricocha;Por determinar;Por Determinar;UF0018066;Luricocha 7;18;577896.0;8572196;226;806.0;0.0806;403;Rural;Público;ACTIVO;No;No;No;No;No;No;No;Recuperación;2022;Resolución N.° 00054-2022-OEFA/DSIS
38745;7584838-anexo-ii-5.xlsx;309;50701;Ayacucho;Parinacochas;Coracora;Por determinar;Por Determinar;UF0018067;Coracora;18;630333.0;8337613;87.8;849.0;0.0849;225;Rural;Público;ACTIVO;No;No;No;No;No;No;No;Recuperación;2022;Resolución N.° 00054-2022-OEFA/DSIS
38746;7584838-anexo-ii-5.xlsx;310;51002;Ayacucho;Victor Fajardo;Alcamenca;Por determinar;Por Determinar;UF0018059;Alcamenca;18;594611.0;8491789;242;653.0;0.0653;653;Rural;Público;ACTIVO;No;No;No;No;No;No;No;Recuperación;2022;Resolución N.° 00054-2022-OEFA/DSIS
38747;7584838-anexo-ii-5.xlsx;311;51101;Ayacucho;Vilcas Huaman;Vilcas Huaman;Por determinar;Por Determinar;UF0019103;Quebrada Yuracyaccu;18;613429.97;8490932.42;174;622.0;0.0622;3110;Urbano;Público;ACTIVO;No;No;No;No;No;No;No;Recuperación;2022;Resolución N.° 00054-2022-OEFA/DSIS
38748;7584838-anexo-ii-5.xlsx;312;51101;Ayacucho;Vilcas Huaman;Vilcas Huaman;Por determinar;Por Determinar;UF0019104;Yuracyaccu;18;615240.06;8491952.26;220;1479.0;0.1479;4437;Urbano;Público;ACTIVO;No;No;No;No;No;No;No;Recuperación;2022;Resolución N.° 00054-2022-OEFA/DSIS
38749;7584838-anexo-ii-5.xlsx;313;51101;Ayacucho;Vilcas Huaman;Vilcas Huaman;Por determinar;Por Determinar;UF0019105;Vilcashuaman 1;18;614178.210508;8490991.873615;182;1759.0;0.1759;4397.5;Rural;Privado;ACTIVO;No;No;No;No;No;No;No;Recuperación;2022;Resolución N.° 00054-2022-OEFA/DSIS
38750;7584838-anexo-ii-5.xlsx;314;51101;Ayacucho;Vilcas Huaman;Vilcas Huaman;Por determinar;Por Determinar;UF0019106;Vilcashuaman 2;18;614316.0;8491048;178;1207.0;0.1207;6035;Rural;Privado;ACTIVO;No;No;No;No;No;No;No;Recuperación;2022;Resolución N.° 00054-2022-OEFA/DSIS
38751;7584838-anexo-ii-5.xlsx;315;51101;Ayacucho;Vilcas Huaman;Vilcas Huaman;Por determinar;Por Determinar;UF0019107;Vilcashuaman 3;18;614509.0;8490899;182;1759.0;0.1759;4397.5;Rural;Privado;ACTIVO;No;No;No;No;No;No;No;Recuperación;2022;Resolución N.° 00054-2022-OEFA/DSIS
38752;7584838-anexo-ii-5.xlsx;316;51101;Ayacucho;Vilcas Huaman;Vilcas Huaman;Por determinar;Por Determinar;UF0019108;Vilcashuaman 4;18;613294.99;8489540.89;155;1089.0;0.1089;2289;Rural;Privado;ACTIVO;No;No;No;No;No;No;No;Recuperación;2022;Resolución N.° 00054-2022-OEFA/DSIS
38753;7584838-anexo-ii-5.xlsx;317;60101;Cajamarca;Cajamarca;Cajamarca;Por determinar;Por Determinar;UF0035638;Puente Venecia;17;775134.0;9209803;557;2558.0;0.2558;1279;Urbano;Público;ACTIVO;No;No;No;No;No;No;No;Recuperación;2022;Resolución N.° 00054-2022-OEFA/DSIS
38754;7584838-anexo-ii-5.xlsx;318;60101;Cajamarca;Cajamarca;Cajamarca;Por determinar;Por Determinar;UF0035639;Cajamarca;17;775394.0;9209697;393;1589.0;0.1589;2383.5;Urbano;Público;ACTIVO;No;No;No;No;No;No;No;Recuperación;2022;Resolución N.° 00054-2022-OEFA/DSIS
38755;7584838-anexo-ii-5.xlsx;319;60101;Cajamarca;Cajamarca;Cajamarca;Por determinar;Por Determinar;UF0035640;Puente Moyococha;17;774083.0;9209581;278;631.0;0.0631;315.5;Urbano;Público;ACTIVO;No;No;No;No;No;No;No;Recuperación;2022;Resolución N.° 00054-2022-OEFA/DSIS
38756;7584838-anexo-ii-5.xlsx;320;60101;Cajamarca;Cajamarca;Cajamarca;Por determinar;Por Determinar;UF0035634;Cajamarca 1;17;775497.0;9202741;158;345.0;0.0345;862.5;Rural;Público;ACTIVO;No;No;No;No;No;No;No;Recuperación;2022;Resolución N.° 00054-2022-OEFA/DSIS
38757;7584838-anexo-ii-5.xlsx;321;60106;Cajamarca;Cajamarca;Jesus;Por determinar;Por Determinar;UF0035635;Jesus 5;17;791261.0;9196535;80.5;96.9;0.00969;87.21;Rural;Público;ACTIVO;No;No;No;No;No;No;No;Recuperación;2022;Resolución N.° 00054-2022-OEFA/DSIS
38758;7584838-anexo-ii-5.xlsx;322;60108;Cajamarca;Cajamarca;Los baños del Inca;Por determinar;Por Determinar;UF0035637;Cerrillo;17;777136.0;9211182;2424;107585.0;10.7585;215170;Rural;Público;ACTIVO;No;No;No;No;No;No;No;Recuperación;2022;Resolución N.° 00018-2022-OEFA/DSIS
38759;7584838-anexo-ii-5.xlsx;323;60109;Cajamarca;Cajamarca;Magdalena;Por determinar;Por Determinar;-;Magdalena 1 ;17;755389.72;9200183.55;204;1816.0;0.1816;4540;Rural;Público;ACTIVO;No;No;No;No;No;No;No;Recuperación;2022;Resolución N.° 00018-2022-OEFA/DSIS
38760;7584838-anexo-ii-5.xlsx;324;60110;Cajamarca;Cajamarca;Matara;Por determinar;Por Determinar;UF0035636;Matara 1 ;17;802127.0;9196523;40.2;98.9;0.009890000000000001;247.25;Rural;Público;ACTIVO;No;No;No;No;No;No;No;Recuperación;2022;Resolución N.° 00054-2022-OEFA/DSIS
38761;7584838-anexo-ii-5.xlsx;325;60301;Cajamarca;Celendin;Celendin;Por determinar;Por Determinar;UF0018148;Paclla;17;813594.0;9244474;117;497.0;0.0497;198.8;Rural;Privado;ACTIVO;No;No;No;No;No;No;No;Recuperación;2022;Resolución N.° 00054-2022-OEFA/DSIS
38762;7584838-anexo-ii-5.xlsx;326;60301;Cajamarca;Celendin;Celendin;Por determinar;Por Determinar;UF0018149;Paclla 1;17;814051.0;9244075;72.7;325.0;0.0325;97.5;Rural;Privado;ACTIVO;No;No;No;No;No;No;No;Recuperación;2022;Resolución N.° 00054-2022-OEFA/DSIS
38763;7584838-anexo-ii-5.xlsx;327;60301;Cajamarca;Celendin;Celendin;Por determinar;Por Determinar;UF0018150;Paclla 2;17;814232.0;9243863;96.7;365.0;0.0365;292;Rural;Privado;ACTIVO;No;No;No;No;No;No;No;Recuperación;2022;Resolución N.° 00018-2022-OEFA/DSIS
38764;7584838-anexo-ii-5.xlsx;328;60301;Cajamarca;Celendin;Celendin;Por determinar;Por Determinar;UF0018151;Paclla 3;17;814252.0;9243746;167;1196.0;0.1196;837.2;Rural;Privado;ACTIVO;No;No;No;No;No;No;No;Recuperación;2022;Resolución N.° 00018-2022-OEFA/DSIS
38765;7584838-anexo-ii-5.xlsx;329;60301;Cajamarca;Celendin;Celendin;Por determinar;Por Determinar;UF0018152;Paclla 4;17;814300.0;9243609;118;704.0;0.0704;422.4;Rural;Privado;NO ACTIVO;No;No;No;No;No;No;No;Recuperación;2022;Resolución N.° 00018-2022-OEFA/DSIS
38766;7584838-anexo-ii-5.xlsx;330;60301;Cajamarca;Celendin;Celendin;Por determinar;Por Determinar;UF0018153;Celendin 1;17;816777.0;9238628;65.9;166.0;0.0166;83;Rural;Privado;ACTIVO;No;No;No;No;No;No;No;Recuperación;2022;Resolución N.° 00018-2022-OEFA/DSIS
38767;7584838-anexo-ii-5.xlsx;331;60301;Cajamarca;Celendin;Celendin;Por determinar;Por Determinar;UF0018154;Celendin 2;17;816645.0;9238465;162;1291.0;0.1291;516.4;Rural;Privado;ACTIVO;No;No;No;No;No;No;No;Recuperación;2022;Resolución N.° 00018-2022-OEFA/DSIS
38768;7584838-anexo-ii-5.xlsx;332;60301;Cajamarca;Celendin;Celendin;Por determinar;Por Determinar;UF0018155;Celendin 3;17;816520.0;9237870;62;233.0;0.0233;116.5;Rural;Privado;ACTIVO;No;No;No;No;No;No;No;Recuperación;2022;Resolución N.° 00018-2022-OEFA/DSIS
38769;7584838-anexo-ii-5.xlsx;333;60301;Cajamarca;Celendin;Celendin;Por determinar;Por Determinar;UF0018156;Celendin 4;17;816539.0;9237774;127;571.0;0.0571;571;Rural;Público;ACTIVO;No;No;No;No;No;No;No;Recuperación;2022;Resolución N.° 00018-2022-OEFA/DSIS
38770;7584838-anexo-ii-5.xlsx;334;60301;Cajamarca;Celendin;Celendin;Por determinar;Por Determinar;UF0035200;Celendin 5;17;813886.01;9244448.27;51;116.0;0.0116;98.6;Rural;Público;ACTIVO;No;No;No;No;No;No;No;Recuperación;2022;Resolución N.° 00054-2022-OEFA/DSIS
38771;7584838-anexo-ii-5.xlsx;335;60308;Cajamarca;Celendin;Oxamarca;Por determinar;Por Determinar;UF0018146;Oxamarca 1;17;823790.0;9220804;95.6;416.0;0.0416;1248;Rural;Público;NO ACTIVO;No;No;No;No;No;No;No;Recuperación;2022;Resolución N.° 00018-2022-OEFA/DSIS
38772;7584838-anexo-ii-5.xlsx;336;60308;Cajamarca;Celendin;Oxamarca;Por determinar;Por Determinar;UF0018147;Oxamarca 2;17;823837.0;9220742;147;683.0;0.0683;2049;Rural;Privado;ACTIVO;No;No;No;No;No;No;No;Recuperación;2022;Resolución N.° 00018-2022-OEFA/DSIS
38773;7584838-anexo-ii-5.xlsx;337;60309;Cajamarca;Celendin;Sorochuco;Por determinar;Por Determinar;UF0035201;Sorochuco 1;17;803679.0;9235097;107;653.0;0.0653;914.2;Rural;Público;ACTIVO;No;No;No;No;No;No;No;Recuperación;2022;Resolución N.° 00054-2022-OEFA/DSIS
38774;7584838-anexo-ii-5.xlsx;338;60401;Cajamarca;Chota;Chota;Por determinar;Por Determinar;UF0018158;Chota 1;17;758870.0;9273596;696;3663.0;0.3663;3663;Rural;Privado;ACTIVO;No;No;No;No;No;No;No;Recuperación;2022;Resolución N.° 00018-2022-OEFA/DSIS
38775;7584838-anexo-ii-5.xlsx;339;60401;Cajamarca;Chota;Chota;Por determinar;Por Determinar;UF0018159;Chota 2;17;758435.0;9273993;841;2774.0;0.2774;927078;Rural;Privado;ACTIVO;No;No;No;No;No;No;No;Recuperación;2022;Resolución N.° 00018-2022-OEFA/DSIS
38776;7584838-anexo-ii-5.xlsx;340;60401;Cajamarca;Chota;Chota;Por determinar;Por Determinar;UF0018160;Chota 3;17;757692.0;9275864;247;871.0;0.0871;1045.2;Rural;Público;ACTIVO;No;No;No;No;No;No;No;Recuperación;2022;Resolución N.° 00018-2022-OEFA/DSIS
38777;7584838-anexo-ii-5.xlsx;341;60401;Cajamarca;Chota;Chota;Por determinar;Por Determinar;UF0018161;Conga Blanca;17;761475.0;9273852;411;1721.0;0.1721;1721;Rural;Público;ACTIVO;No;No;No;No;No;No;No;Recuperación;2022;Resolución N.° 00018-2022-OEFA/DSIS
38778;7584838-anexo-ii-5.xlsx;342;60407;Cajamarca;Chota;Cochabamba;Por determinar;Por Determinar;UF0035202;Cochabamba 1;17;734013.0;9284146;75.1;198.0;0.0198;237.6;Urbano;Público;ACTIVO;No;No;No;No;No;No;No;Recuperación;2022;Resolución N.° 00054-2022-OEFA/DSIS
38779;7584838-anexo-ii-5.xlsx;343;60411;Cajamarca;Chota;Llama;Por determinar;Por Determinar;UF0018157;Llama;17;706809.0;9280335;110;438.0;0.0438;262.8;Rural;Público;ACTIVO;No;Si;No;No;No;No;No;Recuperación;2022;Resolución N.° 00018-2022-OEFA/DSIS
38780;7584838-anexo-ii-5.xlsx;344;60417;Cajamarca;Chota;Tacabamba;Por determinar;Por Determinar;UF0018162;Aviación;17;764373.0;9292415;332;4492.0;0.4492;6738;Urbano;Privado;ACTIVO;No;No;No;No;No;No;No;Recuperación;2022;Resolución N.° 00018-2022-OEFA/DSIS
38781;7584838-anexo-ii-5.xlsx;345;60502;Cajamarca;Contumaza;Chilete;Por determinar;Por Determinar;UF0035205;Chilete 1 ;17;739287.0;9200622;235;2005.0;0.2005;3408.5;Urbano;Público;ACTIVO;No;No;No;No;No;No;No;Recuperación;2022;Resolución N.° 00054-2022-OEFA/DSIS
38782;7584838-anexo-ii-5.xlsx;346;60501;Cajamarca;Contumaza;Contumaza;Por determinar;Por Determinar;UF0035203;Contumaza 1;17;742240.1;9185065.37;35.9;93.2;0.00932;121.16;Rural;Público;ACTIVO;No;No;No;No;No;No;No;Recuperación;2022;Resolución N.° 00054-2022-OEFA/DSIS
38783;7584838-anexo-ii-5.xlsx;347;60501;Cajamarca;Contumaza;Contumaza;Por determinar;Por Determinar;UF0035204;Contumaza 2;17;742320.57;9186074.44;114;191.0;0.0191;382;Rural;Público;ACTIVO;No;No;No;No;No;No;No;Recuperación;2022;Resolución N.° 00054-2022-OEFA/DSIS
38784;7584838-anexo-ii-5.xlsx;348;60508;Cajamarca;Contumaza;Yonan;Por determinar;Por Determinar;UF0018204;Peña Blanca 2;17;704035.0;9200823;51.8;104.0;0.0104;124.8;Rural;Público;ACTIVO;No;No;No;No;No;No;No;Recuperación;2022;Resolución N.° 00018-2022-OEFA/DSIS
38785;7584838-anexo-ii-5.xlsx;349;60508;Cajamarca;Contumaza;Yonan;Por determinar;Por Determinar;UF0018205;Botadero;17;704811.0;9200204;142;250.0;0.025;500;Rural;Privado;NO ACTIVO;No;No;No;No;No;No;No;Recuperación;2022;Resolución N.° 00018-2022-OEFA/DSIS
38786;7584838-anexo-ii-5.xlsx;350;60508;Cajamarca;Contumaza;Yonan;Por determinar;Por Determinar;UF0018206;Yonan 1;17;705508.0;9198892;230;2026.0;0.2026;1013;Rural;Privado;ACTIVO;No;No;No;No;No;No;No;Recuperación;2022;Resolución N.° 00018-2022-OEFA/DSIS
38787;7584838-anexo-ii-5.xlsx;351;60508;Cajamarca;Contumaza;Yonan;Por determinar;Por Determinar;UF0018207;Yonan 2;17;705659.0;9198655;427;2832.0;0.2832;849.6;Rural;Privado;ACTIVO;No;No;No;No;No;No;No;Recuperación;2022;Resolución N.° 00018-2022-OEFA/DSIS
38788;7584838-anexo-ii-5.xlsx;352;60601;Cajamarca;Cutervo;Cutervo;Por determinar;Por Determinar;UF0035645;La Shintuca;17;742533.0;9295616;138;960.0;0.096;2400;Rural;Privado;ACTIVO;No;No;No;No;No;No;No;Recuperación;2022;Resolución N.° 00018-2022-OEFA/DSIS
38789;7584838-anexo-ii-5.xlsx;353;60601;Cajamarca;Cutervo;Cutervo;Por determinar;Por Determinar;UF0035646;3 Cruces;17;742564.0;9295393;183;721.0;0.0721;216.3;Urbano;Público;ACTIVO;No;No;No;No;No;No;No;Recuperación;2022;Resolución N.° 00018-2022-OEFA/DSIS
38790;7584838-anexo-ii-5.xlsx;354;60605;Cajamarca;Cutervo;La Ramada;Por determinar;Por Determinar;UF0035643;La Ramada 3;17;768679.0;9307533;56.8;161.0;0.0161;144.9;Rural;Público;ACTIVO;No;No;No;No;No;No;No;Recuperación;2022;Resolución N.° 00054-2022-OEFA/DSIS
38791;7584838-anexo-ii-5.xlsx;355;60614;Cajamarca;Cutervo;Socota;Por determinar;Por Determinar;UF0035644;Socota 1;17;754428.0;9300605;94.4;487.0;0.0487;681.8;Rural;Público;ACTIVO;No;No;No;No;No;No;No;Recuperación;2022;Resolución N.° 00054-2022-OEFA/DSIS
38792;7584838-anexo-ii-5.xlsx;356;60701;Cajamarca;Hualgayoc;Bambamarca;Por determinar;Por Determinar;UF0018174;Bambamarca 1;17;774190.0;9259396;241;1665.0;0.1665;2997;Rural;Privado;ACTIVO;No;No;No;No;No;No;No;Recuperación;2022;Resolución N.° 00018-2022-OEFA/DSIS
38793;7584838-anexo-ii-5.xlsx;357;60701;Cajamarca;Hualgayoc;Bambamarca;Por determinar;Por Determinar;UF0018175;Chala;17;775380.0;9261719;241;386.0;0.0386;72;Rural;Privado;ACTIVO;No;No;No;No;No;No;No;Recuperación;2022;Resolución N.° 00018-2022-OEFA/DSIS
38794;7584838-anexo-ii-5.xlsx;358;60701;Cajamarca;Hualgayoc;Bambamarca;Por determinar;Por Determinar;UF0018177;Bambamarca 2;17;775011.0;9261733;189;728.0;0.0728;218.4;Rural;Privado;ACTIVO;No;No;No;No;No;No;No;Recuperación;2022;Resolución N.° 00018-2022-OEFA/DSIS
38795;7584838-anexo-ii-5.xlsx;359;60703;Cajamarca;Hualgayoc;Hualgayoc;Por determinar;Por Determinar;UF0035206;Hualgalloc;17;765375.0;9251959;499;7675.0;0.7675;3837.5;Rural;Público;ACTIVO;No;No;No;No;No;No;No;Recuperación;2022;Resolución N.° 00018-2022-OEFA/DSIS
38796;7584838-anexo-ii-5.xlsx;360;60801;Cajamarca;Jaen;Jaen;Por determinar;Por Determinar;UF0035652;Sargento Lorez 1;17;744936.0;9362808;138;959.0;0.0959;575.4;Urbano;Privado;ACTIVO;No;No;No;No;No;No;No;Recuperación;2022;Resolución N.° 00018-2022-OEFA/DSIS
38797;7584838-anexo-ii-5.xlsx;361;60801;Cajamarca;Jaen;Jaen;Por determinar;Por Determinar;UF0035653;Sargento Lorez 2;17;745204.0;9362844;520;7373.0;0.7373;29492;Urbano;Privado;ACTIVO;No;No;No;No;No;No;No;Recuperación;2022;Resolución N.° 00018-2022-OEFA/DSIS
38798;7584838-anexo-ii-5.xlsx;362;60801;Cajamarca;Jaen;Jaen;Por determinar;Por Determinar;UF0035654;La Pradera;17;743980.0;9369483;1203;47727.0;4.7727;143181;Rural;Privado;ACTIVO;No;No;No;No;No;No;No;Recuperación;2022;Resolución N.° 00018-2022-OEFA/DSIS
38799;7584838-anexo-ii-5.xlsx;363;60801;Cajamarca;Jaen;Jaen;Por determinar;Por Determinar;UF0035655;El Parral;17;741511.0;9368039;418;9701.0;0.9701;14551.5;Urbano;Privado;NO ACTIVO;No;No;No;No;No;No;No;Recuperación;2022;Resolución N.° 00018-2022-OEFA/DSIS
38800;7584838-anexo-ii-5.xlsx;364;60808;Cajamarca;Jaen;Pucara;Por determinar;Por Determinar;UF0035649;Pucara 1;17;706180.1;9333169.47;46.1;118.0;0.0118;94.4;Rural;Público;ACTIVO;No;No;No;No;No;No;No;Recuperación;2022;Resolución N.° 00054-2022-OEFA/DSIS
38801;7584838-anexo-ii-5.xlsx;365;60808;Cajamarca;Jaen;Pucara;Por determinar;Por Determinar;UF0035650;Pucara 2;17;705256.73;9333916.68;274;975.0;0.0975;1608.75;Rural;Público;ACTIVO;No;No;No;No;No;No;No;Recuperación;2022;Resolución N.° 00054-2022-OEFA/DSIS
38802;7584838-anexo-ii-5.xlsx;366;60808;Cajamarca;Jaen;Pucara;Por determinar;Por Determinar;UF0035651;Pucara 5;17;708253.83;9331192.2;42.8;113.0;0.0113;146.9;Rural;Público;ACTIVO;No;No;No;No;No;No;No;Recuperación;2022;Resolución N.° 00054-2022-OEFA/DSIS
38803;7584838-anexo-ii-5.xlsx;367;60902;Cajamarca;San Ignacio;Chirinos;Por determinar;Por Determinar;UF0035207;Chirinos 1;17;732794.0;9412941;142;1016.0;0.1016;1524;Rural;Público;ACTIVO;No;No;No;No;No;No;No;Recuperación;2022;Resolución N.° 00054-2022-OEFA/DSIS
38804;7584838-anexo-ii-5.xlsx;368;60902;Cajamarca;San Ignacio;Chirinos;Por determinar;Por Determinar;UF0035208;Huarango 3;17;743877.1;9411867.16;71.5;161.0;0.0161;92.95;Rural;Público;ACTIVO;No;No;No;No;No;No;No;Recuperación;2022;Resolución N.° 00054-2022-OEFA/DSIS
38805;7584838-anexo-ii-5.xlsx;369;60905;Cajamarca;San Ignacio;Namballe;Por determinar;Por Determinar;UF0018193;Namballe;17;710907.0;9448500;102;395.0;0.0395;592.5;Rural;Privado;ACTIVO;No;No;No;No;No;No;No;Recuperación;2022;Resolución N.° 00018-2022-OEFA/DSIS
38806;7584838-anexo-ii-5.xlsx;370;60901;Cajamarca;San Ignacio;San Ignacio;Por determinar;Por Determinar;UF0018192;San Ignacio;17;724393.0;9431176;68.9;238.0;0.0238;95.2;Rural;Público;ACTIVO;No;No;No;No;No;No;No;Recuperación;2022;Resolución N.° 00018-2022-OEFA/DSIS
38807;7584838-anexo-ii-5.xlsx;371;61001;Cajamarca;San Marcos;Pedro Galvez;Por determinar;Por Determinar;UF0018145;Pedro Galvez;17;813682.0;9188051;4307;55731.0;5.5731;139327;Urbano;Privado;ACTIVO;No;Si;No;No;No;No;No;Recuperación;2022;Resolución N.° 00018-2022-OEFA/DSIS
38808;7584838-anexo-ii-5.xlsx;372;61103;Cajamarca;San Miguel;Calquis;Por determinar;Por Determinar;UF0035656;Calquis 1 ;17;737453.0;9228912;40.9;86.8;0.00868;147.56;Urbano;Público;ACTIVO;No;No;No;No;No;No;No;Recuperación;2022;Resolución N.° 00054-2022-OEFA/DSIS
38809;7584838-anexo-ii-5.xlsx;373;61105;Cajamarca;San Miguel;El Prado;Por determinar;Por Determinar;UF0035657;El Prado 1;17;721952.13;9221117.84;91.4;360.0;0.036;612;Rural;Público;ACTIVO;No;No;No;No;No;No;No;Recuperación;2022;Resolución N.° 00054-2022-OEFA/DSIS
38810;7584838-anexo-ii-5.xlsx;374;61202;Cajamarca;San Pablo;San Bernardino;Por determinar;Por Determinar;UF0035658;San Bernardino 1;17;739482.0;9207040;84.3;315.0;0.0315;204;Rural;Público;ACTIVO;No;No;No;No;No;No;No;Recuperación;2022;Resolución N.° 00054-2022-OEFA/DSIS
38811;7584838-anexo-ii-5.xlsx;375;61305;Cajamarca;Santa Cruz;La Esperanza;Por determinar;Por Determinar;UF0018197;La Esperanza;17;740787.0;9263433;100;253.0;0.0253;50.6;Rural;Público;ACTIVO;No;No;No;No;No;No;No;Recuperación;2022;Resolución N.° 00018-2022-OEFA/DSIS
38812;7584838-anexo-ii-5.xlsx;376;61301;Cajamarca;Santa Cruz;Santa Cruz;Por determinar;Por Determinar;UF0018194;Santa Cruz;17;726101.0;9268160;1139;5639.0;0.5639;22556;Rural;Público;ACTIVO;No;No;No;No;No;No;No;Recuperación;2022;Resolución N.° 00018-2022-OEFA/DSIS
38813;7584838-anexo-ii-5.xlsx;377;61301;Cajamarca;Santa Cruz;Santa Cruz;Por determinar;Por Determinar;UF0018195;Santa Cruz 1;17;725443.0;9268259;205;1577.0;0.1577;473.1;Rural;Público;ACTIVO;No;No;No;No;No;No;No;Recuperación;2022;Resolución N.° 00018-2022-OEFA/DSIS
38814;7584838-anexo-ii-5.xlsx;378;61301;Cajamarca;Santa Cruz;Santa Cruz;Por determinar;Por Determinar;UF0018196;Quebrada Pueblo;17;727574.0;9266608;183;1256.0;0.1256;5024;Urbano;Privado;NO ACTIVO;No;No;No;No;No;No;No;Recuperación;2022;Resolución N.° 00018-2022-OEFA/DSIS
38815;7584838-anexo-ii-5.xlsx;379;61301;Cajamarca;Santa Cruz;Santa Cruz;Por determinar;Por Determinar;UF0035209;Santa Cruz 2;17;728408.0;9266969;559;4645.0;0.4645;6038.5;Rural;Público;ACTIVO;No;No;No;No;No;No;No;Recuperación;2022;Resolución N.° 00054-2022-OEFA/DSIS
38816;7584838-anexo-ii-5.xlsx;380;61309;Cajamarca;Santa Cruz;Sexi;Por determinar;Por Determinar;UF0035210;Sexi 1;17;715726.27;9274045.91;139;593.0;0.0593;1008.1;Urbano;Público;ACTIVO;No;No;No;No;No;No;No;Recuperación;2022;Resolución N.° 00054-2022-OEFA/DSIS
38817;7584838-anexo-ii-5.xlsx;381;61311;Cajamarca;Santa Cruz;Yauyucan;Por determinar;Por Determinar;UF0018198;Yauyucan;17;741243.0;9261688;91.8;365.0;0.0365;109.5;Urbano;Público;ACTIVO;No;No;No;No;No;No;No;Recuperación;2022;Resolución N.° 00018-2022-OEFA/DSIS
38818;7584838-anexo-ii-5.xlsx;382;70101;Callao;Callao;Callao;Por determinar;Por Determinar;UF0018904;Delta Del Río Chillón 2;18;267154.0;8679118;454;964.0;0.0964;482;Urbano;Público;ACTIVO;Si;Si;No;No;No;No;No;Recuperación;2022;Resolución N.° 00018-2022-OEFA/DSIS
38819;7584838-anexo-ii-5.xlsx;383;70101;Callao;Callao;Callao;Por determinar;Por Determinar;UF0018908;Del Villar Magdalena;18;265894.0;8665138;503;8041.0;0.8041;16082;Urbano;Privado;ACTIVO;No;Si;No;No;No;No;No;Recuperación;2022;Resolución N.° 00018-2022-OEFA/DSIS
38820;7584838-anexo-ii-5.xlsx;384;70101;Callao;Callao;Callao;Por determinar;Por Determinar;UF0018910;Av. Morales Duárez;18;269593.0;8668138;132;784.0;0.0784;1176;Urbano;Público;ACTIVO;No;Si;No;No;No;No;No;Recuperación;2022;Resolución N.° 00018-2022-OEFA/DSIS
38821;7584838-anexo-ii-5.xlsx;385;70101;Callao;Callao;Callao;Por determinar;Por Determinar;UF0018905;Callao 1;18;268512.0;8668388;125;824.0;0.0824;1236;Urbano;Público;ACTIVO;No;Si;No;No;No;No;No;Recuperación;2022;Resolución N.° 00018-2022-OEFA/DSIS
38822;7584838-anexo-ii-5.xlsx;386;70101;Callao;Callao;Callao;Por determinar;Por Determinar;UF0018906;Callao 2;18;270809.0;8667989;42;119.0;0.0119;35.7;Urbano;Público;ACTIVO;Si;Si;No;No;No;No;No;Recuperación;2022;Resolución N.° 00018-2022-OEFA/DSIS
38823;7584838-anexo-ii-5.xlsx;387;70101;Callao;Callao;Callao;Por determinar;Por Determinar;UF0018907;Margen Derecha Del Rio Rimac;18;271377.0;8668176;117;215.0;0.0215;107.5;Urbano;Público;ACTIVO;Si;Si;No;No;No;No;No;Recuperación;2022;Resolución N.° 00018-2022-OEFA/DSIS
38824;7584838-anexo-ii-5.xlsx;388;70101;Callao;Callao;Callao;Por determinar;Por Determinar;UF0018211;Tiwinza;18;266718.0;8670121;2024;65995.0;6.5995;263980;Urbano;Privado;ACTIVO;No;Si;No;No;No;No;No;Recuperación;2022;Resolución N.° 00018-2022-OEFA/DSIS
38825;7584838-anexo-ii-5.xlsx;389;70101;Callao;Callao;Callao;Por determinar;Por Determinar;UF0018219;Callao 3;18;267396.0;8678032;1846;32240.0;3.224;48360;Urbano;Público;ACTIVO;No;Si;No;No;No;No;No;Recuperación;2022;Resolución N.° 00018-2022-OEFA/DSIS
38826;7584838-anexo-ii-5.xlsx;390;70101;Callao;Callao;Callao;Por determinar;Por Determinar;UF0018220;Callao 4;18;267691.0;8664818;1201;6063.0;0.6063;18189;Urbano;Privado;ACTIVO;No;Si;No;No;No;No;No;Recuperación;2022;Resolución N.° 00018-2022-OEFA/DSIS
38827;7584838-anexo-ii-5.xlsx;391;70101;Callao;Callao;Callao;Por determinar;Por Determinar;UF0018221;Sector Tiwinza II;18;266641.0;8670320;947;9301.0;0.9301;13951;Urbano;Público;ACTIVO;No;Si;No;No;No;No;No;Recuperación;2022;Resolución N.° 00018-2022-OEFA/DSIS
38828;7584838-anexo-ii-5.xlsx;392;70101;Callao;Callao;Callao;Por determinar;Por Determinar;UF0018222;Botadero 4;18;267626.0;8675549;871;38975.0;3.9;No precisa;Urbano;Público;ACTIVO;No;No;No;No;No;No;No;Recuperación;2022;Resolución N.° 00018-2022-OEFA/DSIS
38829;7584838-anexo-ii-5.xlsx;393;70101;Callao;Callao;Callao;Por determinar;Por Determinar;UF0018223;Botadero 9;18;267484.0;8675036;1110;69183.0;3.92;No precisa;Urbano;Público;ACTIVO;No;No;No;No;No;No;No;Recuperación;2022;Resolución N.° 00018-2022-OEFA/DSIS
38830;7584838-anexo-ii-5.xlsx;394;70101;Callao;Callao;Callao;Por determinar;Por Determinar;UF0035211;Callao 5;18;267617.15;8677086.44;1406;12261.0;1.2261;30652.5;Urbano;Público;ACTIVO;No;No;No;No;No;No;No;Recuperación;2022;Resolución N.° 00054-2022-OEFA/DSIS
38831;7584838-anexo-ii-5.xlsx;395;70101;Callao;Callao;Callao;Por determinar;Por Determinar;UF0035212;Callao 8;18;267348.06;8673606.13;1650;23817.0;2.3817;35725.5;Urbano;Público;ACTIVO;No;No;No;No;No;No;No;Recuperación;2022;Resolución N.° 00054-2022-OEFA/DSIS
38832;7584838-anexo-ii-5.xlsx;396;70101;Callao;Callao;Callao;Por determinar;Por Determinar;UF0035213;Callao 9;18;267194.44;8671907.45;714;6708.0;0.6708;14757.6;Urbano;Público;ACTIVO;No;No;No;No;No;No;No;Recuperación;2022;Resolución N.° 00054-2022-OEFA/DSIS
38833;7584838-anexo-ii-5.xlsx;397;70101;Callao;Callao;Callao;Por determinar;Por Determinar;UF0035214;Callao 10;18;267109.24;8671601.12;1211;13584.0;1.3584;16300.8;Urbano;Público;ACTIVO;No;No;No;No;No;No;No;Recuperación;2022;Resolución N.° 00054-2022-OEFA/DSIS
38834;7584838-anexo-ii-5.xlsx;398;70101;Callao;Callao;Callao;Por determinar;Por Determinar;UF0035215;Callao 11;18;267033.68;8671152.92;1366;27907.0;2.7907;78139.6;Urbano;Público;ACTIVO;No;No;No;No;No;No;No;Recuperación;2022;Resolución N.° 00054-2022-OEFA/DSIS
38835;7584838-anexo-ii-5.xlsx;399;70101;Callao;Callao;Callao;Por determinar;Por Determinar;UF0035216;Carmen de la Legua 2;18;271328.15;8668086.44;348;1418.0;0.1418;1134.4;Urbano;Público;ACTIVO;No;No;No;No;No;No;No;Recuperación;2022;Resolución N.° 00054-2022-OEFA/DSIS
38836;7584838-anexo-ii-5.xlsx;400;70101;Callao;Callao;Callao;Por determinar;Por Determinar;UF0035217;Carmen de la Legua 3;18;270714.9;8667929.61;132;328.0;0.0328;164;Urbano;Público;ACTIVO;No;No;No;No;No;No;No;Recuperación;2022;Resolución N.° 00054-2022-OEFA/DSIS
38837;7584838-anexo-ii-5.xlsx;401;70101;Callao;Callao;Callao;Por determinar;Por Determinar;UF0035218;Carmen de la Legua 4;18;270506.67;8667936.69;145;466.0;0.0466;139.8;Urbano;Público;ACTIVO;No;No;No;No;No;No;No;Recuperación;2022;Resolución N.° 00054-2022-OEFA/DSIS
38838;7584838-anexo-ii-5.xlsx;402;70101;Callao;Callao;Callao;Por determinar;Por Determinar;UF0035219;Carmen de la Legua 5;18;270122.4;8667997.97;267;781.0;0.0781;234.3;Urbano;Público;ACTIVO;No;No;No;No;No;No;No;Recuperación;2022;Resolución N.° 00054-2022-OEFA/DSIS
38839;7584838-anexo-ii-5.xlsx;403;70101;Callao;Callao;Callao;Por determinar;Por Determinar;UF0035220;Carmen de la Legua 8;18;271994.89;8668341.98;57.4;132.0;0.0132;92.4;Urbano;Público;ACTIVO;No;No;No;No;No;No;No;Recuperación;2022;Resolución N.° 00054-2022-OEFA/DSIS
38840;7584838-anexo-ii-5.xlsx;404;70101;Callao;Callao;Callao;Por determinar;Por Determinar;UF0035221;Carmen de la Legua 9;18;271823.91;8668302.99;52.3;120.0;0.012;36;Urbano;Público;ACTIVO;No;No;No;No;No;No;No;Recuperación;2022;Resolución N.° 00054-2022-OEFA/DSIS
38841;7584838-anexo-ii-5.xlsx;405;70101;Callao;Callao;Callao;Por determinar;Por Determinar;UF0035222;Carmen de la Legua 10;18;271647.76;8668266.78;145;613.0;0.0613;245.2;Urbano;Público;ACTIVO;No;No;No;No;No;No;No;Recuperación;2022;Resolución N.° 00054-2022-OEFA/DSIS
38842;7584838-anexo-ii-5.xlsx;406;70103;Callao;Callao;Carmen de La Legua Reynoso;Por determinar;Por Determinar;UF0018212;Carmen de La Legua Reynoso;18;272629.0;8668421;959;6092.0;0.6092;24368;Urbano;Público;ACTIVO;No;Si;No;No;No;No;No;Recuperación;2022;Resolución N.° 00018-2022-OEFA/DSIS
38843;7584838-anexo-ii-5.xlsx;407;70104;Callao;Callao;La Perla;Por determinar;Por Determinar;UF0018213;La Perla 1;18;267937.0;8664803;163;1434.0;0.1434;2151;Urbano;Privado;ACTIVO;No;Si;No;No;No;No;No;Recuperación;2022;Resolución N.° 00018-2022-OEFA/DSIS
38844;7584838-anexo-ii-5.xlsx;408;70104;Callao;Callao;La Perla;Por determinar;Por Determinar;UF0018214;La Perla 2;18;268133.0;8664686;721;3697.0;0.3697;5545;Urbano;Público;ACTIVO;No;Si;No;No;No;No;No;Recuperación;2022;Resolución N.° 00018-2022-OEFA/DSIS
38845;7584838-anexo-ii-5.xlsx;409;70104;Callao;Callao;La Perla;Por determinar;Por Determinar;UF0018215;La Perla 3;18;268313.0;8664622;170;886.0;0.0886;1329;Urbano;Privado;ACTIVO;No;Si;No;No;No;No;No;Recuperación;2022;Resolución N.° 00018-2022-OEFA/DSIS
38846;7584838-anexo-ii-5.xlsx;410;70106;Callao;Callao;Ventanilla;Por determinar;Por Determinar;UF0018208;Chillon 1;18;267720.0;8679506;1285;29530.0;2,95;58765;Urbano;Público;ACTIVO;No;No;No;No;No;No;No;Recuperación;2022;Resolución N.° 00018-2022-OEFA/DSIS
38847;7584838-anexo-ii-5.xlsx;411;70106;Callao;Callao;Ventanilla;Por determinar;Por Determinar;UF0018209;Pampa De Los Perros;18;269534.0;8678590;193;1302.0;0.1302;2995;Urbano;Público;ACTIVO;No;No;No;No;No;No;No;Recuperación;2022;Resolución N.° 00018-2022-OEFA/DSIS
38848;7584838-anexo-ii-5.xlsx;412;70106;Callao;Callao;Ventanilla;Por determinar;Por Determinar;UF0018210;Playa Los Delfines 1 ;18;264038.0;8688240;432;4257.0;0.4257;11494;Urbano;Público;ACTIVO;No;No;No;No;No;No;No;Recuperación;2022;Resolución N.° 00018-2022-OEFA/DSIS
38849;7584838-anexo-ii-5.xlsx;413;70106;Callao;Callao;Ventanilla;Por determinar;Por Determinar;UF0018909;La Playa;18;265570.0;8686765;772;30870.0;3.087;46305;Urbano;Público;ACTIVO;No;No;No;No;No;No;No;Recuperación;2022;Resolución N.° 00018-2022-OEFA/DSIS
38850;7584838-anexo-ii-5.xlsx;414;70106;Callao;Callao;Ventanilla;Por determinar;Por Determinar;UF0018912;Portada Villa El Sol;18;265946.0;8687039;2335;142464.0;14.2464;284928;Urbano;Privado;ACTIVO;No;Si;No;No;No;No;No;Recuperación;2022;Resolución N.° 00018-2022-OEFA/DSIS
38851;7584838-anexo-ii-5.xlsx;415;70106;Callao;Callao;Ventanilla;Por determinar;Por Determinar;UF0018913;Las Viñas;18;267632.0;8686273;2714;75789.0;7.5789;227637;Urbano;Público;ACTIVO;No;Si;No;No;No;No;No;Recuperación;2022;Resolución N.° 00018-2022-OEFA/DSIS
38852;7584838-anexo-ii-5.xlsx;416;70106;Callao;Callao;Ventanilla;Por determinar;Por Determinar;UF0018911;Valle Verde;18;266740.0;8685878;945;9041.0;0.9041;27123;Urbano;Público;ACTIVO;No;Si;No;No;No;No;Si;Recuperación;2022;Resolución N.° 00018-2022-OEFA/DSIS
38853;7584838-anexo-ii-5.xlsx;417;70106;Callao;Callao;Ventanilla;Por determinar;Por Determinar;UF0018216;Ventanilla 1;18;266850.0;8686884;140;701.0;0.0701;1051.5;Urbano;Privado;ACTIVO;No;Si;No;No;No;No;No;Recuperación;2022;Resolución N.° 00018-2022-OEFA/DSIS
38854;7584838-anexo-ii-5.xlsx;418;70106;Callao;Callao;Ventanilla;Por determinar;Por Determinar;UF0018217;Ventanilla 2;18;267183.0;8686291;325;874.0;0.0874;1311;Urbano;Público;ACTIVO;No;Si;No;No;No;No;No;Recuperación;2022;Resolución N.° 00018-2022-OEFA/DSIS
38855;7584838-anexo-ii-5.xlsx;419;70106;Callao;Callao;Ventanilla;Por determinar;Por Determinar;UF0018218;Ventanilla 3;18;266856.0;8686856;339;4958.0;0.4958;7437;Urbano;Privado;ACTIVO;No;Si;No;No;No;No;No;Recuperación;2022;Resolución N.° 00018-2022-OEFA/DSIS
38856;7584838-anexo-ii-5.xlsx;420;70106;Callao;Callao;Ventanilla;Por determinar;Por Determinar;UF0037036;Ventanilla 4;18;264344.0;8687898;381;8978.0;0.9;22445;Urbano;Privado;ACTIVO;No;No;No;No;No;No;No;Recuperación;2023;Resolución N° 00098-2023-OEFA/DSIS
38857;7584838-anexo-ii-5.xlsx;421;80201;Cusco;Acomayo;Acomayo;Por determinar;Por Determinar;UF0018251;Acomayo;19;209330.0;8458666;105;553.0;0.0553;664;Rural;Privado;ACTIVO;No;No;No;No;No;No;No;Recuperación;2022;Resolución N.° 00018-2022-OEFA/DSIS
38858;7584838-anexo-ii-5.xlsx;422;80202;Cusco;Acomayo;Acopia;Por determinar;Por Determinar;UF0018249;Accopia;19;231441.0;8442554;297;1431.0;0.1431;1073;Rural;Público;ACTIVO;No;No;No;No;No;No;No;Recuperación;2022;Resolución N.° 00018-2022-OEFA/DSIS
38859;7584838-anexo-ii-5.xlsx;423;80202;Cusco;Acomayo;Acopia;Por determinar;Por Determinar;UF0018250;Acopia;19;230073.0;8445493;228;598.0;0.0598;900;Rural;Público;ACTIVO;No;No;No;No;No;No;No;Recuperación;2022;Resolución N.° 00018-2022-OEFA/DSIS
38860;7584838-anexo-ii-5.xlsx;424;80301;Cusco;Anta;Anta;Por determinar;Por Determinar;UF0035803;Anta 01;18;810589.0;8509155.28;49;164.0;0.0164;115;Urbano;Público;NO ACTIVO;No;No;No;No;No;No;No;Recuperación;2022;Resolución N.° 00054-2022-OEFA/DSIS
38861;7584838-anexo-ii-5.xlsx;425;80301;Cusco;Anta;Anta;Por determinar;Por Determinar;UF0035804;Anta 04;18;809734.85;8509915.57;139;1179.0;0.1179;904;Urbano;Público;ACTIVO;No;No;No;No;No;No;No;Recuperación;2022;Resolución N.° 00054-2022-OEFA/DSIS
38862;7584838-anexo-ii-5.xlsx;426;80301;Cusco;Anta;Anta;Por determinar;Por Determinar;UF0035805;Anta 05;18;809629.98;8509795.59;91;456.0;0.0456;547;Urbano;Público;NO ACTIVO;No;No;No;No;No;No;No;Recuperación;2022;Resolución N.° 00054-2022-OEFA/DSIS
38863;7584838-anexo-ii-5.xlsx;427;80301;Cusco;Anta;Anta;Por determinar;Por Determinar;UF0035806;Anta 06;18;809492.09;8509826;38;92.0;0.0092;92;Urbano;Público;NO ACTIVO;No;No;No;No;No;No;No;Recuperación;2022;Resolución N.° 00054-2022-OEFA/DSIS
38864;7584838-anexo-ii-5.xlsx;428;80301;Cusco;Anta;Anta;Por determinar;Por Determinar;UF0035659;Anta 10;18;809448.57;8510002.66;35;88.0;0.0088;132;Urbano;Público;ACTIVO;No;No;No;No;No;No;No;Recuperación;2022;Resolución N.° 00054-2022-OEFA/DSIS
38865;7584838-anexo-ii-5.xlsx;429;80301;Cusco;Anta;Anta;Por determinar;Por Determinar;UF0035660;Anta 16;18;809845.0;8509845;56;148.0;0.0148;50;Urbano;Público;NO ACTIVO;No;No;No;No;No;No;No;Recuperación;2022;Resolución N.° 00054-2022-OEFA/DSIS
38866;7584838-anexo-ii-5.xlsx;430;80301;Cusco;Anta;Anta;Por determinar;Por Determinar;UF0035661;Anta 17;18;809592.2;8509804.4;49;154.0;0.0154;60;Urbano;Público;NO ACTIVO;No;No;No;No;No;No;No;Recuperación;2022;Resolución N.° 00054-2022-OEFA/DSIS
38867;7584838-anexo-ii-5.xlsx;431;80301;Cusco;Anta;Anta;Por determinar;Por Determinar;UF0035663;Anta 25;18;811648.69;8508289.79;48;117.0;0.0117;102;Urbano;Público;ACTIVO;No;No;No;No;No;No;No;Recuperación;2022;Resolución N.° 00054-2022-OEFA/DSIS
38868;7584838-anexo-ii-5.xlsx;432;80308;Cusco;Anta;Pucyura;Por determinar;Por Determinar;UF0035662;Anta 24;18;813078.0;8507807;58;176.0;0.0176;95;Urbano;Público;ACTIVO;No;No;No;No;No;No;No;Recuperación;2022;Resolución N.° 00054-2022-OEFA/DSIS
38869;7584838-anexo-ii-5.xlsx;433;80401;Cusco;Calca;Calca;Por determinar;Por Determinar;UF0018300;Calca 1;19;179254.0;8525531;133;962.0;0.0962;1350;Urbano;Privado;ACTIVO;No;No;No;No;No;No;No;Recuperación;2022;Resolución N.° 00018-2022-OEFA/DSIS
38870;7584838-anexo-ii-5.xlsx;434;80401;Cusco;Calca;Calca;Por determinar;Por Determinar;UF0018301;Calca 2;19;178447.0;8525162;434;10710.0;1.071;2000;Urbano;Privado;ACTIVO;No;No;No;No;No;No;No;Recuperación;2022;Resolución N.° 00018-2022-OEFA/DSIS
38871;7584838-anexo-ii-5.xlsx;435;80401;Cusco;Calca;Calca;Por determinar;Por Determinar;UF0018302;Calca 3;19;178110.0;8525013;100;354.0;0.0354;670;Urbano;Privado;ACTIVO;No;No;No;No;No;No;No;Recuperación;2022;Resolución N.° 00018-2022-OEFA/DSIS
38872;7584838-anexo-ii-5.xlsx;436;80401;Cusco;Calca;Calca;Por determinar;Por Determinar;UF0018303;Calca 4;19;180141.0;8524333;152;1459.0;0.1459;2100;Urbano;Privado;ACTIVO;No;No;No;No;No;No;No;Recuperación;2022;Resolución N.° 00018-2022-OEFA/DSIS
38873;7584838-anexo-ii-5.xlsx;437;80405;Cusco;Calca;Pisac;Por determinar;Por Determinar;UF0018306;Matara;19;192242.0;8513719;252;3731.0;0.3731;5000;Rural;Público;ACTIVO;No;No;No;No;No;No;No;Recuperación;2022;Resolución N.° 00018-2022-OEFA/DSIS
38874;7584838-anexo-ii-5.xlsx;438;80406;Cusco;Calca;San Salvador;Por determinar;Por Determinar;UF0018304;Huambutio 3;19;204800.0;8500237;60.4;216.0;0.0216;500;Rural;Privado;ACTIVO;No;No;No;No;No;No;No;Recuperación;2022;Resolución N.° 00018-2022-OEFA/DSIS
38875;7584838-anexo-ii-5.xlsx;439;80406;Cusco;Calca;San Salvador;Por determinar;Por Determinar;UF0018305;Huambutio 4;19;204573.0;8500264;301;3224.0;0.3224;1000;Rural;Privado;ACTIVO;No;No;No;No;No;No;No;Recuperación;2022;Resolución N.° 00018-2022-OEFA/DSIS
38876;7584838-anexo-ii-5.xlsx;440;80407;Cusco;Calca;Taray;Por determinar;Por Determinar;UF0018307;Rayanniyoc;19;184888.0;8509058;183;1394.0;0.1394;2000;Rural;Privado;ACTIVO;No;No;No;No;No;No;No;Recuperación;2022;Resolución N.° 00018-2022-OEFA/DSIS
38877;7584838-anexo-ii-5.xlsx;441;80502;Cusco;Canas;Checca;20189848227;Municipalidad distrital de Checca;UF0038613;Chuñimazanacancha;19;241763.0;8398817;246;2600.0;0.26;No precisa;Rural;Público;ACTIVO;No;No;No;No;No;No;No;Recuperación;2024;Resolución N° 00062-2024-OEFA/DSIS
38878;7584838-anexo-ii-5.xlsx;442;80501;Cusco;Canas;Yanaoca;Por determinar;Por Determinar;UF0018242;Yanaoca 1;19;237505.0;8424575;58.2;145.0;0.0145;109;Rural;Público;ACTIVO;No;No;No;Si;No;No;No;Recuperación;2022;Resolución N.° 00018-2022-OEFA/DSIS
38879;7584838-anexo-ii-5.xlsx;443;80501;Cusco;Canas;Yanaoca;Por determinar;Por Determinar;UF0018243;Yanaoca 2;19;237514.0;8424986;175;493.0;0.0493;640.9;Rural;Público;ACTIVO;No;No;No;Si;No;No;No;Recuperación;2022;Resolución N.° 00018-2022-OEFA/DSIS
38880;7584838-anexo-ii-5.xlsx;444;80501;Cusco;Canas;Yanaoca;Por determinar;Por Determinar;UF0018244;Yanaoca 3;19;237518.0;8425072;91.5;165.0;0.0165;206;Rural;Público;ACTIVO;No;No;No;Si;No;No;No;Recuperación;2022;Resolución N.° 00018-2022-OEFA/DSIS
38881;7584838-anexo-ii-5.xlsx;445;80501;Cusco;Canas;Yanaoca;Por determinar;Por Determinar;UF0018245;Yanaoca 4;19;237550.0;8425313;150;355.0;0.0355;533;Rural;Público;ACTIVO;No;No;No;Si;No;No;No;Recuperación;2022;Resolución N.° 00018-2022-OEFA/DSIS
38882;7584838-anexo-ii-5.xlsx;446;80501;Cusco;Canas;Yanaoca;Por determinar;Por Determinar;UF0018246;Yanaoca 5;19;237596.0;8425489;72.6;208.0;0.0208;312;Rural;Público;ACTIVO;No;No;No;Si;No;No;No;Recuperación;2022;Resolución N.° 00018-2022-OEFA/DSIS
38883;7584838-anexo-ii-5.xlsx;447;80501;Cusco;Canas;Yanaoca;Por determinar;Por Determinar;UF0018247;Yanaoca 6;19;237625.0;8425569;97;229.0;0.0229;286;Rural;Público;ACTIVO;No;No;No;Si;No;No;No;Recuperación;2022;Resolución N.° 00018-2022-OEFA/DSIS
38884;7584838-anexo-ii-5.xlsx;448;80501;Cusco;Canas;Yanaoca;Por determinar;Por Determinar;UF0018248;Yanaoca 7;19;237587.0;8425382;146;782.0;0.0782;1015;Rural;Privado;ACTIVO;No;No;No;Si;No;No;No;Recuperación;2022;Resolución N.° 00018-2022-OEFA/DSIS
38885;7584838-anexo-ii-5.xlsx;449;80105;Cusco;Cusco;San Sebastian;Por determinar;Por Determinar;UF0018224;Tancarpata;19;180381.0;8499913;164;1672.0;0.1672;2006;Urbano;Privado;NO ACTIVO;No;No;No;No;No;No;No;Recuperación;2022;Resolución N.° 00018-2022-OEFA/DSIS
38886;7584838-anexo-ii-5.xlsx;450;80105;Cusco;Cusco;San Sebastian;Por determinar;Por Determinar;UF0018230;San Sebastian 1;19;182632.0;8504145;117;130.0;0.013;230;Rural;Privado;ACTIVO;No;No;No;No;No;No;No;Recuperación;2022;Resolución N.° 00018-2022-OEFA/DSIS
38887;7584838-anexo-ii-5.xlsx;451;80105;Cusco;Cusco;San Sebastian;Por determinar;Por Determinar;UF0018231;Nueva Esperanza;19;184483.0;8502730;45.3;124.0;0.0124;50;Urbano;Público;ACTIVO;No;No;No;No;No;No;No;Recuperación;2022;Resolución N.° 00018-2022-OEFA/DSIS
38888;7584838-anexo-ii-5.xlsx;452;80105;Cusco;Cusco;San Sebastian;Por determinar;Por Determinar;UF0018232;Alto Qosco;19;184761.0;8503342;259;2699.0;0.2699;1345;Urbano;Público;ACTIVO;No;No;No;No;No;No;No;Recuperación;2022;Resolución N.° 00018-2022-OEFA/DSIS
38889;7584838-anexo-ii-5.xlsx;453;80105;Cusco;Cusco;San Sebastian;Por determinar;Por Determinar;UF0018233;San Sebastian 2;19;183735.0;8503092;119;1012.0;0.1012;506;Urbano;Público;ACTIVO;No;No;No;No;No;No;No;Recuperación;2022;Resolución N.° 00018-2022-OEFA/DSIS
38890;7584838-anexo-ii-5.xlsx;454;80105;Cusco;Cusco;San Sebastian;Por determinar;Por Determinar;UF0018234;San Sebastian 3;19;183484.0;8503024;266;2618.0;0.2618;1309;Urbano;Público;ACTIVO;No;No;No;No;No;No;No;Recuperación;2022;Resolución N.° 00018-2022-OEFA/DSIS
38891;7584838-anexo-ii-5.xlsx;455;80105;Cusco;Cusco;San Sebastian;Por determinar;Por Determinar;UF0018235;San Sebastian 4;19;183210.0;8502965;154;1439.0;0.1439;718;Urbano;Público;ACTIVO;No;No;No;No;No;No;No;Recuperación;2022;Resolución N.° 00018-2022-OEFA/DSIS
38892;7584838-anexo-ii-5.xlsx;456;80105;Cusco;Cusco;San Sebastian;Por determinar;Por Determinar;UF0018236;San Sebastian 5;19;182731.0;8503162;107;530.0;0.053;265;Urbano;Público;ACTIVO;No;No;No;No;No;No;No;Recuperación;2022;Resolución N.° 00018-2022-OEFA/DSIS
38893;7584838-anexo-ii-5.xlsx;457;80105;Cusco;Cusco;San Sebastian;Por determinar;Por Determinar;UF0018237;San Sebastian 6;19;182555.0;8503831;153;1163.0;0.1163;537;Urbano;Público;ACTIVO;No;No;No;No;No;No;No;Recuperación;2022;Resolución N.° 00018-2022-OEFA/DSIS
38894;7584838-anexo-ii-5.xlsx;458;80105;Cusco;Cusco;San Sebastian;Por determinar;Por Determinar;UF0018238;San Sebastian 7;19;182675.0;8504244;260;4174.0;0.4174;4174;Urbano;Público;ACTIVO;No;No;No;No;No;No;No;Recuperación;2022;Resolución N.° 00018-2022-OEFA/DSIS
38895;7584838-anexo-ii-5.xlsx;459;80105;Cusco;Cusco;San Sebastian;Por determinar;Por Determinar;UF0018239;San Sebastian 8;19;183484.0;8503912;179;1325.0;0.1325;1325;Urbano;Público;ACTIVO;No;No;No;No;No;No;No;Recuperación;2022;Resolución N.° 00018-2022-OEFA/DSIS
38896;7584838-anexo-ii-5.xlsx;460;80105;Cusco;Cusco;San Sebastian;Por determinar;Por Determinar;UF0018240;San Sebastian 9;19;183458.0;8503972;95.4;660.0;0.066;1325;Urbano;Privado;ACTIVO;No;No;No;No;No;No;No;Recuperación;2022;Resolución N.° 00018-2022-OEFA/DSIS
38897;7584838-anexo-ii-5.xlsx;461;80105;Cusco;Cusco;San Sebastian;Por determinar;Por Determinar;UF0018241;San Sebastian 10;19;183640.0;8504138;135;1023.0;0.1023;512;Rural;Privado;ACTIVO;No;No;No;No;No;No;No;Recuperación;2022;Resolución N.° 00018-2022-OEFA/DSIS
38898;7584838-anexo-ii-5.xlsx;462;80106;Cusco;Cusco;Santiago;Por determinar;Por Determinar;UF0018225;Occopata 2;19;176655.0;8496799;125;810.0;0.081;500;Rural;Privado;ACTIVO;No;No;No;No;No;No;No;Recuperación;2022;Resolución N.° 00018-2022-OEFA/DSIS
38899;7584838-anexo-ii-5.xlsx;463;80106;Cusco;Cusco;Santiago;Por determinar;Por Determinar;UF0018226;Occopata 3;19;176609.0;8496986;131;620.0;0.062;930;Rural;Privado;ACTIVO;No;No;No;No;No;No;No;Recuperación;2022;Resolución N.° 00018-2022-OEFA/DSIS
38900;7584838-anexo-ii-5.xlsx;464;80106;Cusco;Cusco;Santiago;Por determinar;Por Determinar;UF0018227;Mayrasco;19;175796.0;8497560;209;2338.0;0.2338;3507;Rural;Privado;ACTIVO;No;No;No;No;No;No;No;Recuperación;2022;Resolución N.° 00018-2022-OEFA/DSIS
38901;7584838-anexo-ii-5.xlsx;465;80106;Cusco;Cusco;Santiago;Por determinar;Por Determinar;UF0018228;Mayrasco 02;19;175947.0;8497522;60.4;151.0;0.0151;300;Rural;Privado;ACTIVO;No;No;No;No;No;No;No;Recuperación;2022;Resolución N.° 00018-2022-OEFA/DSIS
38902;7584838-anexo-ii-5.xlsx;466;80106;Cusco;Cusco;Santiago;Por determinar;Por Determinar;UF0018229;Mayrasco 03;19;176335.0;8497517;97.6;421.0;0.0421;630;Rural;Privado;ACTIVO;No;No;No;No;No;No;No;Recuperación;2022;Resolución N.° 00018-2022-OEFA/DSIS
38903;7584838-anexo-ii-5.xlsx;467;80902;Cusco;La Convencion;Echarate;Por determinar;Por Determinar;UF0018274;Echarati 01;18;763855.0;8588270;67;167.0;0.0167;84;Rural;Privado;ACTIVO;No;No;No;No;No;No;No;Recuperación;2022;Resolución N.° 00018-2022-OEFA/DSIS
38904;7584838-anexo-ii-5.xlsx;468;80902;Cusco;La Convencion;Echarate;Por determinar;Por Determinar;UF0018275;Echarati 02;18;763772.0;8587759;62.5;178.0;0.0178;178;Rural;Privado;ACTIVO;No;No;No;No;No;No;No;Recuperación;2022;Resolución N.° 00018-2022-OEFA/DSIS
38905;7584838-anexo-ii-5.xlsx;469;80907;Cusco;La Convencion;Kimbiri;Por determinar;Por Determinar;UF0018270;Kimbiri 02;18;631070.0;8608099;127;582.0;0.0582;1100;Rural;Privado;ACTIVO;No;No;No;No;No;No;No;Recuperación;2022;Resolución N.° 00018-2022-OEFA/DSIS
38906;7584838-anexo-ii-5.xlsx;470;80907;Cusco;La Convencion;Kimbiri;Por determinar;Por Determinar;UF0018271;Kimbiri 01;18;632231.0;8607100;156;1366.0;0.1366;700;Rural;Privado;ACTIVO;No;No;No;No;No;No;No;Recuperación;2022;Resolución N.° 00018-2022-OEFA/DSIS
38907;7584838-anexo-ii-5.xlsx;471;80910;Cusco;La Convencion;Pichari;Por determinar;Por Determinar;UF0018272;Pichari 01;18;627100.0;8616055;123;772.0;0.0772;350;Urbano;Privado;ACTIVO;No;No;No;No;No;No;No;Recuperación;2022;Resolución N.° 00018-2022-OEFA/DSIS
38908;7584838-anexo-ii-5.xlsx;472;80910;Cusco;La Convencion;Pichari;Por determinar;Por Determinar;UF0018273;Pichari 02;18;627077.0;8616136;157;1456.0;0.1456;2100;Urbano;Privado;ACTIVO;No;No;No;No;No;No;No;Recuperación;2022;Resolución N.° 00018-2022-OEFA/DSIS
38909;7584838-anexo-ii-5.xlsx;473;80901;Cusco;La Convencion;Santa Ana;Por determinar;Por Determinar;UF0018276;Sector Mazapata 01;18;750799.0;8574127;49;119.0;0.0119;60;Rural;Público;ACTIVO;No;No;No;No;No;No;No;Recuperación;2022;Resolución N.° 00018-2022-OEFA/DSIS
38910;7584838-anexo-ii-5.xlsx;474;80901;Cusco;La Convencion;Santa Ana;Por determinar;Por Determinar;UF0018277;La Balsa Chica;18;750995.0;8575123;69.7;290.0;0.029;900;Rural;Público;ACTIVO;No;No;No;No;No;No;No;Recuperación;2022;Resolución N.° 00018-2022-OEFA/DSIS
38911;7584838-anexo-ii-5.xlsx;475;80901;Cusco;La Convencion;Santa Ana;Por determinar;Por Determinar;UF0018278;La Balsa Chica 2;18;750999.0;8575175;49.2;85.5;0.00855;125;Rural;Público;ACTIVO;No;No;No;No;No;No;No;Recuperación;2022;Resolución N.° 00018-2022-OEFA/DSIS
38912;7584838-anexo-ii-5.xlsx;476;80901;Cusco;La Convencion;Santa Ana;Por determinar;Por Determinar;UF0018279;Santa Ana 1;18;749892.0;8574913;76.5;176.0;0.0176;85;Urbano;Público;ACTIVO;No;No;No;No;No;No;No;Recuperación;2022;Resolución N.° 00018-2022-OEFA/DSIS
38913;7584838-anexo-ii-5.xlsx;477;80901;Cusco;La Convencion;Santa Ana;Por determinar;Por Determinar;UF0018280;Sector Piedra Grande;18;748598.0;8575302;71;183.0;0.0183;75;Rural;Público;ACTIVO;No;No;No;No;No;No;No;Recuperación;2022;Resolución N.° 00018-2022-OEFA/DSIS
38914;7584838-anexo-ii-5.xlsx;478;80901;Cusco;La Convencion;Santa Ana;Por determinar;Por Determinar;UF0018281;Santa Ana 2;18;750019.0;8576944;97.2;413.0;0.0413;1020;Urbano;Público;ACTIVO;No;No;No;No;No;No;No;Recuperación;2022;Resolución N.° 00018-2022-OEFA/DSIS
38915;7584838-anexo-ii-5.xlsx;479;80901;Cusco;La Convencion;Santa Ana;Por determinar;Por Determinar;UF0018282;Santa Ana 3;18;749875.0;8577104;64.4;183.0;0.0183;90;Urbano;Público;ACTIVO;No;No;No;No;No;No;No;Recuperación;2022;Resolución N.° 00018-2022-OEFA/DSIS
38916;7584838-anexo-ii-5.xlsx;480;80901;Cusco;La Convencion;Santa Ana;Por determinar;Por Determinar;UF0018283;Sector Aranjuez;18;750216.0;8580598;163;508.0;0.0508;100;Rural;Público;ACTIVO;No;No;No;No;No;No;No;Recuperación;2022;Resolución N.° 00018-2022-OEFA/DSIS
38917;7584838-anexo-ii-5.xlsx;481;80901;Cusco;La Convencion;Santa Ana;Por determinar;Por Determinar;UF0018284;Santa Ana 4;18;749691.0;8580062;58.1;177.0;0.0177;200;Rural;Privado;ACTIVO;No;No;No;No;No;No;No;Recuperación;2022;Resolución N.° 00018-2022-OEFA/DSIS
38918;7584838-anexo-ii-5.xlsx;482;80901;Cusco;La Convencion;Santa Ana;Por determinar;Por Determinar;UF0018285;Santa Ana 5;18;749354.0;8579234;99.6;682.0;0.0682;350;Rural;Privado;ACTIVO;No;No;No;No;No;No;No;Recuperación;2022;Resolución N.° 00018-2022-OEFA/DSIS
38919;7584838-anexo-ii-5.xlsx;483;80901;Cusco;La Convencion;Santa Ana;Por determinar;Por Determinar;UF0018286;Santa Ana 6;18;749375.0;8579341;203;1627.0;0.1627;1125;Rural;Privado;ACTIVO;No;No;No;No;No;No;No;Recuperación;2022;Resolución N.° 00018-2022-OEFA/DSIS
38920;7584838-anexo-ii-5.xlsx;484;80901;Cusco;La Convencion;Santa Ana;Por determinar;Por Determinar;UF0018287;Santa Ana 7;18;748502.0;8575246;93.7;463.0;0.0463;700;Rural;Privado;ACTIVO;No;No;No;No;No;No;No;Recuperación;2022;Resolución N.° 00018-2022-OEFA/DSIS
38921;7584838-anexo-ii-5.xlsx;485;80901;Cusco;La Convencion;Santa Ana;Por determinar;Por Determinar;UF0018288;Santa Ana 8;18;748410.0;8575209;90.9;517.0;0.0517;500;Rural;Privado;ACTIVO;No;No;No;No;No;No;No;Recuperación;2022;Resolución N.° 00018-2022-OEFA/DSIS
38922;7584838-anexo-ii-5.xlsx;486;81001;Cusco;Paruro;Paruro;Por determinar;Por Determinar;UF0018269;Paruro 1;19;192823.0;8475067;161;978.0;0.0978;1000;Rural;Público;ACTIVO;No;Si;No;No;No;No;No;Recuperación;2022;Resolución N.° 00018-2022-OEFA/DSIS
38923;7584838-anexo-ii-5.xlsx;487;81202;Cusco;Quispicanchi;Andahuaylillas;Por determinar;Por Determinar;UF0018265;Andahuaylillas 1;19;209979.0;8487846;135;1151.0;0.1151;1700;Rural;Privado;ACTIVO;No;No;No;No;No;No;No;Recuperación;2022;Resolución N.° 00018-2022-OEFA/DSIS
38924;7584838-anexo-ii-5.xlsx;488;81205;Cusco;Quispicanchi;Ccatca;Por determinar;Por Determinar;UF0018258;Ccatcca 1;19;224223.0;8492878;67.9;302.0;0.0302;550;Rural;Privado;ACTIVO;No;No;No;No;No;No;No;Recuperación;2022;Resolución N.° 00018-2022-OEFA/DSIS
38925;7584838-anexo-ii-5.xlsx;489;81208;Cusco;Quispicanchi;Lucre;Por determinar;Por Determinar;UF0018255;Huacarpay;19;204035.0;8493693;447;11254.0;1.1254;5600;Urbano;Privado;ACTIVO;No;No;No;No;No;No;No;Recuperación;2022;Resolución N.° 00018-2022-OEFA/DSIS
38926;7584838-anexo-ii-5.xlsx;490;81208;Cusco;Quispicanchi;Lucre;Por determinar;Por Determinar;UF0018264;Oropesa;19;202184.0;8494133;157;566.0;0.0566;800;Rural;Privado;ACTIVO;No;No;No;No;No;No;No;Recuperación;2022;Resolución N.° 00018-2022-OEFA/DSIS
38927;7584838-anexo-ii-5.xlsx;491;81208;Cusco;Quispicanchi;Lucre;Por determinar;Por Determinar;UF0018266;Huambutio 1;19;205666.0;8497455;129;484.0;0.0484;500;Rural;Privado;ACTIVO;No;No;No;No;No;No;No;Recuperación;2022;Resolución N.° 00018-2022-OEFA/DSIS
38928;7584838-anexo-ii-5.xlsx;492;81208;Cusco;Quispicanchi;Lucre;Por determinar;Por Determinar;UF0018267;Huambutio 2;19;205545.0;8497457;92.5;295.0;0.0295;600;Rural;Privado;ACTIVO;No;No;No;No;No;No;No;Recuperación;2022;Resolución N.° 00018-2022-OEFA/DSIS
38929;7584838-anexo-ii-5.xlsx;493;81208;Cusco;Quispicanchi;Lucre;Por determinar;Por Determinar;UF0018299;Huambutio 5;19;205331.0;8497605;182;880.0;0.088;1200;Rural;Privado;ACTIVO;No;Si;No;No;No;No;No;Recuperación;2022;Resolución N.° 00018-2022-OEFA/DSIS
38930;7584838-anexo-ii-5.xlsx;494;81210;Cusco;Quispicanchi;Ocongate;Por determinar;Por Determinar;UF0018256;Ocongate;19;241793.0;8491866;161;1357.0;0.1357;1300;Urbano;Privado;ACTIVO;No;No;No;No;No;No;No;Recuperación;2022;Resolución N.° 00018-2022-OEFA/DSIS
38931;7584838-anexo-ii-5.xlsx;495;81210;Cusco;Quispicanchi;Ocongate;Por determinar;Por Determinar;UF0018257;Tinke;19;249618.0;8488599;141;1192.0;0.1192;1200;Rural;Privado;ACTIVO;No;No;No;No;No;No;No;Recuperación;2022;Resolución N.° 00018-2022-OEFA/DSIS
38932;7584838-anexo-ii-5.xlsx;496;81211;Cusco;Quispicanchi;Oropesa;Por determinar;Por Determinar;UF0018252;Pinagua 02;19;202376.0;8495472;155;1050.0;0.105;684;Rural;Privado;ACTIVO;No;No;No;No;No;No;No;Recuperación;2022;Resolución N.° 00018-2022-OEFA/DSIS
38933;7584838-anexo-ii-5.xlsx;497;81211;Cusco;Quispicanchi;Oropesa;Por determinar;Por Determinar;UF0018253;Pinagua 03;19;202221.0;8495486;95.2;356.0;0.0356;1068;Rural;Privado;ACTIVO;No;No;No;No;No;No;No;Recuperación;2022;Resolución N.° 00018-2022-OEFA/DSIS
38934;7584838-anexo-ii-5.xlsx;498;81211;Cusco;Quispicanchi;Oropesa;Por determinar;Por Determinar;UF0018254;Pinagua 04;19;201891.0;8495526;137;608.0;0.0608;900;Rural;Privado;ACTIVO;No;No;No;No;No;No;No;Recuperación;2022;Resolución N.° 00018-2022-OEFA/DSIS
38935;7584838-anexo-ii-5.xlsx;499;81211;Cusco;Quispicanchi;Oropesa;Por determinar;Por Determinar;UF0018259;Saylla 1;19;195185.0;8497260;123;969.0;0.0969;1450;Rural;Privado;ACTIVO;No;No;No;No;No;No;No;Recuperación;2022;Resolución N.° 00018-2022-OEFA/DSIS
38936;7584838-anexo-ii-5.xlsx;500;81211;Cusco;Quispicanchi;Oropesa;Por determinar;Por Determinar;UF0018260;Saylla 2;19;195586.0;8497084;126;565.0;0.0565;770;Rural;Privado;ACTIVO;No;No;No;No;No;No;No;Recuperación;2022;Resolución N.° 00018-2022-OEFA/DSIS
38937;7584838-anexo-ii-5.xlsx;501;81211;Cusco;Quispicanchi;Oropesa;Por determinar;Por Determinar;UF0018261;Saylla 3;19;195632.0;8497154;515;1966.0;0.1966;3000;Rural;Privado;ACTIVO;No;No;No;No;No;No;No;Recuperación;2022;Resolución N.° 00018-2022-OEFA/DSIS
38938;7584838-anexo-ii-5.xlsx;502;81211;Cusco;Quispicanchi;Oropesa;Por determinar;Por Determinar;UF0018262;Huasao 1;19;196724.0;8496099;64.2;246.0;0.0246;600;Rural;Privado;ACTIVO;No;No;No;No;No;No;No;Recuperación;2022;Resolución N.° 00018-2022-OEFA/DSIS
38939;7584838-anexo-ii-5.xlsx;503;81211;Cusco;Quispicanchi;Oropesa;Por determinar;Por Determinar;UF0018263;Huasao 2;19;197598.0;8495935;259;574.0;0.0574;1000;Rural;Privado;ACTIVO;No;No;No;No;No;No;No;Recuperación;2022;Resolución N.° 00018-2022-OEFA/DSIS
38940;7584838-anexo-ii-5.xlsx;504;81303;Cusco;Urubamba;Huayllabamba;Por determinar;Por Determinar;UF0018298;Huayllabamba;18;814178.0;8526406;80;115.0;0.0115;300;Urbano;Público;ACTIVO;No;No;No;No;No;No;No;Recuperación;2022;Resolución N.° 00018-2022-OEFA/DSIS
38941;7584838-anexo-ii-5.xlsx;505;81305;Cusco;Urubamba;Maras;Por determinar;Por Determinar;UF0018289;Maras 1;18;813209.0;8526235;67.6;299.0;0.0299;600;Rural;Privado;ACTIVO;No;No;No;No;No;No;No;Recuperación;2022;Resolución N.° 00018-2022-OEFA/DSIS
38942;7584838-anexo-ii-5.xlsx;506;81305;Cusco;Urubamba;Maras;Por determinar;Por Determinar;UF0018293;Maras 2;18;810230.0;8526995;369;1367.0;0.1367;2000;Rural;Privado;ACTIVO;No;No;No;No;No;No;No;Recuperación;2022;Resolución N.° 00018-2022-OEFA/DSIS
38943;7584838-anexo-ii-5.xlsx;507;81305;Cusco;Urubamba;Maras;Por determinar;Por Determinar;UF0018296;Maras 3;18;813344.0;8526502;56;151.0;0.0151;300;Urbano;Público;ACTIVO;No;No;No;No;No;No;No;Recuperación;2022;Resolución N.° 00018-2022-OEFA/DSIS
38944;7584838-anexo-ii-5.xlsx;508;81305;Cusco;Urubamba;Maras;Por determinar;Por Determinar;UF0018297;Maras 4;18;813426.0;8526424;106;275.0;0.0275;400;Urbano;Público;ACTIVO;No;No;No;No;No;No;No;Recuperación;2022;Resolución N.° 00018-2022-OEFA/DSIS
38945;7584838-anexo-ii-5.xlsx;509;81305;Cusco;Urubamba;Maras;Por determinar;Por Determinar;UF0035801;Urubamba 01;18;807600.0;8529893;60;233.0;0.0233;98;Urbano;Público;ACTIVO;No;No;No;No;No;No;No;Recuperación;2022;Resolución N.° 00054-2022-OEFA/DSIS
38946;7584838-anexo-ii-5.xlsx;510;81301;Cusco;Urubamba;Urubamba;Por determinar;Por Determinar;UF0018290;Urubamba 1;18;810396.0;8527178;105;615.0;0.0615;1200;Rural;Privado;ACTIVO;No;No;No;No;No;No;No;Recuperación;2022;Resolución N.° 00018-2022-OEFA/DSIS
38947;7584838-anexo-ii-5.xlsx;511;81301;Cusco;Urubamba;Urubamba;Por determinar;Por Determinar;UF0018291;Urubamba 2;18;810332.0;8527143;50.7;115.0;0.0115;200;Rural;Privado;ACTIVO;No;No;No;No;No;No;No;Recuperación;2022;Resolución N.° 00018-2022-OEFA/DSIS
38948;7584838-anexo-ii-5.xlsx;512;81301;Cusco;Urubamba;Urubamba;Por determinar;Por Determinar;UF0018292;Urubamba 3;18;810317.0;8527019;52.2;173.0;0.0173;350;Rural;Privado;ACTIVO;No;No;No;No;No;No;No;Recuperación;2022;Resolución N.° 00018-2022-OEFA/DSIS
38949;7584838-anexo-ii-5.xlsx;513;81301;Cusco;Urubamba;Urubamba;Por determinar;Por Determinar;UF0018294;Urubamba 4;18;810963.0;8527564;145;892.0;0.0892;1500;Urbano;Privado;ACTIVO;No;No;No;No;No;No;No;Recuperación;2022;Resolución N.° 00018-2022-OEFA/DSIS
38950;7584838-anexo-ii-5.xlsx;514;81301;Cusco;Urubamba;Urubamba;Por determinar;Por Determinar;UF0018295;Ruedo De Toros;18;812630.0;8526689;78.8;373.0;0.0373;750;Urbano;Público;ACTIVO;No;No;No;No;No;No;No;Recuperación;2022;Resolución N.° 00018-2022-OEFA/DSIS
38951;7584838-anexo-ii-5.xlsx;515;81301;Cusco;Urubamba;Urubamba;Por determinar;Por Determinar;UF0035802;Urubamba 03;18;807159.12;8530478.31;45;98.0;0.0098;35;Urbano;Público;ACTIVO;No;No;No;No;No;No;No;Recuperación;2022;Resolución N.° 00054-2022-OEFA/DSIS
38952;7584838-anexo-ii-5.xlsx;516;90205;Huancavelica;Acobamba;Marcas;Por determinar;Por Determinar;UF0035807;Huancavelica 01;18;569382.0;8580677;92;206.0;0.0206;120;Rural;Público;NO ACTIVO;No;No;No;No;No;No;No;Recuperación;2022;Resolución N.° 00054-2022-OEFA/DSIS
38953;7584838-anexo-ii-5.xlsx;517;90310;Huancavelica;Angaraes;San Antonio de Antaparco;Por determinar;Por Determinar;UF0018308;San Antonio de Antaparco;18;563875.0;8553734;56;186.0;0.0186;148.8;Urbano;Privado;NO ACTIVO;No;No;No;No;No;No;No;Recuperación;2022;Resolución N.° 00018-2022-OEFA/DSIS
38954;7584838-anexo-ii-5.xlsx;518;90502;Huancavelica;Churcampa;Anco;Por determinar;Por Determinar;UF0035809;Huancavelica 05;18;544509.0;8598280;115;988.0;0.0988;450;Urbano;Público;ACTIVO;No;No;No;No;No;No;No;Recuperación;2022;Resolución N.° 00054-2022-OEFA/DSIS
38955;7584838-anexo-ii-5.xlsx;519;90502;Huancavelica;Churcampa;Anco;Por determinar;Por Determinar;UF0035810;Huancavelica 06;18;544072.68;8598908;64;131.0;0.0131;100;Rural;Público;NO ACTIVO;No;No;No;No;No;No;No;Recuperación;2022;Resolución N.° 00054-2022-OEFA/DSIS
38956;7584838-anexo-ii-5.xlsx;520;90508;Huancavelica;Churcampa;San Miguel de Mayocc;Por determinar;Por Determinar;UF0035808;Huancavelica 02;18;567069.0;8584421;72;269.0;0.0269;200;Urbano;Público;ACTIVO;No;No;No;No;No;No;No;Recuperación;2022;Resolución N.° 00054-2022-OEFA/DSIS
38957;7584838-anexo-ii-5.xlsx;521;90118;Huancavelica;Huancavelica;Ascension;Por determinar;Por Determinar;UF0018309;Ascensión;18;500595.0;8588336;217;1895.0;0.1895;13265;Urbano;Público;ACTIVO;No;No;No;No;No;No;No;Recuperación;2022;Resolución N.° 00018-2022-OEFA/DSIS
38958;7584838-anexo-ii-5.xlsx;522;90118;Huancavelica;Huancavelica;Ascension;Por determinar;Por Determinar;UF0035228;Huancavelica 12;18;500206.0;8587423;94;124.0;0.0124;70;Urbano;Público;ACTIVO;No;No;No;No;No;No;No;Recuperación;2022;Resolución N.° 00054-2022-OEFA/DSIS
38959;7584838-anexo-ii-5.xlsx;523;90101;Huancavelica;Huancavelica;Huancavelica;Por determinar;Por Determinar;UF0035811;Huancavelica 07;18;506563.02;8584755.82;44;113.0;0.0113;29;Rural;Público;ACTIVO;No;No;No;No;No;No;No;Recuperación;2022;Resolución N.° 00054-2022-OEFA/DSIS
38960;7584838-anexo-ii-5.xlsx;524;90101;Huancavelica;Huancavelica;Huancavelica;Por determinar;Por Determinar;UF0035227;Huancavelica 10;18;505421.5;8586812.76;94;121.0;0.0121;90;Rural;Público;ACTIVO;No;Si;No;No;No;No;No;Recuperación;2022;Resolución N.° 00018-2022-OEFA/DSIS
38961;7584838-anexo-ii-5.xlsx;525;90101;Huancavelica;Huancavelica;Huancavelica;Por determinar;Por Determinar;UF0035229;Huancavelica 13;18;497427.15;8587619.53;72.5;107.0;0.0107;50;Rural;Público;ACTIVO;No;No;No;No;No;No;No;Recuperación;2022;Resolución N.° 00054-2022-OEFA/DSIS
38962;7584838-anexo-ii-5.xlsx;526;90101;Huancavelica;Huancavelica;Huancavelica;20171725144;MUNICIPALIDAD PROVINCIAL DE HUANCAVELICA;UF0036088;Sector Tinkuq Wayqu;18;506253.0;8585362;503;9592.0;0.9592;24618.1;Rural;Privado;ACTIVO;Si;No;No;No;No;No;No;Recuperación;2023;Resolución N.° 00031-2023-OEFA/DSIS
38963;7584838-anexo-ii-5.xlsx;527;90601;Huancavelica;Huaytara;Huaytara;Por determinar;Por Determinar;UF0035664;Huancavelica 21;18;462621.11;8496111.88;64;227.0;0.0227;120;Rural;Público;ACTIVO;No;No;No;No;No;No;No;Recuperación;2022;Resolución N.° 00054-2022-OEFA/DSIS
38964;7584838-anexo-ii-5.xlsx;528;90706;Huancavelica;Tayacaja;Daniel Hernandez;Por determinar;Por Determinar;UF0018310;Daniel Hernandez;18;514823.0;8630666;72.2;194.0;0.0194;271.6;Urbano;Privado;NO ACTIVO;No;No;No;No;No;No;No;Recuperación;2022;Resolución N.° 00018-2022-OEFA/DSIS
38965;7584838-anexo-ii-5.xlsx;529;90701;Huancavelica;Tayacaja;Pampas;Por determinar;Por Determinar;UF0018311;Pampas;18;514683.0;8630153;91.9;420.0;0.042;630;Urbano;Privado;NO ACTIVO;No;No;No;No;No;No;No;Recuperación;2022;Resolución N.° 00018-2022-OEFA/DSIS
38966;7584838-anexo-ii-5.xlsx;530;90711;Huancavelica;Tayacaja;Pazos;Por determinar;Por Determinar;UF0018312;Pazos;18;492620.0;8644541;60.6;231.0;0.0231;462;Urbano;Privado;NO ACTIVO;No;No;No;No;No;No;No;Recuperación;2022;Resolución N.° 00018-2022-OEFA/DSIS
38967;7584838-anexo-ii-5.xlsx;531;100204;Huanuco;Ambo;Conchamarca;Por determinar;Por Determinar;UF0018313;Conchamarca;18;366278.25;8890447.41;56;91.7;0.009170000000000001;55.02;Urbano;Público;NO ACTIVO;No;No;No;No;No;No;No;Recuperación;2022;Resolución N.° 00018-2022-OEFA/DSIS
38968;7584838-anexo-ii-5.xlsx;532;100102;Huanuco;Huanuco;Amarilis;Por determinar;Por Determinar;UF0018316;San Andres;18;367168.45;8906885.99;358;4001.0;0.4001;4401.1;Urbano;Privado;NO ACTIVO;No;No;No;No;No;No;No;Recuperación;2022;Resolución N.° 00018-2022-OEFA/DSIS
38969;7584838-anexo-ii-5.xlsx;533;100102;Huanuco;Huanuco;Amarilis;Por determinar;Por Determinar;UF0035242;Colpa Baja 7;18;367649.0;8906958;44.8;100.0;0.01;120;Rural;Público;ACTIVO;No;No;No;No;No;No;No;Recuperación;2022;Resolución N.° 00054-2022-OEFA/DSIS
38970;7584838-anexo-ii-5.xlsx;534;100102;Huanuco;Huanuco;Amarilis;Por determinar;Por Determinar;UF0035243;Colpa Baja 8;18;367428.0;8906888;71.3;150.0;0.015;100;Rural;Público;ACTIVO;No;No;No;No;No;No;No;Recuperación;2022;Resolución N.° 00054-2022-OEFA/DSIS
38971;7584838-anexo-ii-5.xlsx;535;100102;Huanuco;Huanuco;Amarilis;Por determinar;Por Determinar;UF0035247;Colpa Alta 1;18;363908.92;8896998.52;362;5050.0;0.505;10000;Urbano;Privado;NO ACTIVO;No;No;No;No;No;No;No;Recuperación;2022;Resolución N.° 00054-2022-OEFA/DSIS
38972;7584838-anexo-ii-5.xlsx;536;100102;Huanuco;Huanuco;Amarilis;Por determinar;Por Determinar;UF0035248;Colpa Alta 2;18;363819.0;8896918;118;604.0;0.0604;2200;Urbano;Privado;ACTIVO;No;No;No;No;No;No;No;Recuperación;2022;Resolución N.° 00054-2022-OEFA/DSIS
38973;7584838-anexo-ii-5.xlsx;537;100102;Huanuco;Huanuco;Amarilis;Por determinar;Por Determinar;UF0035249;Colpa Alta 3;18;363833.0;8896830;141;948.0;0.0948;1400;Urbano;Privado;ACTIVO;No;No;No;No;No;No;No;Recuperación;2022;Resolución N.° 00054-2022-OEFA/DSIS
38974;7584838-anexo-ii-5.xlsx;538;100102;Huanuco;Huanuco;Amarilis;Por determinar;Por Determinar;UF0035250;Colpa Alta 4;18;363785.0;8896779;101;497.0;0.0497;1200;Urbano;Privado;NO ACTIVO;No;No;No;No;No;No;No;Recuperación;2022;Resolución N.° 00054-2022-OEFA/DSIS
38975;7584838-anexo-ii-5.xlsx;539;100102;Huanuco;Huanuco;Amarilis;Por determinar;Por Determinar;UF0035251;Colpa Alta 5;18;363792.0;8896664;401;4657.0;0.4657;12000;Urbano;Privado;ACTIVO;No;No;No;No;No;No;No;Recuperación;2022;Resolución N.° 00054-2022-OEFA/DSIS
38976;7584838-anexo-ii-5.xlsx;540;100102;Huanuco;Huanuco;Amarilis;Por determinar;Por Determinar;UF0035263;Terra Morena;18;365937.0;8904245;60.4;159.0;0.0159;198;Urbano;Privado;ACTIVO;No;Si;No;No;No;No;No;Recuperación;2022;Resolución N.° 00054-2022-OEFA/DSIS
38977;7584838-anexo-ii-5.xlsx;541;100102;Huanuco;Huanuco;Amarilis;Por determinar;Por Determinar;UF0035279;Amarilis 1;18;364434.95;8901676.42;79.3;329.0;0.0329;1300;Urbano;Privado;NO ACTIVO;No;No;No;No;No;No;No;Recuperación;2022;Resolución N.° 00054-2022-OEFA/DSIS
38978;7584838-anexo-ii-5.xlsx;542;100102;Huanuco;Huanuco;Amarilis;Por determinar;Por Determinar;UF0035280;Aplicación Unheval;18;365244.21;8902822.21;36.6;82.3;0.00823;30;Urbano;Público;ACTIVO;No;No;No;No;No;No;No;Recuperación;2022;Resolución N.° 00054-2022-OEFA/DSIS
38979;7584838-anexo-ii-5.xlsx;543;100102;Huanuco;Huanuco;Amarilis;Por determinar;Por Determinar;UF0035281;Hospital Peru Corea;18;365478.52;8903423.09;49;108.0;0.0108;32.4;Urbano;Público;ACTIVO;No;No;No;No;No;No;No;Recuperación;2022;Resolución N.° 00054-2022-OEFA/DSIS
38980;7584838-anexo-ii-5.xlsx;544;100102;Huanuco;Huanuco;Amarilis;Por determinar;Por Determinar;UF0035282;Amarilis 2;18;365418.0;8903383;44.6;97.0;0.0097;19;Urbano;Público;ACTIVO;No;Si;No;No;No;No;No;Recuperación;2022;Resolución N.° 00054-2022-OEFA/DSIS
38981;7584838-anexo-ii-5.xlsx;545;100102;Huanuco;Huanuco;Amarilis;Por determinar;Por Determinar;UF0035283;Jancao;18;365328.0;8905242;76.6;267.0;0.0267;80;Urbano;Público;ACTIVO;No;No;No;No;No;No;No;Recuperación;2022;Resolución N.° 00054-2022-OEFA/DSIS
38982;7584838-anexo-ii-5.xlsx;546;100102;Huanuco;Huanuco;Amarilis;Por determinar;Por Determinar;UF0035287;La Esperanza 7;18;365841.0;8906438;59;180.0;0.018;540;Urbano;Público;ACTIVO;No;Si;No;No;No;No;No;Recuperación;2022;Resolución N.° 00054-2022-OEFA/DSIS
38983;7584838-anexo-ii-5.xlsx;547;100102;Huanuco;Huanuco;Amarilis;Por determinar;Por Determinar;UF0035288;La Esperanza 9;18;365800.0;8906363;115;401.0;0.0401;1122;Urbano;Público;ACTIVO;No;No;No;No;No;No;No;Recuperación;2022;Resolución N.° 00054-2022-OEFA/DSIS
38984;7584838-anexo-ii-5.xlsx;548;100102;Huanuco;Huanuco;Amarilis;Por determinar;Por Determinar;UF0035289;La Esperanza 10;18;365771.0;8906321;78.9;165.0;0.0165;340;Urbano;Público;ACTIVO;No;No;No;No;No;No;No;Recuperación;2022;Resolución N.° 00054-2022-OEFA/DSIS
38985;7584838-anexo-ii-5.xlsx;549;100102;Huanuco;Huanuco;Amarilis;Por determinar;Por Determinar;UF0035297;La Esperanza 12;18;365456.0;8906105;122;560.0;0.056;800;Urbano;Público;ACTIVO;No;No;No;No;No;No;No;Recuperación;2022;Resolución N.° 00054-2022-OEFA/DSIS
38986;7584838-anexo-ii-5.xlsx;550;100102;Huanuco;Huanuco;Amarilis;Por determinar;Por Determinar;UF0035298;La Esperanza 13;18;365448.0;8906112;86.1;302.0;0.0302;453;Urbano;Público;ACTIVO;No;Si;No;No;No;No;No;Recuperación;2022;Resolución N.° 00054-2022-OEFA/DSIS
38987;7584838-anexo-ii-5.xlsx;551;100102;Huanuco;Huanuco;Amarilis;Por determinar;Por Determinar;UF0035304;Carretera Huanuco - Tingo Maria;18;367973.0;8906834;210;1021.0;0.1021;2042;Urbano;Público;ACTIVO;No;No;No;No;No;No;No;Recuperación;2022;Resolución N.° 00054-2022-OEFA/DSIS
38988;7584838-anexo-ii-5.xlsx;552;100102;Huanuco;Huanuco;Amarilis;Por determinar;Por Determinar;UF0035307;Miraflores 4;18;365709.0;8904938.99;94.5;363.0;0.0363;180;Urbano;Público;ACTIVO;No;No;No;No;No;No;No;Recuperación;2022;Resolución N.° 00054-2022-OEFA/DSIS
38989;7584838-anexo-ii-5.xlsx;553;100101;Huanuco;Huanuco;Huanuco;Por determinar;Por Determinar;UF0018318;Malecon Igueras;18;361153.91;8901392.61;314;687.0;0.0687;824.4;Urbano;Público;ACTIVO;No;No;No;No;No;No;No;Recuperación;2022;Resolución N.° 00018-2022-OEFA/DSIS
38990;7584838-anexo-ii-5.xlsx;554;100101;Huanuco;Huanuco;Huanuco;Por determinar;Por Determinar;UF0018319;Huanuco 1;18;363040.98;8903615.61;578;482.0;0.0482;578.4;Urbano;Público;ACTIVO;No;No;No;No;No;No;No;Recuperación;2022;Resolución N.° 00018-2022-OEFA/DSIS
38991;7584838-anexo-ii-5.xlsx;555;100101;Huanuco;Huanuco;Huanuco;Por determinar;Por Determinar;UF0018320;Huanuco 2;18;363217.96;8903522.3;272;623.0;0.0623;778.75;Urbano;Público;ACTIVO;No;No;No;No;No;No;No;Recuperación;2022;Resolución N.° 00018-2022-OEFA/DSIS
38992;7584838-anexo-ii-5.xlsx;556;100101;Huanuco;Huanuco;Huanuco;Por determinar;Por Determinar;UF0018321;Huanuco 3;18;363926.26;8903680.91;418;788.0;0.0788;630.4000000000001;Urbano;Público;ACTIVO;No;No;No;No;No;No;No;Recuperación;2022;Resolución N.° 00018-2022-OEFA/DSIS
38993;7584838-anexo-ii-5.xlsx;557;100101;Huanuco;Huanuco;Huanuco;Por determinar;Por Determinar;UF0018322;Huanuco 4;18;367222.12;8906988.14;259;453.0;0.0453;362.40000000000003;Urbano;Público;ACTIVO;No;No;No;No;No;No;No;Recuperación;2022;Resolución N.° 00018-2022-OEFA/DSIS
38994;7584838-anexo-ii-5.xlsx;558;100101;Huanuco;Huanuco;Huanuco;Por determinar;Por Determinar;UF0018323;Huanuco 5;18;368002.39;8907093.44;712;5129.0;0.5129;6154.8;Urbano;Público;ACTIVO;No;No;No;No;No;No;No;Recuperación;2022;Resolución N.° 00018-2022-OEFA/DSIS
38995;7584838-anexo-ii-5.xlsx;559;100101;Huanuco;Huanuco;Huanuco;Por determinar;Por Determinar;UF0035235;Mercado Mayoeista de Puelles;18;363571.81;8903241.32;156;121.0;0.0121;100;Urbano;Público;ACTIVO;No;Si;No;No;No;No;No;Recuperación;2022;Resolución N.° 00054-2022-OEFA/DSIS
38996;7584838-anexo-ii-5.xlsx;560;100101;Huanuco;Huanuco;Huanuco;Por determinar;Por Determinar;UF0035236;San Felipe;18;364322.96;8903554.38;55.4;157.0;0.0157;8;Urbano;Público;ACTIVO;No;Si;No;No;No;No;No;Recuperación;2022;Resolución N.° 00054-2022-OEFA/DSIS
38997;7584838-anexo-ii-5.xlsx;561;100101;Huanuco;Huanuco;Huanuco;Por determinar;Por Determinar;UF0035237;Huanuco;18;364639.0;8904524;133;538.0;0.0538;1500;Urbano;Público;ACTIVO;No;Si;No;No;No;No;No;Recuperación;2022;Resolución N.° 00054-2022-OEFA/DSIS
38998;7584838-anexo-ii-5.xlsx;562;100101;Huanuco;Huanuco;Huanuco;Por determinar;Por Determinar;UF0035238;Colpa Baja 1;18;368510.0;8907227;80;227.0;0.0227;700;Rural;Público;ACTIVO;No;No;No;No;No;No;No;Recuperación;2022;Resolución N.° 00054-2022-OEFA/DSIS
38999;7584838-anexo-ii-5.xlsx;563;100101;Huanuco;Huanuco;Huanuco;Por determinar;Por Determinar;UF0035239;Colpa Baja 2;18;368492.0;8907195;75.2;285.0;0.0285;350;Rural;Público;ACTIVO;No;No;No;No;No;No;No;Recuperación;2022;Resolución N.° 00054-2022-OEFA/DSIS
39000;7584838-anexo-ii-5.xlsx;564;100101;Huanuco;Huanuco;Huanuco;Por determinar;Por Determinar;UF0035240;Colpa Baja 3;18;368482.0;8907176;96.1;157.3;0.01573;260;Rural;Público;ACTIVO;No;No;No;No;No;No;No;Recuperación;2022;Resolución N.° 00054-2022-OEFA/DSIS
39001;7584838-anexo-ii-5.xlsx;565;100101;Huanuco;Huanuco;Huanuco;Por determinar;Por Determinar;UF0035241;Colpa Baja 5;18;368433.0;8907144;69;226.0;0.0226;750;Rural;Público;ACTIVO;No;No;No;No;No;No;No;Recuperación;2022;Resolución N.° 00054-2022-OEFA/DSIS
39002;7584838-anexo-ii-5.xlsx;566;100101;Huanuco;Huanuco;Huanuco;Por determinar;Por Determinar;UF0035244;Colpa Baja 9;18;367053.0;8907118;96.4;204.0;0.0204;489;Rural;Público;ACTIVO;No;No;No;No;No;No;No;Recuperación;2022;Resolución N.° 00054-2022-OEFA/DSIS
39003;7584838-anexo-ii-5.xlsx;567;100101;Huanuco;Huanuco;Huanuco;Por determinar;Por Determinar;UF0035245;Colpa Baja 11;18;366533.0;8907073;109;444.0;0.0444;300;Urbano;Público;ACTIVO;No;No;No;No;No;No;No;Recuperación;2022;Resolución N.° 00054-2022-OEFA/DSIS
39004;7584838-anexo-ii-5.xlsx;568;100101;Huanuco;Huanuco;Huanuco;Por determinar;Por Determinar;UF0035246;Colpa Baja 12;18;366404.68;8907073.22;117;809.0;0.0809;2184;Urbano;Público;ACTIVO;No;No;No;No;No;No;No;Recuperación;2022;Resolución N.° 00054-2022-OEFA/DSIS
39005;7584838-anexo-ii-5.xlsx;569;100101;Huanuco;Huanuco;Huanuco;Por determinar;Por Determinar;UF0035253;Pucuchinche 1;18;359092.35;8902425.41;90.2;246.0;0.0246;800;Urbano;Público;ACTIVO;No;Si;No;No;No;No;No;Recuperación;2022;Resolución N.° 00054-2022-OEFA/DSIS
39006;7584838-anexo-ii-5.xlsx;570;100101;Huanuco;Huanuco;Huanuco;Por determinar;Por Determinar;UF0035254;Pucuchinche 2;18;359033.65;8902422.63;95.7;351.0;0.0351;900;Urbano;Privado;ACTIVO;No;No;No;No;No;No;No;Recuperación;2022;Resolución N.° 00054-2022-OEFA/DSIS
39007;7584838-anexo-ii-5.xlsx;571;100101;Huanuco;Huanuco;Huanuco;Por determinar;Por Determinar;UF0035257;Camal Municipal;18;364811.49;8903241.22;56.4;199.0;0.0199;90;Urbano;Público;ACTIVO;No;No;No;No;No;No;No;Recuperación;2022;Resolución N.° 00054-2022-OEFA/DSIS
39008;7584838-anexo-ii-5.xlsx;572;100101;Huanuco;Huanuco;Huanuco;Por determinar;Por Determinar;UF0035258;AA.HH. Ignacio Arburu;18;364760.7;8903507.4;74.5;143.0;0.0143;100;Urbano;Público;NO ACTIVO;No;No;No;No;No;No;No;Recuperación;2022;Resolución N.° 00054-2022-OEFA/DSIS
39009;7584838-anexo-ii-5.xlsx;573;100101;Huanuco;Huanuco;Huanuco;Por determinar;Por Determinar;UF0035259;Los Pinos 2;18;364721.0;8903695;260;1208.0;0.1208;4832;Urbano;Público;ACTIVO;No;No;No;No;No;No;No;Recuperación;2022;Resolución N.° 00054-2022-OEFA/DSIS
39010;7584838-anexo-ii-5.xlsx;574;100101;Huanuco;Huanuco;Huanuco;Por determinar;Por Determinar;UF0035260;Los Pinos 3;18;364778.88;8903867;269;468.0;0.0468;1200;Urbano;Público;ACTIVO;No;No;No;No;No;No;No;Recuperación;2022;Resolución N.° 00054-2022-OEFA/DSIS
39011;7584838-anexo-ii-5.xlsx;575;100101;Huanuco;Huanuco;Huanuco;Por determinar;Por Determinar;UF0035261;Los Pinos 4;18;364706.0;8903824;300;2119.0;0.2119;2900;Urbano;Público;ACTIVO;No;No;No;No;No;No;No;Recuperación;2022;Resolución N.° 00054-2022-OEFA/DSIS
39012;7584838-anexo-ii-5.xlsx;576;100101;Huanuco;Huanuco;Huanuco;Por determinar;Por Determinar;UF0035262; Huayopampa 1;18;364671.18;8904055.3;399.4;1982.0;0.1982;3480;Urbano;Público;NO ACTIVO;No;No;No;No;No;No;No;Recuperación;2022;Resolución N.° 00054-2022-OEFA/DSIS
39013;7584838-anexo-ii-5.xlsx;577;100101;Huanuco;Huanuco;Huanuco;Por determinar;Por Determinar;UF0035284;La Esperanza 1;18;366658.0;8907038;264.2;1217.0;0.1217;3800;Urbano;Público;ACTIVO;No;Si;No;No;No;No;No;Recuperación;2022;Resolución N.° 00054-2022-OEFA/DSIS
39014;7584838-anexo-ii-5.xlsx;578;100101;Huanuco;Huanuco;Huanuco;Por determinar;Por Determinar;UF0035285;La Esperanza 4;18;366435.0;8906998;542;2582.0;0.2852;6086;Urbano;Público;ACTIVO;No;No;No;No;No;No;No;Recuperación;2022;Resolución N.° 00054-2022-OEFA/DSIS
39015;7584838-anexo-ii-5.xlsx;579;100101;Huanuco;Huanuco;Huanuco;Por determinar;Por Determinar;UF0035286;La Esperanza 5;18;366137.0;8906854;83.9;278.0;0.0278;973;Urbano;Público;ACTIVO;No;No;No;No;No;No;No;Recuperación;2022;Resolución N.° 00054-2022-OEFA/DSIS
39016;7584838-anexo-ii-5.xlsx;580;100101;Huanuco;Huanuco;Huanuco;Por determinar;Por Determinar;UF0035296;La Esperanza 11;18;365356.0;8905972;112;623.0;0.0623;1246;Urbano;Público;ACTIVO;No;No;No;No;No;No;No;Recuperación;2022;Resolución N.° 00054-2022-OEFA/DSIS
39017;7584838-anexo-ii-5.xlsx;581;100101;Huanuco;Huanuco;Huanuco;Por determinar;Por Determinar;UF0035309;Llicua Baja 1;18;364715.0;8902599;124;657.0;0.0657;2400;Urbano;Público;ACTIVO;No;No;No;No;No;No;No;Recuperación;2022;Resolución N.° 00054-2022-OEFA/DSIS
39018;7584838-anexo-ii-5.xlsx;582;100101;Huanuco;Huanuco;Huanuco;Por determinar;Por Determinar;UF0035310;Llicua Baja 2;18;364690.0;8902500;80.5;227.0;0.0227;180;Urbano;Público;ACTIVO;No;No;No;No;No;No;No;Recuperación;2022;Resolución N.° 00054-2022-OEFA/DSIS
39019;7584838-anexo-ii-5.xlsx;583;100111;Huanuco;Huanuco;Pilco marca;Por determinar;Por Determinar;UF0018314;Monticuchoi;18;364163.63;8896033.71;225;280.0;0.028;350;Rural;Público;NO ACTIVO;No;No;No;No;No;No;No;Recuperación;2022;Resolución N.° 00018-2022-OEFA/DSIS
39020;7584838-anexo-ii-5.xlsx;584;100111;Huanuco;Huanuco;Pilco marca;Por determinar;Por Determinar;UF0018315;Colpa Alta;18;364228.77;8895557.84;117;200.0;0.02;159;Rural;Público;NO ACTIVO;No;No;No;No;No;No;No;Recuperación;2022;Resolución N.° 00018-2022-OEFA/DSIS
39021;7584838-anexo-ii-5.xlsx;585;100111;Huanuco;Huanuco;Pilco marca;Por determinar;Por Determinar;UF0018317;Monticucho;18;364146.92;8896078.6;163;1506.0;0.1506;1957.8;Rural;Privado;ACTIVO;No;No;No;No;No;No;No;Recuperación;2022;Resolución N.° 00018-2022-OEFA/DSIS
39022;7584838-anexo-ii-5.xlsx;586;100111;Huanuco;Huanuco;Pillco Marca;Por determinar;Por Determinar;UF0035230;Yanag 1;18;364461.67;8894211;406.5;2035.0;0.2035;4111;Urbano;Público;ACTIVO;No;No;No;No;No;No;No;Recuperación;2022;Resolución N.° 00054-2022-OEFA/DSIS
39023;7584838-anexo-ii-5.xlsx;587;100111;Huanuco;Huanuco;Pillco Marca;Por determinar;Por Determinar;UF0035231;Yanag 5;18;363994.0;8894936;86.3;316.0;0.0316;126;Urbano;Público;ACTIVO;No;No;No;No;No;No;No;Recuperación;2022;Resolución N.° 00054-2022-OEFA/DSIS
39024;7584838-anexo-ii-5.xlsx;588;100111;Huanuco;Huanuco;Pillco Marca;Por determinar;Por Determinar;UF0035232;Yanag 6;18;364092.36;8895103.37;311.5;1305.0;0.1305;2530;Urbano;Público;ACTIVO;No;No;No;No;No;No;No;Recuperación;2022;Resolución N.° 00054-2022-OEFA/DSIS
39025;7584838-anexo-ii-5.xlsx;589;100111;Huanuco;Huanuco;Pillco Marca;Por determinar;Por Determinar;UF0035233;Yanag 10;18;364165.0;8895263;96.4;313.0;0.0313;370;Urbano;Público;ACTIVO;No;Si;No;No;No;No;No;Recuperación;2022;Resolución N.° 00054-2022-OEFA/DSIS
39026;7584838-anexo-ii-5.xlsx;590;100111;Huanuco;Huanuco;Pillco Marca;Por determinar;Por Determinar;UF0035234;Yanag 11;18;364178.0;8895332;475;2514.0;0.2514;5300;Urbano;Público;ACTIVO;No;No;No;No;No;No;No;Recuperación;2022;Resolución N.° 00054-2022-OEFA/DSIS
39027;7584838-anexo-ii-5.xlsx;591;100111;Huanuco;Huanuco;Pillco Marca;Por determinar;Por Determinar;UF0035252;Colpa Alta 6;18;364222.5;8895350.62;136;293.0;0.0293;700;Urbano;Público;ACTIVO;No;No;No;No;No;No;No;Recuperación;2022;Resolución N.° 00054-2022-OEFA/DSIS
39028;7584838-anexo-ii-5.xlsx;592;100111;Huanuco;Huanuco;Pillco Marca;Por determinar;Por Determinar;UF0035255;Cayhuayna Alta 1;18;363191.58;8896899.29;78.5;234.0;0.0234;600;Urbano;Público;ACTIVO;No;No;No;No;No;No;No;Recuperación;2022;Resolución N.° 00054-2022-OEFA/DSIS
39029;7584838-anexo-ii-5.xlsx;593;100111;Huanuco;Huanuco;Pillco Marca;Por determinar;Por Determinar;UF0035256;Cayhuayna Alta 2;18;363025.0;8896901;311;3276.0;0.3276;2000;Urbano;Privado;ACTIVO;No;Si;No;No;No;No;No;Recuperación;2022;Resolución N.° 00054-2022-OEFA/DSIS
39030;7584838-anexo-ii-5.xlsx;594;100111;Huanuco;Huanuco;Pillco Marca;Por determinar;Por Determinar;UF0035264;Santa Rosa de Pitumama 1;18;364172.0;8895905;75;241.0;0.0241;554;Urbano;Público;ACTIVO;No;No;No;No;No;No;No;Recuperación;2022;Resolución N.° 00054-2022-OEFA/DSIS
39031;7584838-anexo-ii-5.xlsx;595;100111;Huanuco;Huanuco;Pillco Marca;Por determinar;Por Determinar;UF0035265;Santa Rosa de Pitumama 2;18;363890.58;8896068.45;294.7;940.0;0.094;739.8;Urbano;Público;ACTIVO;No;No;No;No;No;No;No;Recuperación;2022;Resolución N.° 00054-2022-OEFA/DSIS
39032;7584838-anexo-ii-5.xlsx;596;100111;Huanuco;Huanuco;Pillco Marca;Por determinar;Por Determinar;UF0035266;Santa Rosa de Pitumama 5;18;364115.0;8895850;85.3;182.0;0.0182;218;Urbano;Público;ACTIVO;No;No;No;No;No;No;No;Recuperación;2022;Resolución N.° 00054-2022-OEFA/DSIS
39033;7584838-anexo-ii-5.xlsx;597;100111;Huanuco;Huanuco;Pillco Marca;Por determinar;Por Determinar;UF0035267;Santa Rosa de Pitumama 6;18;364098.0;8895884;45.1;127.0;0.0127;530;Urbano;Público;ACTIVO;No;No;No;No;No;No;No;Recuperación;2022;Resolución N.° 00054-2022-OEFA/DSIS
39034;7584838-anexo-ii-5.xlsx;598;100111;Huanuco;Huanuco;Pillco Marca;Por determinar;Por Determinar;UF0035268;Santa Rosa de Pitumama 7;18;364069.44;8895922.54;160;533.0;0.0533;1300;Urbano;Público;ACTIVO;No;No;No;No;No;No;No;Recuperación;2022;Resolución N.° 00054-2022-OEFA/DSIS
39035;7584838-anexo-ii-5.xlsx;599;100111;Huanuco;Huanuco;Pillco Marca;Por determinar;Por Determinar;UF0035269;Santa Rosa de Pitumama 13;18;363681.0;8896130;50.8;93.2;0.00932;46;Urbano;Público;NO ACTIVO;No;No;No;No;No;No;No;Recuperación;2022;Resolución N.° 00054-2022-OEFA/DSIS
39036;7584838-anexo-ii-5.xlsx;600;100111;Huanuco;Huanuco;Pillco Marca;Por determinar;Por Determinar;UF0035270;Santa Rosa de Pitumama 14;18;363604.74;8896202.67;72.2;215.0;0.0215;190;Urbano;Público;ACTIVO;No;No;No;No;No;No;No;Recuperación;2022;Resolución N.° 00054-2022-OEFA/DSIS
39037;7584838-anexo-ii-5.xlsx;601;100111;Huanuco;Huanuco;Pillco Marca;Por determinar;Por Determinar;UF0035271;Santa Rosa de Pitumama 15;18;364007.82;8895937.62;65.7;132.0;0.0132;140;Urbano;Público;ACTIVO;No;No;No;No;No;No;No;Recuperación;2022;Resolución N.° 00054-2022-OEFA/DSIS
39038;7584838-anexo-ii-5.xlsx;602;100111;Huanuco;Huanuco;Pillco Marca;Por determinar;Por Determinar;UF0035272;Santa Rosa de Pitumama 17;18;363968.0;8895942;132;898.0;0.0898;500;Urbano;Público;ACTIVO;No;No;No;No;No;No;No;Recuperación;2022;Resolución N.° 00054-2022-OEFA/DSIS
39039;7584838-anexo-ii-5.xlsx;603;100111;Huanuco;Huanuco;Pillco Marca;Por determinar;Por Determinar;UF0035273;Santa Rosa de Pitumama 18;18;363752.0;8895988;93.5;407.0;0.0407;1200;Urbano;Público;ACTIVO;No;No;No;No;No;No;No;Recuperación;2022;Resolución N.° 00054-2022-OEFA/DSIS
39040;7584838-anexo-ii-5.xlsx;604;100111;Huanuco;Huanuco;Pillco Marca;Por determinar;Por Determinar;UF0035274;Andabamba;18;364588.0;8892786;57;193.0;0.0193;600;Urbano;Privado;ACTIVO;No;No;No;No;No;No;No;Recuperación;2022;Resolución N.° 00054-2022-OEFA/DSIS
39041;7584838-anexo-ii-5.xlsx;605;100111;Huanuco;Huanuco;Pillco Marca;Por determinar;Por Determinar;UF0035275;Malecon Walter Soberon 1;18;363832.0;8897296;578.3;1657.0;0.1657;1900;Urbano;Público;ACTIVO;No;Si;No;No;No;No;No;Recuperación;2022;Resolución N.° 00054-2022-OEFA/DSIS
39042;7584838-anexo-ii-5.xlsx;606;100111;Huanuco;Huanuco;Pillco Marca;Por determinar;Por Determinar;UF0035276;Lado derecho rio Huancachupa;18;363856.0;8897263;456;9295.0;0.9295;5000;Urbano;Privado;ACTIVO;No;No;No;No;No;No;No;Recuperación;2022;Resolución N.° 00054-2022-OEFA/DSIS
39043;7584838-anexo-ii-5.xlsx;607;100111;Huanuco;Huanuco;Pillco Marca;Por determinar;Por Determinar;UF0035277;Juan Velasco Alvarado;18;363290.0;8898642;64.3;199.0;0.0199;400;Urbano;Público;ACTIVO;No;Si;No;No;No;No;No;Recuperación;2022;Resolución N.° 00054-2022-OEFA/DSIS
39044;7584838-anexo-ii-5.xlsx;608;100111;Huanuco;Huanuco;Pillco Marca;Por determinar;Por Determinar;UF0035278;Malecon Walter Soberon 7;18;363891.0;8897628;409.8;1035.0;0.1035;1639;Urbano;Público;ACTIVO;No;No;No;No;No;No;No;Recuperación;2022;Resolución N.° 00054-2022-OEFA/DSIS
39045;7584838-anexo-ii-5.xlsx;609;100111;Huanuco;Huanuco;Pillco Marca;Por determinar;Por Determinar;UF0035290;Malecon Walter Soberon 13;18;363903.0;8897873;173;527.0;0.0527;1054;Urbano;Público;ACTIVO;No;No;No;No;No;No;No;Recuperación;2022;Resolución N.° 00054-2022-OEFA/DSIS
39046;7584838-anexo-ii-5.xlsx;610;100111;Huanuco;Huanuco;Pillco Marca;Por determinar;Por Determinar;UF0035291;Malecon Walter Soberon 14;18;363870.0;8898048;160.7;684.0;0.0684;1575;Urbano;Público;ACTIVO;No;No;No;No;No;No;No;Recuperación;2022;Resolución N.° 00054-2022-OEFA/DSIS
39047;7584838-anexo-ii-5.xlsx;611;100111;Huanuco;Huanuco;Pillco Marca;Por determinar;Por Determinar;UF0035292;Malecon Walter Soberon 16;18;363986.0;8898436;505;2239.0;0.2239;5623;Urbano;Público;ACTIVO;No;No;No;No;No;No;No;Recuperación;2022;Resolución N.° 00054-2022-OEFA/DSIS
39048;7584838-anexo-ii-5.xlsx;612;100111;Huanuco;Huanuco;Pillco Marca;Por determinar;Por Determinar;UF0035293;Malecon Walter Soberon 19;18;363979.0;8898696;77.2;286.0;0.0286;572;Urbano;Público;ACTIVO;No;Si;No;No;No;No;No;Recuperación;2022;Resolución N.° 00054-2022-OEFA/DSIS
39049;7584838-anexo-ii-5.xlsx;613;100111;Huanuco;Huanuco;Pillco Marca;Por determinar;Por Determinar;UF0035294;Malecon Walter Soberon 20;18;363899.0;8898926;51.1;168.0;0.0168;40;Urbano;Público;ACTIVO;No;No;No;No;No;No;No;Recuperación;2022;Resolución N.° 00054-2022-OEFA/DSIS
39050;7584838-anexo-ii-5.xlsx;614;100111;Huanuco;Huanuco;Pillco Marca;Por determinar;Por Determinar;UF0035295;Malecon Walter Soberon 21;18;363912.0;8898992;322.7;958.3;0.0958;2719;Urbano;Público;ACTIVO;No;No;No;No;No;No;No;Recuperación;2022;Resolución N.° 00054-2022-OEFA/DSIS
39051;7584838-anexo-ii-5.xlsx;615;100111;Huanuco;Huanuco;Pillco Marca;Por determinar;Por Determinar;UF0035299;Malecon Walter Soberon 25;18;363758.0;8899232;53.5;155.0;0.0155;420;Urbano;Público;ACTIVO;No;No;No;No;No;No;No;Recuperación;2022;Resolución N.° 00054-2022-OEFA/DSIS
39052;7584838-anexo-ii-5.xlsx;616;100111;Huanuco;Huanuco;Pillco Marca;Por determinar;Por Determinar;UF0035300;Malecon Walter Soberon 26;18;363484.0;8899501;246;2848.0;0.2848;7000;Urbano;Privado;ACTIVO;No;No;No;No;No;No;No;Recuperación;2022;Resolución N.° 00054-2022-OEFA/DSIS
39053;7584838-anexo-ii-5.xlsx;617;100111;Huanuco;Huanuco;Pillco Marca;Por determinar;Por Determinar;UF0035301;Malecon Walter Soberon 27;18;363526.0;8899646;162.4;630.0;0.063;2610;Urbano;Público;ACTIVO;No;No;No;No;No;No;No;Recuperación;2022;Resolución N.° 00054-2022-OEFA/DSIS
39054;7584838-anexo-ii-5.xlsx;618;100111;Huanuco;Huanuco;Pillco Marca;Por determinar;Por Determinar;UF0035302;Malecon Walter Soberon 29;18;363479.0;8899772;379;1860.0;0.186;11596;Urbano;Público;ACTIVO;No;No;No;No;No;No;No;Recuperación;2022;Resolución N.° 00054-2022-OEFA/DSIS
39055;7584838-anexo-ii-5.xlsx;619;100111;Huanuco;Huanuco;Pillco Marca;Por determinar;Por Determinar;UF0035305;Malecon Walter Soberon 31;18;363398.0;8899819;285.7;1133.0;0.1133;3150;Urbano;Público;ACTIVO;No;No;No;No;No;No;No;Recuperación;2022;Resolución N.° 00054-2022-OEFA/DSIS
39056;7584838-anexo-ii-5.xlsx;620;100111;Huanuco;Huanuco;Pillco Marca;Por determinar;Por Determinar;UF0035306;Malecon Walter Soberon 34;18;363263.0;8899936;407;2373.0;0.2373;8400;Urbano;Público;ACTIVO;No;No;No;No;No;No;No;Recuperación;2022;Resolución N.° 00054-2022-OEFA/DSIS
39057;7584838-anexo-ii-5.xlsx;621;100111;Huanuco;Huanuco;Pillco Marca;Por determinar;Por Determinar;UF0035308;Malecon Walter Soberon 36;18;362999.0;8900195;232;783.13;0.0783;1135;Urbano;Público;ACTIVO;No;No;No;No;No;No;No;Recuperación;2022;Resolución N.° 00054-2022-OEFA/DSIS
39058;7584838-anexo-ii-5.xlsx;622;100109;Huanuco;Huanuco;Santa Maria del Valle;7742175;"Ramirez Bernal Edward Daniel
Cortez Rojas Almira";UF0035303;Zona Culcuy;18;368476.0;8907032;300;4415.0;0.4415;88300;Urbano;Privado;ACTIVO;No;No;No;No;No;No;No;Recuperación;2022;Resolución N.° 00054-2022-OEFA/DSIS
39059;7584838-anexo-ii-5.xlsx;623;110201;Ica;Chincha;Chincha Alta;Por determinar;Por Determinar;UF0035365;Chincha Alta 2;18;378938.0;8516825;243;2262.0;0.2262;4524;Urbano;Público;ACTIVO;No;Si;No;No;No;No;No;Recuperación;2022;Resolución N.° 00054-2022-OEFA/DSIS
39060;7584838-anexo-ii-5.xlsx;624;110201;Ica;Chincha;Chincha Alta;Por determinar;Por Determinar;UF0035366;Chincha Alta 3;18;379869.25;8516302.64;189;691.0;0.0691;1382;Urbano;Público;ACTIVO;No;Si;No;No;No;No;No;Recuperación;2022;Resolución N.° 00054-2022-OEFA/DSIS
39061;7584838-anexo-ii-5.xlsx;625;110201;Ica;Chincha;Chincha Alta;Por determinar;Por Determinar;UF0035367;Chincha Alta 4;18;380235.0;8516531;194;691.0;0.0691;1382;Urbano;Público;ACTIVO;No;Si;No;No;No;No;No;Recuperación;2022;Resolución N.° 00054-2022-OEFA/DSIS
39062;7584838-anexo-ii-5.xlsx;626;110204;Ica;Chincha;Chincha Baja;Por determinar;Por Determinar;UF0018346;Tambo De Mora;18;372928.0;8511327;535;8124.0;0.8124;4062;Rural;Público;ACTIVO;No;No;No;No;No;No;No;Recuperación;2022;Resolución N.° 00018-2022-OEFA/DSIS
39063;7584838-anexo-ii-5.xlsx;627;110204;Ica;Chincha;Chincha Baja;Por determinar;Por Determinar;UF0035363;El Carmen 5;18;376405.0;8505920;995;5415.0;0.5415;10830;Urbano;Público;ACTIVO;No;Si;No;No;No;No;No;Recuperación;2022;Resolución N.° 00054-2022-OEFA/DSIS
39064;7584838-anexo-ii-5.xlsx;628;110204;Ica;Chincha;Chincha Baja;Por determinar;Por Determinar;UF0035364;El Carmen 6;18;376639.82;8504882.93;483;1262.0;0.1262;2524;Urbano;Público;ACTIVO;No;Si;No;No;No;No;No;Recuperación;2022;Resolución N.° 00054-2022-OEFA/DSIS
39065;7584838-anexo-ii-5.xlsx;629;110204;Ica;Chincha;Chincha Baja;Por determinar;Por Determinar;UF0035368;Chincha Alta 5;18;376685.0;8508630;322;3489.0;0.3489;6978;Urbano;Público;ACTIVO;No;Si;No;No;No;No;No;Recuperación;2022;Resolución N.° 00054-2022-OEFA/DSIS
39066;7584838-anexo-ii-5.xlsx;630;110204;Ica;Chincha;Chincha Baja;Por determinar;Por Determinar;UF0035369;Chincha Alta 6;18;376513.06;8506922.38;222;428.0;0.0428;856;Urbano;Público;ACTIVO;No;Si;No;No;No;No;No;Recuperación;2022;Resolución N.° 00054-2022-OEFA/DSIS
39067;7584838-anexo-ii-5.xlsx;631;110204;Ica;Chincha;Chincha Baja;Por determinar;Por Determinar;UF0035370;Chincha Alta 7;18;376883.0;8510384;454;9363.0;0.9363;18726;Urbano;Público;ACTIVO;No;Si;No;No;No;No;No;Recuperación;2022;Resolución N.° 00054-2022-OEFA/DSIS
39068;7584838-anexo-ii-5.xlsx;632;110205;Ica;Chincha;El Carmen;Por determinar;Por Determinar;UF0035356;Carretera El Carmen 1;18;382495.0;8506954;1075;3702.0;0.3702;7404;Rural;Público;ACTIVO;No;Si;No;No;No;No;No;Recuperación;2022;Resolución N.° 00054-2022-OEFA/DSIS
39069;7584838-anexo-ii-5.xlsx;633;110205;Ica;Chincha;El Carmen;Por determinar;Por Determinar;UF0035357;Carretera El Carmen 2;18;382504.0;8506843;843;6995.0;0.6995;13990;Rural;Público;ACTIVO;No;Si;No;No;No;No;No;Recuperación;2022;Resolución N.° 00054-2022-OEFA/DSIS
39070;7584838-anexo-ii-5.xlsx;634;110205;Ica;Chincha;El Carmen;Por determinar;Por Determinar;UF0035358;Carretera Minera Santa Enma 2;18;386027.4;8506917;558;3075.0;0.3075;6150;Urbano;Privado;ACTIVO;No;Si;No;No;No;No;No;Recuperación;2022;Resolución N.° 00054-2022-OEFA/DSIS
39071;7584838-anexo-ii-5.xlsx;635;110205;Ica;Chincha;El Carmen;Por determinar;Por Determinar;UF0035359;El Carmen 1;18;386742.85;8506857.92;301;4942.0;0.4942;9884;Urbano;Privado;ACTIVO;No;Si;No;No;No;No;No;Recuperación;2022;Resolución N.° 00054-2022-OEFA/DSIS
39072;7584838-anexo-ii-5.xlsx;636;110205;Ica;Chincha;El Carmen;Por determinar;Por Determinar;UF0035360;El Carmen 2;18;387417.0;8506734;300;1928.0;0.1928;3856;Urbano;Privado;ACTIVO;No;Si;No;No;No;No;No;Recuperación;2022;Resolución N.° 00054-2022-OEFA/DSIS
39073;7584838-anexo-ii-5.xlsx;637;110205;Ica;Chincha;El Carmen;Por determinar;Por Determinar;UF0035361;El Carmen 3;18;386463.0;8506998;339;4797.0;0.4797;9594;Urbano;Público;ACTIVO;No;Si;No;No;No;No;No;Recuperación;2022;Resolución N.° 00054-2022-OEFA/DSIS
39074;7584838-anexo-ii-5.xlsx;638;110205;Ica;Chincha;El Carmen;Por determinar;Por Determinar;UF0035362;El Carmen 4;18;379774.0;8507123;316;4470.0;0.447;8940;Rural;Público;ACTIVO;No;Si;No;No;No;No;No;Recuperación;2022;Resolución N.° 00054-2022-OEFA/DSIS
39075;7584838-anexo-ii-5.xlsx;639;110206;Ica;Chincha;Grocio Prado;Por determinar;Por Determinar;UF0018380;Grocio Prado;18;371968.0;8516893;339;3887.0;0.3887;1444;Urbano;Público;ACTIVO;No;No;No;No;No;No;No;Recuperación;2022;Resolución N.° 00018-2022-OEFA/DSIS
39076;7584838-anexo-ii-5.xlsx;640;110206;Ica;Chincha;Grocio Prado;Por determinar;Por Determinar;UF0035353;Chincha Alta 1;18;375322.0;8518570;547;6375.0;0.6375;12750;Urbano;Público;ACTIVO;No;Si;No;No;No;No;No;Recuperación;2022;Resolución N.° 00054-2022-OEFA/DSIS
39077;7584838-anexo-ii-5.xlsx;641;110206;Ica;Chincha;Grocio Prado;Por determinar;Por Determinar;UF0035355;Pueblo Nuevo;18;375348.0;8519297;2642;80297.0;8.0297;160594;Urbano;Privado;ACTIVO;No;Si;No;No;No;No;No;Recuperación;2022;Resolución N.° 00054-2022-OEFA/DSIS
39078;7584838-anexo-ii-5.xlsx;642;110206;Ica;Chincha;Grocio Prado;Por determinar;Por Determinar;UF0035377;Chincha Alta 14;18;371253.0;8516934;666;12540.0;1.254;25080;Urbano;Privado;ACTIVO;No;Si;No;No;No;No;No;Recuperación;2022;Resolución N.° 00054-2022-OEFA/DSIS
39079;7584838-anexo-ii-5.xlsx;643;110206;Ica;Chincha;Grocio Prado;Por determinar;Por Determinar;UF0035378;Chincha Alta 15;18;371041.43;8517387.66;390;4099.0;0.4099;8198;Urbano;Privado;ACTIVO;No;Si;No;No;No;No;No;Recuperación;2022;Resolución N.° 00054-2022-OEFA/DSIS
39080;7584838-anexo-ii-5.xlsx;644;110207;Ica;Chincha;Pueblo Nuevo;Por determinar;Por Determinar;UF0035354;Ciudad Juarez;18;376528.87;8519316.84;334;2902.0;0.2902;8706;Urbano;Privado;ACTIVO;No;Si;No;No;No;No;No;Recuperación;2022;Resolución N.° 00054-2022-OEFA/DSIS
39081;7584838-anexo-ii-5.xlsx;645;110210;Ica;Chincha;Sunampe;Por determinar;Por Determinar;UF0018378;Sunampe 1;18;372624.0;8516866;547;14046.0;1.4046;7023;Urbano;Privado;ACTIVO;No;No;No;No;No;No;No;Recuperación;2022;Resolución N.° 00018-2022-OEFA/DSIS
39082;7584838-anexo-ii-5.xlsx;646;110210;Ica;Chincha;Sunampe;Por determinar;Por Determinar;UF0018379;Sunampe 2;18;372889.0;8517025;504;11822.0;1.1822;11822;Urbano;Privado;ACTIVO;No;No;No;No;No;No;No;Recuperación;2022;Resolución N.° 00018-2022-OEFA/DSIS
39083;7584838-anexo-ii-5.xlsx;647;110210;Ica;Chincha;Sunampe;Por determinar;Por Determinar;UF0035374;Chincha Alta 11;18;372311.0;8514879;801;13839.0;1.3839;27678;Urbano;Público;ACTIVO;No;Si;No;No;No;No;No;Recuperación;2022;Resolución N.° 00054-2022-OEFA/DSIS
39084;7584838-anexo-ii-5.xlsx;648;110210;Ica;Chincha;Sunampe;Por determinar;Por Determinar;UF0035376;Chincha Alta 13;18;373289.0;8517226;380;4073.0;0.4073;8146;Urbano;Público;ACTIVO;No;Si;No;No;No;No;No;Recuperación;2022;Resolución N.° 00054-2022-OEFA/DSIS
39085;7584838-anexo-ii-5.xlsx;649;110211;Ica;Chincha;Tambo de Mora;Por determinar;Por Determinar;UF0035371;Chincha Alta 8;18;372052.47;8514733.84;561;12205.0;1.2205;24410;Urbano;Público;ACTIVO;No;Si;No;No;No;No;No;Recuperación;2022;Resolución N.° 00054-2022-OEFA/DSIS
39086;7584838-anexo-ii-5.xlsx;650;110211;Ica;Chincha;Tambo de Mora;Por determinar;Por Determinar;UF0035372;Chincha Alta 9;18;371505.0;8514754;2534;44040.0;4.404;88080;Urbano;Público;ACTIVO;No;Si;No;No;No;No;No;Recuperación;2022;Resolución N.° 00054-2022-OEFA/DSIS
39087;7584838-anexo-ii-5.xlsx;651;110211;Ica;Chincha;Tambo de Mora;Por determinar;Por Determinar;UF0035373;Chincha Alta 10;18;371709.0;8514741;1640;9637.0;0.9637;19274;Urbano;Público;ACTIVO;No;Si;No;No;No;No;No;Recuperación;2022;Resolución N.° 00054-2022-OEFA/DSIS
39088;7584838-anexo-ii-5.xlsx;652;110211;Ica;Chincha;Tambo de Mora;Por determinar;Por Determinar;UF0035375;Chincha Alta 12;18;371762.0;8513707;775;4378.0;0.4378;8756;Urbano;Público;ACTIVO;No;Si;No;No;No;No;No;Recuperación;2022;Resolución N.° 00054-2022-OEFA/DSIS
39089;7584838-anexo-ii-5.xlsx;653;110101;Ica;Ica;Ica;Por determinar;Por Determinar;UF0035387;Santa Rosa del Palmar;18;421098.0;8442714;1397;40083.0;4.0083;80166;Urbano;Privado;ACTIVO;No;No;No;No;No;No;No;Recuperación;2022;Resolución N.° 00054-2022-OEFA/DSIS
39090;7584838-anexo-ii-5.xlsx;654;110101;Ica;Ica;Ica;Por determinar;Por Determinar;UF0035388;Sector 1;18;421204.0;8442175;519;5629.0;0.5629;11258;Urbano;Privado;ACTIVO;No;No;No;No;No;No;No;Recuperación;2022;Resolución N.° 00054-2022-OEFA/DSIS
39091;7584838-anexo-ii-5.xlsx;655;110101;Ica;Ica;Ica;Por determinar;Por Determinar;UF0035389;Sector 2;18;421250.0;8442299;459;7662.0;0.7662;15324;Urbano;Privado;ACTIVO;No;No;No;No;No;No;No;Recuperación;2022;Resolución N.° 00054-2022-OEFA/DSIS
39092;7584838-anexo-ii-5.xlsx;656;110101;Ica;Ica;Ica;Por determinar;Por Determinar;UF0035390;Urb Los Jardines de Villa;18;421386.0;8442317;1157;7444.0;0.7444;14888;Urbano;Privado;ACTIVO;No;No;No;No;No;No;No;Recuperación;2022;Resolución N.° 00054-2022-OEFA/DSIS
39093;7584838-anexo-ii-5.xlsx;657;110102;Ica;Ica;La Tinguiña;Por determinar;Por Determinar;UF0019113;La Tinguiña 1;18;424322.0;8447583;66.8;225.0;0.0225;225;Urbano;Público;NO ACTIVO;No;No;No;No;No;No;No;Recuperación;2022;Resolución N.° 00018-2022-OEFA/DSIS
39094;7584838-anexo-ii-5.xlsx;658;110102;Ica;Ica;La Tinguiña;Por determinar;Por Determinar;UF0018325;La Tinguiña 2;18;424366.0;8447664;151;724.0;0.0724;72.4;Urbano;Público;NO ACTIVO;No;No;No;No;No;No;No;Recuperación;2022;Resolución N.° 00018-2022-OEFA/DSIS
39095;7584838-anexo-ii-5.xlsx;659;110102;Ica;Ica;La Tinguiña;Por determinar;Por Determinar;UF0018326;La Tinguiña 3;18;424382.0;8448392;139;345.0;0.0345;345;Urbano;Público;NO ACTIVO;No;No;No;No;No;No;No;Recuperación;2022;Resolución N.° 00018-2022-OEFA/DSIS
39096;7584838-anexo-ii-5.xlsx;660;110102;Ica;Ica;La Tinguiña;Por determinar;Por Determinar;UF0018327;La Tinguiña 4;18;425910.0;8448541;84.3;271.0;0.0271;100;Urbano;Público;NO ACTIVO;No;No;No;No;No;No;No;Recuperación;2022;Resolución N.° 00018-2022-OEFA/DSIS
39097;7584838-anexo-ii-5.xlsx;661;110102;Ica;Ica;La Tinguiña;Por determinar;Por Determinar;UF0018328;La Tinguiña 5;18;426266.3;8448479.7;377;3317.0;0.3317;6634;Urbano;Público;NO ACTIVO;No;No;No;No;No;No;No;Recuperación;2022;Resolución N.° 00018-2022-OEFA/DSIS
39098;7584838-anexo-ii-5.xlsx;662;110103;Ica;Ica;Los Aquijes;Por determinar;Por Determinar;UF0019115;Los Aquijes;18;422826.798498;8440486.132265;617;21787.0;2.1787;21787;Urbano;Privado;ACTIVO;No;No;No;No;No;No;No;Recuperación;2022;Resolución N.° 00018-2022-OEFA/DSIS
39099;7584838-anexo-ii-5.xlsx;663;110103;Ica;Ica;Los Aquijes;Por determinar;Por Determinar;UF0035380;Los Aquijes 4;18;425998.0;8441577;505;4207.0;0.4207;8414;Urbano;Público;ACTIVO;No;Si;No;No;No;No;No;Recuperación;2022;Resolución N.° 00054-2022-OEFA/DSIS
39100;7584838-anexo-ii-5.xlsx;664;110103;Ica;Ica;Los Aquijes;Por determinar;Por Determinar;UF0035381;Los Aquijes 5;18;427117.0;8440726;3250;19933.0;1.9933;39866;Urbano;Privado;ACTIVO;No;Si;No;No;No;No;No;Recuperación;2022;Resolución N.° 00054-2022-OEFA/DSIS
39101;7584838-anexo-ii-5.xlsx;665;110103;Ica;Ica;Los Aquijes;Por determinar;Por Determinar;UF0035386;Ica;18;422583.66;8443422.64;1803;49448.0;4.9448;98896;Urbano;Privado;ACTIVO;No;Si;No;No;No;No;No;Recuperación;2022;Resolución N.° 00054-2022-OEFA/DSIS
39102;7584838-anexo-ii-5.xlsx;666;110106;Ica;Ica;Parcona;Por determinar;Por Determinar;UF0018324;La Achirana Del Inca;18;423661.0;8446645;217;957.0;0.0957;2871;Urbano;Público;NO ACTIVO;No;No;No;No;No;No;No;Recuperación;2022;Resolución N.° 00018-2022-OEFA/DSIS
39103;7584838-anexo-ii-5.xlsx;667;110106;Ica;Ica;Parcona;Por determinar;Por Determinar;UF0035379;Los Aquijes 3;18;422835.0;8443664;727;3024.0;0.3024;6048;Urbano;Público;ACTIVO;No;Si;No;No;No;No;No;Recuperación;2022;Resolución N.° 00054-2022-OEFA/DSIS
39104;7584838-anexo-ii-5.xlsx;668;110106;Ica;Ica;Parcona;Por determinar;Por Determinar;UF0035384;Los Aquijes 1;18;423304.0;8443621;1430;5749.0;0.5749;11498;Urbano;Público;ACTIVO;No;Si;No;No;No;No;No;Recuperación;2022;Resolución N.° 00054-2022-OEFA/DSIS
39105;7584838-anexo-ii-5.xlsx;669;110107;Ica;Ica;Pueblo Nuevo;Por determinar;Por Determinar;UF0018367;Pueblo Nuevo 1;18;423583.0;8437021;93.4;465.0;0.0465;233;Urbano;Privado;ACTIVO;No;No;No;No;No;No;No;Recuperación;2022;Resolución N.° 00018-2022-OEFA/DSIS
39106;7584838-anexo-ii-5.xlsx;670;110107;Ica;Ica;Pueblo Nuevo;Por determinar;Por Determinar;UF0018368;Pueblo Nuevo 2;18;423779.0;8437535;367;7662.0;0.7662;7662;Urbano;Público;ACTIVO;No;No;No;No;No;No;No;Recuperación;2022;Resolución N.° 00018-2022-OEFA/DSIS
39107;7584838-anexo-ii-5.xlsx;671;110107;Ica;Ica;Pueblo Nuevo;Por determinar;Por Determinar;UF0036012;Los Aquijes 2;18;431055.0;8436837;7913;149176.0;14.9176;298352;Rural;Privado;ACTIVO;No;Si;No;No;No;No;No;Recuperación;2022;Resolución N.° 00054-2022-OEFA/DSIS
39108;7584838-anexo-ii-5.xlsx;672;110111;Ica;Ica;Santiago;Por determinar;Por Determinar;UF0018369;Santiago 1;18;428713.0;8415083;295;3496.0;0.3496;2447;Rural;Público;ACTIVO;No;No;No;No;No;No;No;Recuperación;2022;Resolución N.° 00018-2022-OEFA/DSIS
39109;7584838-anexo-ii-5.xlsx;673;110111;Ica;Ica;Santiago;Por determinar;Por Determinar;UF0018370;Santiago 2;18;426963.0;8417823;195;250.0;0.025;150;Rural;Público;ACTIVO;No;No;No;No;No;No;No;Recuperación;2022;Resolución N.° 00018-2022-OEFA/DSIS
39110;7584838-anexo-ii-5.xlsx;674;110111;Ica;Ica;Santiago;Por determinar;Por Determinar;UF0018371;Santiago 3;18;423175.0;8433911;127;186.0;0.0186;93;Rural;Público;ACTIVO;No;No;No;No;No;No;No;Recuperación;2022;Resolución N.° 00018-2022-OEFA/DSIS
39111;7584838-anexo-ii-5.xlsx;675;110111;Ica;Ica;Santiago;Por determinar;Por Determinar;UF0018372;Santiago 4;18;422662.0;8436513;63.3;104.0;0.0104;50;Rural;Público;ACTIVO;No;No;No;No;No;No;No;Recuperación;2022;Resolución N.° 00018-2022-OEFA/DSIS
39112;7584838-anexo-ii-5.xlsx;676;110111;Ica;Ica;Santiago;Por determinar;Por Determinar;UF0018373;Santiago 5;18;436308.0;8408803;107;723.0;0.0723;72;Rural;Público;ACTIVO;No;No;No;No;No;No;No;Recuperación;2022;Resolución N.° 00018-2022-OEFA/DSIS
39113;7584838-anexo-ii-5.xlsx;677;110112;Ica;Ica;Subtanjalla;Por determinar;Por Determinar;UF0035382;Parcona 1;18;417411.0;8450804;496;9281.0;0.9281;18562;Urbano;Privado;ACTIVO;No;Si;No;No;No;No;No;Recuperación;2022;Resolución N.° 00054-2022-OEFA/DSIS
39114;7584838-anexo-ii-5.xlsx;678;110112;Ica;Ica;Subtanjalla;Por determinar;Por Determinar;UF0035383;Parcona 2;18;417375.0;8450864;480;8212.0;0.8212;16424;Urbano;Privado;ACTIVO;No;Si;No;No;No;No;No;Recuperación;2022;Resolución N.° 00054-2022-OEFA/DSIS
39115;7584838-anexo-ii-5.xlsx;679;110113;Ica;Ica;Tate;Por determinar;Por Determinar;UF0035385;La Esperanza 14;18;422954.53;8435714.4;428;6333.0;0.6333;12666;Rural;Público;ACTIVO;No;Si;No;No;No;No;No;Recuperación;2022;Resolución N.° 00054-2022-OEFA/DSIS
39116;7584838-anexo-ii-5.xlsx;680;110304;Ica;Nasca;Marcona;Por determinar;Por Determinar;UF0018352;Marcona 1;18;487233.0;8302625;168;1072.0;0.1072;500;Rural;Público;ACTIVO;No;No;No;No;No;No;No;Recuperación;2022;Resolución N.° 00018-2022-OEFA/DSIS
39117;7584838-anexo-ii-5.xlsx;681;110304;Ica;Nasca;Marcona;Por determinar;Por Determinar;UF0018353;Marcona 2;18;487133.0;8302656;164;1012.0;0.1012;500;Rural;Público;ACTIVO;No;No;No;No;No;No;No;Recuperación;2022;Resolución N.° 00018-2022-OEFA/DSIS
39118;7584838-anexo-ii-5.xlsx;682;110304;Ica;Nasca;Marcona;Por determinar;Por Determinar;UF0018354;Marcona 3;18;483507.0;8300420;5889;235415.0;23.5415;164.791;Urbano;Público;ACTIVO;No;No;No;No;No;No;No;Recuperación;2022;Resolución N.° 00018-2022-OEFA/DSIS
39119;7584838-anexo-ii-5.xlsx;683;110304;Ica;Nasca;Marcona;Por determinar;Por Determinar;UF0018355;Marcona 4;18;482817.0;8301618;437;2172.0;0.2172;500;Urbano;Privado;ACTIVO;No;No;No;No;No;No;No;Recuperación;2022;Resolución N.° 00018-2022-OEFA/DSIS
39120;7584838-anexo-ii-5.xlsx;684;110304;Ica;Nasca;Marcona;Por determinar;Por Determinar;UF0035391;Marcona 5;18;483052.0;8301118;286;1118.0;0.1118;2236;Urbano;Público;ACTIVO;No;Si;No;No;No;No;No;Recuperación;2022;Resolución N.° 00054-2022-OEFA/DSIS
39121;7584838-anexo-ii-5.xlsx;685;110304;Ica;Nasca;Marcona;20100142989;Concesion Minera Shougang;UF0035392;San Juan de Marcona;18;483483.0;8300553;875;5998.0;0.5998;8997;Urbano;Privado;ACTIVO;No;Si;No;No;No;No;No;Recuperación;2022;Resolución N.° 00054-2022-OEFA/DSIS
39122;7584838-anexo-ii-5.xlsx;686;110304;Ica;Nasca;Marcona;Por determinar;Por Determinar;UF0035395;Marcona 6;18;481652.0;8300452;378;5399.0;0.5399;10798;Urbano;Público;ACTIVO;No;Si;No;No;No;No;No;Recuperación;2022;Resolución N.° 00054-2022-OEFA/DSIS
39123;7584838-anexo-ii-5.xlsx;687;110301;Ica;Nasca;Nasca;Por determinar;Por Determinar;UF0018349;Nasca 1;18;503221.0;8361575;51.1;142.0;0.0142;76;Rural;Privado;ACTIVO;No;No;No;No;No;No;No;Recuperación;2022;Resolución N.° 00018-2022-OEFA/DSIS
39124;7584838-anexo-ii-5.xlsx;688;110301;Ica;Nasca;Nasca;Por determinar;Por Determinar;UF0018350;Nasca 2;18;501665.0;8362164;475;1137.0;0.1137;15;Rural;Público;ACTIVO;No;No;No;No;No;No;No;Recuperación;2022;Resolución N.° 00018-2022-OEFA/DSIS
39125;7584838-anexo-ii-5.xlsx;689;110301;Ica;Nasca;Nasca;Por determinar;Por Determinar;UF0018351;Nasca 3;18;501276.0;8362734;2543;39921.0;3.9921;39921;Rural;Público;ACTIVO;No;No;No;No;No;No;No;Recuperación;2022;Resolución N.° 00018-2022-OEFA/DSIS
39126;7584838-anexo-ii-5.xlsx;690;110301;Ica;Nasca;Nasca;Por determinar;Por Determinar;UF0036010;Nasca 4;18;505147.69;8358398.6;556;13080.0;1.308;26160;Urbano;Público;ACTIVO;No;Si;No;No;No;No;No;Recuperación;2022;Resolución N.° 00054-2022-OEFA/DSIS
39127;7584838-anexo-ii-5.xlsx;691;110301;Ica;Nasca;Nasca;Por determinar;Por Determinar;UF0036011;Nasca 5;18;505269.29;8358229.09;981;16324.0;1.6324;32648;Urbano;Público;ACTIVO;No;Si;No;No;No;No;No;Recuperación;2022;Resolución N.° 00054-2022-OEFA/DSIS
39128;7584838-anexo-ii-5.xlsx;692;110301;Ica;Nasca;Nasca;Por determinar;Por Determinar;UF0035393;Nasca 6;18;501117.0;8355819;964;10943.0;1.0943;21886;Urbano;Público;ACTIVO;No;No;No;No;No;No;No;Recuperación;2022;Resolución N.° 00054-2022-OEFA/DSIS
39129;7584838-anexo-ii-5.xlsx;693;110301;Ica;Nasca;Nasca;Por determinar;Por Determinar;UF0035394;Nasca 7;18;506871.0;8360470;241;1404.0;0.1404;2808;Urbano;Público;ACTIVO;No;Si;No;No;No;No;No;Recuperación;2022;Resolución N.° 00054-2022-OEFA/DSIS
39130;7584838-anexo-ii-5.xlsx;694;110301;Ica;Nasca;Nasca;Por determinar;Por Determinar;UF0035396;Nasca 8;18;506333.0;8361440;692;4325.0;0.4325;8650;Urbano;Público;ACTIVO;No;Si;No;No;No;No;No;Recuperación;2022;Resolución N.° 00054-2022-OEFA/DSIS
39131;7584838-anexo-ii-5.xlsx;695;110301;Ica;Nasca;Nasca;Por determinar;Por Determinar;UF0035397;Nasca 9;18;502040.49;8361969.83;284;3625.0;0.3625;7250;Urbano;Público;ACTIVO;No;No;No;No;No;No;No;Recuperación;2022;Resolución N.° 00054-2022-OEFA/DSIS
39132;7584838-anexo-ii-5.xlsx;696;110401;Ica;Palpa;Palpa;Por determinar;Por Determinar;UF0018365;Palpa;18;478311.05;8393841.66;287;2105.0;0.2105;2105;Rural;Público;ACTIVO;No;No;No;No;No;No;No;Recuperación;2022;Resolución N.° 00018-2022-OEFA/DSIS
39133;7584838-anexo-ii-5.xlsx;697;110403;Ica;Palpa;Rio Grande;Por determinar;Por Determinar;UF0018374;Rio Grande 1;18;479059.55;8394955.52;55.8;189.0;0.0189;100;Rural;Público;ACTIVO;No;No;No;No;No;No;No;Recuperación;2022;Resolución N.° 00018-2022-OEFA/DSIS
39134;7584838-anexo-ii-5.xlsx;698;110403;Ica;Palpa;Rio Grande;Por determinar;Por Determinar;UF0018375;Rio Grande 2;18;479442.92;8396469.22;790;17332.0;1.7332;10000;Rural;Público;ACTIVO;No;No;No;No;No;No;No;Recuperación;2022;Resolución N.° 00018-2022-OEFA/DSIS
39135;7584838-anexo-ii-5.xlsx;699;110403;Ica;Palpa;Rio Grande;Por determinar;Por Determinar;UF0018376;Rio Grande 3;18;479456.01;8400653.28;387;2165.0;0.2165;1095;Rural;Público;ACTIVO;No;No;No;No;No;No;No;Recuperación;2022;Resolución N.° 00018-2022-OEFA/DSIS
39136;7584838-anexo-ii-5.xlsx;700;110403;Ica;Palpa;Rio Grande;Por determinar;Por Determinar;UF0019116;Rio Grande 4;18;479869.43;8400499.94;178;1700.0;0.17;170;Rural;Público;ACTIVO;No;No;No;No;No;No;No;Recuperación;2022;Resolución N.° 00018-2022-OEFA/DSIS
39137;7584838-anexo-ii-5.xlsx;701;110403;Ica;Palpa;Rio Grande;Por determinar;Por Determinar;UF0018377;Rio Grande 5;18;476981.0;8398050;86.3;536.0;0.0536;100;Rural;Público;ACTIVO;No;No;No;No;No;No;No;Recuperación;2022;Resolución N.° 00018-2022-OEFA/DSIS
39138;7584838-anexo-ii-5.xlsx;702;110503;Ica;Pisco;Humay;Por determinar;Por Determinar;UF0018347;Humay;18;411035.0;8484969;122;456.0;0.0456;228;Rural;Público;ACTIVO;No;No;No;No;No;No;No;Recuperación;2022;Resolución N.° 00018-2022-OEFA/DSIS
39139;7584838-anexo-ii-5.xlsx;703;110503;Ica;Pisco;Humay;Por determinar;Por Determinar;UF0035405;Junchaya;18;404162.0;8482325;335;4329.0;0.4329;8658;Urbano;Público;ACTIVO;No;Si;No;No;No;No;No;Recuperación;2022;Resolución N.° 00054-2022-OEFA/DSIS
39140;7584838-anexo-ii-5.xlsx;704;110503;Ica;Pisco;Humay;Por determinar;Por Determinar;UF0035406;Libertadores 3;18;399743.0;8481609;394;2364.0;0.2364;4728;Rural;Público;ACTIVO;No;Si;No;No;No;No;No;Recuperación;2022;Resolución N.° 00054-2022-OEFA/DSIS
39141;7584838-anexo-ii-5.xlsx;705;110504;Ica;Pisco;Independencia;Por determinar;Por Determinar;UF0018348;Independencia;18;386732.0;8486784;242;1655.0;0.1655;579;Urbano;Público;ACTIVO;No;No;No;No;No;No;No;Recuperación;2022;Resolución N.° 00018-2022-OEFA/DSIS
39142;7584838-anexo-ii-5.xlsx;706;110504;Ica;Pisco;Independencia;Por determinar;Por Determinar;UF0035398;Av Alejandro Muñante;18;388930.33;8486249.24;541;5208.0;0.5208;20832;Urbano;Público;ACTIVO;No;Si;No;No;No;No;No;Recuperación;2022;Resolución N.° 00054-2022-OEFA/DSIS
39143;7584838-anexo-ii-5.xlsx;707;110504;Ica;Pisco;Independencia;Por determinar;Por Determinar;UF0035399;Independencia 1;18;389967.0;8485827;283;4792.0;0.4792;9584;Urbano;Privado;ACTIVO;No;Si;No;No;No;No;No;Recuperación;2022;Resolución N.° 00054-2022-OEFA/DSIS
39144;7584838-anexo-ii-5.xlsx;708;110505;Ica;Pisco;Paracas;Por determinar;Por Determinar;UF0018329;Paracas 1;18;367412.0;8471615;1977;195493.0;19.5493;390986;Rural;Público;ACTIVO;No;No;No;No;No;Si;No;Recuperación;2022;Resolución N.° 00018-2022-OEFA/DSIS
39145;7584838-anexo-ii-5.xlsx;709;110505;Ica;Pisco;Paracas;Por determinar;Por Determinar;UF0018330;Paracas 2;18;366841.0;8478773;684;8541.0;0.8541;4230;Rural;Público;ACTIVO;No;No;No;No;No;No;No;Recuperación;2022;Resolución N.° 00018-2022-OEFA/DSIS
39146;7584838-anexo-ii-5.xlsx;710;110505;Ica;Pisco;Paracas;Por determinar;Por Determinar;UF0019114;Paracas 3;18;367930.0;8472362;3753;342630.0;34.3;513945;Rural;Público;ACTIVO;No;No;No;No;No;Si;No;Recuperación;2022;Resolución N.° 00018-2022-OEFA/DSIS
39147;7584838-anexo-ii-5.xlsx;711;110505;Ica;Pisco;Paracas;Por determinar;Por Determinar;UF0035403;CP Santa Elena;18;366604.0;8476175;735;15901.0;1.5901;31802;Urbano;Privado;ACTIVO;No;Si;No;No;No;No;No;Recuperación;2022;Resolución N.° 00054-2022-OEFA/DSIS
39148;7584838-anexo-ii-5.xlsx;712;110501;Ica;Pisco;Pisco;Por determinar;Por Determinar;UF0018336;Pisco 1;18;368346.0;8484970;709;28883.0;2.8883;57766;Rural;Público;ACTIVO;No;No;No;No;No;No;No;Recuperación;2022;Resolución N.° 00018-2022-OEFA/DSIS
39149;7584838-anexo-ii-5.xlsx;713;110501;Ica;Pisco;Pisco;Por determinar;Por Determinar;UF0018337;Pisco 2;18;368454.0;8485393;1382;114557.0;11.4557;229114;Rural;Público;ACTIVO;No;No;No;No;No;No;No;Recuperación;2022;Resolución N.° 00018-2022-OEFA/DSIS
39150;7584838-anexo-ii-5.xlsx;714;110501;Ica;Pisco;Pisco;Por determinar;Por Determinar;UF0018338;Pisco 3;18;370219.0;8482053;364;3934.0;0.3934;984;Urbano;Público;ACTIVO;No;No;No;No;No;No;No;Recuperación;2022;Resolución N.° 00018-2022-OEFA/DSIS
39151;7584838-anexo-ii-5.xlsx;715;110501;Ica;Pisco;Pisco;Por determinar;Por Determinar;UF0018339;Pisco 4;18;369783.0;8482595;106;595.0;0.0595;300;Urbano;Privado;ACTIVO;No;No;No;No;No;No;No;Recuperación;2022;Resolución N.° 00018-2022-OEFA/DSIS
39152;7584838-anexo-ii-5.xlsx;716;110501;Ica;Pisco;Pisco;Por determinar;Por Determinar;UF0018340;Pisco 5;18;374600.0;8483870;251;3251.0;0.3251;3251;Urbano;Privado;ACTIVO;No;No;No;No;No;No;No;Recuperación;2022;Resolución N.° 00018-2022-OEFA/DSIS
39153;7584838-anexo-ii-5.xlsx;717;110501;Ica;Pisco;Pisco;Por determinar;Por Determinar;UF0018341;Pisco 6;18;374102.0;8483890;252;3282.0;0.3282;3282;Urbano;Público;ACTIVO;No;No;No;No;No;No;No;Recuperación;2022;Resolución N.° 00018-2022-OEFA/DSIS
39154;7584838-anexo-ii-5.xlsx;718;110501;Ica;Pisco;Pisco;Por determinar;Por Determinar;UF0018342;Pisco 7;18;374010.0;8484328;413;9723.0;0.9723;435;Rural;Público;ACTIVO;No;No;No;No;No;No;No;Recuperación;2022;Resolución N.° 00018-2022-OEFA/DSIS
39155;7584838-anexo-ii-5.xlsx;719;110501;Ica;Pisco;Pisco;Por determinar;Por Determinar;UF0018360;Pisco 8;18;370075.0;8482008;173;544.0;0.0544;544;Rural;Público;ACTIVO;No;No;No;No;No;No;No;Recuperación;2022;Resolución N.° 00018-2022-OEFA/DSIS
39156;7584838-anexo-ii-5.xlsx;720;110501;Ica;Pisco;Pisco;Por determinar;Por Determinar;UF0035401;La Alborada;18;368737.0;8484495;1861;110192.0;11.0192;220384;Urbano;Privado;ACTIVO;No;Si;No;No;No;No;No;Recuperación;2022;Resolución N.° 00054-2022-OEFA/DSIS
39157;7584838-anexo-ii-5.xlsx;721;110501;Ica;Pisco;Pisco;Por determinar;Por Determinar;UF0035402;Coop Almirante Miguel Grau;18;368944.0;8485128;962;8289.0;0.8289;16578;Urbano;Privado;ACTIVO;No;Si;No;No;No;No;No;Recuperación;2022;Resolución N.° 00054-2022-OEFA/DSIS
39158;7584838-anexo-ii-5.xlsx;722;110501;Ica;Pisco;Pisco;Por determinar;Por Determinar;UF0035404;Urb José de San Martin;18;368617.71;8483703.17;400;3016.0;0.3016;6032;Urbano;Privado;ACTIVO;No;Si;No;No;No;No;No;Recuperación;2022;Resolución N.° 00054-2022-OEFA/DSIS
39159;7584838-anexo-ii-5.xlsx;723;110501;Ica;Pisco;Pisco;Por determinar;Por Determinar;UF0035407;Pisco 9;18;375251.0;8485468;274;4272.0;0.4272;8544;Urbano;Público;ACTIVO;No;Si;No;No;No;No;No;Recuperación;2022;Resolución N.° 00054-2022-OEFA/DSIS
39160;7584838-anexo-ii-5.xlsx;724;110501;Ica;Pisco;Pisco;Por determinar;Por Determinar;UF0035409;Puente Huamani;18;374710.0;8486461;475;2052.0;0.2052;4104;Rural;Público;ACTIVO;No;Si;No;No;No;No;No;Recuperación;2022;Resolución N.° 00054-2022-OEFA/DSIS
39161;7584838-anexo-ii-5.xlsx;725;110501;Ica;Pisco;Pisco;Por determinar;Por Determinar;UF0035410;Pisco 11;18;375418.0;8484257;870;4682.0;0.4682;9364;Urbano;Público;ACTIVO;No;Si;No;No;No;No;No;Recuperación;2022;Resolución N.° 00054-2022-OEFA/DSIS
39162;7584838-anexo-ii-5.xlsx;726;110501;Ica;Pisco;Pisco;Por determinar;Por Determinar;UF0036013;Pisco 12;18;375119.0;8486079;414;4375.0;0.4375;8750;Rural;Público;ACTIVO;No;Si;No;No;No;No;No;Recuperación;2022;Resolución N.° 00054-2022-OEFA/DSIS
39163;7584838-anexo-ii-5.xlsx;727;110501;Ica;Pisco;Pisco;Por determinar;Por Determinar;UF0035414;El Bosque;18;370397.23;8483104.71;295;2205.0;0.2205;4410;Urbano;Público;ACTIVO;No;Si;No;No;No;No;No;Recuperación;2022;Resolución N.° 00054-2022-OEFA/DSIS
39164;7584838-anexo-ii-5.xlsx;728;110501;Ica;Pisco;Pisco;Por determinar;Por Determinar;UF0035415;Tupac Amaru;18;372276.0;8483921;488;11681.0;1.1681;23362;Urbano;Público;ACTIVO;No;Si;No;No;No;No;No;Recuperación;2022;Resolución N.° 00054-2022-OEFA/DSIS
39165;7584838-anexo-ii-5.xlsx;729;110501;Ica;Pisco;Pisco;Por determinar;Por Determinar;UF0035416;Pisco 13;18;371482.09;8484105.84;713;4589.0;0.4589;9178;Urbano;Público;ACTIVO;No;Si;No;No;No;No;No;Recuperación;2022;Resolución N.° 00054-2022-OEFA/DSIS
39166;7584838-anexo-ii-5.xlsx;730;110506;Ica;Pisco;San Andres;Por determinar;Por Determinar;UF0018332;Nuevo Jerusalem 1;18;368576.78;8481634.6;251;3645.0;0.3645;10935;Rural;Público;ACTIVO;No;No;No;No;No;No;No;Recuperación;2022;Resolución N.° 00018-2022-OEFA/DSIS
39167;7584838-anexo-ii-5.xlsx;731;110506;Ica;Pisco;San Andres;Por determinar;Por Determinar;UF0018333;Nuevo Jerusalem 2;18;368626.0;8481619;193;1919.0;0.1919;3838;Rural;Privado;ACTIVO;No;No;No;No;No;No;No;Recuperación;2022;Resolución N.° 00018-2022-OEFA/DSIS
39168;7584838-anexo-ii-5.xlsx;732;110506;Ica;Pisco;San Andres;Por determinar;Por Determinar;UF0018334;San Andres 1;18;368430.0;8481811;190;1720.0;0.172;3440;Rural;Privado;ACTIVO;No;No;No;No;No;No;No;Recuperación;2022;Resolución N.° 00018-2022-OEFA/DSIS
39169;7584838-anexo-ii-5.xlsx;733;110506;Ica;Pisco;San Andres;Por determinar;Por Determinar;UF0018366;San Andres 2;18;370843.0;8483477;854;15577.0;1.5577;578;Urbano;Público;ACTIVO;No;No;No;No;No;No;No;Recuperación;2022;Resolución N.° 00018-2022-OEFA/DSIS
39170;7584838-anexo-ii-5.xlsx;734;110506;Ica;Pisco;San Andres;Por determinar;Por Determinar;UF0018356;San Andres 3;18;370104.0;8481595;331;679.0;0.0679;150;Urbano;Público;ACTIVO;No;No;No;No;No;No;No;Recuperación;2022;Resolución N.° 00018-2022-OEFA/DSIS
39171;7584838-anexo-ii-5.xlsx;735;110506;Ica;Pisco;San Andres;Por determinar;Por Determinar;UF0018357;San Andres 4;18;370225.0;8481631;210;304.0;0.0304;304;Urbano;Público;ACTIVO;No;No;No;No;No;No;No;Recuperación;2022;Resolución N.° 00018-2022-OEFA/DSIS
39172;7584838-anexo-ii-5.xlsx;736;110506;Ica;Pisco;San Andres;Por determinar;Por Determinar;UF0018358;San Andres 5;18;370156.0;8481176;867;8701.0;0.8701;4351;Rural;Público;ACTIVO;No;No;No;No;No;No;No;Recuperación;2022;Resolución N.° 00018-2022-OEFA/DSIS
39173;7584838-anexo-ii-5.xlsx;737;110506;Ica;Pisco;San Andres;Por determinar;Por Determinar;UF0018359;San Andres 6;18;370433.0;8481249;128;260.0;0.026;130;Urbano;Público;ACTIVO;No;No;No;No;No;No;No;Recuperación;2022;Resolución N.° 00018-2022-OEFA/DSIS
39174;7584838-anexo-ii-5.xlsx;738;110506;Ica;Pisco;San Andres;Por determinar;Por Determinar;UF0018361;San Andres 7;18;370322.0;8482064;377;4523.0;0.4523;4523;Urbano;Público;ACTIVO;No;No;No;No;No;No;No;Recuperación;2022;Resolución N.° 00018-2022-OEFA/DSIS
39175;7584838-anexo-ii-5.xlsx;739;110506;Ica;Pisco;San Andres;Por determinar;Por Determinar;UF0035400;Pisco;18;367101.0;8479714;878;3471.0;0.3471;6942;Urbano;Público;ACTIVO;No;Si;No;No;No;No;No;Recuperación;2022;Resolución N.° 00054-2022-OEFA/DSIS
39176;7584838-anexo-ii-5.xlsx;740;110506;Ica;Pisco;San Andres;Por determinar;Por Determinar;UF0035418;San Clemente 5;18;367999.0;8482273;962;28705.0;2.8705;57410;Urbano;Privado;ACTIVO;No;Si;No;No;No;No;No;Recuperación;2022;Resolución N.° 00054-2022-OEFA/DSIS
39177;7584838-anexo-ii-5.xlsx;741;110507;Ica;Pisco;San Clemente;Por determinar;Por Determinar;UF0018362;San Clemente 1;18;373629.0;8488489;301;3125.0;0.3125;1075;Urbano;Público;ACTIVO;No;No;No;No;No;No;No;Recuperación;2022;Resolución N.° 00018-2022-OEFA/DSIS
39178;7584838-anexo-ii-5.xlsx;742;110507;Ica;Pisco;San Clemente;Por determinar;Por Determinar;UF0018363;San Clemente 2;18;377432.0;8487543;138;1042.0;0.1042;250;Urbano;Público;ACTIVO;No;No;No;No;No;No;No;Recuperación;2022;Resolución N.° 00018-2022-OEFA/DSIS
39179;7584838-anexo-ii-5.xlsx;743;110507;Ica;Pisco;San Clemente;Por determinar;Por Determinar;UF0018364;San Clemente 3;18;378313.0;8487421;63.8;174.0;0.0174;50;Urbano;Público;ACTIVO;No;No;No;No;No;No;No;Recuperación;2022;Resolución N.° 00018-2022-OEFA/DSIS
39180;7584838-anexo-ii-5.xlsx;744;110507;Ica;Pisco;San Clemente;Por determinar;Por Determinar;UF0035411;San Clemente 4;18;375909.0;8487559;648;3203.0;0.3203;6406;Urbano;Privado;ACTIVO;No;Si;No;No;No;No;No;Recuperación;2022;Resolución N.° 00054-2022-OEFA/DSIS
39181;7584838-anexo-ii-5.xlsx;745;110507;Ica;Pisco;San Clemente;Por determinar;Por Determinar;UF0035417;Balconcillo;18;374874.0;8487950;178;1625.0;0.1625;3250;Urbano;Público;ACTIVO;No;Si;No;No;No;No;No;Recuperación;2022;Resolución N.° 00054-2022-OEFA/DSIS
39182;7584838-anexo-ii-5.xlsx;746;110508;Ica;Pisco;Tupac Amaru Inca;Por determinar;Por Determinar;UF0035408;Pisco 10;18;374928.37;8486366.97;841;32895.0;3.2895;65790;Rural;Público;ACTIVO;No;Si;No;No;No;No;No;Recuperación;2022;Resolución N.° 00054-2022-OEFA/DSIS
39183;7584838-anexo-ii-5.xlsx;747;110508;Ica;Pisco;Tupac Amaru Inca;Por determinar;Por Determinar;UF0035412;Tupac Amaru Inca;18;376766.0;8483886;901;26528.0;2.6528;53056;Urbano;Privado;ACTIVO;No;Si;No;No;No;No;No;Recuperación;2022;Resolución N.° 00054-2022-OEFA/DSIS
39184;7584838-anexo-ii-5.xlsx;748;110508;Ica;Pisco;Tupac Amaru Inca;Por determinar;Por Determinar;UF0035413;Shadai 2;18;375880.0;8483158;400;1631.0;0.1631;3262;Urbano;Público;ACTIVO;No;Si;No;No;No;No;No;Recuperación;2022;Resolución N.° 00054-2022-OEFA/DSIS
39185;7584838-anexo-ii-5.xlsx;749;120302;Junín;Chanchamayo;Perene;Por determinar;Por Determinar;UF0035419;Sangani ;18;513143.0;8792237;84;521.0;0.0521;250;Urbano;Público;ACTIVO;No;No;No;No;No;No;No;Recuperación;2022;Resolución N.° 00018-2022-OEFA/DSIS
39186;7584838-anexo-ii-5.xlsx;750;120302;Junín;Chanchamayo;Perene;Por determinar;Por Determinar;UF0035420;Playa Remolino;18;475531.0;8789991;128;816.0;0.0816;1060;Urbano;Público;ACTIVO;No;No;No;No;No;No;No;Recuperación;2022;Resolución N.° 00018-2022-OEFA/DSIS
39187;7584838-anexo-ii-5.xlsx;751;120303;Junín;Chanchamayo;Pichanaqui;Por determinar;Por Determinar;UF0018418;Pichanaqui 1;18;515358.0;8791292;338;4488.0;0.4488;3590;Urbano;Público;ACTIVO;No;No;No;No;No;No;No;Recuperación;2022;Resolución N.° 00018-2022-OEFA/DSIS
39188;7584838-anexo-ii-5.xlsx;752;120303;Junín;Chanchamayo;Pichanaqui;Por determinar;Por Determinar;UF0018419;Pichanaqui 2;18;514236.0;8792732;76;342.0;0.0342;411;Urbano;Privado;ACTIVO;No;No;No;No;No;No;No;Recuperación;2022;Resolución N.° 00018-2022-OEFA/DSIS
39189;7584838-anexo-ii-5.xlsx;753;120303;Junín;Chanchamayo;Pichanaqui;Por determinar;Por Determinar;UF0018420;Pichanaqui 3;18;514164.0;8792781;73;317.0;0.0317;381;Urbano;Público;ACTIVO;No;No;No;No;No;No;No;Recuperación;2022;Resolución N.° 00018-2022-OEFA/DSIS
39190;7584838-anexo-ii-5.xlsx;754;120305;Junín;Chanchamayo;San Ramon;Por determinar;Por Determinar;UF0018410;San Ramon 1;18;459418.0;8770664;1122;13044.0;1.3044;15653;Urbano;Público;ACTIVO;No;No;No;No;No;No;No;Recuperación;2022;Resolución N.° 00018-2022-OEFA/DSIS
39191;7584838-anexo-ii-5.xlsx;755;120305;Junín;Chanchamayo;San Ramon;Por determinar;Por Determinar;UF0018411;San Ramon 2;18;456583.0;8768186;144;886.0;0.0886;1152;Urbano;Público;ACTIVO;No;No;No;No;No;No;No;Recuperación;2022;Resolución N.° 00018-2022-OEFA/DSIS
39192;7584838-anexo-ii-5.xlsx;756;120305;Junín;Chanchamayo;San Ramon;Por determinar;Por Determinar;UF0018412;San Ramon 3;18;460522.0;8770848;691;2901.0;0.2901;4932;Urbano;Público;ACTIVO;No;No;No;No;No;No;No;Recuperación;2022;Resolución N.° 00018-2022-OEFA/DSIS
39193;7584838-anexo-ii-5.xlsx;757;120305;Junín;Chanchamayo;San Ramon;Por determinar;Por Determinar;UF0018413;San Ramon 4;18;461278.0;8770884;73;338.0;0.0338;203;Urbano;Público;ACTIVO;No;No;No;No;No;No;No;Recuperación;2022;Resolución N.° 00018-2022-OEFA/DSIS
39194;7584838-anexo-ii-5.xlsx;758;120305;Junín;Chanchamayo;San Ramon;Por determinar;Por Determinar;UF0018414;San Ramon 5;18;461410.0;8769893;69;338.0;0.0338;271;Urbano;Público;ACTIVO;No;No;No;No;No;No;No;Recuperación;2022;Resolución N.° 00018-2022-OEFA/DSIS
39195;7584838-anexo-ii-5.xlsx;759;120305;Junín;Chanchamayo;San Ramon;Por determinar;Por Determinar;UF0018415;San Ramon 6;18;461175.0;8769433;125;990.0;0.099;495;Urbano;Público;ACTIVO;No;No;No;No;No;No;No;Recuperación;2022;Resolución N.° 00018-2022-OEFA/DSIS
39196;7584838-anexo-ii-5.xlsx;760;120305;Junín;Chanchamayo;San Ramon;Por determinar;Por Determinar;UF0018416;San Ramon 7;18;461178.0;8769257;86;490.0;0.049;294;Urbano;Público;ACTIVO;No;No;No;No;No;No;No;Recuperación;2022;Resolución N.° 00018-2022-OEFA/DSIS
39197;7584838-anexo-ii-5.xlsx;761;120305;Junín;Chanchamayo;San Ramon;Por determinar;Por Determinar;UF0018417;San Ramon 8;18;461062.0;8770881;145;788.0;0.0788;630;Urbano;Público;ACTIVO;No;No;No;No;No;No;No;Recuperación;2022;Resolución N.° 00018-2022-OEFA/DSIS
39198;7584838-anexo-ii-5.xlsx;762;120903;Junín;Chupaca;Chongos Bajo;Por determinar;Por Determinar;UF0018443;Chongos Bajo 1;18;471710.0;8658343;208;1580.0;0.158;1738;Urbano;Público;ACTIVO;No;No;No;No;No;No;No;Recuperación;2022;Resolución N.° 00018-2022-OEFA/DSIS
39199;7584838-anexo-ii-5.xlsx;763;120903;Junín;Chupaca;Chongos Bajo;Por determinar;Por Determinar;UF0018444;Chongos Bajo 2;18;471171.0;8660026;730;4879.0;0.4879;8294;Urbano;Público;ACTIVO;No;No;No;No;No;No;No;Recuperación;2022;Resolución N.° 00018-2022-OEFA/DSIS
39200;7584838-anexo-ii-5.xlsx;764;120903;Junín;Chupaca;Chongos Bajo;Por determinar;Por Determinar;UF0018445;Chongos Bajo 3;18;471024.0;8660120;434;2845.0;0.2845;3414;Urbano;Público;ACTIVO;No;No;No;No;No;No;No;Recuperación;2022;Resolución N.° 00018-2022-OEFA/DSIS
39201;7584838-anexo-ii-5.xlsx;765;120903;Junín;Chupaca;Chongos Bajo;Por determinar;Por Determinar;UF0018446;Chongos Bajo 4;18;472962.0;8658469;182;1611.0;0.1611;2095;Urbano;Público;ACTIVO;No;No;No;No;No;No;No;Recuperación;2022;Resolución N.° 00018-2022-OEFA/DSIS
39202;7584838-anexo-ii-5.xlsx;766;120903;Junín;Chupaca;Chongos Bajo;Por determinar;Por Determinar;UF0018447;Chongos Bajo 5;18;471460.0;8659918;367;5266.0;0.5266;7372;Urbano;Público;ACTIVO;No;No;No;No;No;No;No;Recuperación;2022;Resolución N.° 00018-2022-OEFA/DSIS
39203;7584838-anexo-ii-5.xlsx;767;120901;Junín;Chupaca;Chupaca;Por determinar;Por Determinar;UF0035422;Chupaca;18;470409.0;8667052;223;2267.0;0.2267;5667;Urbano;Público;ACTIVO;No;Si;No;No;No;No;No;Recuperación;2022;Resolución N.° 00054-2022-OEFA/DSIS
39204;7584838-anexo-ii-5.xlsx;768;120901;Junín;Chupaca;Chupaca;Por determinar;Por Determinar;UF0037037;Puente La Eternidad;18;470535.0;8666967;589;5367.0;0.5367;6440;Rural;Público;ACTIVO;No;No;No;No;No;No;No;Recuperación;2023;Resolución N° 00098-2023-OEFA/DSIS
39205;7584838-anexo-ii-5.xlsx;769;120905;Junín;Chupaca;Huamancaca Chico;Por determinar;Por Determinar;UF0035423;Rio Mantaro;18;474326.0;8665225;656;16752.0;1.6752;41880;Rural;Público;ACTIVO;Si;Si;No;No;No;No;No;Recuperación;2022;Resolución N.° 00054-2022-OEFA/DSIS
39206;7584838-anexo-ii-5.xlsx;770;120905;Junín;Chupaca;Huamancaca Chico;Por determinar;Por Determinar;UF0035424;Puente Cunas 1;18;473671.0;8666379;358;4028.0;0.4028;8862;Urbano;Público;ACTIVO;No;No;No;No;No;No;No;Recuperación;2022;Resolución N.° 00018-2022-OEFA/DSIS
39207;7584838-anexo-ii-5.xlsx;771;120905;Junín;Chupaca;Huamancaca Chico;Por determinar;Por Determinar;UF0037038;Puente Comuneros;18;474473.0;8663161;755;22157.0;2.2157;33235;Rural;Público;ACTIVO;No;No;No;No;No;No;No;Recuperación;2023;Resolución N° 00098-2023-OEFA/DSIS
39208;7584838-anexo-ii-5.xlsx;772;120201;Junín;Concepcion;Concepcion;Por determinar;Por Determinar;UF0018449;Concepción 1;18;465126.0;8681910;240;2029.0;0.2029;2232;Urbano;Privado;ACTIVO;No;No;No;No;No;No;No;Recuperación;2022;Resolución N.° 00018-2022-OEFA/DSIS
39209;7584838-anexo-ii-5.xlsx;773;120201;Junín;Concepcion;Concepcion;Por determinar;Por Determinar;UF0018450;Concepción 2;18;465781.0;8681160;85;483.0;0.0483;1353;Urbano;Privado;ACTIVO;No;No;No;No;No;No;No;Recuperación;2022;Resolución N.° 00018-2022-OEFA/DSIS
39210;7584838-anexo-ii-5.xlsx;774;120210;Junín;Concepcion;Matahuasi;Por determinar;Por Determinar;UF0018448;Matahuasi;18;463054.0;8685171;335;3876.0;0.3876;6202;Urbano;Público;ACTIVO;No;No;No;No;No;No;No;Recuperación;2022;Resolución N.° 00018-2022-OEFA/DSIS
39211;7584838-anexo-ii-5.xlsx;775;120211;Junín;Concepcion;Mito;Por determinar;Por Determinar;UF0035425;Puente Las Balsas;18;465815.0;8680139;683;11812.0;1.1812;17718;Urbano;Público;ACTIVO;No;Si;No;No;No;No;No;Recuperación;2022;Resolución N.° 00054-2022-OEFA/DSIS
39212;7584838-anexo-ii-5.xlsx;776;120213;Junín;Concepcion;Orcotuna;Por determinar;Por Determinar;UF0018451;Orcotuna;18;465963.0;8680216;625;10748.0;1.0748;17197;Urbano;Público;ACTIVO;No;No;No;No;No;No;No;Recuperación;2022;Resolución N.° 00018-2022-OEFA/DSIS
39213;7584838-anexo-ii-5.xlsx;777;120107;Junín;Huancayo;Chilca;Por determinar;Por Determinar;UF0036728;Sector Auquimarca;18;474969.0;8662250;2250;54200.0;5.42;26490;Rural;Público;ACTIVO;No;No;No;No;No;No;No;Recuperación;2023;Resolución N.° 00066-2023-OEFA/DSIS
39214;7584838-anexo-ii-5.xlsx;778;120108;Junín;Huancayo;Chongos Alto;Por determinar;Por Determinar;UF0018453;Chongos Alto 1;18;468819.0;8638746;122;599.0;0.0599;361;Urbano;Privado;ACTIVO;No;No;No;No;No;No;No;Recuperación;2022;Resolución N.° 00018-2022-OEFA/DSIS
39215;7584838-anexo-ii-5.xlsx;779;120108;Junín;Huancayo;Chongos Alto;Por determinar;Por Determinar;UF0018454;Chongos Alto 2;18;467679.0;8640099;166;1475.0;0.1475;1623;Urbano;Público;ACTIVO;No;No;No;No;No;No;No;Recuperación;2022;Resolución N.° 00018-2022-OEFA/DSIS
39216;7584838-anexo-ii-5.xlsx;780;120114;Junín;Huancayo;El Tambo;Por determinar;Por Determinar;UF0036014;Agua de Las Virgenes 1;18;474253.0;8665909;728;5008.0;0.5008;11017;Urbano;Público;ACTIVO;No;No;No;No;No;No;No;Recuperación;2022;Resolución N.° 00018-2022-OEFA/DSIS
39217;7584838-anexo-ii-5.xlsx;781;120114;Junín;Huancayo;El Tambo;Por determinar;Por Determinar;UF0035443;Agua De Las Virgenes 2;18;474143.0;8666403;486;6076.0;0.6076;3038;Urbano;Público;ACTIVO;No;No;No;No;No;No;No;Recuperación;2022;Resolución N.° 00018-2022-OEFA/DSIS
39218;7584838-anexo-ii-5.xlsx;782;120114;Junín;Huancayo;El Tambo;Por determinar;Por Determinar;UF0036015;Puente Breña;18;473666.0;8668019;256;1690.0;0.169;3380;Urbano;Público;ACTIVO;No;No;No;No;No;No;No;Recuperación;2022;Resolución N.° 00018-2022-OEFA/DSIS
39219;7584838-anexo-ii-5.xlsx;783;120114;Junín;Huancayo;El Tambo;Por determinar;Por Determinar;UF0035444;La Lora;18;475950.0;8665594;484;3388.0;0.3388;7115;Urbano;Público;ACTIVO;No;No;No;No;No;No;No;Recuperación;2022;Resolución N.° 00018-2022-OEFA/DSIS
39220;7584838-anexo-ii-5.xlsx;784;120114;Junín;Huancayo;El Tambo;Por determinar;Por Determinar;UF0035445;Malecón Del Mantaro 2;18;474173.0;8666974;202;1284.0;0.1284;1670;Urbano;Público;ACTIVO;No;No;No;No;No;No;No;Recuperación;2022;Resolución N.° 00018-2022-OEFA/DSIS
39221;7584838-anexo-ii-5.xlsx;785;120114;Junín;Huancayo;El Tambo;Por determinar;Por Determinar;-;Puente Breña 1;18;473820.0;8667830;764;4006.0;0.4;800;Urbano;Privado;ACTIVO;Si;No;No;No;No;No;No;Recuperación;2025;-
39222;7584838-anexo-ii-5.xlsx;786;120114;Junín;Huancayo;El Tambo;Por determinar;Por Determinar;-;El Tambo 1;18;475460.0;8665573;704;704.0;0.0704;30;Urbano;Privado;ACTIVO;No;No;No;No;No;No;No;Recuperación;2025;-
39223;7584838-anexo-ii-5.xlsx;787;120119;Junín;Huancayo;Huancan;Por determinar;Por Determinar;UF0037144;Huancan Río Mantaro;18;475080.0;8661827.95;2998;154621.0;15.4621;309242;Rural;Público;ACTIVO;No;No;No;No;No;No;No;Recuperación;2023;Resolución N° 00098-2023-OEFA/DSIS
39224;7584838-anexo-ii-5.xlsx;788;120101;Junín;Huancayo;Huancayo;Por determinar;Por Determinar;UF0035432;Huancayo 1;18;475476.0;8665551;128;459.0;0.0459;689;Urbano;Público;ACTIVO;No;No;No;No;No;No;No;Recuperación;2022;Resolución N.° 00018-2022-OEFA/DSIS
39225;7584838-anexo-ii-5.xlsx;789;120101;Junín;Huancayo;Huancayo;Por determinar;Por Determinar;UF0035433;Huancayo 2;18;475487.0;8665540;136;560.0;0.056;840;Urbano;Público;ACTIVO;No;No;No;No;No;No;No;Recuperación;2022;Resolución N.° 00018-2022-OEFA/DSIS
39226;7584838-anexo-ii-5.xlsx;790;120101;Junín;Huancayo;Huancayo;Por determinar;Por Determinar;UF0035434;Cajas Chico 1;18;474695.0;8663779;777;7469.0;0.7469;14934;Urbano;Público;ACTIVO;No;No;No;No;No;No;No;Recuperación;2022;Resolución N.° 00018-2022-OEFA/DSIS
39227;7584838-anexo-ii-5.xlsx;791;120101;Junín;Huancayo;Huancayo;Por determinar;Por Determinar;UF0035435;Cajas Chico 2;18;474722.0;8663843;461;2528.0;0.2528;4298;Urbano;Público;ACTIVO;No;No;No;No;No;No;No;Recuperación;2022;Resolución N.° 00018-2022-OEFA/DSIS
39228;7584838-anexo-ii-5.xlsx;792;120101;Junín;Huancayo;Huancayo;Por determinar;Por Determinar;UF0035436;Cajas Chico 3;18;474648.0;8664023;894;16249.0;1.6249;34122;Urbano;Público;ACTIVO;No;No;No;No;No;No;No;Recuperación;2022;Resolución N.° 00018-2022-OEFA/DSIS
39229;7584838-anexo-ii-5.xlsx;793;120101;Junín;Huancayo;Huancayo;Por determinar;Por Determinar;UF0035437;Cajas Chico 4;18;474957.0;8664076;63;240.0;0.024;336;Urbano;Público;ACTIVO;No;No;No;No;No;No;No;Recuperación;2022;Resolución N.° 00018-2022-OEFA/DSIS
39230;7584838-anexo-ii-5.xlsx;794;120101;Junín;Huancayo;Huancayo;Por determinar;Por Determinar;UF0035438;Cementerio Esperanza Etern;18;478805.0;8667300;84;391.0;0.0391;195;Urbano;Público;ACTIVO;No;No;No;No;No;No;No;Recuperación;2022;Resolución N.° 00018-2022-OEFA/DSIS
39231;7584838-anexo-ii-5.xlsx;795;120101;Junín;Huancayo;Huancayo;Por determinar;Por Determinar;UF0035439;Yauris;18;474453.0;8665435;84;495.0;0.0495;446;Urbano;Público;ACTIVO;No;No;No;No;No;No;No;Recuperación;2022;Resolución N.° 00018-2022-OEFA/DSIS
39232;7584838-anexo-ii-5.xlsx;796;120101;Junín;Huancayo;Huancayo;Por determinar;Por Determinar;UF0035440;Huancayo 3;18;474427.0;8665466;116;518.0;0.0518;310;Urbano;Público;ACTIVO;No;No;No;No;No;No;No;Recuperación;2022;Resolución N.° 00018-2022-OEFA/DSIS
39233;7584838-anexo-ii-5.xlsx;797;120101;Junín;Huancayo;Huancayo;Por determinar;Por Determinar;UF0035441;Las Retamas 1;18;474992.0;8665667;257;2549.0;0.2549;5353;Urbano;Público;ACTIVO;No;No;No;No;No;No;No;Recuperación;2022;Resolución N.° 00018-2022-OEFA/DSIS
39234;7584838-anexo-ii-5.xlsx;798;120101;Junín;Huancayo;Huancayo;Por determinar;Por Determinar;UF0035442;Las Retamas 2;18;474868.0;8665684;212;1584.0;0.1584;3010;Urbano;Público;ACTIVO;No;No;No;No;No;No;No;Recuperación;2022;Resolución N.° 00018-2022-OEFA/DSIS
39235;7584838-anexo-ii-5.xlsx;799;120101;Junín;Huancayo;Huancayo;Por determinar;Por Determinar;UF0035429;Huancayo;18;475254.51;8665622.73;537;5515.0;0.5515;16545;Urbano;Público;ACTIVO;No;No;No;No;No;No;No;Recuperación;2022;Resolución N.° 00054-2022-OEFA/DSIS
39236;7584838-anexo-ii-5.xlsx;800;120121;Junín;Huancayo;Huayucachi;Por determinar;Por Determinar;UF0035426;"Río Chanchas
";18;475553.87;8660702.76;209;644.0;0.0644;966;Urbano;Público;ACTIVO;No;No;No;No;No;No;No;Recuperación;2022;Resolución N.° 00054-2022-OEFA/DSIS
39237;7584838-anexo-ii-5.xlsx;801;120125;Junín;Huancayo;Pilcomayo;Por determinar;Por Determinar;UF0035446;La Cultura 1;18;470543.0;8667031;201;906.0;0.0906;1178;Urbano;Público;ACTIVO;No;No;No;No;No;No;No;Recuperación;2022;Resolución N.° 00018-2022-OEFA/DSIS
39238;7584838-anexo-ii-5.xlsx;802;120125;Junín;Huancayo;Pilcomayo;Por determinar;Por Determinar;UF0035447;La Cultura 2;18;470599.0;8666921;234;995.0;0.0995;2089;Urbano;Público;ACTIVO;No;No;No;No;No;No;No;Recuperación;2022;Resolución N.° 00018-2022-OEFA/DSIS
39239;7584838-anexo-ii-5.xlsx;803;120125;Junín;Huancayo;Pilcomayo;Por determinar;Por Determinar;UF0035448;La Cultura 3;18;470558.0;8667003;319;2852.0;0.2852;8556;Urbano;Público;ACTIVO;No;No;No;No;No;No;No;Recuperación;2022;Resolución N.° 00018-2022-OEFA/DSIS
39240;7584838-anexo-ii-5.xlsx;804;120125;Junín;Huancayo;Pilcomayo;Por determinar;Por Determinar;UF0035449;La Cultura 4;18;470478.0;8667083;65;225.0;0.0225;202;Urbano;Público;ACTIVO;No;No;No;No;No;No;No;Recuperación;2022;Resolución N.° 00018-2022-OEFA/DSIS
39241;7584838-anexo-ii-5.xlsx;805;120125;Junín;Huancayo;Pilcomayo;Por determinar;Por Determinar;UF0035450;Pilcomayo;18;473245.0;8668346;266;2083.0;0.2083;3332;Urbano;Público;ACTIVO;No;No;No;No;No;No;No;Recuperación;2022;Resolución N.° 00018-2022-OEFA/DSIS
39242;7584838-anexo-ii-5.xlsx;806;120125;Junín;Huancayo;Pilcomayo;Por determinar;Por Determinar;UF0035451;Pilcomayo 1;18;473513.0;8668030;1114;25283.0;2.5283;63210;Urbano;Público;ACTIVO;No;No;No;No;No;No;No;Recuperación;2022;Resolución N.° 00018-2022-OEFA/DSIS
39243;7584838-anexo-ii-5.xlsx;807;120125;Junín;Huancayo;Pilcomayo;Por determinar;Por Determinar;UF0035452;Puente Cunas 2;18;473398.0;8666519;661;13466.0;1.3466;20200;Urbano;Público;ACTIVO;No;No;No;No;No;No;No;Recuperación;2022;Resolución N.° 00018-2022-OEFA/DSIS
39244;7584838-anexo-ii-5.xlsx;808;120125;Junín;Huancayo;Pilcomayo;Por determinar;Por Determinar;UF0035453;Puente Los Angeles 1;18;473915.0;8667277;95.6;449.0;0.0449;360;Urbano;Público;ACTIVO;No;No;No;No;No;No;No;Recuperación;2022;Resolución N.° 00018-2022-OEFA/DSIS
39245;7584838-anexo-ii-5.xlsx;809;120125;Junín;Huancayo;Pilcomayo;Por determinar;Por Determinar;UF0035454;Puente Los Angeles 2;18;473904.0;8667312;71;265.0;0.0265;212;Urbano;Público;ACTIVO;No;No;No;No;No;No;No;Recuperación;2022;Resolución N.° 00018-2022-OEFA/DSIS
39246;7584838-anexo-ii-5.xlsx;810;120125;Junín;Huancayo;Pilcomayo;Por determinar;Por Determinar;UF0035430;Pilcomayo 2;18;472761.0;8666638;344;5619.0;0.5619;14047;Rural;Público;ACTIVO;Si;Si;No;No;No;No;No;Recuperación;2022;Resolución N.° 00054-2022-OEFA/DSIS
39247;7584838-anexo-ii-5.xlsx;811;120133;Junín;Huancayo;Sapallanga;Por determinar;Por Determinar;UF0035427;"Malecón del Río Chacla - margen derecha
";18;481652.29;8658953.1;741;2596.0;0.2596;5192;Urbano;Público;ACTIVO;No;No;No;No;No;No;No;Recuperación;2022;Resolución N.° 00054-2022-OEFA/DSIS
39248;7584838-anexo-ii-5.xlsx;812;120133;Junín;Huancayo;Sapallanga;Por determinar;Por Determinar;UF0035428;"Malecón del Río Chacla - margen izquierda
";18;481632.17;8658989.58;841;5339.0;0.5339;10678;Urbano;Público;ACTIVO;No;No;No;No;No;No;No;Recuperación;2022;Resolución N.° 00054-2022-OEFA/DSIS
39249;7584838-anexo-ii-5.xlsx;813;120134;Junín;Huancayo;Sicaya;Por determinar;Por Determinar;UF0035431;Sicaya;18;469429.0;8670716;582;8946.0;0.8946;17892;Urbano;Público;ACTIVO;No;No;No;No;No;No;No;Recuperación;2022;Resolución N.° 00054-2022-OEFA/DSIS
39250;7584838-anexo-ii-5.xlsx;814;120401;Junín;Jauja;Jauja;Por determinar;Por Determinar;UF0038614;Jauja 1;18;447615.0;8697870;384;6000.0;0.6;1000;Rural;Privado;NO ACTIVO;No;No;No;No;No;No;No;Recuperación;2024;Resolución N° 00062-2024-OEFA/DSIS
39251;7584838-anexo-ii-5.xlsx;815;120702;Junín;Tarma;Acobamba;Por determinar;Por Determinar;UF0035666;Acobamba;18;424766.56;8747842.49;192;1289.0;0.1289;1933;Rural;Público;ACTIVO;No;No;No;No;No;No;No;Recuperación;2022;Resolución N.° 00054-2022-OEFA/DSIS
39252;7584838-anexo-ii-5.xlsx;816;120706;Junín;Tarma;Palca;Por determinar;Por Determinar;UF0035667;Palca;18;439469.0;8748102;289;1983.0;0.1983;2379;Rural;Público;ACTIVO;No;No;No;No;No;No;No;Recuperación;2022;Resolución N.° 00054-2022-OEFA/DSIS
39253;7584838-anexo-ii-5.xlsx;817;120806;Junín;Yauli;Paccha;Por determinar;Por Determinar;UF0035676;Puente Antaruro;18;395255.0;8731801;377;4776.0;0.4776;9552;Rural;Público;ACTIVO;No;No;No;No;No;No;No;Recuperación;2022;Resolución N.° 00054-2022-OEFA/DSIS
39254;7584838-anexo-ii-5.xlsx;818;120810;Junín;Yauli;Yauli;Por determinar;Por Determinar;UF0035711;Barrio Aguas Calientes 1;18;381312.0;8709124;106;784.0;0.0784;235;Urbano;Público;ACTIVO;No;No;No;No;No;No;No;Recuperación;2022;Resolución N.° 00018-2022-OEFA/DSIS
39255;7584838-anexo-ii-5.xlsx;819;120810;Junín;Yauli;Yauli;Por determinar;Por Determinar;UF0035712;Barrio Aguas Calientes 2;18;381314.0;8709189;84;469.0;0.0469;155;Urbano;Público;ACTIVO;No;No;No;No;No;No;No;Recuperación;2022;Resolución N.° 00018-2022-OEFA/DSIS
39256;7584838-anexo-ii-5.xlsx;820;120810;Junín;Yauli;Yauli;Por determinar;Por Determinar;UF0035713;Yauli 1;18;381609.0;8709709;211;2316.0;0.2316;2874;Urbano;Público;ACTIVO;No;No;No;No;No;No;No;Recuperación;2022;Resolución N.° 00018-2022-OEFA/DSIS
39257;7584838-anexo-ii-5.xlsx;821;120810;Junín;Yauli;Yauli;Por determinar;Por Determinar;UF0035714;Yauli 2;18;382357.0;8710673;297;4011.0;0.4011;5615;Urbano;Público;ACTIVO;No;No;No;No;No;No;No;Recuperación;2022;Resolución N.° 00018-2022-OEFA/DSIS
39258;7584838-anexo-ii-5.xlsx;822;120810;Junín;Yauli;Yauli;Por determinar;Por Determinar;UF0035715;Marth Tunel;18;384491.0;8713483;260;2522.0;0.2522;3026;Urbano;Público;ACTIVO;No;No;No;No;No;No;No;Recuperación;2022;Resolución N.° 00018-2022-OEFA/DSIS
39259;7584838-anexo-ii-5.xlsx;823;120810;Junín;Yauli;Yauli;Por determinar;Por Determinar;UF0035677;Pumacocha;18;376727.0;8702616;535;8513.0;0.8513;10215;Rural;Público;ACTIVO;No;No;No;No;No;No;No;Recuperación;2022;Resolución N.° 00054-2022-OEFA/DSIS
39260;7584838-anexo-ii-5.xlsx;824;130202;La Libertad;Ascope;Chicama;Por determinar;Por Determinar;UF0018401;Chicama 1;17;705196.0;9133265;1640;98468.0;9.8468;59080;Urbano;Público;ACTIVO;No;Si;No;No;No;No;No;Recuperación;2022;Resolución N.° 00018-2022-OEFA/DSIS
39261;7584838-anexo-ii-5.xlsx;825;130202;La Libertad;Ascope;Chicama;Por determinar;Por Determinar;UF0018402;Chicama 2;17;702959.0;9133736;1049;5558.0;0.5558;1945;Urbano;Público;ACTIVO;No;No;No;No;No;No;No;Recuperación;2022;Resolución N.° 00018-2022-OEFA/DSIS
39262;7584838-anexo-ii-5.xlsx;826;130203;La Libertad;Ascope;Chocope;Por determinar;Por Determinar;UF0018403;Chocope;17;700701.0;9135911;238;2324.0;0.2324;1510;Urbano;Público;ACTIVO;No;No;No;No;No;No;No;Recuperación;2022;Resolución N.° 00018-2022-OEFA/DSIS
39263;7584838-anexo-ii-5.xlsx;827;130205;La Libertad;Ascope;Paijan;Por determinar;Por Determinar;UF0018404;Paijan 1;17;685852.0;9148065;1171;12015.0;1.2015;2403;Urbano;Público;ACTIVO;No;No;No;No;No;No;No;Recuperación;2022;Resolución N.° 00018-2022-OEFA/DSIS
39264;7584838-anexo-ii-5.xlsx;828;130205;La Libertad;Ascope;Paijan;Por determinar;Por Determinar;UF0018405;Paijan 2;17;686246.0;9146839;493;15874.0;1.5874;5555;Urbano;Público;ACTIVO;No;No;No;No;No;No;No;Recuperación;2022;Resolución N.° 00018-2022-OEFA/DSIS
39265;7584838-anexo-ii-5.xlsx;829;130207;La Libertad;Ascope;Santiago de Cao;Por determinar;Por Determinar;UF0037855;Santiago de Cao 1;17;691442.0;9126622;528;9430.0;0.94;11316;Rural;Público;ACTIVO;No;No;No;No;No;No;No;Recuperación;2024;Resolución N° 003-2024-OEFA/DSIS
39266;7584838-anexo-ii-5.xlsx;830;130207;La Libertad;Ascope;Santiago de Cao;Por determinar;Por Determinar;UF0037856;Santiago de Cao 2;17;695104.0;9130415;644;10855.0;1.1;18453.5;Rural;Público;ACTIVO;No;Si;No;No;No;No;No;Recuperación;2024;Resolución N° 003-2024-OEFA/DSIS
39267;7584838-anexo-ii-5.xlsx;831;130601;La Libertad;Otuzco;Otuzco;Por determinar;Por Determinar;UF0018480;Otuzco 1;17;767882.0;9125098;336;2452.0;0.2452;1226;Urbano;Público;ACTIVO;No;No;No;No;No;No;No;Recuperación;2022;Resolución N.° 00018-2022-OEFA/DSIS
39268;7584838-anexo-ii-5.xlsx;832;130601;La Libertad;Otuzco;Otuzco;Por determinar;Por Determinar;UF0018481;Otuzco 2;17;767567.0;9124846;291;4105.0;0.4105;1231;Urbano;Público;ACTIVO;No;No;No;No;No;No;No;Recuperación;2022;Resolución N.° 00018-2022-OEFA/DSIS
39269;7584838-anexo-ii-5.xlsx;833;130104;La Libertad;Trujillo;Huanchaco;"20537630222
20175639391
20167736468";"Ministerio de Cultura
Municipalidad Provincial de Trujillo
Municipalidad Distrital de Huanchaco";UF0018488;Huanchaco 1;17;714691.0;9105988;310;2035.0;0.2035;814;Urbano;Público;ACTIVO;Si;Si;No;No;No;No;No;Recuperación;2022;Resolución N.° 00018-2022-OEFA/DSIS
39270;7584838-anexo-ii-5.xlsx;834;130104;La Libertad;Trujillo;Huanchaco;"20537630222
20175639391
20167736468";"Ministerio de Cultura
Municipalidad Provincial de Trujillo
Municipalidad Distrital de Huanchaco";UF0019123;Huanchaco 2;17;712497.292377;9106704.202908;5355;674793.0;67.4793;134958;Urbano;Público;ACTIVO;Si;Si;No;No;No;No;No;Recuperación;2022;Resolución N.° 00018-2022-OEFA/DSIS
39271;7584838-anexo-ii-5.xlsx;835;130104;La Libertad;Trujillo;Huanchaco;"20537630222
20175639391
20167736468";"Ministerio de Cultura
Municipalidad Provincial de Trujillo
Municipalidad Distrital de Huanchaco";UF0018489;Huanchaco 3;17;712494.0;9100891;5008;53445.0;5.3445;53445;Urbano;Público;ACTIVO;Si;Si;No;No;No;No;No;Recuperación;2022;Resolución N.° 00018-2022-OEFA/DSIS
39272;7584838-anexo-ii-5.xlsx;836;130104;La Libertad;Trujillo;Huanchaco;Por determinar;Por Determinar;UF0018492;Huanchaco 4;17;710233.0;9107166;744;26943.0;2.6943;10777;Urbano;Público;ACTIVO;No;Si;No;No;No;No;No;Recuperación;2022;Resolución N.° 00018-2022-OEFA/DSIS
39273;7584838-anexo-ii-5.xlsx;837;130104;La Libertad;Trujillo;Huanchaco;Por determinar;Por Determinar;UF0018493;Huanchaco 5;17;710655.0;9108846;269;1440.0;0.144;432;Urbano;Público;ACTIVO;No;No;No;No;No;No;No;Recuperación;2022;Resolución N.° 00018-2022-OEFA/DSIS
39274;7584838-anexo-ii-5.xlsx;838;130104;La Libertad;Trujillo;Huanchaco;Por determinar;Por Determinar;UF0018494;Huanchaco 6;17;712637.0;9114233;423;7809.0;0.7809;3123;Urbano;Público;ACTIVO;No;No;No;No;No;No;No;Recuperación;2022;Resolución N.° 00018-2022-OEFA/DSIS
39275;7584838-anexo-ii-5.xlsx;839;130104;La Libertad;Trujillo;Huanchaco;Por determinar;Por Determinar;UF0018495;Huanchaco 7;17;711955.0;9112507;5984;229489.0;22.9489;114744;Urbano;Público;ACTIVO;Si;Si;No;No;No;No;No;Recuperación;2022;Resolución N.° 00018-2022-OEFA/DSIS
39276;7584838-anexo-ii-5.xlsx;840;130104;La Libertad;Trujillo;Huanchaco;Por determinar;Por Determinar;UF0018496;Huanchaco 8;17;711028.0;9110375;955;13373.0;1.3373;4680;Urbano;Público;ACTIVO;No;No;No;No;No;No;No;Recuperación;2022;Resolución N.° 00018-2022-OEFA/DSIS
39277;7584838-anexo-ii-5.xlsx;841;130104;La Libertad;Trujillo;Huanchaco;Por determinar;Por Determinar;UF0018497;Huanchaco 9;17;710840.0;9109657;910;12091.0;1.2091;1836;Urbano;Público;ACTIVO;No;No;No;No;No;No;No;Recuperación;2022;Resolución N.° 00018-2022-OEFA/DSIS
39278;7584838-anexo-ii-5.xlsx;842;130104;La Libertad;Trujillo;Huanchaco;Por determinar;Por Determinar;UF0018507;Huanchaco 10;17;710882.0;9109582;692;9942.0;0.9942;2982;Urbano;Público;ACTIVO;No;No;No;No;No;No;No;Recuperación;2022;Resolución N.° 00018-2022-OEFA/DSIS
39279;7584838-anexo-ii-5.xlsx;843;130104;La Libertad;Trujillo;Huanchaco;Por determinar;Por Determinar;UF0018508;Huanchaco 11;17;711020.0;9110172;330;2593.0;0.2593;907;Urbano;Público;ACTIVO;No;No;No;No;No;No;No;Recuperación;2022;Resolución N.° 00018-2022-OEFA/DSIS
39280;7584838-anexo-ii-5.xlsx;844;130104;La Libertad;Trujillo;Huanchaco;Por determinar;Por Determinar;UF0018509;Huanchaco 12;17;711759.0;9111975;1274;10736.0;1.0736;4294;Urbano;Público;ACTIVO;No;No;No;No;No;No;No;Recuperación;2022;Resolución N.° 00018-2022-OEFA/DSIS
39281;7584838-anexo-ii-5.xlsx;845;130105;La libertad;Trujillo;La Esperanza;Por determinar;Por Determinar;UF0035455;La Esperanza 15;17;712812.0;9108647;539;17020.0;1.702;17020;Urbano;Público;ACTIVO;No;No;No;No;No;No;No;Recuperación;2022;Resolución N.° 00054-2022-OEFA/DSIS
39282;7584838-anexo-ii-5.xlsx;846;130107;La Libertad;Trujillo;Moche;Por determinar;Por Determinar;UF0018502;Moche 1;17;719878.0;9096468;659;20512.0;2.0512;4102;Urbano;Público;ACTIVO;No;No;No;No;No;No;No;Recuperación;2022;Resolución N.° 00018-2022-OEFA/DSIS
39283;7584838-anexo-ii-5.xlsx;847;130107;La Libertad;Trujillo;Moche;Por determinar;Por Determinar;UF0018512;Moche 2;17;720460.0;9095945;1066;49475.0;4.9475;17316;Urbano;Público;ACTIVO;No;No;No;No;No;No;No;Recuperación;2022;Resolución N.° 00018-2022-OEFA/DSIS
39284;7584838-anexo-ii-5.xlsx;848;130109;La Libertad;Trujillo;Salaverry;Por determinar;Por Determinar;UF0018500;Salaverry 1;17;722940.0;9094066;449;8639.0;0.8639;4319;Urbano;Público;ACTIVO;No;No;No;No;No;No;No;Recuperación;2022;Resolución N.° 00018-2022-OEFA/DSIS
39285;7584838-anexo-ii-5.xlsx;849;130109;La Libertad;Trujillo;Salaverry;Por determinar;Por Determinar;UF0018513;Salaverry 2;17;721478.0;9093258;1157;69347.0;6.9347;20804;Urbano;Público;ACTIVO;No;No;No;No;No;No;No;Recuperación;2022;Resolución N.° 00018-2022-OEFA/DSIS
39286;7584838-anexo-ii-5.xlsx;850;130109;La Libertad;Trujillo;Salaverry;Por determinar;Por Determinar;UF0018514;Salaverry 3;17;722485.0;9090715;2320;124052.0;12.4052;24810;Urbano;Público;ACTIVO;No;No;No;No;No;No;No;Recuperación;2022;Resolución N.° 00018-2022-OEFA/DSIS
39287;7584838-anexo-ii-5.xlsx;851;130109;La Libertad;Trujillo;Salaverry;Por determinar;Por Determinar;UF0018515;Salaverry 4;17;720967.0;9094406;1366;62649.0;6.2649;25059;Urbano;Público;ACTIVO;No;No;No;No;No;No;No;Recuperación;2022;Resolución N.° 00018-2022-OEFA/DSIS
39288;7584838-anexo-ii-5.xlsx;852;130110;La Libertad;Trujillo;Simbal;Por determinar;Por Determinar;UF0018503;Simbal 1;17;743046.0;9117795;76.6;339.0;0.0339;67;Rural;Público;ACTIVO;No;No;No;No;No;No;No;Recuperación;2022;Resolución N.° 00018-2022-OEFA/DSIS
39289;7584838-anexo-ii-5.xlsx;853;130110;La Libertad;Trujillo;Simbal;Por determinar;Por Determinar;UF0018504;Simbal 2;17;742916.0;9117672;377;2054.0;0.2054;410;Rural;Público;ACTIVO;No;No;No;No;No;No;No;Recuperación;2022;Resolución N.° 00018-2022-OEFA/DSIS
39290;7584838-anexo-ii-5.xlsx;854;130101;La Libertad;Trujillo;Trujillo;Por determinar;Por Determinar;UF0018490;Trujillo 1;17;715223.0;9104889;59.8;220.0;0.022;110;Urbano;Público;ACTIVO;No;Si;No;No;No;No;No;Recuperación;2022;Resolución N.° 00018-2022-OEFA/DSIS
39291;7584838-anexo-ii-5.xlsx;855;130101;La Libertad;Trujillo;Trujillo;Por determinar;Por Determinar;UF0018498;Trujillo 2;17;718720.0;9100794;2461;34101.0;3.4101;3410;Urbano;Público;ACTIVO;No;No;No;No;No;No;No;Recuperación;2022;Resolución N.° 00018-2022-OEFA/DSIS
39292;7584838-anexo-ii-5.xlsx;856;130101;La Libertad;Trujillo;Trujillo;Por determinar;Por Determinar;UF0018499;Trujillo 3;17;718552.0;9100930;1377;45184.0;4.5184;45184;Urbano;Público;ACTIVO;Si;Si;No;No;No;No;No;Recuperación;2022;Resolución N.° 00018-2022-OEFA/DSIS
39293;7584838-anexo-ii-5.xlsx;857;130101;La Libertad;Trujillo;Trujillo;Por determinar;Por Determinar;UF0018501;Trujillo 4;17;720360.0;9102645;711;14170.0;1.417;17004;Urbano;Público;ACTIVO;No;No;No;No;No;No;No;Recuperación;2022;Resolución N.° 00018-2022-OEFA/DSIS
39294;7584838-anexo-ii-5.xlsx;858;130101;La Libertad;Trujillo;Trujillo;Por determinar;Por Determinar;UF0018505;Trujillo 5;17;719447.0;9101455;1151;25349.0;2.5349;400;Urbano;Público;ACTIVO;Si;Si;No;No;No;No;No;Recuperación;2022;Resolución N.° 00018-2022-OEFA/DSIS
39295;7584838-anexo-ii-5.xlsx;859;130101;La Libertad;Trujillo;Trujillo;Por determinar;Por Determinar;UF0018506;Trujillo 6;17;720486.0;9102615;161;923.0;0.0923;1107;Urbano;Público;ACTIVO;No;No;No;No;No;No;No;Recuperación;2022;Resolución N.° 00018-2022-OEFA/DSIS
39296;7584838-anexo-ii-5.xlsx;860;130101;La Libertad;Trujillo;Trujillo;Por determinar;Por Determinar;UF0018510;Trujillo 7;17;715145.0;9104632;77.6;242.0;0.0242;75;Urbano;Público;ACTIVO;No;No;No;No;No;No;No;Recuperación;2022;Resolución N.° 00018-2022-OEFA/DSIS
39297;7584838-anexo-ii-5.xlsx;861;130101;La Libertad;Trujillo;Trujillo;Por determinar;Por Determinar;UF0018511;Trujillo 8;17;715107.0;9104585;130;512.0;0.0512;75;Urbano;Público;ACTIVO;No;No;No;No;No;No;No;Recuperación;2022;Resolución N.° 00018-2022-OEFA/DSIS
39298;7584838-anexo-ii-5.xlsx;862;130111;La Libertad;Trujillo;Victor Larco Herrera;Por determinar;Por Determinar;UF0018491;Victor Larco Herrera;17;714525.0;9098875;4880;42763.0;4.2763;8552;Urbano;Público;ACTIVO;No;No;No;No;No;No;No;Recuperación;2022;Resolución N.° 00018-2022-OEFA/DSIS
39299;7584838-anexo-ii-5.xlsx;863;131202;La Libertad;Viru;Chao;Por determinar;Por Determinar;UF0018518;Chao;17;755246.0;9055794;564;14006.0;1.4006;4201;Urbano;Público;ACTIVO;No;No;No;No;No;No;No;Recuperación;2022;Resolución N.° 00018-2022-OEFA/DSIS
39300;7584838-anexo-ii-5.xlsx;864;131203;La Libertad;Viru;Guadalupito;Por determinar;Por Determinar;UF0018516;Guadalupito 1;17;763456.0;9010956;1623;78726.0;7.8726;39363;Urbano;Público;ACTIVO;No;No;No;No;No;No;No;Recuperación;2022;Resolución N.° 00018-2022-OEFA/DSIS
39301;7584838-anexo-ii-5.xlsx;865;131203;La Libertad;Viru;Guadalupito;Por determinar;Por Determinar;UF0018517;Guadalupito 2;17;759742.0;9013628;327;4012.0;0.4012;1203;Urbano;Público;ACTIVO;No;No;No;No;No;No;No;Recuperación;2022;Resolución N.° 00018-2022-OEFA/DSIS
39302;7584838-anexo-ii-5.xlsx;866;140101;Lambayeque;Chiclayo;Chiclayo;Por determinar;Por Determinar;UF0018421;Chiclayo 1;17;626934.0;9250359;149;853.0;0.0853;426;Urbano;Público;ACTIVO;No;Si;No;No;No;No;No;Recuperación;2022;Resolución N.° 00018-2022-OEFA/DSIS
39303;7584838-anexo-ii-5.xlsx;867;140101;Lambayeque;Chiclayo;Chiclayo;Por determinar;Por Determinar;UF0018422;Chiclayo 2;17;624789.0;9250145;947;15821.0;1.5821;9492;Urbano;Público;ACTIVO;Si;Si;No;No;No;No;No;Recuperación;2022;Resolución N.° 00018-2022-OEFA/DSIS
39304;7584838-anexo-ii-5.xlsx;868;140101;Lambayeque;Chiclayo;Chiclayo;Por determinar;Por Determinar;UF0018426;Chiclayo 3;17;631758.0;9253681;355;1518.0;0.1518;759;Urbano;Público;ACTIVO;No;No;No;No;No;No;No;Recuperación;2022;Resolución N.° 00018-2022-OEFA/DSIS
39305;7584838-anexo-ii-5.xlsx;869;140101;Lambayeque;Chiclayo;Chiclayo;Por determinar;Por Determinar;UF0018440;Chiclayo 4;17;625360.0;9251655;45.2;130.0;0.013;26;Urbano;Público;ACTIVO;No;No;No;No;No;No;No;Recuperación;2022;Resolución N.° 00018-2022-OEFA/DSIS
39306;7584838-anexo-ii-5.xlsx;870;140103;Lambayeque;Chiclayo;Eten;Por determinar;Por Determinar;UF0018432;Eten;17;627732.0;9237068;1837;148824.0;14.8824;29764;Urbano;Público;ACTIVO;No;No;No;No;No;No;No;Recuperación;2022;Resolución N.° 00018-2022-OEFA/DSIS
39307;7584838-anexo-ii-5.xlsx;871;140103;Lambayeque;Chiclayo;Eten;Por determinar;Por Determinar;UF0035457;Reque 4;17;634083.5;9237078.77;627;14209.0;1.4209;21313;Rural;Público;ACTIVO;No;No;No;No;No;No;No;Recuperación;2022;Resolución N.° 00054-2022-OEFA/DSIS
39308;7584838-anexo-ii-5.xlsx;872;140106;Lambayeque;Chiclayo;La Victoria;Por determinar;Por Determinar;UF0018427;La Victoria 1;17;627020.0;9248920;970;34048.0;3.4048;10214;Urbano;Público;ACTIVO;Si;Si;No;No;No;No;No;Recuperación;2022;Resolución N.° 00018-2022-OEFA/DSIS
39309;7584838-anexo-ii-5.xlsx;873;140106;Lambayeque;Chiclayo;La Victoria;Por determinar;Por Determinar;UF0018435;La Victoria 2;17;629123.0;9246628;826;16128.0;1.6128;6451;Urbano;Público;ACTIVO;No;No;No;No;No;No;No;Recuperación;2022;Resolución N.° 00018-2022-OEFA/DSIS
39310;7584838-anexo-ii-5.xlsx;874;140106;Lambayeque;Chiclayo;La Victoria;Por determinar;Por Determinar;UF0018436;La Victoria 3;17;629105.0;9246669;278;4462.0;0.4462;1338;Urbano;Público;ACTIVO;No;No;No;No;No;No;No;Recuperación;2022;Resolución N.° 00018-2022-OEFA/DSIS
39311;7584838-anexo-ii-5.xlsx;875;140106;Lambayeque;Chiclayo;La Victoria;Por determinar;Por Determinar;UF0036019;La Victoria 4;17;629430.74;9247675.27;180;882.0;0.0882;2205;Urbano;Público;ACTIVO;No;No;No;No;No;No;No;Recuperación;2022;Resolución N.° 00054-2022-OEFA/DSIS
39312;7584838-anexo-ii-5.xlsx;876;140117;Lambayeque;Chiclayo;Patapo;Por determinar;Por Determinar;UF0018437;Paruro 2;17;652435.0;9255595;232;3104.0;0.3104;620;Urbano;Público;ACTIVO;No;No;No;No;No;No;No;Recuperación;2022;Resolución N.° 00018-2022-OEFA/DSIS
39313;7584838-anexo-ii-5.xlsx;877;140111;Lambayeque;Chiclayo;Picsi;Por determinar;Por Determinar;UF0018441;Picsi 1;17;635695.0;9257954;929;24311.0;2.4311;8508;Urbano;Público;ACTIVO;No;No;No;No;No;No;No;Recuperación;2022;Resolución N.° 00018-2022-OEFA/DSIS
39314;7584838-anexo-ii-5.xlsx;878;140111;Lambayeque;Chiclayo;Picsi;Por determinar;Por Determinar;UF0018442;Picsi 2;17;634701.0;9261092;1163;61833.0;6.1833;18549;Urbano;Público;ACTIVO;No;No;No;No;No;No;No;Recuperación;2022;Resolución N.° 00018-2022-OEFA/DSIS
39315;7584838-anexo-ii-5.xlsx;879;140112;Lambayeque;Chiclayo;Pimentel;Por determinar;Por Determinar;UF0018423;Pimentel 1;17;623760.0;9251420;830;38991.0;3.8991;58486;Urbano;Público;ACTIVO;No;No;No;No;No;No;No;Recuperación;2022;Resolución N.° 00018-2022-OEFA/DSIS
39316;7584838-anexo-ii-5.xlsx;880;140112;Lambayeque;Chiclayo;Pimentel;Por determinar;Por Determinar;UF0018424;Pimentel 2;17;624072.0;9251308;820;23807.0;2.3807;4761;Urbano;Público;ACTIVO;No;Si;No;No;No;No;No;Recuperación;2022;Resolución N.° 00018-2022-OEFA/DSIS
39317;7584838-anexo-ii-5.xlsx;881;140112;Lambayeque;Chiclayo;Pimentel;Por determinar;Por Determinar;UF0018425;Pimentel 3;17;623843.0;9251563;390;7294.0;0.7294;3647;Urbano;Público;ACTIVO;No;Si;No;No;No;No;No;Recuperación;2022;Resolución N.° 00018-2022-OEFA/DSIS
39318;7584838-anexo-ii-5.xlsx;882;140112;Lambayeque;Chiclayo;Pimentel;Por determinar;Por Determinar;UF0018428;Pimentel 4;17;621779.0;9247546;2574;213685.0;21.3685;42737;Urbano;Público;ACTIVO;No;No;No;No;No;No;No;Recuperación;2022;Resolución N.° 00018-2022-OEFA/DSIS
39319;7584838-anexo-ii-5.xlsx;883;140112;Lambayeque;Chiclayo;Pimentel;Por determinar;Por Determinar;UF0018429;Pimentel 5;17;620829.0;9246827;2179;87053.0;8.7053;266115;Urbano;Público;ACTIVO;Si;Si;No;No;No;No;No;Recuperación;2022;Resolución N.° 00018-2022-OEFA/DSIS
39320;7584838-anexo-ii-5.xlsx;884;140112;Lambayeque;Chiclayo;Pimentel;Por determinar;Por Determinar;UF0018430;Pimentel 6;17;618045.0;9243554;3128;479292.0;47.9292;95858;Urbano;Público;ACTIVO;No;No;No;No;No;No;No;Recuperación;2022;Resolución N.° 00018-2022-OEFA/DSIS
39321;7584838-anexo-ii-5.xlsx;885;140112;Lambayeque;Chiclayo;Pimentel;Por determinar;Por Determinar;UF0018431;Pimentel 7;17;618492.0;9240523;941;51991.0;5.1991;15597;Urbano;Público;ACTIVO;No;No;No;No;No;No;No;Recuperación;2022;Resolución N.° 00018-2022-OEFA/DSIS
39322;7584838-anexo-ii-5.xlsx;886;140112;Lambayeque;Chiclayo;Pimentel;Por determinar;Por Determinar;UF0019117;Pimentel 8;17;618928.974457;9241834.04733;4383;620048.0;62.0048;186014;Urbano;Público;ACTIVO;Si;Si;No;No;No;No;No;Recuperación;2022;Resolución N.° 00018-2022-OEFA/DSIS
39323;7584838-anexo-ii-5.xlsx;887;140112;Lambayeque;Chiclayo;Pimentel;Por determinar;Por Determinar;UF0035458;Pimentel 9;17;618774.93;9245085.09;399;4704.0;0.4704;7056;Rural;Público;ACTIVO;No;No;No;No;No;No;No;Recuperación;2022;Resolución N.° 00054-2022-OEFA/DSIS
39324;7584838-anexo-ii-5.xlsx;888;140112;Lambayeque;Chiclayo;Pimentel;Por determinar;Por Determinar;UF0035459;Pimentel 10;17;618622.0;9245016;322;6317.0;0.6317;6317;Rural;Público;ACTIVO;No;No;No;No;No;No;No;Recuperación;2022;Resolución N.° 00054-2022-OEFA/DSIS
39325;7584838-anexo-ii-5.xlsx;889;140112;Lambayeque;Chiclayo;Pimentel;Por determinar;Por Determinar;UF0035460;Pimentel 11;17;618561.0;9244944;245;2502.0;0.2502;2502;Rural;Público;ACTIVO;No;No;No;No;No;No;No;Recuperación;2022;Resolución N.° 00054-2022-OEFA/DSIS
39326;7584838-anexo-ii-5.xlsx;890;140112;Lambayeque;Chiclayo;Pimentel;Por determinar;Por Determinar;UF0035462;Pimentel 12;17;619680.0;9245929;544;18255.0;1.8255;18255;Rural;Público;ACTIVO;No;No;No;No;No;No;No;Recuperación;2022;Resolución N.° 00054-2022-OEFA/DSIS
39327;7584838-anexo-ii-5.xlsx;891;140118;Lambayeque;Chiclayo;Pomalca;Por determinar;Por Determinar;UF0019118;Pomalca;17;633294.333645;9248020.781996;3628;369060.0;36.906;184530;Urbano;Público;ACTIVO;Si;Si;No;No;No;No;No;Recuperación;2022;Resolución N.° 00018-2022-OEFA/DSIS
39328;7584838-anexo-ii-5.xlsx;892;140118;Lambayeque;Chiclayo;Pomalca;Por determinar;Por Determinar;UF0035461;Pomalca 1;17;634345.05;9251387.69;304;579.0;0.0579;173;Rural;Público;ACTIVO;No;No;No;No;No;No;No;Recuperación;2022;Resolución N.° 00054-2022-OEFA/DSIS
39329;7584838-anexo-ii-5.xlsx;893;140113;Lambayeque;Chiclayo;Reque;Por determinar;Por Determinar;UF0018433;Reque 1;17;630188.0;9241677;308;2568.0;0.2568;513.6;Urbano;Público;ACTIVO;No;No;No;No;No;No;No;Recuperación;2022;Resolución N.° 00018-2022-OEFA/DSIS
39330;7584838-anexo-ii-5.xlsx;894;140113;Lambayeque;Chiclayo;Reque;Por determinar;Por Determinar;UF0018434;Reque 2;17;630737.0;9241750;56.6;143.0;0.0143;44269;Urbano;Público;ACTIVO;No;No;No;No;No;No;No;Recuperación;2022;Resolución N.° 00018-2022-OEFA/DSIS
39331;7584838-anexo-ii-5.xlsx;895;140113;Lambayeque;Chiclayo;Reque;Por determinar;Por Determinar;UF0035456;Reque 3;17;630832.0;9239587;541;9240.0;0.924;18480;Rural;Público;ACTIVO;No;No;No;No;No;No;No;Recuperación;2022;Resolución N.° 00054-2022-OEFA/DSIS
39332;7584838-anexo-ii-5.xlsx;896;140113;Lambayeque;Chiclayo;Reque;Por determinar;Por Determinar;UF0036016;Reque 5;17;635710.0;9236193;1778;105729.0;10.5729;52864;Rural;Público;ACTIVO;No;No;No;No;No;No;No;Recuperación;2022;Resolución N.° 00054-2022-OEFA/DSIS
39333;7584838-anexo-ii-5.xlsx;897;140120;Lambayeque;Chiclayo;Tuman;Por determinar;Por Determinar;UF0018438;Tuman 1;17;646147.0;9254719;172;905.0;0.0905;181;Urbano;Público;ACTIVO;No;No;No;No;No;No;No;Recuperación;2022;Resolución N.° 00018-2022-OEFA/DSIS
39334;7584838-anexo-ii-5.xlsx;898;140120;Lambayeque;Chiclayo;Tuman;Por determinar;Por Determinar;UF0018439;Tuman 2;17;645187.0;9254335;455;3548.0;0.3548;716;Urbano;Público;ACTIVO;No;No;No;No;No;No;No;Recuperación;2022;Resolución N.° 00018-2022-OEFA/DSIS
39335;7584838-anexo-ii-5.xlsx;899;140201;Lambayeque;Ferreñafe;Ferreñafe;Por determinar;Por Determinar;UF0018452;Ferreñafe;17;633557.0;9267219;761;2357.0;0.2357;235.7;Urbano;Público;ACTIVO;No;No;No;No;No;No;No;Recuperación;2022;Resolución N.° 00018-2022-OEFA/DSIS
39336;7584838-anexo-ii-5.xlsx;900;140301;Lambayeque;Lambayeque;Lambayeque;Por determinar;Por Determinar;UF0018468;Lambayeque 1;17;620492.0;9259825;442;5129.0;0.5129;6667;Urbano;Público;ACTIVO;No;Si;No;No;No;No;No;Recuperación;2022;Resolución N.° 00018-2022-OEFA/DSIS
39337;7584838-anexo-ii-5.xlsx;901;140301;Lambayeque;Lambayeque;Lambayeque;Por determinar;Por Determinar;UF0018469;Lambayeque 2;17;620985.0;9260360;975;55123.0;5.5123;44098;Urbano;Público;ACTIVO;Si;Si;No;No;No;No;No;Recuperación;2022;Resolución N.° 00018-2022-OEFA/DSIS
39338;7584838-anexo-ii-5.xlsx;902;140301;Lambayeque;Lambayeque;Lambayeque;Por determinar;Por Determinar;UF0035463;Lambayeque 3;17;622417.0;9258143;220;433.0;0.0433;649;Rural;Público;ACTIVO;No;No;No;No;No;No;No;Recuperación;2022;Resolución N.° 00054-2022-OEFA/DSIS
39339;7584838-anexo-ii-5.xlsx;903;140301;Lambayeque;Lambayeque;Lambayeque;Por determinar;Por Determinar;UF0036017;Lambayeque 8;17;623785.0;9254955;3052;117718.0;11.7718;58859;Rural;Privado;ACTIVO;No;No;No;No;No;No;No;Recuperación;2022;Resolución N.° 00054-2022-OEFA/DSIS
39340;7584838-anexo-ii-5.xlsx;904;140301;Lambayeque;Lambayeque;Lambayeque;Por determinar;Por Determinar;UF0036018;Lambayeque 9;17;624207.53;9254596.75;489;3239.0;0.3239;12956;Rural;Público;ACTIVO;No;No;No;No;No;No;No;Recuperación;2022;Resolución N.° 00054-2022-OEFA/DSIS
39341;7584838-anexo-ii-5.xlsx;905;140307;Lambayeque;Lambayeque;Motupe;Por determinar;Por Determinar;UF0035464;Motupe 1;17;641081.35;9321604.2;185;565.0;0.0565;1130;Rural;Público;ACTIVO;No;No;No;No;No;No;No;Recuperación;2022;Resolución N.° 00054-2022-OEFA/DSIS
39342;7584838-anexo-ii-5.xlsx;906;140307;Lambayeque;Lambayeque;Motupe;Por determinar;Por Determinar;UF0035465;Motupe 2;17;643586.0;9318999;651;3778.0;0.3778;5667;Rural;Público;ACTIVO;No;No;No;No;No;No;No;Recuperación;2022;Resolución N.° 00054-2022-OEFA/DSIS
39343;7584838-anexo-ii-5.xlsx;907;140307;Lambayeque;Lambayeque;Motupe;Por determinar;Por Determinar;UF0035466;Motupe 3;17;630723.16;9239601.21;187;1077.0;0.1077;2154;Rural;Público;ACTIVO;No;No;No;No;No;No;No;Recuperación;2022;Resolución N.° 00054-2022-OEFA/DSIS
39344;7584838-anexo-ii-5.xlsx;908;150201;Lima;Barranca;Barranca;Por determinar;Por Determinar;UF0018406;Barranca;18;199438.0;8811545;583;14346.0;1.4346;28692;Urbano;Público;ACTIVO;No;Si;No;No;No;No;No;Recuperación;2022;Resolución N.° 00018-2022-OEFA/DSIS
39345;7584838-anexo-ii-5.xlsx;909;150202;Lima;Barranca;Paramonga;Por determinar;Por Determinar;UF0018408;Paramonga 1;18;190200.0;8818126;2699;40331.0;4.0331;80662;Urbano;Público;ACTIVO;No;Si;No;No;No;No;No;Recuperación;2022;Resolución N.° 00018-2022-OEFA/DSIS
39346;7584838-anexo-ii-5.xlsx;910;150202;Lima;Barranca;Paramonga;Por determinar;Por Determinar;UF0018409;Paramonga 2;18;191169.0;8818027;249;1583.0;0.1583;4749;Urbano;Público;ACTIVO;No;Si;No;No;No;No;No;Recuperación;2022;Resolución N.° 00018-2022-OEFA/DSIS
39347;7584838-anexo-ii-5.xlsx;911;150203;Lima;Barranca;Pativilca;Por determinar;Por Determinar;UF0018407;Pativilca;18;195119.0;8816956;469;8269.0;0.8269;24087;Urbano;Público;ACTIVO;No;Si;No;No;No;No;No;Recuperación;2022;Resolución N.° 00018-2022-OEFA/DSIS
39348;7584838-anexo-ii-5.xlsx;912;150502;Lima;Cañete;Asia;Por determinar;Por Determinar;UF0018531;Asia 1;18;330313.0;8585409;317;4859.0;0.4859;14577;Urbano;Privado;ACTIVO;No;Si;No;No;No;No;No;Recuperación;2022;Resolución N.° 00018-2022-OEFA/DSIS
39349;7584838-anexo-ii-5.xlsx;913;150502;Lima;Cañete;Asia;Por determinar;Por Determinar;UF0018532;Asia;18;331128.0;8584796;355;5636.0;0.5636;22544;Urbano;Público;ACTIVO;No;Si;No;No;No;No;No;Recuperación;2022;Resolución N.° 00018-2022-OEFA/DSIS
39350;7584838-anexo-ii-5.xlsx;914;150502;Lima;Cañete;Asia;Por determinar;Por Determinar;UF0018534;Asia 2;18;336242.0;8574563;236;2433.0;0.2433;7299;Urbano;Público;ACTIVO;No;Si;No;No;No;No;No;Recuperación;2022;Resolución N.° 00018-2022-OEFA/DSIS
39351;7584838-anexo-ii-5.xlsx;915;150502;Lima;Cañete;Asia;Por determinar;Por Determinar;UF0018535;Asia 3;18;337014.0;8572765;505;5905.0;0.5905;17715;Urbano;Público;ACTIVO;No;Si;No;No;No;No;No;Recuperación;2022;Resolución N.° 00018-2022-OEFA/DSIS
39352;7584838-anexo-ii-5.xlsx;916;150504;Lima;Cañete;Cerro Azul;Por determinar;Por Determinar;UF0018537;Cerro Azul 1;18;337275.0;8566858;401;2774.0;0.2774;8322;Urbano;Público;ACTIVO;No;Si;No;No;No;No;No;Recuperación;2022;Resolución N.° 00018-2022-OEFA/DSIS
39353;7584838-anexo-ii-5.xlsx;917;150504;Lima;Cañete;Cerro Azul;Por determinar;Por Determinar;UF0018538;Cerro Azul 2;18;337644.0;8565370;354;2485.0;0.2485;9940;Urbano;Público;ACTIVO;No;Si;No;No;No;No;No;Recuperación;2022;Resolución N.° 00018-2022-OEFA/DSIS
39354;7584838-anexo-ii-5.xlsx;918;150504;Lima;Cañete;Cerro Azul;Por determinar;Por Determinar;UF0018547;Cerro Azul 3;18;343135.0;8558046;306;2342.0;0.2342;7026;Urbano;Público;ACTIVO;No;No;No;No;No;No;No;Recuperación;2022;Resolución N.° 00018-2022-OEFA/DSIS
39355;7584838-anexo-ii-5.xlsx;919;150504;Lima;Cañete;Cerro Azul;Por determinar;Por Determinar;UF0018548;Cerro Azul 4;18;340375.0;8558960;317;1264.0;0.1264;3792;Urbano;Público;ACTIVO;No;No;No;No;No;No;No;Recuperación;2022;Resolución N.° 00018-2022-OEFA/DSIS
39356;7584838-anexo-ii-5.xlsx;920;150504;Lima;Cañete;Cerro Azul;Por determinar;Por Determinar;UF0018549;Cerro Azul 5;18;338525.0;8563393;140;522.0;0.0522;1566;Urbano;Público;ACTIVO;No;No;No;No;No;No;No;Recuperación;2022;Resolución N.° 00018-2022-OEFA/DSIS
39357;7584838-anexo-ii-5.xlsx;921;150504;Lima;Cañete;Cerro Azul;Por determinar;Por Determinar;UF0018550;Cerro Azul 6;18;337314.0;8568421;301;2168.0;0.2168;6504;Urbano;Público;ACTIVO;No;No;No;No;No;No;No;Recuperación;2022;Resolución N.° 00018-2022-OEFA/DSIS
39358;7584838-anexo-ii-5.xlsx;922;150504;Lima;Cañete;Cerro Azul;Por determinar;Por Determinar;UF0018551;Cerro Azul 7;18;337617.0;8568688;3112;152976.0;15.2976;611904;Urbano;Público;ACTIVO;No;No;No;No;No;No;No;Recuperación;2022;Resolución N.° 00018-2022-OEFA/DSIS
39359;7584838-anexo-ii-5.xlsx;923;150507;Lima;Cañete;Imperial;Por determinar;Por Determinar;UF0018541;Imperial 1;18;354206.0;8555315;75;308.0;0.0308;616;Urbano;Público;ACTIVO;No;No;No;No;No;No;No;Recuperación;2022;Resolución N.° 00018-2022-OEFA/DSIS
39360;7584838-anexo-ii-5.xlsx;924;150507;Lima;Cañete;Imperial;Por determinar;Por Determinar;UF0018545;Imperial 2;18;354571.0;8554788;729;31596.0;3.1596;63192;Urbano;Público;ACTIVO;No;No;No;No;No;No;No;Recuperación;2022;Resolución N.° 00018-2022-OEFA/DSIS
39361;7584838-anexo-ii-5.xlsx;925;150509;Lima;Cañete;Mala;Por determinar;Por Determinar;UF0018524;Mala 1;18;321805.0;8595596;469;9378.0;0.9378;28134;Urbano;Público;ACTIVO;No;Si;No;No;No;No;No;Recuperación;2022;Resolución N.° 00018-2022-OEFA/DSIS
39362;7584838-anexo-ii-5.xlsx;926;150509;Lima;Cañete;Mala;Por determinar;Por Determinar;UF0018528;Mala 2;18;321419.0;8601177;127;438.0;0.0438;876;Urbano;Público;ACTIVO;No;Si;No;No;No;No;No;Recuperación;2022;Resolución N.° 00018-2022-OEFA/DSIS
39363;7584838-anexo-ii-5.xlsx;927;150509;Lima;Cañete;Mala;Por determinar;Por Determinar;UF0018529;Mala 3;18;322494.0;8601120;127;599.0;0.0599;1797;Urbano;Público;ACTIVO;No;Si;No;No;No;No;No;Recuperación;2022;Resolución N.° 00018-2022-OEFA/DSIS
39364;7584838-anexo-ii-5.xlsx;928;150509;Lima;Cañete;Mala;Por determinar;Por Determinar;UF0018530;Lm-848;18;324641.0;8599860;2496;106619.0;10.6619;533095;Urbano;Privado;ACTIVO;No;Si;No;No;No;No;No;Recuperación;2022;Resolución N.° 00018-2022-OEFA/DSIS
39365;7584838-anexo-ii-5.xlsx;929;150510;Lima;Cañete;Nuevo Imperial;Por determinar;Por Determinar;UF0018544;Nuevo Imperial;18;362031.0;8554987;830;10746.0;1.0746;21492;Urbano;Público;ACTIVO;No;No;No;No;No;No;No;Recuperación;2022;Resolución N.° 00018-2022-OEFA/DSIS
39366;7584838-anexo-ii-5.xlsx;930;150511;Lima;Cañete;Pacaran;Por determinar;Por Determinar;UF0018542;Pacaran 1;18;380976.0;8572251;473;7872.0;0.7872;23616;Urbano;Público;ACTIVO;No;No;No;No;No;No;No;Recuperación;2022;Resolución N.° 00018-2022-OEFA/DSIS
39367;7584838-anexo-ii-5.xlsx;931;150511;Lima;Cañete;Pacaran;Por determinar;Por Determinar;UF0018543;Pacaran 2;18;385438.0;8577490;327;4539.0;0.4539;9078;Urbano;Público;ACTIVO;No;No;No;No;No;No;No;Recuperación;2022;Resolución N.° 00018-2022-OEFA/DSIS
39368;7584838-anexo-ii-5.xlsx;932;150512;Lima;Cañete;Quilmana;Por determinar;Por Determinar;UF0018552;Quilmaná;18;346997.0;8568404;480;6833.0;0.6833;20499;Urbano;Público;ACTIVO;No;No;No;No;No;No;No;Recuperación;2022;Resolución N.° 00018-2022-OEFA/DSIS
39369;7584838-anexo-ii-5.xlsx;933;150513;Lima;Cañete;San Antonio;Por determinar;Por Determinar;UF0018525;San Antonio 2;18;318576.0;8603574;257;2201.0;0.2201;6603;Urbano;Público;ACTIVO;No;Si;No;No;No;No;No;Recuperación;2022;Resolución N.° 00018-2022-OEFA/DSIS
39370;7584838-anexo-ii-5.xlsx;934;150513;Lima;Cañete;San Antonio;Por determinar;Por Determinar;UF0018526;San Antonio;18;318682.0;8602393;393;4604.0;0.4604;9208;Urbano;Público;ACTIVO;No;Si;No;No;No;No;No;Recuperación;2022;Resolución N.° 00018-2022-OEFA/DSIS
39371;7584838-anexo-ii-5.xlsx;935;150513;Lima;Cañete;San Antonio;Por determinar;Por Determinar;UF0018527;San Antonio 3;18;318934.0;8601412;232;2620.0;0.262;7860;Urbano;Público;ACTIVO;No;Si;No;No;No;No;No;Recuperación;2022;Resolución N.° 00018-2022-OEFA/DSIS
39372;7584838-anexo-ii-5.xlsx;936;150501;Lima;Cañete;San Vicente de Cañete;Por determinar;Por Determinar;UF0018540;San Vicente de Cañete 1;18;353135.0;8554987;144;1088.0;0.1088;4352;Urbano;Público;ACTIVO;No;Si;No;No;No;No;No;Recuperación;2022;Resolución N.° 00018-2022-OEFA/DSIS
39373;7584838-anexo-ii-5.xlsx;937;150501;Lima;Cañete;San Vicente de Cañete;Por determinar;Por Determinar;UF0018546;San Vicente de Cañete 2;18;350241.0;8554156;70;307.0;0.0307;921;Urbano;Público;ACTIVO;No;No;No;No;No;No;No;Recuperación;2022;Resolución N.° 00018-2022-OEFA/DSIS
39374;7584838-anexo-ii-5.xlsx;938;150801;Lima;Huaura;Huacho;Por determinar;Por Determinar;UF0018455;Huacho 1;18;216553.0;8770093;212;1003.0;0.1003;3009;Urbano;Público;ACTIVO;No;No;No;No;No;No;No;Recuperación;2022;Resolución N.° 00018-2022-OEFA/DSIS
39375;7584838-anexo-ii-5.xlsx;939;150801;Lima;Huaura;Huacho;Por determinar;Por Determinar;UF0018461;Huacho 2;18;214724.0;8769883;115;324.0;0.0324;972;Urbano;Público;ACTIVO;No;Si;No;No;No;No;No;Recuperación;2022;Resolución N.° 00018-2022-OEFA/DSIS
39376;7584838-anexo-ii-5.xlsx;940;150801;Lima;Huaura;Huacho;Por determinar;Por Determinar;UF0018462;Huacho 3;18;214702.0;8769899;240;828.0;0.0828;2484;Urbano;Público;ACTIVO;No;Si;No;No;No;No;No;Recuperación;2022;Resolución N.° 00018-2022-OEFA/DSIS
39377;7584838-anexo-ii-5.xlsx;941;150801;Lima;Huaura;Huacho;Por determinar;Por Determinar;UF0018463;Huacho 4;18;214904.0;8767645;1653;31695.0;3.1695;63390;Urbano;Privado;ACTIVO;No;Si;No;No;No;No;No;Recuperación;2022;Resolución N.° 00018-2022-OEFA/DSIS
39378;7584838-anexo-ii-5.xlsx;942;150801;Lima;Huaura;Huacho;Por determinar;Por Determinar;UF0018464;Huacho 5;18;215367.0;8769309;224;1000.0;0.1;3000;Urbano;Público;ACTIVO;No;No;No;No;No;No;No;Recuperación;2022;Resolución N.° 00018-2022-OEFA/DSIS
39379;7584838-anexo-ii-5.xlsx;943;150801;Lima;Huaura;Huacho;Por determinar;Por Determinar;UF0018465;Huacho 6;18;215887.0;8769450;651;5162.0;0.5162;15486;Urbano;Público;ACTIVO;No;Si;No;No;No;No;No;Recuperación;2022;Resolución N.° 00018-2022-OEFA/DSIS
39380;7584838-anexo-ii-5.xlsx;944;150801;Lima;Huaura;Huacho;Por determinar;Por Determinar;UF0018466;Huacho 7;18;216332.0;8769780;244;1865.0;0.1865;5595;Urbano;Público;ACTIVO;No;Si;No;No;No;No;No;Recuperación;2022;Resolución N.° 00018-2022-OEFA/DSIS
39381;7584838-anexo-ii-5.xlsx;945;150805;Lima;Huaura;Hualmay;Por determinar;Por Determinar;UF0018467;Hualmay;18;215917.0;8772356;286;3797.0;0.3797;7594;Urbano;Público;ACTIVO;No;Si;No;No;No;No;No;Recuperación;2022;Resolución N.° 00018-2022-OEFA/DSIS
39382;7584838-anexo-ii-5.xlsx;946;150806;Lima;Huaura;Huaura;Por determinar;Por Determinar;UF0018458;Huaura 1;18;217627.0;8775067;610;13318.0;1.3318;39954;Urbano;Público;ACTIVO;No;No;No;No;No;No;No;Recuperación;2022;Resolución N.° 00018-2022-OEFA/DSIS
39383;7584838-anexo-ii-5.xlsx;947;150806;Lima;Huaura;Huaura;Por determinar;Por Determinar;UF0018460;Huaura 2;18;216080.0;8775739;367;3211.0;0.3211;9633;Urbano;Público;ACTIVO;No;Si;No;No;No;No;No;Recuperación;2022;Resolución N.° 00018-2022-OEFA/DSIS
39384;7584838-anexo-ii-5.xlsx;948;150806;Lima;Huaura;Huaura;Por determinar;Por Determinar;UF0037857;Huaura 3;18;236830.25;8771270.77;655;4064.0;0.4064;10160;Rural;Público;ACTIVO;Si;Si;No;No;No;No;No;Recuperación;2024;Resolución N° 003-2024-OEFA/DSIS
39385;7584838-anexo-ii-5.xlsx;949;150810;Lima;Huaura;Santa Maria;Por determinar;Por Determinar;UF0018456;Santa María 1;18;216755.0;8770049;304;2788.0;0.2788;8364;Urbano;Público;ACTIVO;No;No;No;No;No;No;No;Recuperación;2022;Resolución N.° 00018-2022-OEFA/DSIS
39386;7584838-anexo-ii-5.xlsx;950;150810;Lima;Huaura;Santa Maria;Por determinar;Por Determinar;UF0018457;Santa María 2;18;217692.0;8774721;220;2180.0;0.218;6540;Urbano;Público;ACTIVO;No;No;No;No;No;No;No;Recuperación;2022;Resolución N.° 00018-2022-OEFA/DSIS
39387;7584838-anexo-ii-5.xlsx;951;150811;Lima;Huaura;Sayan;Por determinar;Por Determinar;UF0018459;Sayan;18;252645.0;8767548;363;3453.0;0.3453;6906;Urbano;Público;ACTIVO;No;Si;No;No;No;No;No;Recuperación;2022;Resolución N.° 00018-2022-OEFA/DSIS
39388;7584838-anexo-ii-5.xlsx;952;150102;Lima;Lima;Ancon;Por determinar;Por Determinar;UF0018578;Ancon;18;263406.0;8697303;645;12206.0;1.2206;17088;Urbano;Público;ACTIVO;No;No;No;No;No;No;No;Recuperación;2022;Resolución N.° 00018-2022-OEFA/DSIS
39389;7584838-anexo-ii-5.xlsx;953;150102;Lima;Lima;Ancon;Por determinar;Por Determinar;UF0018579;Playa Hermosa 1;18;263197.0;8697139;588;9616.0;0.9616;10578;Urbano;Público;ACTIVO;No;No;No;No;No;No;No;Recuperación;2022;Resolución N.° 00018-2022-OEFA/DSIS
39390;7584838-anexo-ii-5.xlsx;954;150102;Lima;Lima;Ancon;Por determinar;Por Determinar;UF0018580;Playa Hermosa 2;18;263203.0;8697086;429;5887.0;0.5887;5298;Urbano;Público;ACTIVO;No;No;No;No;No;No;No;Recuperación;2022;Resolución N.° 00018-2022-OEFA/DSIS
39391;7584838-anexo-ii-5.xlsx;955;150102;Lima;Lima;Ancon;Por determinar;Por Determinar;UF0035154;Urb. Acompia;18;264442.0;8698475;2266;193075.0;19.3075;772300;Urbano;Público;ACTIVO;No;Si;No;No;No;No;No;Recuperación;2022;Resolución N.° 00054-2022-OEFA/DSIS
39392;7584838-anexo-ii-5.xlsx;956;150102;Lima;Lima;Ancon;Por determinar;Por Determinar;UF0035157;Ancon 1;18;263825.0;8697925;1242;11411.0;1.1411;14834.3;Urbano;Público;ACTIVO;No;No;No;No;No;No;No;Recuperación;2022;Resolución N.° 00054-2022-OEFA/DSIS
39393;7584838-anexo-ii-5.xlsx;957;150103;Lima;Lima;Ate;Por determinar;Por Determinar;UF0019121;Ate 1;18;296181.769494;8671801.228534;982;7013.0;0.7013;28052;Urbano;Público;ACTIVO;No;Si;No;No;No;No;No;Recuperación;2022;Resolución N.° 00018-2022-OEFA/DSIS
39394;7584838-anexo-ii-5.xlsx;958;150103;Lima;Lima;Ate;Por determinar;Por Determinar;UF0018628;Ate 2;18;294026.0;8671247;409;1690.0;0.169;5070;Urbano;Público;ACTIVO;No;Si;No;No;No;No;No;Recuperación;2022;Resolución N.° 00018-2022-OEFA/DSIS
39395;7584838-anexo-ii-5.xlsx;959;150103;Lima;Lima;Ate;Por determinar;Por Determinar;UF0035153;Huaycan de Pariachi Sector 1;18;300961.0;8671331;1101;26847.0;2.6847;53694;Urbano;Público;ACTIVO;No;Si;No;No;No;No;No;Recuperación;2022;Resolución N.° 00054-2022-OEFA/DSIS
39396;7584838-anexo-ii-5.xlsx;960;150106;Lima;Lima;Carabayllo;Por determinar;Por Determinar;UF0018557;Huacoy;18;279971.0;8688879;224;1232.0;0.1232;2217;Urbano;Público;ACTIVO;No;No;No;No;No;No;No;Recuperación;2022;Resolución N.° 00018-2022-OEFA/DSIS
39397;7584838-anexo-ii-5.xlsx;961;150106;Lima;Lima;Carabayllo;Por determinar;Por Determinar;UF0018563;San Isidro;18;278513.0;8687172;345;1425.0;0.1425;1710;Urbano;Público;NO ACTIVO;No;No;No;No;No;No;No;Recuperación;2022;Resolución N.° 00018-2022-OEFA/DSIS
39398;7584838-anexo-ii-5.xlsx;962;150106;Lima;Lima;Carabayllo;Por determinar;Por Determinar;UF0018564;Carabayllo;18;278614.0;8687358;289;1110.0;0.111;333;Urbano;Público;NO ACTIVO;No;No;No;No;No;No;No;Recuperación;2022;Resolución N.° 00018-2022-OEFA/DSIS
39399;7584838-anexo-ii-5.xlsx;963;150106;Lima;Lima;Carabayllo;Por determinar;Por Determinar;UF0018565;Río Chillón;18;279276.0;8688294;477;4563.0;0.4563;45630;Rural;Público;NO ACTIVO;No;No;No;No;No;No;No;Recuperación;2022;Resolución N.° 00018-2022-OEFA/DSIS
39400;7584838-anexo-ii-5.xlsx;964;150106;Lima;Lima;Carabayllo;Por determinar;Por Determinar;UF0018566;El Chaperito;18;279552.0;8688567;1677;14890.0;1.489;22335;Rural;Público;ACTIVO;No;No;No;No;No;No;No;Recuperación;2022;Resolución N.° 00018-2022-OEFA/DSIS
39401;7584838-anexo-ii-5.xlsx;965;150106;Lima;Lima;Carabayllo;Por determinar;Por Determinar;UF0018567;Puente San Martín;18;279042.0;8687830;1758;21865.0;2.1865;131190;Rural;Público;NO ACTIVO;No;No;No;No;No;No;No;Recuperación;2022;Resolución N.° 00018-2022-OEFA/DSIS
39402;7584838-anexo-ii-5.xlsx;966;150106;Lima;Lima;Carabayllo;Por determinar;Por Determinar;UF0018568;La Ponderosa;18;279630.0;8688481;1065;13136.0;1.3136;39408;Rural;Público;ACTIVO;Si;Si;No;No;No;No;No;Recuperación;2022;Resolución N.° 00018-2022-OEFA/DSIS
39403;7584838-anexo-ii-5.xlsx;967;150106;Lima;Lima;Carabayllo;Por determinar;Por Determinar;UF0018569;Valle Nuevo ;18;279855.0;8688770;544;3197.0;0.3197;3197;Rural;Público;ACTIVO;No;No;No;No;No;No;No;Recuperación;2022;Resolución N.° 00018-2022-OEFA/DSIS
39404;7584838-anexo-ii-5.xlsx;968;150106;Lima;Lima;Carabayllo;Por determinar;Por Determinar;UF0018570;Ribera De Santo Domingo;18;278410.0;8687066;96.3;148.0;0.0148;44.4;Urbano;Público;ACTIVO;Si;No;No;No;No;No;No;Recuperación;2022;Resolución N.° 00018-2022-OEFA/DSIS
39405;7584838-anexo-ii-5.xlsx;969;150106;Lima;Lima;Carabayllo;Por determinar;Por Determinar;UF0018571;Los Jardines De San Juan De Carabayllo;18;278201.0;8686762;286;6430.0;0.643;38580;Rural;Público;NO ACTIVO;No;No;No;No;No;No;No;Recuperación;2022;Resolución N.° 00018-2022-OEFA/DSIS
39406;7584838-anexo-ii-5.xlsx;970;150106;Lima;Lima;Carabayllo;Por determinar;Por Determinar;UF0018584;Carabayllo 1;18;277758.0;8686187;340;3115.0;0.3115;2302;Urbano;Público;ACTIVO;No;No;No;No;No;No;No;Recuperación;2022;Resolución N.° 00018-2022-OEFA/DSIS
39407;7584838-anexo-ii-5.xlsx;971;150106;Lima;Lima;Carabayllo;Por determinar;Por Determinar;UF0018585;Carabayllo 2;18;277786.0;8686221;373;2557.0;0.2557;2302;Urbano;Público;ACTIVO;No;No;No;No;No;No;No;Recuperación;2022;Resolución N.° 00018-2022-OEFA/DSIS
39408;7584838-anexo-ii-5.xlsx;972;150106;Lima;Lima;Carabayllo;Por determinar;Por Determinar;UF0018586;Carabayllo 3;18;277235.0;8685498;425;6328.0;0.6328;8860;Urbano;Público;ACTIVO;No;No;No;No;No;No;No;Recuperación;2022;Resolución N.° 00018-2022-OEFA/DSIS
39409;7584838-anexo-ii-5.xlsx;973;150106;Lima;Lima;Carabayllo;Por determinar;Por Determinar;UF0038250;San Antonio de Carabayllo 1;18;276162.0;8688781;793;28909.0;2.8909;462544;Urbano;Privado;ACTIVO;Si;Si;No;No;No;No;No;Recuperación;2024;Resolución N° 0035-2024-OEFA/DSIS
39410;7584838-anexo-ii-5.xlsx;974;150108;Lima;Lima;Chorrillos;Por determinar;Por Determinar;UF0018589;Chorrillos;18;279775.0;8653058;331;1762.0;0.1762;7048;Urbano;Público;ACTIVO;No;Si;No;No;No;No;No;Recuperación;2022;Resolución N.° 00018-2022-OEFA/DSIS
39411;7584838-anexo-ii-5.xlsx;975;150108;Lima;Lima;Chorrillos;Por determinar;Por Determinar;UF0018590; Pacifico De Villa;18;279032.0;8650525;691;18296.0;1.8296;823320;Urbano;Público;ACTIVO;No;Si;No;No;No;No;No;Recuperación;2022;Resolución N.° 00018-2022-OEFA/DSIS
39412;7584838-anexo-ii-5.xlsx;976;150108;Lima;Lima;Chorrillos;Por determinar;Por Determinar;UF0018591;San Pedro;18;280204.0;8652290;454;10774.0;1.0774;118514;Urbano;Público;ACTIVO;No;Si;No;No;No;No;No;Recuperación;2022;Resolución N.° 00018-2022-OEFA/DSIS
39413;7584838-anexo-ii-5.xlsx;977;150108;Lima;Lima;Chorrillos;Por determinar;Por Determinar;UF0018592;Nueva Caledonia;18;279198.0;8651062;2166;70326.0;7.0326;1117829;Urbano;Público;ACTIVO;No;Si;No;No;No;No;No;Recuperación;2022;Resolución N.° 00018-2022-OEFA/DSIS
39414;7584838-anexo-ii-5.xlsx;978;150108;Lima;Lima;Chorrillos;Por determinar;Por Determinar;UF0035159;Cultural Lima;18;279465.0;8649567;45.4;121.0;0.0121;290.4;Urbano;Público;ACTIVO;No;No;No;No;No;No;No;Recuperación;2022;Resolución N.° 00054-2022-OEFA/DSIS
39415;7584838-anexo-ii-5.xlsx;979;150108;Lima;Lima;Chorrillos;Por determinar;Por Determinar;UF0035160;Chorrillos 3;18;279627.0;8649512;135;634.0;0.0634;951;Urbano;Público;ACTIVO;No;No;No;No;No;No;No;Recuperación;2022;Resolución N.° 00054-2022-OEFA/DSIS
39416;7584838-anexo-ii-5.xlsx;980;150108;Lima;Lima;Chorrillos;Por determinar;Por Determinar;UF0035161;Chorrillos 4;18;279803.0;8649441;50.7;85.0;0.0085;153;Urbano;Público;ACTIVO;No;No;No;No;No;No;No;Recuperación;2022;Resolución N.° 00054-2022-OEFA/DSIS
39417;7584838-anexo-ii-5.xlsx;981;150108;Lima;Lima;Chorrillos;Por determinar;Por Determinar;UF0036873;Villa Baja;18;284284.0;8649003;692;28678.0;2.8678;114712;Urbano;Privado;ACTIVO;Si;Si;No;No;No;Si;No;Recuperación;2023;Resolución N.° 00073-2023-OEFA/DSIS
39418;7584838-anexo-ii-5.xlsx;982;150109;Lima;Lima;Cieneguilla;Por determinar;Por Determinar;UF0018558;Lurin 1 ;18;308302.0;8665242;57;206.0;0.0206;90;Urbano;Público;ACTIVO;No;No;No;No;No;No;No;Recuperación;2022;Resolución N.° 00018-2022-OEFA/DSIS
39419;7584838-anexo-ii-5.xlsx;983;150109;Lima;Lima;Cieneguilla;Por determinar;Por Determinar;UF0018559;Lurin 2;18;307356.0;8663879;96;462.0;0.0462;324;Urbano;Público;ACTIVO;No;No;No;No;No;No;No;Recuperación;2022;Resolución N.° 00018-2022-OEFA/DSIS
39420;7584838-anexo-ii-5.xlsx;984;150109;Lima;Lima;Cieneguilla;Por determinar;Por Determinar;UF0018560;Lurin 3;18;307402.0;8663897;81;455.0;0.0455;410;Urbano;Público;ACTIVO;No;No;No;No;No;No;No;Recuperación;2022;Resolución N.° 00018-2022-OEFA/DSIS
39421;7584838-anexo-ii-5.xlsx;985;150109;Lima;Lima;Cieneguilla;Por determinar;Por Determinar;UF0035164;Lurin 12;18;307154.0;8663549;858;8225.0;0.8225;3456;Urbano;Público;ACTIVO;No;No;No;No;No;No;No;Recuperación;2022;Resolución N.° 00018-2022-OEFA/DSIS
39422;7584838-anexo-ii-5.xlsx;986;150109;Lima;Lima;Cieneguilla;Por determinar;Por Determinar;UF0035165;Lurin 13;18;307414.0;8663968;272;1505.0;0.1505;246;Urbano;Público;ACTIVO;No;No;No;No;No;No;No;Recuperación;2022;Resolución N.° 00018-2022-OEFA/DSIS
39423;7584838-anexo-ii-5.xlsx;987;150109;Lima;Lima;Cieneguilla;Por determinar;Por Determinar;UF0018603;Nueva Victoria;18;297010.0;8663604;913;26300.0;2.63;24892.5;Urbano;Privado;ACTIVO;No;No;No;No;No;No;No;Recuperación;2022;Resolución N.° 00018-2022-OEFA/DSIS
39424;7584838-anexo-ii-5.xlsx;988;150109;Lima;Lima;Cieneguilla;Por determinar;Por Determinar;UF0018623;Cieneguilla 1;18;306826.0;8662893;68;224.0;0.0224;56;Urbano;Público;ACTIVO;No;No;No;No;No;No;No;Recuperación;2022;Resolución N.° 00018-2022-OEFA/DSIS
39425;7584838-anexo-ii-5.xlsx;989;150109;Lima;Lima;Cieneguilla;Por determinar;Por Determinar;UF0018624;Cieneguilla 2;18;306927.0;8663007;230;2452.0;0.2452;1716;Urbano;Público;ACTIVO;No;Si;No;No;No;No;No;Recuperación;2022;Resolución N.° 00018-2022-OEFA/DSIS
39426;7584838-anexo-ii-5.xlsx;990;150109;Lima;Lima;Cieneguilla;Por determinar;Por Determinar;UF0018625;Cieneguilla 3;18;307231.0;8663554;450;2679.0;0.2679;1607;Urbano;Público;ACTIVO;No;Si;No;No;No;No;No;Recuperación;2022;Resolución N.° 00018-2022-OEFA/DSIS
39427;7584838-anexo-ii-5.xlsx;991;150109;Lima;Lima;Cieneguilla;Por determinar;Por Determinar;UF0018626;Cieneguilla 4;18;308168.0;8665129;211;1042.0;0.1042;416;Urbano;Público;ACTIVO;No;No;No;No;No;No;No;Recuperación;2022;Resolución N.° 00018-2022-OEFA/DSIS
39428;7584838-anexo-ii-5.xlsx;992;150109;Lima;Lima;Cieneguilla;Por determinar;Por Determinar;UF0018627;Ciudad Nueva;18;297133.0;8662952;1375;105382.0;10.5382;421528;Urbano;Privado;ACTIVO;No;Si;No;No;No;No;No;Recuperación;2022;Resolución N.° 00018-2022-OEFA/DSIS
39429;7584838-anexo-ii-5.xlsx;993;150109;Lima;Lima;Cieneguilla;Por determinar;Por Determinar;UF0018632;Pachacamac 1;18;297703.0;8662313;230;1818.0;0.1818;363;Urbano;Privado;ACTIVO;No;No;No;No;No;No;No;Recuperación;2022;Resolución N.° 00018-2022-OEFA/DSIS
39430;7584838-anexo-ii-5.xlsx;994;150109;Lima;Lima;Cieneguilla;Por determinar;Por Determinar;UF0018633;Pachacamac 2;18;297519.0;8662130;556.14;16111.0;1.61;5194;Urbano;Privado;ACTIVO;No;No;No;No;No;No;No;Recuperación;2022;Resolución N.° 00018-2022-OEFA/DSIS
39431;7584838-anexo-ii-5.xlsx;995;150109;Lima;Lima;Cieneguilla;Por determinar;Por Determinar;UF0018634;Pachacamac 3;18;297388.0;8661906;642.93;20750.0;2.08;5564;Urbano;Privado;ACTIVO;No;No;No;No;No;No;No;Recuperación;2022;Resolución N.° 00018-2022-OEFA/DSIS
39432;7584838-anexo-ii-5.xlsx;996;150109;Lima;Lima;Cieneguilla;Por determinar;Por Determinar;UF0036045;Collanac 1;18;297523.52;8661815.56;1239.87;70682.0;7.07;No precisa;Urbano;Público;NO ACTIVO;No;No;No;No;No;No;No;Recuperación;2023;Resolución N.° 00020-2023-OEFA/DSIS
39433;7584838-anexo-ii-5.xlsx;997;150109;Lima;Lima;Cieneguilla;Por determinar;Por Determinar;UF0036046;Collanac 2;18;297493.88;8661973.05;601.49;15429.0;1.54;No precisa;Urbano;Público;NO ACTIVO;No;No;No;No;No;No;No;Recuperación;2023;Resolución N.° 00020-2023-OEFA/DSIS
39434;7584838-anexo-ii-5.xlsx;998;150110;Lima;Lima;Comas;Por determinar;Por Determinar;UF0035166;Tambo Río;18;274584.0;8682646;572;10192.0;1.0192;29125;Urbano;Público;ACTIVO;No;Si;No;No;No;No;No;Recuperación;2022;Resolución N.° 00018-2022-OEFA/DSIS
39435;7584838-anexo-ii-5.xlsx;999;150110;Lima;Lima;Comas;Por determinar;Por Determinar;UF0018581;Ciudadela De Sipan 1;18;276127.0;8684537;104;493.0;0.0493;148;Urbano;Público;ACTIVO;No;No;No;No;No;No;No;Recuperación;2022;Resolución N.° 00018-2022-OEFA/DSIS
39436;7584838-anexo-ii-5.xlsx;1000;150110;Lima;Lima;Comas;Por determinar;Por Determinar;UF0019120;Ciudadela De Sipan 2;18;276017.723993;8684388.655971;105;352.0;0.0352;106;Urbano;Público;ACTIVO;No;No;No;No;No;No;No;Recuperación;2022;Resolución N.° 00018-2022-OEFA/DSIS
39437;7584838-anexo-ii-5.xlsx;1001;150110;Lima;Lima;Comas;Por determinar;Por Determinar;UF0018582;Comas 1;18;276342.0;8684840;80;259.0;0.0259;104;Urbano;Público;ACTIVO;No;No;No;No;No;No;No;Recuperación;2022;Resolución N.° 00018-2022-OEFA/DSIS
39438;7584838-anexo-ii-5.xlsx;1002;150110;Lima;Lima;Comas;Por determinar;Por Determinar;UF0018583;Comas 2;18;276530.0;8684984;322;3774.0;0.3774;7170;Urbano;Público;ACTIVO;No;No;No;No;No;No;No;Recuperación;2022;Resolución N.° 00018-2022-OEFA/DSIS
39439;7584838-anexo-ii-5.xlsx;1003;150110;Lima;Lima;Comas;Por determinar;Por Determinar;UF0018619;Industrial;18;274335.0;8680029;265;3923.0;0.3923;15692;Urbano;Público;ACTIVO;Si;Si;No;No;No;No;No;Recuperación;2022;Resolución N.° 00018-2022-OEFA/DSIS
39440;7584838-anexo-ii-5.xlsx;1004;150110;Lima;Lima;Comas;Por determinar;Por Determinar;UF0035926;Collique 1;18;283243.0;8683439 ;1000;27000.0;2.7;39520.683;Urbano;Público;NO ACTIVO;No;No;No;No;No;No;No;Recuperación;2022;Resolución N.° 00067-2022-OEFA/DSIS
39441;7584838-anexo-ii-5.xlsx;1005;150110;Lima;Lima;Comas;Por determinar;Por Determinar;UF0038251;El Pinar;18;274413.0;8682181;422.6;1907.0;0.19;2860.5;Urbano;Público;ACTIVO;No;Si;No;No;No;No;No;Recuperación;2024;Resolución N° 0035-2024-OEFA/DSIS
39442;7584838-anexo-ii-5.xlsx;1006;150111;Lima;Lima;El Agustino;Por determinar;Por Determinar;UF0035167;Sarita Colonia;18;283385.0;8669661;287;1665.0;0.1665;152;Urbano;Público;ACTIVO;No;Si;No;No;No;No;No;Recuperación;2022;Resolución N.° 00018-2022-OEFA/DSIS
39443;7584838-anexo-ii-5.xlsx;1007;150101;Lima;Lima;Lima;Por determinar;Por Determinar;UF0018622;Morales Duarez;18;275030.0;8668723;606;3915.0;0.3915;587;Urbano;Público;ACTIVO;No;Si;No;No;No;No;No;Recuperación;2022;Resolución N.° 00018-2022-OEFA/DSIS
39444;7584838-anexo-ii-5.xlsx;1008;150117;Lima;Lima;Los Olivos;Por determinar;Por Determinar;UF0018618;Chillon 8;18;273782.0;8680592;352;1622.0;0.1622;166;Urbano;Público;ACTIVO;No;Si;No;No;No;No;No;Recuperación;2022;Resolución N.° 00018-2022-OEFA/DSIS
39445;7584838-anexo-ii-5.xlsx;1009;150118;Lima;Lima;Lurigancho;Por determinar;Por Determinar;UF0018593;Piroxenita;18;314574.0;8679816;102;607.0;0.0607;424.9;Urbano;Público;ACTIVO;No;No;No;No;No;No;No;Recuperación;2022;Resolución N.° 00018-2022-OEFA/DSIS
39446;7584838-anexo-ii-5.xlsx;1010;150118;Lima;Lima;Lurigancho;Por determinar;Por Determinar;UF0018594;Lurigancho;18;314615.0;8680309;215;1385.0;0.1385;554;Urbano;Público;ACTIVO;No;No;No;No;No;No;No;Recuperación;2022;Resolución N.° 00018-2022-OEFA/DSIS
39447;7584838-anexo-ii-5.xlsx;1011;150118;Lima;Lima;Lurigancho;Por determinar;Por Determinar;UF0018595;Villa Don Bosco;18;317139.0;8681271;445;2894.0;0.2894;3472.8;Urbano;Público;NO ACTIVO;No;No;No;No;No;No;No;Recuperación;2022;Resolución N.° 00018-2022-OEFA/DSIS
39448;7584838-anexo-ii-5.xlsx;1012;150118;Lima;Lima;Lurigancho;Por determinar;Por Determinar;UF0018596;Carapongo;18;299339.0;8672707;1250;8298.0;0.8298;6638.4;Rural;Público;ACTIVO;No;Si;No;No;No;No;No;Recuperación;2022;Resolución N.° 00018-2022-OEFA/DSIS
39449;7584838-anexo-ii-5.xlsx;1013;150118;Lima;Lima;Lurigancho;Por determinar;Por Determinar;UF0018629;Las Esteras;18;297590.0;8672193;248;2119.0;0.2119;6357;Urbano;Público;ACTIVO;No;Si;No;No;No;No;No;Recuperación;2022;Resolución N.° 00018-2022-OEFA/DSIS
39450;7584838-anexo-ii-5.xlsx;1014;150118;Lima;Lima;Lurigancho;Por determinar;Por Determinar;UF0035156;Los Portales de Basilio Auqui;18;287867.7;8673506.23;1369;58379.0;5.8379;262705.5;Urbano;Público;ACTIVO;No;No;No;No;No;No;No;Recuperación;2022;Resolución N.° 00054-2022-OEFA/DSIS
39451;7584838-anexo-ii-5.xlsx;1015;150118;Lima;Lima;Lurigancho;20512081372;NEGOCIACION KIO S.A.C;UF0036230;Kyo;18;302110.0;8674522;630;9191.0;0.92;1500;Urbano;Privado;ACTIVO;No;No;No;No;No;No;No;Recuperación;2023;Resolución N.° 00031-2023-OEFA/DSIS
39452;7584838-anexo-ii-5.xlsx;1016;150119;Lima;Lima;Lurin;Por determinar;Por Determinar;UF0035168;Caccica;18;295630.0;8647450;841;22356.0;2.2356;1116;Urbano;Público;ACTIVO;No;Si;No;No;No;No;No;Recuperación;2022;Resolución N.° 00018-2022-OEFA/DSIS
39453;7584838-anexo-ii-5.xlsx;1017;150119;Lima;Lima;Lurin;Por determinar;Por Determinar;UF0018604;Playa Mamacona;18;293035.0;8642663;180;1238.0;0.1238;1857;Rural;Público;ACTIVO;No;Si;No;No;No;No;No;Recuperación;2022;Resolución N.° 00018-2022-OEFA/DSIS
39454;7584838-anexo-ii-5.xlsx;1018;150119;Lima;Lima;Lurin;Por determinar;Por Determinar;UF0018605;Lurin 4;18;293178.0;8642876;635;23321.0;2.3321;46642;Rural;Privado;ACTIVO;No;No;No;No;No;No;No;Recuperación;2022;Resolución N.° 00018-2022-OEFA/DSIS
39455;7584838-anexo-ii-5.xlsx;1019;150119;Lima;Lima;Lurin;Por determinar;Por Determinar;UF0018606;Las Poncianas;18;298028.0;8641420;244;1607.0;0.1607;642.8;Rural;Privado;ACTIVO;No;No;No;No;No;No;No;Recuperación;2022;Resolución N.° 00018-2022-OEFA/DSIS
39456;7584838-anexo-ii-5.xlsx;1020;150119;Lima;Lima;Lurin;Por determinar;Por Determinar;UF0018607;Lurin 5;18;294012.0;8644837;618;10669.0;1.0669;48010.5;Rural;Privado;ACTIVO;No;No;No;No;No;No;No;Recuperación;2022;Resolución N.° 00018-2022-OEFA/DSIS
39457;7584838-anexo-ii-5.xlsx;1021;150119;Lima;Lima;Lurin;Por determinar;Por Determinar;UF0018608;Lurin 6;18;296260.0;8642095;286;3853.0;0.3853;7320.7;Rural;Privado;ACTIVO;No;No;No;No;No;No;No;Recuperación;2022;Resolución N.° 00018-2022-OEFA/DSIS
39458;7584838-anexo-ii-5.xlsx;1022;150119;Lima;Lima;Lurin;Por determinar;Por Determinar;UF0018609;Las Palmas De Lurin;18;297118.0;8642399;226;2827.0;0.2827;2827;Urbano;Privado;ACTIVO;Si;Si;No;No;No;No;No;Recuperación;2022;Resolución N.° 00018-2022-OEFA/DSIS
39459;7584838-anexo-ii-5.xlsx;1023;150119;Lima;Lima;Lurin;Por determinar;Por Determinar;UF0018610;Green Arena;18;293729.0;8641949;1035;8911.0;0.8911;8911;Rural;Público;ACTIVO;No;Si;No;No;No;No;No;Recuperación;2022;Resolución N.° 00018-2022-OEFA/DSIS
39460;7584838-anexo-ii-5.xlsx;1024;150119;Lima;Lima;Lurin;Por determinar;Por Determinar;UF0018611;Lurin 7;18;297585.0;8640069;1977;21938.0;2.1938;32907;Rural;Privado;ACTIVO;No;No;No;No;No;No;No;Recuperación;2022;Resolución N.° 00018-2022-OEFA/DSIS
39461;7584838-anexo-ii-5.xlsx;1025;150119;Lima;Lima;Lurin;Por determinar;Por Determinar;UF0018612;Lurin 8;18;296804.0;8640390;532;5041.0;0.5041;6049.2;Rural;Privado;ACTIVO;No;No;No;No;No;No;No;Recuperación;2022;Resolución N.° 00018-2022-OEFA/DSIS
39462;7584838-anexo-ii-5.xlsx;1026;150119;Lima;Lima;Lurin;Por determinar;Por Determinar;UF0018635;Lurin 9;18;296038.0;8648429;178;183.0;0.0183;274.5;Urbano;Público;NO ACTIVO;No;No;No;No;No;No;No;Recuperación;2022;Resolución N.° 00018-2022-OEFA/DSIS
39463;7584838-anexo-ii-5.xlsx;1027;150119;Lima;Lima;Lurin;Por determinar;Por Determinar;UF0018636;Lurin 10;18;295970.0;8648307;296;313.0;0.0313;469.5;Urbano;Público;NO ACTIVO;No;No;No;No;No;No;No;Recuperación;2022;Resolución N.° 00018-2022-OEFA/DSIS
39464;7584838-anexo-ii-5.xlsx;1028;150119;Lima;Lima;Lurin;Por determinar;Por Determinar;UF0019122;Lurin 11;18;295946.797476;8648432.017655;608;2487.0;0.2487;668516;Rural;Público;NO ACTIVO;No;No;No;No;No;No;No;Recuperación;2022;Resolución N.° 00018-2022-OEFA/DSIS
39465;7584838-anexo-ii-5.xlsx;1029;150119;Lima;Lima;Lurin;46314808;Toledo Fernandez Deyvis Jhonatan;UF0015639;El Gran Chaparral;18;301126.0;8644374;3339;68000.0;6.8;1121720;Urbano;Privado;NO ACTIVO;No;No;No;No;No;No;No;Recuperación;2022;Resolución N° 0018-2022-OEFA/DSIS
39466;7584838-anexo-ii-5.xlsx;1030;150119;Lima;Lima;Lurin;32521078;Toledo Manrique Luís Beltrán;UF0015641;El Gran Chaparral 2;18;300728.0;8644292;769.7;24000.0;2.4;337115;Urbano;Privado;NO ACTIVO;No;No;No;No;No;No;No;Recuperación;2022;Resolución N.° 00018-2022-OEFA/DSIS
39467;7584838-anexo-ii-5.xlsx;1031;150119;Lima;Lima;Lurin;Por determinar;Por Determinar;UF0038615;Lurin 14;18;293989.0;8644100;379;2332.0;0.2332;30316;Rural;Privado;ACTIVO;No;No;No;No;No;No;No;Recuperación;2024;Resolución N° 00062-2024-OEFA/DSIS
39468;7584838-anexo-ii-5.xlsx;1032;150120;Lima;Lima;Magdalena del Mar;Por determinar;Por Determinar;UF0018620;Magdalena del Mar;18;274390.0;8663202;150;424.0;0.0424;1272;Urbano;Público;ACTIVO;No;No;No;No;No;No;No;Recuperación;2022;Resolución N.° 00018-2022-OEFA/DSIS
39469;7584838-anexo-ii-5.xlsx;1033;150123;Lima;Lima;Pachacamac;Por determinar;Por Determinar;UF0018597;Picapiedra;18;297687.0;8652293;329;1461.0;0.1461;1753.2;Rural;Público;ACTIVO;Si;No;No;No;No;No;No;Recuperación;2022;Resolución N.° 00018-2022-OEFA/DSIS
39470;7584838-anexo-ii-5.xlsx;1034;150123;Lima;Lima;Pachacamac;Por determinar;Por Determinar;UF0018598;Pachacamac 5;18;297527.0;8652013;613;13758.0;1.3758;20637;Rural;Privado;NO ACTIVO;No;No;No;No;No;No;No;Recuperación;2022;Resolución N.° 00018-2022-OEFA/DSIS
39471;7584838-anexo-ii-5.xlsx;1035;150123;Lima;Lima;Pachacamac;Por determinar;Por Determinar;UF0018599;Pachacamac 6;18;297521.0;8651780;1101;3741.0;0.3741;4489.2;Rural;Público;ACTIVO;Si;Si;No;No;No;No;No;Recuperación;2022;Resolución N.° 00018-2022-OEFA/DSIS
39472;7584838-anexo-ii-5.xlsx;1036;150123;Lima;Lima;Pachacamac;Por determinar;Por Determinar;UF0018600;Pachacamac 7;18;297398.0;8651176;947;4407.0;0.4407;8814;Rural;Público;ACTIVO;No;No;No;No;No;No;No;Recuperación;2022;Resolución N.° 00018-2022-OEFA/DSIS
39473;7584838-anexo-ii-5.xlsx;1037;150123;Lima;Lima;Pachacamac;Por determinar;Por Determinar;UF0018601;Guayabo;18;297132.0;8650733;1178;5733.0;0.5733;5733;Rural;Público;ACTIVO;No;No;No;No;No;No;No;Recuperación;2022;Resolución N.° 00018-2022-OEFA/DSIS
39474;7584838-anexo-ii-5.xlsx;1038;150123;Lima;Lima;Pachacamac;Por determinar;Por Determinar;UF0018602;Tomina Baja;18;297224.0;8650686;1024;7224.0;0.7224;18060;Rural;Público;ACTIVO;No;No;No;No;No;No;No;Recuperación;2022;Resolución N.° 00018-2022-OEFA/DSIS
39475;7584838-anexo-ii-5.xlsx;1039;150123;Lima;Lima;Pachacamac;Por determinar;Por Determinar;UF0018637;Pachacamac 4;18;296118.0;8648746;882;1993.0;0.1993;397872;Rural;Público;NO ACTIVO;No;No;No;No;No;No;No;Recuperación;2022;Resolución N.° 00018-2022-OEFA/DSIS
39476;7584838-anexo-ii-5.xlsx;1040;150123;Lima;Lima;"Pachacamac
La Molina";Por determinar;Por Determinar;UF0018383;Ex Cantera;18;295484.0;8663604;3695;207600.0;20.76;1169565;Urbano;Privado;ACTIVO;No;Si;No;No;No;No;No;Recuperación;2022;Resolución N.° 00018-2022-OEFA/DSIS
39477;7584838-anexo-ii-5.xlsx;1041;150124;Lima;Lima;Pucusana;Por determinar;Por Determinar;UF0018630;Pucusana;18;306423.0;8619395;1683;55594.0;5.5594;100079;Urbano;Privado;ACTIVO;No;No;No;No;No;No;No;Recuperación;2022;Resolución N.° 00018-2022-OEFA/DSIS
39478;7584838-anexo-ii-5.xlsx;1042;150125;Lima;Lima;Puente Piedra;Por determinar;Por Determinar;UF0018572;Aa.Hh. Ribera Malecon De Chillón 1;18;275470.0;8683908;542;4455.0;0.4455;8910;Rural;Público;ACTIVO;No;No;No;No;No;No;No;Recuperación;2022;Resolución N.° 00018-2022-OEFA/DSIS
39479;7584838-anexo-ii-5.xlsx;1043;150125;Lima;Lima;Puente Piedra;Por determinar;Por Determinar;UF0018573;Aa.Hh. Ribera Malecon De Chillón 2;18;275415.0;8683866;101;622.0;0.0622;933;Rural;Privado;ACTIVO;No;No;No;No;No;No;No;Recuperación;2022;Resolución N.° 00018-2022-OEFA/DSIS
39480;7584838-anexo-ii-5.xlsx;1044;150125;Lima;Lima;Puente Piedra;Por determinar;Por Determinar;UF0019119;Asociación Los Carrizales;18;275958.325178;8684416.953223;444;6266.0;0.6266;18798;Rural;Público;NO ACTIVO;No;No;No;No;No;No;No;Recuperación;2022;Resolución N.° 00018-2022-OEFA/DSIS
39481;7584838-anexo-ii-5.xlsx;1045;150125;Lima;Lima;Puente Piedra;Por determinar;Por Determinar;UF0018576;Vía Auxiliar A La Panamericana Norte;18;274508.0;8682654;475;3104.0;0.3104;4656;Rural;Público;NO ACTIVO;No;No;No;No;No;No;No;Recuperación;2022;Resolución N.° 00018-2022-OEFA/DSIS
39482;7584838-anexo-ii-5.xlsx;1046;150125;Lima;Lima;Puente Piedra;Por determinar;Por Determinar;UF0018644;Asociación El Platanal;18;275847.0;8684323;303;4101.0;0.4101;6151.5;Rural;Público;NO ACTIVO;No;No;No;No;No;No;No;Recuperación;2022;Resolución N.° 00018-2022-OEFA/DSIS
39483;7584838-anexo-ii-5.xlsx;1047;150125;Lima;Lima;Puente Piedra;Por determinar;Por Determinar;UF0035158;Lomas de Zapallal I;18;270770.83;8691893.46;777;23602.0;2.3602;165214;Urbano;Público;ACTIVO;No;No;No;No;No;No;No;Recuperación;2022;Resolución N.° 00054-2022-OEFA/DSIS
39484;7584838-anexo-ii-5.xlsx;1048;150125;Lima;Lima;Puente Piedra;Por determinar;Por Determinar;UF0035162;PNP - Puente Piedra 1;18;273891.0;8683219;464;8109.0;0.8109;14596.2;Urbano;Público;ACTIVO;No;No;No;No;No;No;No;Recuperación;2022;Resolución N.° 00054-2022-OEFA/DSIS
39485;7584838-anexo-ii-5.xlsx;1049;150125;Lima;Lima;Puente Piedra;Por determinar;Por Determinar;UF0035163;PNP - Puente Piedra 2;18;274165.0;8683238;820;4161.0;0.4161;9570.3;Urbano;Público;ACTIVO;No;No;No;No;No;No;No;Recuperación;2022;Resolución N.° 00054-2022-OEFA/DSIS
39486;7584838-anexo-ii-5.xlsx;1050;150126;Lima;Lima;Punta Hermosa;Por determinar;Por Determinar;UF0035169;Punta Hermosa;18;303211.0;8636770;167;1600.0;0.16;4800;Urbano;Privado;ACTIVO;No;No;No;No;No;No;No;Recuperación;2022;Resolución N.° 00018-2022-OEFA/DSIS
39487;7584838-anexo-ii-5.xlsx;1051;150126;Lima;Lima;Punta Hermosa;Por determinar;Por Determinar;UF0038616;Punta Hermosa 2;18;304430.0;8637249;348;4647.0;0.47;13941;Urbano;Privado;ACTIVO;No;No;No;No;No;No;No;Recuperación;2024;Resolución N° 00062-2024-OEFA/DSIS
39488;7584838-anexo-ii-5.xlsx;1052;150127;Lima;Lima;Punta Negra;Por determinar;Por Determinar;UF0018562;Sector Lm-801;18;307493.0;8632099;4730;48979.0;4.8979;73468.5;Urbano;Privado;ACTIVO;Si;Si;No;No;No;No;No;Recuperación;2022;Resolución N.° 00018-2022-OEFA/DSIS
39489;7584838-anexo-ii-5.xlsx;1053;150128;Lima;Lima;Rimac;Por determinar;Por Determinar;UF0017773;Cantagallo;18;280433.0;8668120;722;19557.47;1.96;53596;Urbano;Público;NO ACTIVO;No;No;No;No;No;No;No;Recuperación;2022;Resolución N.° 00018-2022-OEFA/DSIS
39490;7584838-anexo-ii-5.xlsx;1054;150133;Lima;Lima;San Juan de Miraflores;Por determinar;Por Determinar;UF0018613;Maria Arguedas;18;287170.0;8658088;469;3019.0;0.3019;301.9;Urbano;Público;ACTIVO;Si;No;No;No;No;No;No;Recuperación;2022;Resolución N.° 00018-2022-OEFA/DSIS
39491;7584838-anexo-ii-5.xlsx;1055;150133;Lima;Lima;San Juan de Miraflores;Por determinar;Por Determinar;UF0018614;San Juan de Miraflores;18;286970.0;8658140;188;2224.0;0.2224;3336;Urbano;Público;ACTIVO;No;No;No;No;No;No;No;Recuperación;2022;Resolución N.° 00018-2022-OEFA/DSIS
39492;7584838-anexo-ii-5.xlsx;1056;150133;Lima;Lima;San Juan de Miraflores;Por determinar;Por Determinar;UF0018615;La Rinconada;18;286825.0;8658535;328;2427.0;0.2427;970.8;Urbano;Público;ACTIVO;Si;Si;No;No;No;No;No;Recuperación;2022;Resolución N.° 00018-2022-OEFA/DSIS
39493;7584838-anexo-ii-5.xlsx;1057;150133;Lima;Lima;San Juan de Miraflores;Por determinar;Por Determinar;UF0018616;5 De Mayo;18;286654.0;8658345;260;1043.0;0.1043;417.2;Urbano;Público;ACTIVO;No;Si;No;No;No;No;No;Recuperación;2022;Resolución N.° 00018-2022-OEFA/DSIS
39494;7584838-anexo-ii-5.xlsx;1058;150133;Lima;Lima;San Juan de Miraflores;Por determinar;Por Determinar;UF0018617;Parque Leoncio Prado;18;286656.0;8657890;278;775.0;0.0775;155;Urbano;Público;ACTIVO;No;No;No;No;No;No;No;Recuperación;2022;Resolución N.° 00018-2022-OEFA/DSIS
39495;7584838-anexo-ii-5.xlsx;1059;150135;Lima;Lima;San Martin de Porres;Por determinar;Por Determinar;UF0018574;Chuquitanta;18;270523.0;8678242;1823;20706.0;2.0706;18798;Rural;Público;ACTIVO;No;No;No;No;No;No;No;Recuperación;2022;Resolución N.° 00018-2022-OEFA/DSIS
39496;7584838-anexo-ii-5.xlsx;1060;150135;Lima;Lima;San Martin de Porres;Por determinar;Por Determinar;UF0018575;Asociación De Forestales ;18;270360.0;8678287;341;2447.0;0.2447;3670.5;Rural;Público;NO ACTIVO;No;No;No;No;No;No;No;Recuperación;2022;Resolución N.° 00018-2022-OEFA/DSIS
39497;7584838-anexo-ii-5.xlsx;1061;150135;Lima;Lima;San Martin de Porres;Por determinar;Por Determinar;UF0018577;Villa Isolina;18;268548.0;8679061;1230;41614.0;4.1614;62421;Rural;Privado;ACTIVO;No;No;No;No;No;No;No;Recuperación;2022;Resolución N.° 00018-2022-OEFA/DSIS
39498;7584838-anexo-ii-5.xlsx;1062;150135;Lima;Lima;San Martin de Porres;Por determinar;Por Determinar;UF0018621;Canta Callao;18;272871.0;8678588;232;3354.0;0.3354;670.8;Urbano;Público;ACTIVO;No;No;No;No;No;No;No;Recuperación;2022;Resolución N.° 00018-2022-OEFA/DSIS
39499;7584838-anexo-ii-5.xlsx;1063;150139;Lima;Lima;Santa Rosa;Por determinar;Por Determinar;UF0018631;Santa Rosa;18;264818.0;8696278;69.4;261.0;0.0261;44222;Urbano;Privado;ACTIVO;No;No;No;No;No;No;No;Recuperación;2022;Resolución N.° 00018-2022-OEFA/DSIS
39500;7584838-anexo-ii-5.xlsx;1064;150142;Lima;Lima;Villa El Salvador;Por determinar;Por Determinar;UF0034515;Mamacona;18;291479.0;8645072;200;671.0;0.0671;671;Urbano;Privado;ACTIVO;No;No;No;No;No;No;No;Recuperación;2022;Resolución N.° 00018-2022-OEFA/DSIS
39501;7584838-anexo-ii-5.xlsx;1065;150142;Lima;Lima;Villa El Salvador;Por determinar;Por Determinar;UF0018561;Playa Conchán ;18;288241.0;8645723;1737;21651.0;2.1651;64953;Urbano;Público;ACTIVO;Si;Si;No;No;No;No;No;Recuperación;2022;Resolución N.° 00018-2022-OEFA/DSIS
39502;7584838-anexo-ii-5.xlsx;1066;150142;Lima;Lima;Villa El Salvador;Por determinar;Por Determinar;UF0018587;Villa El Salvador 1;18;286860.0;8648022;615;5162.0;0.5162;5162;Urbano;Público;ACTIVO;No;Si;No;No;No;No;No;Recuperación;2022;Resolución N.° 00018-2022-OEFA/DSIS
39503;7584838-anexo-ii-5.xlsx;1067;150142;Lima;Lima;Villa El Salvador;Por determinar;Por Determinar;UF0018588;Villa El Salvador 2;18;287493.0;8646060;242;1246.0;0.1246;1869;Urbano;Privado;ACTIVO;No;Si;No;No;No;No;No;Recuperación;2022;Resolución N.° 00018-2022-OEFA/DSIS
39504;7584838-anexo-ii-5.xlsx;1068;150142;Lima;Lima;Villa El Salvador;Por determinar;Por Determinar;UF0018639;Villa El Salvador 3;18;286443.0;8648897;119;222.0;0.0222;333;Urbano;Público;NO ACTIVO;No;No;No;No;No;No;No;Recuperación;2022;Resolución N.° 00018-2022-OEFA/DSIS
39505;7584838-anexo-ii-5.xlsx;1069;150142;Lima;Lima;Villa El Salvador;Por determinar;Por Determinar;UF0018640;Villa El Salvador 4;18;286251.0;8648123;303;1650.0;0.165;2475;Urbano;Público;NO ACTIVO;No;No;No;No;No;No;No;Recuperación;2022;Resolución N.° 00018-2022-OEFA/DSIS
39506;7584838-anexo-ii-5.xlsx;1070;150142;Lima;Lima;Villa El Salvador;Por determinar;Por Determinar;UF0018641;Villa El Salvador 5;18;286511.0;8647918;134;1066.0;0.1066;2132;Urbano;Público;NO ACTIVO;No;No;No;No;No;No;No;Recuperación;2022;Resolución N.° 00018-2022-OEFA/DSIS
39507;7584838-anexo-ii-5.xlsx;1071;150142;Lima;Lima;Villa El Salvador;20516219131;Corporacion Rodricas Eirl;UF0018643;Rodricas;18;286445.0;8648089;671;22145.0;2.2145;66435;Urbano;Público;ACTIVO;No;No;No;No;No;No;No;Recuperación;2022;Resolución N.° 00018-2022-OEFA/DSIS
39508;7584838-anexo-ii-5.xlsx;1072;150142;Lima;Lima;Villa El Salvador;Por determinar;Por Determinar;UF0035927;Playa Conchán 2;18;286608.0;8646505;2654;17107.0;1.77;44267.5;Urbano;Público;ACTIVO;Si;Si;No;No;No;No;No;Recuperación;2022;Resolución N.° 00067-2022-OEFA/DSIS
39509;7584838-anexo-ii-5.xlsx;1073;150143;Lima;Lima;Villa Maria del Triunfo;Por determinar;Por Determinar;UF0018638;Villa Maria del Triunfo;18;292636.0;8654807;448;4747.0;0.4747;3029;Rural;Público;NO ACTIVO;No;No;No;No;No;No;No;Recuperación;2022;Resolución N.° 00018-2022-OEFA/DSIS
39510;7584838-anexo-ii-5.xlsx;1074;150143;Lima;Lima;Villa Maria Del Triunfo;Por determinar;Por Determinar;UF0035155;"Parcela C
";18;292870.0;8654976;964;35024.0;3.5024;70048;Urbano;Privado;ACTIVO;No;Si;No;No;No;No;No;Recuperación;2022;Resolución N.° 00054-2022-OEFA/DSIS
39511;7584838-anexo-ii-5.xlsx;1075;150143;Lima;Lima;Villa Maria del Triunfo;Por determinar;Por Determinar;UF0035928;Virgen de Fátima;18;289950.0;8656684;656;8644.0;0.8644;No precisa;Urbano;Público;NO ACTIVO;No;No;No;No;No;No;No;Recuperación;2023;Resolución N.° 00007-2023-OEFA/DSIS
39512;7584838-anexo-ii-5.xlsx;1076;150906;Lima;Oyon;Pachangara;Por determinar;Por Determinar;UF0018482;Pachangara 3;18;301516.0;8807678;235;1285.0;0.1285;3855;Urbano;Público;ACTIVO;No;No;No;No;No;No;No;Recuperación;2022;Resolución N.° 00018-2022-OEFA/DSIS
39513;7584838-anexo-ii-5.xlsx;1077;170102;Madre de Dios;Tambopata;Inambari;Por determinar;Por Determinar;UF0018483;Mazuco;19;352542.0;8553327;143;869.0;0.0869;1300;Rural;Privado;ACTIVO;No;No;No;No;No;Si;No;Recuperación;2022;Resolución N.° 00018-2022-OEFA/DSIS
39514;7584838-anexo-ii-5.xlsx;1078;170102;Madre de Dios;Tambopata;Inambari;Por determinar;Por Determinar;UF0018487;Inambari;19;387092.0;8576168;211;1395.0;0.1395;700;Rural;Privado;ACTIVO;No;No;No;No;No;Si;No;Recuperación;2022;Resolución N.° 00018-2022-OEFA/DSIS
39515;7584838-anexo-ii-5.xlsx;1079;170101;Madre de Dios;Tambopata;Tambopata;Por determinar;Por Determinar;UF0018484;Jr Puno Ribera Del Rio;19;479572.0;8606307;203;2248.0;0.2248;9000;Urbano;Privado;ACTIVO;No;No;No;No;No;No;No;Recuperación;2022;Resolución N.° 00018-2022-OEFA/DSIS
39516;7584838-anexo-ii-5.xlsx;1080;170101;Madre de Dios;Tambopata;Tambopata;Por determinar;Por Determinar;UF0018485;Tambopata 1;19;479439.0;8609087;135;1049.0;0.1049;1500;Urbano;Privado;ACTIVO;No;No;No;No;No;No;No;Recuperación;2022;Resolución N.° 00018-2022-OEFA/DSIS
39517;7584838-anexo-ii-5.xlsx;1081;170101;Madre de Dios;Tambopata;Tambopata;Por determinar;Por Determinar;UF0018486;Tambopata 2;19;479794.0;8606673;60.8;118.0;0.0118;250;Urbano;Público;ACTIVO;No;No;No;No;No;No;No;Recuperación;2022;Resolución N.° 00018-2022-OEFA/DSIS
39518;7584838-anexo-ii-5.xlsx;1082;180301;Moquegua;Ilo;Ilo;20519752604;GOBIERNO REGIONAL MOQUEGUA;UF0035720;Pasto Grande;19;255380.0;8045564;3769;161400.0;16.14;403500;Rural;Público;ACTIVO;No;Si;No;No;No;No;No;Recuperación;2022;Resolución N.° 00018-2022-OEFA/DSIS
39519;7584838-anexo-ii-5.xlsx;1083;180301;Moquegua;Ilo;Ilo;Por determinar;Por Determinar;UF0035721;Ilo 1;19;254234.0;8045615;2075;76105.0;7.6105;190262.5;Rural;Público;ACTIVO;No;No;No;No;No;No;No;Recuperación;2022;Resolución N.° 00018-2022-OEFA/DSIS
39520;7584838-anexo-ii-5.xlsx;1084;180301;Moquegua;Ilo;Ilo;Por determinar;Por Determinar;UF0035722;Ilo 2;19;253746.0;8049524;1796;31079.0;3.1079;62158;Urbano;Público;ACTIVO;No;Si;No;No;No;No;No;Recuperación;2022;Resolución N.° 00018-2022-OEFA/DSIS
39521;7584838-anexo-ii-5.xlsx;1085;180301;Moquegua;Ilo;Ilo;Por determinar;Por Determinar;UF0035723;Ilo 3;19;254091.0;8044476;9043;480599.0;48.0599;1441797;Urbano;Privado;ACTIVO;No;Si;No;No;No;No;No;Recuperación;2022;Resolución N.° 00018-2022-OEFA/DSIS
39522;7584838-anexo-ii-5.xlsx;1086;180301;Moquegua;Ilo;Ilo;Por determinar;Por Determinar;UF0035724;Ilo 4;19;252949.0;8044842;3393;85394.0;8.5394;170788;Urbano;Público;ACTIVO;No;Si;No;No;No;No;No;Recuperación;2022;Resolución N.° 00018-2022-OEFA/DSIS
39523;7584838-anexo-ii-5.xlsx;1087;180301;Moquegua;Ilo;Ilo;Por determinar;Por Determinar;UF0035725;Parcela 3;19;254096.0;8044824;621;23340.0;2.334;58350;Urbano ;Privado;ACTIVO;Si;Si;No;No;No;No;No;Recuperación;2022;Resolución N.° 00018-2022-OEFA/DSIS
39524;7584838-anexo-ii-5.xlsx;1088;180301;Moquegua;Ilo;Ilo;20154491873;MUNICIPALIDAD PROVINCIAL DE ILO;UF0035726;Malecón Pampa Inalámbrica;19;252871.0;8048539;5698;415405.0;41.5405;830810;Urbano;Público;ACTIVO;No;Si;No;No;No;No;No;Recuperación;2022;Resolución N.° 00018-2022-OEFA/DSIS
39525;7584838-anexo-ii-5.xlsx;1089;180301;Moquegua;Ilo;Ilo;Por determinar;Por Determinar;UF0035727;Ilo 5;19;254530.0;8044471;1816;114711.0;11.4711;344133;Rural;Público;ACTIVO;No;Si;No;No;No;No;No;Recuperación;2022;Resolución N.° 00018-2022-OEFA/DSIS
39526;7584838-anexo-ii-5.xlsx;1090;180301;Moquegua;Ilo;Ilo;Por determinar;Por Determinar;UF0035728;Sub Lote 01-A1;19;253062.0;8045558;4795;216834.0;21.6834;433668;Urbano;Público;ACTIVO;No;Si;No;No;No;No;No;Recuperación;2022;Resolución N.° 00018-2022-OEFA/DSIS
39527;7584838-anexo-ii-5.xlsx;1091;180303;Moquegua;Ilo;Pacocha;Por determinar;Por Determinar;UF0035716;Pacocha 1;19;251382.0;8051163;1783;51294.0;5.1294;410352;Urbano;Privado;ACTIVO;No;No;No;No;No;No;No;Recuperación;2022;Resolución N.° 00018-2022-OEFA/DSIS
39528;7584838-anexo-ii-5.xlsx;1092;180303;Moquegua;Ilo;Pacocha;Por determinar;Por Determinar;UF0035717;Helicona Tora 1;19;250530.0;8052639;2814;118763.0;11.8763;950.104;Urbano;Privado;ACTIVO;No;Si;No;No;No;No;No;Recuperación;2022;Resolución N.° 00018-2022-OEFA/DSIS
39529;7584838-anexo-ii-5.xlsx;1093;180303;Moquegua;Ilo;Pacocha;Por determinar;Por Determinar;UF0035718;Helicona Tora 2;19;251298.0;8050527;5984;300391.0;30.0391;2403128;Urbano;Privado;ACTIVO;No;Si;No;No;No;No;No;Recuperación;2022;Resolución N.° 00018-2022-OEFA/DSIS
39530;7584838-anexo-ii-5.xlsx;1094;180303;Moquegua;Ilo;Pacocha;Por determinar;Por Determinar;UF0035719;Pacocha 2;19;251385.0;8051427;449;6409.0;0.6409;32045;Urbano;Privado;ACTIVO;No;Si;No;No;No;No;No;Recuperación;2022;Resolución N.° 00018-2022-OEFA/DSIS
39531;7584838-anexo-ii-5.xlsx;1095;180102;Moquegua;Mariscal Nieto;Carumas;Por determinar;Por Determinar;UF0018471;Carumas 1;19;318612.0;8142254;233;902.0;0.0902;451;Rural;Público;ACTIVO;No;No;No;No;No;No;No;Recuperación;2022;Resolución N.° 00018-2022-OEFA/DSIS
39532;7584838-anexo-ii-5.xlsx;1096;180102;Moquegua;Mariscal Nieto;Carumas;Por determinar;Por Determinar;UF0018472;Carumas 2;19;321940.0;8135168;228;3051.0;0.3051;13729.5;Rural;Público;ACTIVO;No;No;No;No;No;No;No;Recuperación;2022;Resolución N.° 00018-2022-OEFA/DSIS
39533;7584838-anexo-ii-5.xlsx;1097;180102;Moquegua;Mariscal Nieto;Carumas;Por determinar;Por Determinar;UF0035467;Carumas 3;19;319468.0;8141516;79;363.0;0.0363;363;Rural;Público;ACTIVO;No;No;No;No;No;No;No;Recuperación;2022;Resolución N.° 00054-2022-OEFA/DSIS
39534;7584838-anexo-ii-5.xlsx;1098;180102;Moquegua;Mariscal Nieto;Carumas;Por determinar;Por Determinar;UF0035468;Carumas 4;19;321693.28;8138521.93;170;958.0;0.0958;958;Rural;Público;ACTIVO;No;No;No;No;No;No;No;Recuperación;2022;Resolución N.° 00054-2022-OEFA/DSIS
39535;7584838-anexo-ii-5.xlsx;1099;180101;Moquegua;Mariscal Nieto;Moquegua;Por determinar;Por Determinar;UF0018473;Belén De Samegua;19;296108.0;8099364;355;3277.0;0.3277;22939;Rural;Privado;ACTIVO;No;No;No;No;No;No;No;Recuperación;2022;Resolución N.° 00018-2022-OEFA/DSIS
39536;7584838-anexo-ii-5.xlsx;1100;180101;Moquegua;Mariscal Nieto;Moquegua;Por determinar;Por Determinar;UF0018477;Zona Chenchén;19;294284.0;8095404;931;16486.0;1.6486;24729;Rural;Privado;ACTIVO;No;No;No;No;No;No;No;Recuperación;2022;Resolución N.° 00018-2022-OEFA/DSIS
39537;7584838-anexo-ii-5.xlsx;1101;180101;Moquegua;Mariscal Nieto;Moquegua;Por determinar;Por Determinar;UF0018478;Moquegua;19;292618.0;8098327;285;1742.0;0.1742;2613;Urbano;Privado;ACTIVO;No;Si;No;No;No;No;No;Recuperación;2022;Resolución N.° 00018-2022-OEFA/DSIS
39538;7584838-anexo-ii-5.xlsx;1102;180101;Moquegua;Mariscal Nieto;Moquegua;Por determinar;Por Determinar;UF0035471;Samegua;19;292439.64;8098439.09;108;200.0;0.02;300;Rural;Público;ACTIVO;No;No;No;No;No;No;No;Recuperación;2022;Resolución N.° 00054-2022-OEFA/DSIS
39539;7584838-anexo-ii-5.xlsx;1103;180101;Moquegua;Mariscal Nieto;Moquegua;Por determinar;Por Determinar;UF0038624;Chen Chen 1;19;295492.0;8098033;1180;44504.0;4.4504;44504;Urbano;Público;ACTIVO;No;Si;No;No;No;No;No;Recuperación;2024;RESOLUCIÓN N° 00103-2024-OEFA/DSIS
39540;7584838-anexo-ii-5.xlsx;1104;180101;Moquegua;Mariscal Nieto;Moquegua;Por determinar;Por Determinar;-;Chen Chen 2;19;295167.0;8096640;1136;35157.0;3.5157;35157;Urbano;Público;ACTIVO;No;Si;No;No;No;No;No;Recuperación;2025;-
39541;7584838-anexo-ii-5.xlsx;1105;180107;Moquegua;Mariscal Nieto;San Antonio;Por determinar;Por Determinar;UF0018476;San Antonio 1;19;291525.0;8095904;1704;10145.0;1.0145;15217.5;Rural;Público;ACTIVO;No;Si;No;No;No;No;No;Recuperación;2022;Resolución N.° 00018-2022-OEFA/DSIS
39542;7584838-anexo-ii-5.xlsx;1106;180107;Moquegua;Mariscal Nieto;San Antonio;Por determinar;Por Determinar;UF0018479;Pampa San Antonio;19;290628.0;8092943;1956;21118.0;2.1118;21118;Rural;Público;ACTIVO;No;Si;No;No;No;No;No;Recuperación;2022;Resolución N.° 00018-2022-OEFA/DSIS
39543;7584838-anexo-ii-5.xlsx;1107;180105;Moquegua;Mariscal Nieto;San Cristobal;Por determinar;Por Determinar;UF0018470;San Cristobal;19;320741.0;8148342;90.8;344.0;0.0344;1032;Rural;Público;ACTIVO;No;Si;No;No;No;No;No;Recuperación;2022;Resolución N.° 00018-2022-OEFA/DSIS
39544;7584838-anexo-ii-5.xlsx;1108;180106;Moquegua;Mariscal Nieto;Torata;Por determinar;Por Determinar;UF0018474;Torata 1;19;302539.0;8112291;405;2007.0;0.2007;2007;Rural;Público;ACTIVO;No;Si;No;No;No;No;No;Recuperación;2022;Resolución N.° 00018-2022-OEFA/DSIS
39545;7584838-anexo-ii-5.xlsx;1109;180106;Moquegua;Mariscal Nieto;Torata;Por determinar;Por Determinar;UF0018475;Torata 2;19;303184.0;8108784;304;3899.0;0.3899;19495;Rural;Público;ACTIVO;No;No;No;No;No;No;No;Recuperación;2022;Resolución N.° 00018-2022-OEFA/DSIS
39546;7584838-anexo-ii-5.xlsx;1110;180106;Moquegua;Mariscal Nieto;Torata;Por determinar;Por Determinar;UF0035469;Torata 3;19;304147.0;8106813;151;1292.0;0.1292;646;Rural;Público;ACTIVO;No;No;No;No;No;No;No;Recuperación;2022;Resolución N.° 00054-2022-OEFA/DSIS
39547;7584838-anexo-ii-5.xlsx;1111;180106;Moquegua;Mariscal Nieto;Torata;Por determinar;Por Determinar;UF0035470;Torata 4;19;304160.0;8106721;138;927.0;0.0927;463;Rural;Público;ACTIVO;No;No;No;No;No;No;No;Recuperación;2022;Resolución N.° 00054-2022-OEFA/DSIS
39548;7584838-anexo-ii-5.xlsx;1112;190101;Pasco;Pasco;Chaupimarca;Por determinar;Por Determinar;UF0035473;Chaupimarca 2;18;362320.54;8818525.49;171;881.0;0.0881;1057;Urbano;Público;ACTIVO;No;No;No;No;No;No;No;Recuperación;2022;Resolución N.° 00054-2022-OEFA/DSIS
39549;7584838-anexo-ii-5.xlsx;1113;190101;Pasco;Pasco;Chaupimarca;Por determinar;Por Determinar;UF0035474;Chaupimarca 3;18;362378.0;8818680;340;3652.0;0.3652;4017;Urbano;Privado;ACTIVO;Si;No;No;No;No;No;No;Recuperación;2022;Resolución N.° 00054-2022-OEFA/DSIS
39550;7584838-anexo-ii-5.xlsx;1114;190104;Pasco;Pasco;Huayllay;Por determinar;Por Determinar;UF0018655;Huayllay 1;18;352511.0;8784958;408;6197.0;0.6197;11155;Urbano;Público;ACTIVO;No;No;No;No;No;Si;Si;Recuperación;2022;Resolución N.° 00018-2022-OEFA/DSIS
39551;7584838-anexo-ii-5.xlsx;1115;190104;Pasco;Pasco;Huayllay;Por determinar;Por Determinar;UF0018660;Huayllay 2;18;351540.0;8783977;166;1217.0;0.1217;609;Urbano;Privado;ACTIVO;No;No;No;No;No;Si;No;Recuperación;2022;Resolución N.° 00018-2022-OEFA/DSIS
39552;7584838-anexo-ii-5.xlsx;1116;190104;Pasco;Pasco;Huayllay;Por determinar;Por Determinar;UF0018661;Huayllay 3;18;350995.0;8783916;133;1095.0;0.1095;438;Urbano;Público;ACTIVO;No;No;No;No;No;Si;No;Recuperación;2022;Resolución N.° 00018-2022-OEFA/DSIS
39553;7584838-anexo-ii-5.xlsx;1117;190104;Pasco;Pasco;Huayllay;Por determinar;Por Determinar;UF0018662;Huayllay 4;18;350363.0;8783104;226;2154.0;0.2154;3662;Urbano;Público;ACTIVO;No;No;No;No;No;No;No;Recuperación;2022;Resolución N.° 00018-2022-OEFA/DSIS
39554;7584838-anexo-ii-5.xlsx;1118;190104;Pasco;Pasco;Huayllay;Por determinar;Por Determinar;UF0018663;Huayllay 5;18;351113.0;8783841;149;1176.0;0.1176;706;Urbano;Público;ACTIVO;No;No;No;No;No;Si;No;Recuperación;2022;Resolución N.° 00018-2022-OEFA/DSIS
39555;7584838-anexo-ii-5.xlsx;1119;190104;Pasco;Pasco;Huayllay;Por determinar;Por Determinar;UF0018664;Huayllay 6;18;351100.0;8783779;77;369.0;0.0369;185;Urbano;Público;ACTIVO;No;No;No;No;No;Si;No;Recuperación;2022;Resolución N.° 00018-2022-OEFA/DSIS
39556;7584838-anexo-ii-5.xlsx;1120;190104;Pasco;Pasco;Huayllay;Por determinar;Por Determinar;UF0018665;Huayllay 7;18;351912.0;8784462;523;12175.0;1.2175;21915;Urbano;Público;ACTIVO;No;No;No;No;No;Si;Si;Recuperación;2022;Resolución N.° 00018-2022-OEFA/DSIS
39557;7584838-anexo-ii-5.xlsx;1121;190104;Pasco;Pasco;Huayllay;Por determinar;Por Determinar;UF0018666;Huayllay 8;18;351059.0;8782597;206;2826.0;0.2826;7348;Urbano;Público;ACTIVO;No;No;No;No;No;No;No;Recuperación;2022;Resolución N.° 00018-2022-OEFA/DSIS
39558;7584838-anexo-ii-5.xlsx;1122;190109;Pasco;Pasco;Simon Bolivar;Por determinar;Por Determinar;UF0018667;Simon Bolivar 1;18;361253.84;8817625.59;162;1098.0;0.1098;1372.5;Urbano;Público;ACTIVO;No;No;No;No;No;No;No;Recuperación;2022;Resolución N.° 00018-2022-OEFA/DSIS
39559;7584838-anexo-ii-5.xlsx;1123;190109;Pasco;Pasco;Simon Bolivar;Por determinar;Por Determinar;UF0018668;Simon Bolivar 2;18;357235.37;8816454.53;122;404.0;0.0404;666.6;Urbano;Público;ACTIVO;No;No;No;No;No;No;No;Recuperación;2022;Resolución N.° 00018-2022-OEFA/DSIS
39560;7584838-anexo-ii-5.xlsx;1124;190109;Pasco;Pasco;Simon Bolivar;Por determinar;Por Determinar;UF0018670;Simon Bolivar 3;18;358014.82;8816194.95;140;468.0;0.0468;702;Urbano;Privado;ACTIVO;No;No;No;No;No;No;No;Recuperación;2022;Resolución N.° 00018-2022-OEFA/DSIS
39561;7584838-anexo-ii-5.xlsx;1125;190109;Pasco;Pasco;Simon Bolivar;Por determinar;Por Determinar;UF0018671;Simon Bolivar 4;18;361451.33;8817609.45;746;3037.0;0.3037;27150;Urbano;Privado;ACTIVO;No;No;No;No;No;No;No;Recuperación;2022;Resolución N.° 00018-2022-OEFA/DSIS
39562;7584838-anexo-ii-5.xlsx;1126;190109;Pasco;Pasco;Simon Bolivar;Por determinar;Por Determinar;UF0018672;Simon Bolivar 5;18;360623.14;8820546.34;192;798.0;0.0798;957.6;Urbano;Público;ACTIVO;No;No;No;No;No;No;No;Recuperación;2022;Resolución N.° 00018-2022-OEFA/DSIS
39563;7584838-anexo-ii-5.xlsx;1127;190113;Pasco;Pasco;Yanacancha;Por determinar;Por Determinar;UF0035472;Chaupimarca 1;18;364881.0;8818636;2093;41635.0;4.1635;62452;Urbano;Privado;ACTIVO;No;No;No;No;No;No;No;Recuperación;2022;Resolución N.° 00054-2022-OEFA/DSIS
39564;7584838-anexo-ii-5.xlsx;1128;190113;Pasco;Pasco;Yanacancha;Por determinar;Por Determinar;UF0038625;Ovalo Yanamate;18;364960.79;8817395.79;501;9380.0;0.94;No precisa;Rural;Privado;NO ACTIVO;No;No;No;No;No;No;No;Recuperación;2024;RESOLUCIÓN N° 00103-2024-OEFA/DSIS
39565;7584838-anexo-ii-5.xlsx;1129;200201;Piura;Ayabaca;Ayabaca;Por determinar;Por Determinar;UF0035475;Rancho La Florida 1;17;642723.0;9488576;227;2285.0;0.2285;3427.5;Urbano;Privado;ACTIVO;No;No;No;No;No;No;No;Recuperación;2022;Resolución N.° 00018-2022-OEFA/DSIS
39566;7584838-anexo-ii-5.xlsx;1130;200201;Piura;Ayabaca;Ayabaca;Por determinar;Por Determinar;UF0035476;Rancho La Florida 2;17;642711.0;9488511;180;1473.0;0.1473;2209.5;Urbano;Privado;ACTIVO;No;No;No;No;No;No;No;Recuperación;2022;Resolución N.° 00018-2022-OEFA/DSIS
39567;7584838-anexo-ii-5.xlsx;1131;200201;Piura;Ayabaca;Ayabaca;Por determinar;Por Determinar;UF0018673;Ayabaca 1;17;642329.0;9487503;135;324.0;0.0324;324;Urbano;Público;NO ACTIVO;No;No;No;No;No;No;No;Recuperación;2022;Resolución N.° 00018-2022-OEFA/DSIS
39568;7584838-anexo-ii-5.xlsx;1132;200201;Piura;Ayabaca;Ayabaca;Por determinar;Por Determinar;UF0018674;Ayabaca 2;17;640619.0;9486190;147;686.0;0.0686;686;Urbano;Público;NO ACTIVO;No;No;No;No;No;No;No;Recuperación;2022;Resolución N.° 00018-2022-OEFA/DSIS
39569;7584838-anexo-ii-5.xlsx;1133;200207;Piura;Ayabaca;Paimas;Por determinar;Por Determinar;UF0018675;Paimas 1;17;616375.0;9489282;202;455.0;0.0455;682.5;Urbano;Público;NO ACTIVO;No;No;No;No;No;No;No;Recuperación;2022;Resolución N.° 00018-2022-OEFA/DSIS
39570;7584838-anexo-ii-5.xlsx;1134;200207;Piura;Ayabaca;Paimas;Por determinar;Por Determinar;UF0018676;Paimas 2;17;616420.0;9489288;92.8;143.0;0.0143;71.5;Urbano;Público;NO ACTIVO;No;No;No;No;No;No;No;Recuperación;2022;Resolución N.° 00018-2022-OEFA/DSIS
39571;7584838-anexo-ii-5.xlsx;1135;200207;Piura;Ayabaca;Paimas;Por determinar;Por Determinar;UF0018677;Paimas 3;17;619066.0;9488055;152;566.0;0.0566;1132;Urbano;Público;NO ACTIVO;No;No;No;No;No;No;No;Recuperación;2022;Resolución N.° 00018-2022-OEFA/DSIS
39572;7584838-anexo-ii-5.xlsx;1136;200402;Piura;Morropon;Buenos Aires;Por determinar;Por Determinar;UF0018688;Buenos Aires;17;616444.0;9418493;190;1501.0;0.1501;1501;Urbano;Público;NO ACTIVO;No;No;No;No;No;No;No;Recuperación;2022;Resolución N.° 00018-2022-OEFA/DSIS
39573;7584838-anexo-ii-5.xlsx;1137;200401;Piura;Morropon;Chulucanas;Por determinar;Por Determinar;UF0018689;Chulucanas 1;17;592707.0;9437701;135;768.0;0.0768;382.5;Urbano;Privado;ACTIVO;No;No;No;No;No;No;No;Recuperación;2022;Resolución N.° 00018-2022-OEFA/DSIS
39574;7584838-anexo-ii-5.xlsx;1138;200401;Piura;Morropon;Chulucanas;Por determinar;Por Determinar;UF0018690;Chulucanas 2;17;591783.0;9434572;251;1386.0;0.1386;1108.8;Urbano;Privado;ACTIVO;No;No;No;No;No;No;No;Recuperación;2022;Resolución N.° 00018-2022-OEFA/DSIS
39575;7584838-anexo-ii-5.xlsx;1139;200401;Piura;Morropon;Chulucanas;Por determinar;Por Determinar;UF0018691;Chulucanas 3;17;592177.0;9428444;103;479.0;0.0479;479;Urbano;Público;NO ACTIVO;No;Si;No;No;No;No;No;Recuperación;2022;Resolución N.° 00018-2022-OEFA/DSIS
39576;7584838-anexo-ii-5.xlsx;1140;200404;Piura;Morropon;La Matanza;Por determinar;Por Determinar;UF0018692;La Matanza 1;17;601549.0;9423917;277;2282.0;0.2282;1141;Urbano;Público;NO ACTIVO;No;No;No;No;No;No;No;Recuperación;2022;Resolución N.° 00018-2022-OEFA/DSIS
39577;7584838-anexo-ii-5.xlsx;1141;200404;Piura;Morropon;La Matanza;Por determinar;Por Determinar;UF0018693;La Matanza 2;17;601674.0;9423840;165;442.0;0.0442;221;Urbano;Público;NO ACTIVO;No;No;No;No;No;No;No;Recuperación;2022;Resolución N.° 00018-2022-OEFA/DSIS
39578;7584838-anexo-ii-5.xlsx;1142;200404;Piura;Morropon;La Matanza;Por determinar;Por Determinar;UF0018694;La Matanza 3;17;601844.0;9423664;164;260.0;0.026;130;Urbano;Público;NO ACTIVO;No;No;No;No;No;No;No;Recuperación;2022;Resolución N.° 00018-2022-OEFA/DSIS
39579;7584838-anexo-ii-5.xlsx;1143;200405;Piura;Morropon;Morropon;Por determinar;Por Determinar;UF0035477;Chulucanas 4;17;611663.04;9426061.41;280;900.0;0.09;450;Rural;Público;ACTIVO;No;No;No;No;No;No;No;Recuperación;2022;Resolución N.° 00054-2022-OEFA/DSIS
39580;7584838-anexo-ii-5.xlsx;1144;200405;Piura;Morropon;Morropon;Por determinar;Por Determinar;UF0035478;Chulucanas 5;17;613208.0;9427336;403;1989.0;0.1989;1989;Rural;Público;ACTIVO;No;No;No;No;No;No;No;Recuperación;2022;Resolución N.° 00054-2022-OEFA/DSIS
39581;7584838-anexo-ii-5.xlsx;1145;200405;Piura;Morropon;Morropon;Por determinar;Por Determinar;UF0035479;Chulucanas 6;17;615519.0;9425713;141;289.0;0.0289;144;Rural;Público;ACTIVO;No;No;No;No;No;No;No;Recuperación;2022;Resolución N.° 00054-2022-OEFA/DSIS
39582;7584838-anexo-ii-5.xlsx;1146;200406;Piura;Morropon;Salitral;Por determinar;Por Determinar;UF0018695;Salitral;17;630713.0;9405859;117;461.0;0.0461;691.5;Urbano;Público;NO ACTIVO;No;No;No;No;No;No;No;Recuperación;2022;Resolución N.° 00018-2022-OEFA/DSIS
39583;7584838-anexo-ii-5.xlsx;1147;200504;Piura;Paita;Colan;Por determinar;Por Determinar;UF0036029;Colan 2;17;494131.0;9458413;344;1589.0;0.1589;79.45;Urbano;Público;NO ACTIVO;No;No;No;No;No;No;No;Recuperación;2022;Resolución N.° 00018-2022-OEFA/DSIS
39584;7584838-anexo-ii-5.xlsx;1148;200504;Piura;Paita;Colan;Por determinar;Por Determinar;UF0036030;Colan 3;17;494145.0;9458413;335;1057.0;0.1057;1057;Urbano;Público;NO ACTIVO;No;No;No;No;No;No;No;Recuperación;2022;Resolución N.° 00018-2022-OEFA/DSIS
39585;7584838-anexo-ii-5.xlsx;1149;200504;Piura;Paita;Colan;Por determinar;Por Determinar;UF0035480;Nuevo Colán;17;493310.0;9457895;252;2367.0;0.2367;3550.5;Urbano;Público;ACTIVO;No;No;No;No;No;No;No;Recuperación;2022;Resolución N.° 00018-2022-OEFA/DSIS
39586;7584838-anexo-ii-5.xlsx;1150;200504;Piura;Paita;Colan;Por determinar;Por Determinar;UF0035481;Pampa La Felipa 1;17;493270.0;9447394;1000;5403.0;0.5403;2701.5;Urbano;Público;NO ACTIVO;No;No;No;No;No;No;No;Recuperación;2022;Resolución N.° 00018-2022-OEFA/DSIS
39587;7584838-anexo-ii-5.xlsx;1151;200504;Piura;Paita;Colan;Por determinar;Por Determinar;UF0035482;Pampa La Felipa 2;17;493307.0;9447505;986;5455.0;0.5455;5455;Urbano;Público;NO ACTIVO;No;No;No;No;No;No;No;Recuperación;2022;Resolución N.° 00018-2022-OEFA/DSIS
39588;7584838-anexo-ii-5.xlsx;1152;200504;Piura;Paita;Colan;Por determinar;Por Determinar;UF0035483;Pampa La Felipa 3;17;493383.0;9447738;1346;6563.0;0.6563;6563;Urbano;Público;NO ACTIVO;No;No;No;No;No;No;No;Recuperación;2022;Resolución N.° 00018-2022-OEFA/DSIS
39589;7584838-anexo-ii-5.xlsx;1153;200504;Piura;Paita;Colan;Por determinar;Por Determinar;UF0035484;Pampa La Felipa 4;17;493362.0;9447899;198;960.0;0.096;960;Urbano;Público;NO ACTIVO;No;No;No;No;No;No;No;Recuperación;2022;Resolución N.° 00018-2022-OEFA/DSIS
39590;7584838-anexo-ii-5.xlsx;1154;200504;Piura;Paita;Colan;Por determinar;Por Determinar;UF0035485;Pampa La Felipa 5;17;493312.0;9448166;797;6596.0;0.6596;6596;Urbano;Público;NO ACTIVO;No;No;No;No;No;No;No;Recuperación;2022;Resolución N.° 00018-2022-OEFA/DSIS
39591;7584838-anexo-ii-5.xlsx;1155;200504;Piura;Paita;Colan;Por determinar;Por Determinar;UF0035486;Pampa La Felipa 6;17;493665.0;9447900;284;738.0;0.0738;738;Urbano;Público;NO ACTIVO;No;No;No;No;No;No;No;Recuperación;2022;Resolución N.° 00018-2022-OEFA/DSIS
39592;7584838-anexo-ii-5.xlsx;1156;200504;Piura;Paita;Colan;Por determinar;Por Determinar;UF0035487;Pampa La Felipa 7;17;493564.0;9447825;231;817.0;0.0817;817;Urbano;Público;NO ACTIVO;No;No;No;No;No;No;No;Recuperación;2022;Resolución N.° 00018-2022-OEFA/DSIS
39593;7584838-anexo-ii-5.xlsx;1157;200504;Piura;Paita;Colan;Por determinar;Por Determinar;UF0018699;Colan 4;17;493123.0;9457320;124;945.0;0.0945;945;Urbano;Público;NO ACTIVO;No;No;No;No;No;No;No;Recuperación;2022;Resolución N.° 00018-2022-OEFA/DSIS
39594;7584838-anexo-ii-5.xlsx;1158;200504;Piura;Paita;Colan;Por determinar;Por Determinar;UF0018700;Colan 5;17;493652.0;9456280;576;1004.0;0.1004;50.2;Urbano;Público;ACTIVO;No;Si;No;No;No;No;No;Recuperación;2022;Resolución N.° 00018-2022-OEFA/DSIS
39595;7584838-anexo-ii-5.xlsx;1159;200504;Piura;Paita;Colan;Por determinar;Por Determinar;UF0018701;Colan 6;17;493636.0;9456378;611;1219.0;0.1219;60.95;Urbano;Público;ACTIVO;No;Si;No;No;No;No;No;Recuperación;2022;Resolución N.° 00018-2022-OEFA/DSIS
39596;7584838-anexo-ii-5.xlsx;1160;200505;Piura;Paita;La Huaca;Por determinar;Por Determinar;UF0018702;La Huaca;17;508982.0;9456308;215;569.0;0.0569;284.5;Urbano;Público;ACTIVO;No;Si;No;No;No;No;No;Recuperación;2022;Resolución N.° 00018-2022-OEFA/DSIS
39597;7584838-anexo-ii-5.xlsx;1161;200501;Piura;Paita;Paita;Por determinar;Por Determinar;UF0035488;Paita 1;17;489515.0;9437744;534;11859.0;1.1859;17788.5;Urbano;Público;ACTIVO;No;No;No;No;No;No;No;Recuperación;2022;Resolución N.° 00018-2022-OEFA/DSIS
39598;7584838-anexo-ii-5.xlsx;1162;200501;Piura;Paita;Paita;Por determinar;Por Determinar;UF0035489;Frente A La Eess Grifos Norpetrol;17;489945.0;9437753;607;9136.0;0.9136;9136;Urbano;Privado;ACTIVO;No;No;No;No;No;No;No;Recuperación;2022;Resolución N.° 00018-2022-OEFA/DSIS
39599;7584838-anexo-ii-5.xlsx;1163;200501;Piura;Paita;Paita;Por determinar;Por Determinar;UF0035490;Paita 2;17;489740.0;9437465;881;25032.0;2.5032;37548;Urbano;Privado;ACTIVO;No;No;No;No;No;No;No;Recuperación;2022;Resolución N.° 00018-2022-OEFA/DSIS
39600;7584838-anexo-ii-5.xlsx;1164;200501;Piura;Paita;Paita;Por determinar;Por Determinar;UF0035491;Nuestra Señora De Las Mercedes 1;17;489973.0;9437493;161;618.0;0.0618;927;Urbano;Público;ACTIVO;No;No;No;No;No;No;No;Recuperación;2022;Resolución N.° 00018-2022-OEFA/DSIS
39601;7584838-anexo-ii-5.xlsx;1165;200501;Piura;Paita;Paita;Por determinar;Por Determinar;UF0035492;Nuestra Señora De Las Mercedes 2;17;490001.0;9437478;215;625.0;0.0625;625;Urbano;Público;ACTIVO;No;No;No;No;No;No;No;Recuperación;2022;Resolución N.° 00018-2022-OEFA/DSIS
39602;7584838-anexo-ii-5.xlsx;1166;200501;Piura;Paita;Paita;Por determinar;Por Determinar;UF0035493;Paita 3;17;489830.0;9437260;943;58610.0;5.861;11722;Urbano;Público;ACTIVO;No;Si;No;No;No;No;No;Recuperación;2022;Resolución N.° 00018-2022-OEFA/DSIS
39603;7584838-anexo-ii-5.xlsx;1167;200501;Piura;Paita;Paita;Por determinar;Por Determinar;UF0035494;Playa Los Cangrejos;17;481051.0;9431715;130;1098.0;0.1098;1098;Urbano;Público;NO ACTIVO;No;No;No;No;No;No;No;Recuperación;2022;Resolución N.° 00018-2022-OEFA/DSIS
39604;7584838-anexo-ii-5.xlsx;1168;200501;Piura;Paita;Paita;Por determinar;Por Determinar;UF0035495;Paita 4;17;483464.0;9433095;411;3093.0;0.3093;3093;Urbano;Público;ACTIVO;No;No;No;No;No;No;No;Recuperación;2022;Resolución N.° 00018-2022-OEFA/DSIS
39605;7584838-anexo-ii-5.xlsx;1169;200501;Piura;Paita;Paita;Por determinar;Por Determinar;UF0035496;Paita 5;17;483233.0;9433351;928;16486.0;1.6486;16486;Urbano;Privado;ACTIVO;No;Si;No;No;No;No;No;Recuperación;2022;Resolución N.° 00018-2022-OEFA/DSIS
39606;7584838-anexo-ii-5.xlsx;1170;200506;Piura;Paita;Tamarindo;Por determinar;Por Determinar;UF0036874;Tamarindo;17;502652.0;9461543;293;3234.0;0.32;240;Rural;Privado;ACTIVO;No;Si;No;No;No;No;No;Recuperación;2023;Resolución N.° 00073-2023-OEFA/DSIS
39607;7584838-anexo-ii-5.xlsx;1171;200507;Piura;Paita;Vichayal;20168899204;MUNICIPALIDAD DISTRITAL DE VICHAYAL;UF0036875;La Chivera;17;489566.0;9463957;503;5000.0;0.5;6000;Rural;Privado;ACTIVO;No;No;No;No;No;No;No;Recuperación;2023;Resolución N.° 00073-2023-OEFA/DSIS
39608;7584838-anexo-ii-5.xlsx;1172;200104;Piura;Piura;Castilla;Por determinar;Por Determinar;UF0018703;Castilla 1;17;540357.0;9421784;587;1505.0;0.1505;1204;Urbano;Público;NO ACTIVO;No;No;No;No;No;No;No;Recuperación;2022;Resolución N.° 00018-2022-OEFA/DSIS
39609;7584838-anexo-ii-5.xlsx;1173;200104;Piura;Piura;Castilla;Por determinar;Por Determinar;UF0018704;Castilla 2;17;541226.0;9421819;2226;6212.0;0.6212;3106;Urbano;Público;ACTIVO;No;Si;No;No;No;No;No;Recuperación;2022;Resolución N.° 00018-2022-OEFA/DSIS
39610;7584838-anexo-ii-5.xlsx;1174;200104;Piura;Piura;Castilla;Por determinar;Por Determinar;UF0018705;Castilla 3;17;540973.0;9421504;886;1265.0;0.1265;632.5;Urbano;Público;ACTIVO;No;No;No;No;No;No;No;Recuperación;2022;Resolución N.° 00018-2022-OEFA/DSIS
39611;7584838-anexo-ii-5.xlsx;1175;200105;Piura;Piura;Catacaos;Por determinar;Por Determinar;UF0035512;Catacaos 1;17;535140.0;9416336;250;1946.0;0.1946;1946;Urbano;Privado;ACTIVO;No;No;No;No;No;No;No;Recuperación;2022;Resolución N.° 00018-2022-OEFA/DSIS
39612;7584838-anexo-ii-5.xlsx;1176;200105;Piura;Piura;Catacaos;Por determinar;Por Determinar;UF0018706;Catacaos 2;17;537026.0;9412408;551;1683.0;0.1683;16.83;Urbano;Público;ACTIVO;No;No;No;No;No;No;No;Recuperación;2022;Resolución N.° 00018-2022-OEFA/DSIS
39613;7584838-anexo-ii-5.xlsx;1177;200105;Piura;Piura;Catacaos;Por determinar;Por Determinar;UF0018707;Catacaos 3;17;539356.0;9411983;342;2875.0;0.2875;5175;Urbano;Público;ACTIVO;No;No;No;No;No;No;No;Recuperación;2022;Resolución N.° 00018-2022-OEFA/DSIS
39614;7584838-anexo-ii-5.xlsx;1178;200105;Piura;Piura;Catacaos;Por determinar;Por Determinar;UF0018708;Catacaos 4;17;535491.0;9416374;173;538.0;0.0538;538;Urbano;Público;ACTIVO;No;No;No;No;No;No;No;Recuperación;2022;Resolución N.° 00018-2022-OEFA/DSIS
39615;7584838-anexo-ii-5.xlsx;1179;200105;Piura;Piura;Catacaos;Por determinar;Por Determinar;UF0018709;Catacaos 5;17;535527.0;9416387;326;4409.0;0.4409;2204636;Urbano;Público;ACTIVO;No;No;No;No;No;No;No;Recuperación;2022;Resolución N.° 00018-2022-OEFA/DSIS
39616;7584838-anexo-ii-5.xlsx;1180;200105;Piura;Piura;Catacaos;Por determinar;Por Determinar;UF0018710;Catacaos 6;17;534859.0;9418145;176;454.0;0.0454;45.4;Urbano;Público;ACTIVO;No;Si;No;No;No;No;No;Recuperación;2022;Resolución N.° 00018-2022-OEFA/DSIS
39617;7584838-anexo-ii-5.xlsx;1181;200105;Piura;Piura;Catacaos;Por determinar;Por Determinar;UF0018711;Catacaos 7;17;534919.0;9418195;615;2009.0;0.2009;2009;Urbano;Público;ACTIVO;No;Si;No;No;No;No;No;Recuperación;2022;Resolución N.° 00018-2022-OEFA/DSIS
39618;7584838-anexo-ii-5.xlsx;1182;200105;Piura;Piura;Catacaos;Por determinar;Por Determinar;UF0018712;Catacaos 8;17;536420.0;9419218;995;7405.0;0.7405;658289;Urbano;Público;ACTIVO;No;Si;No;No;No;No;No;Recuperación;2022;Resolución N.° 00018-2022-OEFA/DSIS
39619;7584838-anexo-ii-5.xlsx;1183;200105;Piura;Piura;Catacaos;Por determinar;Por Determinar;UF0018713;Catacaos 9;17;539451.0;9421486;1372;4723.0;0.4723;1893540;Urbano;Público;NO ACTIVO;No;No;No;No;No;No;No;Recuperación;2022;Resolución N.° 00018-2022-OEFA/DSIS
39620;7584838-anexo-ii-5.xlsx;1184;200105;Piura;Piura;Catacaos;Por determinar;Por Determinar;UF0018714;Catacaos 10;17;539344.0;9421559;403;1307.0;0.1307;1307;Urbano;Público;NO ACTIVO;No;No;No;No;No;No;No;Recuperación;2022;Resolución N.° 00018-2022-OEFA/DSIS
39621;7584838-anexo-ii-5.xlsx;1185;200109;Piura;Piura;La Arena;Por determinar;Por Determinar;UF0018715;La Arena;17;532581.0;9412651;208;1068.0;0.1068;1068;Urbano;Privado;ACTIVO;No;Si;No;No;No;No;No;Recuperación;2022;Resolución N.° 00018-2022-OEFA/DSIS
39622;7584838-anexo-ii-5.xlsx;1186;200110;Piura;Piura;La Union;Por determinar;Por Determinar;UF0018716;La Union 1;17;526205.0;9403627;454;3232.0;0.3232;1616;Urbano;Público;NO ACTIVO;No;Si;No;No;No;No;No;Recuperación;2022;Resolución N.° 00018-2022-OEFA/DSIS
39623;7584838-anexo-ii-5.xlsx;1187;200110;Piura;Piura;La Union;Por determinar;Por Determinar;UF0018717;La Union 2;17;526141.0;9403588;300;1471.0;0.1471;147.1;Urbano;Público;NO ACTIVO;No;Si;No;No;No;No;No;Recuperación;2022;Resolución N.° 00018-2022-OEFA/DSIS
39624;7584838-anexo-ii-5.xlsx;1188;200110;Piura;Piura;La Union;Por determinar;Por Determinar;UF0018718;La Union 3;17;520416.0;9403155;691.86;251250.0;2.5125;22042.8;Urbano;Público;ACTIVO;No;No;No;No;No;No;No;Recuperación;2022;Resolución N.° 00018-2022-OEFA/DSIS
39625;7584838-anexo-ii-5.xlsx;1189;200101;Piura;Piura;Piura;Por determinar;Por Determinar;UF0035513;Piura;17;541461.0;9426900;98.7;405.0;0.0405;202.5;Urbano;Privado;NO ACTIVO;No;Si;No;No;No;No;No;Recuperación;2022;Resolución N.° 00018-2022-OEFA/DSIS
39626;7584838-anexo-ii-5.xlsx;1190;200101;Piura;Piura;Piura;Por determinar;Por Determinar;UF0035504;Piura 4;17;541124.07;9424618.25;795;12149.0;1.2149;6074;Rural;Público;ACTIVO;No;No;No;No;No;No;No;Recuperación;2022;Resolución N.° 00054-2022-OEFA/DSIS
39627;7584838-anexo-ii-5.xlsx;1191;200114;Piura;Piura;Tambo Grande;Por determinar;Por Determinar;UF0035506;Tambogrande;17;573059.0;9454345;235;511.0;0.0511;25.55;Urbano;Público;NO ACTIVO;No;Si;No;No;No;No;No;Recuperación;2022;Resolución N.° 00018-2022-OEFA/DSIS
39628;7584838-anexo-ii-5.xlsx;1192;200114;Piura;Piura;Tambo Grande;Por determinar;Por Determinar;UF0035507;Huancabamba 1;17;573319.0;9454696;83.2;93.4;0.009340000000000001;46.7;Urbano;Público;NO ACTIVO;No;No;No;No;No;No;No;Recuperación;2022;Resolución N.° 00018-2022-OEFA/DSIS
39629;7584838-anexo-ii-5.xlsx;1193;200114;Piura;Piura;Tambo Grande;Por determinar;Por Determinar;UF0035508;Huancabamba 2;17;573305.0;9454655;308;471.0;0.0471;235.5;Urbano;Público;NO ACTIVO;No;No;No;No;No;No;No;Recuperación;2022;Resolución N.° 00018-2022-OEFA/DSIS
39630;7584838-anexo-ii-5.xlsx;1194;200114;Piura;Piura;Tambo Grande;Por determinar;Por Determinar;UF0035509;Tambo Grande 1;17;573555.0;9454957;106;419.0;0.0419;209.5;Urbano;Público;NO ACTIVO;No;No;No;No;No;No;No;Recuperación;2022;Resolución N.° 00018-2022-OEFA/DSIS
39631;7584838-anexo-ii-5.xlsx;1195;200114;Piura;Piura;Tambo Grande;Por determinar;Por Determinar;UF0035510;Tambo Grande 2;17;573635.0;9454937;389;1637.0;0.1637;818.5;Urbano;Público;NO ACTIVO;No;No;No;No;No;No;No;Recuperación;2022;Resolución N.° 00018-2022-OEFA/DSIS
39632;7584838-anexo-ii-5.xlsx;1196;200114;Piura;Piura;Tambo Grande;Por determinar;Por Determinar;UF0035511;Tambo Grande 3;17;572395.0;9453806;459;2401.0;0.2401;1920.8;Urbano;Público;ACTIVO;No;No;No;No;No;No;No;Recuperación;2022;Resolución N.° 00018-2022-OEFA/DSIS
39633;7584838-anexo-ii-5.xlsx;1197;200115;Piura;Piura;Veintiseis de Octubre;Por determinar;Por Determinar;UF0035505;Veintiseis de Octubre 1;17;535858.0;9428007;209;2558.0;0.2558;3387;Urbano;Privado;NO ACTIVO;No;No;No;No;No;No;No;Recuperación;2022;Resolución N.° 00018-2022-OEFA/DSIS
39634;7584838-anexo-ii-5.xlsx;1198;200115;Piura;Piura;Veintiseis de Octubre;Por determinar;Por Determinar;UF0035514;Veintiseis de Octubre 2;17;535875.0;9428064;1345;117769.0;11.7769;176653.5;Urbano;Privado;ACTIVO;Si;Si;No;No;No;No;No;Recuperación;2022;Resolución N.° 00018-2022-OEFA/DSIS
39635;7584838-anexo-ii-5.xlsx;1199;200115;Piura;Piura;Veintiseis de Octubre;Por determinar;Por Determinar;UF0018720;Veintiséis de Octubre 3;17;535010.0;9428357;1313;26062.0;2.6062;26062;Urbano;Privado;ACTIVO;No;No;No;No;No;No;No;Recuperación;2022;Resolución N.° 00018-2022-OEFA/DSIS
39636;7584838-anexo-ii-5.xlsx;1200;200115;Piura;Piura;Veintiseis de Octubre;Por determinar;Por Determinar;UF0018722;Veintiséis de Octubre 4;17;535072.0;9428395;133;517.0;0.0517;206.8;Urbano;Público;NO ACTIVO;No;No;No;No;No;No;No;Recuperación;2022;Resolución N.° 00018-2022-OEFA/DSIS
39637;7584838-anexo-ii-5.xlsx;1201;200115;Piura;Piura;Veintiseis de Octubre;Por determinar;Por Determinar;UF0018723;Veintiséis de Octubre 5;17;537084.0;9427745;159;1564.0;0.1564;782;Urbano;Privado;ACTIVO;No;No;No;No;No;No;No;Recuperación;2022;Resolución N.° 00018-2022-OEFA/DSIS
39638;7584838-anexo-ii-5.xlsx;1202;200115;Piura;Piura;Veintiseis de Octubre;Por determinar;Por Determinar;UF0035501;Piura 1;17;536170.0;9428020;412;3390.0;0.339;1695;Urbano;Público;ACTIVO;No;No;No;No;No;No;No;Recuperación;2022;Resolución N.° 00054-2022-OEFA/DSIS
39639;7584838-anexo-ii-5.xlsx;1203;200115;Piura;Piura;Veintiseis de Octubre;Por determinar;Por Determinar;UF0035502;Piura 2;17;538836.0;9427310;282;2952.0;0.2952;2952;Urbano;Público;ACTIVO;No;No;No;No;No;No;No;Recuperación;2022;Resolución N.° 00054-2022-OEFA/DSIS
39640;7584838-anexo-ii-5.xlsx;1204;200115;Piura;Piura;Veintiseis de Octubre;Por determinar;Por Determinar;UF0035503;Piura 3;17;539060.0;9427255;398;3814.0;0.3814;3814;Urbano;Público;ACTIVO;No;No;No;No;No;No;No;Recuperación;2022;Resolución N.° 00054-2022-OEFA/DSIS
39641;7584838-anexo-ii-5.xlsx;1205;200801;Piura;Sechura;Sechura;Por determinar;Por Determinar;UF0035515;Sechura;17;519415.0;9384386;563;7044.0;0.7044;10566;Urbano;Público;ACTIVO;No;No;No;No;No;No;No;Recuperación;2022;Resolución N.° 00018-2022-OEFA/DSIS
39642;7584838-anexo-ii-5.xlsx;1206;200801;Piura;Sechura;Sechura;20525300910;MUNICIPALIDAD DELEGADA DEL CENTRO POBLADO MENOR DE PARACHIQUE - LA BOCANA;UF0036876;Parachique;17;516977.0;9364674;No precisa;10000.0;1;15000;Rural;No precisa;ACTIVO;No;No;No;No;No;No;No;Recuperación;2023;Resolución N.° 00073-2023-OEFA/DSIS
39643;7584838-anexo-ii-5.xlsx;1207;200805;Piura;Sechura;Vice;Por determinar;Por Determinar;UF0018745;Vice;17;527405.0;9402761;139;945.0;0.0945;945;Urbano;Público;ACTIVO;No;No;No;No;No;No;No;Recuperación;2022;Resolución N.° 00018-2022-OEFA/DSIS
39644;7584838-anexo-ii-5.xlsx;1208;200606;Piura;Sullana;Miguel Checa;Por determinar;Por Determinar;UF0018746;Miguel Checa;17;529375.0;9458008;88.2;433.0;0.0433;433;Urbano;Público;NO ACTIVO;No;No;No;No;No;No;No;Recuperación;2022;Resolución N.° 00018-2022-OEFA/DSIS
39645;7584838-anexo-ii-5.xlsx;1209;200608;Piura;Sullana;Salitral;Por determinar;Por Determinar;UF0036877;El Salitral;17;534143.0;9465954;1130;20539.0;2.05;20000;Rural;Privado;ACTIVO;No;Si;No;No;No;No;No;Recuperación;2023;Resolución N.° 00073-2023-OEFA/DSIS
39646;7584838-anexo-ii-5.xlsx;1210;200601;Piura;Sullana;Sullana;Por determinar;Por Determinar;UF0018747;Sullana 1;17;532502.0;9457686;291;1963.0;0.1963;381436;Urbano;Privado;NO ACTIVO;No;No;No;No;No;No;No;Recuperación;2022;Resolución N.° 00018-2022-OEFA/DSIS
39647;7584838-anexo-ii-5.xlsx;1211;200601;Piura;Sullana;Sullana;Por determinar;Por Determinar;UF0018748;Sullana 2;17;529618.0;9457997;181;2324.0;0.2324;3486;Urbano;Privado;NO ACTIVO;No;No;No;No;No;No;No;Recuperación;2022;Resolución N.° 00018-2022-OEFA/DSIS
39648;7584838-anexo-ii-5.xlsx;1212;200601;Piura;Sullana;Sullana;Por determinar;Por Determinar;UF0018749;Sullana 3;17;532493.0;9457790;615;10792.0;1.0792;16188;Urbano;Privado;ACTIVO;No;No;No;No;No;No;No;Recuperación;2022;Resolución N.° 00018-2022-OEFA/DSIS
39649;7584838-anexo-ii-5.xlsx;1213;200601;Piura;Sullana;Sullana;Por determinar;Por Determinar;UF0018750;Sullana 4;17;531081.0;9458094;209;836.0;0.0836;836;Urbano;Público;ACTIVO;No;No;No;No;No;No;No;Recuperación;2022;Resolución N.° 00018-2022-OEFA/DSIS
39650;7584838-anexo-ii-5.xlsx;1214;200703;Piura;Talara;La Brea;Por determinar;Por Determinar;UF0035701;La Brea 1;17;467047.0;9486961;394;2712.0;0.2712;4068;Urbano;Público;NO ACTIVO;No;No;No;No;No;No;No;Recuperación;2022;Resolución N.° 00018-2022-OEFA/DSIS
39651;7584838-anexo-ii-5.xlsx;1215;200703;Piura;Talara;La Brea;Por determinar;Por Determinar;UF0035702;La Brea 2;17;467048.0;9486956;260;739.0;0.0739;1108.5;Urbano;Público;NO ACTIVO;No;No;No;No;No;No;No;Recuperación;2022;Resolución N.° 00018-2022-OEFA/DSIS
39652;7584838-anexo-ii-5.xlsx;1216;200705;Piura;Talara;Los Organos;Por determinar;Por Determinar;UF0035682;Asociación La Libertad 1;17;486076.0;9538441;63;174.0;0.0174;87;Urbano;Privado;ACTIVO;No;No;No;No;No;No;No;Recuperación;2022;Resolución N.° 00018-2022-OEFA/DSIS
39653;7584838-anexo-ii-5.xlsx;1217;200705;Piura;Talara;Los Organos;Por determinar;Por Determinar;UF0035683;Asociación La Libertad 2;17;486054.0;9538468;44;121.0;0.0121;121;Urbano;Privado;ACTIVO;No;No;No;No;No;No;No;Recuperación;2022;Resolución N.° 00018-2022-OEFA/DSIS
39654;7584838-anexo-ii-5.xlsx;1218;200705;Piura;Talara;Los Organos;Por determinar;Por Determinar;UF0035684;Nueva Esperanza 1;17;486848.0;9538148;66;237.0;0.0237;237;Rural;Público;ACTIVO;No;Si;No;No;No;No;No;Recuperación;2022;Resolución N.° 00018-2022-OEFA/DSIS
39655;7584838-anexo-ii-5.xlsx;1219;200705;Piura;Talara;Los Organos;Por determinar;Por Determinar;UF0035685;Nueva Esperanza 2;17;486880.0;9538160;385;2965.0;0.2965;2965;Rural;Público;ACTIVO;No;Si;No;No;No;No;No;Recuperación;2022;Resolución N.° 00018-2022-OEFA/DSIS
39656;7584838-anexo-ii-5.xlsx;1220;200705;Piura;Talara;Los Organos;Por determinar;Por Determinar;UF0035686;Botadero De Los Organos;17;487632.0;9538780;88;361.0;0.0361;541;Rural;Público;ACTIVO;Si;Si;No;No;No;No;No;Recuperación;2022;Resolución N.° 00018-2022-OEFA/DSIS
39657;7584838-anexo-ii-5.xlsx;1221;200705;Piura;Talara;Los Organos;Por determinar;Por Determinar;UF0035687;El Pozo 1;17;487996.0;9541150;146;440.0;0.044;660;Urbano;Privado;NO ACTIVO;No;No;No;No;No;No;No;Recuperación;2022;Resolución N.° 00018-2022-OEFA/DSIS
39658;7584838-anexo-ii-5.xlsx;1222;200705;Piura;Talara;Los Organos;Por determinar;Por Determinar;UF0035688;El Pozo 2;17;488079.0;9541133;161;1043.0;0.1043;1043;Urbano;Público;NO ACTIVO;No;No;No;No;No;No;No;Recuperación;2022;Resolución N.° 00018-2022-OEFA/DSIS
39659;7584838-anexo-ii-5.xlsx;1223;200701;Piura;Talara;Pariñas;Por determinar;Por Determinar;UF0035689;Quebrada Acholado;17;472945.0;9492090;566;2837.0;0.2837;4255.5;Rural;Público;ACTIVO;Si;Si;No;No;No;No;No;Recuperación;2022;Resolución N.° 00018-2022-OEFA/DSIS
39660;7584838-anexo-ii-5.xlsx;1224;200701;Piura;Talara;Pariñas;Por determinar;Por Determinar;UF0035690;Pariñas 1;17;473273.0;9492167;397;1997.0;0.1997;2995.5;Rural;Público;ACTIVO;Si;Si;No;No;No;No;No;Recuperación;2022;Resolución N.° 00018-2022-OEFA/DSIS
39661;7584838-anexo-ii-5.xlsx;1225;200701;Piura;Talara;Pariñas;Por determinar;Por Determinar;UF0035691;Pariñas 2;17;473382.0;9492195;186;854.0;0.0854;1326;Rural;Público;ACTIVO;Si;Si;No;No;No;No;No;Recuperación;2022;Resolución N.° 00018-2022-OEFA/DSIS
39662;7584838-anexo-ii-5.xlsx;1226;200701;Piura;Talara;Pariñas;Por determinar;Por Determinar;UF0035692;Pariñas 3;17;473324.0;9492167;509;2415.0;0.2415;3622.5;Rural;Público;ACTIVO;Si;Si;No;No;No;No;No;Recuperación;2022;Resolución N.° 00018-2022-OEFA/DSIS
39663;7584838-anexo-ii-5.xlsx;1227;200701;Piura;Talara;Pariñas;Por determinar;Por Determinar;UF0035693;Pariñas 4;17;473403.0;9492198;309;1207.0;0.1207;1810.5;Rural;Público;ACTIVO;Si;Si;No;No;No;No;No;Recuperación;2022;Resolución N.° 00018-2022-OEFA/DSIS
39664;7584838-anexo-ii-5.xlsx;1228;200701;Piura;Talara;Pariñas;Por determinar;Por Determinar;UF0035694;Pariñas 5;17;473593.0;9492198;1069;4745.0;0.4745;7117.5;Rural;Público;ACTIVO;Si;Si;No;No;No;No;No;Recuperación;2022;Resolución N.° 00018-2022-OEFA/DSIS
39665;7584838-anexo-ii-5.xlsx;1229;200701;Piura;Talara;Pariñas;Por determinar;Por Determinar;UF0035695;Pariñas 6;17;473647.0;9492171;435;1417.0;0.1417;2125.5;Rural;Público;ACTIVO;Si;Si;No;No;No;No;No;Recuperación;2022;Resolución N.° 00018-2022-OEFA/DSIS
39666;7584838-anexo-ii-5.xlsx;1230;200701;Piura;Talara;Pariñas;Por determinar;Por Determinar;UF0035696;Pariñas 7;17;474053.0;9492310;495;5971.0;0.5971;8956.5;Rural;Público;ACTIVO;No;No;No;No;No;No;No;Recuperación;2022;Resolución N.° 00018-2022-OEFA/DSIS
39667;7584838-anexo-ii-5.xlsx;1231;200701;Piura;Talara;Pariñas;Por determinar;Por Determinar;UF0035697;Pilar Nores De García;17;472644.0;9491654;139;605.0;0.0605;907.5;Rural;Público;ACTIVO;No;No;No;No;No;No;No;Recuperación;2022;Resolución N.° 00018-2022-OEFA/DSIS
39668;7584838-anexo-ii-5.xlsx;1232;200701;Piura;Talara;Pariñas;Por determinar;Por Determinar;-;San Sebastian 1;17;472124.0;9491678;451;1530.0;0.153;2295;Rural;Público;NO ACTIVO;No;No;No;No;No;No;No;Recuperación;2022;Resolución N.° 00018-2022-OEFA/DSIS
39669;7584838-anexo-ii-5.xlsx;1233;200701;Piura;Talara;Pariñas;Por determinar;Por Determinar;-;San Sebastian 2;17;471908.0;9491760;190;867.0;0.0867;1302;Rural;Público;NO ACTIVO;No;No;No;No;No;No;No;Recuperación;2022;Resolución N.° 00018-2022-OEFA/DSIS
39670;7584838-anexo-ii-5.xlsx;1234;200701;Piura;Talara;Pariñas;Por determinar;Por Determinar;UF0035698;Pariñas 8;17;470018.0;9496903;986;7887.0;0.7887;11830.5;Rural;Público;NO ACTIVO;No;No;No;No;No;No;No;Recuperación;2022;Resolución N.° 00018-2022-OEFA/DSIS
39671;7584838-anexo-ii-5.xlsx;1235;200701;Piura;Talara;Pariñas;Por determinar;Por Determinar;UF0035699;Pariñas 9;17;470560.0;9497065;492;2138.0;0.2138;2138;Rural;Público;ACTIVO;No;No;No;No;No;No;No;Recuperación;2022;Resolución N.° 00018-2022-OEFA/DSIS
39672;7584838-anexo-ii-5.xlsx;1236;200701;Piura;Talara;Pariñas;Por determinar;Por Determinar;UF0035700;Pariñas 10;17;470520.0;9497085;542;5376.0;0.5376;8064;Rural;Público;ACTIVO;No;No;No;No;No;No;No;Recuperación;2022;Resolución N.° 00018-2022-OEFA/DSIS
39673;7584838-anexo-ii-5.xlsx;1237;200701;Piura;Talara;Pariñas;Por determinar;Por Determinar;UF0035678;Pariñas 11;17;475287.0;9493863;396;4624.0;0.4624;2312;Rural;Público;ACTIVO;No;No;No;No;No;No;No;Recuperación;2022;Resolución N.° 00054-2022-OEFA/DSIS
39674;7584838-anexo-ii-5.xlsx;1238;200701;Piura;Talara;Pariñas;Por determinar;Por Determinar;UF0035679;Pariñas 12;17;472646.0;9494250;432;3971.0;0.3971;3971;Rural;Público;ACTIVO;No;No;No;No;No;No;No;Recuperación;2022;Resolución N.° 00054-2022-OEFA/DSIS
39675;7584838-anexo-ii-5.xlsx;1239;200701;Piura;Talara;Pariñas;Por determinar;Por Determinar;UF0035680;Pariñas 13;17;477687.67;9494124.09;855;30681.0;3.0681;30681;Rural;Público;ACTIVO;No;No;No;No;No;No;No;Recuperación;2022;Resolución N.° 00054-2022-OEFA/DSIS
39676;7584838-anexo-ii-5.xlsx;1240;200701;Piura;Talara;Pariñas;Por determinar;Por Determinar;UF0035681;Pariñas 14;17;477447.0;9494464;202;2184.0;0.2184;655;Rural;Público;ACTIVO;No;No;No;No;No;No;No;Recuperación;2022;Resolución N.° 00054-2022-OEFA/DSIS
39677;7584838-anexo-ii-5.xlsx;1241;210301;Puno;Carabaya;Macusani;Por determinar;Por Determinar;UF0018678;Macusani 1;19;347734.0;8444716;302;4162.0;0.4162;6243;Urbano;Público;ACTIVO;No;No;No;No;No;No;No;Recuperación;2022;Resolución N.° 00018-2022-OEFA/DSIS
39678;7584838-anexo-ii-5.xlsx;1242;210301;Puno;Carabaya;Macusani;Por determinar;Por Determinar;UF0018679;Macusani 2;19;347508.0;8444690;215;2797.0;0.2797;4196;Urbano;Público;ACTIVO;No;No;No;No;No;No;No;Recuperación;2022;Resolución N.° 00018-2022-OEFA/DSIS
39679;7584838-anexo-ii-5.xlsx;1243;210301;Puno;Carabaya;Macusani;Por determinar;Por Determinar;UF0018680;Macusani 3;19;346732.0;8443841;358;3063.0;0.3063;4595;Rural;Público;ACTIVO;No;No;No;No;No;No;No;Recuperación;2022;Resolución N.° 00018-2022-OEFA/DSIS
39680;7584838-anexo-ii-5.xlsx;1244;210301;Puno;Carabaya;Macusani;Por determinar;Por Determinar;UF0018681;Macusani;19;346820.0;8444626;156;1307.0;0.1307;1307;Urbano;Público;ACTIVO;No;No;No;No;No;No;No;Recuperación;2022;Resolución N.° 00018-2022-OEFA/DSIS
39681;7584838-anexo-ii-5.xlsx;1245;210801;Puno;Melgar;Ayaviri;Por determinar;Por Determinar;UF0035812;Puno 01;19;327397.0;8354652;133;1210.0;0.121;545;Rural;Público;ACTIVO;No;No;No;No;No;No;No;Recuperación;2022;Resolución N.° 00054-2022-OEFA/DSIS
39682;7584838-anexo-ii-5.xlsx;1246;210111;Puno;Puno;Pichacani;Por determinar;Por Determinar;UF0035556;Puno 35;19;390615.0;8233347;168;1927.0;0.1927;867;Rural;Público;ACTIVO;No;No;No;No;No;No;No;Recuperación;2022;Resolución N.° 00054-2022-OEFA/DSIS
39683;7584838-anexo-ii-5.xlsx;1247;210111;Puno;Puno;Pichacani;Por determinar;Por Determinar;UF0035557;Puno 36;19;391965.0;8227632;160;1431.0;0.1431;715;Rural;Público;ACTIVO;No;No;No;No;No;No;No;Recuperación;2022;Resolución N.° 00054-2022-OEFA/DSIS
39684;7584838-anexo-ii-5.xlsx;1248;210101;Puno;Puno;Puno;Por determinar;Por Determinar;UF0018725;Puno 1;19;391850.0;8247183;1436;20437.0;2.0437;30656;Urbano;Público;ACTIVO;No;No;No;No;No;Si;No;Recuperación;2022;Resolución N.° 00018-2022-OEFA/DSIS
39685;7584838-anexo-ii-5.xlsx;1249;210101;Puno;Puno;Puno;Por determinar;Por Determinar;UF0018727;Puno 2;19;391520.0;8243263;195;1624.0;0.1624;1624;Urbano;Público;ACTIVO;No;No;No;No;No;No;No;Recuperación;2022;Resolución N.° 00018-2022-OEFA/DSIS
39686;7584838-anexo-ii-5.xlsx;1250;210101;Puno;Puno;Puno;Por determinar;Por Determinar;UF0018728;Puno 8;19;393976.0;8250963;155;1626.0;0.1626;1626;Urbano;Público;ACTIVO;No;No;No;No;No;Si;No;Recuperación;2022;Resolución N.° 00018-2022-OEFA/DSIS
39687;7584838-anexo-ii-5.xlsx;1251;210101;Puno;Puno;Puno;Por determinar;Por Determinar;UF0018729;Puno 7;19;393861.0;8251132;309;4697.0;0.4697;7046;Urbano;Público;ACTIVO;No;No;No;No;No;Si;No;Recuperación;2022;Resolución N.° 00018-2022-OEFA/DSIS
39688;7584838-anexo-ii-5.xlsx;1252;210101;Puno;Puno;Puno;Por determinar;Por Determinar;UF0018731;Puno 5;19;394022.0;8250771;136;960.0;0.096;960;Urbano;Público;ACTIVO;No;No;No;No;No;Si;No;Recuperación;2022;Resolución N.° 00018-2022-OEFA/DSIS
39689;7584838-anexo-ii-5.xlsx;1253;210101;Puno;Puno;Puno;Por determinar;Por Determinar;UF0018732;Puno 3;19;393376.0;8245775;256;1972.0;0.1972;986;Urbano;Público;ACTIVO;No;No;No;No;No;Si;No;Recuperación;2022;Resolución N.° 00018-2022-OEFA/DSIS
39690;7584838-anexo-ii-5.xlsx;1254;210101;Puno;Puno;Puno;Por determinar;Por Determinar;UF0018733;Puno 4;19;393534.0;8245793;176;1685.0;0.1685;843;Urbano;Público;ACTIVO;No;No;No;No;No;Si;No;Recuperación;2022;Resolución N.° 00018-2022-OEFA/DSIS
39691;7584838-anexo-ii-5.xlsx;1255;210101;Puno;Puno;Puno;Por determinar;Por Determinar;UF0035813;Puno 02;19;388899.0;8252042;284;1801.0;0.1801;810;Rural;Público;ACTIVO;No;No;No;No;No;No;No;Recuperación;2022;Resolución N.° 00054-2022-OEFA/DSIS
39692;7584838-anexo-ii-5.xlsx;1256;210101;Puno;Puno;Puno;Por determinar;Por Determinar;UF0035814;Puno 03;19;389016.0;8251465;185;1611.0;0.1611;631;Rural;Público;ACTIVO;No;No;No;No;No;No;No;Recuperación;2022;Resolución N.° 00054-2022-OEFA/DSIS
39693;7584838-anexo-ii-5.xlsx;1257;210101;Puno;Puno;Puno;Por determinar;Por Determinar;UF0035815;Puno 05;19;389176.0;8250541;304;2725.0;0.2725;954;Urbano;Público;ACTIVO;No;No;No;No;No;No;No;Recuperación;2022;Resolución N.° 00054-2022-OEFA/DSIS
39694;7584838-anexo-ii-5.xlsx;1258;210101;Puno;Puno;Puno;Por determinar;Por Determinar;UF0035816;Puno 06;19;388951.0;8250361;273;3903.0;0.3903;1366;Urbano;Público;ACTIVO;No;No;No;No;No;No;No;Recuperación;2022;Resolución N.° 00054-2022-OEFA/DSIS
39695;7584838-anexo-ii-5.xlsx;1259;210101;Puno;Puno;Puno;Por determinar;Por Determinar;UF0035817;Puno 09;19;389312.0;8250060;171;566.0;0.0566;226;Urbano;Público;ACTIVO;No;No;No;No;No;No;No;Recuperación;2022;Resolución N.° 00054-2022-OEFA/DSIS
39696;7584838-anexo-ii-5.xlsx;1260;210101;Puno;Puno;Puno;Por determinar;Por Determinar;UF0035543;Puno 12;19;393874.0;8250652;804;5688.0;0.5688;1990;Urbano;Público;ACTIVO;No;No;No;No;No;Si;No;Recuperación;2022;Resolución N.° 00054-2022-OEFA/DSIS
39697;7584838-anexo-ii-5.xlsx;1261;210101;Puno;Puno;Puno;Por determinar;Por Determinar;UF0035544;Puno 14;19;393744.0;8251585;231;4016.0;0.4016;1807;Urbano;Público;ACTIVO;No;No;No;No;No;Si;No;Recuperación;2022;Resolución N.° 00054-2022-OEFA/DSIS
39698;7584838-anexo-ii-5.xlsx;1262;210101;Puno;Puno;Puno;Por determinar;Por Determinar;UF0035545;Puno 15;19;393726.0;8251428;237;3553.0;0.3553;1598;Urbano;Público;ACTIVO;No;No;No;No;No;No;Si;Recuperación;2022;Resolución N.° 00054-2022-OEFA/DSIS
39699;7584838-anexo-ii-5.xlsx;1263;210101;Puno;Puno;Puno;Por determinar;Por Determinar;UF0036020;Puno 16;19;391278.0;8247866;214;2754.0;0.2754;964;Urbano;Público;ACTIVO;No;No;No;No;No;Si;No;Recuperación;2022;Resolución N.° 00054-2022-OEFA/DSIS
39700;7584838-anexo-ii-5.xlsx;1264;210101;Puno;Puno;Puno;Por determinar;Por Determinar;UF0036021;Puno 17;19;391651.0;8247348;547;8491.0;0.8491;3971;Urbano;Público;ACTIVO;No;Si;No;No;No;Si;No;Recuperación;2022;Resolución N.° 00054-2022-OEFA/DSIS
39701;7584838-anexo-ii-5.xlsx;1265;210101;Puno;Puno;Puno;Por determinar;Por Determinar;UF0035546;Puno 21;19;392577.0;8246841;247;4035.0;0.4035;2017;Urbano;Público;ACTIVO;No;No;No;No;No;Si;No;Recuperación;2022;Resolución N.° 00054-2022-OEFA/DSIS
39702;7584838-anexo-ii-5.xlsx;1266;210101;Puno;Puno;Puno;Por determinar;Por Determinar;UF0035547;Puno 23;19;393700.0;8245816;144;791.0;0.0791;75;Urbano;Público;ACTIVO;No;No;No;No;No;Si;No;Recuperación;2022;Resolución N.° 00054-2022-OEFA/DSIS
39703;7584838-anexo-ii-5.xlsx;1267;210101;Puno;Puno;Puno;Por determinar;Por Determinar;UF0035548;Puno 24;19;393822.0;8245831;275;1690.0;0.169;740;Urbano;Público;ACTIVO;No;No;No;No;No;Si;No;Recuperación;2022;Resolución N.° 00054-2022-OEFA/DSIS
39704;7584838-anexo-ii-5.xlsx;1268;210101;Puno;Puno;Puno;Por determinar;Por Determinar;UF0035549;Puno 25;19;393974.0;8245838;226;1280.0;0.128;448;Urbano;Público;ACTIVO;No;No;No;No;No;No;No;Recuperación;2022;Resolución N.° 00054-2022-OEFA/DSIS
39705;7584838-anexo-ii-5.xlsx;1269;210101;Puno;Puno;Puno;Por determinar;Por Determinar;UF0035550;Puno 26;19;394005.0;8245457;783;9918.0;0.9918;2479;Urbano;Público;ACTIVO;No;No;No;No;No;No;No;Recuperación;2022;Resolución N.° 00054-2022-OEFA/DSIS
39706;7584838-anexo-ii-5.xlsx;1270;210101;Puno;Puno;Puno;Por determinar;Por Determinar;UF0035551;Puno 27;19;392074.0;8244287;234;1745.0;0.1745;610;Urbano;Público;ACTIVO;No;No;No;No;No;No;No;Recuperación;2022;Resolución N.° 00054-2022-OEFA/DSIS
39707;7584838-anexo-ii-5.xlsx;1271;210101;Puno;Puno;Puno;Por determinar;Por Determinar;UF0035552;Puno 28;19;391956.0;8243611;288;2231.0;0.2231;780;Rural;Público;ACTIVO;No;No;No;No;No;No;No;Recuperación;2022;Resolución N.° 00054-2022-OEFA/DSIS
39708;7584838-anexo-ii-5.xlsx;1272;210101;Puno;Puno;Puno;Por determinar;Por Determinar;UF0035553;Puno 32;19;391876.0;8243861;456;6418.0;0.6418;1925;Rural;Público;ACTIVO;No;No;No;No;No;No;No;Recuperación;2022;Resolución N.° 00054-2022-OEFA/DSIS
39709;7584838-anexo-ii-5.xlsx;1273;210101;Puno;Puno;Puno;Por determinar;Por Determinar;UF0035554;Puno 33;19;391410.0;8243000;419;3128.0;0.3128;938;Rural;Público;ACTIVO;No;No;No;No;No;No;No;Recuperación;2022;Resolución N.° 00054-2022-OEFA/DSIS
39710;7584838-anexo-ii-5.xlsx;1274;210101;Puno;Puno;Puno;Por determinar;Por Determinar;UF0035555;Puno 34;19;390223.0;8241972;77;263.0;0.0263;79;Rural;Público;ACTIVO;No;No;No;No;No;No;No;Recuperación;2022;Resolución N.° 00054-2022-OEFA/DSIS
39711;7584838-anexo-ii-5.xlsx;1275;211101;Puno;San Roman;Juliaca;Por determinar;Por Determinar;UF0018734;Juliaca 1;19;380648.0;8284400;424;3647.0;0.3647;1824;Urbano;Público;ACTIVO;No;No;No;No;No;No;No;Recuperación;2022;Resolución N.° 00018-2022-OEFA/DSIS
39712;7584838-anexo-ii-5.xlsx;1276;211101;Puno;San Roman;Juliaca;Por determinar;Por Determinar;UF0018736;Juliaca 2;19;380590.0;8284534;205;847.0;0.0847;424;Urbano;Privado;ACTIVO;No;No;No;No;No;No;No;Recuperación;2022;Resolución N.° 00018-2022-OEFA/DSIS
39713;7584838-anexo-ii-5.xlsx;1277;211101;Puno;San Roman;Juliaca;Por determinar;Por Determinar;UF0018737;Juliaca 3;19;380304.0;8285271;271;2274.0;0.2274;3411;Urbano;Público;ACTIVO;No;No;No;No;No;No;No;Recuperación;2022;Resolución N.° 00018-2022-OEFA/DSIS
39714;7584838-anexo-ii-5.xlsx;1278;211101;Puno;San Roman;Juliaca;Por determinar;Por Determinar;UF0018738;Juliaca 4;19;379837.0;8286583;197;1024.0;0.1024;1024;Urbano;Público;ACTIVO;No;No;No;No;No;No;No;Recuperación;2022;Resolución N.° 00018-2022-OEFA/DSIS
39715;7584838-anexo-ii-5.xlsx;1279;211101;Puno;San Roman;Juliaca;Por determinar;Por Determinar;UF0018740;Juliaca 5;19;380395.0;8282790;290;1865.0;0.1865;2798;Urbano;Público;ACTIVO;No;No;No;No;No;No;No;Recuperación;2022;Resolución N.° 00018-2022-OEFA/DSIS
39716;7584838-anexo-ii-5.xlsx;1280;211105;Puno;San Roman;San Miguel;Por determinar;Por Determinar;UF0018741;Juliaca 6;19;377727.0;8290808;242;1419.0;0.1419;2129;Urbano;Público;ACTIVO;No;No;No;No;No;No;No;Recuperación;2022;Resolución N.° 00018-2022-OEFA/DSIS
39717;7584838-anexo-ii-5.xlsx;1281;211105;Puno;San Roman;San Miguel;Por determinar;Por Determinar;UF0018743;Juliaca 7;19;377752.0;8291472;228;2712.0;0.2712;8136;Rural;Privado;ACTIVO;No;No;No;No;No;No;No;Recuperación;2022;Resolución N.° 00018-2022-OEFA/DSIS
39718;7584838-anexo-ii-5.xlsx;1282;211105;Puno;San Roman;San Miguel;Por determinar;Por Determinar;UF0018744;Juliaca 8;19;377811.0;8292284;133;1054.0;0.1054;1581;Rural;Privado;ACTIVO;No;No;No;No;No;No;No;Recuperación;2022;Resolución N.° 00018-2022-OEFA/DSIS
39719;7584838-anexo-ii-5.xlsx;1283;211105;Puno;San Roman;San Miguel;Por determinar;Por Determinar;UF0035558;Puno 37;19;377548.0;8293389;650;4617.0;0.4617;1395;Rural;Público;ACTIVO;No;No;No;No;No;No;No;Recuperación;2022;Resolución N.° 00054-2022-OEFA/DSIS
39720;7584838-anexo-ii-5.xlsx;1284;220601;San Martin;Mariscal Caceres;Juanjui;Por determinar;Por Determinar;UF0036023;Juanjuí 1 ;18;308682.0;9210417;1426;34005.0;3.4005;74811;Rural;Público;ACTIVO;No;No;No;No;No;No;No;Recuperación;2022;Resolución N.° 00054-2022-OEFA/DSIS
39721;7584838-anexo-ii-5.xlsx;1285;220601;San Martin;Mariscal Caceres;Juanjui;Por determinar;Por Determinar;UF0035703;Juanjui 2;18;308566.0;9209960;172;945.0;0.0945;661.5;Rural;Público;ACTIVO;No;No;No;No;No;No;No;Recuperación;2022;Resolución N.° 00054-2022-OEFA/DSIS
39722;7584838-anexo-ii-5.xlsx;1286;220604;San Martin;Mariscal Caceres;Pachiza;Por determinar;Por Determinar;UF0035704;Pachiza 1;18;304984.0;9193837;157;1001.0;0.1001;800.8;Rural;Público;ACTIVO;No;No;No;No;No;No;No;Recuperación;2022;Resolución N.° 00054-2022-OEFA/DSIS
39723;7584838-anexo-ii-5.xlsx;1287;220605;San Martin;Mariscal Caceres;Pajarillo;Por determinar;Por Determinar;UF0035705;Pajarillo 1 ;18;315368.97;9205085.81;119;648.0;0.0648;388.8;Rural;Público;ACTIVO;No;No;No;No;No;No;No;Recuperación;2022;Resolución N.° 00054-2022-OEFA/DSIS
39724;7584838-anexo-ii-5.xlsx;1288;220701;San Martin;Picota;Picota;Por determinar;Por Determinar;UF0035706;Picota 3;18;353286.76;9234133.92;131;791.0;0.0791;949.2;Rural;Público;ACTIVO;No;No;No;No;No;No;No;Recuperación;2022;Resolución N.° 00054-2022-OEFA/DSIS
39725;7584838-anexo-ii-5.xlsx;1289;221002;San Martin;Tocache;Nuevo Progreso;Por determinar;Por Determinar;UF0035707;Nuevo Progreso 1 ;18;354910.0;9064119;169;1499.0;0.1499;2548.3;Rural;Público;ACTIVO;No;No;No;No;No;Si;No;Recuperación;2022;Resolución N.° 00054-2022-OEFA/DSIS
39726;7584838-anexo-ii-5.xlsx;1290;221002;San Martin;Tocache;Nuevo Progreso;Por determinar;Por Determinar;UF0036025;Nuevo Progreso 2;18;355601.14;9065374.18;142;737.0;0.0737;442.2;Rural;Público;ACTIVO;No;No;No;No;No;Si;No;Recuperación;2022;Resolución N.° 00054-2022-OEFA/DSIS
39727;7584838-anexo-ii-5.xlsx;1291;221001;San Martin;Tocache;Tocache;Por determinar;Por Determinar;UF0035708;Tocache 1;18;334390.0;9094321;327;3569.0;0.3569;6781.1;Rural;Público;ACTIVO;No;No;No;No;No;Si;No;Recuperación;2022;Resolución N.° 00054-2022-OEFA/DSIS
39728;7584838-anexo-ii-5.xlsx;1292;221001;San Martin;Tocache;Tocache;Por determinar;Por Determinar;UF0035709;Tocache 2;18;334345.09;9094385.23;66.8;127.0;0.0127;254;Rural;Público;ACTIVO;No;No;No;No;No;Si;No;Recuperación;2022;Resolución N.° 00054-2022-OEFA/DSIS
39729;7584838-anexo-ii-5.xlsx;1293;230102;Tacna;Tacna;Alto de La Alianza;Por determinar;Por Determinar;UF0018787;Alto De La Alianza 1;19;366180.0;8009999;295;1978.0;0.1978;1978;Urbano;Privado;ACTIVO;No;No;No;No;No;No;No;Recuperación;2022;Resolución N.° 00018-2022-OEFA/DSIS
39730;7584838-anexo-ii-5.xlsx;1294;230102;Tacna;Tacna;Alto de La Alianza;Por determinar;Por Determinar;UF0018788;Alto De La Alianza 2;19;366260.0;8010060;273;2888.0;0.2888;2888;Urbano;Privado;ACTIVO;No;No;No;No;No;No;No;Recuperación;2022;Resolución N.° 00018-2022-OEFA/DSIS
39731;7584838-anexo-ii-5.xlsx;1295;230102;Tacna;Tacna;Alto de La Alianza;Por determinar;Por Determinar;UF0018789;Alto De La Alianza 3;19;366309.0;8011037;165;1777.0;0.1777;1777;Urbano;Privado;ACTIVO;No;No;No;No;No;No;No;Recuperación;2022;Resolución N.° 00018-2022-OEFA/DSIS
39732;7584838-anexo-ii-5.xlsx;1296;230102;Tacna;Tacna;Alto de la Alianza;Por determinar;Por Determinar;UF0035624;Tacna 34;19;365569.0;8011075;613;3373.0;0.3373;843;Rural;Público;ACTIVO;No;No;No;No;No;No;No;Recuperación;2022;Resolución N.° 00054-2022-OEFA/DSIS
39733;7584838-anexo-ii-5.xlsx;1297;230103;Tacna;Tacna;Calana;Por determinar;Por Determinar;UF0018790;Calana 1;19;374723.0;8010122;161;676.0;0.0676;1014;Rural;Público;ACTIVO;No;No;No;No;No;No;No;Recuperación;2022;Resolución N.° 00018-2022-OEFA/DSIS
39734;7584838-anexo-ii-5.xlsx;1298;230103;Tacna;Tacna;Calana;Por determinar;Por Determinar;UF0018791;Calana 2;19;374811.0;8010162;83;397.0;0.0397;596;Rural;Público;ACTIVO;No;No;No;No;No;No;No;Recuperación;2022;Resolución N.° 00018-2022-OEFA/DSIS
39735;7584838-anexo-ii-5.xlsx;1299;230104;Tacna;Tacna;Ciudad Nueva;Por determinar;Por Determinar;UF0018792;Cocachacra 1;19;369459.0;8010648;1031;59307.0;5.9307;355842;Urbano;Privado;ACTIVO;No;No;No;No;No;No;No;Recuperación;2022;Resolución N.° 00018-2022-OEFA/DSIS
39736;7584838-anexo-ii-5.xlsx;1300;230110;Tacna;Tacna;Coronel Gregorio Albarracin Lanchi;Por determinar;Por Determinar;UF0035625;Tacna 35;19;366306.0;8005477;433;3758.0;0.3758;1315;Urbano;Público;ACTIVO;No;No;No;No;No;No;No;Recuperación;2022;Resolución N.° 00054-2022-OEFA/DSIS
39737;7584838-anexo-ii-5.xlsx;1301;230110;Tacna;Tacna;Coronel Gregorio Albarracin Lanchipa;Por determinar;Por Determinar;UF0018793;Sector Valle 200A;19;367859.0;7999560;420;7165.0;0.7165;7165;Rural;Público;ACTIVO;No;No;No;No;No;No;No;Recuperación;2022;Resolución N.° 00018-2022-OEFA/DSIS
39738;7584838-anexo-ii-5.xlsx;1302;230110;Tacna;Tacna;Coronel Gregorio Albarracin Lanchipa;Por determinar;Por Determinar;UF0018794;Sector Valle 200B;19;367983.0;7999629;213;1820.0;0.182;1820;Urbano;Público;ACTIVO;No;No;No;No;No;No;No;Recuperación;2022;Resolución N.° 00018-2022-OEFA/DSIS
39739;7584838-anexo-ii-5.xlsx;1303;230110;Tacna;Tacna;Coronel Gregorio Albarracin Lanchipa;Por determinar;Por Determinar;UF0018795;Gregorio Albarracin;19;366940.0;8002193;2023;113845.0;11.3845;113845;Urbano;Público;ACTIVO;No;No;No;No;No;No;No;Recuperación;2022;Resolución N.° 00018-2022-OEFA/DSIS
39740;7584838-anexo-ii-5.xlsx;1304;230105;Tacna;Tacna;Inclan;Por determinar;Por Determinar;UF0035616;Tacna 22;19;340832.0;8032360;301;1557.0;0.1557;544;Urbano;Público;ACTIVO;No;No;No;No;No;No;No;Recuperación;2022;Resolución N.° 00054-2022-OEFA/DSIS
39741;7584838-anexo-ii-5.xlsx;1305;230105;Tacna;Tacna;Inclan;Por determinar;Por Determinar;UF0035617;Tacna 23;19;340946.0;8033776;132;731.0;0.0731;260;Rural;Público;ACTIVO;No;No;No;No;No;No;No;Recuperación;2022;Resolución N.° 00054-2022-OEFA/DSIS
39742;7584838-anexo-ii-5.xlsx;1306;230105;Tacna;Tacna;Inclan;Por determinar;Por Determinar;UF0035622;Tacna 32;19;347121.61;8022711.73;1193;64289.0;6.4289;28930;Rural;Público;ACTIVO;No;No;No;No;No;No;No;Recuperación;2022;Resolución N.° 00054-2022-OEFA/DSIS
39743;7584838-anexo-ii-5.xlsx;1307;230111;Tacna;Tacna;La Yarada Los Palos;Por determinar;Por Determinar;UF0035613;Tacna 19;19;348024.0;7990824;334;1502.0;0.1502;525;Urbano;Público;ACTIVO;No;No;No;No;No;No;No;Recuperación;2022;Resolución N.° 00054-2022-OEFA/DSIS
39744;7584838-anexo-ii-5.xlsx;1308;230111;Tacna;Tacna;La Yarada Los Palos;Por determinar;Por Determinar;UF0035614;Tacna 20;19;348648.0;7989544;141;567.0;0.0567;198;Urbano;Público;ACTIVO;No;No;No;No;No;No;No;Recuperación;2022;Resolución N.° 00054-2022-OEFA/DSIS
39745;7584838-anexo-ii-5.xlsx;1309;230111;Tacna;Tacna;La Yarada Los Palos;Por determinar;Por Determinar;UF0035615;Tacna 21;19;349262.0;7988295;144;680.0;0.068;204;Urbano;Público;ACTIVO;No;No;No;No;No;No;No;Recuperación;2022;Resolución N.° 00054-2022-OEFA/DSIS
39746;7584838-anexo-ii-5.xlsx;1310;230108;Tacna;Tacna;Pocollay;Por determinar;Por Determinar;UF0018796;Pocollay 1;19;370675.0;8007401;277;873.0;0,0873;873;Urbano;Público;ACTIVO;No;No;No;No;No;No;No;Recuperación;2022;Resolución N.° 00018-2022-OEFA/DSIS
39747;7584838-anexo-ii-5.xlsx;1311;230108;Tacna;Tacna;Pocollay;Por determinar;Por Determinar;UF0018797;Pocollay 2;19;370963.0;8007743;281;1249.0;0,1249;1249;Urbano;Privado;ACTIVO;No;No;No;No;No;No;No;Recuperación;2022;Resolución N.° 00018-2022-OEFA/DSIS
39748;7584838-anexo-ii-5.xlsx;1312;230108;Tacna;Tacna;Pocollay;Por determinar;Por Determinar;UF0018798;Pocollay 3;19;370427.0;8009303;309;5615.0;0.5615;5615;Urbano;Público;ACTIVO;No;No;No;No;No;No;No;Recuperación;2022;Resolución N.° 00018-2022-OEFA/DSIS
39749;7584838-anexo-ii-5.xlsx;1313;230108;Tacna;Tacna;Pocollay;20147796987;Municipalidad distrital de Pocollay;UF0040236;AAPITAC;19;370519.0;8011169;1515;56966.0;5.6966;45572.8;Urbano;Privado;ACTIVO;Si;Si;No;No;No;No;No;Recuperación;2025;-
39750;7584838-anexo-ii-5.xlsx;1314;230109;Tacna;Tacna;Sama;Por determinar;Por Determinar;UF0018799;Puerto Grau;19;300975.0;8009814;591;9040.0;0,9040;18080;Rural;Público;ACTIVO;No;No;No;No;No;No;No;Recuperación;2022;Resolución N.° 00018-2022-OEFA/DSIS
39751;7584838-anexo-ii-5.xlsx;1315;230109;Tacna;Tacna;Sama;Por determinar;Por Determinar;UF0018800;Sama;19;334681.0;8024512;304;3551.0;0,3551;5327;Urbano;Público;ACTIVO;No;No;No;No;No;No;No;Recuperación;2022;Resolución N.° 00018-2022-OEFA/DSIS
39752;7584838-anexo-ii-5.xlsx;1316;230109;Tacna;Tacna;Sama;Por determinar;Por Determinar;UF0018801;Sama 2;19;334350.0;8024244;292;1489.0;0.1489;1489;Urbano;Público;ACTIVO;No;No;No;No;No;No;No;Recuperación;2022;Resolución N.° 00018-2022-OEFA/DSIS
39753;7584838-anexo-ii-5.xlsx;1317;230109;Tacna;Tacna;Sama;Por determinar;Por Determinar;UF0018802;Sama 3;19;323518.0;7991494;160;1200.0;0.12;2400;Rural;Público;ACTIVO;No;No;No;No;No;No;No;Recuperación;2022;Resolución N.° 00018-2022-OEFA/DSIS
39754;7584838-anexo-ii-5.xlsx;1318;230109;Tacna;Tacna;Sama;Por determinar;Por Determinar;UF0018803;Sama 4;19;325095.0;7991499;152;738.0;0.0738;1475;Rural;Público;ACTIVO;Si;Si;No;No;No;No;No;Recuperación;2022;Resolución N.° 00018-2022-OEFA/DSIS
39755;7584838-anexo-ii-5.xlsx;1319;230109;Tacna;Tacna;Sama;Por determinar;Por Determinar;UF0018804;Sama 5;19;325057.0;7991518;177;987.0;0.0987;1974;Rural;Público;ACTIVO;Si;Si;No;No;No;No;No;Recuperación;2022;Resolución N.° 00018-2022-OEFA/DSIS
39756;7584838-anexo-ii-5.xlsx;1320;230109;Tacna;Tacna;Sama;Por determinar;Por Determinar;UF0018805;Vila Vila;19;317962.0;7996198;234;1512.0;0.1512;2722;Rural;Público;ACTIVO;No;Si;No;No;No;No;No;Recuperación;2022;Resolución N.° 00018-2022-OEFA/DSIS
39757;7584838-anexo-ii-5.xlsx;1321;230109;Tacna;Tacna;Sama;Por determinar;Por Determinar;UF0035618;Tacna 28;19;334602.64;8024420.73;121;632.0;0.0632;252;Rural;Público;ACTIVO;No;No;No;No;No;No;No;Recuperación;2022;Resolución N.° 00054-2022-OEFA/DSIS
39758;7584838-anexo-ii-5.xlsx;1322;230109;Tacna;Tacna;Sama;Por determinar;Por Determinar;UF0035619;Tacna 37;19;334125.0;8024337;121;632.0;0.0632;221;Rural;Público;ACTIVO;No;No;No;No;No;No;No;Recuperación;2022;Resolución N.° 00054-2022-OEFA/DSIS
39759;7584838-anexo-ii-5.xlsx;1323;230109;Tacna;Tacna;Sama;Por determinar;Por Determinar;UF0035620;Tacna 29;19;334238.0;8024172;205;1391.0;0.1391;556;Rural;Público;ACTIVO;No;No;No;No;No;No;No;Recuperación;2022;Resolución N.° 00054-2022-OEFA/DSIS
39760;7584838-anexo-ii-5.xlsx;1324;230109;Tacna;Tacna;Sama;Por determinar;Por Determinar;UF0035621;Tacna 31;19;340270.56;8025969.14;159;1530.0;0.153;675;Rural;Público;ACTIVO;No;No;No;No;No;No;No;Recuperación;2022;Resolución N.° 00054-2022-OEFA/DSIS
39761;7584838-anexo-ii-5.xlsx;1325;230101;Tacna;Tacna;Tacna;Por determinar;Por Determinar;UF0018806;Tacna 1;19;361785.0;7999309;319;5543.0;0,5543;11086;Urbano;Público;ACTIVO;No;No;No;No;No;No;No;Recuperación;2022;Resolución N.° 00018-2022-OEFA/DSIS
39762;7584838-anexo-ii-5.xlsx;1326;230101;Tacna;Tacna;Tacna;Por determinar;Por Determinar;UF0018807;Tacna 2;19;365466.0;8005696;1034;37504.0;3.7504;75008;Urbano;Público;ACTIVO;No;No;No;No;No;No;No;Recuperación;2022;Resolución N.° 00018-2022-OEFA/DSIS
39763;7584838-anexo-ii-5.xlsx;1327;230101;Tacna;Tacna;Tacna;Por determinar;Por Determinar;UF0018808;Tacna 3;19;361220.0;8001503;533;7184.0;0.7184;10776;Urbano;Privado;ACTIVO;No;No;No;No;No;No;No;Recuperación;2022;Resolución N.° 00018-2022-OEFA/DSIS
39764;7584838-anexo-ii-5.xlsx;1328;230101;Tacna;Tacna;Tacna;Por determinar;Por Determinar;UF0018809;Tacna 4;19;365559.0;8008047;5157;106659.0;10.6659;266648;Urbano;Privado;ACTIVO;No;No;No;No;No;No;No;Recuperación;2022;Resolución N.° 00018-2022-OEFA/DSIS
39765;7584838-anexo-ii-5.xlsx;1329;230101;Tacna;Tacna;Tacna;Por determinar;Por Determinar;UF0018810;Tacna 5;19;361754.0;7999661;722;26142.0;2.6142;39213;Urbano;Privado;ACTIVO;No;No;No;No;No;No;No;Recuperación;2022;Resolución N.° 00018-2022-OEFA/DSIS
39766;7584838-anexo-ii-5.xlsx;1330;230101;Tacna;Tacna;Tacna;Por determinar;Por Determinar;UF0018811;Tacna 6;19;365577.0;8005127;466;6379.0;0.6379;9569;Urbano;Privado;ACTIVO;No;No;No;No;No;No;No;Recuperación;2022;Resolución N.° 00018-2022-OEFA/DSIS
39767;7584838-anexo-ii-5.xlsx;1331;230101;Tacna;Tacna;Tacna;Por determinar;Por Determinar;UF0035818;Tacna 02;19;365127.0;8007319;108;707.0;0.0707;318;Urbano;Público;ACTIVO;No;No;No;No;No;No;No;Recuperación;2022;Resolución N.° 00054-2022-OEFA/DSIS
39768;7584838-anexo-ii-5.xlsx;1332;230101;Tacna;Tacna;Tacna;Por determinar;Por Determinar;UF0035819;Tacna 03;19;365071.0;8007010;705;23575.0;2.3575;5894;Urbano;Público;ACTIVO;No;No;No;No;No;No;No;Recuperación;2022;Resolución N.° 00054-2022-OEFA/DSIS
39769;7584838-anexo-ii-5.xlsx;1333;230101;Tacna;Tacna;Tacna;Por determinar;Por Determinar;UF0035820;Tacna 04;19;364306.0;8006251;253;3188.0;0.3188;1434;Urbano;Público;ACTIVO;No;No;No;No;No;No;No;Recuperación;2022;Resolución N.° 00054-2022-OEFA/DSIS
39770;7584838-anexo-ii-5.xlsx;1334;230101;Tacna;Tacna;Tacna;Por determinar;Por Determinar;UF0035821;Tacna 05;19;364141.0;8006130;1451;127397.0;12.7397;63698;Urbano;Público;ACTIVO;No;No;No;No;No;No;No;Recuperación;2022;Resolución N.° 00054-2022-OEFA/DSIS
39771;7584838-anexo-ii-5.xlsx;1335;230101;Tacna;Tacna;Tacna;Por determinar;Por Determinar;UF0035822;Tacna 07;19;365049.0;8004909;493;2140.0;0.214;535;Urbano;Público;ACTIVO;No;No;No;No;No;No;No;Recuperación;2022;Resolución N.° 00054-2022-OEFA/DSIS
39772;7584838-anexo-ii-5.xlsx;1336;230101;Tacna;Tacna;Tacna;Por determinar;Por Determinar;UF0035823;Tacna 08;19;364238.0;8004523;175;833.0;0.0833;333;Urbano;Público;ACTIVO;No;No;No;No;No;No;No;Recuperación;2022;Resolución N.° 00054-2022-OEFA/DSIS
39773;7584838-anexo-ii-5.xlsx;1337;230101;Tacna;Tacna;Tacna;Por determinar;Por Determinar;UF0035824;Tacna 09;19;363219.0;8003953;549;6521.0;0.6521;1956;Urbano;Público;ACTIVO;No;No;No;No;No;No;No;Recuperación;2022;Resolución N.° 00054-2022-OEFA/DSIS
39774;7584838-anexo-ii-5.xlsx;1338;230101;Tacna;Tacna;Tacna;Por determinar;Por Determinar;UF0035605;Tacna 10;19;362935.0;8003617;942;8313.0;0.8313;2078;Urbano;Público;ACTIVO;No;No;No;No;No;No;No;Recuperación;2022;Resolución N.° 00054-2022-OEFA/DSIS
39775;7584838-anexo-ii-5.xlsx;1339;230101;Tacna;Tacna;Tacna;Por determinar;Por Determinar;UF0035606;Tacna 11;19;363256.0;8004051;403;4106.0;0.4106;1231;Urbano;Público;ACTIVO;No;No;No;No;No;No;No;Recuperación;2022;Resolución N.° 00054-2022-OEFA/DSIS
39776;7584838-anexo-ii-5.xlsx;1340;230101;Tacna;Tacna;Tacna;Por determinar;Por Determinar;UF0035607;Tacna 12;19;362143.0;8002560;533;12322.0;1.2322;4928;Urbano;Público;ACTIVO;No;No;No;No;No;No;No;Recuperación;2022;Resolución N.° 00054-2022-OEFA/DSIS
39777;7584838-anexo-ii-5.xlsx;1341;230101;Tacna;Tacna;Tacna;Por determinar;Por Determinar;UF0035608;Tacna 13;19;362063.0;8002489;338;3426.0;0.3426;1199;Urbano;Público;ACTIVO;No;No;No;No;No;No;No;Recuperación;2022;Resolución N.° 00054-2022-OEFA/DSIS
39778;7584838-anexo-ii-5.xlsx;1342;230101;Tacna;Tacna;Tacna;Por determinar;Por Determinar;UF0035609;Tacna 14;19;361843.0;8002181;909;31328.0;3.1328;12531;Urbano;Público;ACTIVO;No;No;No;No;No;No;No;Recuperación;2022;Resolución N.° 00054-2022-OEFA/DSIS
39779;7584838-anexo-ii-5.xlsx;1343;230101;Tacna;Tacna;Tacna;Por determinar;Por Determinar;UF0035610;Tacna 15;19;361521.0;8001775;302;5609.0;0.5609;1682;Urbano;Público;ACTIVO;No;No;No;No;No;No;No;Recuperación;2022;Resolución N.° 00054-2022-OEFA/DSIS
39780;7584838-anexo-ii-5.xlsx;1344;230101;Tacna;Tacna;Tacna;Por determinar;Por Determinar;UF0035611;Tacna 17;19;360434.0;8000520;728;6967.0;0.6967;2090;Urbano;Público;ACTIVO;No;No;No;No;No;No;No;Recuperación;2022;Resolución N.° 00054-2022-OEFA/DSIS
39781;7584838-anexo-ii-5.xlsx;1345;230101;Tacna;Tacna;Tacna;Por determinar;Por Determinar;UF0035612;Tacna 18;19;359610.0;7999566;598;6063.0;0.6063;1515;Urbano;Público;ACTIVO;No;No;No;No;No;No;No;Recuperación;2022;Resolución N.° 00054-2022-OEFA/DSIS
39782;7584838-anexo-ii-5.xlsx;1346;230101;Tacna;Tacna;Tacna;Por determinar;Por Determinar;UF0035623;Tacna 33;19;361816.0;8014193;331;4441.0;0.4441;1110;Rural;Público;ACTIVO;No;No;No;No;No;No;No;Recuperación;2022;Resolución N.° 00054-2022-OEFA/DSIS
39783;7584838-anexo-ii-5.xlsx;1347;230401;Tacna;Tarata;Tarata;Por determinar;Por Determinar;UF0035710;Tacna 36;19;390639.0;8068288;245;1455.0;0.1455;509;Rural;Público;ACTIVO;No;No;No;No;No;No;No;Recuperación;2022;Resolución N.° 00054-2022-OEFA/DSIS
39784;7584838-anexo-ii-5.xlsx;1348;240203;Tumbes;Contralmirante Villar;Canoas de Punta Sal;Por determinar;Por Determinar;UF0018682;Canoas de Punta Sal 1;17;502443.0;9557603;204;1110.0;0.111;2220;Urbano;Público;NO ACTIVO;No;No;No;No;No;No;No;Recuperación;2022;Resolución N.° 00018-2022-OEFA/DSIS
39785;7584838-anexo-ii-5.xlsx;1349;240203;Tumbes;Contralmirante Villar;Canoas de Punta Sal;Por determinar;Por Determinar;UF0018683;Canoas de Punta Sal 2;17;502577.0;9557323;1733;19413.0;1.9413;19413;Urbano;Público;ACTIVO;No;No;No;No;No;No;No;Recuperación;2022;Resolución N.° 00018-2022-OEFA/DSIS
39786;7584838-anexo-ii-5.xlsx;1350;240203;Tumbes;Contralmirante Villar;Canoas de Punta Sal;Por determinar;Por Determinar;UF0018684;Canoas de Punta Sal 3;17;502432.0;9557283;680;3579.0;0.3579;3579;Urbano;Público;ACTIVO;No;No;No;No;No;No;No;Recuperación;2022;Resolución N.° 00018-2022-OEFA/DSIS
39787;7584838-anexo-ii-5.xlsx;1351;240203;Tumbes;Contralmirante Villar;Canoas de Punta Sal;Por determinar;Por Determinar;UF0018685;Canoas de Punta Sal 4;17;502721.0;9557346;293;1474.0;0.1474;1474;Urbano;Público;ACTIVO;No;No;No;No;No;No;No;Recuperación;2022;Resolución N.° 00018-2022-OEFA/DSIS
39788;7584838-anexo-ii-5.xlsx;1352;240201;Tumbes;Contralmirante Villar;Zorritos;Por determinar;Por Determinar;UF0018686;Zorritos 1;17;544361.0;9597207;408;1090.0;0.109;872;Urbano;Público;NO ACTIVO;No;No;No;No;No;No;No;Recuperación;2022;Resolución N.° 00018-2022-OEFA/DSIS
39789;7584838-anexo-ii-5.xlsx;1353;240201;Tumbes;Contralmirante Villar;Zorritos;Por determinar;Por Determinar;UF0018687;Zorritos 2;17;544370.0;9597288;1406;10101.0;1.0101;10101;Urbano;Público;NO ACTIVO;No;No;No;No;No;No;No;Recuperación;2022;Resolución N.° 00018-2022-OEFA/DSIS
39790;7584838-anexo-ii-5.xlsx;1354;240102;Tumbes;Tumbes;Corrales;Por determinar;Por Determinar;UF0018812;Corrales 1;17;553875.0;9600570;317;5327.0;0.5327;7990.5;Urbano;Privado;ACTIVO;No;No;No;No;No;No;No;Recuperación;2022;Resolución N.° 00018-2022-OEFA/DSIS
39791;7584838-anexo-ii-5.xlsx;1355;240102;Tumbes;Tumbes;Corrales;Por determinar;Por Determinar;UF0018813;Corrales 2;17;559210.0;9604541;453;2525.0;0.2525;3787.5;Urbano;Público;ACTIVO;No;No;No;No;No;No;No;Recuperación;2022;Resolución N.° 00018-2022-OEFA/DSIS
39792;7584838-anexo-ii-5.xlsx;1356;240103;Tumbes;Tumbes;La Cruz;Por determinar;Por Determinar;UF0019124;La Cruz;17;544411.698927;9597281.338343;278;2445.0;0.2445;645506;Urbano;Público;NO ACTIVO;No;No;No;No;No;No;No;Recuperación;2022;Resolución N.° 00018-2022-OEFA/DSIS
39793;7584838-anexo-ii-5.xlsx;1357;240105;Tumbes;Tumbes;San Jacinto;Por determinar;Por Determinar;UF0018814;San Jacinto;17;560614.0;9596798;108;611.0;0.0611;611;Urbano;Público;NO ACTIVO;No;No;No;No;No;No;No;Recuperación;2022;Resolución N.° 00018-2022-OEFA/DSIS
39794;7584838-anexo-ii-5.xlsx;1358;240101;Tumbes;Tumbes;Tumbes;Por determinar;Por Determinar;UF0018815;Tumbes 1;17;564445.0;9607335;440;2123.0;0.2123;3184.5;Urbano;Público;ACTIVO;No;No;No;No;No;No;No;Recuperación;2022;Resolución N.° 00018-2022-OEFA/DSIS
39795;7584838-anexo-ii-5.xlsx;1359;240101;Tumbes;Tumbes;Tumbes;Por determinar;Por Determinar;UF0018816;Tumbes 2;17;563995.0;9607292;310;2948.0;0.2948;1474;Urbano;Público;NO ACTIVO;No;No;No;No;No;No;No;Recuperación;2022;Resolución N.° 00018-2022-OEFA/DSIS
39796;7584838-anexo-ii-5.xlsx;1360;240101;Tumbes;Tumbes;Tumbes;Por determinar;Por Determinar;UF0018817;Tumbes 3;17;562796.0;9602307;382;1243.0;0.1243;1243;Rural;Público;ACTIVO;No;No;No;No;No;No;No;Recuperación;2022;Resolución N.° 00018-2022-OEFA/DSIS
39797;7584838-anexo-ii-5.xlsx;1361;240301;Tumbes;Zarumilla;Zarumilla;Por determinar;Por Determinar;UF0018818;Zarumilla 1;17;579299.0;9611243;573;2291.0;0.2291;2291;Urbano;Privado;ACTIVO;Si;No;No;No;No;No;No;Recuperación;2022;Resolución N.° 00018-2022-OEFA/DSIS
39798;7584838-anexo-ii-5.xlsx;1362;240301;Tumbes;Zarumilla;Zarumilla;Por determinar;Por Determinar;UF0018819;Zarumilla 2;17;579357.0;9611162;539;377.0;0.0377;377;Urbano;Público;NO ACTIVO;No;No;No;No;No;No;No;Recuperación;2022;Resolución N.° 00018-2022-OEFA/DSIS
39799;7584838-anexo-ii-5.xlsx;1363;240301;Tumbes;Zarumilla;Zarumilla;Por determinar;Por Determinar;UF0018820;Zarumilla 3;17;579364.0;9611187;183;276.0;0.0276;276;Urbano;Público;NO ACTIVO;No;No;No;No;No;No;No;Recuperación;2022;Resolución N.° 00018-2022-OEFA/DSIS
39800;7584838-anexo-ii-5.xlsx;1364;240301;Tumbes;Zarumilla;Zarumilla;Por determinar;Por Determinar;UF0018821;Zarumilla 4;17;579436.0;9611422;959;1655.0;0.1655;1655;Urbano;Público;NO ACTIVO;No;No;No;No;No;No;No;Recuperación;2022;Resolución N.° 00018-2022-OEFA/DSIS
39801;7584838-anexo-ii-5.xlsx;1365;240301;Tumbes;Zarumilla;Zarumilla;Por determinar;Por Determinar;UF0018822;Zarumilla 5;17;579594.0;9611462;997;2055.0;0.2055;1027.5;Urbano;Público;NO ACTIVO;No;No;No;No;No;No;No;Recuperación;2022;Resolución N.° 00018-2022-OEFA/DSIS
39802;7584838-anexo-ii-5.xlsx;1366;250302;Ucayali;Padre Abad;Irazola;Por determinar;Por Determinar;UF0018697;Irazola 1;18;476566.0;9023908;48;155.0;0.0155;46.5;Urbano;Público;NO ACTIVO;No;No;No;No;No;No;No;Recuperación;2022;Resolución N.° 00018-2022-OEFA/DSIS
39803;7584838-anexo-ii-5.xlsx;1367;250302;Ucayali;Padre Abad;Irazola;Por determinar;Por Determinar;UF0018698;Irazola 2;18;476565.0;9023784;64.6;171.0;0.0171;51.3;Urbano;Público;NO ACTIVO;No;No;No;No;No;No;No;Recuperación;2022;Resolución N.° 00018-2022-OEFA/DSIS
